character,unicode,custom_code,original_code,glyph_slot,metric_donor_index,append_ordinal,logical_glyph_index,mapping_status,source
가,U+AC00,0xa040,0x8270,42,85,0,42,TESTED_BASE,build/central-runtime-cumulative-v15/font-config.json
각,U+AC01,0xa1c9,0x837e,192,85,1,192,TESTED_BASE,build/central-runtime-cumulative-v15/font-config.json
간,U+AC04,0xa041,0x90b0,345,85,2,345,TESTED_BASE,build/central-runtime-cumulative-v15/font-config.json
갈,U+AC08,0xa1ca,0x95e6,565,85,3,565,TESTED_BASE,build/central-runtime-cumulative-v15/font-config.json
감,U+AC10,0xa1cb,0x8bbe,643,85,4,643,TESTED_BASE,build/central-runtime-cumulative-v15/font-config.json
갑,U+AC11,0xa042,0x936f,648,85,5,648,TESTED_BASE,build/central-runtime-cumulative-v15/font-config.json
갔,U+AC14,0xa1cc,0x8ca2,717,85,6,717,TESTED_BASE,build/central-runtime-cumulative-v15/font-config.json
강,U+AC15,0xa043,0x93b7,732,85,7,732,TESTED_BASE,build/central-runtime-cumulative-v15/font-config.json
갖,U+AC16,0xa1cd,0x89e5,796,85,8,796,TESTED_BASE,build/central-runtime-cumulative-v15/font-config.json
같,U+AC19,0xa1ce,0x8352,149,85,9,149,TESTED_BASE,build/central-runtime-cumulative-v15/font-config.json
갚,U+AC1A,0xa1cf,0x88c4,860,85,10,860,TESTED_BASE,build/central-runtime-cumulative-v15/font-config.json
개,U+AC1C,0xa044,0x8989,887,85,11,887,TESTED_BASE,build/central-runtime-cumulative-v15/font-config.json
갬,U+AC2C,0xa1d0,0x8a6c,915,85,12,915,TESTED_BASE,build/central-runtime-cumulative-v15/font-config.json
갯,U+AC2F,0xa1d1,0x8b83,961,85,13,961,TESTED_BASE,build/central-runtime-cumulative-v15/font-config.json
거,U+AC70,0xa045,0x82b9,78,85,14,78,TESTED_BASE,build/central-runtime-cumulative-v15/font-config.json
걱,U+AC71,0xa1d2,0x8bab,974,85,15,974,TESTED_BASE,build/central-runtime-cumulative-v15/font-config.json
건,U+AC74,0xa046,0x82db,111,85,16,111,TESTED_BASE,build/central-runtime-cumulative-v15/font-config.json
걸,U+AC78,0xa1d3,0x835d,160,85,17,160,TESTED_BASE,build/central-runtime-cumulative-v15/font-config.json
검,U+AC80,0xa1d4,0x8cd6,1029,85,18,1029,TESTED_BASE,build/central-runtime-cumulative-v15/font-config.json
겁,U+AC81,0xa1d5,0x8ddb,1068,85,19,1068,TESTED_BASE,build/central-runtime-cumulative-v15/font-config.json
것,U+AC83,0xa1d6,0x8279,51,85,20,51,TESTED_BASE,build/central-runtime-cumulative-v15/font-config.json
게,U+AC8C,0xa047,0x82b3,72,85,21,72,TESTED_BASE,build/central-runtime-cumulative-v15/font-config.json
겠,U+ACA0,0xa1d7,0x82e0,116,85,22,116,TESTED_BASE,build/central-runtime-cumulative-v15/font-config.json
겨,U+ACA8,0xa048,0x90a1,1185,85,23,1185,TESTED_BASE,build/central-runtime-cumulative-v15/font-config.json
격,U+ACA9,0xa049,0x90aa,1187,85,24,1187,TESTED_BASE,build/central-runtime-cumulative-v15/font-config.json
견,U+ACAC,0xa1d8,0x90ae,1189,85,25,1189,TESTED_BASE,build/central-runtime-cumulative-v15/font-config.json
결,U+ACB0,0xa04a,0x90b5,1191,85,26,1191,TESTED_BASE,build/central-runtime-cumulative-v15/font-config.json
겹,U+ACB9,0xa1d9,0x90b7,1192,85,27,1192,TESTED_BASE,build/central-runtime-cumulative-v15/font-config.json
경,U+ACBD,0xa04b,0x9171,1216,85,28,1216,TESTED_BASE,build/central-runtime-cumulative-v15/font-config.json
계,U+ACC4,0xa04c,0x8356,153,85,29,153,TESTED_BASE,build/central-runtime-cumulative-v15/font-config.json
고,U+ACE0,0xa04d,0x8269,35,85,30,35,TESTED_BASE,build/central-runtime-cumulative-v15/font-config.json
곡,U+ACE1,0xa04e,0x9253,1247,85,31,1247,TESTED_BASE,build/central-runtime-cumulative-v15/font-config.json
곤,U+ACE4,0xa1da,0x9276,1258,85,32,1258,TESTED_BASE,build/central-runtime-cumulative-v15/font-config.json
골,U+ACE8,0xa1db,0x93fb,1319,85,33,1319,TESTED_BASE,build/central-runtime-cumulative-v15/font-config.json
곳,U+ACF3,0xa04f,0x9578,1374,85,34,1374,TESTED_BASE,build/central-runtime-cumulative-v15/font-config.json
공,U+ACF5,0xa050,0x96f3,1432,85,35,1432,TESTED_BASE,build/central-runtime-cumulative-v15/font-config.json
과,U+ACFC,0xa051,0x9774,1452,85,36,1452,TESTED_BASE,build/central-runtime-cumulative-v15/font-config.json
관,U+AD00,0xa052,0x97a2,1461,85,37,1461,TESTED_BASE,build/central-runtime-cumulative-v15/font-config.json
광,U+AD11,0xa053,0x96d3,1493,85,38,1493,TESTED_BASE,build/central-runtime-cumulative-v15/font-config.json
괜,U+AD1C,0xa1dc,0x9571,1496,85,39,1496,TESTED_BASE,build/central-runtime-cumulative-v15/font-config.json
괴,U+AD34,0xa1dd,0x8df6,1513,85,40,1513,TESTED_BASE,build/central-runtime-cumulative-v15/font-config.json
교,U+AD50,0xa054,0x9652,1517,85,41,1517,TESTED_BASE,build/central-runtime-cumulative-v15/font-config.json
구,U+AD6C,0xa055,0x82e9,125,85,42,125,TESTED_BASE,build/central-runtime-cumulative-v15/font-config.json
국,U+AD6D,0xa1de,0x8e5e,1519,85,43,1519,TESTED_BASE,build/central-runtime-cumulative-v15/font-config.json
군,U+AD70,0xa056,0x838b,205,85,44,205,TESTED_BASE,build/central-runtime-cumulative-v15/font-config.json
굴,U+AD74,0xa1df,0x8953,1533,85,45,1533,TESTED_BASE,build/central-runtime-cumulative-v15/font-config.json
굽,U+AD7D,0xa1e0,0x8d59,1537,85,46,1537,TESTED_BASE,build/central-runtime-cumulative-v15/font-config.json
궁,U+AD81,0xa1e1,0x9043,1538,85,47,1538,TESTED_BASE,build/central-runtime-cumulative-v15/font-config.json
권,U+AD8C,0xa057,0x96b5,1539,85,48,1539,TESTED_BASE,build/central-runtime-cumulative-v15/font-config.json
궤,U+ADA4,0xa1e2,0x9168,1541,85,49,1541,TESTED_BASE,build/central-runtime-cumulative-v15/font-config.json
귀,U+ADC0,0xa058,0x95e5,1542,85,50,1542,TESTED_BASE,build/central-runtime-cumulative-v15/font-config.json
규,U+ADDC,0xa1e3,0x95e7,1544,85,51,1544,TESTED_BASE,build/central-runtime-cumulative-v15/font-config.json
그,U+ADF8,0xa059,0x82ae,67,85,52,67,TESTED_BASE,build/central-runtime-cumulative-v15/font-config.json
극,U+ADF9,0xa1e4,0x9257,1553,85,53,1553,TESTED_BASE,build/central-runtime-cumulative-v15/font-config.json
근,U+ADFC,0xa1e5,0x96d7,1557,85,54,1557,TESTED_BASE,build/central-runtime-cumulative-v15/font-config.json
글,U+AE00,0xa1e6,0x88a5,1558,85,55,1558,TESTED_BASE,build/central-runtime-cumulative-v15/font-config.json
금,U+AE08,0xa05a,0x8365,167,85,56,167,TESTED_BASE,build/central-runtime-cumulative-v15/font-config.json
급,U+AE09,0xa1e7,0x9354,1569,85,57,1569,TESTED_BASE,build/central-runtime-cumulative-v15/font-config.json
기,U+AE30,0xa05b,0x82b8,77,85,58,77,TESTED_BASE,build/central-runtime-cumulative-v15/font-config.json
긴,U+AE34,0xa1e8,0x927a,1571,85,59,1571,TESTED_BASE,build/central-runtime-cumulative-v15/font-config.json
길,U+AE38,0xa1e9,0x88d5,1580,85,60,1580,TESTED_BASE,build/central-runtime-cumulative-v15/font-config.json
깁,U+AE41,0xa1ea,0xe5e1,1586,85,61,1586,TESTED_BASE,build/central-runtime-cumulative-v15/font-config.json
깃,U+AE43,0xa1eb,0x8aa0,1587,85,62,1587,TESTED_BASE,build/central-runtime-cumulative-v15/font-config.json
깅,U+AE45,0xa1ec,0x97f7,1592,85,63,1592,TESTED_BASE,build/central-runtime-cumulative-v15/font-config.json
까,U+AE4C,0xa05c,0x82cb,95,85,64,95,TESTED_BASE,build/central-runtime-cumulative-v15/font-config.json
깎,U+AE4E,0xa1ed,0xe6d2,1596,85,65,1596,TESTED_BASE,build/central-runtime-cumulative-v15/font-config.json
깐,U+AE50,0xa1ee,0x89d5,1598,85,66,1598,TESTED_BASE,build/central-runtime-cumulative-v15/font-config.json
깜,U+AE5C,0xa1ef,0x8ad1,1607,85,67,1607,TESTED_BASE,build/central-runtime-cumulative-v15/font-config.json
깨,U+AE68,0xa1f0,0x8ad5,1611,85,68,1611,TESTED_BASE,build/central-runtime-cumulative-v15/font-config.json
꺼,U+AEBC,0xa1f1,0x8bb7,1614,85,69,1614,TESTED_BASE,build/central-runtime-cumulative-v15/font-config.json
껍,U+AECD,0xa1f2,0x8c9c,1615,85,70,1615,TESTED_BASE,build/central-runtime-cumulative-v15/font-config.json
껏,U+AECF,0xa1f3,0x9ad0,1617,85,71,1617,TESTED_BASE,build/central-runtime-cumulative-v15/font-config.json
께,U+AED8,0xa05d,0x8bc2,1618,85,72,1618,TESTED_BASE,build/central-runtime-cumulative-v15/font-config.json
꼬,U+AF2C,0xa1f4,0x8caa,1622,85,73,1622,TESTED_BASE,build/central-runtime-cumulative-v15/font-config.json
꼭,U+AF2D,0xa1f5,0x9741,1624,85,74,1624,TESTED_BASE,build/central-runtime-cumulative-v15/font-config.json
꼴,U+AF34,0xa05e,0x8af0,1628,85,75,1628,TESTED_BASE,build/central-runtime-cumulative-v15/font-config.json
꽃,U+AF43,0xa1f6,0x9665,1630,85,76,1630,TESTED_BASE,build/central-runtime-cumulative-v15/font-config.json
꽤,U+AF64,0xa1f7,0x9666,1631,85,77,1631,TESTED_BASE,build/central-runtime-cumulative-v15/font-config.json
꾸,U+AFB8,0xa1f8,0x966c,1637,85,78,1637,TESTED_BASE,build/central-runtime-cumulative-v15/font-config.json
꾼,U+AFBC,0xa1f9,0x8af9,1638,85,79,1638,TESTED_BASE,build/central-runtime-cumulative-v15/font-config.json
꿈,U+AFC8,0xa1fa,0x8afc,1642,85,80,1642,TESTED_BASE,build/central-runtime-cumulative-v15/font-config.json
꿰,U+AFF0,0xa1fb,0x8d9b,1643,85,81,1643,TESTED_BASE,build/central-runtime-cumulative-v15/font-config.json
끄,U+B044,0xa05f,0x8e82,1644,85,82,1644,TESTED_BASE,build/central-runtime-cumulative-v15/font-config.json
끈,U+B048,0xa1fc,0x967d,1648,85,83,1648,TESTED_BASE,build/central-runtime-cumulative-v15/font-config.json
끊,U+B04A,0xa240,0x8ccb,1650,85,84,1650,TESTED_BASE,build/central-runtime-cumulative-v15/font-config.json
끌,U+B04C,0xa241,0x8bee,1652,85,85,1652,TESTED_BASE,build/central-runtime-cumulative-v15/font-config.json
끗,U+B057,0xa242,0x8bf0,1654,85,86,1654,TESTED_BASE,build/central-runtime-cumulative-v15/font-config.json
끝,U+B05D,0xa060,0x8dc3,1662,85,87,1662,TESTED_BASE,build/central-runtime-cumulative-v15/font-config.json
끼,U+B07C,0xa061,0x8f84,1664,85,88,1664,TESTED_BASE,build/central-runtime-cumulative-v15/font-config.json
나,U+B098,0xa062,0x8276,48,85,89,48,TESTED_BASE,build/central-runtime-cumulative-v15/font-config.json
낙,U+B099,0xa243,0x8cf3,1674,85,90,1674,TESTED_BASE,build/central-runtime-cumulative-v15/font-config.json
난,U+B09C,0xa244,0x836f,177,85,91,177,TESTED_BASE,build/central-runtime-cumulative-v15/font-config.json
날,U+B0A0,0xa063,0x834c,143,85,92,143,TESTED_BASE,build/central-runtime-cumulative-v15/font-config.json
남,U+B0A8,0xa245,0x8ecd,1685,85,93,1685,TESTED_BASE,build/central-runtime-cumulative-v15/font-config.json
납,U+B0A9,0xa064,0x9092,1691,85,94,1691,TESTED_BASE,build/central-runtime-cumulative-v15/font-config.json
났,U+B0AC,0xa065,0x9a4b,1694,85,95,1694,TESTED_BASE,build/central-runtime-cumulative-v15/font-config.json
내,U+B0B4,0xa066,0x82e5,121,85,96,121,TESTED_BASE,build/central-runtime-cumulative-v15/font-config.json
낸,U+B0B8,0xa246,0x8fdc,1709,85,97,1709,TESTED_BASE,build/central-runtime-cumulative-v15/font-config.json
낼,U+B0BC,0xa067,0x9a71,1710,85,98,1710,TESTED_BASE,build/central-runtime-cumulative-v15/font-config.json
냄,U+B0C4,0xa247,0x90bd,1711,85,99,1711,TESTED_BASE,build/central-runtime-cumulative-v15/font-config.json
냉,U+B0C9,0xa248,0x90c7,1715,85,100,1715,TESTED_BASE,build/central-runtime-cumulative-v15/font-config.json
냐,U+B0D0,0xa249,0x8c58,1719,85,101,1719,TESTED_BASE,build/central-runtime-cumulative-v15/font-config.json
냥,U+B0E5,0xa24a,0x8ff7,1720,85,102,1720,TESTED_BASE,build/central-runtime-cumulative-v15/font-config.json
너,U+B108,0xa068,0x8371,179,85,103,179,TESTED_BASE,build/central-runtime-cumulative-v15/font-config.json
넓,U+B113,0xa24b,0x91b7,1722,85,104,1722,TESTED_BASE,build/central-runtime-cumulative-v15/font-config.json
넘,U+B118,0xa069,0x929b,1724,85,105,1724,TESTED_BASE,build/central-runtime-cumulative-v15/font-config.json
넣,U+B123,0xa06a,0x93fc,272,85,106,272,TESTED_BASE,build/central-runtime-cumulative-v15/font-config.json
네,U+B124,0xa24c,0x82d0,100,85,107,100,TESTED_BASE,build/central-runtime-cumulative-v15/font-config.json
넬,U+B12C,0xa24d,0x8d49,1731,85,108,1731,TESTED_BASE,build/central-runtime-cumulative-v15/font-config.json
녀,U+B140,0xa24e,0x837c,190,85,109,190,TESTED_BASE,build/central-runtime-cumulative-v15/font-config.json
년,U+B144,0xa24f,0x91ca,1733,85,110,1733,TESTED_BASE,build/central-runtime-cumulative-v15/font-config.json
녕,U+B155,0xa250,0x8d51,1734,85,111,1734,TESTED_BASE,build/central-runtime-cumulative-v15/font-config.json
노,U+B178,0xa06b,0xe978,1736,85,112,1736,TESTED_BASE,build/central-runtime-cumulative-v15/font-config.json
녹,U+B179,0xa251,0x90f3,1737,85,113,1737,TESTED_BASE,build/central-runtime-cumulative-v15/font-config.json
논,U+B17C,0xa252,0x8c7c,1738,85,114,1738,TESTED_BASE,build/central-runtime-cumulative-v15/font-config.json
놀,U+B180,0xa253,0x91d7,1739,85,115,1739,TESTED_BASE,build/central-runtime-cumulative-v15/font-config.json
농,U+B18D,0xa254,0x92c0,1743,85,116,1743,TESTED_BASE,build/central-runtime-cumulative-v15/font-config.json
높,U+B192,0xa06c,0x91f3,1755,85,117,1755,TESTED_BASE,build/central-runtime-cumulative-v15/font-config.json
놓,U+B193,0xa255,0x91f5,1757,85,118,1757,TESTED_BASE,build/central-runtime-cumulative-v15/font-config.json
놔,U+B194,0xa256,0x92dc,1759,85,119,1759,TESTED_BASE,build/central-runtime-cumulative-v15/font-config.json
뇌,U+B1CC,0xa06d,0x8f40,1761,85,120,1761,TESTED_BASE,build/central-runtime-cumulative-v15/font-config.json
누,U+B204,0xa06e,0x94ab,1767,85,121,1767,TESTED_BASE,build/central-runtime-cumulative-v15/font-config.json
눈,U+B208,0xa257,0x958a,1768,85,122,1768,TESTED_BASE,build/central-runtime-cumulative-v15/font-config.json
눌,U+B20C,0xa06f,0x94b1,1771,85,123,1771,TESTED_BASE,build/central-runtime-cumulative-v15/font-config.json
뉩,U+B269,0xa070,0x92f7,1773,85,124,1773,TESTED_BASE,build/central-runtime-cumulative-v15/font-config.json
뉴,U+B274,0xa071,0x8f60,1778,85,125,1778,TESTED_BASE,build/central-runtime-cumulative-v15/font-config.json
느,U+B290,0xa258,0x93dc,1779,85,126,1779,TESTED_BASE,build/central-runtime-cumulative-v15/font-config.json
늑,U+B291,0xa259,0x93de,1782,85,127,1782,TESTED_BASE,build/central-runtime-cumulative-v15/font-config.json
는,U+B294,0xa072,0x82be,83,85,128,83,TESTED_BASE,build/central-runtime-cumulative-v15/font-config.json
늘,U+B298,0xa073,0x835f,162,85,129,162,TESTED_BASE,build/central-runtime-cumulative-v15/font-config.json
능,U+B2A5,0xa074,0x94dc,1795,85,130,1795,TESTED_BASE,build/central-runtime-cumulative-v15/font-config.json
니,U+B2C8,0xa075,0x82a6,59,85,131,59,TESTED_BASE,build/central-runtime-cumulative-v15/font-config.json
닉,U+B2C9,0xa25a,0x9147,1801,85,132,1801,TESTED_BASE,build/central-runtime-cumulative-v15/font-config.json
닌,U+B2CC,0xa25b,0x8cb7,1807,85,133,1807,TESTED_BASE,build/central-runtime-cumulative-v15/font-config.json
님,U+B2D8,0xa25c,0x8354,151,85,134,151,TESTED_BASE,build/central-runtime-cumulative-v15/font-config.json
닛,U+B2DB,0xa25d,0x97da,1815,85,135,1815,TESTED_BASE,build/central-runtime-cumulative-v15/font-config.json
닝,U+B2DD,0xa25e,0x9161,1818,85,136,1818,TESTED_BASE,build/central-runtime-cumulative-v15/font-config.json
다,U+B2E4,0xa076,0x82bd,82,85,137,82,TESTED_BASE,build/central-runtime-cumulative-v15/font-config.json
닦,U+B2E6,0xa25f,0x8a95,1827,85,138,1827,TESTED_BASE,build/central-runtime-cumulative-v15/font-config.json
단,U+B2E8,0xa077,0x9650,1831,85,139,1831,TESTED_BASE,build/central-runtime-cumulative-v15/font-config.json
달,U+B2EC,0xa078,0x9852,1833,85,140,1833,TESTED_BASE,build/central-runtime-cumulative-v15/font-config.json
담,U+B2F4,0xa260,0x8c61,1834,85,141,1834,TESTED_BASE,build/central-runtime-cumulative-v15/font-config.json
답,U+B2F5,0xa261,0x909d,1835,85,142,1835,TESTED_BASE,build/central-runtime-cumulative-v15/font-config.json
당,U+B2F9,0xa079,0x99f9,1838,85,143,1838,TESTED_BASE,build/central-runtime-cumulative-v15/font-config.json
닿,U+B2FF,0xa262,0x91c2,1840,85,144,1840,TESTED_BASE,build/central-runtime-cumulative-v15/font-config.json
대,U+B300,0xa07a,0x82d9,109,85,145,109,TESTED_BASE,build/central-runtime-cumulative-v15/font-config.json
댄,U+B304,0xa263,0x8ee9,1845,85,146,1845,TESTED_BASE,build/central-runtime-cumulative-v15/font-config.json
더,U+B354,0xa07b,0x837b,189,85,147,189,TESTED_BASE,build/central-runtime-cumulative-v15/font-config.json
던,U+B358,0xa264,0x9e9e,1847,85,148,1847,TESTED_BASE,build/central-runtime-cumulative-v15/font-config.json
덜,U+B35C,0xa265,0x8bc3,1849,85,149,1849,TESTED_BASE,build/central-runtime-cumulative-v15/font-config.json
덩,U+B369,0xa266,0x8af2,1850,85,150,1850,TESTED_BASE,build/central-runtime-cumulative-v15/font-config.json
덮,U+B36E,0xa07c,0x94a7,1852,85,151,1852,TESTED_BASE,build/central-runtime-cumulative-v15/font-config.json
데,U+B370,0xa07d,0x82e2,118,85,152,118,TESTED_BASE,build/central-runtime-cumulative-v15/font-config.json
덴,U+B374,0xa267,0x89db,1854,85,153,1854,TESTED_BASE,build/central-runtime-cumulative-v15/font-config.json
도,U+B3C4,0xa07e,0x8274,46,85,154,46,TESTED_BASE,build/central-runtime-cumulative-v15/font-config.json
독,U+B3C5,0xa080,0x9c6a,1856,85,155,1856,TESTED_BASE,build/central-runtime-cumulative-v15/font-config.json
돈,U+B3C8,0xa268,0x8ebc,1857,85,156,1857,TESTED_BASE,build/central-runtime-cumulative-v15/font-config.json
돋,U+B3CB,0xa269,0x9c70,1859,85,157,1859,TESTED_BASE,build/central-runtime-cumulative-v15/font-config.json
돌,U+B3CC,0xa081,0x8386,199,85,158,199,TESTED_BASE,build/central-runtime-cumulative-v15/font-config.json
동,U+B3D9,0xa082,0x8d69,1863,85,159,1863,TESTED_BASE,build/central-runtime-cumulative-v15/font-config.json
돼,U+B3FC,0xa26a,0x9249,1865,85,160,1865,TESTED_BASE,build/central-runtime-cumulative-v15/font-config.json
됐,U+B410,0xa26b,0x91ec,1867,85,161,1867,TESTED_BASE,build/central-runtime-cumulative-v15/font-config.json
되,U+B418,0xa083,0x8380,193,85,162,193,TESTED_BASE,build/central-runtime-cumulative-v15/font-config.json
된,U+B41C,0xa26c,0x99ea,1870,85,163,1870,TESTED_BASE,build/central-runtime-cumulative-v15/font-config.json
될,U+B420,0xa26d,0x9490,1871,85,164,1871,TESTED_BASE,build/central-runtime-cumulative-v15/font-config.json
됨,U+B428,0xa084,0x8184,1873,85,165,1873,TESTED_BASE,build/central-runtime-cumulative-v15/font-config.json
됩,U+B429,0xa085,0x9570,1874,85,166,1874,TESTED_BASE,build/central-runtime-cumulative-v15/font-config.json
두,U+B450,0xa086,0x82d6,106,85,167,106,TESTED_BASE,build/central-runtime-cumulative-v15/font-config.json
둑,U+B451,0xa26e,0x92d7,1877,85,168,1877,TESTED_BASE,build/central-runtime-cumulative-v15/font-config.json
둔,U+B454,0xa26f,0x93b6,1878,85,169,1878,TESTED_BASE,build/central-runtime-cumulative-v15/font-config.json
둘,U+B458,0xa270,0x8fbc,1879,85,170,1879,TESTED_BASE,build/central-runtime-cumulative-v15/font-config.json
둠,U+B460,0xa271,0x92dd,1880,85,171,1880,TESTED_BASE,build/central-runtime-cumulative-v15/font-config.json
둬,U+B46C,0xa272,0x92de,1882,85,172,1882,TESTED_BASE,build/central-runtime-cumulative-v15/font-config.json
뒤,U+B4A4,0xa087,0x9661,1883,85,173,1883,TESTED_BASE,build/central-runtime-cumulative-v15/font-config.json
듀,U+B4C0,0xa273,0xe1c5,1887,85,174,1887,TESTED_BASE,build/central-runtime-cumulative-v15/font-config.json
드,U+B4DC,0xa088,0x8bde,1888,85,175,1888,TESTED_BASE,build/central-runtime-cumulative-v15/font-config.json
득,U+B4DD,0xa089,0x90c0,1890,85,176,1890,TESTED_BASE,build/central-runtime-cumulative-v15/font-config.json
든,U+B4E0,0xa274,0x836b,173,85,177,173,TESTED_BASE,build/central-runtime-cumulative-v15/font-config.json
듣,U+B4E3,0xa275,0x9440,1892,85,178,1892,TESTED_BASE,build/central-runtime-cumulative-v15/font-config.json
들,U+B4E4,0xa08a,0x82d1,101,85,179,101,TESTED_BASE,build/central-runtime-cumulative-v15/font-config.json
듭,U+B4ED,0xa08b,0x9cc9,1901,85,180,1901,TESTED_BASE,build/central-runtime-cumulative-v15/font-config.json
듯,U+B4EF,0xa276,0x97f2,1903,85,181,1903,TESTED_BASE,build/central-runtime-cumulative-v15/font-config.json
디,U+B514,0xa08c,0x8375,183,85,182,183,TESTED_BASE,build/central-runtime-cumulative-v15/font-config.json
딘,U+B518,0xa277,0x9062,1910,85,183,1910,TESTED_BASE,build/central-runtime-cumulative-v15/font-config.json
딜,U+B51C,0xa278,0x9063,1911,85,184,1911,TESTED_BASE,build/central-runtime-cumulative-v15/font-config.json
딪,U+B52A,0xa279,0x94e3,1913,85,185,1913,TESTED_BASE,build/central-runtime-cumulative-v15/font-config.json
따,U+B530,0xa08d,0x9867,1918,85,186,1918,TESTED_BASE,build/central-runtime-cumulative-v15/font-config.json
딱,U+B531,0xa27a,0x946b,1919,85,187,1919,TESTED_BASE,build/central-runtime-cumulative-v15/font-config.json
땀,U+B540,0xa27b,0x9098,1925,85,188,1925,TESTED_BASE,build/central-runtime-cumulative-v15/font-config.json
땅,U+B545,0xa08e,0x95c5,1926,85,189,1926,TESTED_BASE,build/central-runtime-cumulative-v15/font-config.json
때,U+B54C,0xa08f,0x8362,164,85,190,164,TESTED_BASE,build/central-runtime-cumulative-v15/font-config.json
떠,U+B5A0,0xa090,0x93ba,1930,85,191,1930,TESTED_BASE,build/central-runtime-cumulative-v15/font-config.json
떤,U+B5A4,0xa27c,0x9678,1931,85,192,1931,TESTED_BASE,build/central-runtime-cumulative-v15/font-config.json
떨,U+B5A8,0xa27d,0x908a,1933,85,193,1933,TESTED_BASE,build/central-runtime-cumulative-v15/font-config.json
떻,U+B5BB,0xa27e,0x9a4c,1935,85,194,1935,TESTED_BASE,build/central-runtime-cumulative-v15/font-config.json
또,U+B610,0xa091,0x8b93,1941,85,195,1941,TESTED_BASE,build/central-runtime-cumulative-v15/font-config.json
뚫,U+B6AB,0xa280,0x9842,1942,85,196,1942,TESTED_BASE,build/central-runtime-cumulative-v15/font-config.json
뛰,U+B6F0,0xa092,0x8959,1946,85,197,1946,TESTED_BASE,build/central-runtime-cumulative-v15/font-config.json
뛴,U+B6F4,0xa281,0x9271,1947,85,198,1947,TESTED_BASE,build/central-runtime-cumulative-v15/font-config.json
뛸,U+B6F8,0xa093,0x8d57,1948,85,199,1948,TESTED_BASE,build/central-runtime-cumulative-v15/font-config.json
뜁,U+B701,0xa094,0x94f3,1950,85,200,1950,TESTED_BASE,build/central-runtime-cumulative-v15/font-config.json
뜨,U+B728,0xa282,0x93d6,1951,85,201,1951,TESTED_BASE,build/central-runtime-cumulative-v15/font-config.json
뜩,U+B729,0xa283,0x96f6,1956,85,202,1956,TESTED_BASE,build/central-runtime-cumulative-v15/font-config.json
뜬,U+B72C,0xa284,0x8d5f,1957,85,203,1957,TESTED_BASE,build/central-runtime-cumulative-v15/font-config.json
뜯,U+B72F,0xa285,0x8d61,1958,85,204,1958,TESTED_BASE,build/central-runtime-cumulative-v15/font-config.json
띤,U+B764,0xa286,0x88c9,1960,85,205,1960,TESTED_BASE,build/central-runtime-cumulative-v15/font-config.json
라,U+B77C,0xa095,0x82b1,70,85,206,70,TESTED_BASE,build/central-runtime-cumulative-v15/font-config.json
락,U+B77D,0xa096,0x8c46,1962,85,207,1962,TESTED_BASE,build/central-runtime-cumulative-v15/font-config.json
란,U+B780,0xa097,0x9082,1963,85,208,1963,TESTED_BASE,build/central-runtime-cumulative-v15/font-config.json
랄,U+B784,0xa287,0x8ba7,1964,85,209,1964,TESTED_BASE,build/central-runtime-cumulative-v15/font-config.json
람,U+B78C,0xa098,0x835b,158,85,210,158,TESTED_BASE,build/central-runtime-cumulative-v15/font-config.json
랍,U+B78D,0xa288,0x9162,1966,85,211,1966,TESTED_BASE,build/central-runtime-cumulative-v15/font-config.json
랑,U+B791,0xa289,0x89ea,1967,85,212,1967,TESTED_BASE,build/central-runtime-cumulative-v15/font-config.json
래,U+B798,0xa099,0x82da,110,85,213,110,TESTED_BASE,build/central-runtime-cumulative-v15/font-config.json
랜,U+B79C,0xa28a,0x93a1,1970,85,214,1970,TESTED_BASE,build/central-runtime-cumulative-v15/font-config.json
량,U+B7C9,0xa09a,0x8c49,1971,85,215,1971,TESTED_BASE,build/central-runtime-cumulative-v15/font-config.json
러,U+B7EC,0xa09b,0x8343,134,85,216,134,TESTED_BASE,build/central-runtime-cumulative-v15/font-config.json
럭,U+B7ED,0xa28b,0x8de8,1973,85,217,1973,TESTED_BASE,build/central-runtime-cumulative-v15/font-config.json
런,U+B7F0,0xa09c,0x8344,135,85,218,135,TESTED_BASE,build/central-runtime-cumulative-v15/font-config.json
럴,U+B7F4,0xa28c,0x8bb1,1976,85,219,1976,TESTED_BASE,build/central-runtime-cumulative-v15/font-config.json
럼,U+B7FC,0xa09d,0x838c,206,85,220,206,TESTED_BASE,build/central-runtime-cumulative-v15/font-config.json
럽,U+B7FD,0xa28d,0x97e6,1978,85,221,1978,TESTED_BASE,build/central-runtime-cumulative-v15/font-config.json
렁,U+B801,0xa28e,0x89b5,1980,85,222,1980,TESTED_BASE,build/central-runtime-cumulative-v15/font-config.json
렇,U+B807,0xa28f,0x82ed,128,85,223,128,TESTED_BASE,build/central-runtime-cumulative-v15/font-config.json
레,U+B808,0xa09e,0x8f73,1982,85,224,1982,TESTED_BASE,build/central-runtime-cumulative-v15/font-config.json
렌,U+B80C,0xa290,0x964d,1983,85,225,1983,TESTED_BASE,build/central-runtime-cumulative-v15/font-config.json
렘,U+B818,0xa291,0x984e,1984,85,226,1984,TESTED_BASE,build/central-runtime-cumulative-v15/font-config.json
렛,U+B81B,0xa292,0x8c9b,1985,85,227,1985,TESTED_BASE,build/central-runtime-cumulative-v15/font-config.json
려,U+B824,0xa09f,0x8348,139,85,228,139,TESTED_BASE,build/central-runtime-cumulative-v15/font-config.json
력,U+B825,0xa0a0,0x89c0,1987,85,229,1987,TESTED_BASE,build/central-runtime-cumulative-v15/font-config.json
련,U+B828,0xa0a1,0x9099,1988,85,230,1988,TESTED_BASE,build/central-runtime-cumulative-v15/font-config.json
렬,U+B82C,0xa293,0x97b2,1989,85,231,1989,TESTED_BASE,build/central-runtime-cumulative-v15/font-config.json
렸,U+B838,0xa294,0x9456,1991,85,232,1991,TESTED_BASE,build/central-runtime-cumulative-v15/font-config.json
령,U+B839,0xa0a2,0x89c3,1992,85,233,1992,TESTED_BASE,build/central-runtime-cumulative-v15/font-config.json
례,U+B840,0xa0a3,0x8ce1,1993,85,234,1993,TESTED_BASE,build/central-runtime-cumulative-v15/font-config.json
로,U+B85C,0xa0a4,0x82c5,89,85,235,89,TESTED_BASE,build/central-runtime-cumulative-v15/font-config.json
록,U+B85D,0xa0a5,0x97ba,1997,85,236,1997,TESTED_BASE,build/central-runtime-cumulative-v15/font-config.json
론,U+B860,0xa295,0x8dc6,1998,85,237,1998,TESTED_BASE,build/central-runtime-cumulative-v15/font-config.json
롭,U+B86D,0xa296,0x8d47,1999,85,238,1999,TESTED_BASE,build/central-runtime-cumulative-v15/font-config.json
롯,U+B86F,0xa0a6,0x88ed,2000,85,239,2000,TESTED_BASE,build/central-runtime-cumulative-v15/font-config.json
뢰,U+B8B0,0xa297,0xe056,2002,85,240,2002,TESTED_BASE,build/central-runtime-cumulative-v15/font-config.json
료,U+B8CC,0xa0a7,0x8fcb,2004,85,241,2004,TESTED_BASE,build/central-runtime-cumulative-v15/font-config.json
룡,U+B8E1,0xa0a8,0x9aa0,2005,85,242,2005,TESTED_BASE,build/central-runtime-cumulative-v15/font-config.json
루,U+B8E8,0xa0a9,0x8ab0,2006,85,243,2006,TESTED_BASE,build/central-runtime-cumulative-v15/font-config.json
룬,U+B8EC,0xa298,0x9546,2008,85,244,2008,TESTED_BASE,build/central-runtime-cumulative-v15/font-config.json
룰,U+B8F0,0xa299,0xe3f9,2009,85,245,2009,TESTED_BASE,build/central-runtime-cumulative-v15/font-config.json
뤘,U+B918,0xa29a,0x8d4f,2010,85,246,2010,TESTED_BASE,build/central-runtime-cumulative-v15/font-config.json
류,U+B958,0xa0aa,0x96e7,2012,85,247,2012,TESTED_BASE,build/central-runtime-cumulative-v15/font-config.json
륙,U+B959,0xa0ab,0x9cd4,2013,85,248,2013,TESTED_BASE,build/central-runtime-cumulative-v15/font-config.json
르,U+B974,0xa0ac,0x8366,168,85,249,168,TESTED_BASE,build/central-runtime-cumulative-v15/font-config.json
른,U+B978,0xa0ad,0x96cf,2015,85,250,2015,TESTED_BASE,build/central-runtime-cumulative-v15/font-config.json
를,U+B97C,0xa0ae,0x82d3,103,85,251,103,TESTED_BASE,build/central-runtime-cumulative-v15/font-config.json
름,U+B984,0xa29b,0x8fc2,2018,85,252,2018,TESTED_BASE,build/central-runtime-cumulative-v15/font-config.json
릅,U+B985,0xa0af,0x8cba,2019,85,253,2019,TESTED_BASE,build/central-runtime-cumulative-v15/font-config.json
리,U+B9AC,0xa0b0,0x82b5,74,85,254,74,TESTED_BASE,build/central-runtime-cumulative-v15/font-config.json
릭,U+B9AD,0xa0b1,0x9243,2021,85,255,2021,TESTED_BASE,build/central-runtime-cumulative-v15/font-config.json
린,U+B9B0,0xa29c,0x90d1,2022,85,256,2022,TESTED_BASE,build/central-runtime-cumulative-v15/font-config.json
릴,U+B9B4,0xa0b2,0x8fd1,2023,85,257,2023,TESTED_BASE,build/central-runtime-cumulative-v15/font-config.json
림,U+B9BC,0xa29d,0x914b,2024,85,258,2024,TESTED_BASE,build/central-runtime-cumulative-v15/font-config.json
릿,U+B9BF,0xa29e,0xe0a6,2027,85,259,2027,TESTED_BASE,build/central-runtime-cumulative-v15/font-config.json
링,U+B9C1,0xa29f,0x97a6,2029,85,260,2029,TESTED_BASE,build/central-runtime-cumulative-v15/font-config.json
마,U+B9C8,0xa0b3,0x82a7,60,85,261,60,TESTED_BASE,build/central-runtime-cumulative-v15/font-config.json
막,U+B9C9,0xa2a0,0x89f4,2032,85,262,2032,TESTED_BASE,build/central-runtime-cumulative-v15/font-config.json
만,U+B9CC,0xa0b4,0x82a0,53,85,263,53,TESTED_BASE,build/central-runtime-cumulative-v15/font-config.json
많,U+B9CE,0xa2a1,0x9277,2035,85,264,2035,TESTED_BASE,build/central-runtime-cumulative-v15/font-config.json
말,U+B9D0,0xa0b5,0x82c3,87,85,265,87,TESTED_BASE,build/central-runtime-cumulative-v15/font-config.json
맑,U+B9D1,0xa2a2,0x957b,2037,85,266,2037,TESTED_BASE,build/central-runtime-cumulative-v15/font-config.json
맘,U+B9D8,0xa2a3,0x8d7c,2038,85,267,2038,TESTED_BASE,build/central-runtime-cumulative-v15/font-config.json
맛,U+B9DB,0xa2a4,0x8cd5,2041,85,268,2041,TESTED_BASE,build/central-runtime-cumulative-v15/font-config.json
망,U+B9DD,0xa2a5,0x8d7c,2042,85,269,2042,TESTED_BASE,build/central-runtime-cumulative-v15/font-config.json
맞,U+B9DE,0xa0b6,0x9465,2043,85,270,2043,TESTED_BASE,build/central-runtime-cumulative-v15/font-config.json
맡,U+B9E1,0xa2a6,0x8fc9,2044,85,271,2044,TESTED_BASE,build/central-runtime-cumulative-v15/font-config.json
매,U+B9E4,0xa0b7,0x9d43,2048,85,272,2048,TESTED_BASE,build/central-runtime-cumulative-v15/font-config.json
맥,U+B9E5,0xa2a7,0x89a2,2049,85,273,2049,TESTED_BASE,build/central-runtime-cumulative-v15/font-config.json
맵,U+B9F5,0xa0b8,0xe3a9,2053,85,274,2053,TESTED_BASE,build/central-runtime-cumulative-v15/font-config.json
맷,U+B9F7,0xa0b9,0xe666,2059,85,275,2059,TESTED_BASE,build/central-runtime-cumulative-v15/font-config.json
맹,U+B9F9,0xa2a8,0x8bf8,2061,85,276,2061,TESTED_BASE,build/central-runtime-cumulative-v15/font-config.json
맺,U+B9FA,0xa2a9,0xe54b,2062,85,277,2062,TESTED_BASE,build/central-runtime-cumulative-v15/font-config.json
머,U+BA38,0xa2aa,0x8adf,2064,85,278,2064,TESTED_BASE,build/central-runtime-cumulative-v15/font-config.json
먹,U+BA39,0xa2ab,0x8360,163,85,279,163,TESTED_BASE,build/central-runtime-cumulative-v15/font-config.json
먼,U+BA3C,0xa2ac,0x8a7d,2066,85,280,2066,TESTED_BASE,build/central-runtime-cumulative-v15/font-config.json
멀,U+BA40,0xa2ad,0xe08a,2067,85,281,2067,TESTED_BASE,build/central-runtime-cumulative-v15/font-config.json
멈,U+BA48,0xa2ae,0x8a9a,2068,85,282,2068,TESTED_BASE,build/central-runtime-cumulative-v15/font-config.json
멍,U+BA4D,0xa2af,0x944a,2069,85,283,2069,TESTED_BASE,build/central-runtime-cumulative-v15/font-config.json
메,U+BA54,0xa0ba,0x8c67,2071,85,284,2071,TESTED_BASE,build/central-runtime-cumulative-v15/font-config.json
멘,U+BA58,0xa0bb,0x8cd3,2074,85,285,2074,TESTED_BASE,build/central-runtime-cumulative-v15/font-config.json
멜,U+BA5C,0xa0bc,0x9db1,2076,85,286,2076,TESTED_BASE,build/central-runtime-cumulative-v15/font-config.json
멧,U+BA67,0xa2b0,0x93a9,2077,85,287,2077,TESTED_BASE,build/central-runtime-cumulative-v15/font-config.json
며,U+BA70,0xa0bd,0x8c67,2078,85,288,2078,TESTED_BASE,build/central-runtime-cumulative-v15/font-config.json
면,U+BA74,0xa0be,0x82cc,96,85,289,96,TESTED_BASE,build/central-runtime-cumulative-v15/font-config.json
멸,U+BA78,0xa2b1,0xe446,2080,85,290,2080,TESTED_BASE,build/central-runtime-cumulative-v15/font-config.json
명,U+BA85,0xa0bf,0x8384,197,85,291,197,TESTED_BASE,build/central-runtime-cumulative-v15/font-config.json
몇,U+BA87,0xa2b2,0x92e5,2082,85,292,2082,TESTED_BASE,build/central-runtime-cumulative-v15/font-config.json
모,U+BAA8,0xa0c0,0x834f,146,85,293,146,TESTED_BASE,build/central-runtime-cumulative-v15/font-config.json
목,U+BAA9,0xa0c1,0x9385,2087,85,294,2087,TESTED_BASE,build/central-runtime-cumulative-v15/font-config.json
몫,U+BAAB,0xa2b3,0x97ee,2088,85,295,2088,TESTED_BASE,build/central-runtime-cumulative-v15/font-config.json
몬,U+BAAC,0xa2b4,0x8dca,2089,85,296,2089,TESTED_BASE,build/central-runtime-cumulative-v15/font-config.json
몰,U+BAB0,0xa2b5,0x9657,2091,85,297,2091,TESTED_BASE,build/central-runtime-cumulative-v15/font-config.json
몸,U+BAB8,0xa2b6,0x91a0,2092,85,298,2092,TESTED_BASE,build/central-runtime-cumulative-v15/font-config.json
못,U+BABB,0xa0c2,0x8e7d,2093,85,299,2093,TESTED_BASE,build/central-runtime-cumulative-v15/font-config.json
몽,U+BABD,0xa2b7,0x8c67,2094,85,300,2094,TESTED_BASE,build/central-runtime-cumulative-v15/font-config.json
묘,U+BB18,0xa2b8,0x898d,2095,85,301,2095,TESTED_BASE,build/central-runtime-cumulative-v15/font-config.json
무,U+BB34,0xa0c3,0x82e3,119,85,302,119,TESTED_BASE,build/central-runtime-cumulative-v15/font-config.json
문,U+BB38,0xa0c4,0x898b,2097,85,303,2097,TESTED_BASE,build/central-runtime-cumulative-v15/font-config.json
물,U+BB3C,0xa0c5,0x8393,202,85,304,202,TESTED_BASE,build/central-runtime-cumulative-v15/font-config.json
뭐,U+BB50,0xa2b9,0x82f1,130,85,305,130,TESTED_BASE,build/central-runtime-cumulative-v15/font-config.json
뭔,U+BB54,0xa2ba,0x81a0,2112,85,306,2112,TESTED_BASE,build/central-runtime-cumulative-v15/font-config.json
뭘,U+BB58,0xa2bb,0x81a2,2113,85,307,2113,TESTED_BASE,build/central-runtime-cumulative-v15/font-config.json
뮬,U+BBAC,0xa2bc,0x815c,2117,85,308,2117,TESTED_BASE,build/central-runtime-cumulative-v15/font-config.json
뮴,U+BBB4,0xa2bd,0x8d8b,2118,85,309,2118,TESTED_BASE,build/central-runtime-cumulative-v15/font-config.json
미,U+BBF8,0xa2be,0x82e8,124,85,310,124,TESTED_BASE,build/central-runtime-cumulative-v15/font-config.json
믹,U+BBF9,0xa2bf,0x8d8c,2122,85,311,2122,TESTED_BASE,build/central-runtime-cumulative-v15/font-config.json
민,U+BBFC,0xa2c0,0x8bb2,2143,85,312,2143,TESTED_BASE,build/central-runtime-cumulative-v15/font-config.json
믿,U+BBFF,0xa2c1,0x8bcf,2144,85,313,2144,TESTED_BASE,build/central-runtime-cumulative-v15/font-config.json
밀,U+BC00,0xa2c2,0x8c86,2145,85,314,2145,TESTED_BASE,build/central-runtime-cumulative-v15/font-config.json
밍,U+BC0D,0xa2c3,0x8cac,2146,85,315,2146,TESTED_BASE,build/central-runtime-cumulative-v15/font-config.json
바,U+BC14,0xa0c6,0x82eb,127,85,316,127,TESTED_BASE,build/central-runtime-cumulative-v15/font-config.json
박,U+BC15,0xa2c4,0x8ef9,2152,85,317,2152,TESTED_BASE,build/central-runtime-cumulative-v15/font-config.json
밖,U+BC16,0xa2c5,0x8a4f,444,85,318,444,TESTED_BASE,build/central-runtime-cumulative-v15/font-config.json
반,U+BC18,0xa0c7,0x8f48,2154,85,319,2154,TESTED_BASE,build/central-runtime-cumulative-v15/font-config.json
받,U+BC1B,0xa0c8,0x8f8d,2155,85,320,2155,TESTED_BASE,build/central-runtime-cumulative-v15/font-config.json
발,U+BC1C,0xa0c9,0x8f98,2156,85,321,2156,TESTED_BASE,build/central-runtime-cumulative-v15/font-config.json
밝,U+BC1D,0xa2c6,0x8fdf,2157,85,322,2157,TESTED_BASE,build/central-runtime-cumulative-v15/font-config.json
밤,U+BC24,0xa2c7,0x8ff9,2158,85,323,2158,TESTED_BASE,build/central-runtime-cumulative-v15/font-config.json
밥,U+BC25,0xa2c8,0x9165,2160,85,324,2160,TESTED_BASE,build/central-runtime-cumulative-v15/font-config.json
방,U+BC29,0xa0ca,0x9169,2161,85,325,2161,TESTED_BASE,build/central-runtime-cumulative-v15/font-config.json
배,U+BC30,0xa2c9,0x91ad,2162,85,326,2162,TESTED_BASE,build/central-runtime-cumulative-v15/font-config.json
백,U+BC31,0xa2ca,0x91f1,2163,85,327,2163,TESTED_BASE,build/central-runtime-cumulative-v15/font-config.json
버,U+BC84,0xa0cb,0x8350,147,85,328,147,TESTED_BASE,build/central-runtime-cumulative-v15/font-config.json
번,U+BC88,0xa0cc,0x92d0,2165,85,329,2165,TESTED_BASE,build/central-runtime-cumulative-v15/font-config.json
벌,U+BC8C,0xa2cb,0x939b,2166,85,330,2166,TESTED_BASE,build/central-runtime-cumulative-v15/font-config.json
범,U+BC94,0xa2cc,0x93d8,2167,85,331,2167,TESTED_BASE,build/central-runtime-cumulative-v15/font-config.json
법,U+BC95,0xa0cd,0x93e2,2168,85,332,2168,TESTED_BASE,build/central-runtime-cumulative-v15/font-config.json
베,U+BCA0,0xa0ce,0x9441,2169,85,333,2169,TESTED_BASE,build/central-runtime-cumulative-v15/font-config.json
벨,U+BCA8,0xa0cf,0x944c,2170,85,334,2170,TESTED_BASE,build/central-runtime-cumulative-v15/font-config.json
벼,U+BCBC,0xa2cd,0x9463,2171,85,335,2171,TESTED_BASE,build/central-runtime-cumulative-v15/font-config.json
변,U+BCC0,0xa0d0,0x94e1,2172,85,336,2172,TESTED_BASE,build/central-runtime-cumulative-v15/font-config.json
별,U+BCC4,0xa2ce,0x955b,2174,85,337,2174,TESTED_BASE,build/central-runtime-cumulative-v15/font-config.json
병,U+BCD1,0xa0d1,0x969f,2178,85,338,2178,TESTED_BASE,build/central-runtime-cumulative-v15/font-config.json
보,U+BCF4,0xa0d2,0x82d5,105,85,339,105,TESTED_BASE,build/central-runtime-cumulative-v15/font-config.json
복,U+BCF5,0xa0d3,0x836e,176,85,340,176,TESTED_BASE,build/central-runtime-cumulative-v15/font-config.json
본,U+BCF8,0xa2cf,0x936e,261,85,341,261,TESTED_BASE,build/central-runtime-cumulative-v15/font-config.json
볼,U+BCFC,0xa2d0,0x94ca,372,85,342,372,TESTED_BASE,build/central-runtime-cumulative-v15/font-config.json
봄,U+BD04,0xa2d1,0x957a,481,85,343,481,TESTED_BASE,build/central-runtime-cumulative-v15/font-config.json
봉,U+BD09,0xa0d4,0x88c0,510,85,344,510,TESTED_BASE,build/central-runtime-cumulative-v15/font-config.json
봐,U+BD10,0xa2d2,0x89ee,592,85,345,592,TESTED_BASE,build/central-runtime-cumulative-v15/font-config.json
봤,U+BD24,0xa2d3,0x8dbd,660,85,346,660,TESTED_BASE,build/central-runtime-cumulative-v15/font-config.json
부,U+BD80,0xa0d5,0x8341,132,85,347,132,TESTED_BASE,build/central-runtime-cumulative-v15/font-config.json
북,U+BD81,0xa0d6,0x978a,690,85,348,690,TESTED_BASE,build/central-runtime-cumulative-v15/font-config.json
분,U+BD84,0xa0d7,0x836d,175,85,349,175,TESTED_BASE,build/central-runtime-cumulative-v15/font-config.json
불,U+BD88,0xa0d8,0x906b,741,85,350,741,TESTED_BASE,build/central-runtime-cumulative-v15/font-config.json
붓,U+BD93,0xa2d4,0x9645,752,85,351,752,TESTED_BASE,build/central-runtime-cumulative-v15/font-config.json
붙,U+BD99,0xa2d5,0x88cb,862,85,352,862,TESTED_BASE,build/central-runtime-cumulative-v15/font-config.json
브,U+BE0C,0xa2d6,0x8a4b,911,85,353,911,TESTED_BASE,build/central-runtime-cumulative-v15/font-config.json
븐,U+BE10,0xa2d7,0x8a79,918,85,354,918,TESTED_BASE,build/central-runtime-cumulative-v15/font-config.json
블,U+BE14,0xa2d8,0x8aa6,921,85,355,921,TESTED_BASE,build/central-runtime-cumulative-v15/font-config.json
비,U+BE44,0xa0d9,0x82e4,120,85,356,120,TESTED_BASE,build/central-runtime-cumulative-v15/font-config.json
빈,U+BE48,0xa0da,0x8cb9,1021,85,357,1021,TESTED_BASE,build/central-runtime-cumulative-v15/font-config.json
빌,U+BE4C,0xa2d9,0x8cc8,1024,85,358,1024,TESTED_BASE,build/central-runtime-cumulative-v15/font-config.json
빙,U+BE59,0xa2da,0x8d86,1048,85,359,1048,TESTED_BASE,build/central-runtime-cumulative-v15/font-config.json
빛,U+BE5B,0xa0db,0x8d98,1051,85,360,1051,TESTED_BASE,build/central-runtime-cumulative-v15/font-config.json
빠,U+BE60,0xa0dc,0x905c,1176,85,361,1176,TESTED_BASE,build/central-runtime-cumulative-v15/font-config.json
빡,U+BE61,0xa2db,0x908b,1182,85,362,1182,TESTED_BASE,build/central-runtime-cumulative-v15/font-config.json
빼,U+BE7C,0xa0dd,0x90cf,1199,85,363,1199,TESTED_BASE,build/central-runtime-cumulative-v15/font-config.json
뻔,U+BED4,0xa2dc,0x90d3,1200,85,364,1200,TESTED_BASE,build/central-runtime-cumulative-v15/font-config.json
뼈,U+BF08,0xa2dd,0x9261,1250,85,365,1250,TESTED_BASE,build/central-runtime-cumulative-v15/font-config.json
뼛,U+BF1B,0xa2de,0x92ed,1283,85,366,1283,TESTED_BASE,build/central-runtime-cumulative-v15/font-config.json
뿌,U+BFCC,0xa2df,0x938c,1303,85,367,1303,TESTED_BASE,build/central-runtime-cumulative-v15/font-config.json
뿐,U+BFD0,0xa2e0,0x93ad,1313,85,368,1313,TESTED_BASE,build/central-runtime-cumulative-v15/font-config.json
뿜,U+BFDC,0xa2e1,0xe587,1342,85,369,1342,TESTED_BASE,build/central-runtime-cumulative-v15/font-config.json
쁘,U+C058,0xa2e2,0x95b2,1382,85,370,1382,TESTED_BASE,build/central-runtime-cumulative-v15/font-config.json
사,U+C0AC,0xa0de,0x82ca,94,85,371,94,TESTED_BASE,build/central-runtime-cumulative-v15/font-config.json
산,U+C0B0,0xa2e3,0x9676,1410,85,372,1410,TESTED_BASE,build/central-runtime-cumulative-v15/font-config.json
살,U+C0B4,0xa0df,0x8387,200,85,373,200,TESTED_BASE,build/central-runtime-cumulative-v15/font-config.json
삼,U+C0BC,0xa2e4,0x9792,1457,85,374,1457,TESTED_BASE,build/central-runtime-cumulative-v15/font-config.json
상,U+C0C1,0xa0e0,0x835a,157,85,375,157,TESTED_BASE,build/central-runtime-cumulative-v15/font-config.json
새,U+C0C8,0xa0e1,0x89b4,1488,85,376,1488,TESTED_BASE,build/central-runtime-cumulative-v15/font-config.json
색,U+C0C9,0xa2e5,0x95f2,1516,85,377,1516,TESTED_BASE,build/central-runtime-cumulative-v15/font-config.json
샘,U+C0D8,0xa2e6,0x8a6e,1526,85,378,1526,TESTED_BASE,build/central-runtime-cumulative-v15/font-config.json
생,U+C0DD,0xa0e2,0x8353,150,85,379,150,TESTED_BASE,build/central-runtime-cumulative-v15/font-config.json
샤,U+C0E4,0xa2e7,0x986c,1535,85,380,1535,TESTED_BASE,build/central-runtime-cumulative-v15/font-config.json
샨,U+C0E8,0xa2e8,0x96bb,1540,85,381,1540,TESTED_BASE,build/central-runtime-cumulative-v15/font-config.json
샷,U+C0F7,0xa2e9,0x899b,1566,85,382,1566,TESTED_BASE,build/central-runtime-cumulative-v15/font-config.json
서,U+C11C,0xa0e3,0x82b7,76,85,383,76,TESTED_BASE,build/central-runtime-cumulative-v15/font-config.json
석,U+C11D,0xa0e4,0x8381,194,85,384,194,TESTED_BASE,build/central-runtime-cumulative-v15/font-config.json
선,U+C120,0xa0e5,0x9549,1599,85,385,1599,TESTED_BASE,build/central-runtime-cumulative-v15/font-config.json
설,U+C124,0xa0e6,0x99f4,1620,85,386,1620,TESTED_BASE,build/central-runtime-cumulative-v15/font-config.json
섬,U+C12C,0xa0e7,0x8cad,1626,85,387,1626,TESTED_BASE,build/central-runtime-cumulative-v15/font-config.json
섯,U+C12F,0xa2ea,0x9742,1627,85,388,1627,TESTED_BASE,build/central-runtime-cumulative-v15/font-config.json
성,U+C131,0xa0e8,0x8374,182,85,389,182,TESTED_BASE,build/central-runtime-cumulative-v15/font-config.json
세,U+C138,0xa0e9,0x8364,166,85,390,166,TESTED_BASE,build/central-runtime-cumulative-v15/font-config.json
셀,U+C140,0xa2eb,0x9670,1641,85,391,1641,TESTED_BASE,build/central-runtime-cumulative-v15/font-config.json
셋,U+C14B,0xa2ec,0x8377,185,85,392,185,TESTED_BASE,build/central-runtime-cumulative-v15/font-config.json
셸,U+C178,0xa2ed,0x8eb6,1675,85,393,1675,TESTED_BASE,build/central-runtime-cumulative-v15/font-config.json
소,U+C18C,0xa0ea,0x8351,148,85,394,148,TESTED_BASE,build/central-runtime-cumulative-v15/font-config.json
속,U+C18D,0xa0eb,0x8a75,1705,85,395,1705,TESTED_BASE,build/central-runtime-cumulative-v15/font-config.json
손,U+C190,0xa0ec,0x8ee8,269,85,396,269,TESTED_BASE,build/central-runtime-cumulative-v15/font-config.json
솔,U+C194,0xa2ee,0x90cd,1717,85,397,1717,TESTED_BASE,build/central-runtime-cumulative-v15/font-config.json
솜,U+C19C,0xa2ef,0x8b79,1718,85,398,1718,TESTED_BASE,build/central-runtime-cumulative-v15/font-config.json
솟,U+C19F,0xa2f0,0x8d46,1730,85,399,1730,TESTED_BASE,build/central-runtime-cumulative-v15/font-config.json
쇄,U+C1C4,0xa2f1,0x91e9,1748,85,400,1748,TESTED_BASE,build/central-runtime-cumulative-v15/font-config.json
쇠,U+C1E0,0xa2f2,0x92cd,1751,85,401,1751,TESTED_BASE,build/central-runtime-cumulative-v15/font-config.json
쇼,U+C1FC,0xa2f3,0x949b,1760,85,402,1760,TESTED_BASE,build/central-runtime-cumulative-v15/font-config.json
숍,U+C20D,0xa2f4,0x8e7c,1775,85,403,1775,TESTED_BASE,build/central-runtime-cumulative-v15/font-config.json
수,U+C218,0xa0ed,0x82d7,107,85,404,107,TESTED_BASE,build/central-runtime-cumulative-v15/font-config.json
숙,U+C219,0xa0ee,0x95a2,1784,85,405,1784,TESTED_BASE,build/central-runtime-cumulative-v15/font-config.json
순,U+C21C,0xa2f5,0x9681,1785,85,406,1785,TESTED_BASE,build/central-runtime-cumulative-v15/font-config.json
술,U+C220,0xa0ef,0xe0f8,1786,85,407,1786,TESTED_BASE,build/central-runtime-cumulative-v15/font-config.json
숨,U+C228,0xa2f6,0x95bf,1797,85,408,1797,TESTED_BASE,build/central-runtime-cumulative-v15/font-config.json
숲,U+C232,0xa0f0,0x94e2,1798,85,409,1798,TESTED_BASE,build/central-runtime-cumulative-v15/font-config.json
쉬,U+C26C,0xa2f7,0x9870,1809,85,410,1809,TESTED_BASE,build/central-runtime-cumulative-v15/font-config.json
쉽,U+C27D,0xa2f8,0x9795,1811,85,411,1811,TESTED_BASE,build/central-runtime-cumulative-v15/font-config.json
슈,U+C288,0xa2f9,0x9fd3,1817,85,412,1817,TESTED_BASE,build/central-runtime-cumulative-v15/font-config.json
슛,U+C29B,0xa2fa,0x976a,1828,85,413,1828,TESTED_BASE,build/central-runtime-cumulative-v15/font-config.json
스,U+C2A4,0xa0f1,0x8359,156,85,414,156,TESTED_BASE,build/central-runtime-cumulative-v15/font-config.json
슨,U+C2A8,0xa2fb,0x985c,1841,85,415,1841,TESTED_BASE,build/central-runtime-cumulative-v15/font-config.json
슬,U+C2AC,0xa0f2,0x94ec,1848,85,416,1848,TESTED_BASE,build/central-runtime-cumulative-v15/font-config.json
슴,U+C2B4,0xa2fc,0x955e,1860,85,417,1860,TESTED_BASE,build/central-runtime-cumulative-v15/font-config.json
습,U+C2B5,0xa0f3,0x949c,1881,85,418,1881,TESTED_BASE,build/central-runtime-cumulative-v15/font-config.json
승,U+C2B9,0xa340,0x8af7,1886,85,419,1886,TESTED_BASE,build/central-runtime-cumulative-v15/font-config.json
시,U+C2DC,0xa0f4,0x82d4,104,85,420,104,TESTED_BASE,build/central-runtime-cumulative-v15/font-config.json
식,U+C2DD,0xa341,0x8389,203,85,421,203,TESTED_BASE,build/central-runtime-cumulative-v15/font-config.json
신,U+C2E0,0xa0f5,0x834d,144,85,422,144,TESTED_BASE,build/central-runtime-cumulative-v15/font-config.json
실,U+C2E4,0xa0f6,0x89ad,1923,85,423,1923,TESTED_BASE,build/central-runtime-cumulative-v15/font-config.json
싫,U+C2EB,0xa342,0x8951,1927,85,424,1927,TESTED_BASE,build/central-runtime-cumulative-v15/font-config.json
심,U+C2EC,0xa343,0x906f,1932,85,425,1932,TESTED_BASE,build/central-runtime-cumulative-v15/font-config.json
십,U+C2ED,0xa344,0x8755,1934,85,426,1934,TESTED_BASE,build/central-runtime-cumulative-v15/font-config.json
싱,U+C2F1,0xa345,0xe1d2,1936,85,427,1936,TESTED_BASE,build/central-runtime-cumulative-v15/font-config.json
싶,U+C2F6,0xa346,0x838a,204,85,428,204,TESTED_BASE,build/central-runtime-cumulative-v15/font-config.json
싸,U+C2F8,0xa347,0x918f,1944,85,429,1944,TESTED_BASE,build/central-runtime-cumulative-v15/font-config.json
싼,U+C2FC,0xa348,0x8d5d,1953,85,430,1953,TESTED_BASE,build/central-runtime-cumulative-v15/font-config.json
쌍,U+C30D,0xa349,0x96c8,1979,85,431,1979,TESTED_BASE,build/central-runtime-cumulative-v15/font-config.json
쓰,U+C4F0,0xa0f7,0x9694,1990,85,432,1990,TESTED_BASE,build/central-runtime-cumulative-v15/font-config.json
쓴,U+C4F4,0xa34a,0x88ae,2001,85,433,2001,TESTED_BASE,build/central-runtime-cumulative-v15/font-config.json
쓸,U+C4F8,0xa0f8,0x906d,2011,85,434,2011,TESTED_BASE,build/central-runtime-cumulative-v15/font-config.json
씨,U+C528,0xa34b,0x8369,171,85,435,171,TESTED_BASE,build/central-runtime-cumulative-v15/font-config.json
씻,U+C53B,0xa34c,0x8eea,2026,85,436,2026,TESTED_BASE,build/central-runtime-cumulative-v15/font-config.json
아,U+C544,0xa0f9,0x82bb,80,85,437,80,TESTED_BASE,build/central-runtime-cumulative-v15/font-config.json
악,U+C545,0xa34d,0x94c4,2046,85,438,2046,TESTED_BASE,build/central-runtime-cumulative-v15/font-config.json
안,U+C548,0xa0fa,0x82e7,123,85,439,123,TESTED_BASE,build/central-runtime-cumulative-v15/font-config.json
앉,U+C549,0xa34e,0x90b1,2054,85,440,2054,TESTED_BASE,build/central-runtime-cumulative-v15/font-config.json
않,U+C54A,0xa0fb,0x834b,142,85,441,142,TESTED_BASE,build/central-runtime-cumulative-v15/font-config.json
알,U+C54C,0xa34f,0x82e6,122,85,442,122,TESTED_BASE,build/central-runtime-cumulative-v15/font-config.json
암,U+C554,0xa350,0x8c81,2075,85,443,2075,TESTED_BASE,build/central-runtime-cumulative-v15/font-config.json
압,U+C555,0xa351,0x8a8c,2084,85,444,2084,TESTED_BASE,build/central-runtime-cumulative-v15/font-config.json
앗,U+C557,0xa352,0x90f7,2114,85,445,2114,TESTED_BASE,build/central-runtime-cumulative-v15/font-config.json
았,U+C558,0xa0fc,0x838d,207,85,446,207,TESTED_BASE,build/central-runtime-cumulative-v15/font-config.json
앙,U+C559,0xa353,0x956d,2124,85,447,2124,TESTED_BASE,build/central-runtime-cumulative-v15/font-config.json
앞,U+C55E,0xa354,0x9743,2126,85,448,2126,TESTED_BASE,build/central-runtime-cumulative-v15/font-config.json
애,U+C560,0xa140,0x8c71,2127,85,449,2127,TESTED_BASE,build/central-runtime-cumulative-v15/font-config.json
액,U+C561,0xa141,0xe7f3,2128,85,450,2128,TESTED_BASE,build/central-runtime-cumulative-v15/font-config.json
앨,U+C568,0xa355,0x83b3,2133,85,451,2133,TESTED_BASE,build/central-runtime-cumulative-v15/font-config.json
앰,U+C570,0xa356,0x83a9,2135,85,452,2135,TESTED_BASE,build/central-runtime-cumulative-v15/font-config.json
야,U+C57C,0xa357,0x8275,47,85,453,47,TESTED_BASE,build/central-runtime-cumulative-v15/font-config.json
약,U+C57D,0xa358,0x83ac,2138,85,454,2138,TESTED_BASE,build/central-runtime-cumulative-v15/font-config.json
얀,U+C580,0xa359,0x8d54,2147,85,455,2147,TESTED_BASE,build/central-runtime-cumulative-v15/font-config.json
양,U+C591,0xa142,0x8e89,2148,85,456,2148,TESTED_BASE,build/central-runtime-cumulative-v15/font-config.json
얗,U+C597,0xa35a,0x907e,2159,85,457,2159,TESTED_BASE,build/central-runtime-cumulative-v15/font-config.json
얘,U+C598,0xa35b,0x9585,2176,85,458,2176,TESTED_BASE,build/central-runtime-cumulative-v15/font-config.json
어,U+C5B4,0xa143,0x82b4,73,85,459,73,TESTED_BASE,build/central-runtime-cumulative-v15/font-config.json
억,U+C5B5,0xa35c,0x8d77,2185,85,460,2185,TESTED_BASE,build/central-runtime-cumulative-v15/font-config.json
언,U+C5B8,0xa35d,0x8285,2186,85,461,2186,TESTED_BASE,build/central-runtime-cumulative-v15/font-config.json
얻,U+C5BB,0xa144,0x875a,2209,85,462,2209,TESTED_BASE,build/central-runtime-cumulative-v15/font-config.json
얼,U+C5BC,0xa35e,0x92fa,270,85,463,270,TESTED_BASE,build/central-runtime-cumulative-v15/font-config.json
엄,U+C5C4,0xa35f,0x928e,414,85,464,414,TESTED_BASE,build/central-runtime-cumulative-v15/font-config.json
업,U+C5C5,0xa145,0x8372,180,85,465,180,TESTED_BASE,build/central-runtime-cumulative-v15/font-config.json
없,U+C5C6,0xa146,0x82dd,113,85,466,113,TESTED_BASE,build/central-runtime-cumulative-v15/font-config.json
엇,U+C5C7,0xa360,0x8a7e,483,85,467,483,TESTED_BASE,build/central-runtime-cumulative-v15/font-config.json
었,U+C5C8,0xa147,0x82ea,126,85,468,126,TESTED_BASE,build/central-runtime-cumulative-v15/font-config.json
엉,U+C5C9,0xa361,0x8fd0,591,85,469,591,TESTED_BASE,build/central-runtime-cumulative-v15/font-config.json
엌,U+C5CC,0xa362,0x8b7e,680,85,470,680,TESTED_BASE,build/central-runtime-cumulative-v15/font-config.json
엎,U+C5CE,0xa363,0x8fe9,733,85,471,733,TESTED_BASE,build/central-runtime-cumulative-v15/font-config.json
에,U+C5D0,0xa148,0x82c9,93,85,472,93,TESTED_BASE,build/central-runtime-cumulative-v15/font-config.json
엑,U+C5D1,0xa364,0x96c2,798,85,473,798,TESTED_BASE,build/central-runtime-cumulative-v15/font-config.json
여,U+C5EC,0xa149,0x82e1,117,85,474,117,TESTED_BASE,build/central-runtime-cumulative-v15/font-config.json
역,U+C5ED,0xa365,0x8a52,913,85,475,913,TESTED_BASE,build/central-runtime-cumulative-v15/font-config.json
엮,U+C5EE,0xa366,0x8ac5,930,85,476,930,TESTED_BASE,build/central-runtime-cumulative-v15/font-config.json
연,U+C5F0,0xa14a,0x8ac7,931,85,477,931,TESTED_BASE,build/central-runtime-cumulative-v15/font-config.json
열,U+C5F4,0xa14b,0x8bc1,981,85,478,981,TESTED_BASE,build/central-runtime-cumulative-v15/font-config.json
염,U+C5FC,0xa367,0x8ceb,1032,85,479,1032,TESTED_BASE,build/central-runtime-cumulative-v15/font-config.json
였,U+C600,0xa368,0x8e44,1078,85,480,1078,TESTED_BASE,build/central-runtime-cumulative-v15/font-config.json
영,U+C601,0xa369,0x8eb7,1107,85,481,1107,TESTED_BASE,build/central-runtime-cumulative-v15/font-config.json
예,U+C608,0xa14c,0x8f54,1131,85,482,1131,TESTED_BASE,build/central-runtime-cumulative-v15/font-config.json
오,U+C624,0xa14d,0x82dc,112,85,483,112,TESTED_BASE,build/central-runtime-cumulative-v15/font-config.json
옥,U+C625,0xa36a,0x9054,1174,85,484,1174,TESTED_BASE,build/central-runtime-cumulative-v15/font-config.json
온,U+C628,0xa36b,0x91ee,1244,85,485,1244,TESTED_BASE,build/central-runtime-cumulative-v15/font-config.json
올,U+C62C,0xa14e,0x935c,1290,85,486,1290,TESTED_BASE,build/central-runtime-cumulative-v15/font-config.json
옷,U+C637,0xa36c,0x9471,1330,85,487,1330,TESTED_BASE,build/central-runtime-cumulative-v15/font-config.json
옻,U+C63B,0xa36d,0x94c9,1351,85,488,1351,TESTED_BASE,build/central-runtime-cumulative-v15/font-config.json
와,U+C640,0xa14f,0x8368,170,85,489,170,TESTED_BASE,build/central-runtime-cumulative-v15/font-config.json
완,U+C644,0xa150,0x957c,1375,85,490,1375,TESTED_BASE,build/central-runtime-cumulative-v15/font-config.json
왔,U+C654,0xa36e,0x9643,1400,85,491,1400,TESTED_BASE,build/central-runtime-cumulative-v15/font-config.json
왕,U+C655,0xa36f,0x9848,1478,85,492,1478,TESTED_BASE,build/central-runtime-cumulative-v15/font-config.json
왜,U+C65C,0xa370,0x8f72,1495,85,493,1495,TESTED_BASE,build/central-runtime-cumulative-v15/font-config.json
왠,U+C660,0xa371,0x81a6,1525,85,494,1525,TESTED_BASE,build/central-runtime-cumulative-v15/font-config.json
외,U+C678,0xa372,0x97cb,1564,85,495,1564,TESTED_BASE,build/central-runtime-cumulative-v15/font-config.json
요,U+C694,0xa151,0x8278,50,85,496,50,TESTED_BASE,build/central-runtime-cumulative-v15/font-config.json
용,U+C6A9,0xa152,0x945a,1591,85,497,1591,TESTED_BASE,build/central-runtime-cumulative-v15/font-config.json
우,U+C6B0,0xa373,0x82cf,99,85,498,99,TESTED_BASE,build/central-runtime-cumulative-v15/font-config.json
욱,U+C6B1,0xa374,0xe359,1608,85,499,1608,TESTED_BASE,build/central-runtime-cumulative-v15/font-config.json
운,U+C6B4,0xa153,0x8388,201,85,500,201,TESTED_BASE,build/central-runtime-cumulative-v15/font-config.json
울,U+C6B8,0xa375,0x8385,198,85,501,198,TESTED_BASE,build/central-runtime-cumulative-v15/font-config.json
움,U+C6C0,0xa154,0x8bf2,1655,85,502,1655,TESTED_BASE,build/central-runtime-cumulative-v15/font-config.json
웅,U+C6C5,0xa376,0x9767,1656,85,503,1656,TESTED_BASE,build/central-runtime-cumulative-v15/font-config.json
워,U+C6CC,0xa155,0x8dce,1670,85,504,1670,TESTED_BASE,build/central-runtime-cumulative-v15/font-config.json
원,U+C6D0,0xa156,0x8fa0,1680,85,505,1680,TESTED_BASE,build/central-runtime-cumulative-v15/font-config.json
월,U+C6D4,0xa157,0x8979,1690,85,506,1690,TESTED_BASE,build/central-runtime-cumulative-v15/font-config.json
웬,U+C6EC,0xa377,0x897b,1693,85,507,1693,TESTED_BASE,build/central-runtime-cumulative-v15/font-config.json
위,U+C704,0xa158,0x8fbb,1695,85,508,1695,TESTED_BASE,build/central-runtime-cumulative-v15/font-config.json
윈,U+C708,0xa378,0x91db,1741,85,509,1741,TESTED_BASE,build/central-runtime-cumulative-v15/font-config.json
윌,U+C70C,0xa379,0x93a7,1749,85,510,1749,TESTED_BASE,build/central-runtime-cumulative-v15/font-config.json
윙,U+C719,0xa37a,0x91ea,1750,85,511,1750,TESTED_BASE,build/central-runtime-cumulative-v15/font-config.json
유,U+C720,0xa159,0x8345,136,85,512,136,TESTED_BASE,build/central-runtime-cumulative-v15/font-config.json
육,U+C721,0xa37b,0x8f58,1772,85,513,1772,TESTED_BASE,build/central-runtime-cumulative-v15/font-config.json
윤,U+C724,0xa37c,0x9781,1800,85,514,1800,TESTED_BASE,build/central-runtime-cumulative-v15/font-config.json
율,U+C728,0xa37d,0x95c3,1802,85,515,1802,TESTED_BASE,build/central-runtime-cumulative-v15/font-config.json
으,U+C73C,0xa15a,0x82ce,98,85,516,98,TESTED_BASE,build/central-runtime-cumulative-v15/font-config.json
은,U+C740,0xa15b,0x82a8,61,85,517,61,TESTED_BASE,build/central-runtime-cumulative-v15/font-config.json
을,U+C744,0xa15c,0x82f0,129,85,518,129,TESTED_BASE,build/central-runtime-cumulative-v15/font-config.json
음,U+C74C,0xa15d,0x834e,145,85,519,145,TESTED_BASE,build/central-runtime-cumulative-v15/font-config.json
응,U+C751,0xa37e,0x985a,1909,85,520,1909,TESTED_BASE,build/central-runtime-cumulative-v15/font-config.json
의,U+C758,0xa15e,0x82c1,85,85,521,85,TESTED_BASE,build/central-runtime-cumulative-v15/font-config.json
이,U+C774,0xa15f,0x82b6,75,85,522,75,TESTED_BASE,build/central-runtime-cumulative-v15/font-config.json
익,U+C775,0xa160,0x99ef,1937,85,523,1937,TESTED_BASE,build/central-runtime-cumulative-v15/font-config.json
인,U+C778,0xa161,0x82d8,108,85,524,108,TESTED_BASE,build/central-runtime-cumulative-v15/font-config.json
일,U+C77C,0xa162,0x82de,114,85,525,114,TESTED_BASE,build/central-runtime-cumulative-v15/font-config.json
읽,U+C77D,0xa163,0x90b1,2028,85,526,2028,TESTED_BASE,build/central-runtime-cumulative-v15/font-config.json
임,U+C784,0xa164,0x9193,2039,85,527,2039,TESTED_BASE,build/central-runtime-cumulative-v15/font-config.json
입,U+C785,0xa165,0x9854,2040,85,528,2040,TESTED_BASE,build/central-runtime-cumulative-v15/font-config.json
있,U+C788,0xa166,0x82a9,62,85,529,62,TESTED_BASE,build/central-runtime-cumulative-v15/font-config.json
잊,U+C78A,0xa380,0x8d50,2057,85,530,2057,TESTED_BASE,build/central-runtime-cumulative-v15/font-config.json
자,U+C790,0xa167,0x82cd,97,85,531,97,TESTED_BASE,build/central-runtime-cumulative-v15/font-config.json
작,U+C791,0xa168,0x99e1,2121,85,532,2121,TESTED_BASE,build/central-runtime-cumulative-v15/font-config.json
잔,U+C794,0xa381,0x83a1,2131,85,533,2131,TESTED_BASE,build/central-runtime-cumulative-v15/font-config.json
잖,U+C796,0xa382,0x8355,152,85,534,152,TESTED_BASE,build/central-runtime-cumulative-v15/font-config.json
잘,U+C798,0xa169,0x83a6,2136,85,535,2136,TESTED_BASE,build/central-runtime-cumulative-v15/font-config.json
잠,U+C7A0,0xa383,0x83b0,2139,85,536,2139,TESTED_BASE,build/central-runtime-cumulative-v15/font-config.json
잡,U+C7A1,0xa384,0x8195,2141,85,537,2141,TESTED_BASE,build/central-runtime-cumulative-v15/font-config.json
장,U+C7A5,0xa16a,0x82d2,102,85,538,102,TESTED_BASE,build/central-runtime-cumulative-v15/font-config.json
재,U+C7AC,0xa385,0x8e4a,2190,85,539,2190,TESTED_BASE,build/central-runtime-cumulative-v15/font-config.json
저,U+C800,0xa16b,0x82c7,91,85,540,91,TESTED_BASE,build/central-runtime-cumulative-v15/font-config.json
적,U+C801,0xa16c,0x8fac,241,85,541,241,TESTED_BASE,build/central-runtime-cumulative-v15/font-config.json
전,U+C804,0xa16d,0x8358,155,85,542,155,TESTED_BASE,build/central-runtime-cumulative-v15/font-config.json
절,U+C808,0xa386,0x8eeb,445,85,543,445,TESTED_BASE,build/central-runtime-cumulative-v15/font-config.json
점,U+C810,0xa16e,0x97a0,448,85,544,448,TESTED_BASE,build/central-runtime-cumulative-v15/font-config.json
접,U+C811,0xa16f,0x91dc,482,85,545,482,TESTED_BASE,build/central-runtime-cumulative-v15/font-config.json
정,U+C815,0xa170,0x82df,115,85,546,115,TESTED_BASE,build/central-runtime-cumulative-v15/font-config.json
제,U+C81C,0xa171,0x8347,138,85,547,138,TESTED_BASE,build/central-runtime-cumulative-v15/font-config.json
젤,U+C824,0xa387,0x94d4,716,85,548,716,TESTED_BASE,build/central-runtime-cumulative-v15/font-config.json
져,U+C838,0xa388,0x8ee5,734,85,549,734,TESTED_BASE,build/central-runtime-cumulative-v15/font-config.json
졌,U+C84C,0xa172,0x9580,737,85,550,737,TESTED_BASE,build/central-runtime-cumulative-v15/font-config.json
조,U+C870,0xa173,0x836c,174,85,551,174,TESTED_BASE,build/central-runtime-cumulative-v15/font-config.json
족,U+C871,0xa174,0x8e61,764,85,552,764,TESTED_BASE,build/central-runtime-cumulative-v15/font-config.json
존,U+C874,0xa389,0x8987,775,85,553,775,TESTED_BASE,build/central-runtime-cumulative-v15/font-config.json
졸,U+C878,0xa38a,0x89ab,893,85,554,893,TESTED_BASE,build/central-runtime-cumulative-v15/font-config.json
좀,U+C880,0xa38b,0x89bd,896,85,555,896,TESTED_BASE,build/central-runtime-cumulative-v15/font-config.json
종,U+C885,0xa175,0x8acc,933,85,556,933,TESTED_BASE,build/central-runtime-cumulative-v15/font-config.json
좇,U+C887,0xa38c,0x8b71,955,85,557,955,TESTED_BASE,build/central-runtime-cumulative-v15/font-config.json
좋,U+C88B,0xa38d,0x8357,154,85,558,154,TESTED_BASE,build/central-runtime-cumulative-v15/font-config.json
주,U+C8FC,0xa176,0x8340,131,85,559,131,TESTED_BASE,build/central-runtime-cumulative-v15/font-config.json
죽,U+C8FD,0xa38e,0x8de7,1073,85,560,1073,TESTED_BASE,build/central-runtime-cumulative-v15/font-config.json
준,U+C900,0xa38f,0x8ec5,1110,85,561,1110,TESTED_BASE,build/central-runtime-cumulative-v15/font-config.json
줄,U+C904,0xa390,0x8f47,1126,85,562,1126,TESTED_BASE,build/central-runtime-cumulative-v15/font-config.json
줌,U+C90C,0xa391,0x90ea,1206,85,563,1206,TESTED_BASE,build/central-runtime-cumulative-v15/font-config.json
중,U+C911,0xa177,0x91d3,1237,85,564,1237,TESTED_BASE,build/central-runtime-cumulative-v15/font-config.json
줘,U+C918,0xa392,0x9267,1255,85,565,1255,TESTED_BASE,build/central-runtime-cumulative-v15/font-config.json
즈,U+C988,0xa393,0x9348,1284,85,566,1284,TESTED_BASE,build/central-runtime-cumulative-v15/font-config.json
즌,U+C98C,0xa394,0x934b,1285,85,567,1285,TESTED_BASE,build/central-runtime-cumulative-v15/font-config.json
즐,U+C990,0xa178,0x9363,1292,85,568,1292,TESTED_BASE,build/central-runtime-cumulative-v15/font-config.json
증,U+C99D,0xa179,0x93a4,1311,85,569,1311,TESTED_BASE,build/central-runtime-cumulative-v15/font-config.json
지,U+C9C0,0xa17a,0x82ba,79,85,570,79,TESTED_BASE,build/central-runtime-cumulative-v15/font-config.json
직,U+C9C1,0xa17b,0x9577,1373,85,571,1373,TESTED_BASE,build/central-runtime-cumulative-v15/font-config.json
진,U+C9C4,0xa17c,0x8363,165,85,572,165,TESTED_BASE,build/central-runtime-cumulative-v15/font-config.json
질,U+C9C8,0xa17d,0x97e1,1471,85,573,1471,TESTED_BASE,build/central-runtime-cumulative-v15/font-config.json
짐,U+C9D0,0xa395,0x9150,1499,85,574,1499,TESTED_BASE,build/central-runtime-cumulative-v15/font-config.json
집,U+C9D1,0xa17e,0x8f8f,1531,85,575,1531,TESTED_BASE,build/central-runtime-cumulative-v15/font-config.json
짓,U+C9D3,0xa396,0x96ef,1568,85,576,1568,TESTED_BASE,build/central-runtime-cumulative-v15/font-config.json
징,U+C9D5,0xa397,0xe075,1576,85,577,1576,TESTED_BASE,build/central-runtime-cumulative-v15/font-config.json
짙,U+C9D9,0xa398,0x89b0,1577,85,578,1577,TESTED_BASE,build/central-runtime-cumulative-v15/font-config.json
짚,U+C9DA,0xa399,0x9368,1578,85,579,1578,TESTED_BASE,build/central-runtime-cumulative-v15/font-config.json
짜,U+C9DC,0xa39a,0x8c93,1609,85,580,1609,TESTED_BASE,build/central-runtime-cumulative-v15/font-config.json
짠,U+C9E0,0xa39b,0x9654,1616,85,581,1616,TESTED_BASE,build/central-runtime-cumulative-v15/font-config.json
짧,U+C9E7,0xa39c,0x8bcd,1623,85,582,1623,TESTED_BASE,build/central-runtime-cumulative-v15/font-config.json
짱,U+C9F1,0xa39d,0x8d8b,1625,85,583,1625,TESTED_BASE,build/central-runtime-cumulative-v15/font-config.json
째,U+C9F8,0xa180,0x8e8a,1651,85,584,1651,TESTED_BASE,build/central-runtime-cumulative-v15/font-config.json
쩌,U+CA4C,0xa39e,0x8dad,1653,85,585,1653,TESTED_BASE,build/central-runtime-cumulative-v15/font-config.json
쩔,U+CA54,0xa39f,0x8cd9,1658,85,586,1658,TESTED_BASE,build/central-runtime-cumulative-v15/font-config.json
쪽,U+CABD,0xa181,0x8949,1663,85,587,1663,TESTED_BASE,build/central-runtime-cumulative-v15/font-config.json
쬔,U+CB14,0xa3a0,0x8dcc,1668,85,588,1668,TESTED_BASE,build/central-runtime-cumulative-v15/font-config.json
쭐,U+CB50,0xa3a1,0x8ed5,1692,85,589,1692,TESTED_BASE,build/central-runtime-cumulative-v15/font-config.json
찌,U+CC0C,0xa3a2,0x8fcd,1703,85,590,1703,TESTED_BASE,build/central-runtime-cumulative-v15/font-config.json
차,U+CC28,0xa182,0x8c66,1729,85,591,1729,TESTED_BASE,build/central-runtime-cumulative-v15/font-config.json
착,U+CC29,0xa183,0x8f41,1762,85,592,1762,TESTED_BASE,build/central-runtime-cumulative-v15/font-config.json
찬,U+CC2C,0xa3a3,0x93ee,1791,85,593,1791,TESTED_BASE,build/central-runtime-cumulative-v15/font-config.json
찮,U+CC2E,0xa3a4,0x96a6,1804,85,594,1804,TESTED_BASE,build/central-runtime-cumulative-v15/font-config.json
참,U+CC38,0xa3a5,0x9247,1824,85,595,1824,TESTED_BASE,build/central-runtime-cumulative-v15/font-config.json
창,U+CC3D,0xa184,0x92a4,1844,85,596,1844,TESTED_BASE,build/central-runtime-cumulative-v15/font-config.json
찾,U+CC3E,0xa3a6,0x8c4d,1896,85,597,1896,TESTED_BASE,build/central-runtime-cumulative-v15/font-config.json
채,U+CC44,0xa185,0xe1c1,1945,85,598,1945,TESTED_BASE,build/central-runtime-cumulative-v15/font-config.json
책,U+CC45,0xa186,0x8f81,1995,85,599,1995,TESTED_BASE,build/central-runtime-cumulative-v15/font-config.json
처,U+CC98,0xa187,0x90ee,2030,85,600,2030,TESTED_BASE,build/central-runtime-cumulative-v15/font-config.json
척,U+CC99,0xa3a7,0xe54e,2063,85,601,2063,TESTED_BASE,build/central-runtime-cumulative-v15/font-config.json
천,U+CC9C,0xa3a8,0xe079,2125,85,602,2125,TESTED_BASE,build/central-runtime-cumulative-v15/font-config.json
철,U+CCA0,0xa3a9,0x979a,2129,85,603,2129,TESTED_BASE,build/central-runtime-cumulative-v15/font-config.json
첫,U+CCAB,0xa188,0x9487,2193,85,604,2193,TESTED_BASE,build/central-runtime-cumulative-v15/font-config.json
청,U+CCAD,0xa3aa,0x8159,2215,85,605,2215,TESTED_BASE,build/central-runtime-cumulative-v15/font-config.json
체,U+CCB4,0xa189,0x8ab7,259,85,606,259,TESTED_BASE,build/central-runtime-cumulative-v15/font-config.json
쳇,U+CCC7,0xa3ab,0x8cbb,289,85,607,289,TESTED_BASE,build/central-runtime-cumulative-v15/font-config.json
쳐,U+CCD0,0xa3ac,0x8b8d,453,85,608,453,TESTED_BASE,build/central-runtime-cumulative-v15/font-config.json
초,U+CD08,0xa3ad,0x9872,586,85,609,586,TESTED_BASE,build/central-runtime-cumulative-v15/font-config.json
촌,U+CD0C,0xa18a,0x97ac,631,85,610,631,TESTED_BASE,build/central-runtime-cumulative-v15/font-config.json
최,U+CD5C,0xa18b,0x91a9,639,85,611,639,TESTED_BASE,build/central-runtime-cumulative-v15/font-config.json
추,U+CD94,0xa18c,0x8a47,691,85,612,691,TESTED_BASE,build/central-runtime-cumulative-v15/font-config.json
축,U+CD95,0xa3ae,0x8985,715,85,613,715,TESTED_BASE,build/central-runtime-cumulative-v15/font-config.json
출,U+CD9C,0xa18d,0x8f6f,280,85,614,280,TESTED_BASE,build/central-runtime-cumulative-v15/font-config.json
춤,U+CDA4,0xa18e,0x89d8,791,85,615,791,TESTED_BASE,build/central-runtime-cumulative-v15/font-config.json
충,U+CDA9,0xa3af,0x976e,810,85,616,810,TESTED_BASE,build/central-runtime-cumulative-v15/font-config.json
춰,U+CDB0,0xa18f,0x8daa,824,85,617,824,TESTED_BASE,build/central-runtime-cumulative-v15/font-config.json
취,U+CDE8,0xa3b0,0x96f1,853,85,618,853,TESTED_BASE,build/central-runtime-cumulative-v15/font-config.json
츠,U+CE20,0xa3b1,0x88b3,857,85,619,857,TESTED_BASE,build/central-runtime-cumulative-v15/font-config.json
치,U+CE58,0xa190,0x88cc,863,85,620,863,TESTED_BASE,build/central-runtime-cumulative-v15/font-config.json
친,U+CE5C,0xa3b2,0x8968,877,85,621,877,TESTED_BASE,build/central-runtime-cumulative-v15/font-config.json
칠,U+CE60,0xa3b3,0x89df,904,85,622,904,TESTED_BASE,build/central-runtime-cumulative-v15/font-config.json
침,U+CE68,0xa3b4,0x8acf,935,85,623,935,TESTED_BASE,build/central-runtime-cumulative-v15/font-config.json
칭,U+CE6D,0xa3b5,0x8c69,1002,85,624,1002,TESTED_BASE,build/central-runtime-cumulative-v15/font-config.json
카,U+CE74,0xa191,0x9051,1173,85,625,1173,TESTED_BASE,build/central-runtime-cumulative-v15/font-config.json
칸,U+CE78,0xa192,0x92bf,1276,85,626,1276,TESTED_BASE,build/central-runtime-cumulative-v15/font-config.json
칼,U+CE7C,0xa3b6,0x92e2,1281,85,627,1281,TESTED_BASE,build/central-runtime-cumulative-v15/font-config.json
캐,U+CE90,0xa193,0x9373,1295,85,628,1295,TESTED_BASE,build/central-runtime-cumulative-v15/font-config.json
캔,U+CE94,0xa3b7,0x939a,1307,85,629,1307,TESTED_BASE,build/central-runtime-cumulative-v15/font-config.json
캡,U+CEA1,0xa3b8,0x93e0,1318,85,630,1318,TESTED_BASE,build/central-runtime-cumulative-v15/font-config.json
커,U+CEE4,0xa194,0x94c5,1349,85,631,1349,TESTED_BASE,build/central-runtime-cumulative-v15/font-config.json
컬,U+CEEC,0xa195,0x9684,1411,85,632,1411,TESTED_BASE,build/central-runtime-cumulative-v15/font-config.json
컷,U+CEF7,0xa3b9,0x96ac,1420,85,633,1420,TESTED_BASE,build/central-runtime-cumulative-v15/font-config.json
케,U+CF00,0xa3ba,0x984a,1479,85,634,1479,TESTED_BASE,build/central-runtime-cumulative-v15/font-config.json
켜,U+CF1C,0xa196,0x9856,1482,85,635,1482,TESTED_BASE,build/central-runtime-cumulative-v15/font-config.json
코,U+CF54,0xa3bb,0x908f,1534,85,636,1534,TESTED_BASE,build/central-runtime-cumulative-v15/font-config.json
콘,U+CF58,0xa3bc,0x88a2,1555,85,637,1555,TESTED_BASE,build/central-runtime-cumulative-v15/font-config.json
콜,U+CF5C,0xa3bd,0x88e4,1589,85,638,1589,TESTED_BASE,build/central-runtime-cumulative-v15/font-config.json
콤,U+CF64,0xa197,0xe24b,1590,85,639,1590,TESTED_BASE,build/central-runtime-cumulative-v15/font-config.json
쾌,U+CF8C,0xa3be,0x9641,1605,85,640,1605,TESTED_BASE,build/central-runtime-cumulative-v15/font-config.json
쿠,U+CFE0,0xa3bf,0x9644,1606,85,641,1606,TESTED_BASE,build/central-runtime-cumulative-v15/font-config.json
쿨,U+CFE8,0xa198,0x8d80,1619,85,642,1619,TESTED_BASE,build/central-runtime-cumulative-v15/font-config.json
퀘,U+D018,0xa3c0,0x8ae9,1621,85,643,1621,TESTED_BASE,build/central-runtime-cumulative-v15/font-config.json
퀸,U+D038,0xa3c1,0x8cdb,1659,85,644,1659,TESTED_BASE,build/central-runtime-cumulative-v15/font-config.json
퀼,U+D03C,0xa3c2,0x8cdc,1660,85,645,1660,TESTED_BASE,build/central-runtime-cumulative-v15/font-config.json
큐,U+D050,0xa3c3,0x9086,1682,85,646,1682,TESTED_BASE,build/central-runtime-cumulative-v15/font-config.json
크,U+D06C,0xa199,0x8eea,1700,85,647,1700,TESTED_BASE,build/central-runtime-cumulative-v15/font-config.json
큰,U+D070,0xa19a,0x8fca,1701,85,648,1701,TESTED_BASE,build/central-runtime-cumulative-v15/font-config.json
클,U+D074,0xa19b,0x91a1,1713,85,649,1713,TESTED_BASE,build/central-runtime-cumulative-v15/font-config.json
큼,U+D07C,0xa3c4,0x91aa,1716,85,650,1716,TESTED_BASE,build/central-runtime-cumulative-v15/font-config.json
큽,U+D07D,0xa19c,0x93dd,1780,85,651,1780,TESTED_BASE,build/central-runtime-cumulative-v15/font-config.json
키,U+D0A4,0xa3c5,0x835e,161,85,652,161,TESTED_BASE,build/central-runtime-cumulative-v15/font-config.json
킨,U+D0A8,0xa3c6,0x979e,1820,85,653,1820,TESTED_BASE,build/central-runtime-cumulative-v15/font-config.json
킬,U+D0AC,0xa19d,0x8a6b,1842,85,654,1842,TESTED_BASE,build/central-runtime-cumulative-v15/font-config.json
킷,U+D0B7,0xa3c7,0x8c89,1862,85,655,1862,TESTED_BASE,build/central-runtime-cumulative-v15/font-config.json
타,U+D0C0,0xa19e,0x95e2,1864,85,656,1864,TESTED_BASE,build/central-runtime-cumulative-v15/font-config.json
탁,U+D0C1,0xa3c8,0x88ec,1912,85,657,1912,TESTED_BASE,build/central-runtime-cumulative-v15/font-config.json
탄,U+D0C4,0xa3c9,0x9786,1915,85,658,1915,TESTED_BASE,build/central-runtime-cumulative-v15/font-config.json
탈,U+D0C8,0xa3ca,0x914d,1916,85,659,1916,TESTED_BASE,build/central-runtime-cumulative-v15/font-config.json
탓,U+D0D3,0xa3cb,0x9c5c,2003,85,660,2003,TESTED_BASE,build/central-runtime-cumulative-v15/font-config.json
태,U+D0DC,0xa19f,0x89b3,2051,85,661,2051,TESTED_BASE,build/central-runtime-cumulative-v15/font-config.json
택,U+D0DD,0xa1a0,0x97eb,2060,85,662,2060,TESTED_BASE,build/central-runtime-cumulative-v15/font-config.json
터,U+D130,0xa1a1,0xe079,2116,85,663,2116,TESTED_BASE,build/central-runtime-cumulative-v15/font-config.json
턴,U+D134,0xa3cc,0x839f,2130,85,664,2130,TESTED_BASE,build/central-runtime-cumulative-v15/font-config.json
털,U+D138,0xa3cd,0x9851,2183,85,665,2183,TESTED_BASE,build/central-runtime-cumulative-v15/font-config.json
테,U+D14C,0xa1a2,0x8376,184,85,666,184,TESTED_BASE,build/central-runtime-cumulative-v15/font-config.json
텐,U+D150,0xa3ce,0x81b8,2200,85,667,2200,TESTED_BASE,build/central-runtime-cumulative-v15/font-config.json
템,U+D15C,0xa1a3,0x8f82,485,85,668,485,TESTED_BASE,build/central-runtime-cumulative-v15/font-config.json
토,U+D1A0,0xa1a4,0x8a4c,486,85,669,486,TESTED_BASE,build/central-runtime-cumulative-v15/font-config.json
톤,U+D1A4,0xa3cf,0x8eec,599,85,670,599,TESTED_BASE,build/central-runtime-cumulative-v15/font-config.json
통,U+D1B5,0xa1a5,0x93ec,677,85,671,677,TESTED_BASE,build/central-runtime-cumulative-v15/font-config.json
투,U+D22C,0xa1a6,0x93fa,692,85,672,692,TESTED_BASE,build/central-runtime-cumulative-v15/font-config.json
툼,U+D23C,0xa3d0,0x8e9a,763,85,673,763,TESTED_BASE,build/central-runtime-cumulative-v15/font-config.json
튀,U+D280,0xa3d1,0x9467,767,85,674,767,TESTED_BASE,build/central-runtime-cumulative-v15/font-config.json
트,U+D2B8,0xa1a7,0x8370,178,85,675,178,TESTED_BASE,build/central-runtime-cumulative-v15/font-config.json
특,U+D2B9,0xa3d2,0x9443,850,85,676,850,TESTED_BASE,build/central-runtime-cumulative-v15/font-config.json
튼,U+D2BC,0xa1a8,0x88c3,859,85,677,859,TESTED_BASE,build/central-runtime-cumulative-v15/font-config.json
틀,U+D2C0,0xa1a9,0x88c5,861,85,678,861,TESTED_BASE,build/central-runtime-cumulative-v15/font-config.json
틈,U+D2C8,0xa3d3,0x8b76,958,85,679,958,TESTED_BASE,build/central-runtime-cumulative-v15/font-config.json
티,U+D2F0,0xa1aa,0x8b99,969,85,680,969,TESTED_BASE,build/central-runtime-cumulative-v15/font-config.json
틱,U+D2F1,0xa1ab,0x8e73,1090,85,681,1090,TESTED_BASE,build/central-runtime-cumulative-v15/font-config.json
파,U+D30C,0xa1ac,0x8e81,1095,85,682,1095,TESTED_BASE,build/central-runtime-cumulative-v15/font-config.json
판,U+D310,0xa1ad,0x8ebf,1109,85,683,1109,TESTED_BASE,build/central-runtime-cumulative-v15/font-config.json
팔,U+D314,0xa3d4,0x9095,1184,85,684,1184,TESTED_BASE,build/central-runtime-cumulative-v15/font-config.json
팡,U+D321,0xa3d5,0x919f,1229,85,685,1229,TESTED_BASE,build/central-runtime-cumulative-v15/font-config.json
패,U+D328,0xa1ae,0x9474,1332,85,686,1332,TESTED_BASE,build/central-runtime-cumulative-v15/font-config.json
팽,U+D33D,0xa3d6,0x94e4,1358,85,687,1358,TESTED_BASE,build/central-runtime-cumulative-v15/font-config.json
퍼,U+D37C,0xa3d7,0x95a5,1381,85,688,1381,TESTED_BASE,build/central-runtime-cumulative-v15/font-config.json
펌,U+D38C,0xa3d8,0x95d7,1393,85,689,1393,TESTED_BASE,build/central-runtime-cumulative-v15/font-config.json
페,U+D398,0xa3d9,0x8faa,1507,85,690,1507,TESTED_BASE,build/central-runtime-cumulative-v15/font-config.json
펜,U+D39C,0xa3da,0x97a5,1543,85,691,1543,TESTED_BASE,build/central-runtime-cumulative-v15/font-config.json
편,U+D3B8,0xa3db,0x97aa,1546,85,692,1546,TESTED_BASE,build/central-runtime-cumulative-v15/font-config.json
평,U+D3C9,0xa3dc,0x96ce,1548,85,693,1548,TESTED_BASE,build/central-runtime-cumulative-v15/font-config.json
포,U+D3EC,0xa1af,0x974a,1635,85,694,1635,TESTED_BASE,build/central-runtime-cumulative-v15/font-config.json
폭,U+D3ED,0xa3dd,0x8da6,1647,85,695,1647,TESTED_BASE,build/central-runtime-cumulative-v15/font-config.json
표,U+D45C,0xa1b0,0x977d,1665,85,696,1665,TESTED_BASE,build/central-runtime-cumulative-v15/font-config.json
푸,U+D478,0xa3de,0x8f8e,1672,85,697,1672,TESTED_BASE,build/central-runtime-cumulative-v15/font-config.json
푼,U+D47C,0xa3df,0x8a54,1687,85,698,1687,TESTED_BASE,build/central-runtime-cumulative-v15/font-config.json
풀,U+D480,0xa3e0,0x8b54,1706,85,699,1706,TESTED_BASE,build/central-runtime-cumulative-v15/font-config.json
품,U+D488,0xa1b1,0x919e,1712,85,700,1712,TESTED_BASE,build/central-runtime-cumulative-v15/font-config.json
풍,U+D48D,0xa3e1,0x8d45,1727,85,701,1727,TESTED_BASE,build/central-runtime-cumulative-v15/font-config.json
프,U+D504,0xa3e2,0x8e41,1742,85,702,1742,TESTED_BASE,build/central-runtime-cumulative-v15/font-config.json
플,U+D50C,0xa1b2,0x92e4,1764,85,703,1764,TESTED_BASE,build/central-runtime-cumulative-v15/font-config.json
피,U+D53C,0xa1b3,0x8367,169,85,704,169,TESTED_BASE,build/central-runtime-cumulative-v15/font-config.json
핀,U+D540,0xa3e3,0x959a,1777,85,705,1777,TESTED_BASE,build/central-runtime-cumulative-v15/font-config.json
필,U+D544,0xa1b4,0x95b4,1793,85,706,1793,TESTED_BASE,build/central-runtime-cumulative-v15/font-config.json
하,U+D558,0xa1b5,0x82ac,65,85,707,65,TESTED_BASE,build/central-runtime-cumulative-v15/font-config.json
학,U+D559,0xa3e4,0x8ca6,1839,85,708,1839,TESTED_BASE,build/central-runtime-cumulative-v15/font-config.json
한,U+D55C,0xa1b6,0x82c6,90,85,709,90,TESTED_BASE,build/central-runtime-cumulative-v15/font-config.json
할,U+D560,0xa1b7,0x834a,141,85,710,141,TESTED_BASE,build/central-runtime-cumulative-v15/font-config.json
함,U+D568,0xa1b8,0x8c5f,1905,85,711,1905,TESTED_BASE,build/central-runtime-cumulative-v15/font-config.json
합,U+D569,0xa1b9,0x8946,1907,85,712,1907,TESTED_BASE,build/central-runtime-cumulative-v15/font-config.json
핫,U+D56B,0xa3e5,0x9385,2083,85,713,2083,TESTED_BASE,build/central-runtime-cumulative-v15/font-config.json
항,U+D56D,0xa1ba,0x8c6a,2090,85,714,2090,TESTED_BASE,build/central-runtime-cumulative-v15/font-config.json
해,U+D574,0xa1bb,0x82bf,84,85,715,84,TESTED_BASE,build/central-runtime-cumulative-v15/font-config.json
했,U+D588,0xa1bc,0x835c,159,85,716,159,TESTED_BASE,build/central-runtime-cumulative-v15/font-config.json
행,U+D589,0xa1bd,0x8342,133,85,717,133,TESTED_BASE,build/central-runtime-cumulative-v15/font-config.json
향,U+D5A5,0xa3e6,0x875d,2212,85,718,2212,TESTED_BASE,build/central-runtime-cumulative-v15/font-config.json
허,U+D5C8,0xa3e7,0x9181,367,85,719,367,TESTED_BASE,build/central-runtime-cumulative-v15/font-config.json
헌,U+D5CC,0xa3e8,0x93a6,417,85,720,417,TESTED_BASE,build/central-runtime-cumulative-v15/font-config.json
험,U+D5D8,0xa3e9,0x8fa5,421,85,721,421,TESTED_BASE,build/central-runtime-cumulative-v15/font-config.json
헤,U+D5E4,0xa3ea,0x8969,612,85,722,612,TESTED_BASE,build/central-runtime-cumulative-v15/font-config.json
헥,U+D5E5,0xa3eb,0x8bc6,633,85,723,633,TESTED_BASE,build/central-runtime-cumulative-v15/font-config.json
헬,U+D5EC,0xa3ec,0x8b4c,693,85,724,693,TESTED_BASE,build/central-runtime-cumulative-v15/font-config.json
혀,U+D600,0xa3ed,0x9077,769,85,725,769,TESTED_BASE,build/central-runtime-cumulative-v15/font-config.json
현,U+D604,0xa3ee,0x899e,774,85,726,774,TESTED_BASE,build/central-runtime-cumulative-v15/font-config.json
혈,U+D608,0xa3ef,0x904b,836,85,727,836,TESTED_BASE,build/central-runtime-cumulative-v15/font-config.json
혔,U+D614,0xa3f0,0x896a,878,85,728,878,TESTED_BASE,build/central-runtime-cumulative-v15/font-config.json
형,U+D615,0xa1be,0x89e4,905,85,729,905,TESTED_BASE,build/central-runtime-cumulative-v15/font-config.json
혜,U+D61C,0xa3f1,0x8a51,912,85,730,912,TESTED_BASE,build/central-runtime-cumulative-v15/font-config.json
호,U+D638,0xa3f2,0x8ab5,925,85,731,925,TESTED_BASE,build/central-runtime-cumulative-v15/font-config.json
혹,U+D639,0xa3f3,0x8ba3,970,85,732,970,TESTED_BASE,build/central-runtime-cumulative-v15/font-config.json
혼,U+D63C,0xa1bf,0x8c57,996,85,733,996,TESTED_BASE,build/central-runtime-cumulative-v15/font-config.json
홀,U+D640,0xa3f4,0x8dd3,1065,85,734,1065,TESTED_BASE,build/central-runtime-cumulative-v15/font-config.json
홍,U+D64D,0xa3f5,0x8dd5,1066,85,735,1066,TESTED_BASE,build/central-runtime-cumulative-v15/font-config.json
화,U+D654,0xa1c0,0x8f4f,1129,85,736,1129,TESTED_BASE,build/central-runtime-cumulative-v15/font-config.json
확,U+D655,0xa1c1,0x8fc6,1154,85,737,1154,TESTED_BASE,build/central-runtime-cumulative-v15/font-config.json
환,U+D658,0xa1c2,0x9044,1169,85,738,1169,TESTED_BASE,build/central-runtime-cumulative-v15/font-config.json
활,U+D65C,0xa3f6,0x908c,1183,85,739,1183,TESTED_BASE,build/central-runtime-cumulative-v15/font-config.json
황,U+D669,0xa1c3,0x90be,1194,85,740,1194,TESTED_BASE,build/central-runtime-cumulative-v15/font-config.json
회,U+D68C,0xa1c4,0x836a,172,85,741,172,TESTED_BASE,build/central-runtime-cumulative-v15/font-config.json
횡,U+D6A1,0xa3f7,0x90e8,1204,85,742,1204,TESTED_BASE,build/central-runtime-cumulative-v15/font-config.json
효,U+D6A8,0xa1c5,0x9163,1210,85,743,1210,TESTED_BASE,build/central-runtime-cumulative-v15/font-config.json
후,U+D6C4,0xa1c6,0x916d,1213,85,744,1213,TESTED_BASE,build/central-runtime-cumulative-v15/font-config.json
훔,U+D6D4,0xa3f8,0x93a5,1312,85,745,1312,TESTED_BASE,build/central-runtime-cumulative-v15/font-config.json
휘,U+D718,0xa3f9,0x95b6,1383,85,746,1383,TESTED_BASE,build/central-runtime-cumulative-v15/font-config.json
휩,U+D729,0xa3fa,0x95f6,1397,85,747,1397,TESTED_BASE,build/central-runtime-cumulative-v15/font-config.json
휴,U+D734,0xa3fb,0x97de,1469,85,748,1469,TESTED_BASE,build/central-runtime-cumulative-v15/font-config.json
흉,U+D749,0xa3fc,0x9472,1601,85,749,1601,TESTED_BASE,build/central-runtime-cumulative-v15/font-config.json
흐,U+D750,0xa440,0x8fa7,1683,85,750,1683,TESTED_BASE,build/central-runtime-cumulative-v15/font-config.json
흑,U+D751,0xa441,0x8fae,1686,85,751,1686,TESTED_BASE,build/central-runtime-cumulative-v15/font-config.json
흘,U+D758,0xa442,0x8181,1689,85,752,1689,TESTED_BASE,build/central-runtime-cumulative-v15/font-config.json
히,U+D788,0xa1c7,0x8373,181,85,753,181,TESTED_BASE,build/central-runtime-cumulative-v15/font-config.json
힌,U+D78C,0xa1c8,0x92a0,1728,85,754,1728,TESTED_BASE,build/central-runtime-cumulative-v15/font-config.json
힐,U+D790,0xa443,0x92c1,1744,85,755,1744,TESTED_BASE,build/central-runtime-cumulative-v15/font-config.json
힘,U+D798,0xa444,0x94a4,1765,85,756,1765,TESTED_BASE,build/central-runtime-cumulative-v15/font-config.json
쌈,U+C308,0xa445,0x8e6c,1766,85,757,1766,TESTED_BASE,build/central-runtime-cumulative-v15/font-config.json
흡,U+D761,0xa446,0x8bd5,1805,85,758,1805,TESTED_BASE,build/central-runtime-cumulative-v15/font-config.json
즉,U+C989,0xa447,0x8da8,1893,85,759,1893,TESTED_BASE,build/central-runtime-cumulative-v15/font-config.json
률,U+B960,0xa448,0x9843,1943,85,760,1943,TESTED_BASE,build/central-runtime-cumulative-v15/font-config.json
넉,U+B109,0xa449,0x93e7,1975,85,761,1975,TESTED_BASE,build/central-runtime-cumulative-v15/font-config.json
횟,U+D69F,0xa44a,0x9489,2055,85,762,2055,TESTED_BASE,build/central-runtime-cumulative-v15/font-config.json
획,U+D68D,0xa44b,0x8c97,2120,85,763,2120,TESTED_BASE,build/central-runtime-cumulative-v15/font-config.json
퇴,U+D1F4,0xa44c,0x9091,2191,85,764,2191,TESTED_BASE,build/central-runtime-cumulative-v15/font-config.json
갓,U+AC13,0xa44d,0x9553,1366,85,765,1366,TESTED_BASE,build/central-runtime-cumulative-v15/font-config.json
놈,U+B188,0xa44e,0x9862,244,85,766,244,TESTED_BASE,build/central-runtime-cumulative-v15/font-config.json
돔,U+B3D4,0xa44f,0x9853,340,85,767,340,TESTED_BASE,build/central-runtime-cumulative-v15/font-config.json
렉,U+B809,0xa450,0x9383,348,85,768,348,TESTED_BASE,build/central-runtime-cumulative-v15/font-config.json
맨,U+B9E8,0xa451,0x90d4,378,85,769,378,TESTED_BASE,build/central-runtime-cumulative-v15/font-config.json
뱀,U+BC40,0xa452,0x91a6,380,85,770,380,TESTED_BASE,build/central-runtime-cumulative-v15/font-config.json
빅,U+BE45,0xa453,0x93cb,609,85,771,609,TESTED_BASE,build/central-runtime-cumulative-v15/font-config.json
빗,U+BE57,0xa454,0x8aaf,635,85,772,635,TESTED_BASE,build/central-runtime-cumulative-v15/font-config.json
썬,U+C36C,0xa455,0x89c5,899,85,773,899,TESTED_BASE,build/central-runtime-cumulative-v15/font-config.json
엠,U+C5E0,0xa456,0x8add,938,85,774,938,TESTED_BASE,build/central-runtime-cumulative-v15/font-config.json
왼,U+C67C,0xa457,0x8de2,1072,85,775,1072,TESTED_BASE,build/central-runtime-cumulative-v15/font-config.json
잉,U+C789,0xa458,0x8ef6,1122,85,776,1122,TESTED_BASE,build/central-runtime-cumulative-v15/font-config.json
쟁,U+C7C1,0xa459,0x8fb5,1152,85,777,1152,TESTED_BASE,build/central-runtime-cumulative-v15/font-config.json
켈,U+CF08,0xa45a,0x91dd,1239,85,778,1239,TESTED_BASE,build/central-runtime-cumulative-v15/font-config.json
퀴,U+D034,0xa45b,0x92e0,1279,85,779,1279,TESTED_BASE,build/central-runtime-cumulative-v15/font-config.json
킹,U+D0B9,0xa45c,0x9589,1377,85,780,1377,TESTED_BASE,build/central-runtime-cumulative-v15/font-config.json
톨,U+D1A8,0xa45d,0x96ba,1423,85,781,1423,TESTED_BASE,build/central-runtime-cumulative-v15/font-config.json
틸,U+D2F8,0xa45e,0x984f,1481,85,782,1481,TESTED_BASE,build/central-runtime-cumulative-v15/font-config.json
폰,U+D3F0,0xa45f,0x97ea,1583,85,783,1583,TESTED_BASE,build/central-runtime-cumulative-v15/font-config.json
풋,U+D48B,0xa460,0x89b8,1584,85,784,1584,TESTED_BASE,build/central-runtime-cumulative-v15/font-config.json
ㄴ,U+3134,0xa461,0x8d93,1634,85,785,1634,PROVISIONAL_FREE,build/central-runtime-cumulative-v15/font-config.json
갇,U+AC07,0xa462,0x91d8,1740,85,786,1740,PROVISIONAL_FREE,build/central-runtime-cumulative-v15/font-config.json
값,U+AC12,0xa463,0x8a44,1812,85,787,1812,PROVISIONAL_FREE,build/central-runtime-cumulative-v15/font-config.json
갛,U+AC1B,0xa464,0x8edc,1832,85,788,1832,PROVISIONAL_FREE,build/central-runtime-cumulative-v15/font-config.json
객,U+AC1D,0xa465,0x8d84,1837,85,789,1837,PROVISIONAL_FREE,build/central-runtime-cumulative-v15/font-config.json
갱,U+AC31,0xa466,0x8183,1872,85,790,1872,PROVISIONAL_FREE,build/central-runtime-cumulative-v15/font-config.json
갸,U+AC38,0xa467,0xe081,1897,85,791,1897,PROVISIONAL_FREE,build/central-runtime-cumulative-v15/font-config.json
걀,U+AC40,0xa468,0x8a50,1939,85,792,1939,PROVISIONAL_FREE,build/central-runtime-cumulative-v15/font-config.json
걔,U+AC54,0xa469,0x9762,2194,85,793,2194,PROVISIONAL_FREE,build/central-runtime-cumulative-v15/font-config.json
걷,U+AC77,0xa46a,0x9144,324,85,794,324,PROVISIONAL_FREE,build/central-runtime-cumulative-v15/font-config.json
겉,U+AC89,0xa46b,0x8c94,326,85,795,326,PROVISIONAL_FREE,build/central-runtime-cumulative-v15/font-config.json
겍,U+AC8D,0xa46c,0x8bdf,495,85,796,495,PROVISIONAL_FREE,build/central-runtime-cumulative-v15/font-config.json
겐,U+AC90,0xa46d,0x8d67,607,85,797,607,PROVISIONAL_FREE,build/central-runtime-cumulative-v15/font-config.json
겪,U+ACAA,0xa46e,0x8dae,684,85,798,684,PROVISIONAL_FREE,build/central-runtime-cumulative-v15/font-config.json
겸,U+ACB8,0xa46f,0x9560,761,85,799,761,PROVISIONAL_FREE,build/central-runtime-cumulative-v15/font-config.json
겼,U+ACBC,0xa470,0x89e6,784,85,800,784,PROVISIONAL_FREE,build/central-runtime-cumulative-v15/font-config.json
곁,U+ACC1,0xa471,0x8ae8,841,85,801,841,PROVISIONAL_FREE,build/central-runtime-cumulative-v15/font-config.json
곗,U+ACD7,0xa472,0x8a69,851,85,802,851,PROVISIONAL_FREE,build/central-runtime-cumulative-v15/font-config.json
곧,U+ACE7,0xa473,0x8ab4,924,85,803,924,PROVISIONAL_FREE,build/central-runtime-cumulative-v15/font-config.json
곯,U+ACEF,0xa474,0x8b8e,965,85,804,965,PROVISIONAL_FREE,build/central-runtime-cumulative-v15/font-config.json
곰,U+ACF0,0xa475,0x8c50,994,85,805,994,PROVISIONAL_FREE,build/central-runtime-cumulative-v15/font-config.json
곱,U+ACF1,0xa476,0x8c8a,1009,85,806,1009,PROVISIONAL_FREE,build/central-runtime-cumulative-v15/font-config.json
곶,U+ACF6,0xa477,0x8db2,1056,85,807,1056,PROVISIONAL_FREE,build/central-runtime-cumulative-v15/font-config.json
곽,U+ACFD,0xa478,0x8dc0,1059,85,808,1059,PROVISIONAL_FREE,build/central-runtime-cumulative-v15/font-config.json
괘,U+AD18,0xa479,0x8dd0,1064,85,809,1064,PROVISIONAL_FREE,build/central-runtime-cumulative-v15/font-config.json
굉,U+AD49,0xa47a,0x8f94,1144,85,810,1144,PROVISIONAL_FREE,build/central-runtime-cumulative-v15/font-config.json
굳,U+AD73,0xa47b,0x91b9,1235,85,811,1235,PROVISIONAL_FREE,build/central-runtime-cumulative-v15/font-config.json
굵,U+AD75,0xa47c,0x928b,1264,85,812,1264,PROVISIONAL_FREE,build/central-runtime-cumulative-v15/font-config.json
굶,U+AD76,0xa47d,0x9446,1320,85,813,1320,PROVISIONAL_FREE,build/central-runtime-cumulative-v15/font-config.json
굼,U+AD7C,0xa47e,0x9744,1435,85,814,1435,PROVISIONAL_FREE,build/central-runtime-cumulative-v15/font-config.json
궂,U+AD82,0xa480,0x984c,1480,85,815,1480,PROVISIONAL_FREE,build/central-runtime-cumulative-v15/font-config.json
궈,U+AD88,0xa481,0x936a,1579,85,816,1579,PROVISIONAL_FREE,build/central-runtime-cumulative-v15/font-config.json
귈,U+ADC8,0xa482,0x8aab,1595,85,817,1595,PROVISIONAL_FREE,build/central-runtime-cumulative-v15/font-config.json
귐,U+ADD0,0xa483,0x967c,1645,85,818,1645,PROVISIONAL_FREE,build/central-runtime-cumulative-v15/font-config.json
균,U+ADE0,0xa484,0x9863,1669,85,819,1669,PROVISIONAL_FREE,build/central-runtime-cumulative-v15/font-config.json
귤,U+ADE4,0xa485,0x92c6,1747,85,820,1747,PROVISIONAL_FREE,build/central-runtime-cumulative-v15/font-config.json
긁,U+AE01,0xa486,0x8d8e,1884,85,821,1884,PROVISIONAL_FREE,build/central-runtime-cumulative-v15/font-config.json
긋,U+AE0B,0xa487,0x8db4,1898,85,822,1898,PROVISIONAL_FREE,build/central-runtime-cumulative-v15/font-config.json
긍,U+AE0D,0xa488,0x8bd0,2007,85,823,2007,PROVISIONAL_FREE,build/central-runtime-cumulative-v15/font-config.json
김,U+AE40,0xa489,0x938d,2052,85,824,2052,PROVISIONAL_FREE,build/central-runtime-cumulative-v15/font-config.json
깊,U+AE4A,0xa48a,0x8c8d,2203,85,825,2203,PROVISIONAL_FREE,build/central-runtime-cumulative-v15/font-config.json
깔,U+AE54,0xa48b,0x8757,2206,85,826,2206,PROVISIONAL_FREE,build/central-runtime-cumulative-v15/font-config.json
깝,U+AE5D,0xa48c,0x96c1,1822,85,827,1822,PROVISIONAL_FREE,build/central-runtime-cumulative-v15/font-config.json
깡,U+AE61,0xa48d,0x91c5,375,85,828,375,PROVISIONAL_FREE,build/central-runtime-cumulative-v15/font-config.json
깥,U+AE65,0xa48e,0x96da,479,85,829,479,PROVISIONAL_FREE,build/central-runtime-cumulative-v15/font-config.json
꺄,U+AE84,0xa48f,0x8ff3,501,85,830,501,PROVISIONAL_FREE,build/central-runtime-cumulative-v15/font-config.json
꺅,U+AE85,0xa490,0x8ef1,524,85,831,524,PROVISIONAL_FREE,build/central-runtime-cumulative-v15/font-config.json
꺽,U+AEBD,0xa491,0x8f61,554,85,832,554,PROVISIONAL_FREE,build/central-runtime-cumulative-v15/font-config.json
꺾,U+AEBE,0xa492,0x8f49,579,85,833,579,PROVISIONAL_FREE,build/central-runtime-cumulative-v15/font-config.json
껑,U+AED1,0xa493,0x927c,616,85,834,616,PROVISIONAL_FREE,build/central-runtime-cumulative-v15/font-config.json
껴,U+AEF4,0xa494,0x8e85,642,85,835,642,PROVISIONAL_FREE,build/central-runtime-cumulative-v15/font-config.json
꼈,U+AF08,0xa495,0x9785,731,85,836,731,PROVISIONAL_FREE,build/central-runtime-cumulative-v15/font-config.json
꼼,U+AF3C,0xa496,0x91e6,848,85,837,848,PROVISIONAL_FREE,build/central-runtime-cumulative-v15/font-config.json
꼽,U+AF3D,0xa497,0x88e7,868,85,838,868,PROVISIONAL_FREE,build/central-runtime-cumulative-v15/font-config.json
꽁,U+AF41,0xa498,0x897a,884,85,839,884,PROVISIONAL_FREE,build/central-runtime-cumulative-v15/font-config.json
꽂,U+AF42,0xa499,0x8bd9,985,85,840,985,PROVISIONAL_FREE,build/central-runtime-cumulative-v15/font-config.json
꽉,U+AF49,0xa49a,0x8c65,1000,85,841,1000,PROVISIONAL_FREE,build/central-runtime-cumulative-v15/font-config.json
꽥,U+AF65,0xa49b,0x8cab,1019,85,842,1019,PROVISIONAL_FREE,build/central-runtime-cumulative-v15/font-config.json
꾀,U+AF80,0xa49c,0x8cbe,1022,85,843,1022,PROVISIONAL_FREE,build/central-runtime-cumulative-v15/font-config.json
꾹,U+AFB9,0xa49d,0x8ed7,1117,85,844,1117,PROVISIONAL_FREE,build/central-runtime-cumulative-v15/font-config.json
꿀,U+AFC0,0xa49e,0x8f5a,1132,85,845,1132,PROVISIONAL_FREE,build/central-runtime-cumulative-v15/font-config.json
꿉,U+AFC9,0xa49f,0x918b,1223,85,846,1223,PROVISIONAL_FREE,build/central-runtime-cumulative-v15/font-config.json
꿎,U+AFCE,0xa4a0,0x9372,1294,85,847,1294,PROVISIONAL_FREE,build/central-runtime-cumulative-v15/font-config.json
꿔,U+AFD4,0xa4a1,0x9491,1336,85,848,1336,PROVISIONAL_FREE,build/central-runtime-cumulative-v15/font-config.json
꿨,U+AFE8,0xa4a2,0x9492,1337,85,849,1337,PROVISIONAL_FREE,build/central-runtime-cumulative-v15/font-config.json
뀌,U+B00C,0xa4a3,0x9748,1437,85,850,1437,PROVISIONAL_FREE,build/central-runtime-cumulative-v15/font-config.json
뀐,U+B010,0xa4a4,0x97e7,1473,85,851,1473,PROVISIONAL_FREE,build/central-runtime-cumulative-v15/font-config.json
끓,U+B053,0xa4a5,0x9cf0,1501,85,852,1501,PROVISIONAL_FREE,build/central-runtime-cumulative-v15/font-config.json
끔,U+B054,0xa4a6,0x994e,1678,85,853,1678,PROVISIONAL_FREE,build/central-runtime-cumulative-v15/font-config.json
끙,U+B059,0xa4a7,0x909f,1696,85,854,1696,PROVISIONAL_FREE,build/central-runtime-cumulative-v15/font-config.json
낄,U+B084,0xa4a8,0x8d6a,1745,85,855,1745,PROVISIONAL_FREE,build/central-runtime-cumulative-v15/font-config.json
낌,U+B08C,0xa4a9,0x8a99,1829,85,856,1829,PROVISIONAL_FREE,build/central-runtime-cumulative-v15/font-config.json
낑,U+B091,0xa4aa,0x8f8c,1914,85,857,1914,PROVISIONAL_FREE,build/central-runtime-cumulative-v15/font-config.json
낚,U+B09A,0xa4ab,0x9272,1949,85,858,1949,PROVISIONAL_FREE,build/central-runtime-cumulative-v15/font-config.json
낡,U+B0A1,0xa4ac,0x8758,2207,85,859,2207,PROVISIONAL_FREE,build/central-runtime-cumulative-v15/font-config.json
낫,U+B0AB,0xa4ad,0x935d,349,85,860,349,PROVISIONAL_FREE,build/central-runtime-cumulative-v15/font-config.json
낭,U+B0AD,0xa4ae,0x96ee,447,85,861,447,PROVISIONAL_FREE,build/central-runtime-cumulative-v15/font-config.json
낮,U+B0AE,0xa4af,0x97c7,465,85,862,465,PROVISIONAL_FREE,build/central-runtime-cumulative-v15/font-config.json
낯,U+B0AF,0xa4b0,0x93f5,508,85,863,508,PROVISIONAL_FREE,build/central-runtime-cumulative-v15/font-config.json
낳,U+B0B3,0xa4b1,0x96cd,522,85,864,522,PROVISIONAL_FREE,build/central-runtime-cumulative-v15/font-config.json
냈,U+B0C8,0xa4b2,0x95ef,679,85,865,679,PROVISIONAL_FREE,build/central-runtime-cumulative-v15/font-config.json
넋,U+B10B,0xa4b3,0x89fc,908,85,866,908,PROVISIONAL_FREE,build/central-runtime-cumulative-v15/font-config.json
넌,U+B10C,0xa4b4,0x8b78,959,85,867,959,PROVISIONAL_FREE,build/central-runtime-cumulative-v15/font-config.json
널,U+B110,0xa4b5,0x8c5e,999,85,868,999,PROVISIONAL_FREE,build/central-runtime-cumulative-v15/font-config.json
넙,U+B119,0xa4b6,0x8c7d,1005,85,869,1005,PROVISIONAL_FREE,build/central-runtime-cumulative-v15/font-config.json
넛,U+B11B,0xa4b7,0x8da1,1053,85,870,1053,PROVISIONAL_FREE,build/central-runtime-cumulative-v15/font-config.json
넜,U+B11C,0xa4b8,0x8e70,1089,85,871,1089,PROVISIONAL_FREE,build/central-runtime-cumulative-v15/font-config.json
넨,U+B128,0xa4b9,0x8e97,1103,85,872,1103,PROVISIONAL_FREE,build/central-runtime-cumulative-v15/font-config.json
넵,U+B135,0xa4ba,0x8f4b,1127,85,873,1127,PROVISIONAL_FREE,build/central-runtime-cumulative-v15/font-config.json
넷,U+B137,0xa4bb,0x8fee,1165,85,874,1165,PROVISIONAL_FREE,build/central-runtime-cumulative-v15/font-config.json
녁,U+B141,0xa4bc,0x9198,1226,85,875,1226,PROVISIONAL_FREE,build/central-runtime-cumulative-v15/font-config.json
념,U+B150,0xa4bd,0x91e0,1241,85,876,1241,PROVISIONAL_FREE,build/central-runtime-cumulative-v15/font-config.json
녔,U+B154,0xa4be,0x926b,1256,85,877,1256,PROVISIONAL_FREE,build/central-runtime-cumulative-v15/font-config.json
놨,U+B1A8,0xa4bf,0x9496,1338,85,878,1338,PROVISIONAL_FREE,build/central-runtime-cumulative-v15/font-config.json
뇨,U+B1E8,0xa4c0,0x9543,1364,85,879,1364,PROVISIONAL_FREE,build/central-runtime-cumulative-v15/font-config.json
눕,U+B215,0xa4c1,0x9746,1436,85,880,1436,PROVISIONAL_FREE,build/central-runtime-cumulative-v15/font-config.json
눠,U+B220,0xa4c2,0x9759,1442,85,881,1442,PROVISIONAL_FREE,build/central-runtime-cumulative-v15/font-config.json
눴,U+B234,0xa4c3,0x9763,1447,85,882,1447,PROVISIONAL_FREE,build/central-runtime-cumulative-v15/font-config.json
늉,U+B289,0xa4c4,0x91d9,1500,85,883,1500,PROVISIONAL_FREE,build/central-runtime-cumulative-v15/font-config.json
늙,U+B299,0xa4c5,0x934f,1565,85,884,1565,PROVISIONAL_FREE,build/central-runtime-cumulative-v15/font-config.json
늠,U+B2A0,0xa4c6,0x89d2,1597,85,885,1597,PROVISIONAL_FREE,build/central-runtime-cumulative-v15/font-config.json
늦,U+B2A6,0xa4c7,0x8e9c,1661,85,886,1661,PROVISIONAL_FREE,build/central-runtime-cumulative-v15/font-config.json
늪,U+B2AA,0xa4c8,0x8d6b,1746,85,887,1746,PROVISIONAL_FREE,build/central-runtime-cumulative-v15/font-config.json
늬,U+B2AC,0xa4c9,0xe0a6,1808,85,888,1808,PROVISIONAL_FREE,build/central-runtime-cumulative-v15/font-config.json
닐,U+B2D0,0xa4ca,0x8ded,1826,85,889,1826,PROVISIONAL_FREE,build/central-runtime-cumulative-v15/font-config.json
닙,U+B2D9,0xa4cb,0x92ef,2025,85,890,2025,PROVISIONAL_FREE,build/central-runtime-cumulative-v15/font-config.json
닥,U+B2E5,0xa4cc,0x97b7,325,85,891,325,PROVISIONAL_FREE,build/central-runtime-cumulative-v15/font-config.json
닫,U+B2EB,0xa4cd,0x8c79,404,85,892,404,PROVISIONAL_FREE,build/central-runtime-cumulative-v15/font-config.json
닭,U+B2ED,0xa4ce,0x94cd,560,85,893,560,PROVISIONAL_FREE,build/central-runtime-cumulative-v15/font-config.json
닮,U+B2EE,0xa4cf,0x88cd,561,85,894,561,PROVISIONAL_FREE,build/central-runtime-cumulative-v15/font-config.json
닳,U+B2F3,0xa4d0,0x9764,636,85,895,636,PROVISIONAL_FREE,build/central-runtime-cumulative-v15/font-config.json
닷,U+B2F7,0xa4d1,0x8f8a,808,85,896,808,PROVISIONAL_FREE,build/central-runtime-cumulative-v15/font-config.json
댁,U+B301,0xa4d2,0x8963,875,85,897,875,PROVISIONAL_FREE,build/central-runtime-cumulative-v15/font-config.json
댈,U+B308,0xa4d3,0x8ca3,1016,85,898,1016,PROVISIONAL_FREE,build/central-runtime-cumulative-v15/font-config.json
댓,U+B313,0xa4d4,0x8d90,1050,85,899,1050,PROVISIONAL_FREE,build/central-runtime-cumulative-v15/font-config.json
댔,U+B314,0xa4d5,0x8e95,1102,85,900,1102,PROVISIONAL_FREE,build/central-runtime-cumulative-v15/font-config.json
덕,U+B355,0xa4d6,0x8fc5,1153,85,901,1153,PROVISIONAL_FREE,build/central-runtime-cumulative-v15/font-config.json
덤,U+B364,0xa4d7,0x8fe7,1163,85,902,1163,PROVISIONAL_FREE,build/central-runtime-cumulative-v15/font-config.json
덥,U+B365,0xa4d8,0x91e4,1242,85,903,1242,PROVISIONAL_FREE,build/central-runtime-cumulative-v15/font-config.json
덧,U+B367,0xa4d9,0x93c6,1317,85,904,1317,PROVISIONAL_FREE,build/central-runtime-cumulative-v15/font-config.json
덫,U+B36B,0xa4da,0x9452,1322,85,905,1322,PROVISIONAL_FREE,build/central-runtime-cumulative-v15/font-config.json
델,U+B378,0xa4db,0x9859,1483,85,906,1483,PROVISIONAL_FREE,build/central-runtime-cumulative-v15/font-config.json
뎅,U+B385,0xa4dc,0x8952,1530,85,907,1530,PROVISIONAL_FREE,build/central-runtime-cumulative-v15/font-config.json
뎌,U+B38C,0xa4dd,0x9340,1560,85,908,1560,PROVISIONAL_FREE,build/central-runtime-cumulative-v15/font-config.json
돕,U+B3D5,0xa4de,0x8e87,1649,85,909,1649,PROVISIONAL_FREE,build/central-runtime-cumulative-v15/font-config.json
돗,U+B3D7,0xa4df,0x93d7,1889,85,910,1889,PROVISIONAL_FREE,build/central-runtime-cumulative-v15/font-config.json
둡,U+B461,0xa4e0,0x8e7e,419,85,911,419,PROVISIONAL_FREE,build/central-runtime-cumulative-v15/font-config.json
둥,U+B465,0xa4e1,0x8b52,490,85,912,490,PROVISIONAL_FREE,build/central-runtime-cumulative-v15/font-config.json
뒀,U+B480,0xa4e2,0x9259,597,85,913,597,PROVISIONAL_FREE,build/central-runtime-cumulative-v15/font-config.json
뒷,U+B4B7,0xa4e3,0x8eae,624,85,914,624,PROVISIONAL_FREE,build/central-runtime-cumulative-v15/font-config.json
듄,U+B4C4,0xa4e4,0x8d91,678,85,915,678,PROVISIONAL_FREE,build/central-runtime-cumulative-v15/font-config.json
듬,U+B4EC,0xa4e5,0x938a,694,85,916,694,PROVISIONAL_FREE,build/central-runtime-cumulative-v15/font-config.json
등,U+B4F1,0xa4e6,0x94aa,804,85,917,804,PROVISIONAL_FREE,build/central-runtime-cumulative-v15/font-config.json
딨,U+B528,0xa4e7,0x8adb,822,85,918,822,PROVISIONAL_FREE,build/central-runtime-cumulative-v15/font-config.json
딴,U+B534,0xa4e8,0x88f6,870,85,919,870,PROVISIONAL_FREE,build/central-runtime-cumulative-v15/font-config.json
딸,U+B538,0xa4e9,0x899f,890,85,920,890,PROVISIONAL_FREE,build/central-runtime-cumulative-v15/font-config.json
땐,U+B550,0xa4ea,0x8a42,909,85,921,909,PROVISIONAL_FREE,build/central-runtime-cumulative-v15/font-config.json
땠,U+B560,0xa4eb,0x8a7a,919,85,922,919,PROVISIONAL_FREE,build/central-runtime-cumulative-v15/font-config.json
땡,U+B561,0xa4ec,0x8b44,945,85,923,945,PROVISIONAL_FREE,build/central-runtime-cumulative-v15/font-config.json
떡,U+B5A1,0xa4ed,0x8b81,960,85,924,960,PROVISIONAL_FREE,build/central-runtime-cumulative-v15/font-config.json
떫,U+B5AB,0xa4ee,0x8bbd,979,85,925,979,PROVISIONAL_FREE,build/central-runtime-cumulative-v15/font-config.json
떴,U+B5B4,0xa4ef,0x8c51,995,85,926,995,PROVISIONAL_FREE,build/central-runtime-cumulative-v15/font-config.json
떼,U+B5BC,0xa4f0,0x8ca0,1015,85,927,1015,PROVISIONAL_FREE,build/central-runtime-cumulative-v15/font-config.json
뗀,U+B5C0,0xa4f1,0x8dc7,1061,85,928,1061,PROVISIONAL_FREE,build/central-runtime-cumulative-v15/font-config.json
뗄,U+B5C4,0xa4f2,0x8e94,1101,85,929,1101,PROVISIONAL_FREE,build/central-runtime-cumulative-v15/font-config.json
똑,U+B611,0xa4f3,0x91a4,1231,85,930,1231,PROVISIONAL_FREE,build/central-runtime-cumulative-v15/font-config.json
똥,U+B625,0xa4f4,0x9477,1333,85,931,1333,PROVISIONAL_FREE,build/central-runtime-cumulative-v15/font-config.json
뚜,U+B69C,0xa4f5,0x9255,1551,85,932,1551,PROVISIONAL_FREE,build/central-runtime-cumulative-v15/font-config.json
뚝,U+B69D,0xa4f6,0x9849,1657,85,933,1657,PROVISIONAL_FREE,build/central-runtime-cumulative-v15/font-config.json
뚤,U+B6A4,0xa4f7,0x948f,1754,85,934,1754,PROVISIONAL_FREE,build/central-runtime-cumulative-v15/font-config.json
뚱,U+B6B1,0xa4f8,0x83b6,2132,85,935,2132,PROVISIONAL_FREE,build/central-runtime-cumulative-v15/font-config.json
뜸,U+B738,0xa4f9,0x8759,2208,85,936,2208,PROVISIONAL_FREE,build/central-runtime-cumulative-v15/font-config.json
뜻,U+B73B,0xa4fa,0x93e3,1821,85,937,1821,PROVISIONAL_FREE,build/central-runtime-cumulative-v15/font-config.json
띄,U+B744,0xa4fb,0x97d5,1570,85,938,1570,PROVISIONAL_FREE,build/central-runtime-cumulative-v15/font-config.json
랏,U+B78F,0xa4fc,0x8ddd,290,85,939,290,PROVISIONAL_FREE,build/central-runtime-cumulative-v15/font-config.json
랐,U+B790,0xa540,0x8d71,593,85,940,593,PROVISIONAL_FREE,build/central-runtime-cumulative-v15/font-config.json
랗,U+B797,0xa541,0x9594,619,85,941,619,PROVISIONAL_FREE,build/central-runtime-cumulative-v15/font-config.json
랙,U+B799,0xa542,0x8bec,697,85,942,697,PROVISIONAL_FREE,build/central-runtime-cumulative-v15/font-config.json
랫,U+B7AB,0xa543,0x8b60,954,85,943,954,PROVISIONAL_FREE,build/central-runtime-cumulative-v15/font-config.json
랬,U+B7AC,0xa544,0x8ccc,1026,85,944,1026,PROVISIONAL_FREE,build/central-runtime-cumulative-v15/font-config.json
랴,U+B7B4,0xa545,0x8d4b,1038,85,945,1038,PROVISIONAL_FREE,build/central-runtime-cumulative-v15/font-config.json
략,U+B7B5,0xa546,0x8d72,1045,85,946,1045,PROVISIONAL_FREE,build/central-runtime-cumulative-v15/font-config.json
럿,U+B7FF,0xa547,0x8dc4,1060,85,947,1060,PROVISIONAL_FREE,build/central-runtime-cumulative-v15/font-config.json
렀,U+B800,0xa548,0x8eb8,1108,85,948,1108,PROVISIONAL_FREE,build/central-runtime-cumulative-v15/font-config.json
렐,U+B810,0xa549,0x8f6b,1137,85,949,1137,PROVISIONAL_FREE,build/central-runtime-cumulative-v15/font-config.json
렴,U+B834,0xa54a,0x9048,1171,85,950,1171,PROVISIONAL_FREE,build/central-runtime-cumulative-v15/font-config.json
렵,U+B835,0xa54b,0x9394,1305,85,951,1305,PROVISIONAL_FREE,build/central-runtime-cumulative-v15/font-config.json
렷,U+B837,0xa54c,0x9687,1413,85,952,1413,PROVISIONAL_FREE,build/central-runtime-cumulative-v15/font-config.json
롱,U+B871,0xa54d,0x936b,1510,85,953,1510,PROVISIONAL_FREE,build/central-runtime-cumulative-v15/font-config.json
룩,U+B8E9,0xa54e,0x9173,1549,85,954,1549,PROVISIONAL_FREE,build/central-runtime-cumulative-v15/font-config.json
룻,U+B8FB,0xa54f,0x9460,1594,85,955,1594,PROVISIONAL_FREE,build/central-runtime-cumulative-v15/font-config.json
뤄,U+B904,0xa550,0x8b95,1600,85,956,1600,PROVISIONAL_FREE,build/central-runtime-cumulative-v15/font-config.json
뤼,U+B93C,0xa551,0x90a5,1698,85,957,1698,PROVISIONAL_FREE,build/central-runtime-cumulative-v15/font-config.json
륭,U+B96D,0xa552,0x9782,1803,85,958,1803,PROVISIONAL_FREE,build/central-runtime-cumulative-v15/font-config.json
릇,U+B987,0xa553,0x8d64,1816,85,959,1816,PROVISIONAL_FREE,build/central-runtime-cumulative-v15/font-config.json
릉,U+B989,0xa554,0x907b,1955,85,960,1955,PROVISIONAL_FREE,build/central-runtime-cumulative-v15/font-config.json
릎,U+B98E,0xa555,0x974c,520,85,961,520,PROVISIONAL_FREE,build/central-runtime-cumulative-v15/font-config.json
립,U+B9BD,0xa556,0x8a46,528,85,962,528,PROVISIONAL_FREE,build/central-runtime-cumulative-v15/font-config.json
맙,U+B9D9,0xa557,0x95c9,685,85,963,685,PROVISIONAL_FREE,build/central-runtime-cumulative-v15/font-config.json
맣,U+B9E3,0xa558,0x8c9d,738,85,964,738,PROVISIONAL_FREE,build/central-runtime-cumulative-v15/font-config.json
멋,U+BA4B,0xa559,0x89a1,891,85,965,891,PROVISIONAL_FREE,build/central-runtime-cumulative-v15/font-config.json
멎,U+BA4E,0xa55a,0x8acd,934,85,966,934,PROVISIONAL_FREE,build/central-runtime-cumulative-v15/font-config.json
멩,U+BA69,0xa55b,0x8aeb,940,85,967,940,PROVISIONAL_FREE,build/central-runtime-cumulative-v15/font-config.json
몄,U+BA84,0xa55c,0x8e63,1083,85,968,1083,PROVISIONAL_FREE,build/central-runtime-cumulative-v15/font-config.json
몹,U+BAB9,0xa55d,0x8f5d,1133,85,969,1133,PROVISIONAL_FREE,build/central-runtime-cumulative-v15/font-config.json
뫼,U+BAFC,0xa55e,0x92e1,1280,85,970,1280,PROVISIONAL_FREE,build/central-runtime-cumulative-v15/font-config.json
묵,U+BB35,0xa55f,0x9772,1451,85,971,1451,PROVISIONAL_FREE,build/central-runtime-cumulative-v15/font-config.json
묶,U+BB36,0xa560,0x965b,1522,85,972,1522,PROVISIONAL_FREE,build/central-runtime-cumulative-v15/font-config.json
묻,U+BB3B,0xa561,0x95b1,1792,85,973,1792,PROVISIONAL_FREE,build/central-runtime-cumulative-v15/font-config.json
뭇,U+BB47,0xa562,0x8dfb,1876,85,974,1876,PROVISIONAL_FREE,build/central-runtime-cumulative-v15/font-config.json
뭉,U+BB49,0xa563,0x9658,492,85,975,492,PROVISIONAL_FREE,build/central-runtime-cumulative-v15/font-config.json
뭡,U+BB61,0xa564,0x8cb1,556,85,976,556,PROVISIONAL_FREE,build/central-runtime-cumulative-v15/font-config.json
뭣,U+BB63,0xa565,0x9356,629,85,977,629,PROVISIONAL_FREE,build/central-runtime-cumulative-v15/font-config.json
뮈,U+BB88,0xa566,0x8aef,649,85,978,649,PROVISIONAL_FREE,build/central-runtime-cumulative-v15/font-config.json
뮤,U+BBA4,0xa567,0x8cb4,707,85,979,707,PROVISIONAL_FREE,build/central-runtime-cumulative-v15/font-config.json
므,U+BBC0,0xa568,0x96a3,805,85,980,805,PROVISIONAL_FREE,build/central-runtime-cumulative-v15/font-config.json
밈,U+BC08,0xa569,0x88e3,867,85,981,867,PROVISIONAL_FREE,build/central-runtime-cumulative-v15/font-config.json
밌,U+BC0C,0xa56a,0x88f9,871,85,982,871,PROVISIONAL_FREE,build/central-runtime-cumulative-v15/font-config.json
밑,U+BC11,0xa56b,0x8ab3,923,85,983,923,PROVISIONAL_FREE,build/central-runtime-cumulative-v15/font-config.json
밟,U+BC1F,0xa56c,0x8ab8,926,85,984,926,PROVISIONAL_FREE,build/central-runtime-cumulative-v15/font-config.json
밧,U+BC27,0xa56d,0x8b47,947,85,985,947,PROVISIONAL_FREE,build/central-runtime-cumulative-v15/font-config.json
밭,U+BC2D,0xa56e,0x8ca4,1017,85,986,1017,PROVISIONAL_FREE,build/central-runtime-cumulative-v15/font-config.json
밴,U+BC34,0xa56f,0x8ccd,1027,85,987,1027,PROVISIONAL_FREE,build/central-runtime-cumulative-v15/font-config.json
뱃,U+BC43,0xa570,0x8d7e,1047,85,988,1047,PROVISIONAL_FREE,build/central-runtime-cumulative-v15/font-config.json
뱅,U+BC45,0xa571,0x8e84,1096,85,989,1096,PROVISIONAL_FREE,build/central-runtime-cumulative-v15/font-config.json
벅,U+BC85,0xa572,0x905b,1175,85,990,1175,PROVISIONAL_FREE,build/central-runtime-cumulative-v15/font-config.json
벗,U+BC97,0xa573,0x90a8,1186,85,991,1186,PROVISIONAL_FREE,build/central-runtime-cumulative-v15/font-config.json
벙,U+BC99,0xa574,0x90c3,1195,85,992,1195,PROVISIONAL_FREE,build/central-runtime-cumulative-v15/font-config.json
벤,U+BCA4,0xa575,0x92ea,1282,85,993,1282,PROVISIONAL_FREE,build/central-runtime-cumulative-v15/font-config.json
벽,U+BCBD,0xa576,0x946e,1328,85,994,1328,PROVISIONAL_FREE,build/central-runtime-cumulative-v15/font-config.json
볍,U+BCCD,0xa577,0x94a8,1344,85,995,1344,PROVISIONAL_FREE,build/central-runtime-cumulative-v15/font-config.json
볕,U+BCD5,0xa578,0x94df,1356,85,996,1356,PROVISIONAL_FREE,build/central-runtime-cumulative-v15/font-config.json
볶,U+BCF6,0xa579,0x95ca,1390,85,997,1390,PROVISIONAL_FREE,build/central-runtime-cumulative-v15/font-config.json
봅,U+BD05,0xa57a,0x95d6,1392,85,998,1392,PROVISIONAL_FREE,build/central-runtime-cumulative-v15/font-config.json
봬,U+BD2C,0xa57b,0x97b1,1552,85,999,1552,PROVISIONAL_FREE,build/central-runtime-cumulative-v15/font-config.json
뵈,U+BD48,0xa57c,0x8f9e,1679,85,1000,1679,PROVISIONAL_FREE,build/central-runtime-cumulative-v15/font-config.json
뵐,U+BD50,0xa57d,0x8c73,1735,85,1001,1735,PROVISIONAL_FREE,build/central-runtime-cumulative-v15/font-config.json
뵙,U+BD59,0xa57e,0x97c2,2181,85,1002,2181,PROVISIONAL_FREE,build/central-runtime-cumulative-v15/font-config.json
붉,U+BD89,0xa580,0x97ca,249,85,1003,249,PROVISIONAL_FREE,build/central-runtime-cumulative-v15/font-config.json
붕,U+BD95,0xa581,0x95ba,433,85,1004,433,PROVISIONAL_FREE,build/central-runtime-cumulative-v15/font-config.json
뷔,U+BDD4,0xa582,0x92f1,610,85,1005,610,PROVISIONAL_FREE,build/central-runtime-cumulative-v15/font-config.json
뷰,U+BDF0,0xa583,0x8c78,617,85,1006,617,PROVISIONAL_FREE,build/central-runtime-cumulative-v15/font-config.json
빚,U+BE5A,0xa584,0x93f8,658,85,1007,658,PROVISIONAL_FREE,build/central-runtime-cumulative-v15/font-config.json
빤,U+BE64,0xa585,0x9055,833,85,1008,833,PROVISIONAL_FREE,build/central-runtime-cumulative-v15/font-config.json
빨,U+BE68,0xa586,0x899d,889,85,1009,889,PROVISIONAL_FREE,build/central-runtime-cumulative-v15/font-config.json
빴,U+BE74,0xa587,0x8abd,927,85,1010,927,PROVISIONAL_FREE,build/central-runtime-cumulative-v15/font-config.json
빵,U+BE75,0xa588,0x8be5,986,85,1011,986,PROVISIONAL_FREE,build/central-runtime-cumulative-v15/font-config.json
빻,U+BE7B,0xa589,0x9192,1225,85,1012,1225,PROVISIONAL_FREE,build/central-runtime-cumulative-v15/font-config.json
뺏,U+BE8F,0xa58a,0x92b5,1272,85,1013,1272,PROVISIONAL_FREE,build/central-runtime-cumulative-v15/font-config.json
뺐,U+BE90,0xa58b,0x964c,1402,85,1014,1402,PROVISIONAL_FREE,build/central-runtime-cumulative-v15/font-config.json
뻐,U+BED0,0xa58c,0x975b,1443,85,1015,1443,PROVISIONAL_FREE,build/central-runtime-cumulative-v15/font-config.json
뻑,U+BED1,0xa58d,0x97c1,1466,85,1016,1466,PROVISIONAL_FREE,build/central-runtime-cumulative-v15/font-config.json
뻗,U+BED7,0xa58e,0x8dd9,1494,85,1017,1494,PROVISIONAL_FREE,build/central-runtime-cumulative-v15/font-config.json
뻤,U+BEE4,0xa58f,0x9664,1629,85,1018,1629,PROVISIONAL_FREE,build/central-runtime-cumulative-v15/font-config.json
뽑,U+BF51,0xa590,0x94c6,1787,85,1019,1787,PROVISIONAL_FREE,build/central-runtime-cumulative-v15/font-config.json
뾰,U+BFB0,0xa591,0x8f71,1789,85,1020,1789,PROVISIONAL_FREE,build/central-runtime-cumulative-v15/font-config.json
뿍,U+BFCD,0xa592,0x8a6f,255,85,1021,255,PROVISIONAL_FREE,build/central-runtime-cumulative-v15/font-config.json
뿔,U+BFD4,0xa593,0x92c7,747,85,1022,747,PROVISIONAL_FREE,build/central-runtime-cumulative-v15/font-config.json
쁜,U+C05C,0xa594,0x9250,782,85,1023,782,PROVISIONAL_FREE,build/central-runtime-cumulative-v15/font-config.json
삐,U+C090,0xa595,0x8ae2,809,85,1024,809,PROVISIONAL_FREE,build/central-runtime-cumulative-v15/font-config.json
삭,U+C0AD,0xa596,0x90ba,817,85,1025,817,PROVISIONAL_FREE,build/central-runtime-cumulative-v15/font-config.json
삯,U+C0AF,0xa597,0x92b4,823,85,1026,823,PROVISIONAL_FREE,build/central-runtime-cumulative-v15/font-config.json
삶,U+C0B6,0xa598,0x94f6,837,85,1027,837,PROVISIONAL_FREE,build/central-runtime-cumulative-v15/font-config.json
샀,U+C0C0,0xa599,0x8abf,929,85,1028,929,PROVISIONAL_FREE,build/central-runtime-cumulative-v15/font-config.json
샌,U+C0CC,0xa59a,0x8af3,941,85,1029,941,PROVISIONAL_FREE,build/central-runtime-cumulative-v15/font-config.json
샐,U+C0D0,0xa59b,0x8ca8,1018,85,1030,1018,PROVISIONAL_FREE,build/central-runtime-cumulative-v15/font-config.json
샹,U+C0F9,0xa59c,0x8cfb,1035,85,1031,1035,PROVISIONAL_FREE,build/central-runtime-cumulative-v15/font-config.json
섞,U+C11E,0xa59d,0x8da5,1055,85,1032,1055,PROVISIONAL_FREE,build/central-runtime-cumulative-v15/font-config.json
섭,U+C12D,0xa59e,0x95f8,1398,85,1033,1398,PROVISIONAL_FREE,build/central-runtime-cumulative-v15/font-config.json
섰,U+C130,0xa59f,0x9688,1414,85,1034,1414,PROVISIONAL_FREE,build/central-runtime-cumulative-v15/font-config.json
센,U+C13C,0xa5a0,0x88d7,1581,85,1035,1581,PROVISIONAL_FREE,build/central-runtime-cumulative-v15/font-config.json
셈,U+C148,0xa5a1,0x9649,1610,85,1036,1610,PROVISIONAL_FREE,build/central-runtime-cumulative-v15/font-config.json
셔,U+C154,0xa5a2,0x8de3,1959,85,1037,1959,PROVISIONAL_FREE,build/central-runtime-cumulative-v15/font-config.json
션,U+C158,0xa5a3,0x91cf,466,85,1038,466,PROVISIONAL_FREE,build/central-runtime-cumulative-v15/font-config.json
셜,U+C15C,0xa5a4,0x8b4f,783,85,1039,783,PROVISIONAL_FREE,build/central-runtime-cumulative-v15/font-config.json
셨,U+C168,0xa5a5,0x8f80,842,85,1040,842,PROVISIONAL_FREE,build/central-runtime-cumulative-v15/font-config.json
셰,U+C170,0xa5a6,0x8a4a,910,85,1041,910,PROVISIONAL_FREE,build/central-runtime-cumulative-v15/font-config.json
송,U+C1A1,0xa5a7,0x8c99,1012,85,1042,1012,PROVISIONAL_FREE,build/central-runtime-cumulative-v15/font-config.json
쇳,U+C1F3,0xa5a8,0x8cb5,1020,85,1043,1020,PROVISIONAL_FREE,build/central-runtime-cumulative-v15/font-config.json
숟,U+C21F,0xa5a9,0x9042,1168,85,1044,1168,PROVISIONAL_FREE,build/central-runtime-cumulative-v15/font-config.json
숫,U+C22B,0xa5aa,0x918d,1224,85,1045,1224,PROVISIONAL_FREE,build/central-runtime-cumulative-v15/font-config.json
숭,U+C22D,0xa5ab,0x925b,1248,85,1046,1248,PROVISIONAL_FREE,build/central-runtime-cumulative-v15/font-config.json
숴,U+C234,0xa5ac,0x9262,1251,85,1047,1251,PROVISIONAL_FREE,build/central-runtime-cumulative-v15/font-config.json
쉈,U+C248,0xa5ad,0x9264,1253,85,1048,1253,PROVISIONAL_FREE,build/central-runtime-cumulative-v15/font-config.json
쉰,U+C270,0xa5ae,0x92b8,1273,85,1049,1273,PROVISIONAL_FREE,build/central-runtime-cumulative-v15/font-config.json
쉴,U+C274,0xa5af,0x95e9,1395,85,1050,1395,PROVISIONAL_FREE,build/central-runtime-cumulative-v15/font-config.json
쉿,U+C27F,0xa5b0,0x964b,1401,85,1051,1401,PROVISIONAL_FREE,build/central-runtime-cumulative-v15/font-config.json
슥,U+C2A5,0xa5b1,0x975d,1445,85,1052,1445,PROVISIONAL_FREE,build/central-runtime-cumulative-v15/font-config.json
슭,U+C2AD,0xa5b2,0x97bf,1465,85,1053,1465,PROVISIONAL_FREE,build/central-runtime-cumulative-v15/font-config.json
슷,U+C2B7,0xa5b3,0x8158,1527,85,1054,1527,PROVISIONAL_FREE,build/central-runtime-cumulative-v15/font-config.json
싣,U+C2E3,0xa5b4,0x89f9,1613,85,1055,1613,PROVISIONAL_FREE,build/central-runtime-cumulative-v15/font-config.json
싹,U+C2F9,0xa5b5,0x8fad,310,85,1056,310,PROVISIONAL_FREE,build/central-runtime-cumulative-v15/font-config.json
쌀,U+C300,0xa5b6,0x8caf,461,85,1057,461,PROVISIONAL_FREE,build/central-runtime-cumulative-v15/font-config.json
쌌,U+C30C,0xa5b7,0x91d1,659,85,1058,659,PROVISIONAL_FREE,build/central-runtime-cumulative-v15/font-config.json
쌓,U+C313,0xa5b8,0x8cae,705,85,1059,705,PROVISIONAL_FREE,build/central-runtime-cumulative-v15/font-config.json
쌩,U+C329,0xa5b9,0x88f0,720,85,1060,720,PROVISIONAL_FREE,build/central-runtime-cumulative-v15/font-config.json
써,U+C368,0xa5ba,0x8d5a,729,85,1061,729,PROVISIONAL_FREE,build/central-runtime-cumulative-v15/font-config.json
썩,U+C369,0xa5bb,0x8bdb,825,85,1062,825,PROVISIONAL_FREE,build/central-runtime-cumulative-v15/font-config.json
썰,U+C370,0xa5bc,0x93b0,843,85,1063,843,PROVISIONAL_FREE,build/central-runtime-cumulative-v15/font-config.json
썼,U+C37C,0xa5bd,0x89af,894,85,1064,894,PROVISIONAL_FREE,build/central-runtime-cumulative-v15/font-config.json
썽,U+C37D,0xa5be,0x8c68,1001,85,1065,1001,PROVISIONAL_FREE,build/central-runtime-cumulative-v15/font-config.json
쎄,U+C384,0xa5bf,0x8dcb,1062,85,1066,1062,PROVISIONAL_FREE,build/central-runtime-cumulative-v15/font-config.json
쏘,U+C3D8,0xa5c0,0x8ea8,1105,85,1067,1105,PROVISIONAL_FREE,build/central-runtime-cumulative-v15/font-config.json
쏙,U+C3D9,0xa5c1,0x8f50,1130,85,1068,1130,PROVISIONAL_FREE,build/central-runtime-cumulative-v15/font-config.json
쏟,U+C3DF,0xa5c2,0x904e,1172,85,1069,1172,PROVISIONAL_FREE,build/central-runtime-cumulative-v15/font-config.json
쏠,U+C3E0,0xa5c3,0x90dd,1201,85,1070,1201,PROVISIONAL_FREE,build/central-runtime-cumulative-v15/font-config.json
쐬,U+C42C,0xa5c4,0x937e,1301,85,1071,1301,PROVISIONAL_FREE,build/central-runtime-cumulative-v15/font-config.json
쑤,U+C464,0xa5c5,0x95df,1394,85,1072,1394,PROVISIONAL_FREE,build/central-runtime-cumulative-v15/font-config.json
쑥,U+C465,0xa5c6,0x97b8,1464,85,1073,1464,PROVISIONAL_FREE,build/central-runtime-cumulative-v15/font-config.json
씀,U+C500,0xa5c7,0x8174,1506,85,1074,1506,PROVISIONAL_FREE,build/central-runtime-cumulative-v15/font-config.json
씁,U+C501,0xa5c8,0x97e3,1508,85,1075,1508,PROVISIONAL_FREE,build/central-runtime-cumulative-v15/font-config.json
씌,U+C50C,0xa5c9,0x8eb4,1806,85,1076,1806,PROVISIONAL_FREE,build/central-runtime-cumulative-v15/font-config.json
씐,U+C510,0xa5ca,0x8be2,628,85,1077,628,PROVISIONAL_FREE,build/central-runtime-cumulative-v15/font-config.json
씩,U+C529,0xa5cb,0x8ef4,687,85,1078,687,PROVISIONAL_FREE,build/central-runtime-cumulative-v15/font-config.json
씬,U+C52C,0xa5cc,0x8e6e,708,85,1079,708,PROVISIONAL_FREE,build/central-runtime-cumulative-v15/font-config.json
씹,U+C539,0xa5cd,0x8a45,711,85,1080,711,PROVISIONAL_FREE,build/central-runtime-cumulative-v15/font-config.json
씽,U+C53D,0xa5ce,0x8b4e,757,85,1081,757,PROVISIONAL_FREE,build/central-runtime-cumulative-v15/font-config.json
앓,U+C553,0xa5cf,0x96be,799,85,1082,799,PROVISIONAL_FREE,build/central-runtime-cumulative-v15/font-config.json
앤,U+C564,0xa5d0,0xe3c4,828,85,1083,828,PROVISIONAL_FREE,build/central-runtime-cumulative-v15/font-config.json
앳,U+C573,0xa5d1,0x89f6,834,85,1084,834,PROVISIONAL_FREE,build/central-runtime-cumulative-v15/font-config.json
앴,U+C574,0xa5d2,0x8c76,1004,85,1085,1004,PROVISIONAL_FREE,build/central-runtime-cumulative-v15/font-config.json
얄,U+C584,0xa5d3,0x8e91,1100,85,1086,1100,PROVISIONAL_FREE,build/central-runtime-cumulative-v15/font-config.json
얇,U+C587,0xa5d4,0x8ea6,1104,85,1087,1104,PROVISIONAL_FREE,build/central-runtime-cumulative-v15/font-config.json
얌,U+C58C,0xa5d5,0x8eb5,1106,85,1088,1106,PROVISIONAL_FREE,build/central-runtime-cumulative-v15/font-config.json
얏,U+C58F,0xa5d6,0x8fdb,1161,85,1089,1161,PROVISIONAL_FREE,build/central-runtime-cumulative-v15/font-config.json
얕,U+C595,0xa5d7,0x92a5,1267,85,1090,1267,PROVISIONAL_FREE,build/central-runtime-cumulative-v15/font-config.json
얹,U+C5B9,0xa5d8,0x937c,1299,85,1091,1299,PROVISIONAL_FREE,build/central-runtime-cumulative-v15/font-config.json
얽,U+C5BD,0xa5d9,0x94f7,1362,85,1092,1362,PROVISIONAL_FREE,build/central-runtime-cumulative-v15/font-config.json
엔,U+C5D4,0xa5da,0x96fb,1434,85,1093,1434,PROVISIONAL_FREE,build/central-runtime-cumulative-v15/font-config.json
엘,U+C5D8,0xa5db,0x90bf,1503,85,1094,1503,PROVISIONAL_FREE,build/central-runtime-cumulative-v15/font-config.json
엣,U+C5E3,0xa5dc,0x93bf,1523,85,1095,1523,PROVISIONAL_FREE,build/central-runtime-cumulative-v15/font-config.json
엥,U+C5E5,0xa5dd,0x9183,1524,85,1096,1524,PROVISIONAL_FREE,build/central-runtime-cumulative-v15/font-config.json
엽,U+C5FD,0xa5de,0x96fc,1574,85,1097,1574,PROVISIONAL_FREE,build/central-runtime-cumulative-v15/font-config.json
엾,U+C5FE,0xa5df,0x9174,1550,85,1098,1550,PROVISIONAL_FREE,build/central-runtime-cumulative-v15/font-config.json
엿,U+C5FF,0xa5e0,0x8e98,1924,85,1099,1924,PROVISIONAL_FREE,build/central-runtime-cumulative-v15/font-config.json
옆,U+C606,0xa5e1,0x8ecc,262,85,1100,262,PROVISIONAL_FREE,build/central-runtime-cumulative-v15/font-config.json
옛,U+C61B,0xa5e2,0x95f3,315,85,1101,315,PROVISIONAL_FREE,build/central-runtime-cumulative-v15/font-config.json
옮,U+C62E,0xa5e3,0x8a43,344,85,1102,344,PROVISIONAL_FREE,build/central-runtime-cumulative-v15/font-config.json
옳,U+C633,0xa5e4,0x91ac,422,85,1103,422,PROVISIONAL_FREE,build/central-runtime-cumulative-v15/font-config.json
옵,U+C635,0xa5e5,0x8cfa,463,85,1104,463,PROVISIONAL_FREE,build/central-runtime-cumulative-v15/font-config.json
옹,U+C639,0xa5e6,0x95e0,519,85,1105,519,PROVISIONAL_FREE,build/central-runtime-cumulative-v15/font-config.json
왓,U+C653,0xa5e7,0x8a65,552,85,1106,552,PROVISIONAL_FREE,build/central-runtime-cumulative-v15/font-config.json
욕,U+C695,0xa5e8,0x94af,646,85,1107,646,PROVISIONAL_FREE,build/central-runtime-cumulative-v15/font-config.json
욘,U+C698,0xa5e9,0x8ae7,939,85,1108,939,PROVISIONAL_FREE,build/central-runtime-cumulative-v15/font-config.json
웁,U+C6C1,0xa5ea,0x8e59,1082,85,1109,1082,PROVISIONAL_FREE,build/central-runtime-cumulative-v15/font-config.json
웃,U+C6C3,0xa5eb,0x8ee1,1119,85,1110,1119,PROVISIONAL_FREE,build/central-runtime-cumulative-v15/font-config.json
웠,U+C6E0,0xa5ec,0x9bde,1341,85,1111,1341,PROVISIONAL_FREE,build/central-runtime-cumulative-v15/font-config.json
웨,U+C6E8,0xa5ed,0x8ff2,1489,85,1112,1489,PROVISIONAL_FREE,build/central-runtime-cumulative-v15/font-config.json
웩,U+C6E9,0xa5ee,0x8b5e,1490,85,1113,1490,PROVISIONAL_FREE,build/central-runtime-cumulative-v15/font-config.json
윗,U+C717,0xa5ef,0x91d5,1536,85,1114,1536,PROVISIONAL_FREE,build/central-runtime-cumulative-v15/font-config.json
융,U+C735,0xa5f0,0x8fa2,1681,85,1115,1681,PROVISIONAL_FREE,build/central-runtime-cumulative-v15/font-config.json
윽,U+C73D,0xa5f1,0x88d9,503,85,1116,503,PROVISIONAL_FREE,build/central-runtime-cumulative-v15/font-config.json
읍,U+C74D,0xa5f2,0x89d4,644,85,1117,644,PROVISIONAL_FREE,build/central-runtime-cumulative-v15/font-config.json
읏,U+C74F,0xa5f3,0x8aec,844,85,1118,844,PROVISIONAL_FREE,build/central-runtime-cumulative-v15/font-config.json
잃,U+C783,0xa5f4,0x88f3,869,85,1119,869,PROVISIONAL_FREE,build/central-runtime-cumulative-v15/font-config.json
잇,U+C787,0xa5f5,0x8f97,1146,85,1120,1146,PROVISIONAL_FREE,build/central-runtime-cumulative-v15/font-config.json
잎,U+C78E,0xa5f6,0x939e,1309,85,1121,1309,PROVISIONAL_FREE,build/central-runtime-cumulative-v15/font-config.json
잣,U+C7A3,0xa5f7,0x93af,1314,85,1122,1314,PROVISIONAL_FREE,build/central-runtime-cumulative-v15/font-config.json
잭,U+C7AD,0xa5f8,0x95c7,1389,85,1123,1389,PROVISIONAL_FREE,build/central-runtime-cumulative-v15/font-config.json
젊,U+C80A,0xa5f9,0x975c,1444,85,1124,1444,PROVISIONAL_FREE,build/central-runtime-cumulative-v15/font-config.json
젓,U+C813,0xa5fa,0x97fb,1477,85,1125,1477,PROVISIONAL_FREE,build/central-runtime-cumulative-v15/font-config.json
젖,U+C816,0xa5fb,0x9779,1521,85,1126,1521,PROVISIONAL_FREE,build/central-runtime-cumulative-v15/font-config.json
젠,U+C820,0xa5fc,0x81bc,2213,85,1127,2213,PROVISIONAL_FREE,build/central-runtime-cumulative-v15/font-config.json
젯,U+C82F,0xa640,0x9049,2045,85,1128,2045,PROVISIONAL_FREE,build/central-runtime-cumulative-v15/font-config.json
좁,U+C881,0xa641,0x93c7,297,85,1129,297,PROVISIONAL_FREE,build/central-runtime-cumulative-v15/font-config.json
좌,U+C88C,0xa642,0x88ab,369,85,1130,369,PROVISIONAL_FREE,build/central-runtime-cumulative-v15/font-config.json
죄,U+C8C4,0xa643,0x96e5,704,85,1131,704,PROVISIONAL_FREE,build/central-runtime-cumulative-v15/font-config.json
죠,U+C8E0,0xa644,0x95a1,778,85,1132,778,PROVISIONAL_FREE,build/central-runtime-cumulative-v15/font-config.json
줍,U+C90D,0xa645,0x8bd6,983,85,1133,983,PROVISIONAL_FREE,build/central-runtime-cumulative-v15/font-config.json
줏,U+C90F,0xa646,0x8d44,1037,85,1134,1037,PROVISIONAL_FREE,build/central-runtime-cumulative-v15/font-config.json
줬,U+C92C,0xa647,0x8db7,1057,85,1135,1057,PROVISIONAL_FREE,build/central-runtime-cumulative-v15/font-config.json
쥐,U+C950,0xa648,0x8f43,1124,85,1136,1124,PROVISIONAL_FREE,build/central-runtime-cumulative-v15/font-config.json
쥔,U+C954,0xa649,0x8f87,1141,85,1137,1141,PROVISIONAL_FREE,build/central-runtime-cumulative-v15/font-config.json
즘,U+C998,0xa64a,0x8fa4,1149,85,1138,1149,PROVISIONAL_FREE,build/central-runtime-cumulative-v15/font-config.json
짊,U+C9CA,0xa64b,0x92ae,1271,85,1139,1271,PROVISIONAL_FREE,build/central-runtime-cumulative-v15/font-config.json
짖,U+C9D6,0xa64c,0x8b70,1340,85,1140,1340,PROVISIONAL_FREE,build/central-runtime-cumulative-v15/font-config.json
짝,U+C9DD,0xa64d,0x94ed,1360,85,1141,1360,PROVISIONAL_FREE,build/central-runtime-cumulative-v15/font-config.json
쨌,U+CA0C,0xa64e,0x9582,1376,85,1142,1376,PROVISIONAL_FREE,build/central-runtime-cumulative-v15/font-config.json
쩍,U+CA4D,0xa64f,0x96e9,1430,85,1143,1430,PROVISIONAL_FREE,build/central-runtime-cumulative-v15/font-config.json
쩐,U+CA50,0xa650,0x8d58,257,85,1144,257,PROVISIONAL_FREE,build/central-runtime-cumulative-v15/font-config.json
쩜,U+CA5C,0xa651,0x8975,382,85,1145,382,PROVISIONAL_FREE,build/central-runtime-cumulative-v15/font-config.json
쩡,U+CA61,0xa652,0x8ebe,662,85,1146,662,PROVISIONAL_FREE,build/central-runtime-cumulative-v15/font-config.json
쪄,U+CA84,0xa653,0x90a2,795,85,1147,795,PROVISIONAL_FREE,build/central-runtime-cumulative-v15/font-config.json
쪘,U+CA98,0xa654,0x89d7,902,85,1148,902,PROVISIONAL_FREE,build/central-runtime-cumulative-v15/font-config.json
쪼,U+CABC,0xa655,0x8d8f,1049,85,1149,1049,PROVISIONAL_FREE,build/central-runtime-cumulative-v15/font-config.json
쫓,U+CAD3,0xa656,0x90e0,1202,85,1150,1202,PROVISIONAL_FREE,build/central-runtime-cumulative-v15/font-config.json
쭈,U+CB48,0xa657,0x94f1,1361,85,1151,1361,PROVISIONAL_FREE,build/central-runtime-cumulative-v15/font-config.json
쭉,U+CB49,0xa658,0x9656,1405,85,1152,1405,PROVISIONAL_FREE,build/central-runtime-cumulative-v15/font-config.json
쭙,U+CB59,0xa659,0x8c8e,347,85,1153,347,PROVISIONAL_FREE,build/central-runtime-cumulative-v15/font-config.json
쭤,U+CB64,0xa65a,0x97f3,459,85,1154,459,PROVISIONAL_FREE,build/central-runtime-cumulative-v15/font-config.json
쯤,U+CBE4,0xa65b,0x8d87,515,85,1155,515,PROVISIONAL_FREE,build/central-runtime-cumulative-v15/font-config.json
쯧,U+CBE7,0xa65c,0x92b9,718,85,1156,718,PROVISIONAL_FREE,build/central-runtime-cumulative-v15/font-config.json
찍,U+CC0D,0xa65d,0x8ce5,1031,85,1157,1031,PROVISIONAL_FREE,build/central-runtime-cumulative-v15/font-config.json
찔,U+CC14,0xa65e,0x9188,1221,85,1158,1221,PROVISIONAL_FREE,build/central-runtime-cumulative-v15/font-config.json
찜,U+CC1C,0xa65f,0x919c,1228,85,1159,1228,PROVISIONAL_FREE,build/central-runtime-cumulative-v15/font-config.json
찝,U+CC1D,0xa660,0x9377,1296,85,1160,1296,PROVISIONAL_FREE,build/central-runtime-cumulative-v15/font-config.json
찡,U+CC21,0xa661,0x94de,1355,85,1161,1355,PROVISIONAL_FREE,build/central-runtime-cumulative-v15/font-config.json
찢,U+CC22,0xa662,0x959b,1378,85,1162,1378,PROVISIONAL_FREE,build/central-runtime-cumulative-v15/font-config.json
찰,U+CC30,0xa663,0x95f1,1396,85,1163,1396,PROVISIONAL_FREE,build/central-runtime-cumulative-v15/font-config.json
찻,U+CC3B,0xa664,0x96a7,1419,85,1164,1419,PROVISIONAL_FREE,build/central-runtime-cumulative-v15/font-config.json
찼,U+CC3C,0xa665,0x96d4,1425,85,1165,1425,PROVISIONAL_FREE,build/central-runtime-cumulative-v15/font-config.json
챘,U+CC58,0xa666,0x976c,523,85,1166,523,PROVISIONAL_FREE,build/central-runtime-cumulative-v15/font-config.json
챙,U+CC59,0xa667,0x9283,712,85,1167,712,PROVISIONAL_FREE,build/central-runtime-cumulative-v15/font-config.json
첨,U+CCA8,0xa668,0x94ad,756,85,1168,756,PROVISIONAL_FREE,build/central-runtime-cumulative-v15/font-config.json
쳤,U+CCE4,0xa669,0x8aa8,922,85,1169,922,PROVISIONAL_FREE,build/central-runtime-cumulative-v15/font-config.json
촉,U+CD09,0xa66a,0x8b41,944,85,1170,944,PROVISIONAL_FREE,build/central-runtime-cumulative-v15/font-config.json
촙,U+CD19,0xa66b,0x8c80,1006,85,1171,1006,PROVISIONAL_FREE,build/central-runtime-cumulative-v15/font-config.json
총,U+CD1D,0xa66c,0x8f62,1134,85,1172,1134,PROVISIONAL_FREE,build/central-runtime-cumulative-v15/font-config.json
춘,U+CD98,0xa66d,0x8f74,1139,85,1173,1139,PROVISIONAL_FREE,build/central-runtime-cumulative-v15/font-config.json
춥,U+CDA5,0xa66e,0x919b,1227,85,1174,1227,PROVISIONAL_FREE,build/central-runtime-cumulative-v15/font-config.json
췄,U+CDC4,0xa66f,0x9288,1262,85,1175,1262,PROVISIONAL_FREE,build/central-runtime-cumulative-v15/font-config.json
췌,U+CDCC,0xa670,0x945f,1326,85,1176,1326,PROVISIONAL_FREE,build/central-runtime-cumulative-v15/font-config.json
측,U+CE21,0xa671,0x966b,1408,85,1177,1408,PROVISIONAL_FREE,build/central-runtime-cumulative-v15/font-config.json
층,U+CE35,0xa672,0x96f4,1433,85,1178,1433,PROVISIONAL_FREE,build/central-runtime-cumulative-v15/font-config.json
칙,U+CE59,0xa673,0x8e8c,1509,85,1179,1509,PROVISIONAL_FREE,build/central-runtime-cumulative-v15/font-config.json
칫,U+CE6B,0xa674,0x968b,1790,85,1180,1790,PROVISIONAL_FREE,build/central-runtime-cumulative-v15/font-config.json
캉,U+CE89,0xa675,0x89ba,281,85,1181,281,PROVISIONAL_FREE,build/central-runtime-cumulative-v15/font-config.json
캠,U+CEA0,0xa676,0x9583,303,85,1182,303,PROVISIONAL_FREE,build/central-runtime-cumulative-v15/font-config.json
캬,U+CEAC,0xa677,0x90e1,384,85,1183,384,PROVISIONAL_FREE,build/central-runtime-cumulative-v15/font-config.json
컥,U+CEE5,0xa678,0x91ce,397,85,1184,397,PROVISIONAL_FREE,build/central-runtime-cumulative-v15/font-config.json
컨,U+CEE8,0xa679,0x8b9f,442,85,1185,442,PROVISIONAL_FREE,build/central-runtime-cumulative-v15/font-config.json
컴,U+CEF4,0xa67a,0x8b9b,477,85,1186,477,PROVISIONAL_FREE,build/central-runtime-cumulative-v15/font-config.json
컸,U+CEF8,0xa67b,0x8e76,513,85,1187,513,PROVISIONAL_FREE,build/central-runtime-cumulative-v15/font-config.json
켓,U+CF13,0xa67c,0x8ed2,518,85,1188,518,PROVISIONAL_FREE,build/central-runtime-cumulative-v15/font-config.json
켰,U+CF30,0xa67d,0x8eaf,589,85,1189,589,PROVISIONAL_FREE,build/central-runtime-cumulative-v15/font-config.json
콕,U+CF55,0xa67e,0x96ad,650,85,1190,650,PROVISIONAL_FREE,build/central-runtime-cumulative-v15/font-config.json
콧,U+CF67,0xa680,0x9841,667,85,1191,667,PROVISIONAL_FREE,build/central-runtime-cumulative-v15/font-config.json
콩,U+CF69,0xa681,0x8bd8,984,85,1192,984,PROVISIONAL_FREE,build/central-runtime-cumulative-v15/font-config.json
콰,U+CF70,0xa682,0x8cf7,1034,85,1193,1034,PROVISIONAL_FREE,build/central-runtime-cumulative-v15/font-config.json
쾅,U+CF85,0xa683,0x8e8f,1099,85,1194,1099,PROVISIONAL_FREE,build/central-runtime-cumulative-v15/font-config.json
쿵,U+CFF5,0xa684,0x8b53,506,85,1195,506,PROVISIONAL_FREE,build/central-runtime-cumulative-v15/font-config.json
큭,U+D06D,0xa685,0x945c,538,85,1196,538,PROVISIONAL_FREE,build/central-runtime-cumulative-v15/font-config.json
킁,U+D081,0xa686,0x9745,585,85,1197,585,PROVISIONAL_FREE,build/central-runtime-cumulative-v15/font-config.json
탐,U+D0D0,0xa687,0x93c1,765,85,1198,765,PROVISIONAL_FREE,build/central-runtime-cumulative-v15/font-config.json
탑,U+D0D1,0xa688,0x93b1,803,85,1199,803,PROVISIONAL_FREE,build/central-runtime-cumulative-v15/font-config.json
탔,U+D0D4,0xa689,0x88e1,866,85,1200,866,PROVISIONAL_FREE,build/central-runtime-cumulative-v15/font-config.json
탕,U+D0D5,0xa68a,0x8e55,1081,85,1201,1081,PROVISIONAL_FREE,build/central-runtime-cumulative-v15/font-config.json
탤,U+D0E4,0xa68b,0x9752,1438,85,1202,1438,PROVISIONAL_FREE,build/central-runtime-cumulative-v15/font-config.json
탱,U+D0F1,0xa68c,0x97f1,1475,85,1203,1475,PROVISIONAL_FREE,build/central-runtime-cumulative-v15/font-config.json
턱,U+D131,0xa68d,0x95f4,1554,85,1204,1554,PROVISIONAL_FREE,build/central-runtime-cumulative-v15/font-config.json
텀,U+D140,0xa68e,0x8aaa,498,85,1205,498,PROVISIONAL_FREE,build/central-runtime-cumulative-v15/font-config.json
텅,U+D145,0xa68f,0x9683,533,85,1206,533,PROVISIONAL_FREE,build/central-runtime-cumulative-v15/font-config.json
텔,U+D154,0xa690,0x947b,578,85,1207,578,PROVISIONAL_FREE,build/central-runtime-cumulative-v15/font-config.json
텨,U+D168,0xa691,0x9755,773,85,1208,773,PROVISIONAL_FREE,build/central-runtime-cumulative-v15/font-config.json
텼,U+D17C,0xa692,0x9791,818,85,1209,818,PROVISIONAL_FREE,build/central-runtime-cumulative-v15/font-config.json
톡,U+D1A1,0xa693,0x97bc,835,85,1210,835,PROVISIONAL_FREE,build/central-runtime-cumulative-v15/font-config.json
톱,U+D1B1,0xa694,0x89a3,892,85,1211,892,PROVISIONAL_FREE,build/central-runtime-cumulative-v15/font-config.json
툰,U+D230,0xa695,0x8e8e,1098,85,1212,1098,PROVISIONAL_FREE,build/central-runtime-cumulative-v15/font-config.json
툴,U+D234,0xa696,0x90c8,1196,85,1213,1196,PROVISIONAL_FREE,build/central-runtime-cumulative-v15/font-config.json
퉁,U+D241,0xa697,0x917b,1218,85,1214,1218,PROVISIONAL_FREE,build/central-runtime-cumulative-v15/font-config.json
퉜,U+D25C,0xa698,0x91a7,1233,85,1215,1233,PROVISIONAL_FREE,build/central-runtime-cumulative-v15/font-config.json
튜,U+D29C,0xa699,0x94db,1354,85,1216,1354,PROVISIONAL_FREE,build/central-runtime-cumulative-v15/font-config.json
틴,U+D2F4,0xa69a,0x965d,1407,85,1217,1407,PROVISIONAL_FREE,build/central-runtime-cumulative-v15/font-config.json
팀,U+D300,0xa69b,0x9765,1448,85,1218,1448,PROVISIONAL_FREE,build/central-runtime-cumulative-v15/font-config.json
팅,U+D305,0xa69c,0x9279,2202,85,1219,2202,PROVISIONAL_FREE,build/central-runtime-cumulative-v15/font-config.json
팍,U+D30D,0xa69d,0x95cf,256,85,1220,256,PROVISIONAL_FREE,build/central-runtime-cumulative-v15/font-config.json
팎,U+D30E,0xa69e,0x9197,350,85,1221,350,PROVISIONAL_FREE,build/central-runtime-cumulative-v15/font-config.json
팠,U+D320,0xa69f,0x9380,365,85,1222,365,PROVISIONAL_FREE,build/central-runtime-cumulative-v15/font-config.json
팬,U+D32C,0xa6a0,0x96c5,540,85,1223,540,PROVISIONAL_FREE,build/central-runtime-cumulative-v15/font-config.json
펀,U+D380,0xa6a1,0x89b7,600,85,1224,600,PROVISIONAL_FREE,build/central-runtime-cumulative-v15/font-config.json
펑,U+D391,0xa6a2,0x906a,701,85,1225,701,PROVISIONAL_FREE,build/central-runtime-cumulative-v15/font-config.json
펠,U+D3A0,0xa6a3,0x965c,726,85,1226,726,PROVISIONAL_FREE,build/central-runtime-cumulative-v15/font-config.json
펨,U+D3A8,0xa6a4,0x8ad4,762,85,1227,762,PROVISIONAL_FREE,build/central-runtime-cumulative-v15/font-config.json
펴,U+D3B4,0xa6a5,0x8f75,802,85,1228,802,PROVISIONAL_FREE,build/central-runtime-cumulative-v15/font-config.json
펼,U+D3BC,0xa6a6,0x9866,806,85,1229,806,PROVISIONAL_FREE,build/central-runtime-cumulative-v15/font-config.json
폐,U+D3D0,0xa6a7,0x92c3,830,85,1230,830,PROVISIONAL_FREE,build/central-runtime-cumulative-v15/font-config.json
폴,U+D3F4,0xa6a8,0x8b40,943,85,1231,943,PROVISIONAL_FREE,build/central-runtime-cumulative-v15/font-config.json
폼,U+D3FC,0xa6a9,0x8b8c,964,85,1232,964,PROVISIONAL_FREE,build/central-runtime-cumulative-v15/font-config.json
푹,U+D479,0xa6aa,0x9768,1449,85,1233,1449,PROVISIONAL_FREE,build/central-runtime-cumulative-v15/font-config.json
풉,U+D489,0xa6ab,0x8ac2,1602,85,1234,1602,PROVISIONAL_FREE,build/central-runtime-cumulative-v15/font-config.json
픈,U+D508,0xa6ac,0x94c0,1783,85,1235,1783,PROVISIONAL_FREE,build/central-runtime-cumulative-v15/font-config.json
픔,U+D514,0xa6ad,0x8b7c,446,85,1236,446,PROVISIONAL_FREE,build/central-runtime-cumulative-v15/font-config.json
핑,U+D551,0xa6ae,0x96c6,526,85,1237,526,PROVISIONAL_FREE,build/central-runtime-cumulative-v15/font-config.json
핥,U+D565,0xa6af,0x97d1,531,85,1238,531,PROVISIONAL_FREE,build/central-runtime-cumulative-v15/font-config.json
핵,U+D575,0xa6b0,0x90e2,572,85,1239,572,PROVISIONAL_FREE,build/central-runtime-cumulative-v15/font-config.json
햇,U+D587,0xa6b1,0x93ef,854,85,1240,854,PROVISIONAL_FREE,build/central-runtime-cumulative-v15/font-config.json
햐,U+D590,0xa6b2,0x8c9f,1014,85,1241,1014,PROVISIONAL_FREE,build/central-runtime-cumulative-v15/font-config.json
헉,U+D5C9,0xa6b3,0x8da0,1052,85,1242,1052,PROVISIONAL_FREE,build/central-runtime-cumulative-v15/font-config.json
헐,U+D5D0,0xa6b4,0x8dcf,1063,85,1243,1063,PROVISIONAL_FREE,build/central-runtime-cumulative-v15/font-config.json
헛,U+D5DB,0xa6b5,0x91d2,1236,85,1244,1236,PROVISIONAL_FREE,build/central-runtime-cumulative-v15/font-config.json
헴,U+D5F4,0xa6b6,0x91de,1240,85,1245,1240,PROVISIONAL_FREE,build/central-runtime-cumulative-v15/font-config.json
헷,U+D5F7,0xa6b7,0x9357,1288,85,1246,1288,PROVISIONAL_FREE,build/central-runtime-cumulative-v15/font-config.json
헹,U+D5F9,0xa6b8,0x93a2,1310,85,1247,1310,PROVISIONAL_FREE,build/central-runtime-cumulative-v15/font-config.json
혁,U+D601,0xa6b9,0x92ef,1885,85,1248,1885,PROVISIONAL_FREE,build/central-runtime-cumulative-v15/font-config.json
혐,U+D610,0xa6ba,0x9149,291,85,1249,291,PROVISIONAL_FREE,build/central-runtime-cumulative-v15/font-config.json
협,U+D611,0xa6bb,0x9166,366,85,1250,366,PROVISIONAL_FREE,build/central-runtime-cumulative-v15/font-config.json
홈,U+D648,0xa6bc,0x8d7a,407,85,1251,407,PROVISIONAL_FREE,build/central-runtime-cumulative-v15/font-config.json
홧,U+D667,0xa6bd,0x8b6c,488,85,1252,488,PROVISIONAL_FREE,build/central-runtime-cumulative-v15/font-config.json
훈,U+D6C8,0xa6be,0x8e47,672,85,1253,672,PROVISIONAL_FREE,build/central-runtime-cumulative-v15/font-config.json
훌,U+D6CC,0xa6bf,0x9152,753,85,1254,753,PROVISIONAL_FREE,build/central-runtime-cumulative-v15/font-config.json
훗,U+D6D7,0xa6c0,0x8966,876,85,1255,876,PROVISIONAL_FREE,build/central-runtime-cumulative-v15/font-config.json
훤,U+D6E4,0xa6c1,0x8f45,1125,85,1256,1125,PROVISIONAL_FREE,build/central-runtime-cumulative-v15/font-config.json
훨,U+D6E8,0xa6c2,0x8f9f,1148,85,1257,1148,PROVISIONAL_FREE,build/central-runtime-cumulative-v15/font-config.json
휙,U+D719,0xa6c3,0x90bc,1193,85,1258,1193,PROVISIONAL_FREE,build/central-runtime-cumulative-v15/font-config.json
휠,U+D720,0xa6c4,0x918a,1222,85,1259,1222,PROVISIONAL_FREE,build/central-runtime-cumulative-v15/font-config.json
흔,U+D754,0xa6c5,0x8ba5,1504,85,1260,1504,PROVISIONAL_FREE,build/central-runtime-cumulative-v15/font-config.json
흙,U+D759,0xa6c6,0x8afa,286,85,1261,286,PROVISIONAL_FREE,build/central-runtime-cumulative-v15/font-config.json
흠,U+D760,0xa6c7,0x9788,484,85,1262,484,PROVISIONAL_FREE,build/central-runtime-cumulative-v15/font-config.json
흥,U+D765,0xa6c8,0x8dbb,602,85,1263,602,PROVISIONAL_FREE,build/central-runtime-cumulative-v15/font-config.json
흩,U+D769,0xa6c9,0x8cea,618,85,1264,618,PROVISIONAL_FREE,build/central-runtime-cumulative-v15/font-config.json
희,U+D76C,0xa6ca,0x946a,625,85,1265,625,PROVISIONAL_FREE,build/central-runtime-cumulative-v15/font-config.json
힙,U+D799,0xa6cb,0x92e9,736,85,1266,736,PROVISIONAL_FREE,build/central-runtime-cumulative-v15/font-config.json
힛,U+D79B,0xa6cc,0x9073,746,85,1267,746,PROVISIONAL_FREE,build/central-runtime-cumulative-v15/font-config.json
램,U+B7A8,0xa6cd,0x898c,829,85,1268,829,PROVISIONAL_FREE,build/central-runtime-cumulative-v15/font-config.json
롤,U+B864,0xa6ce,0x8b8f,966,85,1269,966,PROVISIONAL_FREE,build/central-runtime-cumulative-v15/font-config.json
왈,U+C648,0xa6cf,0x8bf4,988,85,1270,988,PROVISIONAL_FREE,build/central-runtime-cumulative-v15/font-config.json
펄,U+D384,0xa6d0,0x8cc5,1023,85,1271,1023,PROVISIONAL_FREE,build/central-runtime-cumulative-v15/font-config.json
퓨,U+D4E8,0xa6d1,0x8e6f,1088,85,1272,1088,PROVISIONAL_FREE,build/central-runtime-cumulative-v15/font-config.json
