mdt,scene_id,record_id,resource_id,class,subtype,offset,resource_relative_offset,end_offset,size,boundary_role,previous_message,next_message,raw_hex,exact_hash,structure_hash,prefix_hex,suffix_hex,observed_control_bytes
/Users/j.swon/Desktop/Grandia3_KR/work/scenario/resources/00030100/00030100.MDT,00030100,0x00740000,0x00006000,0x6000,0,0x002A956C,0x0004,0x002A957F,19,pre_message,,SCN_00030100_00740000_0001,00 a6 95 0f 00 10 30 c7 00 0d 09 ff ff ff ff 60 00 3c 00,91173496ea928761741c823b0bb6c4a281f6a9f947341eaed5a39d1fbb65bf58,6c5990951bf2bd871be37669d80270d4a24f89fac072faf21ef617664c3da10c,00 a6 95 0f 00 10 30 c7,ff ff ff ff 60 00 3c 00,00 0F 00 10 00 0D 09 FF FF FF FF 00 00
/Users/j.swon/Desktop/Grandia3_KR/work/scenario/resources/00030100/00030100.MDT,00030100,0x00740000,0x00006000,0x6000,0,0x002A959A,0x0032,0x002A959E,4,between_messages,SCN_00030100_00740000_0001,SCN_00030100_00740000_0002,05 00 02 04,a348a3d36579e47243607fa7189cd286346d4f1a35ba8213a1e56e6c50e8c1f8,6f263b2173be918e3cafde4a6ae1dbcf45c357c36234b4822be87bdac553866e,05 00 02 04,05 00 02 04,05 00 02 04
/Users/j.swon/Desktop/Grandia3_KR/work/scenario/resources/00030100/00030100.MDT,00030100,0x00740000,0x00006000,0x6000,0,0x002A959E,0x0036,0x002A9646,168,between_messages,SCN_00030100_00740000_0001,SCN_00030100_00740000_0002,00 00 00 00 00 10 30 52 00 1f 09 d2 07 00 00 00 00 00 00 00 00 00 00 00 00 00 00 02 05 00 02 04 00 01 00 00 00 10 30 91 00 06 01 bc 01 13 ff 2e 0d 0a a8 00 40 01 b0 00 3c 00 80 0e 00 00 00 21 08 12 00 61 69 48 66 69 7f 9b f1 5f f0 d6 f0 8a 92 08 21 0d ff 00 10 00 0d 00 02 05 00 02 04 00 02 00 00 00 10 30 b8 00 13 ff 01 1f 08 0f 00 00 00 00 00 00 00 00 00 00 00 00 00 00 00 10 00 0d 00 02 05 00 02 04 00 03 00 00 00 10 30 c6 00 02 02 05 00 05 00 00 a6 95 0f 00 10 30 c0 01 0d 09 ff ff ff ff 90 00 50 00,288778374a076784e281f33df19f90fc9537652c9912244bbd133bc9a8bb61c1,61f38a39974d7070a2a0ace64643c8b9c10fc5c53bed4a4c87955dfd03a7db31,00 00 00 00 00 10 30 52,ff ff ff ff 90 00 50 00,00 00 00 00 00 10 00 1F 09 07 00 00 00 00 00 00 00 00 00 00 00 00 00 00 02 05 00 02 04 00 01 00 00 00 10 00 06 01 01 13 FF 0D 0A 00 01 00 00 0E 00 00 00 08 12 00 F1 F0 F0 08 0D FF 00 10 00 0D 00 02 05 00 02 04 00 02 00 00 00 10 00 13 FF 01 1F 08 0F 00 00 00 00 00 00 00 00 00 00 00 00 00 00 00 10 00 0D 00 02 05 00 02 04 00 03 00 00 00 10 00 02 02 05 00 05 00 00 0F 00 10 01 0D 09 FF FF FF FF 00 00
/Users/j.swon/Desktop/Grandia3_KR/work/scenario/resources/00030100/00030100.MDT,00030100,0x00740000,0x00006000,0x6000,0,0x002A966C,0x0104,0x002A9730,196,resource_tail,SCN_00030100_00740000_0002,,05 00 02 04 00 00 00 00 00 10 30 24 01 1f 09 d2 07 00 00 00 00 00 00 00 00 00 00 00 00 00 00 02 05 00 02 04 00 01 00 00 00 10 30 63 01 06 01 bc 01 13 ff 2e 0d 0a a8 00 40 01 b0 00 3c 00 80 0e 00 00 00 21 08 12 00 61 69 48 66 69 7f 9b f1 5f f0 d6 f0 8a 92 08 21 0d ff 00 10 00 d4 00 02 05 00 02 04 00 02 00 00 00 10 30 8a 01 13 ff 01 1f 08 0f 00 00 00 00 00 00 00 00 00 00 00 00 00 00 00 10 00 d4 00 02 05 00 02 04 00 03 00 00 00 10 30 b1 01 13 ff 01 1f 08 10 00 00 00 00 00 00 00 00 00 00 00 00 00 00 00 10 00 d4 00 02 05 00 02 04 00 04 00 00 00 10 30 bf 01 02 02 02 02 00 00 00 00 00 00,b5282aacf0ad4e853b88221c81d7a7d94852434101d94aef397f2e26232ded5d,9574650ee28e4b8325537921a8e6589526bd613a9e214940cfe6eb2b5bb669b6,05 00 02 04 00 00 00 00,02 02 00 00 00 00 00 00,05 00 02 04 00 00 00 00 00 10 01 1F 09 07 00 00 00 00 00 00 00 00 00 00 00 00 00 00 02 05 00 02 04 00 01 00 00 00 10 01 06 01 01 13 FF 0D 0A 00 01 00 00 0E 00 00 00 08 12 00 F1 F0 F0 08 0D FF 00 10 00 00 02 05 00 02 04 00 02 00 00 00 10 01 13 FF 01 1F 08 0F 00 00 00 00 00 00 00 00 00 00 00 00 00 00 00 10 00 00 02 05 00 02 04 00 03 00 00 00 10 01 13 FF 01 1F 08 10 00 00 00 00 00 00 00 00 00 00 00 00 00 00 00 10 00 00 02 05 00 02 04 00 04 00 00 00 10 01 02 02 02 02 00 00 00 00 00 00
/Users/j.swon/Desktop/Grandia3_KR/work/scenario/resources/00030100/00030100.MDT,00030100,0x00740000,0x00396001,0x6000,1,0x002A9734,0x0004,0x002A9747,19,pre_message,,SCN_00030100_00740000_0003,00 a6 95 0f 00 10 30 48 02 0d 09 ff ff ff ff 60 00 28 00,a55585aef7da169724b1c23f04acd26e634e4d2d3c53ea15383dce2002ef5821,661f05cbd4fc2325d1ba2d5f9fbe694fc22d033302e9b5764545a269764dc799,00 a6 95 0f 00 10 30 48,ff ff ff ff 60 00 28 00,00 0F 00 10 02 0D 09 FF FF FF FF 00 00
/Users/j.swon/Desktop/Grandia3_KR/work/scenario/resources/00030100/00030100.MDT,00030100,0x00740000,0x00396001,0x6000,1,0x002A975A,0x002A,0x002A975E,4,between_messages,SCN_00030100_00740000_0003,SCN_00030100_00740000_0004,05 00 02 04,a348a3d36579e47243607fa7189cd286346d4f1a35ba8213a1e56e6c50e8c1f8,6f263b2173be918e3cafde4a6ae1dbcf45c357c36234b4822be87bdac553866e,05 00 02 04,05 00 02 04,05 00 02 04
/Users/j.swon/Desktop/Grandia3_KR/work/scenario/resources/00030100/00030100.MDT,00030100,0x00740000,0x00396001,0x6000,1,0x002A975E,0x002E,0x002A97C7,105,between_messages,SCN_00030100_00740000_0003,SCN_00030100_00740000_0004,00 00 00 00 00 10 30 12 02 1f 09 d2 07 00 00 00 00 00 00 00 00 00 00 00 00 00 00 02 05 00 02 04 00 01 00 00 00 10 30 39 02 13 ff 01 1f 08 0f 00 00 00 00 00 00 00 00 00 00 00 00 00 00 00 10 00 d5 01 02 05 00 02 04 00 02 00 00 00 10 30 47 02 02 02 05 00 05 00 00 a6 95 0f 00 10 30 fa 02 0d 09 ff ff ff ff 90 00 3c 00,77f8fb371c620f3847581171603d81a2d68e9eae012b591e9f8b934520e24ef4,a89c07ac2aa99a2a4c5b2b72fecf502a90b3e0de72891b6232f93286839131b8,00 00 00 00 00 10 30 12,ff ff ff ff 90 00 3c 00,00 00 00 00 00 10 12 02 1F 09 07 00 00 00 00 00 00 00 00 00 00 00 00 00 00 02 05 00 02 04 00 01 00 00 00 10 02 13 FF 01 1F 08 0F 00 00 00 00 00 00 00 00 00 00 00 00 00 00 00 10 00 01 02 05 00 02 04 00 02 00 00 00 10 02 02 02 05 00 05 00 00 0F 00 10 02 0D 09 FF FF FF FF 00 00
/Users/j.swon/Desktop/Grandia3_KR/work/scenario/resources/00030100/00030100.MDT,00030100,0x00740000,0x00396001,0x6000,1,0x002A97E5,0x00B5,0x002A9868,131,resource_tail,SCN_00030100_00740000_0004,,05 00 02 04 00 00 00 00 00 10 30 9d 02 1f 09 d2 07 00 00 00 00 00 00 00 00 00 00 00 00 00 00 02 05 00 02 04 00 01 00 00 00 10 30 c4 02 13 ff 01 1f 08 0f 00 00 00 00 00 00 00 00 00 00 00 00 00 00 00 10 00 55 02 02 05 00 02 04 00 02 00 00 00 10 30 eb 02 13 ff 01 1f 08 10 00 00 00 00 00 00 00 00 00 00 00 00 00 00 00 10 00 55 02 02 05 00 02 04 00 03 00 00 00 10 30 f9 02 02 02 02 02 00 00 00 00,9fbc8fce5224fb624c14b0f496eabfe49de2f2dfffce5bb9d2bcf6ce46dd43ea,04ae25f538620885d3abeb9f7450be7f93b4ff7701e4b907535ce08ecbc1ecbd,05 00 02 04 00 00 00 00,02 02 02 02 00 00 00 00,05 00 02 04 00 00 00 00 00 10 02 1F 09 07 00 00 00 00 00 00 00 00 00 00 00 00 00 00 02 05 00 02 04 00 01 00 00 00 10 02 13 FF 01 1F 08 0F 00 00 00 00 00 00 00 00 00 00 00 00 00 00 00 10 00 02 02 05 00 02 04 00 02 00 00 00 10 02 13 FF 01 1F 08 10 00 00 00 00 00 00 00 00 00 00 00 00 00 00 00 10 00 02 02 05 00 02 04 00 03 00 00 00 10 F9 02 02 02 02 02 00 00 00 00
/Users/j.swon/Desktop/Grandia3_KR/work/scenario/resources/00030100/00030100.MDT,00030100,0x00740000,0x00602000,0x2000,0,0x002A986C,0x0004,0x002A9898,44,pre_message,,SCN_00030100_00740000_0005,06 01 05 00 05 00 00 9a 6a 0f 00 05 00 06 00 00 c2 6a 0f 00 10 30 57 04 03 00 02 20 06 01 10 30 e5 03 0d 00 ff ff ff ff b0 00 3c 00,6ad957f04c295ff4fe69237b30dd05dd8bb3a840f1f39c911884d000cbc55acb,7ea95e11761fc7dc12127053a8e3a2ba0c12f38e641694798741330c599bc5ac,06 01 05 00 05 00 00 9a,ff ff ff ff b0 00 3c 00,06 01 05 00 05 00 00 0F 00 05 00 06 00 00 0F 00 10 04 03 00 02 06 01 10 03 0D 00 FF FF FF FF 00 00
/Users/j.swon/Desktop/Grandia3_KR/work/scenario/resources/00030100/00030100.MDT,00030100,0x00740000,0x00602000,0x2000,0,0x002A98C8,0x0060,0x002A98CC,4,between_messages,SCN_00030100_00740000_0005,SCN_00030100_00740000_0006,0d 00 ff ff,676b67168b7387cb93621f2701c61c4cfc71c63afe457ec4d1e0c17daeacec1e,e5114bd47b3c5e979a88876ee7f086231103ef978d6d3692d31f6a6879314dfb,0d 00 ff ff,0d 00 ff ff,0D 00 FF FF
/Users/j.swon/Desktop/Grandia3_KR/work/scenario/resources/00030100/00030100.MDT,00030100,0x00740000,0x00602000,0x2000,0,0x002A98CC,0x0064,0x002A98D2,6,between_messages,SCN_00030100_00740000_0005,SCN_00030100_00740000_0006,ff ff c0 00 3c 00,4e8ec4022086477ff03b9ab72483e2be2b0f15f343a01d62000d8014a428c5ce,fb560cc5038ceaf5a385041d1c6972e965507d9bbdf7402e880cbb04cf74d9a2,ff ff c0 00 3c 00,ff ff c0 00 3c 00,FF FF 00 00
/Users/j.swon/Desktop/Grandia3_KR/work/scenario/resources/00030100/00030100.MDT,00030100,0x00740000,0x00602000,0x2000,0,0x002A9919,0x00B1,0x002A991D,4,between_messages,SCN_00030100_00740000_0006,SCN_00030100_00740000_0007,0d 00 ff ff,676b67168b7387cb93621f2701c61c4cfc71c63afe457ec4d1e0c17daeacec1e,e5114bd47b3c5e979a88876ee7f086231103ef978d6d3692d31f6a6879314dfb,0d 00 ff ff,0d 00 ff ff,0D 00 FF FF
/Users/j.swon/Desktop/Grandia3_KR/work/scenario/resources/00030100/00030100.MDT,00030100,0x00740000,0x00602000,0x2000,0,0x002A991D,0x00B5,0x002A9923,6,between_messages,SCN_00030100_00740000_0006,SCN_00030100_00740000_0007,ff ff 70 00 14 00,f41aff79e532ef78d3a2d998c16bf2de175f8fd78850ddcc1fb93fe8fd29a1f3,4b1d27e243a4de4dbd72acc07a027175228a3e178fc75f59b4841d9364e0029e,ff ff 70 00 14 00,ff ff 70 00 14 00,FF FF 00 14 00
/Users/j.swon/Desktop/Grandia3_KR/work/scenario/resources/00030100/00030100.MDT,00030100,0x00740000,0x00602000,0x2000,0,0x002A9932,0x00CA,0x002A9936,4,between_messages,SCN_00030100_00740000_0007,SCN_00030100_00740000_0008,0d 00 ff ff,676b67168b7387cb93621f2701c61c4cfc71c63afe457ec4d1e0c17daeacec1e,e5114bd47b3c5e979a88876ee7f086231103ef978d6d3692d31f6a6879314dfb,0d 00 ff ff,0d 00 ff ff,0D 00 FF FF
/Users/j.swon/Desktop/Grandia3_KR/work/scenario/resources/00030100/00030100.MDT,00030100,0x00740000,0x00602000,0x2000,0,0x002A9936,0x00CE,0x002A993C,6,between_messages,SCN_00030100_00740000_0007,SCN_00030100_00740000_0008,ff ff 80 00 14 00,5b7a17f6945c343216c6a0b42485bb08a9a18b39cd83cfa7f56e915922361f44,ac59894884fbeb81c2307b5125c98649167f87c2beeef496a0233c9fb32746d2,ff ff 80 00 14 00,ff ff 80 00 14 00,FF FF 00 14 00
/Users/j.swon/Desktop/Grandia3_KR/work/scenario/resources/00030100/00030100.MDT,00030100,0x00740000,0x00602000,0x2000,0,0x002A994C,0x00E4,0x002A9950,4,between_messages,SCN_00030100_00740000_0008,SCN_00030100_00740000_0009,02 03 00 05,9deff806d73e1081c5d45efde598b626af96717844d94757fb0a2860c1782c2e,e611d857b06b3ed4f7632fb5eec1b2ea23284782901ba3f8a342cd4a8b8563c9,02 03 00 05,02 03 00 05,02 03 00 05
/Users/j.swon/Desktop/Grandia3_KR/work/scenario/resources/00030100/00030100.MDT,00030100,0x00740000,0x00602000,0x2000,0,0x002A9950,0x00E8,0x002A9961,17,between_messages,SCN_00030100_00740000_0008,SCN_00030100_00740000_0009,20 06 02 10 30 56 04 0d 00 ff ff ff ff b0 00 3c 00,d431faf3923d964108902063112a49e321f8d718986e517a9542dd47f765142d,8e727d11067f0267b018a7ef6b8ccb9d97601bf1e0f431f6735cf2afad6d720c,20 06 02 10 30 56 04 0d,ff ff ff ff b0 00 3c 00,06 02 10 04 0D 00 FF FF FF FF 00 00
/Users/j.swon/Desktop/Grandia3_KR/work/scenario/resources/00030100/00030100.MDT,00030100,0x00740000,0x00602000,0x2000,0,0x002A9991,0x0129,0x002A9995,4,between_messages,SCN_00030100_00740000_0009,SCN_00030100_00740000_0010,0d 00 ff ff,676b67168b7387cb93621f2701c61c4cfc71c63afe457ec4d1e0c17daeacec1e,e5114bd47b3c5e979a88876ee7f086231103ef978d6d3692d31f6a6879314dfb,0d 00 ff ff,0d 00 ff ff,0D 00 FF FF
/Users/j.swon/Desktop/Grandia3_KR/work/scenario/resources/00030100/00030100.MDT,00030100,0x00740000,0x00602000,0x2000,0,0x002A9995,0x012D,0x002A999B,6,between_messages,SCN_00030100_00740000_0009,SCN_00030100_00740000_0010,ff ff c0 00 28 00,ca1b0d243a6ef4f1716ae9329616b0ba2b16b62ff37be0f0d1ee2412085bb2b3,fb560cc5038ceaf5a385041d1c6972e965507d9bbdf7402e880cbb04cf74d9a2,ff ff c0 00 28 00,ff ff c0 00 28 00,FF FF 00 00
/Users/j.swon/Desktop/Grandia3_KR/work/scenario/resources/00030100/00030100.MDT,00030100,0x00740000,0x00602000,0x2000,0,0x002A99BD,0x0155,0x002A99C1,4,between_messages,SCN_00030100_00740000_0010,SCN_00030100_00740000_0011,02 02 05 00,7e650f21648bd638fe9b8938ca5c46f368b85d6a97c6636bb35a6205dea45009,c8d03ad13895760ed8c2ee7cf945580da6a8b95bddc7fc9250a0e1914b9e6f97,02 02 05 00,02 02 05 00,02 02 05 00
/Users/j.swon/Desktop/Grandia3_KR/work/scenario/resources/00030100/00030100.MDT,00030100,0x00740000,0x00602000,0x2000,0,0x002A99C1,0x0159,0x002A99DF,30,between_messages,SCN_00030100_00740000_0010,SCN_00030100_00740000_0011,05 00 00 c2 6a 0f 00 05 00 06 00 00 c6 93 0f 00 10 30 f6 04 0d 00 ff ff ff ff b0 00 3c 00,8914b5f4e5f7ac325ca94a5848c7e4b8850a72e967f367449109beca56af60cb,6a4e0640af554be66dcee5a59cba561386c4ce105a894b4f5f298503daa6c989,05 00 00 c2 6a 0f 00 05,ff ff ff ff b0 00 3c 00,05 00 00 0F 00 05 00 06 00 00 0F 00 10 F6 04 0D 00 FF FF FF FF 00 00
/Users/j.swon/Desktop/Grandia3_KR/work/scenario/resources/00030100/00030100.MDT,00030100,0x00740000,0x00602000,0x2000,0,0x002A9A0F,0x01A7,0x002A9A13,4,between_messages,SCN_00030100_00740000_0011,SCN_00030100_00740000_0012,0d 00 ff ff,676b67168b7387cb93621f2701c61c4cfc71c63afe457ec4d1e0c17daeacec1e,e5114bd47b3c5e979a88876ee7f086231103ef978d6d3692d31f6a6879314dfb,0d 00 ff ff,0d 00 ff ff,0D 00 FF FF
/Users/j.swon/Desktop/Grandia3_KR/work/scenario/resources/00030100/00030100.MDT,00030100,0x00740000,0x00602000,0x2000,0,0x002A9A13,0x01AB,0x002A9A19,6,between_messages,SCN_00030100_00740000_0011,SCN_00030100_00740000_0012,ff ff a0 00 28 00,45fcf68f2f113f3e7c92daff71a6292e90929f32e57ccae8b1db8288d2b13d46,fb560cc5038ceaf5a385041d1c6972e965507d9bbdf7402e880cbb04cf74d9a2,ff ff a0 00 28 00,ff ff a0 00 28 00,FF FF 00 00
/Users/j.swon/Desktop/Grandia3_KR/work/scenario/resources/00030100/00030100.MDT,00030100,0x00740000,0x00602000,0x2000,0,0x002A9A35,0x01CD,0x002A9A39,4,between_messages,SCN_00030100_00740000_0012,SCN_00030100_00740000_0013,0d 00 ff ff,676b67168b7387cb93621f2701c61c4cfc71c63afe457ec4d1e0c17daeacec1e,e5114bd47b3c5e979a88876ee7f086231103ef978d6d3692d31f6a6879314dfb,0d 00 ff ff,0d 00 ff ff,0D 00 FF FF
/Users/j.swon/Desktop/Grandia3_KR/work/scenario/resources/00030100/00030100.MDT,00030100,0x00740000,0x00602000,0x2000,0,0x002A9A39,0x01D1,0x002A9A3F,6,between_messages,SCN_00030100_00740000_0012,SCN_00030100_00740000_0013,ff ff 90 00 28 00,b1363a58d5413af911c43555088eb7e75d31065613314e92c246fe7dd7b541c4,fb560cc5038ceaf5a385041d1c6972e965507d9bbdf7402e880cbb04cf74d9a2,ff ff 90 00 28 00,ff ff 90 00 28 00,FF FF 00 00
/Users/j.swon/Desktop/Grandia3_KR/work/scenario/resources/00030100/00030100.MDT,00030100,0x00740000,0x00602000,0x2000,0,0x002A9A5D,0x01F5,0x002A9A61,4,between_messages,SCN_00030100_00740000_0013,SCN_00030100_00740000_0014,02 05 00 05,5c07856df97a4593dbb20401100160b0eb6c030711242b484b0fadabb81224eb,e611d857b06b3ed4f7632fb5eec1b2ea23284782901ba3f8a342cd4a8b8563c9,02 05 00 05,02 05 00 05,02 05 00 05
/Users/j.swon/Desktop/Grandia3_KR/work/scenario/resources/00030100/00030100.MDT,00030100,0x00740000,0x00602000,0x2000,0,0x002A9A61,0x01F9,0x002A9A7E,29,between_messages,SCN_00030100_00740000_0013,SCN_00030100_00740000_0014,00 00 c6 93 0f 00 05 00 06 00 00 2a 94 0f 00 10 30 56 05 0d 00 ff ff ff ff e0 00 50 00,d1dd3d9eb01dfe24ae76ed9a6dd1559ace1558e1ca52b59ef9890dd12af7b1f9,200eb0f5c582222d89996010ed8a14d52b85a01868d28e673365d2e2c7e1cfb5,00 00 c6 93 0f 00 05 00,ff ff ff ff e0 00 50 00,00 00 0F 00 05 00 06 00 00 0F 00 10 05 0D 00 FF FF FF FF 00 00
/Users/j.swon/Desktop/Grandia3_KR/work/scenario/resources/00030100/00030100.MDT,00030100,0x00740000,0x00602000,0x2000,0,0x002A9ABD,0x0255,0x002A9AC1,4,between_messages,SCN_00030100_00740000_0014,SCN_00030100_00740000_0015,02 05 00 05,5c07856df97a4593dbb20401100160b0eb6c030711242b484b0fadabb81224eb,e611d857b06b3ed4f7632fb5eec1b2ea23284782901ba3f8a342cd4a8b8563c9,02 05 00 05,02 05 00 05,02 05 00 05
/Users/j.swon/Desktop/Grandia3_KR/work/scenario/resources/00030100/00030100.MDT,00030100,0x00740000,0x00602000,0x2000,0,0x002A9AC1,0x0259,0x002A9ADE,29,between_messages,SCN_00030100_00740000_0014,SCN_00030100_00740000_0015,00 00 2a 94 0f 00 05 00 06 00 00 8e 94 0f 00 10 30 cc 05 0d 00 ff ff ff ff c0 00 3c 00,70b42a67a32bc2301f4351d0815982b475076f3b384f4ca8665d0223916ca754,14682ed08910b582e50c252fc851854e22eaf18b7b14ca710a07f6b949a947a1,00 00 2a 94 0f 00 05 00,ff ff ff ff c0 00 3c 00,00 00 0F 00 05 00 06 00 00 0F 00 10 05 0D 00 FF FF FF FF 00 00
/Users/j.swon/Desktop/Grandia3_KR/work/scenario/resources/00030100/00030100.MDT,00030100,0x00740000,0x00602000,0x2000,0,0x002A9B0C,0x02A4,0x002A9B10,4,between_messages,SCN_00030100_00740000_0015,SCN_00030100_00740000_0016,0d 00 ff ff,676b67168b7387cb93621f2701c61c4cfc71c63afe457ec4d1e0c17daeacec1e,e5114bd47b3c5e979a88876ee7f086231103ef978d6d3692d31f6a6879314dfb,0d 00 ff ff,0d 00 ff ff,0D 00 FF FF
/Users/j.swon/Desktop/Grandia3_KR/work/scenario/resources/00030100/00030100.MDT,00030100,0x00740000,0x00602000,0x2000,0,0x002A9B10,0x02A8,0x002A9B16,6,between_messages,SCN_00030100_00740000_0015,SCN_00030100_00740000_0016,ff ff a0 00 28 00,45fcf68f2f113f3e7c92daff71a6292e90929f32e57ccae8b1db8288d2b13d46,fb560cc5038ceaf5a385041d1c6972e965507d9bbdf7402e880cbb04cf74d9a2,ff ff a0 00 28 00,ff ff a0 00 28 00,FF FF 00 00
/Users/j.swon/Desktop/Grandia3_KR/work/scenario/resources/00030100/00030100.MDT,00030100,0x00740000,0x00602000,0x2000,0,0x002A9B33,0x02CB,0x002A9B38,5,resource_tail,SCN_00030100_00740000_0016,,02 02 00 00 00,46090cbfcb0371db49c85453f164ff3bb0849c61f296537b7a0e93330c15c296,7ad6fe84b12b1ac89aa5127885455a34d6a586a410e43d2d4e77304775af91d1,02 02 00 00 00,02 02 00 00 00,02 02 00 00 00
/Users/j.swon/Desktop/Grandia3_KR/work/scenario/resources/00030100/00030100.MDT,00030100,0x00740000,0x00BA3006,0x3000,6,0x002A9B3C,0x0004,0x002A9B58,28,pre_message,,SCN_00030100_00740000_0017,00 5c 94 0f 00 05 00 06 00 00 8e 94 0f 00 10 30 1f 06 0d 0b a0 00 38 00 c0 00 3c 00,7c51a4b3b8bbf18a6f7b03274f7ba2d1423209bb664fd7c6f3abae09cb3e03ac,de80a7fa9871c2d240a4909b5358613c02d742053d6aacb93766388075a5628b,00 5c 94 0f 00 05 00 06,a0 00 38 00 c0 00 3c 00,00 0F 00 05 00 06 00 00 0F 00 10 1F 06 0D 0B 00 00 00 00
/Users/j.swon/Desktop/Grandia3_KR/work/scenario/resources/00030100/00030100.MDT,00030100,0x00740000,0x00BA3006,0x3000,6,0x002A9B86,0x004E,0x002A9B88,2,resource_tail,SCN_00030100_00740000_0017,,02 02,50cff72c8e550546d661ec235431888fb2f9f7bada40c17020d47f6ccc117aae,cd61774b366d75e46bd1ad817545d591b0cd544189be18611533f412adb0a468,02 02,02 02,02 02
/Users/j.swon/Desktop/Grandia3_KR/work/scenario/resources/00030100/00030100.MDT,00030100,0x00740000,0x00C43000,0x3000,0,0x002A9B8C,0x0004,0x002A9BA8,28,pre_message,,SCN_00030100_00740000_0018,00 c2 6a 0f 00 05 00 06 00 00 c6 93 0f 00 10 30 8e 06 0d 0a 90 00 40 01 e0 00 50 00,0c8e1b2fca0ce651542f13d1b2d437955be43ae525e95bb43e97dfe4b065f8c3,c6a776f10a03a7c694259f686a22c7d3a557bf2d60a04a7b67d88a1688a27a08,00 c2 6a 0f 00 05 00 06,90 00 40 01 e0 00 50 00,00 0F 00 05 00 06 00 00 0F 00 10 06 0D 0A 00 01 00 00
/Users/j.swon/Desktop/Grandia3_KR/work/scenario/resources/00030100/00030100.MDT,00030100,0x00740000,0x00C43000,0x3000,0,0x002A9BF5,0x006D,0x002A9BF8,3,resource_tail,SCN_00030100_00740000_0018,,02 02 00,138793139d414148c3ea406f4b273bdfb394d17fab3636115815abdf639d433d,ce04f53314e55e110f5eddc06a9386a33b3bb06010e54bcbf5496875e1d54b4f,02 02 00,02 02 00,02 02 00
/Users/j.swon/Desktop/Grandia3_KR/work/scenario/resources/00030100/00030100.MDT,00030100,0x00740000,0x00D23001,0x3000,1,0x002A9BFC,0x0004,0x002A9C18,28,pre_message,,SCN_00030100_00740000_0019,00 9a 6a 0f 00 05 00 06 00 00 ae 6a 0f 00 10 30 d9 06 0d 0a a8 00 40 01 b0 00 3c 00,5473e22967f5c829e9810b4d729be20f3221bc29fa54ff294a8bc57c94b1ff7a,4548d53faf2fe7354565225b498a298698406d78e475fb43b7b8c632743ca0bb,00 9a 6a 0f 00 05 00 06,a8 00 40 01 b0 00 3c 00,00 0F 00 05 00 06 00 00 0F 00 10 06 0D 0A 00 01 00 00
/Users/j.swon/Desktop/Grandia3_KR/work/scenario/resources/00030100/00030100.MDT,00030100,0x00740000,0x00D23001,0x3000,1,0x002A9C40,0x0048,0x002A9C48,8,resource_tail,SCN_00030100_00740000_0019,,02 02 00 00 00 00 00 00,db4a817e8f7bbf5a862d1ed461fc3b5e006753237cfd268fed6a16764761c033,16fc4d1a5769202e64164dcca001ed92514290ae3a42f317e7ce337c4b503339,02 02 00 00 00 00 00 00,02 02 00 00 00 00 00 00,02 02 00 00 00 00 00 00
/Users/j.swon/Desktop/Grandia3_KR/work/scenario/resources/00030100/00030100.MDT,00030100,0x00740000,0x00DC3004,0x3000,4,0x002A9C4C,0x0004,0x002A9C68,28,pre_message,,SCN_00030100_00740000_0020,00 9a 6a 0f 00 05 00 06 00 00 ae 6a 0f 00 10 30 26 07 0d 0a a0 00 40 01 c0 00 3c 00,5514d32fc90043cc6a03c3fac1f2a8c4b7602d30efd1dac218ea2d723ee235f7,f311608dd057f23b3901c41efc090a412315a8fd0cca6cd587962197acaf3426,00 9a 6a 0f 00 05 00 06,a0 00 40 01 c0 00 3c 00,00 0F 00 05 00 06 00 00 0F 00 10 07 0D 0A 00 01 00 00
/Users/j.swon/Desktop/Grandia3_KR/work/scenario/resources/00030100/00030100.MDT,00030100,0x00740000,0x00DC3004,0x3000,4,0x002A9C8D,0x0045,0x002A9C90,3,resource_tail,SCN_00030100_00740000_0020,,02 02 00,138793139d414148c3ea406f4b273bdfb394d17fab3636115815abdf639d433d,ce04f53314e55e110f5eddc06a9386a33b3bb06010e54bcbf5496875e1d54b4f,02 02 00,02 02 00,02 02 00
/Users/j.swon/Desktop/Grandia3_KR/work/scenario/resources/00030100/00030100.MDT,00030100,0x00740000,0x00E53002,0x3000,2,0x002A9C94,0x0004,0x002A9CB0,28,pre_message,,SCN_00030100_00740000_0021,00 c6 93 0f 00 05 00 06 00 00 5c 94 0f 00 10 30 82 07 0d 0b 90 00 38 00 e0 00 50 00,23d80d1440198b8038a43053654c7405a4bbffe0e4a17dba27158e222e1f7ec8,dd3f71b0d070d1999f5374a02062a58a1b2e9f17ed13088d95d524a8cb680b18,00 c6 93 0f 00 05 00 06,90 00 38 00 e0 00 50 00,00 0F 00 05 00 06 00 00 0F 00 10 07 0D 0B 00 00 00 00
/Users/j.swon/Desktop/Grandia3_KR/work/scenario/resources/00030100/00030100.MDT,00030100,0x00740000,0x00E53002,0x3000,2,0x002A9CE9,0x0059,0x002A9CF0,7,resource_tail,SCN_00030100_00740000_0021,,02 02 00 00 00 00 00,3dbebb4b693efc6cc8e856f36214b756dc6e370f652c924bcd2cc5b0bb4fa93f,4bc82f31c4a81dc001111a2906a70c6c4001131f36616bbed84e622fed1412fd,02 02 00 00 00 00 00,02 02 00 00 00 00 00,02 02 00 00 00 00 00
/Users/j.swon/Desktop/Grandia3_KR/work/scenario/resources/00030100/00030100.MDT,00030100,0x00740000,0x00F13003,0x3000,3,0x002A9CF4,0x0004,0x002A9D10,28,pre_message,,SCN_00030100_00740000_0022,00 9a 6a 0f 00 05 00 06 00 00 c2 6a 0f 00 10 30 e8 07 0d 0a 98 00 40 01 d0 00 50 00,87ca18ff736311623a2615d955c205e94cb89c00b159fcede297d21e528c691d,4548d53faf2fe7354565225b498a298698406d78e475fb43b7b8c632743ca0bb,00 9a 6a 0f 00 05 00 06,98 00 40 01 d0 00 50 00,00 0F 00 05 00 06 00 00 0F 00 10 07 0D 0A 00 01 00 00
/Users/j.swon/Desktop/Grandia3_KR/work/scenario/resources/00030100/00030100.MDT,00030100,0x00740000,0x00F13003,0x3000,3,0x002A9D4F,0x005F,0x002A9D53,4,between_messages,SCN_00030100_00740000_0022,SCN_00030100_00740000_0023,02 05 00 05,5c07856df97a4593dbb20401100160b0eb6c030711242b484b0fadabb81224eb,e611d857b06b3ed4f7632fb5eec1b2ea23284782901ba3f8a342cd4a8b8563c9,02 05 00 05,02 05 00 05,02 05 00 05
/Users/j.swon/Desktop/Grandia3_KR/work/scenario/resources/00030100/00030100.MDT,00030100,0x00740000,0x00F13003,0x3000,3,0x002A9D53,0x0063,0x002A9D70,29,between_messages,SCN_00030100_00740000_0022,SCN_00030100_00740000_0023,00 00 c2 6a 0f 00 05 00 06 00 00 c6 93 0f 00 10 30 7a 08 0d 0a 98 00 40 01 d0 00 50 00,16fcd92023753dd5c199aa9d1028f0dcab2e425673a6f675a0450ef5503eb29c,4126ca9b632135d1382475ce00f82c6fdaaf7ab819438ebf1e7a28cb84f49b6f,00 00 c2 6a 0f 00 05 00,98 00 40 01 d0 00 50 00,00 00 0F 00 05 00 06 00 00 0F 00 10 08 0D 0A 00 01 00 00
/Users/j.swon/Desktop/Grandia3_KR/work/scenario/resources/00030100/00030100.MDT,00030100,0x00740000,0x00F13003,0x3000,3,0x002A9DE1,0x00F1,0x002A9DE5,4,between_messages,SCN_00030100_00740000_0023,SCN_00030100_00740000_0024,02 05 00 05,5c07856df97a4593dbb20401100160b0eb6c030711242b484b0fadabb81224eb,e611d857b06b3ed4f7632fb5eec1b2ea23284782901ba3f8a342cd4a8b8563c9,02 05 00 05,02 05 00 05,02 05 00 05
/Users/j.swon/Desktop/Grandia3_KR/work/scenario/resources/00030100/00030100.MDT,00030100,0x00740000,0x00F13003,0x3000,3,0x002A9DE5,0x00F5,0x002A9E02,29,between_messages,SCN_00030100_00740000_0023,SCN_00030100_00740000_0024,00 00 c6 93 0f 00 05 00 06 00 00 8e 94 0f 00 10 30 bc 08 0d 0a a8 00 40 01 b0 00 28 00,2a81b1ae80d9d1724e9bd56d21b3301d70f8fa92f605e5e32e223331a2d6dbc8,f4012f803ca52f404db15e81d870cc966e397c7df50962d2aa950f98d4168e96,00 00 c6 93 0f 00 05 00,a8 00 40 01 b0 00 28 00,00 00 0F 00 05 00 06 00 00 0F 00 10 08 0D 0A 00 01 00 00
/Users/j.swon/Desktop/Grandia3_KR/work/scenario/resources/00030100/00030100.MDT,00030100,0x00740000,0x00F13003,0x3000,3,0x002A9E23,0x0133,0x002A9E27,4,between_messages,SCN_00030100_00740000_0024,SCN_00030100_00740000_0025,02 05 00 05,5c07856df97a4593dbb20401100160b0eb6c030711242b484b0fadabb81224eb,e611d857b06b3ed4f7632fb5eec1b2ea23284782901ba3f8a342cd4a8b8563c9,02 05 00 05,02 05 00 05,02 05 00 05
/Users/j.swon/Desktop/Grandia3_KR/work/scenario/resources/00030100/00030100.MDT,00030100,0x00740000,0x00F13003,0x3000,3,0x002A9E27,0x0137,0x002A9E44,29,between_messages,SCN_00030100_00740000_0024,SCN_00030100_00740000_0025,00 00 8e 94 0f 00 05 00 06 00 00 a6 95 0f 00 10 30 19 09 0d 0a a0 00 40 01 c0 00 50 00,f659ee88d2f664cb0f540dc60db5857e2057a8b414b98f7e9120a22d2e409dd8,5d1c6ed7e18ed42a02d0220833b0833bcdc40e9fa0ef34d454ead39f0f3b15c0,00 00 8e 94 0f 00 05 00,a0 00 40 01 c0 00 50 00,00 00 0F 00 05 00 06 00 00 0F 00 10 19 09 0D 0A 00 01 00 00
/Users/j.swon/Desktop/Grandia3_KR/work/scenario/resources/00030100/00030100.MDT,00030100,0x00740000,0x00F13003,0x3000,3,0x002A9E80,0x0190,0x002A9E84,4,between_messages,SCN_00030100_00740000_0025,SCN_00030100_00740000_0026,02 05 00 05,5c07856df97a4593dbb20401100160b0eb6c030711242b484b0fadabb81224eb,e611d857b06b3ed4f7632fb5eec1b2ea23284782901ba3f8a342cd4a8b8563c9,02 05 00 05,02 05 00 05,02 05 00 05
/Users/j.swon/Desktop/Grandia3_KR/work/scenario/resources/00030100/00030100.MDT,00030100,0x00740000,0x00F13003,0x3000,3,0x002A9E84,0x0194,0x002A9EA1,29,between_messages,SCN_00030100_00740000_0025,SCN_00030100_00740000_0026,00 00 a6 95 0f 00 05 00 06 00 00 d4 b7 0f 00 10 30 63 09 0d 0a b8 00 40 01 90 00 3c 00,ad30ced9703d695cb04408e8b9dc7c8b770cf94adb4645b9804b01b82bb88461,c2bb1f595798f19cb756d6bd698dd958ec68189258e5d2f850efad8680aaa158,00 00 a6 95 0f 00 05 00,b8 00 40 01 90 00 3c 00,00 00 0F 00 05 00 06 00 00 0F 00 10 09 0D 0A 00 01 00 00
/Users/j.swon/Desktop/Grandia3_KR/work/scenario/resources/00030100/00030100.MDT,00030100,0x00740000,0x00F13003,0x3000,3,0x002A9ECA,0x01DA,0x002A9ECE,4,between_messages,SCN_00030100_00740000_0026,SCN_00030100_00740000_0027,02 05 00 05,5c07856df97a4593dbb20401100160b0eb6c030711242b484b0fadabb81224eb,e611d857b06b3ed4f7632fb5eec1b2ea23284782901ba3f8a342cd4a8b8563c9,02 05 00 05,02 05 00 05,02 05 00 05
/Users/j.swon/Desktop/Grandia3_KR/work/scenario/resources/00030100/00030100.MDT,00030100,0x00740000,0x00F13003,0x3000,3,0x002A9ECE,0x01DE,0x002A9F1B,77,between_messages,SCN_00030100_00740000_0026,SCN_00030100_00740000_0027,00 00 d4 b7 0f 00 05 00 06 00 00 da 37 20 00 10 30 c1 0a 03 00 02 0f 06 00 10 30 65 0a 0d 0a b8 00 40 01 90 00 28 00 12 0e 00 0f 00 86 a0 20 f0 d9 d6 a0 a7 f0 95 98 08 9b 79 9c 95 98 bd a0 46 0d ff 00 0d 0a b8 00 40 01 90 00 3c 00,643aaf31f581481b992c70e9d8fda671985148572fb042e991941335b8ac8a78,ff417ce1a54f185a3e0e48b3e3f432c10b9ae5aa4098ea3f0d68fc45ff7dddb7,00 00 d4 b7 0f 00 05 00,b8 00 40 01 90 00 3c 00,00 00 0F 00 05 00 06 00 00 00 10 0A 03 00 02 0F 06 00 10 0A 0D 0A 00 01 00 00 12 0E 00 0F 00 F0 F0 08 0D FF 00 0D 0A 00 01 00 00
/Users/j.swon/Desktop/Grandia3_KR/work/scenario/resources/00030100/00030100.MDT,00030100,0x00740000,0x00F13003,0x3000,3,0x002A9F43,0x0253,0x002A9F47,4,between_messages,SCN_00030100_00740000_0027,SCN_00030100_00740000_0028,0d 0a 90 00,173c3132f5c6d6d56d80f0f4ffc0ec750ff893b22825433052613c9a54d1af57,944c7c40fdbfbca4238aa6f1ac43e5caddf82390898bb6f0c12a61d39e5e817f,0d 0a 90 00,0d 0a 90 00,0D 0A 00
/Users/j.swon/Desktop/Grandia3_KR/work/scenario/resources/00030100/00030100.MDT,00030100,0x00740000,0x00F13003,0x3000,3,0x002A9F47,0x0257,0x002A9F4D,6,between_messages,SCN_00030100_00740000_0027,SCN_00030100_00740000_0028,40 01 e0 00 50 00,a61e248c63c00b9bd8f284c60fe199e8bb2fe814c0fd6ee65241a8b84a5e747f,3321b5048d7063f1aa39cf2929ca98dbe3c7a4aad1cf286ad055ea3c214af798,40 01 e0 00 50 00,40 01 e0 00 50 00,01 00 00
/Users/j.swon/Desktop/Grandia3_KR/work/scenario/resources/00030100/00030100.MDT,00030100,0x00740000,0x00F13003,0x3000,3,0x002A9F8E,0x029E,0x002A9F92,4,between_messages,SCN_00030100_00740000_0028,SCN_00030100_00740000_0029,0d 0a a0 00,f6a09174ca310cce4046b7e5a464b5c26ad6b16227ff56dda7954c81eb70d1bb,944c7c40fdbfbca4238aa6f1ac43e5caddf82390898bb6f0c12a61d39e5e817f,0d 0a a0 00,0d 0a a0 00,0D 0A 00
/Users/j.swon/Desktop/Grandia3_KR/work/scenario/resources/00030100/00030100.MDT,00030100,0x00740000,0x00F13003,0x3000,3,0x002A9F92,0x02A2,0x002A9F98,6,between_messages,SCN_00030100_00740000_0028,SCN_00030100_00740000_0029,40 01 c0 00 3c 00,92c105b610b23064b2532333b1f7114127ac5a2c57bc15c7103e8046d92ce2bd,3321b5048d7063f1aa39cf2929ca98dbe3c7a4aad1cf286ad055ea3c214af798,40 01 c0 00 3c 00,40 01 c0 00 3c 00,01 00 00
/Users/j.swon/Desktop/Grandia3_KR/work/scenario/resources/00030100/00030100.MDT,00030100,0x00740000,0x00F13003,0x3000,3,0x002A9FC6,0x02D6,0x002A9FCA,4,between_messages,SCN_00030100_00740000_0029,SCN_00030100_00740000_0030,03 00 00 0f,f1a04a53890299c1f94faa52ded74c2bdc99cf0027c9e629c478d1b199af3736,303982068c840afdee71661c07d312c71e46c800beeb6790473017cecbcb84dd,03 00 00 0f,03 00 00 0f,03 00 00 0F
/Users/j.swon/Desktop/Grandia3_KR/work/scenario/resources/00030100/00030100.MDT,00030100,0x00740000,0x00F13003,0x3000,3,0x002A9FCA,0x02DA,0x002AA006,60,between_messages,SCN_00030100_00740000_0029,SCN_00030100_00740000_0030,06 01 02 03 00 05 0f 06 01 10 30 c0 0a 0d 0a b0 00 40 01 a0 00 28 00 12 0e 00 0f 00 86 a0 a7 f0 7f 08 37 f0 c8 cf a0 3b f2 c5 f0 9c c2 93 46 0d ff 00 0d 0a a0 00 40 01 c0 00 28 00,844f83574c0d07b1821bfb3becac6a46bc04865d14579baa763760d2f55580d6,d7274eac1b6173510eee0157dba4f918c6743a887bb0afb06e0b276cd9fea4c1,06 01 02 03 00 05 0f 06,a0 00 40 01 c0 00 28 00,06 01 02 03 00 05 0F 06 01 10 0A 0D 0A 00 01 00 00 12 0E 00 0F 00 F0 08 F0 F2 F0 0D FF 00 0D 0A 00 01 00 00
/Users/j.swon/Desktop/Grandia3_KR/work/scenario/resources/00030100/00030100.MDT,00030100,0x00740000,0x00F13003,0x3000,3,0x002AA027,0x0337,0x002AA02B,4,between_messages,SCN_00030100_00740000_0030,SCN_00030100_00740000_0031,02 02 05 00,7e650f21648bd638fe9b8938ca5c46f368b85d6a97c6636bb35a6205dea45009,c8d03ad13895760ed8c2ee7cf945580da6a8b95bddc7fc9250a0e1914b9e6f97,02 02 05 00,02 02 05 00,02 02 05 00
/Users/j.swon/Desktop/Grandia3_KR/work/scenario/resources/00030100/00030100.MDT,00030100,0x00740000,0x00F13003,0x3000,3,0x002AA02B,0x033B,0x002AA080,85,between_messages,SCN_00030100_00740000_0030,SCN_00030100_00740000_0031,05 00 00 da 37 20 00 05 00 06 00 00 c6 02 41 00 10 30 eb 0b 03 00 02 0f 06 00 10 30 44 0b 0d 0a 90 00 40 01 e0 00 28 00 42 0e 00 36 00 9c 74 21 37 f0 c8 cf 43 08 86 a0 a7 f0 95 98 21 81 f0 a0 3b f2 c5 f0 9c c2 93 44 0d ff 00 0d 0a b8 00 40 01 90 00 3c 00,f954919b450f7bdc7ddf57e8fe817a7981d1f8505bc12d56a69e1e6445096162,312afdb7b9bf52ae0a6e8c238c86670ff568e53dcf866d18d64728572d017e16,05 00 00 da 37 20 00 05,b8 00 40 01 90 00 3c 00,05 00 00 00 05 00 06 00 00 02 00 10 0B 03 00 02 0F 06 00 10 0B 0D 0A 00 01 00 00 0E 00 00 F0 08 F0 F0 F2 F0 0D FF 00 0D 0A 00 01 00 00
/Users/j.swon/Desktop/Grandia3_KR/work/scenario/resources/00030100/00030100.MDT,00030100,0x00740000,0x00F13003,0x3000,3,0x002AA0A5,0x03B5,0x002AA0A9,4,between_messages,SCN_00030100_00740000_0031,SCN_00030100_00740000_0032,03 00 00 0f,f1a04a53890299c1f94faa52ded74c2bdc99cf0027c9e629c478d1b199af3736,303982068c840afdee71661c07d312c71e46c800beeb6790473017cecbcb84dd,03 00 00 0f,03 00 00 0f,03 00 00 0F
/Users/j.swon/Desktop/Grandia3_KR/work/scenario/resources/00030100/00030100.MDT,00030100,0x00740000,0x00F13003,0x3000,3,0x002AA0A9,0x03B9,0x002AA0F9,80,between_messages,SCN_00030100_00740000_0031,SCN_00030100_00740000_0032,06 01 02 03 00 02 0f 06 01 10 30 b6 0b 0d 0a 98 00 40 01 d0 00 3c 00 42 0e 00 36 00 2c f0 3a f0 e9 7e 44 08 9c c2 7e 3b f2 c5 f0 9d 80 f0 be bb be 9c 77 08 44 f6 2e f6 99 b4 75 bd c2 8b b5 9c 77 7e 44 0d ff 00 0d 0a b0 00 40 01 a0 00 28 00,114337ba6150824eb810632faf014ee5eb88a7a42135982fd76fbd26067ea60a,50b45c009756c454bc13b2aef956df023451db99205252ca857c49db2c421739,06 01 02 03 00 02 0f 06,b0 00 40 01 a0 00 28 00,06 01 02 03 00 02 0F 06 01 10 0B 0D 0A 00 01 00 00 0E 00 00 F0 F0 08 F2 F0 F0 08 F6 F6 0D FF 00 0D 0A 00 01 00 00
/Users/j.swon/Desktop/Grandia3_KR/work/scenario/resources/00030100/00030100.MDT,00030100,0x00740000,0x00F13003,0x3000,3,0x002AA117,0x0427,0x002AA11B,4,between_messages,SCN_00030100_00740000_0032,SCN_00030100_00740000_0033,03 00 00 0f,f1a04a53890299c1f94faa52ded74c2bdc99cf0027c9e629c478d1b199af3736,303982068c840afdee71661c07d312c71e46c800beeb6790473017cecbcb84dd,03 00 00 0f,03 00 00 0f,03 00 00 0F
/Users/j.swon/Desktop/Grandia3_KR/work/scenario/resources/00030100/00030100.MDT,00030100,0x00740000,0x00F13003,0x3000,3,0x002AA11B,0x042B,0x002AA132,23,between_messages,SCN_00030100_00740000_0032,SCN_00030100_00740000_0033,06 02 02 03 00 05 0f 06 02 10 30 ea 0b 0d 0a a8 00 40 01 b0 00 28 00,9b0692e3be0a916d9d531392650a6e620d9ce92cb1d5fa166a1fc2381aabd565,c29d5d87732a53384b76b4e32091f93a3564fb1d59c843848b1c6d32b9f2e831,06 02 02 03 00 05 0f 06,a8 00 40 01 b0 00 28 00,06 02 02 03 00 05 0F 06 02 10 0B 0D 0A 00 01 00 00
/Users/j.swon/Desktop/Grandia3_KR/work/scenario/resources/00030100/00030100.MDT,00030100,0x00740000,0x00F13003,0x3000,3,0x002AA151,0x0461,0x002AA155,4,between_messages,SCN_00030100_00740000_0033,SCN_00030100_00740000_0034,02 02 05 00,7e650f21648bd638fe9b8938ca5c46f368b85d6a97c6636bb35a6205dea45009,c8d03ad13895760ed8c2ee7cf945580da6a8b95bddc7fc9250a0e1914b9e6f97,02 02 05 00,02 02 05 00,02 02 05 00
/Users/j.swon/Desktop/Grandia3_KR/work/scenario/resources/00030100/00030100.MDT,00030100,0x00740000,0x00F13003,0x3000,3,0x002AA155,0x0465,0x002AA1A0,75,between_messages,SCN_00030100_00740000_0033,SCN_00030100_00740000_0034,05 00 00 c6 02 41 00 10 30 82 0d 03 00 02 0f 06 00 10 30 60 0c 0d 0a a0 00 40 01 c0 00 28 00 12 0e 00 0f 00 9f 7a 46 21 86 a0 a7 f0 95 98 08 37 f0 c8 cf a0 3b f2 c5 f0 9c c2 99 8a b9 44 0d ff 00 0d 0a b8 00 40 01 90 00 3c 00,fbee0df954bd2988521bf1ad109a6cef2eacf789f2d3de25490854f8adaaf029,e1b3f6e11f9831babeb9ed2f5b39b422e934cf57d679332881e3a03caab46497,05 00 00 c6 02 41 00 10,b8 00 40 01 90 00 3c 00,05 00 00 02 00 10 0D 03 00 02 0F 06 00 10 0C 0D 0A 00 01 00 00 12 0E 00 0F 00 F0 08 F0 F2 F0 0D FF 00 0D 0A 00 01 00 00
/Users/j.swon/Desktop/Grandia3_KR/work/scenario/resources/00030100/00030100.MDT,00030100,0x00740000,0x00F13003,0x3000,3,0x002AA1C1,0x04D1,0x002AA1C5,4,between_messages,SCN_00030100_00740000_0034,SCN_00030100_00740000_0035,03 00 00 0f,f1a04a53890299c1f94faa52ded74c2bdc99cf0027c9e629c478d1b199af3736,303982068c840afdee71661c07d312c71e46c800beeb6790473017cecbcb84dd,03 00 00 0f,03 00 00 0f,03 00 00 0F
/Users/j.swon/Desktop/Grandia3_KR/work/scenario/resources/00030100/00030100.MDT,00030100,0x00740000,0x00F13003,0x3000,3,0x002AA1C5,0x04D5,0x002AA2B8,243,between_messages,SCN_00030100_00740000_0034,SCN_00030100_00740000_0035,06 01 02 03 00 02 0f 06 01 10 30 3c 0d 0d 0a 98 00 40 01 d0 00 50 00 42 0e 00 39 00 c4 3d f0 26 f0 c5 eb 7f 82 f2 c2 99 b4 08 e2 32 f0 93 9c c2 98 46 08 37 f0 c8 cf a0 3b f2 c5 f0 9d b5 21 77 95 92 77 08 9c 9d 7f 3a f3 88 be 98 c2 93 46 44 0d ff 00 0d 0a b8 00 40 01 90 00 50 00 12 0e 00 19 00 90 c2 9c 62 f0 da f0 9c b4 a0 7f 08 75 bd 3b f2 c5 f0 9c c2 93 46 08 87 b3 c2 9f 37 f0 c8 cf 08 c0 92 8a 21 34 f1 87 f6 8a 82 46 0d ff 00 0d 0a 90 00 40 01 e0 00 50 00 52 0e 00 3e 00 90 79 99 8c 9f 46 21 d7 f0 a1 81 f0 8a b4 08 b3 f2 be bb be 92 82 9c 77 b4 a0 c1 08 a4 9a 96 a1 b8 f1 95 98 77 bd b4 a0 99 8c 46 09 08 46 42 f1 80 b0 8a b9 79 7e 0d ff 00 03 00 00 0f 06 02 02 03 00 05 0f 06 02 10 30 81 0d 0d 0a 90 00 40 01 e0 00 3c 00,fdb5a987b605a2df6c399dbfd913500cbb6ae6d59aa91d70c70eca641f24a4ab,3276c569507a4e74ab21e79411b8ad7c5f61efdb8fe91e4213c98d9ad522a19d,06 01 02 03 00 02 0f 06,90 00 40 01 e0 00 3c 00,06 01 02 03 00 02 0F 06 01 10 0D 0D 0A 00 01 00 00 0E 00 00 F0 F0 F2 08 F0 08 F0 F2 F0 08 F3 0D FF 00 0D 0A 00 01 00 00 12 0E 00 19 00 F0 F0 08 F2 F0 08 F0 08 F1 F6 0D FF 00 0D 0A 00 01 00 00 0E 00 00 F0 F0 08 F2 08 F1 09 08 F1 0D FF 00 03 00 00 0F 06 02 02 03 00 05 0F 06 02 10 0D 0D 0A 00 01 00 00
/Users/j.swon/Desktop/Grandia3_KR/work/scenario/resources/00030100/00030100.MDT,00030100,0x00740000,0x00F13003,0x3000,3,0x002AA2E8,0x05F8,0x002AA2F0,8,resource_tail,SCN_00030100_00740000_0035,,02 02 02 00 00 00 00 00,292fe126591bb6f310492b2b5f29fbf2d1fccfb7e06b8d1ca3aff000f7ec7af3,95a4b36ae8982c77748d5bf07624894df244e95f94f05817c83beefafeba5804,02 02 02 00 00 00 00 00,02 02 02 00 00 00 00 00,02 02 02 00 00 00 00 00
/Users/j.swon/Desktop/Grandia3_KR/work/scenario/resources/00030100/00030100.MDT,00030100,0x00740000,0x01B13005,0x3000,5,0x002AA2F4,0x0004,0x002AA319,37,pre_message,,SCN_00030100_00740000_0036,00 00 6b 00 00 00 00 00 00 00 00 00 00 00 05 00 02 04 00 09 00 00 00 10 30 f0 0d 0d 0a 98 00 40 01 d0 00 50 00,5b41abd187635e351ae428b67efa9e63ead17d7f9ea78531fa2e264122bd963f,ab82a220717b5e7484e9d0be73128b07f9daede6268c79612661bfa96fd28e54,00 00 6b 00 00 00 00 00,98 00 40 01 d0 00 50 00,00 00 00 00 00 00 00 00 00 00 00 00 00 05 00 02 04 00 09 00 00 00 10 F0 0D 0D 0A 00 01 00 00
/Users/j.swon/Desktop/Grandia3_KR/work/scenario/resources/00030100/00030100.MDT,00030100,0x00740000,0x01B13005,0x3000,5,0x002AA357,0x0067,0x002AA35B,4,between_messages,SCN_00030100_00740000_0036,SCN_00030100_00740000_0037,02 06 02 05,06b9c0d5def05a4c92b95e95605c5d807ca88e03f4c65d6f0b1a0b14f32f6a13,368a0fe3091a14755875aba93cabaa9c2a83cb99bc16bc92b2a3fe376baa61e1,02 06 02 05,02 06 02 05,02 06 02 05
/Users/j.swon/Desktop/Grandia3_KR/work/scenario/resources/00030100/00030100.MDT,00030100,0x00740000,0x01B13005,0x3000,5,0x002AA35B,0x006B,0x002AA380,37,between_messages,SCN_00030100_00740000_0036,SCN_00030100_00740000_0037,08 10 30 f1 10 05 00 05 00 00 9a 6a 0f 00 05 00 06 00 00 c6 93 0f 00 10 30 8b 0e 0d 0a a8 00 40 01 b0 00 50 00,97292040b41ea4e023c69d5890dd30cf45295bf3f35ec804a263af8885144c47,56d810448c7a481bc99d2f6f22bd9a60218323a44d55d06fa2229095f7a3cfb8,08 10 30 f1 10 05 00 05,a8 00 40 01 b0 00 50 00,08 10 F1 10 05 00 05 00 00 0F 00 05 00 06 00 00 0F 00 10 0E 0D 0A 00 01 00 00
/Users/j.swon/Desktop/Grandia3_KR/work/scenario/resources/00030100/00030100.MDT,00030100,0x00740000,0x01B13005,0x3000,5,0x002AA3BC,0x00CC,0x002AA3C0,4,between_messages,SCN_00030100_00740000_0037,SCN_00030100_00740000_0038,0d 0a a0 00,f6a09174ca310cce4046b7e5a464b5c26ad6b16227ff56dda7954c81eb70d1bb,944c7c40fdbfbca4238aa6f1ac43e5caddf82390898bb6f0c12a61d39e5e817f,0d 0a a0 00,0d 0a a0 00,0D 0A 00
/Users/j.swon/Desktop/Grandia3_KR/work/scenario/resources/00030100/00030100.MDT,00030100,0x00740000,0x01B13005,0x3000,5,0x002AA3C0,0x00D0,0x002AA413,83,between_messages,SCN_00030100_00740000_0037,SCN_00030100_00740000_0038,40 01 c0 00 3c 00 80 21 08 4e b6 82 90 79 4f c1 7d f0 9d 80 f0 be 92 08 21 0d ff 00 1f 04 6b 00 00 00 01 00 00 00 00 00 00 00 00 00 00 00 06 01 05 08 02 05 00 05 00 00 c6 93 0f 00 05 00 06 00 00 8e 94 0f 00 10 30 28 0f 0d 0a 90 00 40 01 e0 00 50 00,5ace5460ca8dbae4a155977013b921cf4c9313c66a9d0b8689f778adafb0119a,ef98c79df332ededcd63c89f6a46383fafd8ef5e77788069637c305e47dfb812,40 01 c0 00 3c 00 80 21,90 00 40 01 e0 00 50 00,01 00 00 08 F0 F0 08 0D FF 00 1F 04 00 00 00 01 00 00 00 00 00 00 00 00 00 00 00 06 01 05 08 02 05 00 05 00 00 0F 00 05 00 06 00 00 0F 00 10 0F 0D 0A 00 01 00 00
/Users/j.swon/Desktop/Grandia3_KR/work/scenario/resources/00030100/00030100.MDT,00030100,0x00740000,0x01B13005,0x3000,5,0x002AA459,0x0169,0x002AA45D,4,between_messages,SCN_00030100_00740000_0038,SCN_00030100_00740000_0039,0d 0a a0 00,f6a09174ca310cce4046b7e5a464b5c26ad6b16227ff56dda7954c81eb70d1bb,944c7c40fdbfbca4238aa6f1ac43e5caddf82390898bb6f0c12a61d39e5e817f,0d 0a a0 00,0d 0a a0 00,0D 0A 00
/Users/j.swon/Desktop/Grandia3_KR/work/scenario/resources/00030100/00030100.MDT,00030100,0x00740000,0x01B13005,0x3000,5,0x002AA45D,0x016D,0x002AA4B0,83,between_messages,SCN_00030100_00740000_0038,SCN_00030100_00740000_0039,40 01 c0 00 3c 00 80 21 08 4e b6 82 90 79 4f c1 7d f0 9d 80 f0 be 92 08 21 0d ff 00 1f 04 6b 00 00 00 01 00 00 00 00 00 00 00 00 00 00 00 06 01 05 08 02 05 00 05 00 00 8e 94 0f 00 05 00 06 00 00 a6 95 0f 00 10 30 a7 0f 0d 0a a0 00 40 01 c0 00 3c 00,8cc40c46d80c97ae99e7fcd1fd1b9404c4784a9149f6444e6eda9b0dda3a42c9,9cb8e9fe9d1146e7b0f040d1d6856155e9ac4a25e7d82f464ac9cbecb981c94a,40 01 c0 00 3c 00 80 21,a0 00 40 01 c0 00 3c 00,01 00 00 08 F0 F0 08 0D FF 00 1F 04 00 00 00 01 00 00 00 00 00 00 00 00 00 00 00 06 01 05 08 02 05 00 05 00 00 0F 00 05 00 06 00 00 0F 00 10 0F 0D 0A 00 01 00 00
/Users/j.swon/Desktop/Grandia3_KR/work/scenario/resources/00030100/00030100.MDT,00030100,0x00740000,0x01B13005,0x3000,5,0x002AA4D8,0x01E8,0x002AA4DC,4,between_messages,SCN_00030100_00740000_0039,SCN_00030100_00740000_0040,0d 0a a0 00,f6a09174ca310cce4046b7e5a464b5c26ad6b16227ff56dda7954c81eb70d1bb,944c7c40fdbfbca4238aa6f1ac43e5caddf82390898bb6f0c12a61d39e5e817f,0d 0a a0 00,0d 0a a0 00,0D 0A 00
/Users/j.swon/Desktop/Grandia3_KR/work/scenario/resources/00030100/00030100.MDT,00030100,0x00740000,0x01B13005,0x3000,5,0x002AA4DC,0x01EC,0x002AA52F,83,between_messages,SCN_00030100_00740000_0039,SCN_00030100_00740000_0040,40 01 c0 00 3c 00 80 21 08 4e b6 82 90 79 4f c1 7d f0 9d 80 f0 be 92 08 21 0d ff 00 1f 04 6b 00 00 00 01 00 00 00 00 00 00 00 00 00 00 00 06 01 05 08 02 05 00 05 00 00 a6 95 0f 00 05 00 06 00 00 da 37 20 00 10 30 4a 10 0d 0a 90 00 40 01 e0 00 50 00,d32c9a34b19eaa36b2adfebf4e328ac78698063174eab107da229faaa57b9efc,cae1777472662e974db65f2cd5d0d7f34e0908257c2050d59cc557b2dd5845ec,40 01 c0 00 3c 00 80 21,90 00 40 01 e0 00 50 00,01 00 00 08 F0 F0 08 0D FF 00 1F 04 00 00 00 01 00 00 00 00 00 00 00 00 00 00 00 06 01 05 08 02 05 00 05 00 00 0F 00 05 00 06 00 00 00 10 10 0D 0A 00 01 00 00
/Users/j.swon/Desktop/Grandia3_KR/work/scenario/resources/00030100/00030100.MDT,00030100,0x00740000,0x01B13005,0x3000,5,0x002AA57B,0x028B,0x002AA57F,4,between_messages,SCN_00030100_00740000_0040,SCN_00030100_00740000_0041,0d 0a a0 00,f6a09174ca310cce4046b7e5a464b5c26ad6b16227ff56dda7954c81eb70d1bb,944c7c40fdbfbca4238aa6f1ac43e5caddf82390898bb6f0c12a61d39e5e817f,0d 0a a0 00,0d 0a a0 00,0D 0A 00
/Users/j.swon/Desktop/Grandia3_KR/work/scenario/resources/00030100/00030100.MDT,00030100,0x00740000,0x01B13005,0x3000,5,0x002AA57F,0x028F,0x002AA5C9,74,between_messages,SCN_00030100_00740000_0040,SCN_00030100_00740000_0041,40 01 c0 00 3c 00 80 21 08 4e b6 82 90 79 4f c1 7d f0 9d 80 f0 be 92 08 21 0d ff 00 1f 04 6b 00 00 00 01 00 00 00 00 00 00 00 00 00 00 00 06 01 05 08 02 05 00 05 00 00 da 37 20 00 10 30 f0 10 0d 0a 98 00 40 01 d0 00 50 00,618b4722c3fdaaee0c81b6112dd51c0b1e5fbcb0dc897a2754d38802692d14d1,311a615059d617d9bdcb39905d9106346d227bc8f9d476a277ba2b08867830b7,40 01 c0 00 3c 00 80 21,98 00 40 01 d0 00 50 00,01 00 00 08 F0 F0 08 0D FF 00 1F 04 00 00 00 01 00 00 00 00 00 00 00 00 00 00 00 06 01 05 08 02 05 00 05 00 00 00 10 F0 10 0D 0A 00 01 00 00
/Users/j.swon/Desktop/Grandia3_KR/work/scenario/resources/00030100/00030100.MDT,00030100,0x00740000,0x01B13005,0x3000,5,0x002AA621,0x0331,0x002AA625,4,between_messages,SCN_00030100_00740000_0041,SCN_00030100_00740000_0042,0d 0a a0 00,f6a09174ca310cce4046b7e5a464b5c26ad6b16227ff56dda7954c81eb70d1bb,944c7c40fdbfbca4238aa6f1ac43e5caddf82390898bb6f0c12a61d39e5e817f,0d 0a a0 00,0d 0a a0 00,0D 0A 00
/Users/j.swon/Desktop/Grandia3_KR/work/scenario/resources/00030100/00030100.MDT,00030100,0x00740000,0x01B13005,0x3000,5,0x002AA625,0x0335,0x002AA66B,70,between_messages,SCN_00030100_00740000_0041,SCN_00030100_00740000_0042,40 01 c0 00 3c 00 80 21 08 4e b6 82 90 79 4f c1 7d f0 9d 80 f0 be 92 08 21 0d ff 00 1f 04 6b 00 00 00 01 00 00 00 00 00 00 00 00 00 00 00 06 01 05 08 02 02 06 03 05 08 10 30 30 11 0d 0a 98 00 40 01 d0 00 3c 00,9049a50db683786a10cf5412207dc7db28899372ef540f39788d1e48ad738bb9,7d38c634965ac03b1424af6098addea92ae66d02715aa197aeddaf3ba117b4f8,40 01 c0 00 3c 00 80 21,98 00 40 01 d0 00 3c 00,01 00 00 08 F0 F0 08 0D FF 00 1F 04 00 00 00 01 00 00 00 00 00 00 00 00 00 00 00 06 01 05 08 02 02 06 03 05 08 10 11 0D 0A 00 01 00 00
/Users/j.swon/Desktop/Grandia3_KR/work/scenario/resources/00030100/00030100.MDT,00030100,0x00740000,0x01B13005,0x3000,5,0x002AA697,0x03A7,0x002AA6A0,9,resource_tail,SCN_00030100_00740000_0042,,02 02 00 00 00 00 00 00 00,51c2ad44dc8d1515e790dd23abc958553d8c72db5bf161344ecd463d8463c58f,1050de16205efc336806f0bce4a8be28544db36d2e0578edd415a9479d3dacad,02 02 00 00 00 00 00 00,02 00 00 00 00 00 00 00,02 02 00 00 00 00 00 00 00
/Users/j.swon/Desktop/Grandia3_KR/work/scenario/resources/00030100/00030100.MDT,00030100,0x00740000,0x02274000,0x4000,0,0x002AA6A0,0x0000,0x002AA6C8,40,no_message_anchor,,,0d 00 32 00 32 00 c0 00 14 00 80 0e 00 00 00 91 f0 92 f0 21 dd 47 27 f0 a1 88 f0 84 f1 b0 8e c2 0d ff 00 02 02 00 00 00,d2f4cd35b9ac474627e698553377d053cd19c59aa326226a5d0118ea73c86b0e,ad0d2c2e7c01766257a3192e1e8310bffdd06f2fcb66bbcf8586592de72b91ad,0d 00 32 00 32 00 c0 00,0d ff 00 02 02 00 00 00,0D 00 00 00 00 14 00 0E 00 00 00 F0 F0 F0 F0 F1 0D FF 00 02 02 00 00 00
/Users/j.swon/Desktop/Grandia3_KR/work/scenario/resources/00030100/00030100.MDT,00030100,0x00740000,0x02274000,0x4000,0,0x002AA6A0,0x0000,0x002AA6C8,40,no_message_anchor,,,0d 00 32 00 32 00 c0 00 14 00 80 0e 00 00 00 91 f0 92 f0 21 dd 47 27 f0 a1 88 f0 84 f1 b0 8e c2 0d ff 00 02 02 00 00 00,d2f4cd35b9ac474627e698553377d053cd19c59aa326226a5d0118ea73c86b0e,ad0d2c2e7c01766257a3192e1e8310bffdd06f2fcb66bbcf8586592de72b91ad,0d 00 32 00 32 00 c0 00,0d ff 00 02 02 00 00 00,0D 00 00 00 00 14 00 0E 00 00 00 F0 F0 F0 F0 F1 0D FF 00 02 02 00 00 00
/Users/j.swon/Desktop/Grandia3_KR/work/scenario/resources/00030100/00030100.MDT,00030100,0x00740000,0x022C5000,0x5000,0,0x002AA6CC,0x0004,0x002AA70C,64,pre_message,,SCN_00030100_00740000_0043,00 ae 6a 0f 00 06 01 a1 01 0d 0b b8 00 38 00 90 00 28 00 80 0e 00 00 00 26 f0 3b f0 c6 e9 37 f0 ec e4 e9 c1 08 7d f0 9d 80 f0 be 92 43 13 ff 5a 0d ff 00 13 ff 1e 0d 05 30 00 40 01 b0 00 28 00,84c27c5f8b6bce2032acd94d54b71295f32217190ee08475f142d16171364dda,b509744afc2fecdd06d2a4504c0e7c563e08e784661fabbf4b111c8336c70a39,00 ae 6a 0f 00 06 01 a1,30 00 40 01 b0 00 28 00,00 0F 00 06 01 01 0D 0B 00 00 00 00 0E 00 00 00 F0 F0 F0 08 F0 F0 13 FF 0D FF 00 13 FF 1E 0D 05 00 01 00 00
/Users/j.swon/Desktop/Grandia3_KR/work/scenario/resources/00030100/00030100.MDT,00030100,0x00740000,0x022C5000,0x5000,0,0x002AA735,0x006D,0x002AA739,4,between_messages,SCN_00030100_00740000_0043,SCN_00030100_00740000_0044,13 ff 1e 0d,9a324cb27542cd3ffd6706d1a0584336ab18a26dcbe72dcba5aabe04f16a2dca,632d9719bfbb3b98fca5fc439e1763e8775f085e4382b1ee3c5cd6d19a3265eb,13 ff 1e 0d,13 ff 1e 0d,13 FF 1E 0D
/Users/j.swon/Desktop/Grandia3_KR/work/scenario/resources/00030100/00030100.MDT,00030100,0x00740000,0x022C5000,0x5000,0,0x002AA739,0x0071,0x002AA742,9,between_messages,SCN_00030100_00740000_0043,SCN_00030100_00740000_0044,01 20 00 40 01 b0 00 3c 00,a189bbb831d56a66b35afd847e8ded0e7a543f35f34d014f862185146aed2108,1e0db1d7d203dcc7028ff7295a117019fa246920a498e271374953bba9f6708b,01 20 00 40 01 b0 00 3c,20 00 40 01 b0 00 3c 00,01 00 01 00 00
/Users/j.swon/Desktop/Grandia3_KR/work/scenario/resources/00030100/00030100.MDT,00030100,0x00740000,0x022C5000,0x5000,0,0x002AA770,0x00A8,0x002AA798,40,resource_tail,SCN_00030100_00740000_0044,,1f 04 0b 00 00 00 01 00 00 00 00 00 00 00 00 00 00 00 06 00 a1 01 11 00 01 20 06 20 00 05 00 00 00 00 c2 6a 0f 00 02 00,82a04db51fab6d231a676873eeb759208f88a2eab2e290576960818e6dcbbb06,9e8e4fd471bd269c421b70f5a22fb4968db5be8a387ae28b371c73be3ceb579c,1f 04 0b 00 00 00 01 00,00 00 c2 6a 0f 00 02 00,1F 04 0B 00 00 00 01 00 00 00 00 00 00 00 00 00 00 00 06 00 01 11 00 01 06 00 05 00 00 00 00 0F 00 02 00
/Users/j.swon/Desktop/Grandia3_KR/work/scenario/resources/00030100/00030100.MDT,00030100,0x00740000,0x02465001,0x5000,1,0x002AA79C,0x0004,0x002AA7A5,9,pre_message,,SCN_00030100_00740000_0045,05 30 00 40 01 c0 00 14 00,70aa2ba8d3bec18fec0b5b0564ab945a1a9808b26cef39f29e0090fbdf380c8f,b762a6720fbf187444f19929a23c53275c817078064b2def31ad79363ac4f409,05 30 00 40 01 c0 00 14,30 00 40 01 c0 00 14 00,05 00 01 00 14 00
/Users/j.swon/Desktop/Grandia3_KR/work/scenario/resources/00030100/00030100.MDT,00030100,0x00740000,0x02465001,0x5000,1,0x002AA7C0,0x0028,0x002AA7C4,4,between_messages,SCN_00030100_00740000_0045,SCN_00030100_00740000_0046,0d 06 00 01,5f465375f4b4cc7bce4e509bf3bb7634de9745f925d422a6776243c661e4997c,e611d857b06b3ed4f7632fb5eec1b2ea23284782901ba3f8a342cd4a8b8563c9,0d 06 00 01,0d 06 00 01,0D 06 00 01
/Users/j.swon/Desktop/Grandia3_KR/work/scenario/resources/00030100/00030100.MDT,00030100,0x00740000,0x02465001,0x5000,1,0x002AA7C4,0x002C,0x002AA7CA,6,between_messages,SCN_00030100_00740000_0045,SCN_00030100_00740000_0046,40 01 c0 00 50 00,6d6ff598cb15bece5375c31ddb5ae4393ba3c6cfc614d846695b0ed00048dc7e,3321b5048d7063f1aa39cf2929ca98dbe3c7a4aad1cf286ad055ea3c214af798,40 01 c0 00 50 00,40 01 c0 00 50 00,01 00 00
/Users/j.swon/Desktop/Grandia3_KR/work/scenario/resources/00030100/00030100.MDT,00030100,0x00740000,0x02465001,0x5000,1,0x002AA810,0x0078,0x002AA814,4,between_messages,SCN_00030100_00740000_0046,SCN_00030100_00740000_0047,0d 05 30 00,799b7b8774235ec9594860f1c1d01faf8b87ba3eafcf4f8bf8da8707a1e672f1,8ec9c3e94e741b23c6e621023e04af6469d6a02e9883ec2f7455a0f8415ed6be,0d 05 30 00,0d 05 30 00,0D 05 00
/Users/j.swon/Desktop/Grandia3_KR/work/scenario/resources/00030100/00030100.MDT,00030100,0x00740000,0x02465001,0x5000,1,0x002AA814,0x007C,0x002AA81A,6,between_messages,SCN_00030100_00740000_0046,SCN_00030100_00740000_0047,40 01 a0 00 14 00,1d8c00749c1a01f4491fcb48e1326f750ce08ffc777254f08493e207e4a0e30c,e9ccacae652f372af2751d192c0440660a6aac49d44642dfdd14af66434290f7,40 01 a0 00 14 00,40 01 a0 00 14 00,01 00 14 00
/Users/j.swon/Desktop/Grandia3_KR/work/scenario/resources/00030100/00030100.MDT,00030100,0x00740000,0x02465001,0x5000,1,0x002AA833,0x009B,0x002AA837,4,between_messages,SCN_00030100_00740000_0047,SCN_00030100_00740000_0048,0d 06 f0 00,fe3b4a0a709db43d5ece17222540b12f408497a54b9e5c21c227c968e11f266c,82dd28577c3c8c97c35b2148eed34dcfacb2530c877299bf909accd5400c645c,0d 06 f0 00,0d 06 f0 00,0D 06 F0 00
/Users/j.swon/Desktop/Grandia3_KR/work/scenario/resources/00030100/00030100.MDT,00030100,0x00740000,0x02465001,0x5000,1,0x002AA837,0x009F,0x002AA83D,6,between_messages,SCN_00030100_00740000_0047,SCN_00030100_00740000_0048,40 01 d0 00 3c 00,e6a59eee608e4059b74c40e324f9eb2171db0553142b85d07fe5a10cbd4d42bd,3321b5048d7063f1aa39cf2929ca98dbe3c7a4aad1cf286ad055ea3c214af798,40 01 d0 00 3c 00,40 01 d0 00 3c 00,01 00 00
/Users/j.swon/Desktop/Grandia3_KR/work/scenario/resources/00030100/00030100.MDT,00030100,0x00740000,0x02465001,0x5000,1,0x002AA875,0x00DD,0x002AA879,4,between_messages,SCN_00030100_00740000_0048,SCN_00030100_00740000_0049,0d 05 30 00,799b7b8774235ec9594860f1c1d01faf8b87ba3eafcf4f8bf8da8707a1e672f1,8ec9c3e94e741b23c6e621023e04af6469d6a02e9883ec2f7455a0f8415ed6be,0d 05 30 00,0d 05 30 00,0D 05 00
/Users/j.swon/Desktop/Grandia3_KR/work/scenario/resources/00030100/00030100.MDT,00030100,0x00740000,0x02465001,0x5000,1,0x002AA879,0x00E1,0x002AA87F,6,between_messages,SCN_00030100_00740000_0048,SCN_00030100_00740000_0049,40 01 d0 00 3c 00,e6a59eee608e4059b74c40e324f9eb2171db0553142b85d07fe5a10cbd4d42bd,3321b5048d7063f1aa39cf2929ca98dbe3c7a4aad1cf286ad055ea3c214af798,40 01 d0 00 3c 00,40 01 d0 00 3c 00,01 00 00
/Users/j.swon/Desktop/Grandia3_KR/work/scenario/resources/00030100/00030100.MDT,00030100,0x00740000,0x02465001,0x5000,1,0x002AA8BB,0x0123,0x002AA900,69,resource_tail,SCN_00030100_00740000_0049,,1f 00 00 00 00 00 00 00 00 00 00 00 00 00 00 00 00 00 11 00 01 20 06 20 00 05 00 00 00 00 c6 93 0f 00 02 00 00 00 00 00 00 00 00 00 00 00 00 00 00 00 00 00 00 00 00 00 00 00 00 00 00 00 00 00 00 00 00 00 00,69c7c4e80ea55d425afba35078a38c4678b9fa7063b1a6ff38c85606363ee6a4,725bc6a0631c2d36f6dca0518b16b1856b404bd5121862534d655e354b54ac4d,1f 00 00 00 00 00 00 00,00 00 00 00 00 00 00 00,1F 00 00 00 00 00 00 00 00 00 00 00 00 00 00 00 00 00 11 00 01 06 00 05 00 00 00 00 0F 00 02 00 00 00 00 00 00 00 00 00 00 00 00 00 00 00 00 00 00 00 00 00 00 00 00 00 00 00 00 00 00 00 00 00 00
/private/tmp/gr3-ship-analysis.CYee09/DATA_00120000.MDT,00120000,0x00740000,0x00006000,0x6000,0,0x0053080C,0x0004,0x0053081F,19,pre_message,,SCN_00120000_00740000_0001,00 a6 95 0f 00 10 30 c7 00 0d 09 ff ff ff ff 60 00 3c 00,91173496ea928761741c823b0bb6c4a281f6a9f947341eaed5a39d1fbb65bf58,6c5990951bf2bd871be37669d80270d4a24f89fac072faf21ef617664c3da10c,00 a6 95 0f 00 10 30 c7,ff ff ff ff 60 00 3c 00,00 0F 00 10 00 0D 09 FF FF FF FF 00 00
/private/tmp/gr3-ship-analysis.CYee09/DATA_00120000.MDT,00120000,0x00740000,0x00006000,0x6000,0,0x0053083A,0x0032,0x0053083E,4,between_messages,SCN_00120000_00740000_0001,SCN_00120000_00740000_0002,05 00 02 04,a348a3d36579e47243607fa7189cd286346d4f1a35ba8213a1e56e6c50e8c1f8,6f263b2173be918e3cafde4a6ae1dbcf45c357c36234b4822be87bdac553866e,05 00 02 04,05 00 02 04,05 00 02 04
/private/tmp/gr3-ship-analysis.CYee09/DATA_00120000.MDT,00120000,0x00740000,0x00006000,0x6000,0,0x0053083E,0x0036,0x005308E6,168,between_messages,SCN_00120000_00740000_0001,SCN_00120000_00740000_0002,00 00 00 00 00 10 30 52 00 1f 09 d2 07 00 00 00 00 00 00 00 00 00 00 00 00 00 00 02 05 00 02 04 00 01 00 00 00 10 30 91 00 06 01 bc 01 13 ff 2e 0d 0a a8 00 40 01 b0 00 3c 00 80 0e 00 00 00 21 08 12 00 61 69 48 66 69 7f 9b f1 5f f0 d6 f0 8a 92 08 21 0d ff 00 10 00 0d 00 02 05 00 02 04 00 02 00 00 00 10 30 b8 00 13 ff 01 1f 08 0f 00 00 00 00 00 00 00 00 00 00 00 00 00 00 00 10 00 0d 00 02 05 00 02 04 00 03 00 00 00 10 30 c6 00 02 02 05 00 05 00 00 a6 95 0f 00 10 30 c0 01 0d 09 ff ff ff ff 90 00 50 00,288778374a076784e281f33df19f90fc9537652c9912244bbd133bc9a8bb61c1,61f38a39974d7070a2a0ace64643c8b9c10fc5c53bed4a4c87955dfd03a7db31,00 00 00 00 00 10 30 52,ff ff ff ff 90 00 50 00,00 00 00 00 00 10 00 1F 09 07 00 00 00 00 00 00 00 00 00 00 00 00 00 00 02 05 00 02 04 00 01 00 00 00 10 00 06 01 01 13 FF 0D 0A 00 01 00 00 0E 00 00 00 08 12 00 F1 F0 F0 08 0D FF 00 10 00 0D 00 02 05 00 02 04 00 02 00 00 00 10 00 13 FF 01 1F 08 0F 00 00 00 00 00 00 00 00 00 00 00 00 00 00 00 10 00 0D 00 02 05 00 02 04 00 03 00 00 00 10 00 02 02 05 00 05 00 00 0F 00 10 01 0D 09 FF FF FF FF 00 00
/private/tmp/gr3-ship-analysis.CYee09/DATA_00120000.MDT,00120000,0x00740000,0x00006000,0x6000,0,0x0053090C,0x0104,0x005309D0,196,resource_tail,SCN_00120000_00740000_0002,,05 00 02 04 00 00 00 00 00 10 30 24 01 1f 09 d2 07 00 00 00 00 00 00 00 00 00 00 00 00 00 00 02 05 00 02 04 00 01 00 00 00 10 30 63 01 06 01 bc 01 13 ff 2e 0d 0a a8 00 40 01 b0 00 3c 00 80 0e 00 00 00 21 08 12 00 61 69 48 66 69 7f 9b f1 5f f0 d6 f0 8a 92 08 21 0d ff 00 10 00 d4 00 02 05 00 02 04 00 02 00 00 00 10 30 8a 01 13 ff 01 1f 08 0f 00 00 00 00 00 00 00 00 00 00 00 00 00 00 00 10 00 d4 00 02 05 00 02 04 00 03 00 00 00 10 30 b1 01 13 ff 01 1f 08 10 00 00 00 00 00 00 00 00 00 00 00 00 00 00 00 10 00 d4 00 02 05 00 02 04 00 04 00 00 00 10 30 bf 01 02 02 02 02 00 00 00 00 00 00,b5282aacf0ad4e853b88221c81d7a7d94852434101d94aef397f2e26232ded5d,9574650ee28e4b8325537921a8e6589526bd613a9e214940cfe6eb2b5bb669b6,05 00 02 04 00 00 00 00,02 02 00 00 00 00 00 00,05 00 02 04 00 00 00 00 00 10 01 1F 09 07 00 00 00 00 00 00 00 00 00 00 00 00 00 00 02 05 00 02 04 00 01 00 00 00 10 01 06 01 01 13 FF 0D 0A 00 01 00 00 0E 00 00 00 08 12 00 F1 F0 F0 08 0D FF 00 10 00 00 02 05 00 02 04 00 02 00 00 00 10 01 13 FF 01 1F 08 0F 00 00 00 00 00 00 00 00 00 00 00 00 00 00 00 10 00 00 02 05 00 02 04 00 03 00 00 00 10 01 13 FF 01 1F 08 10 00 00 00 00 00 00 00 00 00 00 00 00 00 00 00 10 00 00 02 05 00 02 04 00 04 00 00 00 10 01 02 02 02 02 00 00 00 00 00 00
/private/tmp/gr3-ship-analysis.CYee09/DATA_00120000.MDT,00120000,0x00740000,0x00396001,0x6000,1,0x005309D4,0x0004,0x005309E7,19,pre_message,,SCN_00120000_00740000_0003,00 a6 95 0f 00 10 30 48 02 0d 09 ff ff ff ff 60 00 28 00,a55585aef7da169724b1c23f04acd26e634e4d2d3c53ea15383dce2002ef5821,661f05cbd4fc2325d1ba2d5f9fbe694fc22d033302e9b5764545a269764dc799,00 a6 95 0f 00 10 30 48,ff ff ff ff 60 00 28 00,00 0F 00 10 02 0D 09 FF FF FF FF 00 00
/private/tmp/gr3-ship-analysis.CYee09/DATA_00120000.MDT,00120000,0x00740000,0x00396001,0x6000,1,0x005309FA,0x002A,0x005309FE,4,between_messages,SCN_00120000_00740000_0003,SCN_00120000_00740000_0004,05 00 02 04,a348a3d36579e47243607fa7189cd286346d4f1a35ba8213a1e56e6c50e8c1f8,6f263b2173be918e3cafde4a6ae1dbcf45c357c36234b4822be87bdac553866e,05 00 02 04,05 00 02 04,05 00 02 04
/private/tmp/gr3-ship-analysis.CYee09/DATA_00120000.MDT,00120000,0x00740000,0x00396001,0x6000,1,0x005309FE,0x002E,0x00530A67,105,between_messages,SCN_00120000_00740000_0003,SCN_00120000_00740000_0004,00 00 00 00 00 10 30 12 02 1f 09 d2 07 00 00 00 00 00 00 00 00 00 00 00 00 00 00 02 05 00 02 04 00 01 00 00 00 10 30 39 02 13 ff 01 1f 08 0f 00 00 00 00 00 00 00 00 00 00 00 00 00 00 00 10 00 d5 01 02 05 00 02 04 00 02 00 00 00 10 30 47 02 02 02 05 00 05 00 00 a6 95 0f 00 10 30 fa 02 0d 09 ff ff ff ff 90 00 3c 00,77f8fb371c620f3847581171603d81a2d68e9eae012b591e9f8b934520e24ef4,a89c07ac2aa99a2a4c5b2b72fecf502a90b3e0de72891b6232f93286839131b8,00 00 00 00 00 10 30 12,ff ff ff ff 90 00 3c 00,00 00 00 00 00 10 12 02 1F 09 07 00 00 00 00 00 00 00 00 00 00 00 00 00 00 02 05 00 02 04 00 01 00 00 00 10 02 13 FF 01 1F 08 0F 00 00 00 00 00 00 00 00 00 00 00 00 00 00 00 10 00 01 02 05 00 02 04 00 02 00 00 00 10 02 02 02 05 00 05 00 00 0F 00 10 02 0D 09 FF FF FF FF 00 00
/private/tmp/gr3-ship-analysis.CYee09/DATA_00120000.MDT,00120000,0x00740000,0x00396001,0x6000,1,0x00530A85,0x00B5,0x00530B08,131,resource_tail,SCN_00120000_00740000_0004,,05 00 02 04 00 00 00 00 00 10 30 9d 02 1f 09 d2 07 00 00 00 00 00 00 00 00 00 00 00 00 00 00 02 05 00 02 04 00 01 00 00 00 10 30 c4 02 13 ff 01 1f 08 0f 00 00 00 00 00 00 00 00 00 00 00 00 00 00 00 10 00 55 02 02 05 00 02 04 00 02 00 00 00 10 30 eb 02 13 ff 01 1f 08 10 00 00 00 00 00 00 00 00 00 00 00 00 00 00 00 10 00 55 02 02 05 00 02 04 00 03 00 00 00 10 30 f9 02 02 02 02 02 00 00 00 00,9fbc8fce5224fb624c14b0f496eabfe49de2f2dfffce5bb9d2bcf6ce46dd43ea,04ae25f538620885d3abeb9f7450be7f93b4ff7701e4b907535ce08ecbc1ecbd,05 00 02 04 00 00 00 00,02 02 02 02 00 00 00 00,05 00 02 04 00 00 00 00 00 10 02 1F 09 07 00 00 00 00 00 00 00 00 00 00 00 00 00 00 02 05 00 02 04 00 01 00 00 00 10 02 13 FF 01 1F 08 0F 00 00 00 00 00 00 00 00 00 00 00 00 00 00 00 10 00 02 02 05 00 02 04 00 02 00 00 00 10 02 13 FF 01 1F 08 10 00 00 00 00 00 00 00 00 00 00 00 00 00 00 00 10 00 02 02 05 00 02 04 00 03 00 00 00 10 F9 02 02 02 02 02 00 00 00 00
/private/tmp/gr3-ship-analysis.CYee09/DATA_00120000.MDT,00120000,0x00740000,0x00602000,0x2000,0,0x00530B0C,0x0004,0x00530BF6,234,pre_message,,SCN_00120000_00740000_0005,06 01 05 00 05 00 00 16 df 0f 00 05 00 06 00 00 9a e2 0f 00 10 30 d6 06 06 02 2b 08 10 30 29 03 10 00 8d 03 02 06 03 2b 08 10 30 36 03 10 00 36 03 02 03 00 05 20 06 01 10 30 8d 03 0d 00 ff ff ff ff e0 00 50 00 81 0e 00 7d 00 79 46 21 83 f0 be 92 46 44 08 86 46 21 86 a0 e6 f1 c1 8e f4 e6 f1 8a f0 bc a0 08 27 f6 5b f6 9d 89 f1 8e a2 46 21 86 a0 c3 f0 b8 f2 7e bb 08 2f f3 84 88 f0 8e bd a0 7e 46 44 0d ff 00 02 03 00 02 20 06 01 10 30 e8 04 0d 00 ff ff ff ff e0 00 50 00 81 0e 00 7d 00 e6 f3 94 b5 c2 43 21 60 f6 74 4d f4 9b f4 e7 f5 b0 99 9d 08 e6 f1 96 82 c2 9f 7a 9a 46 43 08 60 f6 a0 6a f2 c1 a9 f4 84 bd 9a a1 f1 95 98 08 86 77 96 c1 82 f0 95 98 82 be e4 43 0d ff 00 0d 00 ff ff ff ff e0 00 14 00,d470c3d95887ac2744d8ca72ff6914c3e5f8372aa19fdadb652a7fe7a95cc52b,b4d0ab7ee73ebbff9228d1a98812191f609bafd320b9b56557d361d3c1e9cb7a,06 01 05 00 05 00 00 16,ff ff ff ff e0 00 14 00,06 01 05 00 05 00 00 16 0F 00 05 00 06 00 00 0F 00 10 06 06 02 08 10 03 10 00 03 02 06 03 08 10 03 10 00 03 02 03 00 05 06 01 10 03 0D 00 FF FF FF FF 00 00 0E 00 00 F0 08 F1 F4 F1 F0 08 F6 F6 F1 F0 F2 08 F3 F0 0D FF 00 02 03 00 02 06 01 10 04 0D 00 FF FF FF FF 00 00 0E 00 00 F3 F6 F4 F4 F5 08 F1 08 F6 F2 F4 F1 08 F0 0D FF 00 0D 00 FF FF FF FF 00 14 00
/private/tmp/gr3-ship-analysis.CYee09/DATA_00120000.MDT,00120000,0x00740000,0x00602000,0x2000,0,0x00530C0C,0x0104,0x00530C10,4,between_messages,SCN_00120000_00740000_0005,SCN_00120000_00740000_0006,0d 00 ff ff,676b67168b7387cb93621f2701c61c4cfc71c63afe457ec4d1e0c17daeacec1e,e5114bd47b3c5e979a88876ee7f086231103ef978d6d3692d31f6a6879314dfb,0d 00 ff ff,0d 00 ff ff,0D 00 FF FF
/private/tmp/gr3-ship-analysis.CYee09/DATA_00120000.MDT,00120000,0x00740000,0x00602000,0x2000,0,0x00530C10,0x0108,0x00530C6F,95,between_messages,SCN_00120000_00740000_0005,SCN_00120000_00740000_0006,ff ff e0 00 50 00 81 0e 00 7d 00 86 a0 37 f3 dc f1 5f f0 d6 f0 6a f0 6b f0 30 f0 d3 3f f0 2f f0 43 08 52 58 54 60 99 9b 79 93 43 08 60 f6 a0 79 94 9d 79 f1 87 f6 2a f1 c0 bd aa f0 ab f0 93 43 08 82 f2 b2 21 7d 49 f3 77 93 7e bb 82 f0 95 98 82 be 0d ff 00 0d 09 ff ff ff ff a0 00 28 00,0a33fbf341fc7874e89f4c6345d4727ba500c73ff00aadcb681ff2a586f37ea0,7eed44a58aeb97b8131bf6734967dbe6a6d0ba5f8034a2d0817d5066664226ae,ff ff e0 00 50 00 81 0e,ff ff ff ff a0 00 28 00,FF FF 00 00 0E 00 00 F3 F1 F0 F0 F0 F0 F0 F0 F0 08 08 F6 F1 F6 F1 F0 F0 08 F2 F3 F0 0D FF 00 0D 09 FF FF FF FF 00 00
/private/tmp/gr3-ship-analysis.CYee09/DATA_00120000.MDT,00120000,0x00740000,0x00602000,0x2000,0,0x00530C8D,0x0185,0x00530C91,4,between_messages,SCN_00120000_00740000_0006,SCN_00120000_00740000_0007,05 00 02 04,a348a3d36579e47243607fa7189cd286346d4f1a35ba8213a1e56e6c50e8c1f8,6f263b2173be918e3cafde4a6ae1dbcf45c357c36234b4822be87bdac553866e,05 00 02 04,05 00 02 04,05 00 02 04
/private/tmp/gr3-ship-analysis.CYee09/DATA_00120000.MDT,00120000,0x00740000,0x00602000,0x2000,0,0x00530C91,0x0189,0x00530D4B,186,between_messages,SCN_00120000_00740000_0006,SCN_00120000_00740000_0007,00 01 00 00 00 10 30 d5 04 0d 00 ff ff ff ff e0 00 50 00 81 0e 00 7d 00 93 b3 9c a0 7e 46 08 75 75 21 67 f0 ca f2 7f 46 08 60 f6 a0 6a f2 a0 79 f5 e6 f0 7f 46 08 e6 f1 93 46 21 e6 f1 c1 7d f0 9d 80 f0 be 9f 7a 9a 46 0d ff 00 02 05 00 02 04 00 02 00 00 00 10 30 e7 04 10 00 c8 05 02 02 03 00 05 20 06 02 10 30 c8 05 0d 00 ff ff ff ff b0 00 50 00 81 0e 00 7d 00 b4 8a 7e 8a 98 21 75 c2 92 08 82 f0 95 98 82 be c2 a0 7e e4 46 42 08 60 f6 9d 6b f4 88 be 92 21 54 f1 e5 f1 a0 46 08 30 f0 d3 3f f0 2f f0 46 21 52 58 54 60 46 0d ff 00 0d 00 ff ff ff ff 80 00 14 00,dcb15e113dc78ec81409840b6b1ce29a7f896fb854b99f87427681245d2750f1,deeeee0f420d1396f9dbadb67fd2a43b030151761dc2b051ea37ffc167599956,00 01 00 00 00 10 30 d5,ff ff ff ff 80 00 14 00,00 01 00 00 00 10 04 0D 00 FF FF FF FF 00 00 0E 00 00 08 F0 F2 08 F6 F2 F5 F0 08 F1 F1 F0 F0 0D FF 00 02 05 00 02 04 00 02 00 00 00 10 04 10 00 05 02 02 03 00 05 06 02 10 05 0D 00 FF FF FF FF 00 00 0E 00 00 08 F0 08 F6 F4 F1 F1 08 F0 F0 F0 0D FF 00 0D 00 FF FF FF FF 00 14 00
/private/tmp/gr3-ship-analysis.CYee09/DATA_00120000.MDT,00120000,0x00740000,0x00602000,0x2000,0,0x00530D5B,0x0253,0x00530D5F,4,between_messages,SCN_00120000_00740000_0007,SCN_00120000_00740000_0008,0d 09 ff ff,bb0151dd717a0dfd67e6dbc2a919dfeb7cae565ea337307181988f6e2391030a,03e2254ad75e56cdcc58fe3d8167d26875565e3e4b6d2630bf4fddee4b36d28f,0d 09 ff ff,0d 09 ff ff,0D 09 FF FF
/private/tmp/gr3-ship-analysis.CYee09/DATA_00120000.MDT,00120000,0x00740000,0x00602000,0x2000,0,0x00530D5F,0x0257,0x00530D65,6,between_messages,SCN_00120000_00740000_0007,SCN_00120000_00740000_0008,ff ff a0 00 28 00,45fcf68f2f113f3e7c92daff71a6292e90929f32e57ccae8b1db8288d2b13d46,fb560cc5038ceaf5a385041d1c6972e965507d9bbdf7402e880cbb04cf74d9a2,ff ff a0 00 28 00,ff ff a0 00 28 00,FF FF 00 00
/private/tmp/gr3-ship-analysis.CYee09/DATA_00120000.MDT,00120000,0x00740000,0x00602000,0x2000,0,0x00530D83,0x027B,0x00530D87,4,between_messages,SCN_00120000_00740000_0008,SCN_00120000_00740000_0009,05 00 02 04,a348a3d36579e47243607fa7189cd286346d4f1a35ba8213a1e56e6c50e8c1f8,6f263b2173be918e3cafde4a6ae1dbcf45c357c36234b4822be87bdac553866e,05 00 02 04,05 00 02 04,05 00 02 04
/private/tmp/gr3-ship-analysis.CYee09/DATA_00120000.MDT,00120000,0x00740000,0x00602000,0x2000,0,0x00530D87,0x027F,0x00530FB9,562,between_messages,SCN_00120000_00740000_0008,SCN_00120000_00740000_0009,00 01 00 00 00 10 30 b5 05 0d 00 ff ff ff ff c0 00 28 00 81 0e 00 7d 00 46 a4 b6 7e 8a 9c bb 43 f1 b3 98 82 be 08 b4 79 29 f0 e9 29 f0 e9 9c c2 93 46 0d ff 00 02 05 00 02 04 00 02 00 00 00 10 30 c7 05 10 00 c8 05 02 02 1f 02 04 00 00 00 00 00 00 00 00 00 00 00 00 00 00 00 05 00 05 04 00 1c 01 00 00 10 30 81 06 0d 00 ff ff ff ff e0 00 50 00 81 0e 00 7d 00 75 bc 7f 9a ba 41 21 86 77 96 c1 74 f0 7b a2 08 92 77 98 77 a0 d3 ce a1 bc f0 bd 8f 43 08 21 f0 d1 e3 99 c3 f4 bb 95 92 5e f5 7d f0 a1 08 bc f0 8e 9c 7e 95 92 84 9b 9c 46 43 0d ff 00 0d 01 20 00 40 01 e0 00 3c 00 80 21 08 21 21 30 f0 d3 3f f0 2f f0 c1 7d f0 9d 80 f0 be 92 21 21 08 21 0d ff 00 06 01 2b 08 1f 03 e4 fe ff ff 00 00 00 00 00 00 00 00 00 00 00 00 1f 04 75 02 00 00 01 00 00 00 00 00 00 00 00 00 00 00 02 05 00 06 04 00 1c 01 00 00 10 30 d5 06 0d 00 ff ff ff ff c0 00 50 00 81 0e 00 7d 00 e6 f1 7f 97 f0 bc 9f 7a ba 46 08 52 58 54 60 21 90 77 96 7f 9f 7a 9a 08 60 f6 a1 74 c8 f0 a0 33 f0 d1 dc 9d 46 08 c1 f3 80 90 79 93 ba 46 21 82 f2 b2 ba 46 0d ff 00 02 02 05 00 05 00 00 9a e2 0f 00 05 00 06 00 00 da 37 20 00 10 30 e7 0a 06 02 2b 08 10 30 f9 06 10 00 5d 07 02 06 03 2b 08 10 30 06 07 10 00 06 07 02 03 00 05 20 06 01 10 30 5d 07 0d 00 ff ff ff ff d0 00 50 00 81 0e 00 7d 00 ba 8a 95 43 21 e6 f1 b4 99 80 92 8a 08 86 c2 9c 21 f7 87 f6 8a 77 71 f5 c3 f0 7e bb a1 08 9a 95 9a 9a cc d7 3b f0 21 f0 93 43 08 80 f3 7e bb 80 f3 b0 99 21 75 bc 7f 9a ba 43 0d ff 00 02 03 00 02 20 06 01 10 30 be 08 0d 00 ff ff ff ff d0 00 3c 00 81 0e 00 7d 00 90 86 a0 e6 f3 88 c2 21 86 a0 6a f0 6b f0 46 08 30 f0 d3 3f f0 2f f0 c1 82 f0 95 98 7e 9c 77 7e 44 08 52 58 54 60 46 21 9e f1 77 93 bf 44 0d ff 00 0d 00 ff ff ff ff b0 00 3c 00,b4f60dbd829d98470f6b6cdc35d0bf11203bf6bff0ddd4ea9391dc573f66ac57,1ba625278286b308b1f5190fad42d2845a28f2d7986c3cf612b3374b3d3a267e,00 01 00 00 00 10 30 b5,ff ff ff ff b0 00 3c 00,00 01 00 00 00 10 05 0D 00 FF FF FF FF 00 00 0E 00 00 F1 08 F0 F0 0D FF 00 02 05 00 02 04 00 02 00 00 00 10 05 10 00 05 02 02 1F 02 04 00 00 00 00 00 00 00 00 00 00 00 00 00 00 00 05 00 05 04 00 1C 01 00 00 10 06 0D 00 FF FF FF FF 00 00 0E 00 00 F0 08 F0 08 F0 F4 F5 F0 08 F0 0D FF 00 0D 01 00 01 00 00 08 F0 F0 F0 F0 F0 08 0D FF 00 06 01 08 1F 03 FF FF 00 00 00 00 00 00 00 00 00 00 00 00 1F 04 02 00 00 01 00 00 00 00 00 00 00 00 00 00 00 02 05 00 06 04 00 1C 01 00 00 10 06 0D 00 FF FF FF FF 00 00 0E 00 00 F1 F0 08 08 F6 F0 F0 08 F3 F2 0D FF 00 02 02 05 00 05 00 00 0F 00 05 00 06 00 00 00 10 0A 06 02 08 10 F9 06 10 00 07 02 06 03 08 10 06 07 10 00 06 07 02 03 00 05 06 01 10 07 0D 00 FF FF FF FF 00 00 0E 00 00 F1 08 F7 F6 F5 F0 08 F0 F0 08 F3 F3 0D FF 00 02 03 00 02 06 01 10 08 0D 00 FF FF FF FF 00 00 0E 00 00 F3 F0 F0 08 F0 F0 F0 F0 08 F1 0D FF 00 0D 00 FF FF FF FF 00 00
/private/tmp/gr3-ship-analysis.CYee09/DATA_00120000.MDT,00120000,0x00740000,0x00602000,0x2000,0,0x00530FE7,0x04DF,0x00530FEB,4,between_messages,SCN_00120000_00740000_0009,SCN_00120000_00740000_0010,0d 00 ff ff,676b67168b7387cb93621f2701c61c4cfc71c63afe457ec4d1e0c17daeacec1e,e5114bd47b3c5e979a88876ee7f086231103ef978d6d3692d31f6a6879314dfb,0d 00 ff ff,0d 00 ff ff,0D 00 FF FF
/private/tmp/gr3-ship-analysis.CYee09/DATA_00120000.MDT,00120000,0x00740000,0x00602000,0x2000,0,0x00530FEB,0x04E3,0x00531044,89,between_messages,SCN_00120000_00740000_0009,SCN_00120000_00740000_0010,ff ff d0 00 50 00 81 0e 00 7d 00 86 bc b5 b5 f0 e1 f1 a0 97 f0 8a 9d 8c bd c2 93 08 90 be 99 ce f5 a0 71 f5 c3 f0 9d 42 f1 95 98 08 de 3f f0 7e bb b6 bc 5a f5 8c 95 98 c0 84 88 08 9b 79 93 77 21 74 f0 7b bd 6a f0 6b f0 93 8f 44 0d ff 00 0d 09 ff ff ff ff a0 00 28 00,4c2b56b967ce046334991d2de8ded2b33fe8a674b037f96185ed0c3b7ac62836,a26fc23a9247fc9266799ae80946cf8e42c760a188afb83920730670968a9014,ff ff d0 00 50 00 81 0e,ff ff ff ff a0 00 28 00,FF FF 00 00 0E 00 00 F0 F1 F0 08 F5 F5 F0 F1 08 F0 F5 08 F0 F0 F0 0D FF 00 0D 09 FF FF FF FF 00 00
/private/tmp/gr3-ship-analysis.CYee09/DATA_00120000.MDT,00120000,0x00740000,0x00602000,0x2000,0,0x00531062,0x055A,0x00531066,4,between_messages,SCN_00120000_00740000_0010,SCN_00120000_00740000_0011,05 00 02 04,a348a3d36579e47243607fa7189cd286346d4f1a35ba8213a1e56e6c50e8c1f8,6f263b2173be918e3cafde4a6ae1dbcf45c357c36234b4822be87bdac553866e,05 00 02 04,05 00 02 04,05 00 02 04
/private/tmp/gr3-ship-analysis.CYee09/DATA_00120000.MDT,00120000,0x00740000,0x00602000,0x2000,0,0x00531066,0x055E,0x00531140,218,between_messages,SCN_00120000_00740000_0010,SCN_00120000_00740000_0011,00 01 00 00 00 10 30 ab 08 0d 00 ff ff ff ff e0 00 50 00 81 0e 00 7d 00 46 b0 74 21 77 77 88 43 21 60 f6 b4 b4 f0 bc f2 bc 08 86 77 96 7f 83 f0 be 9c 80 b5 08 9b 95 7e a0 b4 f0 9d 99 b4 08 b4 83 bc 86 c2 99 b1 bd 88 43 0d ff 00 02 05 00 02 04 00 02 00 00 00 10 30 bd 08 10 00 d5 09 02 02 03 00 05 20 06 02 10 30 d4 09 0d 00 ff ff ff ff e0 00 50 00 81 0e 00 7d 00 d7 21 f0 e1 47 3d f0 c1 88 f0 92 bb 08 d7 f0 c1 f1 a0 54 f4 db e1 47 e9 93 46 43 08 60 f6 a0 d7 f0 c1 f1 9d cd 3a f0 22 f0 8c bd 9a a1 f1 95 98 08 30 f0 d3 3f f0 2f f0 21 82 f0 95 98 b1 9c 77 7e 44 07 0e 00 7d 00 52 58 54 60 93 46 21 9e f1 77 93 bf 44 0d ff 00 0d 00 ff ff ff ff 80 00 14 00,399bc776504224073252105470edecad0f453d51fe7cb5ce4d9bfe2886cda3df,dd7783e8e88eeaaaf7d38406153bc67d2357b74fbec01fc96b66e507ae075a41,00 01 00 00 00 10 30 ab,ff ff ff ff 80 00 14 00,00 01 00 00 00 10 08 0D 00 FF FF FF FF 00 00 0E 00 00 F6 F0 F2 08 F0 08 F0 08 0D FF 00 02 05 00 02 04 00 02 00 00 00 10 08 10 00 09 02 02 03 00 05 06 02 10 09 0D 00 FF FF FF FF 00 00 0E 00 00 F0 F0 F0 08 F0 F1 F4 08 F6 F0 F1 F0 F0 F1 08 F0 F0 F0 F0 07 0E 00 00 F1 0D FF 00 0D 00 FF FF FF FF 00 14 00
/private/tmp/gr3-ship-analysis.CYee09/DATA_00120000.MDT,00120000,0x00740000,0x00602000,0x2000,0,0x00531150,0x0648,0x00531154,4,between_messages,SCN_00120000_00740000_0011,SCN_00120000_00740000_0012,0d 09 ff ff,bb0151dd717a0dfd67e6dbc2a919dfeb7cae565ea337307181988f6e2391030a,03e2254ad75e56cdcc58fe3d8167d26875565e3e4b6d2630bf4fddee4b36d28f,0d 09 ff ff,0d 09 ff ff,0D 09 FF FF
/private/tmp/gr3-ship-analysis.CYee09/DATA_00120000.MDT,00120000,0x00740000,0x00602000,0x2000,0,0x00531154,0x064C,0x0053115A,6,between_messages,SCN_00120000_00740000_0011,SCN_00120000_00740000_0012,ff ff a0 00 28 00,45fcf68f2f113f3e7c92daff71a6292e90929f32e57ccae8b1db8288d2b13d46,fb560cc5038ceaf5a385041d1c6972e965507d9bbdf7402e880cbb04cf74d9a2,ff ff a0 00 28 00,ff ff a0 00 28 00,FF FF 00 00
/private/tmp/gr3-ship-analysis.CYee09/DATA_00120000.MDT,00120000,0x00740000,0x00602000,0x2000,0,0x00531178,0x0670,0x005312F0,376,resource_tail,SCN_00120000_00740000_0012,,05 00 02 04 00 01 00 00 00 10 30 c1 09 0d 00 ff ff ff ff e0 00 50 00 81 0e 00 7d 00 46 b0 74 21 77 77 88 43 21 60 f6 b4 b4 f0 bc f2 bc 08 86 77 96 7f 83 f0 be 9c 80 b5 08 9b 95 7e a0 b4 f0 9d 99 b4 08 b4 83 bc 86 c2 99 b1 bd 88 43 0d ff 00 02 05 00 02 04 00 02 00 00 00 10 30 d3 09 10 00 d5 09 02 02 02 1f 02 04 00 00 00 00 00 00 00 00 00 00 00 00 00 00 00 05 00 05 04 00 1c 01 00 00 10 30 8b 0a 0d 00 ff ff ff ff e0 00 50 00 81 0e 00 7d 00 75 bc 7f 9a ba 43 08 86 77 96 c1 74 f0 7b a2 9b c2 9c af f5 57 f6 b4 08 92 94 9b 86 bf 9d e0 f1 7b 94 b0 79 8f 08 b4 f0 b5 f0 a0 af f5 be c1 77 b6 8a 98 82 be b6 43 0d ff 00 0d 01 20 00 40 01 e0 00 3c 00 80 21 08 21 21 30 f0 d3 3f f0 2f f0 c1 7d f0 9d 80 f0 be 92 21 21 08 21 0d ff 00 06 01 2b 08 1f 03 e4 fe ff ff 00 00 00 00 00 00 00 00 00 00 00 00 1f 04 75 02 00 00 01 00 00 00 00 00 00 00 00 00 00 00 02 1f 02 04 00 00 00 00 00 00 00 00 00 00 00 00 00 00 00 05 00 06 04 00 1c 01 00 00 10 30 e6 0a 0d 00 ff ff ff ff e0 00 3c 00 81 0e 00 7d 00 95 9a 43 21 e6 f1 7f 9f 7a 8b b5 9f 7b 7e 43 08 52 58 54 60 21 88 8c 7f 9d 08 86 be db f0 a7 f0 a1 9e f1 82 9c bb 9f 7a ba 0d ff 00 02 02 02,dd068135878da2cee3a33a969b2ada48aeaabed6b6a2a1a3a9384d3d0dfd1afb,5cef00f9d9f73b1b7963abdf2669b63e04a7ba4b2a75620c566ae39db96f7b78,05 00 02 04 00 01 00 00,7a ba 0d ff 00 02 02 02,05 00 02 04 00 01 00 00 00 10 09 0D 00 FF FF FF FF 00 00 0E 00 00 F6 F0 F2 08 F0 08 F0 08 0D FF 00 02 05 00 02 04 00 02 00 00 00 10 09 10 00 09 02 02 02 1F 02 04 00 00 00 00 00 00 00 00 00 00 00 00 00 00 00 05 00 05 04 00 1C 01 00 00 10 0A 0D 00 FF FF FF FF 00 00 0E 00 00 08 F0 F5 F6 08 F1 08 F0 F0 F5 0D FF 00 0D 01 00 01 00 00 08 F0 F0 F0 F0 F0 08 0D FF 00 06 01 08 1F 03 FF FF 00 00 00 00 00 00 00 00 00 00 00 00 1F 04 02 00 00 01 00 00 00 00 00 00 00 00 00 00 00 02 1F 02 04 00 00 00 00 00 00 00 00 00 00 00 00 00 00 00 05 00 06 04 00 1C 01 00 00 10 0A 0D 00 FF FF FF FF 00 00 0E 00 00 F1 08 08 F0 F0 F1 0D FF 00 02 02 02
/private/tmp/gr3-ship-analysis.CYee09/DATA_00120000.MDT,00120000,0x00740000,0x015D2006,0x2000,6,0x005312F4,0x0004,0x00531360,108,pre_message,,SCN_00120000_00740000_0013,06 01 05 00 05 00 00 da 37 20 00 05 00 06 00 00 76 86 30 00 10 30 9d 0c 03 00 02 21 06 01 10 30 81 0b 0d 00 ff ff ff ff e0 00 3c 00 81 0e 00 7e 00 86 86 7f c8 40 f0 d7 a0 d7 21 f0 e1 47 3d f0 7e 46 08 77 95 94 b9 21 60 f6 a0 6a f3 95 98 b6 96 c1 08 92 b3 8a 98 b6 bd 9a 8c bd 7e 9c 43 0d ff 00 0d 00 ff ff ff ff e0 00 28 00,455d5a0bee33674445240934498b8504478476af562f94602c470e15dac64288,ba926a10eeae5a8eab2ddd8fc2e85a3d19c0f4b7a946dbd27c30878b390cf546,06 01 05 00 05 00 00 da,ff ff ff ff e0 00 28 00,06 01 05 00 05 00 00 00 05 00 06 00 00 00 10 0C 03 00 02 06 01 10 0B 0D 00 FF FF FF FF 00 00 0E 00 00 F0 F0 F0 08 F6 F3 08 0D FF 00 0D 00 FF FF FF FF 00 00
/private/tmp/gr3-ship-analysis.CYee09/DATA_00120000.MDT,00120000,0x00740000,0x015D2006,0x2000,6,0x00531388,0x0098,0x0053138C,4,between_messages,SCN_00120000_00740000_0013,SCN_00120000_00740000_0014,02 03 00 02,a68cb117ef9b333e890a38fc4dbc4d9307f85ebc13fc6a5854ec30c12c554a5b,e611d857b06b3ed4f7632fb5eec1b2ea23284782901ba3f8a342cd4a8b8563c9,02 03 00 02,02 03 00 02,02 03 00 02
/private/tmp/gr3-ship-analysis.CYee09/DATA_00120000.MDT,00120000,0x00740000,0x015D2006,0x2000,6,0x0053138C,0x009C,0x005316B7,811,between_messages,SCN_00120000_00740000_0013,SCN_00120000_00740000_0014,21 06 02 10 30 52 0c 0d 00 ff ff ff ff e0 00 50 00 81 0e 00 7e 00 24 f0 c4 3a f0 cd 44 21 81 f0 93 90 be 44 08 90 c2 9c b6 96 74 ec f1 bb 9c 77 7f 08 d7 21 f0 e1 47 3d f0 a0 43 f4 8b b5 21 7d f0 34 f1 9d 08 21 f0 d1 e3 7f 96 f3 8a b3 bd 95 98 c8 40 f0 d7 ba 0d ff 00 0d 00 ff ff ff ff b0 00 28 00 12 0e 00 0e 00 75 95 21 75 a0 e9 21 f0 d1 b1 f0 95 98 08 b0 93 b6 95 98 bd c2 99 8c 9f 46 0d ff 00 0d 00 ff ff ff ff d0 00 50 00 81 0e 00 7e 00 7d 79 ba 21 4d f4 5f f0 a0 21 f2 c8 f0 a1 08 62 f0 9f f2 9d 42 f1 82 c0 f0 9d 08 86 86 9d b4 f2 bd 95 98 77 79 7e bb 9c 08 aa aa 21 96 f3 8a b1 9d 8a 98 92 c2 93 43 0d ff 00 02 03 00 05 21 06 03 10 30 9c 0c 0d 00 ff ff ff ff d0 00 50 00 81 0e 00 7e 00 88 74 45 98 9a 08 92 b3 86 c2 93 c3 f3 49 f6 a0 74 f0 77 67 f0 93 43 08 7f 95 96 bc 21 b4 79 84 88 8e 98 08 b4 bb 79 9a 8c 95 7e 9c 43 0d ff 00 02 02 05 00 05 00 00 76 86 30 00 05 00 06 00 00 4a 01 41 00 10 30 6a 0e 03 00 02 21 06 01 10 30 4a 0d 0d 00 ff ff ff ff e0 00 50 00 81 0e 00 7e 00 4d f4 84 f2 a0 a9 f5 a8 f5 21 24 f0 26 f0 e7 cf a0 3e f0 c4 7e 08 8b b5 9c 80 b5 32 f0 d8 d9 51 9d f0 7e 46 08 aa 95 21 9b f1 98 a1 08 d7 c6 d5 3f f0 3d f2 50 f3 95 98 b6 96 93 9c 43 0d ff 00 0d 00 ff ff ff ff b0 00 50 00 42 0e 00 36 00 21 f0 d1 e3 ac f4 95 98 c2 a0 7e 44 08 90 c2 9c a0 8c f0 84 98 92 bb 08 ce 3c f0 ce 3c f0 9d 08 9c 95 94 b0 79 c2 8b b5 9f 7a 44 0d ff 00 02 03 00 02 21 06 02 10 30 0d 0e 0d 00 ff ff ff ff e0 00 50 00 81 0e 00 7e 00 94 b9 95 9a 21 b6 8e 92 84 9b 9c 08 30 f2 95 98 92 c2 93 21 94 b9 79 9b 77 77 88 08 b0 74 21 3d f2 86 90 a1 6d f5 84 9d ac f4 95 98 08 72 f2 27 f6 5b f6 c1 77 92 93 77 98 b6 bd 8f 0d ff 00 0d 00 ff ff ff ff d0 00 28 00 42 0e 00 31 00 aa aa 95 21 ce c6 d5 e5 9d 9c bd c0 f0 9d 08 b6 b3 9a 84 ba 9c 43 0d ff 00 0d 00 ff ff ff ff b0 00 50 00 81 0e 00 7e 00 21 f0 cd 27 f6 5b f6 43 08 77 b0 9d 58 f1 8f f5 9c e8 27 f0 95 c4 f5 c1 08 8a f0 bc 23 f6 8a 98 b6 bd 8f 43 08 a1 f0 98 b6 7f be 95 98 c2 93 43 0d ff 00 02 03 00 05 21 06 03 10 30 69 0e 0d 00 ff ff ff ff c0 00 50 00 81 0e 00 7e 00 3d f2 a1 ac f4 98 bd 88 21 d7 f0 c1 f1 9c c2 98 08 21 f0 3b f0 3a f0 db ba 82 99 80 98 c2 93 43 08 d9 d3 8c f0 80 93 95 92 3d f2 a0 84 f2 9d b5 08 80 95 9a 21 77 77 24 f1 7f ef f0 82 a0 88 0d ff 00 02 02 05 00 05 00 00 4a 01 41 00 10 30 83 10 03 00 02 21 06 01 10 30 0e 0f 0d 00 ff ff ff ff a0 00 28 00 81 0e 00 7e 00 7d 7d 46 21 9c 74 08 d5 e0 c8 c8 f5 77 98 82 be ba 46 0d ff 00 0d 00 ff ff ff ff a0 00 3c 00,c01b4e90ac6eac37df103d5f793c53f413f82f4cd0a7109a9bd883556dc7d7fe,0392b587a20b5c4e88cadc118c946851656859fd50a3542e963cc66f7d329ad2,21 06 02 10 30 52 0c 0d,ff ff ff ff a0 00 3c 00,06 02 10 0C 0D 00 FF FF FF FF 00 00 0E 00 00 F0 F0 F0 08 F1 08 F0 F0 F4 F0 F1 08 F0 F3 F0 0D FF 00 0D 00 FF FF FF FF 00 00 12 0E 00 0E 00 F0 F0 08 0D FF 00 0D 00 FF FF FF FF 00 00 0E 00 00 F4 F0 F2 F0 08 F0 F2 F1 F0 08 F2 08 F3 0D FF 00 02 03 00 05 06 03 10 0C 0D 00 FF FF FF FF 00 00 0E 00 00 08 F3 F6 F0 F0 08 08 0D FF 00 02 02 05 00 05 00 00 00 05 00 06 00 00 01 00 10 0E 03 00 02 06 01 10 0D 0D 00 FF FF FF FF 00 00 0E 00 00 F4 F2 F5 F5 F0 F0 F0 08 F0 F0 08 F1 08 F0 F2 F3 0D FF 00 0D 00 FF FF FF FF 00 00 0E 00 00 F0 F4 08 F0 08 F0 F0 08 0D FF 00 02 03 00 02 06 02 10 0D 0E 0D 00 FF FF FF FF 00 00 0E 00 00 08 F2 08 F2 F5 F4 08 F2 F6 F6 0D FF 00 0D 00 FF FF FF FF 00 00 0E 00 00 F0 08 0D FF 00 0D 00 FF FF FF FF 00 00 0E 00 00 F0 F6 F6 08 F1 F5 F0 F5 08 F0 F6 08 F0 0D FF 00 02 03 00 05 06 03 10 0E 0D 00 FF FF FF FF 00 00 0E 00 00 F2 F4 F0 F1 08 F0 F0 F0 08 F0 F2 F2 08 F1 F0 0D FF 00 02 02 05 00 05 00 00 01 00 10 10 03 00 02 06 01 10 0E 0F 0D 00 FF FF FF FF 00 00 0E 00 00 08 F5 0D FF 00 0D 00 FF FF FF FF 00 00
/private/tmp/gr3-ship-analysis.CYee09/DATA_00120000.MDT,00120000,0x00740000,0x015D2006,0x2000,6,0x005316DC,0x03EC,0x005316E0,4,between_messages,SCN_00120000_00740000_0014,SCN_00120000_00740000_0015,0d 00 ff ff,676b67168b7387cb93621f2701c61c4cfc71c63afe457ec4d1e0c17daeacec1e,e5114bd47b3c5e979a88876ee7f086231103ef978d6d3692d31f6a6879314dfb,0d 00 ff ff,0d 00 ff ff,0D 00 FF FF
/private/tmp/gr3-ship-analysis.CYee09/DATA_00120000.MDT,00120000,0x00740000,0x015D2006,0x2000,6,0x005316E0,0x03F0,0x0053172A,74,between_messages,SCN_00120000_00740000_0014,SCN_00120000_00740000_0015,ff ff b0 00 50 00 81 0e 00 7e 00 90 be 7f 9c 46 09 08 77 b6 46 21 b6 95 a3 b6 b3 92 08 3b f4 99 2e f4 95 98 b4 08 81 f2 8b bb c2 9c 77 93 bf 79 8a 46 0d ff 00 02 03 00 02 21 06 02 10 30 37 10 0d 00 ff ff ff ff d0 00 50 00,2ab3099656e5cb2aa24249d33b19abe8c08421de9087137d426bed355bb85026,d59feb05f487bf813c5d0fd0db512c290400eb838b376eeb4424178419b83b32,ff ff b0 00 50 00 81 0e,ff ff ff ff d0 00 50 00,FF FF 00 00 0E 00 00 09 08 08 F4 F4 08 F2 0D FF 00 02 03 00 02 06 02 10 10 0D 00 FF FF FF FF 00 00
/private/tmp/gr3-ship-analysis.CYee09/DATA_00120000.MDT,00120000,0x00740000,0x015D2006,0x2000,6,0x0053176B,0x047B,0x00531890,293,resource_tail,SCN_00120000_00740000_0015,,0d 00 ff ff ff ff e0 00 50 00 81 0e 00 7e 00 b6 f4 79 9c ba 46 09 21 62 f0 9f f2 a0 5c f0 7e bb ba 08 99 f2 c1 96 92 95 98 ea f0 82 98 21 f0 cd 99 84 7a 08 46 9a 9d 7e 82 d2 3f f0 77 38 f3 95 86 7f 08 86 95 94 9d dd f2 7e 95 98 80 92 c2 93 07 0e 00 7e 00 99 f2 a1 21 9c 82 9c 95 98 77 95 98 08 dd f2 86 79 4d f0 60 f2 21 26 f2 95 5b f3 5d f3 93 46 08 a1 a1 46 21 86 c2 9c 86 9a 2e f4 95 98 bd 9a 08 7d 7e 8a 9c 35 f0 e5 b1 92 77 93 9c 21 7d be 0d ff 00 0d 00 ff ff ff ff d0 00 50 00 52 0e 00 3e 00 e0 47 3a f0 a0 38 f3 46 09 0e 00 3f 00 08 46 81 f2 8b b0 8c ba 08 78 f4 92 94 a1 08 75 9c 92 a0 2e f4 95 98 77 bd 86 9a c1 46 0d ff 00 02 03 00 05 21 06 03 10 30 82 10 0d 00 ff ff ff ff d0 00 50 00 81 0e 00 7e 00 86 c2 9c 21 9a c2 99 b4 9f 7a 64 f0 08 b6 84 9d 75 95 88 bc 81 f2 8b bd c2 93 9c 08 46 7d b0 7b bb 21 94 b9 95 9a 08 7d 7e 8a 77 a0 7e 44 0d ff 00 02 02 02 00 00 00 00,66e5b156e7c8cee2a6cd898db0c223c94190feae87571662ddc2d3b0620733fa,9bdfe238bed741766944e157f3af4eb1618e435df6e8a5668b55f2bb85b44704,0d 00 ff ff ff ff e0 00,00 02 02 02 00 00 00 00,0D 00 FF FF FF FF 00 00 0E 00 00 F4 09 F0 F2 F0 08 F2 F0 F0 08 F0 F3 08 F2 07 0E 00 00 F2 08 F2 F0 F2 F2 F3 F3 08 F4 08 F0 0D FF 00 0D 00 FF FF FF FF 00 00 0E 00 00 F0 F3 09 0E 00 00 08 F2 08 F4 08 F4 0D FF 00 02 03 00 05 06 03 10 10 0D 00 FF FF FF FF 00 00 0E 00 00 F0 08 F2 08 08 0D FF 00 02 02 02 00 00 00 00
/private/tmp/gr3-ship-analysis.CYee09/DATA_00120000.MDT,00120000,0x00740000,0x02112002,0x2000,2,0x00531894,0x0004,0x00531912,126,pre_message,,SCN_00120000_00740000_0016,06 01 05 00 05 00 00 16 df 0f 00 05 00 06 00 00 a6 e0 0f 00 10 30 1f 12 03 00 02 22 06 01 10 30 3a 11 0d 00 ff ff ff ff e0 00 3c 00 81 0e 00 7f 00 77 bb 95 8a b5 77 47 08 6d f5 97 f5 b1 f0 21 24 f0 36 f0 47 e7 c5 48 24 f0 c4 3a f0 cd 08 6b f3 49 f2 dc f2 93 ba 43 07 0e 00 7f 00 b1 c2 9c 96 f3 8a 82 08 7d e6 f1 c1 6d f5 84 94 b5 7d 79 47 0d ff 00 0d 00 ff ff ff ff e0 00 3c 00,a5663f5c4bc809f0c65191ae7a9aa193ff4200db5d24b20b747e063980e31d14,619c7a70d9daa3c1a827bd306121ea3793e034181f248681609aa8f00a4ef0b0,06 01 05 00 05 00 00 16,ff ff ff ff e0 00 3c 00,06 01 05 00 05 00 00 16 0F 00 05 00 06 00 00 0F 00 10 1F 12 03 00 02 06 01 10 11 0D 00 FF FF FF FF 00 00 0E 00 00 08 F5 F5 F0 F0 F0 F0 F0 08 F3 F2 F2 07 0E 00 00 F3 08 F1 F5 0D FF 00 0D 00 FF FF FF FF 00 00
/private/tmp/gr3-ship-analysis.CYee09/DATA_00120000.MDT,00120000,0x00740000,0x02112002,0x2000,2,0x00531941,0x00B1,0x00531945,4,between_messages,SCN_00120000_00740000_0016,SCN_00120000_00740000_0017,02 03 00 02,a68cb117ef9b333e890a38fc4dbc4d9307f85ebc13fc6a5854ec30c12c554a5b,e611d857b06b3ed4f7632fb5eec1b2ea23284782901ba3f8a342cd4a8b8563c9,02 03 00 02,02 03 00 02,02 03 00 02
/private/tmp/gr3-ship-analysis.CYee09/DATA_00120000.MDT,00120000,0x00740000,0x02112002,0x2000,2,0x00531945,0x00B5,0x00531995,80,between_messages,SCN_00120000_00740000_0016,SCN_00120000_00740000_0017,22 06 02 10 30 bc 11 0d 00 ff ff ff ff e0 00 3c 00 81 0e 00 7f 00 75 77 96 b4 80 f1 87 f6 21 62 f0 70 f0 9c c2 93 bf 46 08 60 f6 9d b5 75 21 35 f0 e5 c1 43 f1 b3 bd 08 27 f4 43 f6 9c c2 98 9f 7a 88 46 0d ff 00 0d 00 ff ff ff ff b0 00 50 00,e55a10dc00b007942dc4366986beafa79b0ce5f67bf27c34d3a245d0c5d7833c,5d789d0a8730d813d29ece7f10a08e6d3b394e9affc71570fac4d1c54449b66c,22 06 02 10 30 bc 11 0d,ff ff ff ff b0 00 50 00,06 02 10 11 0D 00 FF FF FF FF 00 00 0E 00 00 F1 F6 F0 F0 08 F6 F0 F1 08 F4 F6 0D FF 00 0D 00 FF FF FF FF 00 00
/private/tmp/gr3-ship-analysis.CYee09/DATA_00120000.MDT,00120000,0x00740000,0x02112002,0x2000,2,0x005319C3,0x0133,0x005319C7,4,between_messages,SCN_00120000_00740000_0017,SCN_00120000_00740000_0018,02 03 00 05,9deff806d73e1081c5d45efde598b626af96717844d94757fb0a2860c1782c2e,e611d857b06b3ed4f7632fb5eec1b2ea23284782901ba3f8a342cd4a8b8563c9,02 03 00 05,02 03 00 05,02 03 00 05
/private/tmp/gr3-ship-analysis.CYee09/DATA_00120000.MDT,00120000,0x00740000,0x02112002,0x2000,2,0x005319C7,0x0137,0x00531B59,402,between_messages,SCN_00120000_00740000_0017,SCN_00120000_00740000_0018,22 06 03 10 30 1e 12 0d 00 ff ff ff ff e0 00 50 00 81 0e 00 7f 00 77 bb 95 8a b5 77 47 21 9e f1 a4 f1 63 f0 ec f3 08 6d f5 97 f5 b1 f0 21 24 f0 36 f0 47 e7 c5 48 24 f0 c4 3a f0 cd 08 9d f0 84 f2 d7 47 24 f0 db 6b f3 49 f2 dc f2 45 08 7d bb f0 34 f1 9d dc f2 aa 9b 79 91 45 0d ff 00 02 02 05 00 05 00 00 a6 e0 0f 00 05 00 06 00 00 50 e1 0f 00 10 30 aa 14 03 00 02 22 06 01 10 30 f5 12 0d 00 ff ff ff ff e0 00 50 00 81 0e 00 7f 00 77 bb 95 8a b5 77 47 08 6d f5 97 f5 b1 f0 21 24 f0 36 f0 47 e7 c5 48 24 f0 c4 3a f0 cd 08 6b f3 49 f2 dc f2 93 ba 47 21 b1 c2 9c 08 96 f3 8a 82 21 7d e6 f1 c1 6d f5 84 94 b5 7d 79 47 0d ff 00 0d 00 ff ff ff ff e0 00 3c 00 32 0e 00 26 00 46 9c c2 99 21 7d b6 95 88 c2 7f 08 c8 f2 a5 9a f0 b1 9c c2 7e 8a 98 c2 93 44 09 0e 00 2b 00 08 b4 8a 7e 8a 98 21 7d b6 95 88 c2 b4 46 44 0d ff 00 0d 00 ff ff ff ff a0 00 28 00 81 0e 00 7f 00 75 75 46 21 90 79 93 08 7d b3 7a a0 21 f5 2c f5 9b 7d bc 88 0d ff 00 02 03 00 02 22 06 02 10 30 fb 13 0d 00 ff ff ff ff d0 00 50 00 81 0e 00 7f 00 46 c1 f5 84 9d c1 f5 84 98 08 96 77 9d 6b f4 95 92 21 98 b3 7a 5d f0 db f2 b4 08 21 f0 d1 e3 a0 cd e1 9d 46 21 86 be 7e bb 08 53 50 50 4a f1 e1 e2 81 f5 80 ba 46 0d ff 00 0d 00 ff ff ff ff c0 00 28 00,13d96eca51cb6e46e8918c14a1817631b1b4891ab3a2bc53178eec7bf67a3289,7cba358ed6900fb01dc302e115eee952adf2b8d227f5fd75693617a18f96e8d5,22 06 03 10 30 1e 12 0d,ff ff ff ff c0 00 28 00,06 03 10 1E 12 0D 00 FF FF FF FF 00 00 0E 00 00 F1 F1 F0 F3 08 F5 F5 F0 F0 F0 F0 F0 08 F0 F2 F0 F3 F2 F2 08 F0 F1 F2 0D FF 00 02 02 05 00 05 00 00 0F 00 05 00 06 00 00 0F 00 10 14 03 00 02 06 01 10 F5 12 0D 00 FF FF FF FF 00 00 0E 00 00 08 F5 F5 F0 F0 F0 F0 F0 08 F3 F2 F2 08 F3 F1 F5 0D FF 00 0D 00 FF FF FF FF 00 00 0E 00 00 08 F2 F0 09 0E 00 00 08 0D FF 00 0D 00 FF FF FF FF 00 00 0E 00 00 08 F5 F5 0D FF 00 02 03 00 02 06 02 10 13 0D 00 FF FF FF FF 00 00 0E 00 00 F5 F5 08 F4 F0 F2 08 F0 08 F1 F5 0D FF 00 0D 00 FF FF FF FF 00 00
/private/tmp/gr3-ship-analysis.CYee09/DATA_00120000.MDT,00120000,0x00740000,0x02112002,0x2000,2,0x00531B76,0x02E6,0x00531B7A,4,between_messages,SCN_00120000_00740000_0018,SCN_00120000_00740000_0019,0d 00 ff ff,676b67168b7387cb93621f2701c61c4cfc71c63afe457ec4d1e0c17daeacec1e,e5114bd47b3c5e979a88876ee7f086231103ef978d6d3692d31f6a6879314dfb,0d 00 ff ff,0d 00 ff ff,0D 00 FF FF
/private/tmp/gr3-ship-analysis.CYee09/DATA_00120000.MDT,00120000,0x00740000,0x02112002,0x2000,2,0x00531B7A,0x02EA,0x00531D2F,437,between_messages,SCN_00120000_00740000_0018,SCN_00120000_00740000_0019,ff ff e0 00 50 00 81 0e 00 7f 00 90 be 93 84 21 99 95 84 7a 08 c1 f5 84 8a b9 77 86 c2 8b b0 95 92 c2 93 46 08 60 f6 a0 d7 f0 c1 f1 21 86 be 7e bb 8d 95 9a 08 4e 77 bb 95 8a b5 77 47 4f 88 46 0d ff 00 0d 00 ff ff ff ff d0 00 50 00 32 0e 00 27 00 46 60 f6 92 94 a1 27 f1 94 94 b0 95 92 c2 93 08 e5 f1 a1 21 a0 ae bd 93 84 8b b5 9f 7a 7e 08 7d b6 95 88 c2 46 21 3d f2 08 ac f4 98 a2 77 77 93 84 88 43 0d ff 00 02 03 00 02 22 06 03 10 30 4f 14 0d 00 ff ff ff ff d0 00 50 00 81 0e 00 7f 00 a1 74 21 c4 3f f0 3a f0 df 46 08 b4 79 cd f0 7f bc 27 f1 94 98 82 93 84 88 08 60 f6 a1 6c f4 da f0 9d 23 f6 bd 9a 8c bd c0 08 4e 77 bb 95 8a b5 77 47 4f 95 98 9c 46 0d ff 00 02 03 00 05 22 06 04 10 30 a9 14 0d 00 ff ff ff ff e0 00 50 00 81 0e 00 7f 00 77 bb 95 8a b5 77 47 08 6d f5 97 f5 b1 f0 21 24 f0 36 f0 47 e7 c5 48 24 f0 c4 3a f0 cd 08 6b f3 49 f2 dc f2 93 ba 47 21 b1 c2 9c 08 96 f3 8a 82 21 7d e6 f1 c1 6d f5 84 94 b5 7d 79 47 0d ff 00 02 02 05 00 05 00 00 50 e1 0f 00 05 00 06 00 00 82 e1 0f 00 10 30 7b 16 03 00 02 22 06 01 10 30 61 15 0d 00 ff ff ff ff e0 00 3c 00 81 0e 00 7f 00 77 bb 95 8a b5 77 47 08 6d f5 97 f5 b1 f0 21 24 f0 36 f0 47 e7 c5 48 24 f0 c4 3a f0 cd 08 6b f3 49 f2 dc f2 46 07 0e 00 7f 00 9c c2 93 21 ae 79 b6 b4 d7 c6 d5 3f f0 08 b6 bc 9d 84 f1 92 a0 7e 44 0d ff 00 0d 00 ff ff ff ff c0 00 50 00,e5a80ecc6797dfa3f2f4077dd7c290c434264e95dc9d9b63beb4514558978895,48cd05d60fde9d9c41837e3374e8d8caf25504e3a6e2653bc7c30985782716da,ff ff e0 00 50 00 81 0e,ff ff ff ff c0 00 50 00,FF FF 00 00 0E 00 00 08 F5 08 F6 F0 F1 08 0D FF 00 0D 00 FF FF FF FF 00 00 0E 00 00 F6 F1 08 F1 08 F2 08 F4 0D FF 00 02 03 00 02 06 03 10 14 0D 00 FF FF FF FF 00 00 0E 00 00 F0 F0 08 F0 F1 08 F6 F4 F0 F6 08 0D FF 00 02 03 00 05 06 04 10 14 0D 00 FF FF FF FF 00 00 0E 00 00 08 F5 F5 F0 F0 F0 F0 F0 08 F3 F2 F2 08 F3 F1 F5 0D FF 00 02 02 05 00 05 00 00 0F 00 05 00 06 00 00 0F 00 10 16 03 00 02 06 01 10 15 0D 00 FF FF FF FF 00 00 0E 00 00 08 F5 F5 F0 F0 F0 F0 F0 08 F3 F2 F2 07 0E 00 00 F0 08 F1 0D FF 00 0D 00 FF FF FF FF 00 00
/private/tmp/gr3-ship-analysis.CYee09/DATA_00120000.MDT,00120000,0x00740000,0x02112002,0x2000,2,0x00531D68,0x04D8,0x00531D6C,4,between_messages,SCN_00120000_00740000_0019,SCN_00120000_00740000_0020,02 03 00 02,a68cb117ef9b333e890a38fc4dbc4d9307f85ebc13fc6a5854ec30c12c554a5b,e611d857b06b3ed4f7632fb5eec1b2ea23284782901ba3f8a342cd4a8b8563c9,02 03 00 02,02 03 00 02,02 03 00 02
/private/tmp/gr3-ship-analysis.CYee09/DATA_00120000.MDT,00120000,0x00740000,0x02112002,0x2000,2,0x00531D6C,0x04DC,0x00531DBD,81,between_messages,SCN_00120000_00740000_0019,SCN_00120000_00740000_0020,22 06 02 10 30 26 16 0d 00 ff ff ff ff c0 00 50 00 81 0e 00 7f 00 46 b6 b3 9a 84 95 98 08 90 c2 9c 8f f4 77 79 94 7e bb 08 21 f0 d1 e3 9d 7d f0 7a 93 8a 98 92 bb 08 60 f6 b1 92 77 9d 9c 95 94 b0 79 91 46 0d ff 00 0d 00 ff ff ff ff d0 00 28 00,eeef8b88dadef0a2e4b84f56242a5928f34f02e7ec8f5db2b7691d30f31d04fa,013ea3f49a9a24f725417c02cddce9453de4d95c949cf1e049f9d40deaa6e65e,22 06 02 10 30 26 16 0d,ff ff ff ff d0 00 28 00,06 02 10 16 0D 00 FF FF FF FF 00 00 0E 00 00 08 F4 08 F0 F0 08 F6 0D FF 00 0D 00 FF FF FF FF 00 00
/private/tmp/gr3-ship-analysis.CYee09/DATA_00120000.MDT,00120000,0x00740000,0x02112002,0x2000,2,0x00531DDF,0x054F,0x00531DE3,4,between_messages,SCN_00120000_00740000_0020,SCN_00120000_00740000_0021,0d 00 ff ff,676b67168b7387cb93621f2701c61c4cfc71c63afe457ec4d1e0c17daeacec1e,e5114bd47b3c5e979a88876ee7f086231103ef978d6d3692d31f6a6879314dfb,0d 00 ff ff,0d 00 ff ff,0D 00 FF FF
/private/tmp/gr3-ship-analysis.CYee09/DATA_00120000.MDT,00120000,0x00740000,0x02112002,0x2000,2,0x00531DE3,0x0553,0x00531EF9,278,between_messages,SCN_00120000_00740000_0020,SCN_00120000_00740000_0021,ff ff d0 00 50 00 81 0e 00 7f 00 b1 c2 9c 54 f1 8d f0 a1 90 79 9c c2 93 ba 46 08 80 f0 bc 3b f4 a1 3f f4 77 7f 21 62 f5 a1 08 e2 f0 98 8a 9c 82 c7 f4 77 46 21 90 be 7f 08 86 a0 dc f2 9d 75 bd 33 f0 3a f0 93 8f 46 0d ff 00 02 03 00 05 22 06 03 10 30 7a 16 0d 00 ff ff ff ff b0 00 50 00 81 0e 00 7f 00 e4 f2 5b f1 8a 9f 7a 9a 21 ae 79 b6 b4 08 51 4a f1 e5 f1 9d a1 21 60 f6 a0 7b f3 99 08 c8 f2 a5 9a f0 b1 8a 98 bd 46 9c c2 98 08 20 f0 32 f0 9d 9c 95 94 b0 79 8f 46 0d ff 00 02 02 05 00 05 00 00 82 e1 0f 00 05 00 06 00 00 9a e2 0f 00 10 30 4e 18 03 00 02 22 06 01 10 30 0f 17 0d 00 ff ff ff ff d0 00 50 00 81 0e 00 7f 00 77 bb 95 8a b5 77 45 09 08 46 95 9a 21 7d b3 7a a1 c4 3f f0 3a f0 df 9a 08 4d f0 8b f6 9d 77 92 46 21 75 77 96 a0 08 54 f1 e5 f1 a0 ac f4 c1 f5 21 a1 f0 9d 84 f1 92 a0 7e 44 0d ff 00 0d 00 ff ff ff ff a0 00 28 00,0c15a7117cbcad68bb203bed7ca961f804d1b82fe23dd31abca7a878d646d976,0563e7878028d3567dca3f0de65aaa643440bf9bc470c387c77d953a5985e47b,ff ff d0 00 50 00 81 0e,ff ff ff ff a0 00 28 00,FF FF 00 00 0E 00 00 F1 F0 08 F0 F4 F4 F5 08 F0 F4 08 F2 F0 F0 0D FF 00 02 03 00 05 06 03 10 16 0D 00 FF FF FF FF 00 00 0E 00 00 F2 F1 08 F1 F1 F6 F3 08 F2 F0 08 F0 F0 0D FF 00 02 02 05 00 05 00 00 0F 00 05 00 06 00 00 0F 00 10 18 03 00 02 06 01 10 0F 17 0D 00 FF FF FF FF 00 00 0E 00 00 09 08 F0 F0 08 F0 F6 08 F1 F1 F4 F5 F0 F1 0D FF 00 0D 00 FF FF FF FF 00 00
/private/tmp/gr3-ship-analysis.CYee09/DATA_00120000.MDT,00120000,0x00740000,0x02112002,0x2000,2,0x00531F16,0x0686,0x00531F1A,4,between_messages,SCN_00120000_00740000_0021,SCN_00120000_00740000_0022,02 03 00 02,a68cb117ef9b333e890a38fc4dbc4d9307f85ebc13fc6a5854ec30c12c554a5b,e611d857b06b3ed4f7632fb5eec1b2ea23284782901ba3f8a342cd4a8b8563c9,02 03 00 02,02 03 00 02,02 03 00 02
/private/tmp/gr3-ship-analysis.CYee09/DATA_00120000.MDT,00120000,0x00740000,0x02112002,0x2000,2,0x00531F1A,0x068A,0x00531F72,88,between_messages,SCN_00120000_00740000_0021,SCN_00120000_00740000_0022,22 06 02 10 30 f6 17 0d 00 ff ff ff ff e0 00 50 00 81 0e 00 7f 00 77 77 b6 21 86 be 7e bb 93 08 46 86 be 9d c1 f5 84 92 bb 21 35 f0 e5 b4 08 60 f6 9a 82 f5 8b ba 79 9d 21 c8 f2 a5 9a f0 b1 99 b4 08 b6 bb 88 be c2 a0 7e 9f 44 0d ff 00 0d 00 ff ff ff ff 90 00 28 00,57ce63229f84270fd629c6c061828d9dba5f20318c7086b4a26b8dc29ad27b60,691310ae558dddc21b4c4545e3b36cd4e2ce0b6ea7ede1072f3c7b64d3f00b60,22 06 02 10 30 f6 17 0d,ff ff ff ff 90 00 28 00,06 02 10 F6 17 0D 00 FF FF FF FF 00 00 0E 00 00 08 F5 F0 08 F6 F5 F2 F0 08 0D FF 00 0D 00 FF FF FF FF 00 00
/private/tmp/gr3-ship-analysis.CYee09/DATA_00120000.MDT,00120000,0x00740000,0x02112002,0x2000,2,0x00531F8C,0x06FC,0x00531F90,4,between_messages,SCN_00120000_00740000_0022,SCN_00120000_00740000_0023,0d 00 ff ff,676b67168b7387cb93621f2701c61c4cfc71c63afe457ec4d1e0c17daeacec1e,e5114bd47b3c5e979a88876ee7f086231103ef978d6d3692d31f6a6879314dfb,0d 00 ff ff,0d 00 ff ff,0D 00 FF FF
/private/tmp/gr3-ship-analysis.CYee09/DATA_00120000.MDT,00120000,0x00740000,0x02112002,0x2000,2,0x00531F90,0x0700,0x00531FC4,52,between_messages,SCN_00120000_00740000_0022,SCN_00120000_00740000_0023,ff ff d0 00 28 00 81 0e 00 7f 00 9c c2 98 2e f4 95 98 bd c0 bc 9d b5 08 8d 77 a8 c2 5d f0 81 f2 9c 88 90 79 93 8f 44 0d ff 00 0d 00 ff ff ff ff d0 00 50 00,f5a298d2f957b7b966abaecd8af980b6839bfc00415d91416f23312d99f4d609,b6fd58388d9c63a3d0c1e978c356b2dbd7135cbd53a1d3f2b61cbbf82bce4fd9,ff ff d0 00 28 00 81 0e,ff ff ff ff d0 00 50 00,FF FF 00 00 0E 00 00 F4 08 F0 F2 0D FF 00 0D 00 FF FF FF FF 00 00
/private/tmp/gr3-ship-analysis.CYee09/DATA_00120000.MDT,00120000,0x00740000,0x02112002,0x2000,2,0x00531FFD,0x076D,0x00532001,4,between_messages,SCN_00120000_00740000_0023,SCN_00120000_00740000_0024,02 03 00 05,9deff806d73e1081c5d45efde598b626af96717844d94757fb0a2860c1782c2e,e611d857b06b3ed4f7632fb5eec1b2ea23284782901ba3f8a342cd4a8b8563c9,02 03 00 05,02 03 00 05,02 03 00 05
/private/tmp/gr3-ship-analysis.CYee09/DATA_00120000.MDT,00120000,0x00740000,0x02112002,0x2000,2,0x00532001,0x0771,0x00532264,611,between_messages,SCN_00120000_00740000_0023,SCN_00120000_00740000_0024,22 06 03 10 30 4d 18 0d 00 ff ff ff ff e0 00 50 00 81 0e 00 7f 00 c4 3f f0 3a f0 df a0 b6 96 08 e1 f0 77 b6 96 8b b5 9f 7a c2 93 46 08 92 93 ac f4 c1 f5 95 98 a0 a1 d7 f0 a0 6b f6 8a e1 f0 8a 08 a8 f3 e4 f3 9c 8a 99 20 f4 b0 bd 7e bb 9c 46 0d ff 00 02 02 05 00 05 00 00 9a e2 0f 00 05 00 06 00 00 da 37 20 00 10 30 32 1a 03 00 02 22 06 01 10 30 eb 18 0d 00 ff ff ff ff e0 00 3c 00 81 0e 00 7f 00 77 bb 95 8a b5 77 47 08 6d f5 97 f5 b1 f0 21 24 f0 36 f0 47 e7 c5 48 24 f0 c4 3a f0 cd 08 6b f3 49 f2 dc f2 46 0d ff 00 0d 00 ff ff ff ff d0 00 50 00 32 0e 00 28 00 7d 77 21 b4 79 90 c2 9c 08 c8 f2 a5 9a f0 b1 8a 9c 82 98 77 77 c2 93 08 60 f6 7f ac f4 95 92 c2 93 43 08 24 f0 c4 3a f0 cd a1 41 f1 85 94 b0 95 92 ba 43 0d ff 00 02 03 00 02 22 06 02 10 30 e1 19 0d 00 ff ff ff ff d0 00 3c 00 81 0e 00 7f 00 24 f0 c4 3a f0 cd 7f 21 41 f1 85 88 f0 8a 92 46 44 08 b4 21 b4 79 b0 f3 95 98 84 f1 9c 77 a0 7e 42 08 8b b5 21 60 f6 a0 8e f4 e6 f1 a1 46 44 0d ff 00 0d 00 ff ff ff ff c0 00 28 00 32 0e 00 27 00 b1 c2 9c 80 f7 e0 f1 8a 88 43 08 93 7e bb 21 7d b6 95 88 c2 a1 46 43 0d ff 00 0d 00 ff ff ff ff e0 00 50 00 81 0e 00 7f 00 5d f0 2e f6 a0 db f2 46 44 08 b4 79 86 c2 9c 9a 86 9d 08 31 f2 95 58 f1 95 98 9c 82 98 b4 77 77 a0 7e 46 08 8a 46 21 81 f2 8b bb c2 9f 7a 46 0d ff 00 0d 00 ff ff ff ff b0 00 50 00 32 0e 00 28 00 7d b6 95 88 c2 b4 c9 f3 73 f4 93 bf 44 08 c8 f0 9d 88 f0 ba 79 8f 46 08 b4 79 60 f6 92 94 c1 a0 f7 bd b4 a0 a1 08 9c 9d b4 9c 77 c2 93 43 0d ff 00 02 03 00 05 22 06 03 10 30 31 1a 0d 00 ff ff ff ff b0 00 50 00 81 0e 00 7f 00 24 f0 c4 3a f0 cd 7f e0 f1 7b 92 46 08 8e f4 e6 f1 7f 21 9c 82 9c 95 92 46 44 08 c4 3f f0 3a f0 df 46 21 60 f6 74 08 ee f5 b1 98 c2 8b b5 9f 7a ba 9c 46 0d ff 00 02 02 05 00 05 00 00 da 37 20 00 05 00 06 00 00 ea a9 20 00 10 30 65 1c 03 00 02 22 06 01 10 30 da 1a 0d 00 ff ff ff ff b0 00 50 00,f75c4ff869487eee9d529f07f708a2f8b6f85882a052ccf82b9948c2a7c7adad,8b28ba476b17f890864812b64c91d377a01ccb6364eaa21446f8541a368ed6f8,22 06 03 10 30 4d 18 0d,ff ff ff ff b0 00 50 00,06 03 10 18 0D 00 FF FF FF FF 00 00 0E 00 00 F0 F0 08 F0 08 F4 F5 F0 F6 F0 08 F3 F3 F4 0D FF 00 02 02 05 00 05 00 00 0F 00 05 00 06 00 00 00 10 1A 03 00 02 06 01 10 18 0D 00 FF FF FF FF 00 00 0E 00 00 08 F5 F5 F0 F0 F0 F0 F0 08 F3 F2 F2 0D FF 00 0D 00 FF FF FF FF 00 00 0E 00 00 08 F2 F0 08 F6 F4 08 F0 F0 F1 0D FF 00 02 03 00 02 06 02 10 19 0D 00 FF FF FF FF 00 00 0E 00 00 F0 F0 F1 F0 08 F3 F1 08 F6 F4 F1 0D FF 00 0D 00 FF FF FF FF 00 00 0E 00 00 F7 F1 08 0D FF 00 0D 00 FF FF FF FF 00 00 0E 00 00 F0 F6 F2 08 08 F2 F1 08 F2 0D FF 00 0D 00 FF FF FF FF 00 00 0E 00 00 F3 F4 08 F0 F0 08 F6 F7 08 0D FF 00 02 03 00 05 06 03 10 1A 0D 00 FF FF FF FF 00 00 0E 00 00 F0 F0 F1 08 F4 F1 08 F0 F0 F6 08 F5 0D FF 00 02 02 05 00 05 00 00 00 05 00 06 00 00 00 10 1C 03 00 02 06 01 10 1A 0D 00 FF FF FF FF 00 00
/private/tmp/gr3-ship-analysis.CYee09/DATA_00120000.MDT,00120000,0x00740000,0x02112002,0x2000,2,0x00532295,0x0A05,0x00532299,4,between_messages,SCN_00120000_00740000_0024,SCN_00120000_00740000_0025,0d 00 ff ff,676b67168b7387cb93621f2701c61c4cfc71c63afe457ec4d1e0c17daeacec1e,e5114bd47b3c5e979a88876ee7f086231103ef978d6d3692d31f6a6879314dfb,0d 00 ff ff,0d 00 ff ff,0D 00 FF FF
/private/tmp/gr3-ship-analysis.CYee09/DATA_00120000.MDT,00120000,0x00740000,0x02112002,0x2000,2,0x00532299,0x0A09,0x00532345,172,between_messages,SCN_00120000_00740000_0024,SCN_00120000_00740000_0025,ff ff d0 00 50 00 81 0e 00 7f 00 8a f0 95 c5 f5 79 a0 7f 60 f2 73 f5 93 7e bb ba 08 ad 95 af 95 92 b0 b0 9c 93 84 88 09 08 90 be 9d 46 21 75 bc b5 75 60 f6 92 94 a0 08 77 b0 8a b3 b1 92 77 9c b4 c2 9c c2 93 0d ff 00 02 03 00 02 22 06 02 10 30 1c 1c 0d 00 ff ff ff ff e0 00 50 00 81 0e 00 7f 00 24 f0 c4 3a f0 cd a0 e5 3b f0 74 c9 f2 7e be 92 a2 f3 51 f2 08 a1 f0 bd 92 a5 9d 21 f0 d1 e3 9d a1 b0 95 98 92 08 75 a0 4c f4 a0 5d f0 7b f0 c1 a1 f1 77 88 f0 8c c2 93 08 b1 c2 9c ba 0d ff 00 0d 00 ff ff ff ff c0 00 28 00,4cfdcb5de3af59be6d99d80970c165b5981961fa2a1c4a8ed287ef81ca530a2e,388247e220e5a80124cd02013e0b5d973146bdf4282a026d35896fef1279e47c,ff ff d0 00 50 00 81 0e,ff ff ff ff c0 00 28 00,FF FF 00 00 0E 00 00 F0 F5 F2 F5 08 09 08 F6 08 0D FF 00 02 03 00 02 06 02 10 1C 1C 0D 00 FF FF FF FF 00 00 0E 00 00 F0 F0 F0 F2 F3 F2 08 F0 F0 08 F4 F0 F0 F1 F0 08 0D FF 00 0D 00 FF FF FF FF 00 00
/private/tmp/gr3-ship-analysis.CYee09/DATA_00120000.MDT,00120000,0x00740000,0x02112002,0x2000,2,0x0053235F,0x0ACF,0x00532363,4,between_messages,SCN_00120000_00740000_0025,SCN_00120000_00740000_0026,0d 00 ff ff,676b67168b7387cb93621f2701c61c4cfc71c63afe457ec4d1e0c17daeacec1e,e5114bd47b3c5e979a88876ee7f086231103ef978d6d3692d31f6a6879314dfb,0d 00 ff ff,0d 00 ff ff,0D 00 FF FF
/private/tmp/gr3-ship-analysis.CYee09/DATA_00120000.MDT,00120000,0x00740000,0x02112002,0x2000,2,0x00532363,0x0AD3,0x00532A5D,1786,between_messages,SCN_00120000_00740000_0025,SCN_00120000_00740000_0026,ff ff e0 00 50 00 81 0e 00 7f 00 75 75 21 ba 82 ba 82 44 f4 7b 98 b1 bc b5 75 08 81 f0 7f e1 f0 77 95 98 21 90 bc b5 08 24 f0 c4 3a f0 cd 8b b5 9c 82 98 21 a1 f0 ce f3 9c 82 08 20 f0 2f f0 95 98 92 60 f6 92 94 9c c2 93 7e bb ba 0d ff 00 0d 00 ff ff ff ff d0 00 28 00 12 0e 00 0f 00 90 be 9c bb 4d f4 a1 21 b1 c2 9c 96 f3 8a 82 08 b6 95 98 bd c2 99 8c 7e 44 0d ff 00 0d 00 ff ff ff ff d0 00 50 00 81 0e 00 7f 00 a1 a1 46 21 b0 74 08 90 be a1 d7 f0 9d ba bc 84 bc 93 9c 08 7e 82 77 79 60 f6 a1 21 6f f2 a1 90 f0 4d f0 c7 f5 08 77 b6 45 21 c6 f2 82 9c 95 94 b0 95 92 43 0d ff 00 02 03 00 05 22 06 03 10 30 64 1c 0d 00 ff ff ff ff a0 00 50 00 81 0e 00 7f 00 46 b4 79 51 60 b4 9f 7a b6 08 b0 74 21 90 79 77 79 c0 84 99 08 86 79 b6 95 98 21 5c f1 99 91 f1 c1 08 50 f6 b6 8a 98 c2 a0 ba 43 0d ff 00 02 02 05 00 05 00 00 ea a9 20 00 05 00 06 00 00 76 86 30 00 10 30 36 1e 03 00 02 22 06 01 10 30 03 1d 0d 00 ff ff ff ff e0 00 50 00 81 0e 00 7f 00 7d 77 21 70 f4 94 b5 c2 08 90 c2 9c ca 3f f0 77 53 f3 3d f4 99 08 e7 3a f0 e9 a0 dc f2 9d 80 f0 95 98 b1 bf 43 08 4d f0 22 f3 99 e8 f8 9b b4 7f 27 f3 b0 95 98 82 bd 8f 0d ff 00 0d 00 ff ff ff ff b0 00 3c 00 52 0e 00 3c 00 93 77 8b b9 79 a8 08 5d f0 7b f0 c1 ad f1 be bd 83 bb 77 a0 08 a5 f0 a1 75 bd 96 b4 bc 99 8c 7e bb 0d ff 00 02 03 00 02 22 06 02 10 30 dc 1d 0d 00 ff ff ff ff 90 00 50 00 81 0e 00 7f 00 75 c2 92 7f 08 75 a0 ca 3f f0 e8 f8 9b b4 7e bb 08 5d f0 7b f0 c1 ad f1 be bd 44 08 46 90 a0 90 f1 77 ea f1 99 7e 44 0d ff 00 0d 00 ff ff ff ff 80 00 14 00 52 0e 00 3c 00 46 6a f0 6b f0 7f 75 bc b0 8c 0d ff 00 0d 00 ff ff ff ff e0 00 50 00 81 0e 00 7f 00 6a f0 6b f0 46 21 9c bd ad 9b 9f 08 ca d7 93 9a a1 f1 95 98 8f f1 97 77 98 b1 bc b5 08 92 94 b0 94 6a f0 6b f0 99 08 b9 f2 7e be 94 b0 79 95 98 c0 84 93 07 0e 00 7f 00 a1 a1 95 43 08 86 bc b5 75 61 f2 9d 9a 95 94 b5 08 75 c2 92 5d f0 db f2 21 e1 e3 a0 e1 f0 77 08 e9 3b f0 e4 28 f0 b1 92 77 9c b4 c2 93 9c 43 0d ff 00 02 03 00 05 22 06 03 10 30 35 1e 0d 00 ff ff ff ff d0 00 50 00 81 0e 00 7f 00 90 79 93 9c 46 21 ba 8a 21 70 f4 94 b5 c2 08 75 c2 92 a0 5d f0 e8 f5 a0 6a f0 6b f0 99 08 e7 3a f0 e9 c2 dc f2 a0 db d3 2a f0 27 f6 5b f6 c1 08 4d f0 23 f5 8a 98 80 98 82 be b6 43 0d ff 00 02 02 05 00 05 00 00 76 86 30 00 05 00 06 00 00 4a 01 41 00 10 30 0f 20 03 00 02 22 06 01 10 30 cd 1e 0d 00 ff ff ff ff e0 00 50 00 81 0e 00 7f 00 54 f1 8f f1 a1 21 8d 77 a8 c2 9a 35 f2 82 7e bb b4 08 bb f3 7f 84 f1 bd ba 79 9d 9c 95 92 9c 08 77 b6 74 21 8c 95 7e bc 60 f6 b4 08 86 86 a0 98 f1 6b f2 ba 0d ff 00 0d 00 ff ff ff ff 90 00 3c 00 52 0e 00 42 00 46 6d f5 84 da f0 9a 77 79 a0 a1 08 90 c2 9c 9d 60 f2 99 f5 77 08 b4 a0 9c a0 99 8c 7e 44 0d ff 00 02 03 00 02 22 06 02 10 30 c5 1f 0d 00 ff ff ff ff e0 00 50 00 81 0e 00 7f 00 60 f2 99 f5 77 b4 9c 9d b4 46 08 d7 c6 d5 3f f0 c1 6d f8 b3 98 bd 93 84 99 08 a4 f1 2d f5 7f 21 f0 d1 21 f0 d1 8a 98 82 bd c2 93 43 08 b4 79 21 92 b0 c2 9f 7a ba 43 0d ff 00 0d 00 ff ff ff ff b0 00 28 00 52 0e 00 41 00 75 a0 46 21 6d f5 84 da f0 c1 8c bd 9a 08 ba f0 bb f0 9d 9c bd c2 99 8c 7e 46 44 0d ff 00 0d 00 ff ff ff ff b0 00 50 00 81 0e 00 7f 00 46 90 79 8b b5 9f 7a ba 43 08 90 be 82 bb 77 db 3c f0 3c f0 3a f0 d2 99 08 ca cf d7 c6 e7 c5 3a f0 d2 9c 08 30 f6 a5 93 95 98 86 9a 93 ba 43 0d ff 00 0d 00 ff ff ff ff d0 00 3c 00 52 0e 00 3c 00 a5 95 82 bc 8a b0 8a 92 46 08 99 b4 46 21 51 b9 f1 82 bb 77 a1 08 b6 95 98 b1 92 77 bb f0 b4 8a b0 8c 9f 46 0d ff 00 02 03 00 05 22 06 03 10 30 0e 20 0d 00 ff ff ff ff e0 00 3c 00 81 0e 00 7f 00 b0 21 9a 9d 7e 82 bb f0 a3 f1 80 f0 be 98 08 32 f0 e2 3d f0 c1 52 f5 95 98 b1 9c 43 08 80 95 9a 7b f0 7e bd 8f 21 90 79 8c bc b5 43 0d ff 00 02 02 05 00 05 00 00 4a 01 41 00 05 00 06 00 00 c6 02 41 00 10 30 f2 21 03 00 02 22 06 01 10 30 86 20 0d 00 ff ff ff ff a0 00 3c 00 81 0e 00 7f 00 7d 77 7d 77 21 75 c2 92 bb 46 08 90 a0 7d bc f4 94 b5 c2 6b f2 be 98 08 dc f2 9d 80 f0 bd bb f0 7e ba 46 0d ff 00 0d 00 ff ff ff ff 60 00 28 00 62 0e 00 46 00 7d bc f4 94 b5 c2 46 08 78 f4 46 99 8c 7e 44 0d ff 00 02 03 00 02 22 06 02 10 30 9c 21 0d 00 ff ff ff ff d0 00 50 00 81 0e 00 7f 00 7d bc f4 94 b5 c2 80 f3 46 f7 93 08 58 46 f7 83 bb 77 7e 44 08 6d f5 b1 f0 9d 88 f0 80 f0 bc 8c bd a0 a1 08 77 82 bb 9c c2 99 b4 df f0 8c 81 93 bf 43 0d ff 00 0d 00 ff ff ff ff e0 00 50 00 62 0e 00 4a 00 90 79 9c c2 99 8c 7e 44 08 78 f4 a0 9c f4 c2 99 77 92 28 f3 9d a1 08 86 79 77 95 92 b4 a0 7f 90 f0 7e 95 92 a0 99 08 82 c0 8a 82 a1 ec f1 bb 9c 77 a0 99 8c 46 0d ff 00 0d 00 ff ff ff ff e0 00 3c 00 81 0e 00 7f 00 b6 b3 9a 84 21 86 86 9d 80 f0 bd a0 a1 08 5d f0 7b f0 7f 21 f0 d1 e3 99 80 f3 c1 84 f4 79 a0 7e 46 08 90 be c1 7b f0 7e 95 98 7e bb 9d 8a 9c 43 0d ff 00 0d 00 ff ff ff ff e0 00 3c 00 62 0e 00 46 00 ba 82 7b f0 7e bc b0 8e c2 7f 08 a4 f1 7c f0 8a 98 82 93 88 95 98 bd a0 99 8c 9f 09 0e 00 47 00 08 46 75 bc 7f 9a 79 87 89 77 b0 8c 0d ff 00 02 03 00 05 22 06 03 10 30 f1 21 0d 00 ff ff ff ff e0 00 50 00 81 0e 00 7f 00 7d 46 21 7d bc f4 94 b5 c2 9d 51 f6 9c c2 98 08 2e f4 c0 be bd 86 92 74 8a 98 9f 7a b6 08 90 79 21 7e 8a 86 b0 95 98 2e f4 c0 be bd 9a 08 b2 f4 be bd 8b b5 9f 7a 7e 46 0d ff 00 02 02 05 00 05 00 00 c6 02 41 00 10 30 cb 23 03 00 02 22 06 01 10 30 8f 22 0d 00 ff ff ff ff c0 00 50 00 81 0e 00 7f 00 7d 79 ba 21 77 bb 95 8a b5 77 47 43 08 cd 47 ea c1 ca f5 ab bf 43 08 cd f0 7f 8e e2 c6 db 43 21 9b 79 ba 08 21 f0 d1 e3 c1 8a 98 7e 9c 77 7e 42 0d ff 00 0d 00 ff ff ff ff d0 00 50 00,cc858a911d752dfb0ecfa88154a4ddc8077ce57a3dcff64542f4a545d2931a53,46641804420301fe7a20c2a2b9ac60d56c2284d58a66ea7a44757ae780e65b63,ff ff e0 00 50 00 81 0e,ff ff ff ff d0 00 50 00,FF FF 00 00 0E 00 00 F4 08 F0 F0 08 F0 F0 F0 F3 08 F0 F0 F6 0D FF 00 0D 00 FF FF FF FF 00 00 12 0E 00 0F 00 F4 F3 08 0D FF 00 0D 00 FF FF FF FF 00 00 0E 00 00 08 F0 08 F6 F2 F0 F0 F5 08 F2 0D FF 00 02 03 00 05 06 03 10 1C 0D 00 FF FF FF FF 00 00 0E 00 00 08 08 F1 F1 08 F6 0D FF 00 02 02 05 00 05 00 00 00 05 00 06 00 00 00 10 1E 03 00 02 06 01 10 03 1D 0D 00 FF FF FF FF 00 00 0E 00 00 F4 08 F0 F3 F4 08 F0 F2 F0 08 F0 F3 F8 F3 0D FF 00 0D 00 FF FF FF FF 00 00 0E 00 00 08 F0 F0 F1 08 F0 0D FF 00 02 03 00 02 06 02 10 1D 0D 00 FF FF FF FF 00 00 0E 00 00 08 F0 F8 08 F0 F0 F1 08 F1 F1 0D FF 00 0D 00 FF FF FF FF 00 14 00 0E 00 00 F0 F0 0D FF 00 0D 00 FF FF FF FF 00 00 0E 00 00 F0 F0 08 F1 F1 08 F0 F0 08 F2 07 0E 00 00 08 F2 08 F0 F2 F0 08 F0 F0 0D FF 00 02 03 00 05 06 03 10 1E 0D 00 FF FF FF FF 00 00 0E 00 00 F4 08 F0 F5 F0 F0 08 F0 F2 F0 F6 F6 08 F0 F5 0D FF 00 02 02 05 00 05 00 00 00 05 00 06 00 00 01 00 10 0F 03 00 02 06 01 10 1E 0D 00 FF FF FF FF 00 00 0E 00 00 F1 F1 F2 08 F3 F1 08 F6 08 F1 F2 0D FF 00 0D 00 FF FF FF FF 00 00 0E 00 00 F5 F0 08 F2 F5 08 0D FF 00 02 03 00 02 06 02 10 1F 0D 00 FF FF FF FF 00 00 0E 00 00 F2 F5 08 F0 F8 08 F1 F5 F0 F0 08 0D FF 00 0D 00 FF FF FF FF 00 00 0E 00 00 F5 F0 08 F0 F0 0D FF 00 0D 00 FF FF FF FF 00 00 0E 00 00 08 F0 F0 F0 08 F0 08 F6 0D FF 00 0D 00 FF FF FF FF 00 00 0E 00 00 08 F1 08 F0 0D FF 00 02 03 00 05 06 03 10 0E 0D 00 FF FF FF FF 00 00 0E 00 00 F0 F1 F0 08 F0 F0 F5 08 F0 0D FF 00 02 02 05 00 05 00 00 01 00 05 00 06 00 00 02 00 10 F2 03 00 02 06 01 10 0D 00 FF FF FF FF 00 00 0E 00 00 08 F4 F2 08 F2 F0 F0 0D FF 00 0D 00 FF FF FF FF 00 00 0E 00 00 F4 08 F4 0D FF 00 02 03 00 02 06 02 10 0D 00 FF FF FF FF 00 00 0E 00 00 F4 F3 F7 08 F7 08 F5 F0 F0 F0 08 F0 0D FF 00 0D 00 FF FF FF FF 00 00 0E 00 00 08 F4 F4 F3 08 F0 08 F1 0D FF 00 0D 00 FF FF FF FF 00 00 0E 00 00 F0 08 F0 F0 F0 F3 F4 08 F0 0D FF 00 0D 00 FF FF FF FF 00 00 0E 00 00 F0 08 F1 F0 09 0E 00 00 08 0D FF 00 02 03 00 05 06 03 10 F1 0D 00 FF FF FF FF 00 00 0E 00 00 F4 F6 08 F4 08 F4 08 F4 0D FF 00 02 02 05 00 05 00 00 02 00 10 03 00 02 06 01 10 0D 00 FF FF FF FF 00 00 0E 00 00 08 F5 08 F0 08 F0 0D FF 00 0D 00 FF FF FF FF 00 00
/private/tmp/gr3-ship-analysis.CYee09/DATA_00120000.MDT,00120000,0x00740000,0x02112002,0x2000,2,0x00532A96,0x1206,0x00532BD8,322,resource_tail,SCN_00120000_00740000_0026,,02 03 00 02 22 06 02 10 30 6e 23 0d 00 ff ff ff ff e0 00 50 00 81 0e 00 7f 00 46 b6 bc 92 82 98 21 86 c2 9c 6c f4 da f0 08 b6 95 98 bd c0 84 8b b5 9c 77 a0 ba 08 41 f6 a0 8e 77 99 c8 f0 9d 88 f0 bb be 9f 7a c2 93 08 8a 7e 92 9f 7a c3 f4 79 92 b3 88 46 0d ff 00 0d 00 ff ff ff ff a0 00 28 00 42 0e 00 36 00 90 a0 4c f1 9d b5 88 95 80 08 5a f2 9d 96 f3 8a 90 79 93 95 92 8f 0d ff 00 0d 00 ff ff ff ff c0 00 50 00 81 0e 00 7f 00 90 46 21 90 79 7e 44 08 b0 74 21 86 c2 9c 9a 80 9d b5 08 62 f0 31 f3 88 f0 8a 98 21 a6 f0 8a a1 08 db e9 3e f0 db c4 f2 69 f4 8a 9c 77 9a 9c 43 07 0e 00 7f 00 ba 8a 21 62 f0 80 82 31 f5 c1 a2 f2 95 98 08 b4 79 4d f0 c4 f2 77 82 91 43 0d ff 00 02 03 00 05 22 06 03 10 30 ca 23 0d 00 ff ff ff ff e0 00 50 00 81 0e 00 7f 00 cc 3b f0 e4 21 77 bb 95 8a b5 47 77 e4 43 08 c4 3e f0 21 c4 3e f0 21 c4 3e f0 21 c4 3e f0 08 c4 3e f0 3a f0 da e2 c6 db 43 21 ba 88 86 77 08 9b 95 86 77 c4 3e f0 47 3a f0 da e2 c6 db e4 41 0d ff 00 02 02 02 00 00 00 00,7d4f146ffd50ce3a7fcb2bb948d3a59dd67259e9853bdc12ad630fb5c3aad6b6,6d5b59741c67d0e0e9eb7d8393a303d7105c16401edf5228f1182d07dbb9ef77,02 03 00 02 22 06 02 10,00 02 02 02 00 00 00 00,02 03 00 02 06 02 10 0D 00 FF FF FF FF 00 00 0E 00 00 F4 F0 08 08 F6 F0 F0 08 F4 0D FF 00 0D 00 FF FF FF FF 00 00 0E 00 00 F1 08 F2 F3 0D FF 00 0D 00 FF FF FF FF 00 00 0E 00 00 08 08 F0 F3 F0 F0 08 F0 F2 F4 07 0E 00 00 F0 F5 F2 08 F0 F2 0D FF 00 02 03 00 05 06 03 10 0D 00 FF FF FF FF 00 00 0E 00 00 F0 08 F0 F0 F0 F0 08 F0 F0 08 F0 F0 0D FF 00 02 02 02 00 00 00 00
/private/tmp/gr3-ship-analysis.CYee09/DATA_00120000.MDT,00120000,0x00740000,0x047A2003,0x2000,3,0x00532BDC,0x0004,0x00532C59,125,pre_message,,SCN_00120000_00740000_0027,06 01 05 00 05 00 00 16 df 0f 00 05 00 06 00 00 a6 e0 0f 00 10 30 07 25 03 00 02 23 06 01 10 30 af 24 0d 00 ff ff ff ff e0 00 50 00 81 0e 00 80 00 cd 30 f0 88 c2 a0 21 29 f0 df d1 3c f0 a1 08 b4 79 7d f0 c1 96 84 94 b0 95 92 8a 46 08 9b 95 7e 9d e6 f1 21 27 f1 94 98 9c 77 7e 9c 46 08 51 50 50 60 75 be a2 21 62 f0 bd f3 cd f0 9c c2 93 0d ff 00 0d 00 ff ff ff ff 80 00 28 00,2dfbbe2da61ee4865e6848af9a3d136e9303419bdccfde96e380c13072171f02,9bc5a604cf5e270e441f70081ced223eb78206748deb771e48a757eb85f68ef1,06 01 05 00 05 00 00 16,ff ff ff ff 80 00 28 00,06 01 05 00 05 00 00 16 0F 00 05 00 06 00 00 0F 00 10 07 03 00 02 06 01 10 0D 00 FF FF FF FF 00 00 0E 00 00 F0 F0 F0 08 F0 08 F1 F1 08 F0 F3 F0 0D FF 00 0D 00 FF FF FF FF 00 00
/private/tmp/gr3-ship-analysis.CYee09/DATA_00120000.MDT,00120000,0x00740000,0x047A2003,0x2000,3,0x00532C71,0x0099,0x00532C75,4,between_messages,SCN_00120000_00740000_0027,SCN_00120000_00740000_0028,0d 00 ff ff,676b67168b7387cb93621f2701c61c4cfc71c63afe457ec4d1e0c17daeacec1e,e5114bd47b3c5e979a88876ee7f086231103ef978d6d3692d31f6a6879314dfb,0d 00 ff ff,0d 00 ff ff,0D 00 FF FF
/private/tmp/gr3-ship-analysis.CYee09/DATA_00120000.MDT,00120000,0x00740000,0x047A2003,0x2000,3,0x00532C75,0x009D,0x00532D74,255,between_messages,SCN_00120000_00740000_0027,SCN_00120000_00740000_0028,ff ff e0 00 50 00 81 0e 00 80 00 79 95 46 08 9c c2 9a 99 b4 2e f4 95 98 82 be 08 21 f0 d1 e3 99 21 62 f0 bd f3 cd f0 88 7b 8c be a2 08 d7 c6 e7 47 61 f2 9d 21 d7 39 f0 eb 3b f0 88 46 43 0d ff 00 02 03 00 05 23 06 02 10 30 06 25 0d 00 ff ff ff ff e0 00 50 00 81 0e 00 80 00 48 f3 a0 35 f0 e5 7f 21 62 f0 78 f1 92 bc 8c bd c0 f0 9d 08 e6 f1 21 d8 f0 88 9c 80 b5 46 08 51 50 50 60 99 77 77 c2 93 46 08 90 be 99 21 d7 f0 c1 f1 62 f0 bd f3 cd f0 88 46 0d ff 00 02 02 05 00 05 00 00 a6 e0 0f 00 05 00 06 00 00 50 e1 0f 00 10 30 ea 26 03 00 02 23 06 01 10 30 a2 25 0d 00 ff ff ff ff c0 00 3c 00 81 0e 00 80 00 e6 f1 21 27 f1 94 98 9c 77 7e 9c 46 08 51 50 50 60 75 be a2 21 e2 c6 db 99 08 4d f0 c4 f2 bd f3 cd f0 8a 98 b6 bd a0 9d 46 0d ff 00 0d 00 ff ff ff ff d0 00 3c 00,515d14ff448ffa947a7f31af4eda0b950c3a62dfa693152ac1053ab1bda1b0a2,8efb06262016b1d4dfd0ce87aa98fdb984372a253da1742c7f3c9e8e59b0cbc7,ff ff e0 00 50 00 81 0e,ff ff ff ff d0 00 3c 00,FF FF 00 00 0E 00 00 08 F4 08 F0 F0 F3 F0 08 F2 F0 F0 0D FF 00 02 03 00 05 06 02 10 06 0D 00 FF FF FF FF 00 00 0E 00 00 F3 F0 F0 F1 F0 08 F1 F0 08 08 F0 F1 F0 F3 F0 0D FF 00 02 02 05 00 05 00 00 0F 00 05 00 06 00 00 0F 00 10 03 00 02 06 01 10 0D 00 FF FF FF FF 00 00 0E 00 00 F1 F1 08 08 F0 F2 F3 F0 0D FF 00 0D 00 FF FF FF FF 00 00
/private/tmp/gr3-ship-analysis.CYee09/DATA_00120000.MDT,00120000,0x00740000,0x047A2003,0x2000,3,0x00532DA9,0x01D1,0x00532DAD,4,between_messages,SCN_00120000_00740000_0028,SCN_00120000_00740000_0029,02 03 00 02,a68cb117ef9b333e890a38fc4dbc4d9307f85ebc13fc6a5854ec30c12c554a5b,e611d857b06b3ed4f7632fb5eec1b2ea23284782901ba3f8a342cd4a8b8563c9,02 03 00 02,02 03 00 02,02 03 00 02
/private/tmp/gr3-ship-analysis.CYee09/DATA_00120000.MDT,00120000,0x00740000,0x047A2003,0x2000,3,0x00532DAD,0x01D5,0x00532DFB,78,between_messages,SCN_00120000_00740000_0028,SCN_00120000_00740000_0029,23 06 02 10 30 a9 26 0d 00 ff ff ff ff a0 00 50 00 81 0e 00 80 00 7d be 93 95 98 54 f1 8d f0 a1 08 90 79 a1 f1 95 98 92 88 08 93 84 9b 8d f0 b3 98 b6 95 92 67 f0 08 62 f0 78 f1 92 bc 8a 98 46 46 0d ff 00 0d 00 ff ff ff ff d0 00 50 00,1316d94bcd490868e5e9f402d8953011783e23907a926210b8633a29dcc40fca,114bec6e1dcd2a52f93b570c04d8b164f3290befbc17571e5f9e9afefc5f5b22,23 06 02 10 30 a9 26 0d,ff ff ff ff d0 00 50 00,06 02 10 0D 00 FF FF FF FF 00 00 0E 00 00 F1 F0 08 F1 08 F0 F0 08 F0 F1 0D FF 00 0D 00 FF FF FF FF 00 00
/private/tmp/gr3-ship-analysis.CYee09/DATA_00120000.MDT,00120000,0x00740000,0x047A2003,0x2000,3,0x00532E2D,0x0255,0x00532E31,4,between_messages,SCN_00120000_00740000_0029,SCN_00120000_00740000_0030,0d 00 ff ff,676b67168b7387cb93621f2701c61c4cfc71c63afe457ec4d1e0c17daeacec1e,e5114bd47b3c5e979a88876ee7f086231103ef978d6d3692d31f6a6879314dfb,0d 00 ff ff,0d 00 ff ff,0D 00 FF FF
/private/tmp/gr3-ship-analysis.CYee09/DATA_00120000.MDT,00120000,0x00740000,0x047A2003,0x2000,3,0x00532E31,0x0259,0x00532E83,82,between_messages,SCN_00120000_00740000_0029,SCN_00120000_00740000_0030,ff ff d0 00 50 00 81 0e 00 80 00 79 79 46 21 93 b0 88 be 98 9c c2 7e 46 08 ac f4 c1 f5 a1 86 be 7e bb 9c c2 93 08 b4 79 51 5f f0 b6 be a2 8a f0 bc 89 f1 8e bd ba 08 80 95 9a 21 8a f0 bc 89 f1 8e bd c2 93 46 0d ff 00 0d 00 ff ff ff ff c0 00 3c 00,ccbfe3f22b88be6e9db232a5efc1a8039979b98132812d0dfbdf700609054d8f,b178005551408132dee3498d592f275a640955ed262e97c0fe3e61e203b9b9e7,ff ff d0 00 50 00 81 0e,ff ff ff ff c0 00 3c 00,FF FF 00 00 0E 00 00 08 F4 F5 08 F0 F0 F1 08 F0 F1 0D FF 00 0D 00 FF FF FF FF 00 00
/private/tmp/gr3-ship-analysis.CYee09/DATA_00120000.MDT,00120000,0x00740000,0x047A2003,0x2000,3,0x00532EB0,0x02D8,0x00532EB4,4,between_messages,SCN_00120000_00740000_0030,SCN_00120000_00740000_0031,02 03 00 05,9deff806d73e1081c5d45efde598b626af96717844d94757fb0a2860c1782c2e,e611d857b06b3ed4f7632fb5eec1b2ea23284782901ba3f8a342cd4a8b8563c9,02 03 00 05,02 03 00 05,02 03 00 05
/private/tmp/gr3-ship-analysis.CYee09/DATA_00120000.MDT,00120000,0x00740000,0x047A2003,0x2000,3,0x00532EB4,0x02DC,0x00532F61,173,between_messages,SCN_00120000_00740000_0030,SCN_00120000_00740000_0031,23 06 03 10 30 e9 26 0d 00 ff ff ff ff 90 00 50 00 81 0e 00 80 00 51 50 50 60 75 be a2 08 9b 79 9d 7e 9c bd c2 93 46 08 e6 f1 21 9b 86 7e 9d 08 27 f1 94 98 9c 77 7e 9c 46 0d ff 00 02 02 05 00 05 00 00 50 e1 0f 00 05 00 06 00 00 82 e1 0f 00 10 30 bb 28 03 00 02 23 06 01 10 30 81 27 0d 00 ff ff ff ff d0 00 50 00 81 0e 00 80 00 e6 f1 21 9b 86 7e 9d 27 f1 94 98 9c 77 7e 9c 08 51 50 50 60 75 be a2 08 79 b0 82 77 82 c2 93 46 08 21 f0 d1 e3 99 4d f0 c4 f2 21 62 f0 bd f3 cd f0 88 46 0d ff 00 0d 00 ff ff ff ff 90 00 3c 00,53b8b9baea8d8679cf6e79760d7ba9038c4c3264872665675d0b912397f7902c,85c0349365b8c02fd0aa1962dc7ecd6b212faa885f90a160f54192b686b0e6a4,23 06 03 10 30 e9 26 0d,ff ff ff ff 90 00 3c 00,06 03 10 0D 00 FF FF FF FF 00 00 0E 00 00 08 08 F1 08 F1 0D FF 00 02 02 05 00 05 00 00 0F 00 05 00 06 00 00 0F 00 10 03 00 02 06 01 10 0D 00 FF FF FF FF 00 00 0E 00 00 F1 F1 08 08 08 F0 F0 F2 F0 F3 F0 0D FF 00 0D 00 FF FF FF FF 00 00
/private/tmp/gr3-ship-analysis.CYee09/DATA_00120000.MDT,00120000,0x00740000,0x047A2003,0x2000,3,0x00532F88,0x03B0,0x00532F8C,4,between_messages,SCN_00120000_00740000_0031,SCN_00120000_00740000_0032,02 03 00 02,a68cb117ef9b333e890a38fc4dbc4d9307f85ebc13fc6a5854ec30c12c554a5b,e611d857b06b3ed4f7632fb5eec1b2ea23284782901ba3f8a342cd4a8b8563c9,02 03 00 02,02 03 00 02,02 03 00 02
/private/tmp/gr3-ship-analysis.CYee09/DATA_00120000.MDT,00120000,0x00740000,0x047A2003,0x2000,3,0x00532F8C,0x03B4,0x00533013,135,between_messages,SCN_00120000_00740000_0031,SCN_00120000_00740000_0032,23 06 02 10 30 5e 28 0d 00 ff ff ff ff e0 00 50 00 81 0e 00 80 00 aa f0 7e 46 21 62 f0 21 f4 78 f1 98 92 bb 08 99 95 7e 77 aa f0 c1 82 f0 95 98 46 08 cd 30 f0 88 c2 08 4c f3 a2 8e 98 b6 bb 9c 77 9a 9c 46 07 0e 00 80 00 90 79 93 9c 46 08 db f4 7e 9c 21 c8 f0 32 f1 a0 aa f0 c1 82 f0 7d 79 46 46 08 20 f0 20 f0 20 f0 e4 43 08 21 f0 d1 e3 95 98 77 77 b4 c2 93 9c 74 43 0d ff 00 0d 00 ff ff ff ff d0 00 14 00,809b515895f168e4e261c6a91cd6ddd145c78d49a5a1d37fc94f90c85a0229c8,b13f613b89082245907c415ec7646e2bda10c868fe2f176c11efedb3f3941fcd,23 06 02 10 30 5e 28 0d,ff ff ff ff d0 00 14 00,06 02 10 0D 00 FF FF FF FF 00 00 0E 00 00 F0 F0 F4 F1 08 F0 F0 08 F0 08 F3 07 0E 00 00 08 F4 F0 F1 F0 F0 08 F0 F0 F0 08 F0 0D FF 00 0D 00 FF FF FF FF 00 14 00
/private/tmp/gr3-ship-analysis.CYee09/DATA_00120000.MDT,00120000,0x00740000,0x047A2003,0x2000,3,0x00533028,0x0450,0x0053302C,4,between_messages,SCN_00120000_00740000_0032,SCN_00120000_00740000_0033,0d 00 ff ff,676b67168b7387cb93621f2701c61c4cfc71c63afe457ec4d1e0c17daeacec1e,e5114bd47b3c5e979a88876ee7f086231103ef978d6d3692d31f6a6879314dfb,0d 00 ff ff,0d 00 ff ff,0D 00 FF FF
/private/tmp/gr3-ship-analysis.CYee09/DATA_00120000.MDT,00120000,0x00740000,0x047A2003,0x2000,3,0x0053302C,0x0454,0x0053332E,770,between_messages,SCN_00120000_00740000_0032,SCN_00120000_00740000_0033,ff ff c0 00 3c 00 81 0e 00 80 00 df f0 82 21 51 50 50 60 d8 f0 88 9c 80 b5 08 e1 f3 b4 4d f0 8b f6 9d d8 f0 8a 98 82 be ba 08 ad bb 43 21 9c 74 4d f0 8b f6 9d 41 0d ff 00 02 03 00 05 23 06 03 10 30 ba 28 0d 00 ff ff ff ff e0 00 50 00 81 0e 00 80 00 c8 f0 32 f1 9d aa f0 c1 25 f4 98 92 bb 08 9d f2 c1 7d f4 7d 79 46 46 21 20 f0 20 f0 20 f0 e4 43 08 df f0 82 e6 f1 c1 b8 f1 95 98 24 f0 c4 3a f0 cd a0 28 f3 aa 08 42 f1 7e 9c 77 9a 9c 74 43 0d ff 00 02 02 05 00 05 00 00 82 e1 0f 00 05 00 06 00 00 9a e2 0f 00 10 30 d1 28 05 00 05 00 00 9a e2 0f 00 05 00 06 00 00 da 37 20 00 10 30 cd 2a 03 00 02 23 06 01 10 30 83 29 0d 00 ff ff ff ff d0 00 50 00 81 0e 00 80 00 e6 f1 a1 23 f6 95 98 80 92 84 9b 08 7d be a1 21 80 f3 c1 b6 95 98 92 c2 93 46 08 aa f0 74 f1 9d a4 f1 7c f0 7e 84 98 08 6c f4 da f0 b4 8a 9c 77 99 46 46 0d ff 00 0d 00 ff ff ff ff d0 00 50 00 32 0e 00 29 00 b0 21 97 f5 e7 f0 95 98 a0 a1 cf f3 77 b4 c2 93 09 0e 00 27 00 08 4d f4 5f f0 99 60 f6 b4 21 d1 f5 55 f1 8a 92 8f 08 9c c2 8e b4 f0 b0 99 08 8a f0 bb be 94 b0 95 92 7e bb 9c 0d ff 00 02 03 00 02 23 06 02 10 30 73 2a 0d 00 ff ff ff ff d0 00 3c 00 81 0e 00 80 00 46 90 79 77 b6 08 86 a0 e6 f1 21 9d f0 78 f1 9d 08 b4 bb 95 94 b0 95 98 77 77 a0 7e 77 44 0d ff 00 0d 00 ff ff ff ff a0 00 28 00 32 0e 00 27 00 75 75 21 60 f6 9d a1 08 6c f0 3d f6 a0 9c 77 e6 f1 93 7e bb 9c 0d ff 00 0d 00 ff ff ff ff e0 00 50 00 81 0e 00 80 00 c4 3f f0 3a f0 df 21 7d b0 7b 95 98 35 f0 e5 74 46 08 7d be 46 21 9c c2 98 08 51 f6 c1 2e f4 95 92 bb 77 77 7e 46 09 08 79 95 21 79 79 e4 46 43 0d ff 00 0d 00 ff ff ff ff e0 00 50 00 32 0e 00 2a 00 9c 46 21 c1 f3 82 9c 95 98 43 08 cd 30 f0 88 c2 9d d9 f0 57 f6 7e 84 92 c2 93 bf 44 08 90 be 9c bb 90 a0 e6 f1 99 28 f0 3e f0 de 3a f0 e9 08 99 b4 8a 98 b6 be ba 21 9c 95 44 0d ff 00 02 03 00 05 23 06 03 10 30 cc 2a 0d 00 ff ff ff ff e0 00 50 00 81 0e 00 80 00 79 79 e4 43 21 90 79 8c bd 08 75 77 96 a0 3d f4 80 9c 21 f0 3b f0 a0 54 f2 08 43 f3 7d f0 77 95 a3 77 9d 82 f0 95 98 b0 f3 bd ba 46 08 b6 95 9a b0 f3 be bd c2 93 46 21 79 79 e4 41 0d ff 00 02 02 05 00 05 00 00 da 37 20 00 05 00 06 00 00 76 86 30 00 10 30 af 2c 03 00 02 23 06 01 10 30 61 2b 0d 00 ff ff ff ff 90 00 3c 00 81 0e 00 80 00 cd 30 f0 88 c2 c1 08 cf f0 77 98 a0 a3 f0 77 21 f2 c8 f0 46 08 88 a5 8a 82 9c bd 9c 74 0d ff 00 0d 00 ff ff ff ff d0 00 50 00,78261b7df398283d3d31644210499a179968715695e4a8b3b361259253e08bf7,d124a20a244e76b86016680229c5c0d99f16e540e03a60a3f527270ce3035638,ff ff c0 00 3c 00 81 0e,ff ff ff ff d0 00 50 00,FF FF 00 00 0E 00 00 F0 F0 08 F3 F0 F6 F0 08 F0 F6 0D FF 00 02 03 00 05 06 03 10 0D 00 FF FF FF FF 00 00 0E 00 00 F0 F1 F0 F4 08 F2 F4 F0 F0 F0 08 F0 F1 F1 F0 F0 F3 08 F1 0D FF 00 02 02 05 00 05 00 00 0F 00 05 00 06 00 00 0F 00 10 05 00 05 00 00 0F 00 05 00 06 00 00 00 10 03 00 02 06 01 10 0D 00 FF FF FF FF 00 00 0E 00 00 F1 F6 08 F3 08 F0 F1 F1 F0 08 F4 F0 0D FF 00 0D 00 FF FF FF FF 00 00 0E 00 00 F5 F0 F3 09 0E 00 00 08 F4 F0 F6 F5 F1 08 F0 08 F0 0D FF 00 02 03 00 02 06 02 10 0D 00 FF FF FF FF 00 00 0E 00 00 08 F1 F0 F1 08 0D FF 00 0D 00 FF FF FF FF 00 00 0E 00 00 F6 08 F0 F6 F1 0D FF 00 0D 00 FF FF FF FF 00 00 0E 00 00 F0 F0 F0 08 08 F6 F4 09 08 0D FF 00 0D 00 FF FF FF FF 00 00 0E 00 00 F3 08 F0 F0 F6 08 F1 F0 F0 F0 08 0D FF 00 02 03 00 05 06 03 10 0D 00 FF FF FF FF 00 00 0E 00 00 08 F4 F0 F0 F2 08 F3 F0 F0 F3 08 F3 0D FF 00 02 02 05 00 05 00 00 00 05 00 06 00 00 00 10 03 00 02 06 01 10 0D 00 FF FF FF FF 00 00 0E 00 00 F0 08 F0 F0 F2 F0 08 0D FF 00 0D 00 FF FF FF FF 00 00
/private/tmp/gr3-ship-analysis.CYee09/DATA_00120000.MDT,00120000,0x00740000,0x047A2003,0x2000,3,0x00533368,0x0790,0x0053336C,4,between_messages,SCN_00120000_00740000_0033,SCN_00120000_00740000_0034,02 03 00 02,a68cb117ef9b333e890a38fc4dbc4d9307f85ebc13fc6a5854ec30c12c554a5b,e611d857b06b3ed4f7632fb5eec1b2ea23284782901ba3f8a342cd4a8b8563c9,02 03 00 02,02 03 00 02,02 03 00 02
/private/tmp/gr3-ship-analysis.CYee09/DATA_00120000.MDT,00120000,0x00740000,0x047A2003,0x2000,3,0x0053336C,0x0794,0x0053353B,463,between_messages,SCN_00120000_00740000_0033,SCN_00120000_00740000_0034,23 06 02 10 30 5e 2c 0d 00 ff ff ff ff e0 00 3c 00 81 0e 00 80 00 77 82 bb 9c c2 99 b4 21 90 c2 9c 08 49 f5 8d 7e 8a 77 26 f2 7f f4 a1 99 80 9c 77 ba 43 08 4d f5 ca f2 92 94 9d 21 b6 f4 c0 be 94 b0 79 0d ff 00 0d 00 ff ff ff ff d0 00 28 00 12 0e 00 13 00 46 90 be 95 98 08 49 f5 8d 7e 8a 77 86 9a 9c c2 99 8c 7e 44 0d ff 00 0d 00 ff ff ff ff d0 00 50 00 81 0e 00 80 00 c8 f0 a1 61 f2 a0 eb f2 97 f2 93 7e bb 9c 43 08 93 77 77 94 21 62 f0 da f0 9c cd 30 f0 88 c2 c1 08 ac f3 6d f1 9c c8 f0 9d 9c c2 7e 08 6b f2 be 98 84 bd b4 c2 7e 0d ff 00 0d 00 ff ff ff ff e0 00 50 00 42 0e 00 36 00 aa aa 95 21 4d f0 8b f6 9d 77 92 77 95 98 08 bb f0 b8 f1 94 7f 75 95 7e bb 08 6b f2 be 98 84 9f 7a c2 93 43 08 9c c2 7e 21 b6 b6 86 8a 77 b4 c2 93 9c 43 0d ff 00 02 03 00 05 23 06 03 10 30 ae 2c 0d 00 ff ff ff ff d0 00 50 00 81 0e 00 80 00 77 77 c2 93 08 86 c2 9c bb f0 b8 f1 94 c1 41 f7 7b bd a0 b4 08 7d be 92 94 b4 f0 bc f2 bc a0 6c f4 da f0 93 8a 46 08 80 94 95 9a 21 72 f1 7b 9c 77 9a 9c 0d ff 00 02 02 05 00 05 00 00 76 86 30 00 05 00 06 00 00 c6 fe 30 00 10 30 df 2e 03 00 02 23 06 01 10 30 9d 2d 0d 00 ff ff ff ff e0 00 50 00 81 0e 00 80 00 54 f1 8f f1 21 26 f0 eb d1 c6 9e f2 7f c0 f0 9d b4 08 76 f1 8a 98 21 ba 82 88 f0 bd 95 98 64 f0 93 8f 46 08 7d b3 7a bb 49 f1 42 f1 af f3 bc f2 bc 9d 9a 95 98 b4 08 b6 ab 7a 26 f5 7d f0 93 bf 21 bb f0 c1 96 84 bf ba 0d ff 00 0d 00 ff ff ff ff b0 00 28 00,9637a5f503cfcc60c30312c9efd116d90227254b1357974253f2d496e89e431c,d3383764b1fca988918cc15f91e5969cfa0baa86c92ff0d693f10324b7dea4d8,23 06 02 10 30 5e 2c 0d,ff ff ff ff b0 00 28 00,06 02 10 0D 00 FF FF FF FF 00 00 0E 00 00 08 F5 F2 F4 08 F5 F2 F4 0D FF 00 0D 00 FF FF FF FF 00 00 12 0E 00 13 00 08 F5 0D FF 00 0D 00 FF FF FF FF 00 00 0E 00 00 F0 F2 F2 F2 08 F0 F0 F0 08 F3 F1 F0 08 F2 0D FF 00 0D 00 FF FF FF FF 00 00 0E 00 00 F0 F6 08 F0 F1 08 F2 08 0D FF 00 02 03 00 05 06 03 10 0D 00 FF FF FF FF 00 00 0E 00 00 08 F0 F1 F7 08 F0 F2 F4 F0 08 F1 0D FF 00 02 02 05 00 05 00 00 00 05 00 06 00 00 00 10 03 00 02 06 01 10 0D 00 FF FF FF FF 00 00 0E 00 00 F1 F1 F0 F2 F0 08 F1 F0 F0 08 F1 F1 F3 F2 08 F5 F0 F0 0D FF 00 0D 00 FF FF FF FF 00 00
/private/tmp/gr3-ship-analysis.CYee09/DATA_00120000.MDT,00120000,0x00740000,0x047A2003,0x2000,3,0x00533559,0x0981,0x0053355D,4,between_messages,SCN_00120000_00740000_0034,SCN_00120000_00740000_0035,0d 00 ff ff,676b67168b7387cb93621f2701c61c4cfc71c63afe457ec4d1e0c17daeacec1e,e5114bd47b3c5e979a88876ee7f086231103ef978d6d3692d31f6a6879314dfb,0d 00 ff ff,0d 00 ff ff,0D 00 FF FF
/private/tmp/gr3-ship-analysis.CYee09/DATA_00120000.MDT,00120000,0x00740000,0x047A2003,0x2000,3,0x0053355D,0x0985,0x00533600,163,between_messages,SCN_00120000_00740000_0034,SCN_00120000_00740000_0035,ff ff e0 00 50 00 42 0e 00 37 00 21 f0 47 db 26 f0 c5 c4 7f 76 f1 7b 98 bd c2 93 46 08 d2 3c f0 26 f0 7f 77 9c 82 9c 95 98 08 21 f0 47 db 97 f2 b4 75 c2 9c 95 f1 96 f1 9c c2 93 08 8a b9 79 7f 9f 7a ba 46 0d ff 00 02 03 00 02 23 06 02 10 30 8d 2e 0d 00 ff ff ff ff c0 00 50 00 81 0e 00 80 00 21 f0 47 db 26 f0 c5 c4 7f 76 f1 7b 98 bd 44 08 90 be 95 98 b4 8a 7e 8a 98 08 c8 40 f0 d7 a0 9c c2 99 b4 a2 f2 77 9a f0 b2 08 4e f2 77 77 f8 95 98 b6 96 7e 44 0d ff 00 0d 00 ff ff ff ff a0 00 14 00,caeb2bad583f0471480318e8db380968088e47566605892ad9519baa31d8e4c1,af90fe9e016ae071f3d9ff77188f276d1d9adb6e5720f27f7086b5c4fb391663,ff ff e0 00 50 00 42 0e,ff ff ff ff a0 00 14 00,FF FF 00 00 0E 00 00 F0 F0 F1 08 F0 F0 08 F0 F2 F1 F1 08 0D FF 00 02 03 00 02 06 02 10 0D 00 FF FF FF FF 00 00 0E 00 00 F0 F0 F1 08 08 F0 F2 F0 08 F2 F8 0D FF 00 0D 00 FF FF FF FF 00 14 00
/private/tmp/gr3-ship-analysis.CYee09/DATA_00120000.MDT,00120000,0x00740000,0x047A2003,0x2000,3,0x00533612,0x0A3A,0x00533616,4,between_messages,SCN_00120000_00740000_0035,SCN_00120000_00740000_0036,0d 00 ff ff,676b67168b7387cb93621f2701c61c4cfc71c63afe457ec4d1e0c17daeacec1e,e5114bd47b3c5e979a88876ee7f086231103ef978d6d3692d31f6a6879314dfb,0d 00 ff ff,0d 00 ff ff,0D 00 FF FF
/private/tmp/gr3-ship-analysis.CYee09/DATA_00120000.MDT,00120000,0x00740000,0x047A2003,0x2000,3,0x00533616,0x0A3E,0x00533661,75,between_messages,SCN_00120000_00740000_0035,SCN_00120000_00740000_0036,ff ff d0 00 50 00 81 0e 00 80 00 8b b5 75 21 90 77 96 c1 e0 f1 8e a2 08 9e f2 a0 27 f6 5b f6 b4 77 9c 82 9c bd a0 7e 46 08 9c c2 93 7e 4d f0 e8 f0 4e f0 9e f2 95 98 08 9c f3 8b 93 9c 43 0d ff 00 0d 00 ff ff ff ff c0 00 50 00,23cbbcfde114cc20c4fca5bc8e1a5237ac619fada8f4afbf900447045e927f6d,eb485fc1096e9960ca683c5b960973cb02f1cef38ec523aaf3962c6e5696d9a3,ff ff d0 00 50 00 81 0e,ff ff ff ff c0 00 50 00,FF FF 00 00 0E 00 00 F1 08 F2 F6 F6 08 F0 F0 F0 F2 08 F3 0D FF 00 0D 00 FF FF FF FF 00 00
/private/tmp/gr3-ship-analysis.CYee09/DATA_00120000.MDT,00120000,0x00740000,0x047A2003,0x2000,3,0x00533694,0x0ABC,0x00533698,4,between_messages,SCN_00120000_00740000_0036,SCN_00120000_00740000_0037,02 03 00 05,9deff806d73e1081c5d45efde598b626af96717844d94757fb0a2860c1782c2e,e611d857b06b3ed4f7632fb5eec1b2ea23284782901ba3f8a342cd4a8b8563c9,02 03 00 05,02 03 00 05,02 03 00 05
/private/tmp/gr3-ship-analysis.CYee09/DATA_00120000.MDT,00120000,0x00740000,0x047A2003,0x2000,3,0x00533698,0x0AC0,0x0053376B,211,between_messages,SCN_00120000_00740000_0036,SCN_00120000_00740000_0037,23 06 03 10 30 de 2e 0d 00 ff ff ff ff d0 00 50 00 81 0e 00 80 00 87 94 b5 87 94 b5 8a 98 bd ba bc b5 08 7b f0 7e bc b6 8c 77 8f 43 21 b0 74 46 08 c4 f1 20 f4 8a ba 79 7f 9c 77 95 98 a0 9d a1 08 70 f0 c0 bc 9c 77 84 9b 9c 0d ff 00 02 02 05 00 05 00 00 c6 fe 30 00 05 00 06 00 00 4a 01 41 00 10 30 fb 30 03 00 02 23 06 01 10 30 c8 2f 0d 00 ff ff ff ff e0 00 50 00 81 0e 00 80 00 54 f1 8f f1 21 26 f0 eb d1 c6 9e f2 7f c0 f0 9d b4 08 76 f1 8a 98 21 ba 82 88 f0 bd 95 98 64 f0 93 8f 46 08 7d b3 7a bb 49 f1 42 f1 af f3 bc f2 bc 9d 9a 95 98 b4 08 b6 ab 7a 26 f5 7d f0 93 bf 21 bb f0 c1 96 84 bf ba 0d ff 00 0d 00 ff ff ff ff b0 00 28 00,1aca8f70003226b40f15fdd29cf366d4768282e3e07f7f7a0261e3fb67bf84a5,8ada905cee5b3e74e43925a8e78061821c2f2de42dae2fbaa32ff0b14d690a9f,23 06 03 10 30 de 2e 0d,ff ff ff ff b0 00 28 00,06 03 10 0D 00 FF FF FF FF 00 00 0E 00 00 08 F0 08 F1 F4 08 F0 0D FF 00 02 02 05 00 05 00 00 00 05 00 06 00 00 01 00 10 03 00 02 06 01 10 0D 00 FF FF FF FF 00 00 0E 00 00 F1 F1 F0 F2 F0 08 F1 F0 F0 08 F1 F1 F3 F2 08 F5 F0 F0 0D FF 00 0D 00 FF FF FF FF 00 00
/private/tmp/gr3-ship-analysis.CYee09/DATA_00120000.MDT,00120000,0x00740000,0x047A2003,0x2000,3,0x00533789,0x0BB1,0x0053378D,4,between_messages,SCN_00120000_00740000_0037,SCN_00120000_00740000_0038,0d 00 ff ff,676b67168b7387cb93621f2701c61c4cfc71c63afe457ec4d1e0c17daeacec1e,e5114bd47b3c5e979a88876ee7f086231103ef978d6d3692d31f6a6879314dfb,0d 00 ff ff,0d 00 ff ff,0D 00 FF FF
/private/tmp/gr3-ship-analysis.CYee09/DATA_00120000.MDT,00120000,0x00740000,0x047A2003,0x2000,3,0x0053378D,0x0BB5,0x0053382B,158,between_messages,SCN_00120000_00740000_0037,SCN_00120000_00740000_0038,ff ff e0 00 50 00 42 0e 00 33 00 8b 95 94 b5 c2 92 94 7f 77 9c 82 9c 95 98 08 e0 47 3a f0 a0 a5 f0 08 41 f7 7b bb be 9c 82 9c 95 98 46 08 21 f0 47 db 26 f0 c5 c4 21 76 f1 7b 98 bd c2 93 46 0d ff 00 02 03 00 02 23 06 02 10 30 a9 30 0d 00 ff ff ff ff c0 00 50 00 81 0e 00 80 00 21 f0 47 db 26 f0 c5 c4 7f 76 f1 7b 98 bd 44 08 90 be 95 98 b4 8a 7e 8a 98 08 c8 40 f0 d7 a0 9c c2 99 b4 a2 f2 77 9a f0 b2 08 4e f2 77 77 f8 95 98 b6 96 7e 44 0d ff 00 0d 00 ff ff ff ff a0 00 14 00,4faa9d8709fca7fe1a38253ce82362b9960c9477e27ca0a2aa2aeb698a320df9,d0f40a289ea9d94224cf9f5bbd48bf0851a55272f99eb59a18b9e2e8bffafb78,ff ff e0 00 50 00 42 0e,ff ff ff ff a0 00 14 00,FF FF 00 00 0E 00 00 08 F0 F0 08 F7 08 F0 F0 F1 0D FF 00 02 03 00 02 06 02 10 0D 00 FF FF FF FF 00 00 0E 00 00 F0 F0 F1 08 08 F0 F2 F0 08 F2 F8 0D FF 00 0D 00 FF FF FF FF 00 14 00
/private/tmp/gr3-ship-analysis.CYee09/DATA_00120000.MDT,00120000,0x00740000,0x047A2003,0x2000,3,0x0053383D,0x0C65,0x00533841,4,between_messages,SCN_00120000_00740000_0038,SCN_00120000_00740000_0039,0d 00 ff ff,676b67168b7387cb93621f2701c61c4cfc71c63afe457ec4d1e0c17daeacec1e,e5114bd47b3c5e979a88876ee7f086231103ef978d6d3692d31f6a6879314dfb,0d 00 ff ff,0d 00 ff ff,0D 00 FF FF
/private/tmp/gr3-ship-analysis.CYee09/DATA_00120000.MDT,00120000,0x00740000,0x047A2003,0x2000,3,0x00533841,0x0C69,0x0053388C,75,between_messages,SCN_00120000_00740000_0038,SCN_00120000_00740000_0039,ff ff d0 00 50 00 81 0e 00 80 00 8b b5 75 21 90 77 96 c1 e0 f1 8e a2 08 9e f2 a0 27 f6 5b f6 b4 77 9c 82 9c bd a0 7e 46 08 9c c2 93 7e 4d f0 e8 f0 4e f0 9e f2 95 98 08 9c f3 8b 93 9c 43 0d ff 00 0d 00 ff ff ff ff b0 00 3c 00,b0bfd4df9a0c23597f2f850e476e2939efcfaa3f8d1976f5903f6857071db6fc,eb485fc1096e9960ca683c5b960973cb02f1cef38ec523aaf3962c6e5696d9a3,ff ff d0 00 50 00 81 0e,ff ff ff ff b0 00 3c 00,FF FF 00 00 0E 00 00 F1 08 F2 F6 F6 08 F0 F0 F0 F2 08 F3 0D FF 00 0D 00 FF FF FF FF 00 00
/private/tmp/gr3-ship-analysis.CYee09/DATA_00120000.MDT,00120000,0x00740000,0x047A2003,0x2000,3,0x005338B0,0x0CD8,0x005338B4,4,between_messages,SCN_00120000_00740000_0039,SCN_00120000_00740000_0040,02 03 00 05,9deff806d73e1081c5d45efde598b626af96717844d94757fb0a2860c1782c2e,e611d857b06b3ed4f7632fb5eec1b2ea23284782901ba3f8a342cd4a8b8563c9,02 03 00 05,02 03 00 05,02 03 00 05
/private/tmp/gr3-ship-analysis.CYee09/DATA_00120000.MDT,00120000,0x00740000,0x047A2003,0x2000,3,0x005338B4,0x0CDC,0x00533973,191,between_messages,SCN_00120000_00740000_0039,SCN_00120000_00740000_0040,23 06 03 10 30 fa 30 0d 00 ff ff ff ff d0 00 50 00 81 0e 00 80 00 87 94 b5 87 94 b5 8a 98 bd ba bc b5 08 7b f0 7e bc b6 8c 77 8f 43 21 b0 74 46 08 c4 f1 20 f4 8a ba 79 7f 9c 77 95 98 a0 9d a1 08 70 f0 c0 bc 9c 77 84 9b 9c 0d ff 00 02 02 05 00 05 00 00 4a 01 41 00 10 30 19 33 03 00 02 23 06 01 10 30 e5 31 0d 00 ff ff ff ff e0 00 50 00 81 0e 00 80 00 c8 f0 9d 88 f0 bb be 9c 77 7e bb 95 98 08 b1 c2 9c 6d f5 97 f5 b1 f0 88 21 7d be b4 08 8e 95 7e 82 21 f0 d1 e3 46 f5 95 98 92 a0 9d 46 08 d5 f2 26 f3 9d c1 f5 84 94 b5 77 90 79 93 ba 0d ff 00 0d 00 ff ff ff ff e0 00 3c 00,79822cb0ad6bb204aa123057706ac46265fa0ca196cec16d7ad831a1678c6004,1faf02c651541ec70e741efc0058a06c4e61f7adb23e68fb1ffd298084f0575c,23 06 03 10 30 fa 30 0d,ff ff ff ff e0 00 3c 00,06 03 10 0D 00 FF FF FF FF 00 00 0E 00 00 08 F0 08 F1 F4 08 F0 0D FF 00 02 02 05 00 05 00 00 01 00 10 19 03 00 02 06 01 10 0D 00 FF FF FF FF 00 00 0E 00 00 F0 F0 08 F5 F5 F0 08 F0 F5 08 F2 F3 F5 0D FF 00 0D 00 FF FF FF FF 00 00
/private/tmp/gr3-ship-analysis.CYee09/DATA_00120000.MDT,00120000,0x00740000,0x047A2003,0x2000,3,0x0053399A,0x0DC2,0x00533B28,398,resource_tail,SCN_00120000_00740000_0040,,0d 00 ff ff ff ff e0 00 50 00 81 0e 00 80 00 77 b6 74 21 aa f0 9d 77 92 95 98 21 9c c2 7e 08 aa f0 74 f1 9d 6c f4 da f0 8a 98 9c 77 b1 92 77 9d 08 a1 f1 c0 be 98 c6 35 f0 93 bf 44 21 93 7e bb 46 08 94 b9 95 9a a1 f0 9d 84 f1 92 93 84 88 0d ff 00 02 03 00 02 23 06 02 10 30 be 32 0d 00 ff ff ff ff d0 00 3c 00 81 0e 00 80 00 a1 f0 bd 93 84 a1 f0 bd 93 84 46 08 cd 30 f0 88 c2 9d b4 52 b9 f1 9a 21 f0 d1 e3 a1 08 b6 bb 9c 77 95 98 da f4 95 92 c2 93 0d ff 00 0d 00 ff ff ff ff b0 00 50 00 42 0e 00 36 00 86 a0 4e a1 f0 bd 93 84 4f 95 f1 96 f1 9d 08 9c 95 92 bb 21 b4 79 08 27 f1 94 92 b4 82 f5 c1 f2 93 9c 43 08 a3 f5 66 f0 99 b6 bc 8c 81 c2 9c ba 43 0d ff 00 0d 00 ff ff ff ff c0 00 50 00 81 0e 00 80 00 77 b6 46 21 a1 f0 bd 93 84 93 95 98 43 08 aa f0 74 f1 c1 60 f1 e0 f0 95 92 bc 8a 9c 77 ba 08 45 f4 cf f2 9d b4 b0 be 92 21 c8 f0 a0 61 f2 a0 08 a4 f1 a0 55 f1 88 21 9c b3 9c 77 99 82 be 0d ff 00 02 03 00 05 23 06 03 10 30 18 33 0d 00 ff ff ff ff e0 00 50 00 81 0e 00 80 00 b0 74 46 21 a1 f0 bd 93 84 9a 77 79 ba bc b4 08 94 b9 95 9a 7d e6 f1 c1 32 f0 e2 3d f0 9d 08 73 f0 e6 f1 8a 92 bc a1 8c bd 7e b4 9f 46 08 77 b6 21 21 f0 d1 e3 9c c2 98 8a 9c 77 88 43 0d ff 00 02 02 02 00 00 00 00 00 00,56e8e6686c047e0b35874031f2be4f00324caa1c630034db03e726114aa1830b,acb7438793ba30335bba615522a806b689c63acc8b6d5cd2718e9839e5f8f671,0d 00 ff ff ff ff e0 00,02 02 00 00 00 00 00 00,0D 00 FF FF FF FF 00 00 0E 00 00 F0 08 F0 F1 F4 F0 08 F1 F0 08 F0 F1 0D FF 00 02 03 00 02 06 02 10 0D 00 FF FF FF FF 00 00 0E 00 00 F0 F0 08 F0 F1 F0 08 F4 0D FF 00 0D 00 FF FF FF FF 00 00 0E 00 00 F0 F1 F1 08 08 F1 F5 F2 08 F5 F0 0D FF 00 0D 00 FF FF FF FF 00 00 0E 00 00 F0 08 F0 F1 F1 F0 08 F4 F2 F0 F2 08 F1 F1 0D FF 00 02 03 00 05 06 03 10 18 0D 00 FF FF FF FF 00 00 0E 00 00 F0 08 F1 F0 F0 08 F0 F1 08 F0 0D FF 00 02 02 02 00 00 00 00 00 00
/private/tmp/gr3-ship-analysis.CYee09/DATA_00120000.MDT,00120000,0x00740000,0x06642004,0x2000,4,0x00533B2C,0x0004,0x00533B9B,111,pre_message,,SCN_00120000_00740000_0041,06 01 05 00 05 00 00 16 df 0f 00 05 00 06 00 00 a6 e0 0f 00 10 30 16 35 03 00 02 24 06 01 10 30 c2 33 0d 00 ff ff ff ff d0 00 50 00 81 0e 00 81 00 46 c4 ec cf c5 08 df f0 82 b0 f3 95 98 80 98 82 be ba 7c 08 c4 ec cf a1 e1 3d f0 88 f1 b3 87 9a 80 99 08 82 92 a2 bd 61 f2 8b b5 9f 7a 93 bf 7c 44 0d ff 00 0d 00 ff ff ff ff b0 00 3c 00,deb11091137c3ec7083093ea3628f11e6a3b738969bc6bc44685d1319992df5d,94581745d550f0772481a1ea0e9afe870deb3c194a800e0011218669178e0cd9,06 01 05 00 05 00 00 16,ff ff ff ff b0 00 3c 00,06 01 05 00 05 00 00 16 0F 00 05 00 06 00 00 0F 00 10 16 03 00 02 06 01 10 0D 00 FF FF FF FF 00 00 0E 00 00 08 F0 F3 08 F0 F1 08 F2 0D FF 00 0D 00 FF FF FF FF 00 00
/private/tmp/gr3-ship-analysis.CYee09/DATA_00120000.MDT,00120000,0x00740000,0x06642004,0x2000,4,0x00533BC9,0x00A1,0x00533BCD,4,between_messages,SCN_00120000_00740000_0041,SCN_00120000_00740000_0042,02 03 00 02,a68cb117ef9b333e890a38fc4dbc4d9307f85ebc13fc6a5854ec30c12c554a5b,e611d857b06b3ed4f7632fb5eec1b2ea23284782901ba3f8a342cd4a8b8563c9,02 03 00 02,02 03 00 02,02 03 00 02
/private/tmp/gr3-ship-analysis.CYee09/DATA_00120000.MDT,00120000,0x00740000,0x06642004,0x2000,4,0x00533BCD,0x00A5,0x00533C26,89,between_messages,SCN_00120000_00740000_0041,SCN_00120000_00740000_0042,24 06 02 10 30 ca 34 0d 00 ff ff ff ff e0 00 50 00 81 0e 00 81 00 90 79 93 43 21 c4 3f f0 3a f0 df a0 c4 ec cf a1 08 60 f6 a0 6c f2 a0 c4 ec cf 93 8f e4 43 08 9c c2 93 21 75 c2 92 bb 08 c4 ec cf a0 86 9a ec f1 95 98 c2 a0 7e 42 0d ff 00 0d 00 ff ff ff ff c0 00 3c 00,495a24b21839e3d424af894410562fb8d54e52fe69270d6e5cde985f1f69c80c,10d6f197ba812c88b5be6db0c3055c5969b86cb8b1daadd912aebaa598b7c54a,24 06 02 10 30 ca 34 0d,ff ff ff ff c0 00 3c 00,06 02 10 0D 00 FF FF FF FF 00 00 0E 00 00 F0 F0 08 F6 F2 08 08 F1 0D FF 00 0D 00 FF FF FF FF 00 00
/private/tmp/gr3-ship-analysis.CYee09/DATA_00120000.MDT,00120000,0x00740000,0x06642004,0x2000,4,0x00533C4F,0x0127,0x00533C53,4,between_messages,SCN_00120000_00740000_0042,SCN_00120000_00740000_0043,0d 00 ff ff,676b67168b7387cb93621f2701c61c4cfc71c63afe457ec4d1e0c17daeacec1e,e5114bd47b3c5e979a88876ee7f086231103ef978d6d3692d31f6a6879314dfb,0d 00 ff ff,0d 00 ff ff,0D 00 FF FF
/private/tmp/gr3-ship-analysis.CYee09/DATA_00120000.MDT,00120000,0x00740000,0x06642004,0x2000,4,0x00533C53,0x012B,0x00533CA3,80,between_messages,SCN_00120000_00740000_0042,SCN_00120000_00740000_0043,ff ff d0 00 50 00 81 0e 00 81 00 46 c4 ec cf 7f b0 f3 95 98 80 92 42 08 90 8a 98 ea 3f f0 2d f0 c8 42 21 8c 85 7a 43 08 c4 3f f0 3a f0 df a0 c4 ec cf a1 08 a0 f1 ed f0 9e f2 a0 ba 79 9c 61 f2 93 9c 43 0d ff 00 0d 00 ff ff ff ff e0 00 50 00,93fd2e5df9440875ad2aae8f74f1764a540ee77edfff95a267881a4d82431ac1,3946b54d4923bcce6cd6c8a3e6d1dbbe673e5e9d57153fc31e4622e8296a4cac,ff ff d0 00 50 00 81 0e,ff ff ff ff e0 00 50 00,FF FF 00 00 0E 00 00 F3 08 F0 F0 08 F0 F0 08 F1 F0 F2 F2 0D FF 00 0D 00 FF FF FF FF 00 00
/private/tmp/gr3-ship-analysis.CYee09/DATA_00120000.MDT,00120000,0x00740000,0x06642004,0x2000,4,0x00533CD1,0x01A9,0x00533CD5,4,between_messages,SCN_00120000_00740000_0043,SCN_00120000_00740000_0044,02 03 00 05,9deff806d73e1081c5d45efde598b626af96717844d94757fb0a2860c1782c2e,e611d857b06b3ed4f7632fb5eec1b2ea23284782901ba3f8a342cd4a8b8563c9,02 03 00 05,02 03 00 05,02 03 00 05
/private/tmp/gr3-ship-analysis.CYee09/DATA_00120000.MDT,00120000,0x00740000,0x06642004,0x2000,4,0x00533CD5,0x01AD,0x00533EBC,487,between_messages,SCN_00120000_00740000_0043,SCN_00120000_00740000_0044,24 06 03 10 30 15 35 0d 00 ff ff ff ff a0 00 50 00 81 0e 00 81 00 c4 ec cf 7f 23 f6 95 98 80 92 43 08 c4 ec cf e4 43 21 4d f4 b9 f1 a1 08 75 c2 9c 35 f0 e5 9c c2 7e 9d 08 c1 f5 84 9c 77 99 82 be ba cb 41 0d ff 00 02 02 05 00 05 00 00 a6 e0 0f 00 05 00 06 00 00 50 e1 0f 00 10 30 17 37 03 00 02 24 06 01 10 30 ba 35 0d 00 ff ff ff ff e0 00 50 00 81 0e 00 81 00 a0 f1 ed f0 9e f2 a0 61 f2 c4 3f f0 3a f0 df c4 ec cf e4 43 08 7d 7e 7b bc 9c 88 77 43 08 c4 ec cf a1 21 77 96 7e b0 f3 95 98 82 bd 9a 08 81 f2 8b 98 34 f5 95 98 b0 8a 92 43 0d ff 00 0d 00 ff ff ff ff e0 00 3c 00 32 0e 00 2a 00 93 7e bb 21 90 a0 4e c4 ec cf 4f 95 98 a0 08 b6 b3 bf 95 98 2e f4 95 98 bd 93 bf 46 08 a0 f3 82 8e 7a 9c 74 46 0d ff 00 02 03 00 02 24 06 02 10 30 c2 36 0d 00 ff ff ff ff d0 00 50 00 81 0e 00 81 00 c4 ec cf a1 c4 ec cf 95 8c ba 7c 43 08 99 21 23 f6 95 98 80 92 95 98 86 9a a1 08 77 ba 77 ba 21 24 f0 c4 3a f0 cd a0 27 f6 5b f6 9d 08 3c f0 2a f0 3a f0 da 95 8c 7e 44 0d ff 00 0d 00 ff ff ff ff b0 00 50 00 32 0e 00 2b 00 b0 74 9c 21 ac f4 c1 f5 a1 ef f2 84 f2 93 43 08 4d f4 b9 f1 86 90 c1 f5 84 9f 7a 08 90 79 20 f4 b0 95 98 bd c2 93 08 60 f6 a0 9b f1 98 c1 6d f5 84 98 ac f4 96 43 0d ff 00 0d 00 ff ff ff ff e0 00 50 00 81 0e 00 81 00 4e 60 f6 a0 9b f1 98 c1 6d f5 84 98 ac f4 96 4f 46 43 08 7d be a0 c4 ec cf 2b f1 2e f4 27 f3 9d 21 b0 92 08 bf f1 92 9c bd 51 2b f0 47 da 7f ce f1 c0 95 92 43 08 b6 95 a3 21 7e 95 94 7a 47 8f e4 43 0d ff 00 0d 00 ff ff ff ff 50 00 14 00,eba5a1f821089af118b18e76f0b4d6559b711df5d3f3a1de060d27c6a592b675,4d85d8b9c15f686fc63c78de55254e2f5c0499d7bad2ef3e5bbf08c1be237d7c,24 06 03 10 30 15 35 0d,ff ff ff ff 50 00 14 00,06 03 10 15 0D 00 FF FF FF FF 00 00 0E 00 00 F6 08 F4 F1 08 F0 08 F5 0D FF 00 02 02 05 00 05 00 00 0F 00 05 00 06 00 00 0F 00 10 17 03 00 02 06 01 10 0D 00 FF FF FF FF 00 00 0E 00 00 F1 F0 F2 F2 F0 F0 08 08 F3 08 F2 F5 0D FF 00 0D 00 FF FF FF FF 00 00 0E 00 00 08 F4 08 F3 0D FF 00 02 03 00 02 06 02 10 0D 00 FF FF FF FF 00 00 0E 00 00 08 F6 08 F0 F0 F6 F6 08 F0 F0 F0 0D FF 00 0D 00 FF FF FF FF 00 00 0E 00 00 F4 F5 F2 F2 08 F4 F1 F5 08 F4 08 F6 F1 F5 F4 0D FF 00 0D 00 FF FF FF FF 00 00 0E 00 00 F6 F1 F5 F4 08 F1 F4 F3 08 F1 F0 F1 08 0D FF 00 0D 00 FF FF FF FF 00 14 00
/private/tmp/gr3-ship-analysis.CYee09/DATA_00120000.MDT,00120000,0x00740000,0x06642004,0x2000,4,0x00533EC9,0x03A1,0x00533ECD,4,between_messages,SCN_00120000_00740000_0044,SCN_00120000_00740000_0045,02 03 00 05,9deff806d73e1081c5d45efde598b626af96717844d94757fb0a2860c1782c2e,e611d857b06b3ed4f7632fb5eec1b2ea23284782901ba3f8a342cd4a8b8563c9,02 03 00 05,02 03 00 05,02 03 00 05
/private/tmp/gr3-ship-analysis.CYee09/DATA_00120000.MDT,00120000,0x00740000,0x06642004,0x2000,4,0x00533ECD,0x03A5,0x00533F49,124,between_messages,SCN_00120000_00740000_0044,SCN_00120000_00740000_0045,24 06 03 10 30 16 37 0d 00 ff ff ff ff d0 00 50 00 81 0e 00 81 00 c4 ec cf c5 43 21 ef f2 84 f2 a1 08 c4 ec cf a0 8a f5 7b 92 81 bd c6 f2 77 6c f2 99 08 24 f0 c4 3a f0 cd a0 27 f6 5b f6 c1 08 a8 94 a0 b3 8a 98 82 93 88 77 ba 7c 41 0d ff 00 02 02 05 00 05 00 00 50 e1 0f 00 05 00 06 00 00 82 e1 0f 00 10 30 51 39 03 00 02 24 06 01 10 30 c2 37 0d 00 ff ff ff ff d0 00 28 00,c4e297916ff1785892864ee0787376f5f79ab0e334f9dcb2c5447d700ac4a940,f6908de62de40ea68422d63f9c5571a1c98270758c67a57296959e16de058e2d,24 06 03 10 30 16 37 0d,ff ff ff ff d0 00 28 00,06 03 10 16 0D 00 FF FF FF FF 00 00 0E 00 00 F2 F2 08 F5 F2 F2 08 F0 F0 F6 F6 08 0D FF 00 02 02 05 00 05 00 00 0F 00 05 00 06 00 00 0F 00 10 03 00 02 06 01 10 0D 00 FF FF FF FF 00 00
/private/tmp/gr3-ship-analysis.CYee09/DATA_00120000.MDT,00120000,0x00740000,0x06642004,0x2000,4,0x00533F66,0x043E,0x00533F6A,4,between_messages,SCN_00120000_00740000_0045,SCN_00120000_00740000_0046,0d 00 ff ff,676b67168b7387cb93621f2701c61c4cfc71c63afe457ec4d1e0c17daeacec1e,e5114bd47b3c5e979a88876ee7f086231103ef978d6d3692d31f6a6879314dfb,0d 00 ff ff,0d 00 ff ff,0D 00 FF FF
/private/tmp/gr3-ship-analysis.CYee09/DATA_00120000.MDT,00120000,0x00740000,0x06642004,0x2000,4,0x00533F6A,0x0442,0x00533FDE,116,between_messages,SCN_00120000_00740000_0045,SCN_00120000_00740000_0046,ff ff e0 00 50 00 81 0e 00 81 00 7d be a1 21 b4 f0 a0 a3 f3 44 f6 c1 8a 98 c2 93 43 07 0e 00 81 00 26 f0 eb d1 c6 9e f2 a0 27 f6 5b f6 b4 76 f1 7b 98 98 08 94 b9 95 9a 99 b4 7f f1 c1 64 f1 8c 9a 08 c4 ec cf a0 b4 f0 9d 21 b4 f2 95 98 08 80 b6 7f 95 92 bc b4 8c 95 7e bb 9c 43 0d ff 00 02 03 00 02 24 06 02 10 30 f3 38 0d 00 ff ff ff ff 90 00 14 00,8ba6afd7b759533a7fbfc238afb98a63cb15e4075f26a631481fc08302cf150c,1a093a38179ea294c82fed1298455bd25e9155b8c099d2ab9e4a9b524027f6f1,ff ff e0 00 50 00 81 0e,ff ff ff ff 90 00 14 00,FF FF 00 00 0E 00 00 F0 F3 F6 07 0E 00 00 F0 F2 F6 F6 F1 08 F1 F1 08 F0 F2 08 0D FF 00 02 03 00 02 06 02 10 F3 0D 00 FF FF FF FF 00 14 00
/private/tmp/gr3-ship-analysis.CYee09/DATA_00120000.MDT,00120000,0x00740000,0x06642004,0x2000,4,0x00533FF1,0x04C9,0x00533FF5,4,between_messages,SCN_00120000_00740000_0046,SCN_00120000_00740000_0047,0d 00 ff ff,676b67168b7387cb93621f2701c61c4cfc71c63afe457ec4d1e0c17daeacec1e,e5114bd47b3c5e979a88876ee7f086231103ef978d6d3692d31f6a6879314dfb,0d 00 ff ff,0d 00 ff ff,0D 00 FF FF
/private/tmp/gr3-ship-analysis.CYee09/DATA_00120000.MDT,00120000,0x00740000,0x06642004,0x2000,4,0x00533FF5,0x04CD,0x0053407E,137,between_messages,SCN_00120000_00740000_0046,SCN_00120000_00740000_0047,ff ff e0 00 50 00 81 0e 00 81 00 62 f0 c8 f0 9d 9c f4 c2 99 bd 08 21 f0 cd 70 f6 a6 f2 9c 9e f2 88 43 21 9a 80 9b 80 08 e3 f3 be 7e bb a1 83 be 92 35 f0 e5 7f 08 86 95 94 9d 49 f1 c2 99 80 92 bc 8c bd c2 93 07 0e 00 81 00 c4 ec cf a0 b4 f0 c1 ad f1 bd 92 b3 9d 08 ed f0 3c f1 c1 72 f7 bc 3f f4 85 92 b4 c2 93 8f 43 08 6c f0 6d f0 a0 21 99 f2 dc f2 d5 3a f0 2d f0 99 9c 43 0d ff 00 0d 00 ff ff ff ff b0 00 28 00,d7634bad41808e7cd283904e8c164f211ae0561889bc54b52a655e3caabc42c0,c34ff0beae80cf142490afa92c95c78a66e7d38975cd1873ea0c588e68d95fc5,ff ff e0 00 50 00 81 0e,ff ff ff ff b0 00 28 00,FF FF 00 00 0E 00 00 F0 F0 F4 08 F0 F6 F2 F2 08 F3 F0 08 F1 07 0E 00 00 F0 F1 08 F0 F1 F7 F4 08 F0 F0 F2 F2 F0 F0 0D FF 00 0D 00 FF FF FF FF 00 00
/private/tmp/gr3-ship-analysis.CYee09/DATA_00120000.MDT,00120000,0x00740000,0x06642004,0x2000,4,0x005340A1,0x0579,0x005340A5,4,between_messages,SCN_00120000_00740000_0047,SCN_00120000_00740000_0048,0d 00 ff ff,676b67168b7387cb93621f2701c61c4cfc71c63afe457ec4d1e0c17daeacec1e,e5114bd47b3c5e979a88876ee7f086231103ef978d6d3692d31f6a6879314dfb,0d 00 ff ff,0d 00 ff ff,0D 00 FF FF
/private/tmp/gr3-ship-analysis.CYee09/DATA_00120000.MDT,00120000,0x00740000,0x06642004,0x2000,4,0x005340A5,0x057D,0x005341B4,271,between_messages,SCN_00120000_00740000_0047,SCN_00120000_00740000_0048,ff ff e0 00 50 00 81 0e 00 81 00 c6 f2 77 61 f2 9c bb 21 99 f2 dc f2 d5 3a f0 2d f0 93 bf 43 08 cf 34 f0 3a f0 dd 3d f0 56 f0 57 f0 99 c0 f5 7e 8e 08 d5 3a f0 2d f0 99 21 57 f0 96 ab 8a e4 43 09 08 46 c4 ec cf a0 b7 f1 84 83 f0 bc 93 84 9b ba 43 0d ff 00 02 03 00 05 24 06 03 10 30 50 39 0d 00 ff ff ff ff e0 00 50 00 81 0e 00 81 00 7d be 7f 21 c4 3f f0 3a f0 df a0 c4 ec cf a0 08 3e f0 2a f0 3d f0 9d b3 f0 82 9d a1 08 b0 93 b0 93 61 f2 b2 f7 7f 97 f0 bc 9f 7a 9c 43 08 d9 24 f0 3e f0 3d f0 8f 21 c4 ec cf a0 3b f1 77 a1 41 0d ff 00 02 02 05 00 05 00 00 82 e1 0f 00 05 00 06 00 00 9a e2 0f 00 10 30 91 3a 03 00 02 24 06 01 10 30 19 3a 0d 00 ff ff ff ff a0 00 3c 00 81 0e 00 81 00 c4 3f f0 3a f0 df a0 c4 ec cf 9c bb 08 b4 79 42 f1 95 92 8f 43 08 7d b3 7a b4 79 f2 85 ba 43 0d ff 00 0d 00 ff ff ff ff e0 00 28 00,1c9219aa214cec3c62cc7ff2d9fc9603617473477d739663caa92aea135e09c0,52f9a7bd8f002e72ebfb130cbd8b29f93d5a0eb2ba2aa6b7357abccfad988bcc,ff ff e0 00 50 00 81 0e,ff ff ff ff e0 00 28 00,FF FF 00 00 0E 00 00 F2 F2 F2 F2 F0 F0 08 F0 F0 F0 F0 F0 F5 08 F0 F0 F0 09 08 F1 F0 0D FF 00 02 03 00 05 06 03 10 0D 00 FF FF FF FF 00 00 0E 00 00 F0 F0 08 F0 F0 F0 F0 08 F2 F7 F0 08 F0 F0 F0 F1 0D FF 00 02 02 05 00 05 00 00 0F 00 05 00 06 00 00 0F 00 10 03 00 02 06 01 10 19 0D 00 FF FF FF FF 00 00 0E 00 00 F0 F0 08 F1 08 F2 0D FF 00 0D 00 FF FF FF FF 00 00
/private/tmp/gr3-ship-analysis.CYee09/DATA_00120000.MDT,00120000,0x00740000,0x06642004,0x2000,4,0x005341D5,0x06AD,0x005341D9,4,between_messages,SCN_00120000_00740000_0048,SCN_00120000_00740000_0049,0d 00 ff ff,676b67168b7387cb93621f2701c61c4cfc71c63afe457ec4d1e0c17daeacec1e,e5114bd47b3c5e979a88876ee7f086231103ef978d6d3692d31f6a6879314dfb,0d 00 ff ff,0d 00 ff ff,0D 00 FF FF
/private/tmp/gr3-ship-analysis.CYee09/DATA_00120000.MDT,00120000,0x00740000,0x06642004,0x2000,4,0x005341D9,0x06B1,0x0053472F,1366,between_messages,SCN_00120000_00740000_0048,SCN_00120000_00740000_0049,ff ff e0 00 50 00 81 0e 00 81 00 c4 3f f0 3a f0 df a0 c4 ec cf 7f 08 c1 f5 84 bd c0 84 9f 7a 93 bf 44 08 a1 f0 bd b0 99 b4 9f 7a 21 7d be a1 86 86 99 08 c4 ec cf a0 b4 f0 c1 32 f0 3a f0 e7 8a 98 95 8f 43 0d ff 00 02 03 00 05 24 06 02 10 30 90 3a 0d 00 ff ff ff ff d0 00 50 00 81 0e 00 81 00 61 f2 9c bb 21 cf 34 f0 3a f0 dd 3d f0 99 c0 f5 7e 8e 08 d5 3a f0 2d f0 99 21 57 f0 96 ab 8a e4 43 07 0e 00 81 00 29 f0 e4 21 21 f0 d1 e3 93 bf 79 7f 08 33 f0 3a f0 db e1 47 93 bf 79 7f 46 08 6c f2 a0 99 f2 dc f2 d5 3a f0 2d f0 99 08 ac f4 96 a0 a1 21 c4 ec cf 93 bf 43 0d ff 00 02 02 05 00 05 00 00 9a e2 0f 00 05 00 06 00 00 da 37 20 00 10 30 a7 3c 03 00 02 24 06 01 10 30 33 3b 0d 00 ff ff ff ff c0 00 50 00 81 0e 00 81 00 c4 ec cf c5 43 08 7d b3 99 9a 79 87 89 77 b0 8c 43 08 b4 f0 a0 32 f0 3a f0 e7 a1 e3 f1 c0 95 98 b0 8c 08 9b 79 91 88 f0 c4 f2 8a 98 82 93 88 77 43 0d ff 00 0d 00 ff ff ff ff b0 00 50 00 32 0e 00 27 00 75 bc 7f 9a 9c 43 09 0e 00 2a 00 08 46 99 b4 21 3d f2 9d 84 f1 bd 9a 80 a1 08 90 a0 4e c4 ec cf 4f 95 98 a0 a1 08 b6 b3 98 82 be ba 0d ff 00 02 03 00 02 24 06 02 10 30 4f 3c 0d 00 ff ff ff ff b0 00 50 00 81 0e 00 81 00 7d be a1 c4 ec cf 9d 21 86 86 99 08 61 f2 a0 77 f0 c1 e2 f4 7e be 98 db f0 84 f1 08 c4 ec cf a0 63 f5 7b f0 95 8c 43 08 c4 ec cf a1 c4 ec cf 95 8c ba 43 0d ff 00 0d 00 ff ff ff ff c0 00 14 00 32 0e 00 2a 00 95 98 21 75 bc b5 75 cf f4 95 98 98 46 0d ff 00 0d 00 ff ff ff ff e0 00 50 00 81 0e 00 81 00 75 a0 84 f2 7e bb 43 08 7d be a1 21 8c ab 98 9d 7d 77 98 08 c4 ec cf c1 7d f0 9d f0 9d 8a 98 80 92 95 8c 41 07 0e 00 81 00 61 f2 b2 f7 ad 9a a2 8a bd 99 f2 dc f2 d5 3a f0 2d f0 b4 43 09 08 cf 34 f0 3a f0 dd 3d f0 56 f0 57 f0 99 c0 f5 7e 8e 08 d5 3a f0 2d f0 99 21 57 f0 96 ab 8a e4 41 09 08 99 8c ba 9f 21 c4 ec cf e4 41 0d ff 00 0d 00 ff ff ff ff a0 00 3c 00 32 0e 00 2a 00 90 79 93 84 9b 9c 46 09 08 79 45 c2 46 21 b0 74 77 77 7e 08 9a 9d 7e 82 3e f2 bb f0 99 9c 0d ff 00 02 03 00 05 24 06 03 10 30 a6 3c 0d 00 ff ff ff ff e0 00 50 00 81 0e 00 81 00 c4 ec cf e4 43 21 b0 92 21 86 a0 08 d7 21 f0 e1 47 3d f0 9d 7d b0 f3 bc 9d 9c bd 84 f2 c1 08 7d b0 94 8a 98 7d bc b0 8c 43 08 99 a1 21 8a f5 7b bd ba 79 9c b4 f0 b5 f0 c1 43 0d ff 00 02 02 05 00 05 00 00 da 37 20 00 05 00 06 00 00 76 86 30 00 10 30 b2 3e 03 00 02 24 06 01 10 30 51 3d 0d 00 ff ff ff ff e0 00 50 00 81 0e 00 81 00 4e f2 77 77 f8 7f 9b 79 93 9a 7e 2e f4 95 98 08 b4 f0 bc f2 bc 92 94 b3 21 24 f0 24 f0 bc b6 7f 95 98 08 bd f4 84 9f 7a 21 c4 3f f0 3a f0 df a0 c4 ec cf c1 08 a1 f0 97 f4 77 b6 7f be 95 98 c2 93 43 0d ff 00 0d 00 ff ff ff ff c0 00 3c 00 42 0e 00 35 00 21 f0 47 db 26 f0 c5 c4 46 08 b4 79 21 86 c2 9c 9a 86 b0 99 08 c8 40 f0 d7 7f 3f f4 b0 95 98 c2 a0 7e 46 0d ff 00 02 03 00 02 24 06 02 10 30 65 3e 0d 00 ff ff ff ff c0 00 3c 00 81 0e 00 81 00 21 f0 47 db 26 f0 c5 c4 46 44 08 b4 f0 bc f2 bc 92 94 7f c8 40 f0 d7 8a 98 bd 08 4e f2 77 77 f8 a0 86 9a 7e 44 0d ff 00 0d 00 ff ff ff ff e0 00 50 00 42 0e 00 37 00 75 75 46 21 75 be 9d a2 f2 77 9a f0 b0 be bd 9a 08 21 f0 47 db 97 f2 95 98 08 9a 86 9d 49 f1 a2 88 be bd bb 8a 77 c2 93 08 c8 f0 9d 88 f0 bd 9a 80 b5 bb f0 c1 96 84 bf ba 0d ff 00 0d 00 ff ff ff ff e0 00 50 00 81 0e 00 81 00 21 f0 47 db 97 f2 46 08 9b 86 9d 75 bd c2 93 21 90 bc b5 44 08 c4 ec cf a0 c8 f0 cc f4 9d b4 21 90 c2 9c b1 f0 28 f3 08 bc f2 95 98 9c 7e 95 92 8f 44 0d ff 00 0d 00 ff ff ff ff c0 00 50 00 42 0e 00 37 00 46 90 c2 9c 28 f3 08 9b 86 d8 f0 8a 98 b4 9c 77 c2 93 08 86 a0 eb f2 97 f2 8b b5 9c 77 21 b4 95 9a 08 ce f5 a0 b1 f0 28 f3 9d 75 bd a0 7e b4 9c 46 0d ff 00 02 03 00 05 24 06 03 10 30 b1 3e 0d 00 ff ff ff ff c0 00 50 00 81 0e 00 81 00 c4 ec cf 8c bb b4 42 f1 95 92 86 9a a0 08 9c 77 5e f2 ce f3 46 21 77 77 9c 43 08 51 b9 f1 82 bb 77 a1 08 42 f1 95 98 b1 92 77 b4 c2 93 8f 43 0d ff 00 02 02 05 00 05 00 00 76 86 30 00 05 00 06 00 00 4a 01 41 00 10 30 a8 40 03 00 02 24 06 01 10 30 61 3f 0d 00 ff ff ff ff e0 00 50 00 81 0e 00 81 00 c4 3f f0 3a f0 df a0 c4 ec cf 46 08 84 f1 92 9a a1 f1 95 92 bb 21 8c 83 08 88 f0 98 42 f1 95 94 b0 95 92 46 21 3d f2 a1 08 c4 ec cf 21 9b 86 9d 42 f1 82 bb f0 9c c2 93 44 0d ff 00 0d 00 ff ff ff ff c0 00 50 00,2dd564213e402b4da5e00534724bc7845220282d984535d15dcef7e6010789fb,9cb738d8efa5443c0570385f5adf20e471b3e6ba3fe886e15f4b924eb555cf00,ff ff e0 00 50 00 81 0e,ff ff ff ff c0 00 50 00,FF FF 00 00 0E 00 00 F0 F0 08 F5 08 F0 08 F0 F0 F0 0D FF 00 02 03 00 05 06 02 10 0D 00 FF FF FF FF 00 00 0E 00 00 F2 F0 F0 F0 F5 08 F0 F0 F0 07 0E 00 00 F0 F0 08 F0 F0 08 F2 F2 F2 F0 F0 08 F4 0D FF 00 02 02 05 00 05 00 00 0F 00 05 00 06 00 00 00 10 03 00 02 06 01 10 0D 00 FF FF FF FF 00 00 0E 00 00 08 08 F0 F0 F0 F1 08 F0 F2 0D FF 00 0D 00 FF FF FF FF 00 00 0E 00 00 09 0E 00 00 08 F2 F1 08 08 0D FF 00 02 03 00 02 06 02 10 0D 00 FF FF FF FF 00 00 0E 00 00 08 F2 F0 F4 F0 F1 08 F5 F0 08 0D FF 00 0D 00 FF FF FF FF 00 14 00 0E 00 00 F4 0D FF 00 0D 00 FF FF FF FF 00 00 0E 00 00 F2 08 08 F0 F0 07 0E 00 00 F2 F7 F2 F2 F0 F0 09 08 F0 F0 F0 F0 F0 F5 08 F0 F0 F0 09 08 0D FF 00 0D 00 FF FF FF FF 00 00 0E 00 00 09 08 08 F2 F0 0D FF 00 02 03 00 05 06 03 10 0D 00 FF FF FF FF 00 00 0E 00 00 08 F0 F0 F3 F2 08 08 F5 F0 F0 0D FF 00 02 02 05 00 05 00 00 00 05 00 06 00 00 00 10 03 00 02 06 01 10 0D 00 FF FF FF FF 00 00 0E 00 00 F2 F8 F4 08 F0 F2 F0 F0 08 F4 F0 F0 08 F0 F4 0D FF 00 0D 00 FF FF FF FF 00 00 0E 00 00 F0 F0 08 08 F0 F4 0D FF 00 02 03 00 02 06 02 10 0D 00 FF FF FF FF 00 00 0E 00 00 F0 F0 08 F0 F2 F0 08 F2 F8 0D FF 00 0D 00 FF FF FF FF 00 00 0E 00 00 F2 F0 08 F0 F2 08 F1 08 F0 F0 F0 0D FF 00 0D 00 FF FF FF FF 00 00 0E 00 00 F0 F2 08 08 F0 F4 F0 F3 08 F2 0D FF 00 0D 00 FF FF FF FF 00 00 0E 00 00 F3 08 F0 08 F2 F2 08 F5 F0 F3 0D FF 00 02 03 00 05 06 03 10 0D 00 FF FF FF FF 00 00 0E 00 00 F1 08 F2 F3 08 F1 08 F1 0D FF 00 02 02 05 00 05 00 00 00 05 00 06 00 00 01 00 10 03 00 02 06 01 10 0D 00 FF FF FF FF 00 00 0E 00 00 F0 F0 08 F1 F1 08 F0 F1 F2 08 F1 F0 0D FF 00 0D 00 FF FF FF FF 00 00
/private/tmp/gr3-ship-analysis.CYee09/DATA_00120000.MDT,00120000,0x00740000,0x06642004,0x2000,4,0x00534768,0x0C40,0x0053476C,4,between_messages,SCN_00120000_00740000_0049,SCN_00120000_00740000_0050,02 03 00 02,a68cb117ef9b333e890a38fc4dbc4d9307f85ebc13fc6a5854ec30c12c554a5b,e611d857b06b3ed4f7632fb5eec1b2ea23284782901ba3f8a342cd4a8b8563c9,02 03 00 02,02 03 00 02,02 03 00 02
/private/tmp/gr3-ship-analysis.CYee09/DATA_00120000.MDT,00120000,0x00740000,0x06642004,0x2000,4,0x0053476C,0x0C44,0x005347BD,81,between_messages,SCN_00120000_00740000_0049,SCN_00120000_00740000_0050,24 06 02 10 30 5b 40 0d 00 ff ff ff ff e0 00 50 00 81 0e 00 81 00 99 b4 c4 ec cf a0 a5 f0 9c bb 08 9b 86 9d 42 f1 95 92 95 98 08 b6 95 98 84 c2 93 bf 79 9c 43 08 9c c2 98 95 92 95 98 c4 ec cf 93 7e bb 9c 0d ff 00 0d 00 ff ff ff ff c0 00 3c 00,4850bdfab7fa992c16d82ea8860fb1b62d4e993c146970a6dcbe1a13ba61f196,d144e4654e23253ec39d069217e542b27a8f8af5b59aced1b6efda06d085727c,24 06 02 10 30 5b 40 0d,ff ff ff ff c0 00 3c 00,06 02 10 0D 00 FF FF FF FF 00 00 0E 00 00 F0 08 F1 08 08 0D FF 00 0D 00 FF FF FF FF 00 00
/private/tmp/gr3-ship-analysis.CYee09/DATA_00120000.MDT,00120000,0x00740000,0x06642004,0x2000,4,0x005347EB,0x0CC3,0x005347EF,4,between_messages,SCN_00120000_00740000_0050,SCN_00120000_00740000_0051,0d 00 ff ff,676b67168b7387cb93621f2701c61c4cfc71c63afe457ec4d1e0c17daeacec1e,e5114bd47b3c5e979a88876ee7f086231103ef978d6d3692d31f6a6879314dfb,0d 00 ff ff,0d 00 ff ff,0D 00 FF FF
/private/tmp/gr3-ship-analysis.CYee09/DATA_00120000.MDT,00120000,0x00740000,0x06642004,0x2000,4,0x005347EF,0x0CC7,0x00534838,73,between_messages,SCN_00120000_00740000_0050,SCN_00120000_00740000_0051,ff ff c0 00 50 00 81 0e 00 81 00 7d 77 e4 43 21 7d b3 7a c4 ec cf c1 08 21 f0 cd 9d 8c c2 a0 7e 43 21 86 9a 9a 08 8a 93 77 9d ba 95 94 b5 75 08 7d be 7f 26 f5 7d f0 9d 9c bd 8f 42 0d ff 00 0d 00 ff ff ff ff b0 00 3c 00,88ea1e71beb71cd09cbead7b25f0709df2085ecf11ab4903c92e3324ff6a6f04,c11c3e63e03aa42de858e9b3e66156ca55ee0cf1f6662f99122968f4996b55c6,ff ff c0 00 50 00 81 0e,ff ff ff ff b0 00 3c 00,FF FF 00 00 0E 00 00 08 F0 08 08 F5 F0 0D FF 00 0D 00 FF FF FF FF 00 00
/private/tmp/gr3-ship-analysis.CYee09/DATA_00120000.MDT,00120000,0x00740000,0x06642004,0x2000,4,0x00534862,0x0D3A,0x00534866,4,between_messages,SCN_00120000_00740000_0051,SCN_00120000_00740000_0052,02 03 00 05,9deff806d73e1081c5d45efde598b626af96717844d94757fb0a2860c1782c2e,e611d857b06b3ed4f7632fb5eec1b2ea23284782901ba3f8a342cd4a8b8563c9,02 03 00 05,02 03 00 05,02 03 00 05
/private/tmp/gr3-ship-analysis.CYee09/DATA_00120000.MDT,00120000,0x00740000,0x06642004,0x2000,4,0x00534866,0x0D3E,0x00534912,172,between_messages,SCN_00120000_00740000_0051,SCN_00120000_00740000_0052,24 06 03 10 30 a7 40 0d 00 ff ff ff ff b0 00 50 00 81 0e 00 81 00 b4 f0 b5 f0 b4 77 77 84 9b 08 92 b0 9d a1 d7 21 f0 e1 47 3d f0 9d 08 b0 f3 95 98 80 98 ad 8a 77 8f 46 08 c4 ec cf 46 21 34 f5 95 98 bd 8f 46 0d ff 00 02 02 05 00 05 00 00 4a 01 41 00 10 30 ab 42 03 00 02 24 06 01 10 30 5a 41 0d 00 ff ff ff ff e0 00 50 00 81 0e 00 81 00 20 f4 b3 92 43 21 7d be a1 b5 f0 9d 88 f0 bd 8f 43 08 86 c2 9c 28 f3 9d da e4 9a 8a 98 94 b5 08 77 84 9f 7a c2 93 43 08 9c 74 21 c4 ec cf 43 0d ff 00 0d 00 ff ff ff ff a0 00 28 00,8d0ba12753d15dc937540d909595f3b19d244a6278f61894e09e833c1feaa396,6c2a9119e6f2a6fbbe7c252f65b0fece4583cc6fd4410a2afc88e9161d86a24f,24 06 03 10 30 a7 40 0d,ff ff ff ff a0 00 28 00,06 03 10 0D 00 FF FF FF FF 00 00 0E 00 00 F0 F0 08 F0 F0 08 F3 08 F5 0D FF 00 02 02 05 00 05 00 00 01 00 10 03 00 02 06 01 10 0D 00 FF FF FF FF 00 00 0E 00 00 F4 F0 F0 08 F3 08 08 0D FF 00 0D 00 FF FF FF FF 00 00
/private/tmp/gr3-ship-analysis.CYee09/DATA_00120000.MDT,00120000,0x00740000,0x06642004,0x2000,4,0x0053492B,0x0E03,0x0053492F,4,between_messages,SCN_00120000_00740000_0052,SCN_00120000_00740000_0053,0d 00 ff ff,676b67168b7387cb93621f2701c61c4cfc71c63afe457ec4d1e0c17daeacec1e,e5114bd47b3c5e979a88876ee7f086231103ef978d6d3692d31f6a6879314dfb,0d 00 ff ff,0d 00 ff ff,0D 00 FF FF
/private/tmp/gr3-ship-analysis.CYee09/DATA_00120000.MDT,00120000,0x00740000,0x06642004,0x2000,4,0x0053492F,0x0E07,0x005349C3,148,between_messages,SCN_00120000_00740000_0052,SCN_00120000_00740000_0053,ff ff c0 00 3c 00 81 0e 00 81 00 86 9c 77 93 20 f0 e4 9a 08 c4 3f f0 3a f0 df a0 c4 ec cf a0 2e f4 3c f6 c1 08 a1 f1 77 88 f0 8a 92 c2 93 43 0d ff 00 02 03 00 02 24 06 02 10 30 53 42 0d 00 ff ff ff ff e0 00 50 00 81 0e 00 81 00 c4 3f f0 3a f0 df a0 c4 ec cf a0 2e f4 3c f6 c1 08 a1 f1 77 88 f0 8a 92 c2 93 43 08 4e 61 f2 7f 77 f0 9d 20 f6 95 92 bb 46 08 21 92 93 7f f1 a0 c0 f0 c1 a1 f0 be a2 77 77 43 4f 0d ff 00 0d 00 ff ff ff ff 90 00 28 00,092eab7b84e15e101492512940d9d4e2a617843cbdffe760280f084279ebe05d,26efb24ac06febe8f83ca2b1978dc356fc7d12d7d109f1f746291ac71c9f9832,ff ff c0 00 3c 00 81 0e,ff ff ff ff 90 00 28 00,FF FF 00 00 0E 00 00 F0 08 F0 F0 F4 F6 08 F1 F0 0D FF 00 02 03 00 02 06 02 10 0D 00 FF FF FF FF 00 00 0E 00 00 F0 F0 F4 F6 08 F1 F0 08 F2 F0 F6 08 F1 F0 F0 0D FF 00 0D 00 FF FF FF FF 00 00
/private/tmp/gr3-ship-analysis.CYee09/DATA_00120000.MDT,00120000,0x00740000,0x06642004,0x2000,4,0x005349DF,0x0EB7,0x00534AB8,217,resource_tail,SCN_00120000_00740000_0053,,0d 00 ff ff ff ff d0 00 50 00 81 0e 00 81 00 c8 f0 43 21 9b 86 b0 99 b4 8c f0 82 c8 f0 88 43 08 4e c8 f0 a1 77 96 93 95 98 08 21 60 f6 92 94 c1 7a f4 8a 98 bd 43 4f 08 90 c2 9c 2e f4 3c f6 b4 2e f4 95 98 92 9c 43 07 0e 00 81 00 7d be a1 42 f1 82 8f 43 08 d7 21 f0 e1 47 3d f0 c1 76 f0 98 08 c4 3f f0 3a f0 df a0 c4 ec cf 7f 77 bd 08 62 f0 c8 f0 93 f2 aa e4 41 0d ff 00 02 03 00 05 24 06 03 10 30 aa 42 0d 00 ff ff ff ff d0 00 50 00 81 0e 00 81 00 7d be a1 42 f1 82 8f 21 c6 f2 77 61 f2 a0 6c f2 99 08 86 a0 62 f0 c8 f0 93 f2 c1 bc f2 bc 74 f3 7b 98 43 08 34 f5 95 98 98 82 be ba 9c 08 c4 3f f0 3a f0 df a0 c4 ec cf e4 43 0d ff 00 02 02 02 00 00 00 00,2a4b0c71f650d6dde6259c7341bd78957090d4d25f6e90b761d357c4f157ad9d,f4049f0262251bc7882908c66a68f7974a55966cce2149c03cd11d3b3fe4a7c4,0d 00 ff ff ff ff d0 00,00 02 02 02 00 00 00 00,0D 00 FF FF FF FF 00 00 0E 00 00 F0 F0 F0 08 F0 08 F6 F4 08 F4 F6 F4 07 0E 00 00 F1 08 F0 F0 F0 08 F0 F0 08 F0 F0 F2 0D FF 00 02 03 00 05 06 03 10 0D 00 FF FF FF FF 00 00 0E 00 00 F1 F2 F2 F2 08 F0 F0 F2 F2 F3 08 F5 08 F0 F0 0D FF 00 02 02 02 00 00 00 00
/private/tmp/gr3-ship-analysis.CYee09/DATA_00120000.MDT,00120000,0x00740000,0x08562001,0x2000,1,0x00534ABC,0x0004,0x00534B17,91,pre_message,,SCN_00120000_00740000_0054,06 01 05 00 05 00 00 16 df 0f 00 05 00 06 00 00 a6 e0 0f 00 10 30 83 44 03 00 02 25 06 01 10 30 66 43 0d 00 ff ff ff ff c0 00 3c 00 81 0e 00 82 00 9c c2 93 95 92 c2 93 46 08 77 95 92 77 21 9c c2 93 95 98 c2 93 08 75 a0 c8 f0 a1 46 43 0d ff 00 0d 00 ff ff ff ff e0 00 3c 00,e1540a1aee5e396abcb01f9e07f513f8aa8b458eb14736f2011016ba84b29685,07241c3ff2a6b7942ad9a4c2bf5343cd32e2e8eba6e23bb81aad778fd2ca9aec,06 01 05 00 05 00 00 16,ff ff ff ff e0 00 3c 00,06 01 05 00 05 00 00 16 0F 00 05 00 06 00 00 0F 00 10 03 00 02 06 01 10 0D 00 FF FF FF FF 00 00 0E 00 00 08 08 F0 0D FF 00 0D 00 FF FF FF FF 00 00
/private/tmp/gr3-ship-analysis.CYee09/DATA_00120000.MDT,00120000,0x00740000,0x08562001,0x2000,1,0x00534B45,0x008D,0x00534B49,4,between_messages,SCN_00120000_00740000_0054,SCN_00120000_00740000_0055,0d 00 ff ff,676b67168b7387cb93621f2701c61c4cfc71c63afe457ec4d1e0c17daeacec1e,e5114bd47b3c5e979a88876ee7f086231103ef978d6d3692d31f6a6879314dfb,0d 00 ff ff,0d 00 ff ff,0D 00 FF FF
/private/tmp/gr3-ship-analysis.CYee09/DATA_00120000.MDT,00120000,0x00740000,0x08562001,0x2000,1,0x00534B49,0x0091,0x00534BBF,118,between_messages,SCN_00120000_00740000_0054,SCN_00120000_00740000_0055,ff ff c0 00 28 00 81 0e 00 82 00 90 bc b5 21 6e f3 77 99 80 92 9a b4 43 08 6a f2 7e bb 7f bb ba 43 0d ff 00 02 03 00 02 25 06 02 10 30 2e 44 0d 00 ff ff ff ff e0 00 3c 00 81 0e 00 82 00 b4 f0 7f b6 bb be 92 a0 88 43 08 21 f0 d3 33 f0 ef b1 98 7a 9c 21 4e f2 77 77 f8 9d 43 08 81 f2 8b bb be 95 7e ba 42 21 9c 74 41 0d ff 00 0d 00 ff ff ff ff e0 00 3c 00,d0d9a79166af82ebbfc0240f9a215bc8e29cef7edebb7d28b94d944b86b2ba2d,4a69cf8cc2906e86c98dc586c10f1101b1159b15a6c4d5db3766fdebc3bedcb2,ff ff c0 00 28 00 81 0e,ff ff ff ff e0 00 3c 00,FF FF 00 00 0E 00 00 F3 08 F2 0D FF 00 02 03 00 02 06 02 10 0D 00 FF FF FF FF 00 00 0E 00 00 F0 08 F0 F0 F2 F8 08 F2 0D FF 00 0D 00 FF FF FF FF 00 00
/private/tmp/gr3-ship-analysis.CYee09/DATA_00120000.MDT,00120000,0x00740000,0x08562001,0x2000,1,0x00534BFB,0x0143,0x00534BFF,4,between_messages,SCN_00120000_00740000_0055,SCN_00120000_00740000_0056,0d 00 ff ff,676b67168b7387cb93621f2701c61c4cfc71c63afe457ec4d1e0c17daeacec1e,e5114bd47b3c5e979a88876ee7f086231103ef978d6d3692d31f6a6879314dfb,0d 00 ff ff,0d 00 ff ff,0D 00 FF FF
/private/tmp/gr3-ship-analysis.CYee09/DATA_00120000.MDT,00120000,0x00740000,0x08562001,0x2000,1,0x00534BFF,0x0147,0x00534CE1,226,between_messages,SCN_00120000_00740000_0055,SCN_00120000_00740000_0056,ff ff b0 00 3c 00 81 0e 00 82 00 8b b9 21 bb f4 48 f5 8b b5 9f 7a b6 43 08 86 86 c2 9a 86 52 9b f4 ca f2 b4 08 d7 f3 b0 f0 8a 98 c2 93 8f 21 60 f6 a1 43 0d ff 00 02 03 00 05 25 06 03 10 30 82 44 0d 00 ff ff ff ff e0 00 50 00 81 0e 00 82 00 b4 f0 7f e0 f1 7b 92 c2 93 95 98 41 08 2c f0 3a f0 e9 9c c2 93 43 08 4e f2 77 77 f8 9d a2 f2 77 9a f0 b0 be 94 b0 95 98 46 08 9c c2 93 95 92 c2 93 21 75 bc b5 75 42 0d ff 00 02 02 05 00 05 00 00 a6 e0 0f 00 05 00 06 00 00 50 e1 0f 00 10 30 2c 46 03 00 02 25 06 01 10 30 0f 45 0d 00 ff ff ff ff 90 00 3c 00 81 0e 00 82 00 94 80 8a b9 79 46 08 60 f6 a0 b4 f0 88 7b 75 bc b5 75 08 4d f4 4c f4 a1 46 43 0d ff 00 0d 00 ff ff ff ff d0 00 3c 00,0970fa71b57d3ca5d355d98bfbb3ea8a9f9edad0a8c0adfe10fae7b3ee4e5443,178b7a36d2729e204b2be98ce8c0ab688b7235c8ab60ba4e475a315a9f578b37,ff ff b0 00 3c 00 81 0e,ff ff ff ff d0 00 3c 00,FF FF 00 00 0E 00 00 F4 F5 08 F4 F2 08 F3 F0 F6 0D FF 00 02 03 00 05 06 03 10 0D 00 FF FF FF FF 00 00 0E 00 00 F0 F1 08 F0 F0 08 F2 F8 F2 F0 08 0D FF 00 02 02 05 00 05 00 00 0F 00 05 00 06 00 00 0F 00 10 03 00 02 06 01 10 0F 0D 00 FF FF FF FF 00 00 0E 00 00 08 F6 F0 08 F4 F4 0D FF 00 0D 00 FF FF FF FF 00 00
/private/tmp/gr3-ship-analysis.CYee09/DATA_00120000.MDT,00120000,0x00740000,0x08562001,0x2000,1,0x00534D16,0x025E,0x00534D1A,4,between_messages,SCN_00120000_00740000_0056,SCN_00120000_00740000_0057,02 03 00 02,a68cb117ef9b333e890a38fc4dbc4d9307f85ebc13fc6a5854ec30c12c554a5b,e611d857b06b3ed4f7632fb5eec1b2ea23284782901ba3f8a342cd4a8b8563c9,02 03 00 02,02 03 00 02,02 03 00 02
/private/tmp/gr3-ship-analysis.CYee09/DATA_00120000.MDT,00120000,0x00740000,0x08562001,0x2000,1,0x00534D1A,0x0262,0x00534E91,375,between_messages,SCN_00120000_00740000_0056,SCN_00120000_00740000_0057,25 06 02 10 30 f8 45 0d 00 ff ff ff ff a0 00 28 00 32 0e 00 2a 00 9c c2 93 21 7d b6 95 88 c2 b4 08 b4 f0 c1 9c 82 8a 92 d1 e3 7e 44 0d ff 00 0d 00 ff ff ff ff d0 00 3c 00 81 0e 00 82 00 7d 79 46 08 af f0 a0 f0 b4 9c 82 e0 f1 7b 94 b0 95 92 46 07 0e 00 82 00 86 a0 b0 b0 8b b5 21 c9 f3 b4 99 80 9f 7a 08 aa f0 9d b4 b0 f3 be 9f 7a 46 43 08 9b 79 9c 95 94 b0 79 c2 93 60 f6 74 43 0d ff 00 0d 00 ff ff ff ff b0 00 50 00 32 0e 00 28 00 93 77 8b b9 79 a8 43 08 7d b6 95 88 c2 a0 b4 f0 93 95 98 08 b4 79 8c 83 89 f1 95 98 82 bd 88 43 08 90 79 21 ef f2 84 f2 9d 99 b4 21 9c 43 0d ff 00 0d 00 ff ff ff ff b0 00 28 00 81 0e 00 82 00 90 79 93 95 92 bb 08 9b c2 9c 9d 77 77 93 bf 79 ba 46 0d ff 00 02 03 00 05 25 06 03 10 30 2b 46 0d 00 ff ff ff ff d0 00 28 00 81 0e 00 82 00 94 80 8a b9 79 08 32 f0 3a f0 e8 c5 9d 46 21 b0 f3 bc 98 7a ba 46 0d ff 00 02 02 05 00 05 00 00 50 e1 0f 00 05 00 06 00 00 82 e1 0f 00 10 30 a6 47 03 00 02 25 06 01 10 30 a9 46 0d 00 ff ff ff ff a0 00 3c 00 81 0e 00 82 00 84 f2 a1 d3 f5 be 94 b0 79 8a 08 b4 f0 b4 9f 7a 8a 46 08 4d f4 26 f6 a1 86 86 99 27 f6 9f f4 7e 46 0d ff 00 0d 00 ff ff ff ff b0 00 28 00,54b7e0480df22d79aca60ed652cced7a996fea9af3cc59707c82201d18118dab,f68b6a9abac4f1eb1a18d760a55a1b553e0fb73569a7127587ee602fabae4ab7,25 06 02 10 30 f8 45 0d,ff ff ff ff b0 00 28 00,06 02 10 F8 0D 00 FF FF FF FF 00 00 0E 00 00 08 F0 0D FF 00 0D 00 FF FF FF FF 00 00 0E 00 00 08 F0 F0 F1 07 0E 00 00 F3 08 F0 F3 08 F6 0D FF 00 0D 00 FF FF FF FF 00 00 0E 00 00 08 F0 08 F1 08 F2 F2 0D FF 00 0D 00 FF FF FF FF 00 00 0E 00 00 08 0D FF 00 02 03 00 05 06 03 10 0D 00 FF FF FF FF 00 00 0E 00 00 08 F0 F0 F3 0D FF 00 02 02 05 00 05 00 00 0F 00 05 00 06 00 00 0F 00 10 03 00 02 06 01 10 0D 00 FF FF FF FF 00 00 0E 00 00 F2 F5 08 F0 08 F4 F6 F6 F4 0D FF 00 0D 00 FF FF FF FF 00 00
/private/tmp/gr3-ship-analysis.CYee09/DATA_00120000.MDT,00120000,0x00740000,0x08562001,0x2000,1,0x00534EB0,0x03F8,0x00534EB4,4,between_messages,SCN_00120000_00740000_0057,SCN_00120000_00740000_0058,02 03 00 02,a68cb117ef9b333e890a38fc4dbc4d9307f85ebc13fc6a5854ec30c12c554a5b,e611d857b06b3ed4f7632fb5eec1b2ea23284782901ba3f8a342cd4a8b8563c9,02 03 00 02,02 03 00 02,02 03 00 02
/private/tmp/gr3-ship-analysis.CYee09/DATA_00120000.MDT,00120000,0x00740000,0x08562001,0x2000,1,0x00534EB4,0x03FC,0x00534F42,142,between_messages,SCN_00120000_00740000_0057,SCN_00120000_00740000_0058,25 06 02 10 30 5d 47 0d 00 ff ff ff ff b0 00 50 00 81 0e 00 82 00 7d 79 21 75 bc 7f 9a ba 08 96 f2 7b 98 82 be 98 09 08 84 9b ba 46 21 4d f4 26 f6 a1 08 c8 f0 7e bb 64 f1 be 92 82 9f 7a a0 88 07 0e 00 82 00 86 86 99 34 f5 95 98 bc b5 08 e0 f1 7b 94 b0 95 92 60 f6 a0 b4 f0 7f 08 a4 b9 95 86 bc 08 47 f2 be 4a f2 82 7e b4 ec f1 be 9f 7a 46 07 0e 00 82 00 90 c2 9c bb f0 7f 8c c2 a0 88 46 0d ff 00 0d 00 ff ff ff ff e0 00 28 00,8ba2763a57ef175619f1ed6ce8769dd903d6cd31f938af00de63f99827691961,0577c3ff9508b9d0f6ddacdca14a0a84e75babc4d02d80bf795e1bc56000cc64,25 06 02 10 30 5d 47 0d,ff ff ff ff e0 00 28 00,06 02 10 0D 00 FF FF FF FF 00 00 0E 00 00 08 F2 09 08 F4 F6 08 F0 F1 07 0E 00 00 F5 08 F1 F6 F0 08 08 F2 F2 F1 07 0E 00 00 F0 0D FF 00 0D 00 FF FF FF FF 00 00
/private/tmp/gr3-ship-analysis.CYee09/DATA_00120000.MDT,00120000,0x00740000,0x08562001,0x2000,1,0x00534F64,0x04AC,0x00534F68,4,between_messages,SCN_00120000_00740000_0058,SCN_00120000_00740000_0059,02 03 00 05,9deff806d73e1081c5d45efde598b626af96717844d94757fb0a2860c1782c2e,e611d857b06b3ed4f7632fb5eec1b2ea23284782901ba3f8a342cd4a8b8563c9,02 03 00 05,02 03 00 05,02 03 00 05
/private/tmp/gr3-ship-analysis.CYee09/DATA_00120000.MDT,00120000,0x00740000,0x08562001,0x2000,1,0x00534F68,0x04B0,0x0053501A,178,between_messages,SCN_00120000_00740000_0058,SCN_00120000_00740000_0059,25 06 03 10 30 a5 47 0d 00 ff ff ff ff b0 00 50 00 81 0e 00 82 00 d6 f4 9d 49 f3 77 c1 21 9c c2 98 08 21 f0 cd 9d 8a 98 92 84 9b 9c 74 46 08 4d f4 26 f6 83 bb 77 a1 08 49 f3 7e 84 98 b1 95 7e 46 0d ff 00 02 02 05 00 05 00 00 82 e1 0f 00 05 00 06 00 00 9a e2 0f 00 10 30 a0 48 03 00 02 25 06 01 10 30 49 48 0d 00 ff ff ff ff e0 00 50 00 81 0e 00 82 00 26 f6 7f ef f2 84 92 46 08 47 f2 be d6 f4 9d b4 21 7d 49 f3 77 8a 98 b1 92 46 08 84 9b 21 60 f6 a0 b4 f0 a1 08 23 f6 95 98 84 f1 b6 8a 9f 7a 46 0d ff 00 0d 00 ff ff ff ff c0 00 3c 00,d3a69a34d4cbaf66f127fa1ad7a82edbf632f01be75a86512a882a6b33c1dd5a,e26fec01cb83fb0dbe971323079c1a336fd4735b1561df938a40d2b063cbdaa0,25 06 03 10 30 a5 47 0d,ff ff ff ff c0 00 3c 00,06 03 10 0D 00 FF FF FF FF 00 00 0E 00 00 F4 F3 08 F0 08 F4 F6 08 F3 0D FF 00 02 02 05 00 05 00 00 0F 00 05 00 06 00 00 0F 00 10 03 00 02 06 01 10 0D 00 FF FF FF FF 00 00 0E 00 00 F6 F2 08 F2 F4 F3 08 F6 F0 08 F6 F1 0D FF 00 0D 00 FF FF FF FF 00 00
/private/tmp/gr3-ship-analysis.CYee09/DATA_00120000.MDT,00120000,0x00740000,0x08562001,0x2000,1,0x00535050,0x0598,0x005352D0,640,resource_tail,SCN_00120000_00740000_0059,,02 03 00 05 25 06 02 10 30 9f 48 0d 00 ff ff ff ff e0 00 50 00 81 0e 00 82 00 bb f0 7b f0 cd f0 73 f0 8a 92 9a 86 bf 99 08 e0 f1 7b 92 b4 f0 7f 23 f6 bd c0 84 8b b5 9c 8a 46 08 6d f5 97 f5 b1 f0 9c c2 7e 9d 08 42 f1 82 bb f0 7b f0 8b b5 9f 7a ba 46 0d ff 00 02 02 05 00 05 00 00 9a e2 0f 00 05 00 06 00 00 da 37 20 00 10 30 c6 4a 03 00 02 25 06 01 10 30 51 49 0d 00 ff ff ff ff 90 00 3c 00 81 0e 00 82 00 75 bc b5 8a f3 46 f1 b4 f0 7e 44 08 77 77 b4 f0 8b b5 9f 7a 7e 08 9b 86 b0 99 42 f1 82 c2 93 44 0d ff 00 0d 00 ff ff ff ff a0 00 3c 00 32 0e 00 27 00 62 f0 9f f2 a0 92 f3 21 32 f0 3a f0 e8 c5 93 08 b0 21 60 f6 a0 b4 f0 9c bb 08 53 84 f2 95 98 9a 86 93 9c 43 0d ff 00 0d 00 ff ff ff ff c0 00 28 00 81 0e 00 82 00 32 f0 3a f0 e8 c5 7e 46 08 77 77 ba 9c 74 21 b4 f0 95 98 a0 a1 46 0d ff 00 02 03 00 02 25 06 02 10 30 6e 4a 0d 00 ff ff ff ff e0 00 50 00 81 0e 00 82 00 60 f6 b4 b8 f1 95 98 92 c2 93 8f 21 b4 f0 46 08 61 f0 88 9c c9 f3 b4 f0 93 84 9b 21 4d f0 8b f6 9d 08 9b c2 9c 45 f4 cf f2 b4 bc f2 bc 74 f3 7b 98 80 92 09 08 a0 9d 46 21 4e f2 77 77 f8 9d a0 b0 be 98 46 43 0d ff 00 0d 00 ff ff ff ff 50 00 14 00 32 0e 00 2b 00 4e f2 77 77 f8 46 42 0d ff 00 0d 00 ff ff ff ff e0 00 50 00 81 0e 00 82 00 31 f2 c1 f2 21 c8 f0 a0 a7 f0 9d 08 d2 40 f0 47 e4 9a 91 f0 be 98 ba 08 b4 f0 c1 21 a2 f2 77 9a f0 b1 b6 7f 95 92 c2 93 41 08 81 f2 8b bb be 95 7e ba 21 9c 74 42 0d ff 00 0d 00 ff ff ff ff b0 00 14 00 32 0e 00 2b 00 46 46 a2 f2 77 9a f0 c2 93 21 7e 46 46 0d ff 00 0d 00 ff ff ff ff a0 00 50 00 81 0e 00 82 00 75 c2 92 b4 bb f0 c1 96 84 bf ba 08 60 f6 b1 92 77 9d 08 6e f3 77 99 41 f1 85 bb be bd 9a a1 08 e3 f2 bb 9f 7a 7e bb 9c 46 0d ff 00 02 03 00 05 25 06 03 10 30 c5 4a 0d 00 ff ff ff ff d0 00 50 00 81 0e 00 82 00 9c c2 98 7d 93 b6 7e 9c 21 54 f5 98 f9 93 08 c8 df b1 92 77 93 8f 46 09 08 20 f0 20 f0 46 21 80 95 9a c8 df 9c c2 93 08 4e f2 77 77 f8 44 21 80 f3 7e a0 ca f2 62 f3 77 88 46 0d ff 00 02 02 02 00,f22e0e7cf83744fa66637bcae77bf1924124ec3342793523052f1b8ee1659fa3,a6a99fa7481f95c34213c1c6e37915abcc872721883dc935912c13d7296c26e5,02 03 00 05 25 06 02 10,46 0d ff 00 02 02 02 00,02 03 00 05 06 02 10 0D 00 FF FF FF FF 00 00 0E 00 00 F0 F0 F0 F0 08 F1 F0 F6 08 F5 F5 F0 08 F1 F0 F0 0D FF 00 02 02 05 00 05 00 00 0F 00 05 00 06 00 00 00 10 03 00 02 06 01 10 0D 00 FF FF FF FF 00 00 0E 00 00 F3 F1 F0 08 F0 08 F1 0D FF 00 0D 00 FF FF FF FF 00 00 0E 00 00 F0 F2 F3 F0 F0 08 F6 F0 08 F2 0D FF 00 0D 00 FF FF FF FF 00 00 0E 00 00 F0 F0 08 F0 0D FF 00 02 03 00 02 06 02 10 0D 00 FF FF FF FF 00 00 0E 00 00 F6 F1 F0 08 F0 F3 F0 F0 F6 08 F4 F2 F2 F3 09 08 F2 F8 0D FF 00 0D 00 FF FF FF FF 00 14 00 0E 00 00 F2 F8 0D FF 00 0D 00 FF FF FF FF 00 00 0E 00 00 F2 F2 F0 F0 08 F0 F0 08 F0 F2 F0 08 F2 0D FF 00 0D 00 FF FF FF FF 00 14 00 0E 00 00 F2 F0 0D FF 00 0D 00 FF FF FF FF 00 00 0E 00 00 F0 08 F6 08 F3 F1 08 F2 0D FF 00 02 03 00 05 06 03 10 0D 00 FF FF FF FF 00 00 0E 00 00 F5 F9 08 09 08 F0 F0 08 F2 F8 F3 F2 F3 0D FF 00 02 02 02 00
/private/tmp/gr3-ship-analysis.CYee09/DATA_00120000.MDT,00120000,0x00740000,0x09592005,0x2000,5,0x005352D4,0x0004,0x00535300,44,pre_message,,SCN_00120000_00740000_0060,06 01 05 00 05 00 00 16 df 0f 00 05 00 06 00 00 a6 e0 0f 00 10 30 ab 4c 03 00 02 26 06 01 10 30 6a 4b 0d 00 ff ff ff ff c0 00 28 00,1c1a32d9e4ef7062a7192320ad8843a067a40ae9436ef0f7c1f9626a69cdf18f,7b10d159b15a6e6bb84026cce1aa7d312a0b2794b8e5676f5dab6501409e641e,06 01 05 00 05 00 00 16,ff ff ff ff c0 00 28 00,06 01 05 00 05 00 00 16 0F 00 05 00 06 00 00 0F 00 10 03 00 02 06 01 10 0D 00 FF FF FF FF 00 00
/private/tmp/gr3-ship-analysis.CYee09/DATA_00120000.MDT,00120000,0x00740000,0x09592005,0x2000,5,0x00535322,0x0052,0x00535326,4,between_messages,SCN_00120000_00740000_0060,SCN_00120000_00740000_0061,0d 00 ff ff,676b67168b7387cb93621f2701c61c4cfc71c63afe457ec4d1e0c17daeacec1e,e5114bd47b3c5e979a88876ee7f086231103ef978d6d3692d31f6a6879314dfb,0d 00 ff ff,0d 00 ff ff,0D 00 FF FF
/private/tmp/gr3-ship-analysis.CYee09/DATA_00120000.MDT,00120000,0x00740000,0x09592005,0x2000,5,0x00535326,0x0056,0x00535386,96,between_messages,SCN_00120000_00740000_0060,SCN_00120000_00740000_0061,ff ff b0 00 50 00 81 0e 00 83 00 a1 f0 98 a0 2e f3 bc 88 07 0e 00 83 00 75 c2 92 bb 21 5f f4 81 f1 e5 f2 bb be 98 08 82 b6 8a 77 a0 a1 7b f0 7e bd 7f 9f 08 8a f0 bc 89 f1 90 79 9c c2 98 08 a1 f1 c0 9f 7a 86 95 92 46 0d ff 00 02 03 00 02 26 06 02 10 30 61 4c 0d 00 ff ff ff ff e0 00 50 00,784d3e85e5bc52c20ff8ae2ad4b1c842e04ab6cb648178c306d2afe28e80a653,fdcb8a307beb49e8c4a1464a0e04cfe13bcf481c6daa34d45a281cfd2de96873,ff ff b0 00 50 00 81 0e,ff ff ff ff e0 00 50 00,FF FF 00 00 0E 00 00 F0 F3 07 0E 00 00 F4 F1 F2 08 F0 08 F0 F1 08 F1 0D FF 00 02 03 00 02 06 02 10 0D 00 FF FF FF FF 00 00
/private/tmp/gr3-ship-analysis.CYee09/DATA_00120000.MDT,00120000,0x00740000,0x09592005,0x2000,5,0x005353BB,0x00EB,0x005353BF,4,between_messages,SCN_00120000_00740000_0061,SCN_00120000_00740000_0062,0d 00 ff ff,676b67168b7387cb93621f2701c61c4cfc71c63afe457ec4d1e0c17daeacec1e,e5114bd47b3c5e979a88876ee7f086231103ef978d6d3692d31f6a6879314dfb,0d 00 ff ff,0d 00 ff ff,0D 00 FF FF
/private/tmp/gr3-ship-analysis.CYee09/DATA_00120000.MDT,00120000,0x00740000,0x09592005,0x2000,5,0x005353BF,0x00EF,0x005353F3,52,between_messages,SCN_00120000_00740000_0061,SCN_00120000_00740000_0062,ff ff e0 00 28 00 81 0e 00 83 00 aa f0 74 f1 6b f2 be 99 80 f0 bd ba 79 9c eb f2 97 f2 8b b5 08 9f 7a 95 98 da f0 93 0d ff 00 0d 00 ff ff ff ff c0 00 3c 00,17b12aec981989e587fd902e920bdfe7ffd61e6ac53365588eb67c7b759f88d6,f9115a0149e5b46c5330e79672b54b25464579ba31a68731001f5c7d411cabbe,ff ff e0 00 28 00 81 0e,ff ff ff ff c0 00 3c 00,FF FF 00 00 0E 00 00 F0 F1 F2 F0 F2 F2 08 F0 0D FF 00 0D 00 FF FF FF FF 00 00
/private/tmp/gr3-ship-analysis.CYee09/DATA_00120000.MDT,00120000,0x00740000,0x09592005,0x2000,5,0x0053541F,0x014F,0x00535423,4,between_messages,SCN_00120000_00740000_0062,SCN_00120000_00740000_0063,0d 00 ff ff,676b67168b7387cb93621f2701c61c4cfc71c63afe457ec4d1e0c17daeacec1e,e5114bd47b3c5e979a88876ee7f086231103ef978d6d3692d31f6a6879314dfb,0d 00 ff ff,0d 00 ff ff,0D 00 FF FF
/private/tmp/gr3-ship-analysis.CYee09/DATA_00120000.MDT,00120000,0x00740000,0x09592005,0x2000,5,0x00535423,0x0153,0x00535768,837,between_messages,SCN_00120000_00740000_0062,SCN_00120000_00740000_0063,ff ff d0 00 50 00 81 0e 00 83 00 a1 e4 43 21 9b 79 7e 9c 43 08 d5 21 f0 3a f0 d8 32 f0 9d 21 ca d7 c1 08 e5 f2 bb be bd 2f f0 ed d3 8b b5 74 21 bd f3 9d 08 b2 8a bc 8a f0 bb be bd a0 7f cc e3 88 46 0d ff 00 02 03 00 05 26 06 03 10 30 aa 4c 0d 00 ff ff ff ff d0 00 3c 00 81 0e 00 83 00 8a f0 bb be 92 a8 c2 a1 21 8a f0 bc 89 f1 8c 46 08 90 79 a1 f1 77 94 f2 b3 92 bb 08 35 f0 e5 3b f0 a0 a1 f1 79 e5 2d f0 9c c2 93 46 0d ff 00 02 02 05 00 05 00 00 a6 e0 0f 00 05 00 06 00 00 50 e1 0f 00 10 30 dd 4e 03 00 02 26 06 01 10 30 58 4d 0d 00 ff ff ff ff c0 00 50 00 81 0e 00 83 00 a1 f0 98 92 8f 08 d7 f0 ab f1 a0 e3 f0 a1 e5 f2 b2 08 ac f4 c1 f5 9d b5 c1 f5 84 bd 46 08 27 f1 94 92 b4 c2 93 9c 21 c4 3f f0 3a f0 df 0d ff 00 0d 00 ff ff ff ff e0 00 50 00 32 0e 00 2a 00 60 f2 7f f1 9f 7a 46 09 0e 00 29 00 08 84 9b 21 ef f2 84 f2 a0 ac f4 c1 f5 99 08 80 95 94 bc d3 da 32 f0 96 84 98 b6 bd 46 08 c8 f0 a0 61 f2 93 21 c8 df a1 2e f4 c0 9f 7a 88 43 0d ff 00 02 03 00 02 26 06 02 10 30 8e 4e 0d 00 ff ff ff ff d0 00 50 00 81 0e 00 83 00 46 b0 93 7b f0 7e bb 9f 7a a0 7e 44 08 35 f0 e5 3b f0 a0 35 f1 99 ac f4 c1 f5 8a 92 95 98 08 6c f0 8d c1 f5 84 bd 46 08 90 79 77 79 a7 79 9d 88 f0 84 f1 98 c2 a0 88 0d ff 00 0d 00 ff ff ff ff e0 00 50 00 32 0e 00 29 00 97 f5 e7 f0 a0 c1 f5 84 a1 08 97 f5 e7 f0 99 8a f0 bc 89 f1 8c 08 90 be 7f db da 95 98 b4 c2 93 43 09 0e 00 2a 00 08 75 c2 92 a0 3b f4 83 8e 93 8f 21 da c6 88 c2 0d ff 00 0d 00 ff ff ff ff a0 00 50 00 81 0e 00 83 00 8b b5 75 21 4d f4 84 f2 7e bb 08 7d be a0 3b f4 83 8e a1 86 79 93 08 4e 95 f3 a2 9c 77 e1 d5 7f 08 21 e5 2d f0 9d 20 f0 2f f0 bd 4f 46 0d ff 00 0d 00 ff ff ff ff a0 00 50 00 32 0e 00 28 00 95 f3 a2 9c 77 a0 a1 08 75 77 96 bb a0 5c f0 88 43 08 ef f2 84 f2 9d 9c be a2 08 60 f6 7f a9 f1 ef f2 8a 98 b6 bd 8f 43 0d ff 00 0d 00 ff ff ff ff b0 00 14 00 81 0e 00 83 00 2e f4 95 98 bf 21 23 f0 39 f0 e4 59 f1 7f 46 0d ff 00 02 03 00 05 26 06 03 10 30 dc 4e 0d 00 ff ff ff ff e0 00 50 00 81 0e 00 83 00 ac f4 c1 f5 73 f4 9d a1 08 d7 c6 d5 3f f0 93 84 8b b5 08 3b f1 7b 9f 7a 67 f0 7f 75 bd 46 08 4d f4 7f 90 a0 67 f0 9c c2 93 8f 21 c4 3f f0 3a f0 df 0d ff 00 02 02 05 00 05 00 00 50 e1 0f 00 05 00 06 00 00 82 e1 0f 00 10 30 f4 4e 02 05 00 05 00 00 82 e1 0f 00 05 00 06 00 00 9a e2 0f 00 10 30 a6 51 03 00 02 26 06 01 10 30 88 4f 0d 00 ff ff ff ff a0 00 50 00 81 0e 00 83 00 75 c2 92 bb 21 86 c2 9c 28 f3 99 08 2a f6 83 f0 95 98 98 77 77 a0 7e 44 08 c4 3f f0 3a f0 df a0 62 f0 ac f4 c1 f5 7f 08 94 f2 b0 95 94 b0 79 91 0d ff 00 0d 00 ff ff ff ff b0 00 3c 00,7c1b83c82144c32896444b45142aedfe7788defcfcd5ae029a8ec152523076ac,cb307862011c838166433c909094aeb8067b55f0313c4239eaca14435f3ed191,ff ff d0 00 50 00 81 0e,ff ff ff ff b0 00 3c 00,FF FF 00 00 0E 00 00 08 F0 F0 F0 08 F2 F0 F3 08 F0 0D FF 00 02 03 00 05 06 03 10 0D 00 FF FF FF FF 00 00 0E 00 00 F0 F0 F1 08 F1 F2 08 F0 F0 F1 F0 0D FF 00 02 02 05 00 05 00 00 0F 00 05 00 06 00 00 0F 00 10 03 00 02 06 01 10 0D 00 FF FF FF FF 00 00 0E 00 00 F0 08 F0 F1 F0 F2 08 F4 F5 F5 08 F1 F0 F0 0D FF 00 0D 00 FF FF FF FF 00 00 0E 00 00 F2 F1 09 0E 00 00 08 F2 F2 F4 F5 08 F0 08 F0 F2 F4 0D FF 00 02 03 00 02 06 02 10 0D 00 FF FF FF FF 00 00 0E 00 00 F0 08 F0 F0 F1 F4 F5 08 F0 F5 08 F0 F1 0D FF 00 0D 00 FF FF FF FF 00 00 0E 00 00 F5 F0 F5 08 F5 F0 F0 F1 08 09 0E 00 00 08 F4 0D FF 00 0D 00 FF FF FF FF 00 00 0E 00 00 F4 F2 08 F4 08 F3 08 F0 F0 F0 0D FF 00 0D 00 FF FF FF FF 00 00 0E 00 00 F3 08 F0 08 F2 F2 08 F6 F1 F2 0D FF 00 0D 00 FF FF FF FF 00 14 00 0E 00 00 F4 F0 F0 F1 0D FF 00 02 03 00 05 06 03 10 0D 00 FF FF FF FF 00 00 0E 00 00 F4 F5 F4 08 F0 08 F1 F0 08 F4 F0 F0 F0 0D FF 00 02 02 05 00 05 00 00 0F 00 05 00 06 00 00 0F 00 10 F4 02 05 00 05 00 00 0F 00 05 00 06 00 00 0F 00 10 03 00 02 06 01 10 0D 00 FF FF FF FF 00 00 0E 00 00 F3 08 F6 F0 08 F0 F0 F0 F4 F5 08 F2 0D FF 00 0D 00 FF FF FF FF 00 00
/private/tmp/gr3-ship-analysis.CYee09/DATA_00120000.MDT,00120000,0x00740000,0x09592005,0x2000,5,0x0053578F,0x04BF,0x00535793,4,between_messages,SCN_00120000_00740000_0063,SCN_00120000_00740000_0064,02 03 00 02,a68cb117ef9b333e890a38fc4dbc4d9307f85ebc13fc6a5854ec30c12c554a5b,e611d857b06b3ed4f7632fb5eec1b2ea23284782901ba3f8a342cd4a8b8563c9,02 03 00 02,02 03 00 02,02 03 00 02
/private/tmp/gr3-ship-analysis.CYee09/DATA_00120000.MDT,00120000,0x00740000,0x09592005,0x2000,5,0x00535793,0x04C3,0x005357E6,83,between_messages,SCN_00120000_00740000_0063,SCN_00120000_00740000_0064,26 06 02 10 30 68 50 0d 00 ff ff ff ff a0 00 50 00 81 0e 00 83 00 7d be a1 21 42 f1 7e 9f 7a ba 46 08 6d f5 b1 f0 9d 80 f0 95 92 bb 54 f1 e5 f1 08 b0 92 a4 f2 ba f8 9d 08 20 f0 2f f0 3c f0 9a f0 c2 8b b0 79 46 0d ff 00 0d 00 ff ff ff ff b0 00 3c 00,f1a38758b27347aecef71e3a14950e999f1176e015cc0ecdfd8d0e3ddf35159e,8c24fc2268c6ee5baafb988da8b4b35b45c73ea2c1370ac23a7bba7e5f5581ca,26 06 02 10 30 68 50 0d,ff ff ff ff b0 00 3c 00,06 02 10 0D 00 FF FF FF FF 00 00 0E 00 00 F1 08 F5 F0 F0 F1 F1 08 F2 F8 08 F0 F0 F0 F0 0D FF 00 0D 00 FF FF FF FF 00 00
/private/tmp/gr3-ship-analysis.CYee09/DATA_00120000.MDT,00120000,0x00740000,0x09592005,0x2000,5,0x00535808,0x0538,0x0053580C,4,between_messages,SCN_00120000_00740000_0064,SCN_00120000_00740000_0065,0d 00 ff ff,676b67168b7387cb93621f2701c61c4cfc71c63afe457ec4d1e0c17daeacec1e,e5114bd47b3c5e979a88876ee7f086231103ef978d6d3692d31f6a6879314dfb,0d 00 ff ff,0d 00 ff ff,0D 00 FF FF
/private/tmp/gr3-ship-analysis.CYee09/DATA_00120000.MDT,00120000,0x00740000,0x09592005,0x2000,5,0x0053580C,0x053C,0x005358C2,182,between_messages,SCN_00120000_00740000_0064,SCN_00120000_00740000_0065,ff ff d0 00 3c 00 81 0e 00 83 00 20 f0 e4 43 21 60 f6 74 08 e3 38 f0 c8 e3 3a f0 c4 3a f0 d5 c8 a0 22 f2 9d 08 a2 f2 77 b4 f2 8e bb be 92 21 c4 2c f0 c8 88 9f 07 0e 00 83 00 ee f5 dc f2 9d 9c 95 98 08 62 f0 da f0 9c ad f4 83 f0 77 f0 78 f0 b0 99 08 85 f4 9d 80 f0 be 95 94 b0 95 98 ba 46 0d ff 00 02 03 00 02 26 06 03 10 30 45 51 0d 00 ff ff ff ff a0 00 50 00 81 0e 00 83 00 9b f1 98 c1 84 f4 95 98 08 b6 95 9a 21 7b f0 7e 95 92 ba 46 09 08 d7 c6 d5 3f f0 8b b5 75 08 35 f0 e5 3b f0 9d b5 ac f4 98 9f 7a 43 0d ff 00 0d 00 ff ff ff ff e0 00 50 00,b076fbb8a7ac53a932b622a1dfebc8c9b058e76316232271c7f7161d94e0fccf,b81994586811036b81a65f58e975cc5db3ad158688120f26ace524093b67614b,ff ff d0 00 3c 00 81 0e,ff ff ff ff e0 00 50 00,FF FF 00 00 0E 00 00 F0 F6 08 F0 F0 F0 F2 08 F2 F2 F0 07 0E 00 00 F5 F2 08 F0 F0 F4 F0 F0 F0 08 F4 F0 0D FF 00 02 03 00 02 06 03 10 0D 00 FF FF FF FF 00 00 0E 00 00 F1 F4 08 F0 09 08 F0 08 F0 F0 F4 0D FF 00 0D 00 FF FF FF FF 00 00
/private/tmp/gr3-ship-analysis.CYee09/DATA_00120000.MDT,00120000,0x00740000,0x09592005,0x2000,5,0x005358FF,0x062F,0x00535903,4,between_messages,SCN_00120000_00740000_0065,SCN_00120000_00740000_0066,0d 00 ff ff,676b67168b7387cb93621f2701c61c4cfc71c63afe457ec4d1e0c17daeacec1e,e5114bd47b3c5e979a88876ee7f086231103ef978d6d3692d31f6a6879314dfb,0d 00 ff ff,0d 00 ff ff,0D 00 FF FF
/private/tmp/gr3-ship-analysis.CYee09/DATA_00120000.MDT,00120000,0x00740000,0x09592005,0x2000,5,0x00535903,0x0633,0x00535A98,405,between_messages,SCN_00120000_00740000_0065,SCN_00120000_00740000_0066,ff ff e0 00 50 00 81 0e 00 83 00 20 f0 e4 43 21 9b 79 93 7e 46 09 08 75 77 96 7f 8a f0 bc 89 f1 8a 92 77 a0 a1 08 cd ee 8b b5 9f 7a 21 28 f0 3b f0 c6 ea 93 08 c1 f5 84 7f 94 f3 6f f2 99 b4 b6 bd 93 bf 79 88 46 0d ff 00 02 03 00 05 26 06 04 10 30 a5 51 0d 00 ff ff ff ff e0 00 50 00 81 0e 00 83 00 ac f4 c1 f5 73 f4 9d a1 21 d7 c6 d5 3f f0 93 84 8b b5 08 3b f1 7b 9f 7a 67 f0 7f 75 bd 46 08 a1 f0 98 bf 21 c4 3f f0 3a f0 df 7f c1 f5 84 92 bb 46 09 08 60 f6 7f 4b f1 c1 96 84 98 b6 bd 21 86 86 99 9c 0d ff 00 02 02 05 00 05 00 00 9a e2 0f 00 05 00 06 00 00 da 37 20 00 10 30 df 53 03 00 02 26 06 01 10 30 38 52 0d 00 ff ff ff ff d0 00 50 00 81 0e 00 83 00 d5 f3 77 92 8f 43 21 24 f0 c4 3a f0 cd a0 b6 96 08 44 f3 45 f3 92 f1 77 98 41 f1 85 98 95 92 91 43 08 7d b3 7a 21 9b c2 9c 7d f0 c1 08 74 f0 95 92 c2 93 42 0d ff 00 0d 00 ff ff ff ff d0 00 28 00 32 0e 00 29 00 60 f6 a1 9b f1 98 c1 6d f5 84 98 21 ac f4 95 92 46 08 92 93 90 be 93 84 88 0d ff 00 02 03 00 02 26 06 02 10 30 92 53 0d 00 ff ff ff ff d0 00 50 00 81 0e 00 83 00 a1 95 43 21 9b 79 8e 08 c6 cd d7 2f f0 9d 21 c6 cd d7 2f f0 99 08 dd f2 86 79 c1 52 f5 95 92 c2 93 bf 79 7f 46 08 a7 f0 7d f0 82 b6 95 92 b4 c2 93 43 0d ff 00 0d 00 ff ff ff ff b0 00 3c 00,5ac101863d123f3f7459af327ec2ca144eed33fa603a63439a1909cade6d333e,58e85a34b120642c4f6c1d1e9579ad1609b35165b6c6809c2ddb1ceb8f5ff857,ff ff e0 00 50 00 81 0e,ff ff ff ff b0 00 3c 00,FF FF 00 00 0E 00 00 F0 09 08 F0 F1 08 F0 F0 08 F5 F3 F2 0D FF 00 02 03 00 05 06 04 10 0D 00 FF FF FF FF 00 00 0E 00 00 F4 F5 F4 F0 08 F1 F0 08 F0 F0 F0 F5 09 08 F6 F1 0D FF 00 02 02 05 00 05 00 00 0F 00 05 00 06 00 00 00 10 03 00 02 06 01 10 0D 00 FF FF FF FF 00 00 0E 00 00 F3 F0 F0 08 F3 F3 F1 F1 08 F0 08 F0 0D FF 00 0D 00 FF FF FF FF 00 00 0E 00 00 F6 F1 F5 F4 08 0D FF 00 02 03 00 02 06 02 10 0D 00 FF FF FF FF 00 00 0E 00 00 08 F0 F0 08 F2 F5 08 F0 F0 0D FF 00 0D 00 FF FF FF FF 00 00
/private/tmp/gr3-ship-analysis.CYee09/DATA_00120000.MDT,00120000,0x00740000,0x09592005,0x2000,5,0x00535AC2,0x07F2,0x00535AC6,4,between_messages,SCN_00120000_00740000_0066,SCN_00120000_00740000_0067,0d 00 ff ff,676b67168b7387cb93621f2701c61c4cfc71c63afe457ec4d1e0c17daeacec1e,e5114bd47b3c5e979a88876ee7f086231103ef978d6d3692d31f6a6879314dfb,0d 00 ff ff,0d 00 ff ff,0D 00 FF FF
/private/tmp/gr3-ship-analysis.CYee09/DATA_00120000.MDT,00120000,0x00740000,0x09592005,0x2000,5,0x00535AC6,0x07F6,0x00535F60,1178,between_messages,SCN_00120000_00740000_0066,SCN_00120000_00740000_0067,ff ff d0 00 50 00 32 0e 00 29 00 24 f0 c4 3a f0 cd 7f 21 c6 cd d7 2f f0 99 08 92 f1 80 a7 f0 85 92 e3 f0 a1 9b f1 3b f2 89 f1 9c f5 93 46 09 0e 00 27 00 08 da c6 88 c2 21 75 c2 92 a0 08 8a f0 bb be 92 e3 f0 95 98 80 f3 93 44 0d ff 00 0d 00 ff ff ff ff e0 00 50 00 81 0e 00 83 00 7d be a1 21 8a f0 bc 89 f1 8a 98 82 be 9c c2 98 08 82 f2 c2 99 9f 7a 46 08 23 f0 39 f0 e4 59 f1 a0 bd f4 84 9d 08 8c 7f bd bb f0 a1 9f 7a 9c 43 0d ff 00 0d 00 ff ff ff ff a0 00 28 00 32 0e 00 28 00 20 f0 20 f0 e4 43 08 5b f1 2f f4 c3 f0 9c da c6 88 c2 93 43 0d ff 00 0d 00 ff ff ff ff 90 00 14 00 81 0e 00 83 00 90 be 7f 8a f0 bc c5 f7 99 9c 43 0d ff 00 02 03 00 05 26 06 03 10 30 de 53 0d 00 ff ff ff ff d0 00 50 00 81 0e 00 83 00 9a b4 75 be 21 4d f0 d6 f2 a1 08 51 f6 c1 2e f4 95 98 7d 86 79 7e 46 08 9c c2 9a 77 95 98 b4 08 a1 f2 c1 a1 f0 8d 9d 8c c2 93 7e bb 9c 46 43 0d ff 00 02 02 05 00 05 00 00 da 37 20 00 05 00 06 00 00 76 86 30 00 10 30 19 56 03 00 02 26 06 01 10 30 61 54 0d 00 ff ff ff ff e0 00 50 00 81 0e 00 83 00 6d f5 b1 f0 9d 80 f0 95 92 bb ba 08 ba 79 86 90 21 77 bb 95 8a b5 77 b0 8e 46 08 46 93 95 98 ba 43 08 9c c2 93 7e 21 9a f7 59 f1 2f f3 84 8a 94 b0 79 9c 0d ff 00 0d 00 ff ff ff ff a0 00 14 00 42 0e 00 2f 00 9c c2 7e 21 b0 8d 77 a0 7e 44 0d ff 00 02 03 00 02 26 06 02 10 30 bf 55 0d 00 ff ff ff ff e0 00 50 00 81 0e 00 83 00 6d f5 b1 f0 95 98 a0 a1 21 26 f2 d5 f0 ac f4 c1 f5 a0 eb f2 97 f2 08 96 b0 bc 94 f4 ab f2 b1 f0 ba 46 08 e6 f5 84 f2 21 e6 f5 84 f2 08 e0 f0 95 92 52 f5 95 92 95 98 7a eb f2 97 f2 88 9f 0d ff 00 0d 00 ff ff ff ff e0 00 14 00 42 0e 00 31 00 90 bc b5 21 8d 77 a8 c2 de f4 a0 64 f0 93 bf 43 0d ff 00 0d 00 ff ff ff ff e0 00 50 00 81 0e 00 83 00 7d be 9d 9a 95 94 b5 08 62 f4 84 f2 a0 88 f0 84 f1 da f0 ba 08 75 a0 4c f4 9c bb 21 24 f0 c4 3a f0 cd 87 9a 80 99 08 27 f0 47 92 be bd 6b f2 dc f2 a1 77 9c 7e 95 92 9f 0d ff 00 0d 00 ff ff ff ff d0 00 50 00 42 0e 00 34 00 9c c2 99 93 ba 44 08 c8 f5 77 92 64 f0 8b b5 08 24 f0 c4 3a f0 cd 95 98 a0 a1 08 c6 cd d7 2f f0 27 f6 5b f6 bb 8a 77 8b b5 c2 7e 0d ff 00 0d 00 ff ff ff ff e0 00 50 00 81 0e 00 83 00 de f4 a1 21 c6 cd d7 2f f0 c1 a1 f0 2f f3 82 a0 b4 08 ac f4 c1 f5 73 f4 a0 6e f0 69 f0 93 95 92 a0 88 46 08 4d f4 8b b5 21 98 b3 7a a0 6e f0 69 f0 a0 90 f0 88 c1 08 27 f0 47 92 be bd 67 f0 79 f1 9d 9c 95 94 b0 95 92 0d ff 00 02 03 00 05 26 06 03 10 30 18 56 0d 00 ff ff ff ff e0 00 50 00 81 0e 00 83 00 75 c2 9c 21 b8 bd c2 93 99 f2 bb f0 a0 6d f5 b1 f0 a1 08 6d f5 b1 f0 8b b5 9f 7a ba 08 8f f1 87 bf 47 f2 42 f1 bc a0 08 aa f0 74 f1 dd f2 84 3e f0 da 34 f0 47 95 98 35 f0 e5 7e 46 0d ff 00 02 02 05 00 05 00 00 76 86 30 00 05 00 06 00 00 4a 01 41 00 10 30 d6 57 03 00 02 26 06 01 10 30 b0 56 0d 00 ff ff ff ff e0 00 50 00 81 0e 00 83 00 62 f0 77 f8 92 f1 80 b6 21 b3 f3 2b f3 a1 8d be a0 41 f6 46 08 9c a0 9d 21 c4 3f f0 3a f0 df a0 35 f0 e5 08 c9 f5 bb f0 99 b4 f0 88 f0 8a b6 7f bd 08 8a 7e b4 21 aa f4 82 f6 b0 99 6b f2 be 98 ba 0d ff 00 0d 00 ff ff ff ff e0 00 14 00 12 0e 00 14 00 90 be 95 98 46 21 30 f0 3b f0 3a f0 e2 88 c2 46 44 0d ff 00 02 03 00 02 26 06 02 10 30 81 57 0d 00 ff ff ff ff e0 00 50 00 81 0e 00 83 00 30 f0 3b f0 3a f0 e2 46 21 94 f3 7e 90 c2 9c 2b f1 c0 f0 93 08 c4 3f f0 3a f0 df a0 aa f4 82 f6 a1 46 08 45 f4 be 92 c8 f0 9d bc f2 bc 88 f0 90 79 95 98 a0 9d 08 8d 77 a8 c2 96 f3 8a 90 79 93 95 92 8f 07 0e 00 83 00 84 9b 21 8e 95 7e 82 b0 f3 95 98 84 f1 92 a0 9d 08 c4 3f f0 3a f0 df a0 35 f0 e5 08 97 f5 e7 f0 9d b5 a1 f0 dd f2 80 b4 8a 9f 7a 08 aa f4 82 f6 a0 8e 77 93 9c 21 75 bc b5 75 0d ff 00 0d 00 ff ff ff ff a0 00 50 00,a64419d1242b5f34b335035f0b750228999ccece73b2a5127457d312fc23127d,a0528f186e345d95f9a7b02a04b0ba2f7556431a69cff1774c70fcb8261398e1,ff ff d0 00 50 00 32 0e,ff ff ff ff a0 00 50 00,FF FF 00 00 0E 00 00 F0 F0 F0 08 F1 F0 F0 F1 F2 F1 F5 09 0E 00 00 08 08 F0 F0 F3 0D FF 00 0D 00 FF FF FF FF 00 00 0E 00 00 F0 F1 08 F2 08 F0 F0 F1 F4 08 F0 0D FF 00 0D 00 FF FF FF FF 00 00 0E 00 00 F0 F0 08 F1 F4 F0 0D FF 00 0D 00 FF FF FF FF 00 14 00 0E 00 00 F0 F7 0D FF 00 02 03 00 05 06 03 10 0D 00 FF FF FF FF 00 00 0E 00 00 F0 F2 08 F6 F4 08 08 F2 F0 0D FF 00 02 02 05 00 05 00 00 00 05 00 06 00 00 00 10 19 03 00 02 06 01 10 0D 00 FF FF FF FF 00 00 0E 00 00 F5 F0 F0 08 08 08 F7 F1 F3 0D FF 00 0D 00 FF FF FF FF 00 14 00 0E 00 00 0D FF 00 02 03 00 02 06 02 10 0D 00 FF FF FF FF 00 00 0E 00 00 F5 F0 F2 F0 F4 F5 F2 F2 08 F4 F2 F0 08 F5 F2 F5 F2 08 F0 F5 F2 F2 0D FF 00 0D 00 FF FF FF FF 00 14 00 0E 00 00 F4 F0 0D FF 00 0D 00 FF FF FF FF 00 00 0E 00 00 08 F4 F2 F0 F1 F0 08 F4 F0 F0 08 F0 F2 F2 0D FF 00 0D 00 FF FF FF FF 00 00 0E 00 00 08 F5 F0 08 F0 F0 08 F0 F6 F6 0D FF 00 0D 00 FF FF FF FF 00 00 0E 00 00 F4 F0 F0 F3 08 F4 F5 F4 F0 F0 08 F4 F0 F0 F0 08 F0 F0 F1 0D FF 00 02 03 00 05 06 03 10 18 0D 00 FF FF FF FF 00 00 0E 00 00 F2 F0 F5 F0 08 F5 F0 08 F1 F2 F1 08 F0 F1 F2 F0 F0 F0 0D FF 00 02 02 05 00 05 00 00 00 05 00 06 00 00 01 00 10 03 00 02 06 01 10 0D 00 FF FF FF FF 00 00 0E 00 00 F0 F8 F1 F3 F3 F6 08 F0 F0 F0 08 F5 F0 F0 F0 08 F4 F6 F2 0D FF 00 0D 00 FF FF FF FF 00 14 00 12 0E 00 14 00 F0 F0 F0 0D FF 00 02 03 00 02 06 02 10 0D 00 FF FF FF FF 00 00 0E 00 00 F0 F0 F0 F3 F1 F0 08 F0 F0 F4 F6 08 F4 F0 F2 F0 08 F3 07 0E 00 00 F3 F1 08 F0 F0 F0 08 F5 F0 F0 F2 08 F4 F6 0D FF 00 0D 00 FF FF FF FF 00 00
/private/tmp/gr3-ship-analysis.CYee09/DATA_00120000.MDT,00120000,0x00740000,0x09592005,0x2000,5,0x00535F88,0x0CB8,0x005361D8,592,resource_tail,SCN_00120000_00740000_0067,,02 03 00 05 26 06 03 10 30 d5 57 0d 00 ff ff ff ff c0 00 50 00 81 0e 00 83 00 86 79 c8 f0 7f 45 f4 be 98 94 b5 08 c9 f3 73 f4 a1 6c f4 da f0 9d 9c bb 9f 7a 46 08 3e f0 da 34 f0 47 97 f5 e7 f0 99 b4 8a 9c 7f bb 08 bb f0 a3 f0 9d 34 f5 96 7e 46 0d ff 00 02 02 05 00 05 00 00 4a 01 41 00 10 30 c8 59 03 00 02 26 06 01 10 30 7d 58 0d 00 ff ff ff ff a0 00 28 00 81 0e 00 83 00 ba 79 21 9d 47 94 b5 c2 08 86 86 a0 6d f5 b1 f0 21 3d f4 80 7e 44 0d ff 00 0d 00 ff ff ff ff a0 00 28 00 42 0e 00 2f 00 cc c6 3b f0 a1 21 75 c2 b0 bc 46 08 7d 95 94 b5 c2 a1 44 0d ff 00 0d 00 ff ff ff ff e0 00 50 00 81 0e 00 83 00 86 95 94 b4 88 08 d2 f3 5b f0 9c 82 9c 95 94 b0 95 92 ba 08 75 c2 9c a0 21 60 f6 7f 80 f0 be 9a f0 b2 ba 79 9c 08 6d f5 b1 f0 8b b5 9f 7a b6 46 0d ff 00 02 03 00 02 26 06 02 10 30 6f 59 0d 00 ff ff ff ff e0 00 50 00 81 0e 00 83 00 93 be 99 b4 21 52 45 53 5f f0 b6 bc b5 75 08 86 8b c2 b0 bc cd f6 85 98 08 ec d5 ec d5 b0 f3 95 98 82 46 08 6c f7 82 8f f2 8a 77 e8 cf 3e f0 47 db 93 21 d3 e4 0d ff 00 0d 00 ff ff ff ff c0 00 50 00 42 0e 00 36 00 75 21 90 be 21 7b f0 7e bd 8f 43 08 99 f2 49 f1 c2 99 92 95 98 88 08 dc f1 2d f1 21 27 f1 94 9c 77 c2 9c bb 08 c3 f0 60 f2 9a 70 f0 c0 bb 9f 7a b4 c2 9c 43 0d ff 00 0d 00 ff ff ff ff e0 00 50 00 81 0e 00 83 00 90 79 46 21 c0 f5 80 eb f1 99 22 f0 d9 34 f0 22 f0 d9 34 f0 08 b6 95 98 92 95 98 21 a1 f2 a1 2b f5 7f 9f 7a 46 08 cd e5 cc c1 bb f2 95 98 21 41 f6 a0 c8 f0 9d 08 bc f2 bc 88 f0 8c a0 7f 97 f5 e7 f0 95 98 b4 c2 93 43 0d ff 00 02 03 00 05 26 06 03 10 30 c7 59 0d 00 ff ff ff ff d0 00 50 00 81 0e 00 83 00 86 86 99 a0 39 f1 da f0 a1 21 b4 79 8c c2 93 08 b4 95 9a a1 f2 c1 c6 f2 82 88 8e bd 6d f5 b1 f0 c1 08 d8 f0 88 9c 82 94 b5 9c 43 08 29 f0 e4 21 c8 f0 7f c8 f2 c2 99 bb 74 46 43 0d ff 00 02 02 02 00 00 00 00 00 00 00,4da1e2f73485fc56f31a894d05a77aa04ea5f9473ad2190d118f0d8650fb52d4,ec6681ac850c73606bd7c06b236e3e1071bcab50e8ee8dd3e7e17188a92e54e2,02 03 00 05 26 06 03 10,02 00 00 00 00 00 00 00,02 03 00 05 06 03 10 0D 00 FF FF FF FF 00 00 0E 00 00 F0 F4 08 F3 F4 F4 F0 08 F0 F0 F5 F0 08 F0 F0 F5 0D FF 00 02 02 05 00 05 00 00 01 00 10 03 00 02 06 01 10 0D 00 FF FF FF FF 00 00 0E 00 00 08 F5 F0 F4 0D FF 00 0D 00 FF FF FF FF 00 00 0E 00 00 F0 08 0D FF 00 0D 00 FF FF FF FF 00 00 0E 00 00 08 F3 F0 08 F6 F0 F0 08 F5 F0 0D FF 00 02 03 00 02 06 02 10 0D 00 FF FF FF FF 00 00 0E 00 00 F0 08 F6 08 F3 08 F7 F2 F0 0D FF 00 0D 00 FF FF FF FF 00 00 0E 00 00 F0 08 F2 F1 08 F1 F1 F1 08 F0 F2 F0 0D FF 00 0D 00 FF FF FF FF 00 00 0E 00 00 F5 F1 F0 F0 F0 F0 08 F2 F5 08 F2 F6 F0 08 F2 F0 F5 F0 0D FF 00 02 03 00 05 06 03 10 0D 00 FF FF FF FF 00 00 0E 00 00 F1 F0 08 F2 F2 F5 F0 08 F0 08 F0 F0 F2 0D FF 00 02 02 02 00 00 00 00 00 00 00
/private/tmp/gr3-ship-analysis.CYee09/DATA_00120000.MDT,00120000,0x00740000,0x0B3A2007,0x2000,7,0x005361DC,0x0004,0x00536250,116,pre_message,,SCN_00120000_00740000_0068,06 01 05 00 05 00 00 da 37 20 00 05 00 06 00 00 ea a9 20 00 10 30 0f 5c 03 00 02 27 06 01 10 30 6c 5a 0d 00 ff ff ff ff e0 00 50 00 81 0e 00 84 00 77 b6 74 21 cd da ef 9d a1 68 f4 95 92 9f 43 08 bf f5 82 9c 95 98 08 87 f0 80 89 f1 8a 98 80 94 b5 95 92 ba 43 08 8c 87 77 53 f3 3d f4 8a 98 bd b4 c2 9c 74 46 43 0d ff 00 0d 00 ff ff ff ff 80 00 3c 00,98ef71e7d664372acde89bd28e5032c534b4b51daae7bd00dcbde81e29f25fb8,1dfe00169a54941dac9f89e7a7d48647215a645389d176c2c32b2613ed038a9a,06 01 05 00 05 00 00 da,ff ff ff ff 80 00 3c 00,06 01 05 00 05 00 00 00 05 00 06 00 00 00 10 0F 03 00 02 06 01 10 0D 00 FF FF FF FF 00 00 0E 00 00 F4 08 F5 08 F0 F1 08 F3 F4 0D FF 00 0D 00 FF FF FF FF 00 00
/private/tmp/gr3-ship-analysis.CYee09/DATA_00120000.MDT,00120000,0x00740000,0x0B3A2007,0x2000,7,0x00536273,0x009B,0x00536277,4,between_messages,SCN_00120000_00740000_0068,SCN_00120000_00740000_0069,02 03 00 02,a68cb117ef9b333e890a38fc4dbc4d9307f85ebc13fc6a5854ec30c12c554a5b,e611d857b06b3ed4f7632fb5eec1b2ea23284782901ba3f8a342cd4a8b8563c9,02 03 00 02,02 03 00 02,02 03 00 02
/private/tmp/gr3-ship-analysis.CYee09/DATA_00120000.MDT,00120000,0x00740000,0x0B3A2007,0x2000,7,0x00536277,0x009F,0x005362C7,80,between_messages,SCN_00120000_00740000_0068,SCN_00120000_00740000_0069,27 06 02 10 30 b5 5b 0d 00 ff ff ff ff d0 00 3c 00 81 0e 00 84 00 b7 f1 69 f1 99 58 f1 95 98 bd 21 75 a0 aa f4 43 08 7d be a0 ab f5 aa f4 9c bb 21 de e4 e1 c6 9d 08 75 c2 9c 53 f3 3d f4 8a 9c 77 9f 41 0d ff 00 0d 00 ff ff ff ff e0 00 50 00,cc6b101ef51b9999cb27677c30568c8ea2ff326c58749f7d02f322fa4c301448,129bafd67d8dace31d97f74bea16fd52511e2dd20b03b81b1d17edc93bbbb627,27 06 02 10 30 b5 5b 0d,ff ff ff ff e0 00 50 00,06 02 10 0D 00 FF FF FF FF 00 00 0E 00 00 F1 F1 F1 F4 08 F5 F4 08 F3 F4 0D FF 00 0D 00 FF FF FF FF 00 00
/private/tmp/gr3-ship-analysis.CYee09/DATA_00120000.MDT,00120000,0x00740000,0x0B3A2007,0x2000,7,0x00536308,0x0130,0x0053630C,4,between_messages,SCN_00120000_00740000_0069,SCN_00120000_00740000_0070,0d 00 ff ff,676b67168b7387cb93621f2701c61c4cfc71c63afe457ec4d1e0c17daeacec1e,e5114bd47b3c5e979a88876ee7f086231103ef978d6d3692d31f6a6879314dfb,0d 00 ff ff,0d 00 ff ff,0D 00 FF FF
/private/tmp/gr3-ship-analysis.CYee09/DATA_00120000.MDT,00120000,0x00740000,0x0B3A2007,0x2000,7,0x0053630C,0x0134,0x00536359,77,between_messages,SCN_00120000_00740000_0069,SCN_00120000_00740000_0070,ff ff e0 00 50 00 81 0e 00 84 00 24 f0 c4 3a f0 cd 44 08 81 f0 93 7e ec f1 bb 9c 77 84 9b 08 21 f0 ec 47 ba bc b4 55 f1 6b f1 95 98 86 9a a1 46 09 08 b4 95 21 b4 8a 7e 8a 98 21 20 f0 48 e2 46 0d ff 00 0d 00 ff ff ff ff 50 00 14 00,e14031e10ebe67a1aedb04e83cc0fc282700b77389e9928ba0765c0282ae4ccd,8dfd10fdcc325ee98337264a3a1ed5d4a88ac79b2c75c0380a75d2d7ec836ce9,ff ff e0 00 50 00 81 0e,ff ff ff ff 50 00 14 00,FF FF 00 00 0E 00 00 F0 F0 08 F0 F1 08 F0 F1 F1 09 08 F0 0D FF 00 0D 00 FF FF FF FF 00 14 00
/private/tmp/gr3-ship-analysis.CYee09/DATA_00120000.MDT,00120000,0x00740000,0x0B3A2007,0x2000,7,0x00536366,0x018E,0x0053636A,4,between_messages,SCN_00120000_00740000_0070,SCN_00120000_00740000_0071,0d 00 ff ff,676b67168b7387cb93621f2701c61c4cfc71c63afe457ec4d1e0c17daeacec1e,e5114bd47b3c5e979a88876ee7f086231103ef978d6d3692d31f6a6879314dfb,0d 00 ff ff,0d 00 ff ff,0D 00 FF FF
/private/tmp/gr3-ship-analysis.CYee09/DATA_00120000.MDT,00120000,0x00740000,0x0B3A2007,0x2000,7,0x0053636A,0x0192,0x00536397,45,between_messages,SCN_00120000_00740000_0070,SCN_00120000_00740000_0071,ff ff a0 00 28 00 42 0e 00 34 00 9b 79 8a 92 95 21 37 f0 c8 cf 42 08 93 77 8b b9 79 a8 7e 95 42 0d ff 00 0d 00 ff ff ff ff 90 00 3c 00,4c6a9187e918d5b1ce196cbd284b515541e812d4c072d8cfb9ec6db65a005a88,69efb35051351fa15f514109c48326f15ec6482de4c8d0f980bff22ff32de0e5,ff ff a0 00 28 00 42 0e,ff ff ff ff 90 00 3c 00,FF FF 00 00 0E 00 00 F0 08 0D FF 00 0D 00 FF FF FF FF 00 00
/private/tmp/gr3-ship-analysis.CYee09/DATA_00120000.MDT,00120000,0x00740000,0x0B3A2007,0x2000,7,0x005363BC,0x01E4,0x005363C0,4,between_messages,SCN_00120000_00740000_0071,SCN_00120000_00740000_0072,02 03 00 05,9deff806d73e1081c5d45efde598b626af96717844d94757fb0a2860c1782c2e,e611d857b06b3ed4f7632fb5eec1b2ea23284782901ba3f8a342cd4a8b8563c9,02 03 00 05,02 03 00 05,02 03 00 05
/private/tmp/gr3-ship-analysis.CYee09/DATA_00120000.MDT,00120000,0x00740000,0x0B3A2007,0x2000,7,0x005363C0,0x01E8,0x0053687A,1210,between_messages,SCN_00120000_00740000_0071,SCN_00120000_00740000_0072,27 06 03 10 30 0e 5c 0d 00 ff ff ff ff d0 00 50 00 81 0e 00 84 00 21 f0 ec 47 99 88 7b c3 f0 5b f0 9c a0 7e 46 08 88 8c 7f 21 30 f6 a5 d7 f0 a0 6b f5 4b f3 93 9c 43 08 ba 8a 21 7d be b4 7c f1 52 f5 bd 91 08 bd f2 48 2f f0 da 32 f0 d7 f0 ca f2 41 0d ff 00 02 02 05 00 05 00 00 ea a9 20 00 05 00 06 00 00 76 86 30 00 10 30 06 5e 03 00 02 27 06 01 10 30 b6 5c 0d 00 ff ff ff ff d0 00 50 00 81 0e 00 84 00 75 a0 21 f0 ec 47 ce 47 3d f0 08 dc f1 2d f1 21 7d be 9d bb f0 7f 75 bd 9f 43 08 86 c2 9c 86 9a 9c bb 21 ab f5 aa f4 9a 08 ce f5 be 9a 80 b5 ba 7e 95 92 21 20 f0 20 f0 43 0d ff 00 0d 00 ff ff ff ff c0 00 3c 00 52 0e 00 3e 00 90 c2 9c 34 f1 9a f5 9c 44 f6 2e f6 99 08 9d f1 c1 da f4 77 a3 f1 95 92 54 f6 d7 f0 82 f5 70 f1 7f 08 ce f5 be bd 9a a1 46 0d ff 00 02 03 00 02 27 06 02 10 30 a6 5d 0d 00 ff ff ff ff e0 00 50 00 81 0e 00 84 00 90 be 9c bb 21 ab f5 aa f4 9d 2e f4 95 98 82 be 43 08 ce f5 a0 61 f2 9d ad be 94 b0 95 92 c2 93 ba 43 08 7d be a1 21 2f f0 da 32 f0 4d f0 ad f6 99 08 38 f5 de f3 9c c2 93 95 98 88 43 0d ff 00 0d 00 ff ff ff ff 80 00 28 00 52 0e 00 41 00 90 be 99 21 c4 f5 77 8e 9d 08 75 9c 92 b0 99 7f 46 44 0d ff 00 0d 00 ff ff ff ff d0 00 50 00 81 0e 00 84 00 77 b6 21 90 a0 ab f5 aa f4 7f 88 08 30 f6 a5 a0 a4 9a 96 b4 6f f0 7b 98 80 92 bb 08 23 f6 95 98 b6 bd 46 08 9c c2 98 2e f4 79 7e bb 9f 7a 46 0d ff 00 0d 00 ff ff ff ff c0 00 28 00 42 0e 00 37 00 90 bc b5 c6 f3 5a f5 bc 95 98 c2 93 ba 43 08 90 a0 ab f5 aa f4 b4 21 26 f5 78 f1 93 ba 9c 43 0d ff 00 02 03 00 05 27 06 03 10 30 05 5e 0d 00 ff ff ff ff e0 00 50 00 81 0e 00 84 00 46 9d 8a 98 b4 21 21 f0 ec 47 94 b5 c2 98 a2 08 4e 34 f5 95 98 92 c0 46 4f 9a 7e 2e f4 95 98 88 08 c8 c5 3a f0 d1 c1 21 f0 e3 3a f0 9a 80 92 43 08 75 be 86 90 21 c0 f3 b3 98 92 26 f5 7d f0 93 ba 43 0d ff 00 02 02 05 00 05 00 00 76 86 30 00 05 00 06 00 00 4a 01 41 00 10 30 02 60 03 00 02 27 06 01 10 30 8d 5e 0d 00 ff ff ff ff 90 00 3c 00 42 0e 00 2f 00 7d 95 88 c2 08 9c 9d 21 a4 9a bc 99 08 ec 35 f0 ec 35 f0 8a 98 c2 93 44 0d ff 00 0d 00 ff ff ff ff e0 00 50 00 81 0e 00 84 00 96 77 9d 43 08 7d f0 7a 58 f3 95 94 b5 95 92 ba 43 08 b0 f7 bb 7e 82 95 98 08 61 f0 88 77 7d f0 93 95 92 9c 74 46 99 aa aa 46 0d ff 00 02 03 00 02 27 06 02 10 30 a1 5f 0d 00 ff ff ff ff d0 00 50 00 81 0e 00 84 00 62 f4 84 f2 b0 92 08 cd da ef 9d 42 f1 95 92 c2 93 ba 08 90 8a 92 bb 21 75 a0 21 f0 ec 47 94 b5 c2 08 7d be a0 7d f0 7a 8a f0 95 98 88 46 07 0e 00 84 00 7d be a0 7f f1 c1 21 26 f2 95 5a f5 83 9d a1 f0 98 08 4e 8d 95 9a 34 f5 95 98 92 a0 ba 08 21 79 be 8a 77 c0 4f 21 93 95 98 43 08 79 a1 47 47 95 43 0d ff 00 0d 00 ff ff ff ff c0 00 3c 00 42 0e 00 38 00 90 79 7e 46 08 ba 7e 95 92 9c 21 7d 95 88 c2 08 cd 33 f0 bb be 98 bd 93 84 93 84 9b 46 0d ff 00 0d 00 ff ff ff ff c0 00 3c 00 81 0e 00 84 00 75 a0 22 f3 ca f2 21 9d f1 c1 9c f3 8b 92 9f 43 08 86 86 b0 99 2c f0 3e f0 bb be 94 b5 75 08 b4 79 ea f2 4f f4 8c bd 8a 7e 9c 77 ba 43 0d ff 00 0d 00 ff ff ff ff b0 00 28 00 42 0e 00 38 00 3e f4 8e 9d 9c 43 08 ee f5 9c bb 21 e1 e2 93 7e bb ba 43 0d ff 00 02 03 00 05 27 06 03 10 30 01 60 0d 00 ff ff ff ff e0 00 50 00 81 0e 00 84 00 29 f0 e4 43 21 86 79 a1 f0 7b 98 b4 21 7d be 08 ec d9 3a f0 c9 f3 99 62 f0 b4 79 84 8a 98 9f 08 99 95 7e 77 aa f0 9a 21 c9 f3 b4 f0 7f 75 bd c2 93 08 75 be c1 28 f0 3e f0 de 3a f0 e9 8c bc b5 75 46 43 0d ff 00 02 02 05 00 05 00 00 4a 01 41 00 05 00 06 00 00 c6 02 41 00 10 30 d6 61 03 00 02 27 06 01 10 30 86 60 0d 00 ff ff ff ff e0 00 3c 00 81 0e 00 84 00 86 a0 45 f2 70 f0 c3 f0 97 f1 46 21 e3 34 f0 3a f0 db 93 43 08 ab f5 aa f4 9a 4d f0 8b f6 9d 41 f1 85 98 08 bf f1 8a 77 d7 f0 c1 f1 c1 94 f2 b3 bd c2 93 43 0d ff 00 0d 00 ff ff ff ff 80 00 14 00,737f8b7f110f1232518f07c75833033ceb23107104200d704028edea978671d1,f0642f40a81d9654287b075f4d1399154fa93c36173f5ccaee867e2bd77f7479,27 06 03 10 30 0e 5c 0d,ff ff ff ff 80 00 14 00,06 03 10 0E 0D 00 FF FF FF FF 00 00 0E 00 00 F0 F0 F0 08 F6 F0 F5 F3 08 F1 F5 08 F2 F0 F0 F0 F2 0D FF 00 02 02 05 00 05 00 00 00 05 00 06 00 00 00 10 06 03 00 02 06 01 10 0D 00 FF FF FF FF 00 00 0E 00 00 F0 F0 08 F1 F1 F0 08 F5 F4 08 F5 F0 F0 0D FF 00 0D 00 FF FF FF FF 00 00 0E 00 00 F1 F5 F6 F6 08 F1 F4 F1 F6 F0 F5 F1 08 F5 0D FF 00 02 03 00 02 06 02 10 0D 00 FF FF FF FF 00 00 0E 00 00 F5 F4 F4 08 F5 F2 08 F0 F0 F0 F6 08 F5 F3 0D FF 00 0D 00 FF FF FF FF 00 00 0E 00 00 F5 08 0D FF 00 0D 00 FF FF FF FF 00 00 0E 00 00 F5 F4 08 F6 F0 08 F6 08 F4 0D FF 00 0D 00 FF FF FF FF 00 00 0E 00 00 F3 F5 08 F5 F4 F5 F1 0D FF 00 02 03 00 05 06 03 10 05 0D 00 FF FF FF FF 00 00 0E 00 00 F0 08 F5 F4 08 F0 F0 F0 08 F3 F5 F0 0D FF 00 02 02 05 00 05 00 00 00 05 00 06 00 00 01 00 10 02 03 00 02 06 01 10 0D 00 FF FF FF FF 00 00 0E 00 00 08 08 F0 F0 0D FF 00 0D 00 FF FF FF FF 00 00 0E 00 00 08 F0 F3 08 F7 08 F0 F0 0D FF 00 02 03 00 02 06 02 10 0D 00 FF FF FF FF 00 00 0E 00 00 F4 F2 08 F1 08 F0 08 F0 F0 07 0E 00 00 F1 F2 F5 F0 08 F5 08 08 0D FF 00 0D 00 FF FF FF FF 00 00 0E 00 00 08 08 F0 0D FF 00 0D 00 FF FF FF FF 00 00 0E 00 00 F3 F2 F1 F3 08 F0 F0 08 F2 F4 0D FF 00 0D 00 FF FF FF FF 00 00 0E 00 00 F4 08 F5 0D FF 00 02 03 00 05 06 03 10 01 0D 00 FF FF FF FF 00 00 0E 00 00 F0 F0 08 F0 F3 F0 08 F0 F3 F0 08 F0 F0 F0 0D FF 00 02 02 05 00 05 00 00 01 00 05 00 06 00 00 02 00 10 03 00 02 06 01 10 0D 00 FF FF FF FF 00 00 0E 00 00 F2 F0 F0 F1 F0 F0 08 F5 F4 F0 F6 F1 08 F1 F0 F1 F2 0D FF 00 0D 00 FF FF FF FF 00 14 00
/private/tmp/gr3-ship-analysis.CYee09/DATA_00120000.MDT,00120000,0x00740000,0x0B3A2007,0x2000,7,0x0053688D,0x06B5,0x00536C28,923,resource_tail,SCN_00120000_00740000_0072,,02 03 00 02 27 06 02 10 30 7d 61 0d 00 ff ff ff ff e0 00 50 00 81 0e 00 84 00 cd da ef a0 21 21 f0 ec 47 94 b5 c2 93 ba 43 08 77 96 b4 6c f0 8d 08 4e 34 f5 95 98 92 c0 4f 21 95 98 08 2e f4 95 98 82 be bd c2 93 43 0d ff 00 0d 00 ff ff ff ff c0 00 50 00 42 0e 00 38 00 46 95 9a 9d 21 77 77 4a f1 8a 98 08 d5 3f f0 e4 9a b6 bb be 94 b0 95 98 46 08 9c 74 21 7d 95 88 c2 08 75 c2 92 21 77 82 96 93 ba 44 0d ff 00 0d 00 ff ff ff ff c0 00 50 00 81 0e 00 84 00 b2 95 46 43 09 21 9d f1 9d 4a f1 48 f9 9c c2 98 08 a8 f3 e4 f3 9c 77 93 bf 95 43 08 7d be a1 ab f5 aa f4 c1 9d f1 8a 98 bd c2 93 08 4d f4 a0 ab f5 aa f4 ba bc b4 9f 41 0d ff 00 0d 00 ff ff ff ff d0 00 14 00 42 0e 00 38 00 4a f1 48 f9 db f0 c0 f0 a0 24 f6 3b f5 93 95 96 47 a0 46 0d ff 00 02 03 00 05 27 06 03 10 30 d5 61 0d 00 ff ff ff ff e0 00 50 00 81 0e 00 84 00 59 f1 5a f1 9d a1 7b f0 7e bb 9c 77 88 46 08 7d be a1 2f f0 da 32 f0 4d f0 ad f6 9d c1 f1 80 98 80 98 08 4d f4 ba 79 b6 82 46 43 08 90 79 9a b4 21 86 be 7f 7a f2 a3 f4 93 95 41 0d ff 00 02 02 05 00 05 00 00 c6 02 41 00 10 30 1e 64 03 00 02 27 06 01 10 30 7f 62 0d 00 ff ff ff ff e0 00 50 00 81 0e 00 84 00 75 a0 aa f4 43 08 7f f1 a0 c0 f0 99 48 f3 a0 61 f2 9a e3 36 f0 47 c1 46 43 08 7d be a0 9d f1 c1 d5 d3 9d 8a b6 7f 95 98 08 af f1 8e c2 46 21 a1 f1 77 ec f1 bb 8e 98 b6 bd 41 0d ff 00 0d 00 ff ff ff ff c0 00 50 00 12 0e 00 12 00 90 c2 9c 46 43 09 0e 00 11 00 08 90 a0 d7 f0 a0 86 9a c1 21 9d f0 78 f1 9d 08 9d f1 8a 98 77 92 a0 9c bb 08 54 f1 e5 f1 b0 99 9d f1 8c ab 80 99 8c 95 43 0d ff 00 02 03 00 02 27 06 02 10 30 d5 63 0d 00 ff ff ff ff d0 00 50 00 81 0e 00 84 00 20 f0 e4 41 09 08 77 95 21 77 b0 08 45 f2 7e bb 31 f3 7f c8 f5 86 7b 92 91 08 54 f1 e5 f1 b0 99 ab f5 aa f4 c1 9d f1 8e 21 9a 46 43 0d ff 00 0d 00 ff ff ff ff a0 00 50 00 12 0e 00 11 00 90 79 99 8c 95 43 09 0e 00 0f 00 08 9d f1 a0 a5 f0 a1 21 5f f3 62 f0 99 8c 46 08 86 a0 eb f2 97 f2 c1 78 f2 79 a0 a1 08 9d f1 93 84 9c c2 99 8c 41 0d ff 00 0d 00 ff ff ff ff e0 00 50 00 81 0e 00 84 00 46 9d f1 46 44 09 08 90 79 7e 46 09 21 90 79 93 95 92 a0 7e 46 43 09 08 7d be 7f ca f2 62 f3 95 98 77 92 ba 43 08 75 bc 7f 9a 79 21 45 f2 a0 31 f3 43 0d ff 00 0d 00 ff ff ff ff b0 00 3c 00 12 0e 00 0f 00 75 bc 7f 9a 79 93 9c c2 98 46 08 c0 92 8a 21 78 f1 92 bc c0 f0 a0 da f0 c1 08 2e f4 95 92 93 84 99 8c 46 0d ff 00 0d 00 ff ff ff ff e0 00 50 00 81 0e 00 84 00 90 a0 78 f1 92 bc c0 f0 c1 b2 f0 be 98 92 c2 93 43 08 90 79 88 21 e1 f0 77 a0 a1 ab f5 aa f4 8b b5 9c 77 08 ab f5 aa f4 c1 92 a8 bb 7e 8a 92 21 75 a0 61 f2 7f 08 26 f2 a0 e1 f0 9c c2 93 41 0d ff 00 02 03 00 05 27 06 03 10 30 1d 64 0d 00 ff ff ff ff d0 00 50 00 81 0e 00 84 00 ba 79 8a 43 08 75 a0 61 f2 c1 6d f0 8a 98 08 7d be b4 ed f0 c2 99 b6 bd 41 08 61 f2 55 50 46 f7 21 7d be a1 9d f1 a0 e8 f8 93 41 0d ff 00 02 02 02 00,1cd5ead0707888e070975c8289ef2c9dc83e5fc74ff0fbf0275aacc6d084456a,64172d9ce770745bbd13250deee77689f93a6ca5c4040baaca1e548089fabe41,02 03 00 02 27 06 02 10,41 0d ff 00 02 02 02 00,02 03 00 02 06 02 10 0D 00 FF FF FF FF 00 00 0E 00 00 F0 08 F0 08 F5 08 F4 0D FF 00 0D 00 FF FF FF FF 00 00 0E 00 00 F1 08 F0 08 08 0D FF 00 0D 00 FF FF FF FF 00 00 0E 00 00 09 F1 F1 F9 08 F3 F3 08 F5 F4 F1 08 F4 F5 F4 0D FF 00 0D 00 FF FF FF FF 00 14 00 0E 00 00 F1 F9 F0 F0 F6 F5 0D FF 00 02 03 00 05 06 03 10 0D 00 FF FF FF FF 00 00 0E 00 00 F1 F1 F0 08 F0 F0 F0 F6 F1 08 F4 08 F2 F4 0D FF 00 02 02 05 00 05 00 00 02 00 10 1E 03 00 02 06 01 10 0D 00 FF FF FF FF 00 00 0E 00 00 F4 08 F1 F0 F3 F2 F0 08 F1 08 F1 F1 F1 0D FF 00 0D 00 FF FF FF FF 00 00 12 0E 00 12 00 09 0E 00 11 00 08 F0 F0 F1 08 F1 08 F1 F1 F1 0D FF 00 02 03 00 02 06 02 10 0D 00 FF FF FF FF 00 00 0E 00 00 F0 09 08 08 F2 F3 F5 08 F1 F1 F5 F4 F1 0D FF 00 0D 00 FF FF FF FF 00 00 12 0E 00 11 00 09 0E 00 0F 00 08 F1 F0 F3 F0 08 F2 F2 F2 08 F1 0D FF 00 0D 00 FF FF FF FF 00 00 0E 00 00 F1 09 08 09 09 08 F2 F3 08 F2 F3 0D FF 00 0D 00 FF FF FF FF 00 00 12 0E 00 0F 00 08 F1 F0 F0 08 F4 0D FF 00 0D 00 FF FF FF FF 00 00 0E 00 00 F1 F0 F0 08 F0 F5 F4 08 F5 F4 F2 08 F2 F0 0D FF 00 02 03 00 05 06 03 10 1D 0D 00 FF FF FF FF 00 00 0E 00 00 08 F2 F0 08 F0 08 F2 F7 F1 F8 0D FF 00 02 02 02 00
/private/tmp/gr3-ship-analysis.CYee09/DATA_00120000.MDT,00120000,0x00740000,0x0C843001,0x3000,1,0x00536C2C,0x0004,0x00536C77,75,pre_message,,SCN_00120000_00740000_0073,00 16 df 0f 00 05 00 06 00 00 a6 e0 0f 00 10 30 0c 65 03 00 02 0e 06 00 10 30 d6 64 0d 0a c0 00 40 01 80 00 28 00 12 0e 00 13 00 7b 95 21 37 f0 c8 cf 46 42 08 9b 86 aa 42 f1 82 a0 46 44 0d ff 00 0d 0a 90 00 40 01 e0 00 50 00,a01fbd4bf3df1aae21d44a7b3a9f6303cb7438c473b83f5bd16b61d24ee3479c,60092369d3ee8bc4ceeacf79f9721b7d940acc6d975145322fc6aec8ca7f763e,00 16 df 0f 00 05 00 06,90 00 40 01 e0 00 50 00,00 16 0F 00 05 00 06 00 00 0F 00 10 0C 03 00 02 0E 06 00 10 0D 0A 00 01 00 00 12 0E 00 13 00 F0 08 F1 0D FF 00 0D 0A 00 01 00 00
/private/tmp/gr3-ship-analysis.CYee09/DATA_00120000.MDT,00120000,0x00740000,0x0C843001,0x3000,1,0x00536CAF,0x0087,0x00536CB3,4,between_messages,SCN_00120000_00740000_0073,SCN_00120000_00740000_0074,0d 0a 90 00,173c3132f5c6d6d56d80f0f4ffc0ec750ff893b22825433052613c9a54d1af57,944c7c40fdbfbca4238aa6f1ac43e5caddf82390898bb6f0c12a61d39e5e817f,0d 0a 90 00,0d 0a 90 00,0D 0A 00
/private/tmp/gr3-ship-analysis.CYee09/DATA_00120000.MDT,00120000,0x00740000,0x0C843001,0x3000,1,0x00536CB3,0x008B,0x00536CB9,6,between_messages,SCN_00120000_00740000_0073,SCN_00120000_00740000_0074,40 01 e0 00 28 00,8cb9667b498569e535ee0b86ef8774d725844863a0a748b27d9cec1586af081a,3321b5048d7063f1aa39cf2929ca98dbe3c7a4aad1cf286ad055ea3c214af798,40 01 e0 00 28 00,40 01 e0 00 28 00,01 00 00
/private/tmp/gr3-ship-analysis.CYee09/DATA_00120000.MDT,00120000,0x00740000,0x0C843001,0x3000,1,0x00536CD7,0x00AF,0x00536CDB,4,between_messages,SCN_00120000_00740000_0074,SCN_00120000_00740000_0075,03 00 00 0e,2781f38f7ff96d301755ac20635ddd1e62ff17a140e19bf75a0eb70811c826fa,303982068c840afdee71661c07d312c71e46c800beeb6790473017cecbcb84dd,03 00 00 0e,03 00 00 0e,03 00 00 0E
/private/tmp/gr3-ship-analysis.CYee09/DATA_00120000.MDT,00120000,0x00740000,0x0C843001,0x3000,1,0x00536CDB,0x00B3,0x00536CF2,23,between_messages,SCN_00120000_00740000_0074,SCN_00120000_00740000_0075,06 01 02 03 00 05 0e 06 01 10 30 0b 65 0d 0a 98 00 40 01 d0 00 28 00,b52b2f8e390e7e953dab79a7b3a5ba9e33405136b4dc357a17f1703d4a2cdf09,4199271bd7f81a98c6eb2c6b416f666e2ed84fe3e148668b25cfae728e0cfde4,06 01 02 03 00 05 0e 06,98 00 40 01 d0 00 28 00,06 01 02 03 00 05 0E 06 01 10 0B 0D 0A 00 01 00 00
/private/tmp/gr3-ship-analysis.CYee09/DATA_00120000.MDT,00120000,0x00740000,0x0C843001,0x3000,1,0x00536D12,0x00EA,0x00536D16,4,between_messages,SCN_00120000_00740000_0075,SCN_00120000_00740000_0076,02 02 05 00,7e650f21648bd638fe9b8938ca5c46f368b85d6a97c6636bb35a6205dea45009,c8d03ad13895760ed8c2ee7cf945580da6a8b95bddc7fc9250a0e1914b9e6f97,02 02 05 00,02 02 05 00,02 02 05 00
/private/tmp/gr3-ship-analysis.CYee09/DATA_00120000.MDT,00120000,0x00740000,0x0C843001,0x3000,1,0x00536D16,0x00EE,0x00536D3E,40,between_messages,SCN_00120000_00740000_0075,SCN_00120000_00740000_0076,05 00 00 a6 e0 0f 00 05 00 06 00 00 50 e1 0f 00 10 30 4b 66 03 00 02 0e 06 00 10 30 f9 65 0d 0a b8 00 40 01 90 00 3c 00,4b9cc65828b0ba1d6d6e6ab00c76fecbc5d7720a6cfb1193f8d51ef1744c4794,c29e99674ecc839251ea269bb92c99261f2e5730cb46f3b75722d91d83025bdb,05 00 00 a6 e0 0f 00 05,b8 00 40 01 90 00 3c 00,05 00 00 0F 00 05 00 06 00 00 0F 00 10 03 00 02 0E 06 00 10 F9 0D 0A 00 01 00 00
/private/tmp/gr3-ship-analysis.CYee09/DATA_00120000.MDT,00120000,0x00740000,0x0C843001,0x3000,1,0x00536D64,0x013C,0x00536D68,4,between_messages,SCN_00120000_00740000_0076,SCN_00120000_00740000_0077,0d 0a a0 00,f6a09174ca310cce4046b7e5a464b5c26ad6b16227ff56dda7954c81eb70d1bb,944c7c40fdbfbca4238aa6f1ac43e5caddf82390898bb6f0c12a61d39e5e817f,0d 0a a0 00,0d 0a a0 00,0D 0A 00
/private/tmp/gr3-ship-analysis.CYee09/DATA_00120000.MDT,00120000,0x00740000,0x0C843001,0x3000,1,0x00536D68,0x0140,0x00536DB9,81,between_messages,SCN_00120000_00740000_0076,SCN_00120000_00740000_0077,40 01 c0 00 50 00 32 0e 00 2b 00 24 f0 c4 3a f0 cd a0 5b f1 a1 f1 b9 f5 80 f4 88 46 08 21 f0 d1 e3 9d c1 f5 84 98 08 75 77 96 9d 8e f4 e6 f1 8a 98 bd 6b f2 dc f2 c1 08 41 f1 7f 8a a1 8a 9c 77 95 98 9c 46 0d ff 00 0d 0a 98 00 40 01 d0 00 50 00,228638573026cdc4235c04058400d9d780d126ce8d1bb6fb6351be6ec6b78d93,889653c87dccf545f1ccc45ab1c60ae23c177ca4a767aaf770c9b91cbce139db,40 01 c0 00 50 00 32 0e,98 00 40 01 d0 00 50 00,01 00 00 0E 00 00 F0 F0 F1 F1 F5 F4 08 F0 F5 08 F4 F1 F2 F2 08 F1 0D FF 00 0D 0A 00 01 00 00
/private/tmp/gr3-ship-analysis.CYee09/DATA_00120000.MDT,00120000,0x00740000,0x0C843001,0x3000,1,0x00536DFA,0x01D2,0x00536DFE,4,between_messages,SCN_00120000_00740000_0077,SCN_00120000_00740000_0078,03 00 00 0e,2781f38f7ff96d301755ac20635ddd1e62ff17a140e19bf75a0eb70811c826fa,303982068c840afdee71661c07d312c71e46c800beeb6790473017cecbcb84dd,03 00 00 0e,03 00 00 0e,03 00 00 0E
/private/tmp/gr3-ship-analysis.CYee09/DATA_00120000.MDT,00120000,0x00740000,0x0C843001,0x3000,1,0x00536DFE,0x01D6,0x00536E73,117,between_messages,SCN_00120000_00740000_0077,SCN_00120000_00740000_0078,06 01 02 03 00 05 0e 06 01 10 30 4a 66 0d 0a 90 00 40 01 e0 00 50 00 32 0e 00 2a 00 b0 21 86 95 94 b4 21 22 f6 95 98 86 86 7e bb 08 88 f0 bd bb f0 a1 9f 7a 88 46 09 0e 00 2b 00 08 8a f0 bb be 92 b4 c2 c1 08 8a f0 bc 89 f1 8c b0 99 a1 9c 43 0d ff 00 02 02 05 00 05 00 00 50 e1 0f 00 05 00 06 00 00 82 e1 0f 00 10 30 9d 66 0d 0a 90 00 40 01 e0 00 3c 00,109fc527daa60544c3a4918913b0b3ee2f9ad83d53caa35b84691499a6e27ba4,debabe7db5e2357b55b01eb0919b81d1a1a7f9d8200e7704601c5768ca92cf61,06 01 02 03 00 05 0e 06,90 00 40 01 e0 00 3c 00,06 01 02 03 00 05 0E 06 01 10 0D 0A 00 01 00 00 0E 00 00 F6 08 F0 F0 09 0E 00 00 08 F0 08 F0 F1 0D FF 00 02 02 05 00 05 00 00 0F 00 05 00 06 00 00 0F 00 10 0D 0A 00 01 00 00
/private/tmp/gr3-ship-analysis.CYee09/DATA_00120000.MDT,00120000,0x00740000,0x0C843001,0x3000,1,0x00536EA4,0x027C,0x00536EA8,4,between_messages,SCN_00120000_00740000_0078,SCN_00120000_00740000_0079,02 05 00 05,5c07856df97a4593dbb20401100160b0eb6c030711242b484b0fadabb81224eb,e611d857b06b3ed4f7632fb5eec1b2ea23284782901ba3f8a342cd4a8b8563c9,02 05 00 05,02 05 00 05,02 05 00 05
/private/tmp/gr3-ship-analysis.CYee09/DATA_00120000.MDT,00120000,0x00740000,0x0C843001,0x3000,1,0x00536EA8,0x0280,0x00536EC5,29,between_messages,SCN_00120000_00740000_0078,SCN_00120000_00740000_0079,00 00 82 e1 0f 00 05 00 06 00 00 9a e2 0f 00 10 30 e8 66 0d 0a 98 00 40 01 d0 00 28 00,82c83c1c676d1056fc070a6e3007a10d9acbd9c44f89e06691cfa68ca1db2ae6,29c8b8bf06d90e75ce93a4e9a0bc15fcd3c3f7bb7a185931a61196951e46757c,00 00 82 e1 0f 00 05 00,98 00 40 01 d0 00 28 00,00 00 0F 00 05 00 06 00 00 0F 00 10 0D 0A 00 01 00 00
/private/tmp/gr3-ship-analysis.CYee09/DATA_00120000.MDT,00120000,0x00740000,0x0C843001,0x3000,1,0x00536EEF,0x02C7,0x00536EF8,9,resource_tail,SCN_00120000_00740000_0079,,02 02 00 00 00 00 00 00 00,51c2ad44dc8d1515e790dd23abc958553d8c72db5bf161344ecd463d8463c58f,1050de16205efc336806f0bce4a8be28544db36d2e0578edd415a9479d3dacad,02 02 00 00 00 00 00 00,02 00 00 00 00 00 00 00,02 02 00 00 00 00 00 00 00
/private/tmp/gr3-ship-analysis.CYee09/DATA_00120000.MDT,00120000,0x00740000,0x0CDE3000,0x3000,0,0x00536EFC,0x0004,0x00536F22,38,pre_message,,SCN_00120000_00740000_0080,00 b4 69 0f 00 05 00 06 00 00 a6 e0 0f 00 10 30 bd 67 03 00 02 0f 06 00 10 30 78 67 0d 0a 98 00 40 01 d0 00 14 00,b0acc8f7a922667f2264b0d750ea0947a2aed18b1a2104f7742e14d920cf2757,ebbb1ff25a3300093a50e63ad68542bb767399956ca55099f31ce2796858580b,00 b4 69 0f 00 05 00 06,98 00 40 01 d0 00 14 00,00 0F 00 05 00 06 00 00 0F 00 10 03 00 02 0F 06 00 10 0D 0A 00 01 00 14 00
/private/tmp/gr3-ship-analysis.CYee09/DATA_00120000.MDT,00120000,0x00740000,0x0CDE3000,0x3000,0,0x00536F3B,0x0043,0x00536F3F,4,between_messages,SCN_00120000_00740000_0080,SCN_00120000_00740000_0081,0d 0a 98 00,aa9e2c15bfb2f5e431c4d633b2dce28ebc433ff14c659d29b7303ba95a80b012,944c7c40fdbfbca4238aa6f1ac43e5caddf82390898bb6f0c12a61d39e5e817f,0d 0a 98 00,0d 0a 98 00,0D 0A 00
/private/tmp/gr3-ship-analysis.CYee09/DATA_00120000.MDT,00120000,0x00740000,0x0CDE3000,0x3000,0,0x00536F3F,0x0047,0x00536F45,6,between_messages,SCN_00120000_00740000_0080,SCN_00120000_00740000_0081,40 01 d0 00 50 00,fef00b935970be0e7f16f6931133858337000c21614dbffb2123d491dd55f057,3321b5048d7063f1aa39cf2929ca98dbe3c7a4aad1cf286ad055ea3c214af798,40 01 d0 00 50 00,40 01 d0 00 50 00,01 00 00
/private/tmp/gr3-ship-analysis.CYee09/DATA_00120000.MDT,00120000,0x00740000,0x0CDE3000,0x3000,0,0x00536F79,0x0081,0x00536F7D,4,between_messages,SCN_00120000_00740000_0081,SCN_00120000_00740000_0082,03 00 00 0f,f1a04a53890299c1f94faa52ded74c2bdc99cf0027c9e629c478d1b199af3736,303982068c840afdee71661c07d312c71e46c800beeb6790473017cecbcb84dd,03 00 00 0f,03 00 00 0f,03 00 00 0F
/private/tmp/gr3-ship-analysis.CYee09/DATA_00120000.MDT,00120000,0x00740000,0x0CDE3000,0x3000,0,0x00536F7D,0x0085,0x00536F94,23,between_messages,SCN_00120000_00740000_0081,SCN_00120000_00740000_0082,06 01 02 03 00 05 0f 06 01 10 30 bc 67 0d 0a 90 00 40 01 e0 00 50 00,06275596931bbdd335b8744691a9006554a1f4e04d7533dc32f69eebb7c5c78d,b2ba27940dd59161c051a435343950a37c193c65a460f0700cb4b237b417101f,06 01 02 03 00 05 0f 06,90 00 40 01 e0 00 50 00,06 01 02 03 00 05 0F 06 01 10 0D 0A 00 01 00 00
/private/tmp/gr3-ship-analysis.CYee09/DATA_00120000.MDT,00120000,0x00740000,0x0CDE3000,0x3000,0,0x00536FC3,0x00CB,0x00536FC7,4,between_messages,SCN_00120000_00740000_0082,SCN_00120000_00740000_0083,02 02 05 00,7e650f21648bd638fe9b8938ca5c46f368b85d6a97c6636bb35a6205dea45009,c8d03ad13895760ed8c2ee7cf945580da6a8b95bddc7fc9250a0e1914b9e6f97,02 02 05 00,02 02 05 00,02 02 05 00
/private/tmp/gr3-ship-analysis.CYee09/DATA_00120000.MDT,00120000,0x00740000,0x0CDE3000,0x3000,0,0x00536FC7,0x00CF,0x00536FE5,30,between_messages,SCN_00120000_00740000_0082,SCN_00120000_00740000_0083,05 00 00 a6 e0 0f 00 05 00 06 00 00 50 e1 0f 00 10 30 00 68 0d 0a 98 00 40 01 d0 00 28 00,2e9e70e2f124e59e5a916f50a74b982aaf14c18bc5b0c819dbc4136b1526c6d5,e9620ebbabd8aa463fd4deb305babd9a9dc28b378043e6268b56ecb993de1ab4,05 00 00 a6 e0 0f 00 05,98 00 40 01 d0 00 28 00,05 00 00 0F 00 05 00 06 00 00 0F 00 10 00 0D 0A 00 01 00 00
/private/tmp/gr3-ship-analysis.CYee09/DATA_00120000.MDT,00120000,0x00740000,0x0CDE3000,0x3000,0,0x00537007,0x010F,0x0053700B,4,between_messages,SCN_00120000_00740000_0083,SCN_00120000_00740000_0084,02 05 00 05,5c07856df97a4593dbb20401100160b0eb6c030711242b484b0fadabb81224eb,e611d857b06b3ed4f7632fb5eec1b2ea23284782901ba3f8a342cd4a8b8563c9,02 05 00 05,02 05 00 05,02 05 00 05
/private/tmp/gr3-ship-analysis.CYee09/DATA_00120000.MDT,00120000,0x00740000,0x0CDE3000,0x3000,0,0x0053700B,0x0113,0x00537028,29,between_messages,SCN_00120000_00740000_0083,SCN_00120000_00740000_0084,00 00 50 e1 0f 00 05 00 06 00 00 82 e1 0f 00 10 30 63 68 0d 0a 98 00 40 01 d0 00 50 00,59ae52d4a2d6c0cd784e35f3f305e4288a7a0d9a8a05435d5d05335b9a1ec2be,3b2bdb644b9463868ed984196dfc7b22b5f76cbe3247218acf64e8a35820c2c7,00 00 50 e1 0f 00 05 00,98 00 40 01 d0 00 50 00,00 00 0F 00 05 00 06 00 00 0F 00 10 0D 0A 00 01 00 00
/private/tmp/gr3-ship-analysis.CYee09/DATA_00120000.MDT,00120000,0x00740000,0x0CDE3000,0x3000,0,0x00537069,0x0171,0x0053706D,4,between_messages,SCN_00120000_00740000_0084,SCN_00120000_00740000_0085,02 02 05 00,7e650f21648bd638fe9b8938ca5c46f368b85d6a97c6636bb35a6205dea45009,c8d03ad13895760ed8c2ee7cf945580da6a8b95bddc7fc9250a0e1914b9e6f97,02 02 05 00,02 02 05 00,02 02 05 00
/private/tmp/gr3-ship-analysis.CYee09/DATA_00120000.MDT,00120000,0x00740000,0x0CDE3000,0x3000,0,0x0053706D,0x0175,0x0053708B,30,between_messages,SCN_00120000_00740000_0084,SCN_00120000_00740000_0085,05 00 00 82 e1 0f 00 05 00 06 00 00 9a e2 0f 00 10 30 a3 68 0d 0a a0 00 40 01 c0 00 28 00,10101d06e17544662c4c441ee4cb304715c6f5c9d6d4067911b9cd006a7da6c4,07dbacb162988e372a9257df725aea9d6a562a6c0ac2f0e74c9bce4f0d59ab43,05 00 00 82 e1 0f 00 05,a0 00 40 01 c0 00 28 00,05 00 00 0F 00 05 00 06 00 00 0F 00 10 0D 0A 00 01 00 00
/private/tmp/gr3-ship-analysis.CYee09/DATA_00120000.MDT,00120000,0x00740000,0x0CDE3000,0x3000,0,0x005370AA,0x01B2,0x005370AE,4,between_messages,SCN_00120000_00740000_0085,SCN_00120000_00740000_0086,02 05 00 05,5c07856df97a4593dbb20401100160b0eb6c030711242b484b0fadabb81224eb,e611d857b06b3ed4f7632fb5eec1b2ea23284782901ba3f8a342cd4a8b8563c9,02 05 00 05,02 05 00 05,02 05 00 05
/private/tmp/gr3-ship-analysis.CYee09/DATA_00120000.MDT,00120000,0x00740000,0x0CDE3000,0x3000,0,0x005370AE,0x01B6,0x005370D5,39,between_messages,SCN_00120000_00740000_0085,SCN_00120000_00740000_0086,00 00 9a e2 0f 00 05 00 06 00 00 ee 06 10 00 10 30 6d 69 03 00 02 0f 06 00 10 30 32 69 0d 0a 98 00 40 01 d0 00 3c 00,04b0580235425426b0da070b26e42f3e9fc5cf1bf0c2bff7e707732cbafeb2b5,ef9eef530ebecc67184fa41f7a65b9a9f848f5f28f7408f9982eae10e50cf88d,00 00 9a e2 0f 00 05 00,98 00 40 01 d0 00 3c 00,00 00 0F 00 05 00 06 00 00 06 10 00 10 03 00 02 0F 06 00 10 0D 0A 00 01 00 00
/private/tmp/gr3-ship-analysis.CYee09/DATA_00120000.MDT,00120000,0x00740000,0x0CDE3000,0x3000,0,0x00537101,0x0209,0x00537105,4,between_messages,SCN_00120000_00740000_0086,SCN_00120000_00740000_0087,0d 0a b0 00,665543a3099f28be84221d8e5e40260ddeaeaca206a9c828e40f0554bbd699e9,944c7c40fdbfbca4238aa6f1ac43e5caddf82390898bb6f0c12a61d39e5e817f,0d 0a b0 00,0d 0a b0 00,0D 0A 00
/private/tmp/gr3-ship-analysis.CYee09/DATA_00120000.MDT,00120000,0x00740000,0x0CDE3000,0x3000,0,0x00537105,0x020D,0x0053714E,73,between_messages,SCN_00120000_00740000_0086,SCN_00120000_00740000_0087,40 01 a0 00 3c 00 12 0e 00 10 00 79 c2 21 2c f0 3a f0 e9 9d 43 08 9c c2 93 7e b4 f0 b5 f0 08 96 f3 8a b1 93 9f 21 37 f0 c8 cf 43 0d ff 00 03 00 00 0f 06 01 02 03 00 05 0f 06 01 10 30 6c 69 0d 0a b0 00 40 01 a0 00 3c 00,60266e63e82483a10a3aacb78d1d4fbde54fe399fa5436c8a505a2f7864626c3,a443e09a31b7d15ddf32ab8a78b3bc2366ef92d1717ac1c02a9b0d5c900ea4ec,40 01 a0 00 3c 00 12 0e,b0 00 40 01 a0 00 3c 00,01 00 00 12 0E 00 10 00 F0 F0 08 F0 F0 08 F3 F0 0D FF 00 03 00 00 0F 06 01 02 03 00 05 0F 06 01 10 0D 0A 00 01 00 00
/private/tmp/gr3-ship-analysis.CYee09/DATA_00120000.MDT,00120000,0x00740000,0x0CDE3000,0x3000,0,0x00537173,0x027B,0x00537178,5,resource_tail,SCN_00120000_00740000_0087,,02 02 02 00 00,e6156ac5c525821e7cba6affda0463c194ed14c0e1c105fa548e1ce52beeba4b,cfd13fe5e226007dfa1421b1821879210f708593db5bf38f12fc3186a070d67d,02 02 02 00 00,02 02 02 00 00,02 02 02 00 00
/private/tmp/gr3-ship-analysis.CYee09/DATA_00120000.MDT,00120000,0x00740000,0x0D2E5001,0x5000,1,0x0053717C,0x0004,0x0053718E,18,pre_message,,SCN_00120000_00740000_0088,00 d8 e0 0f 00 13 ff 2d 0d 05 30 00 40 01 a0 00 14 00,4e9b1e418aa675ed369dfcd395754e3d5a3d0431a803eb5999ea30cbc39ba2be,995d7b4d3652a438bf35743c25f530c36a927ddad72fc452f746797ffc49f3b2,00 d8 e0 0f 00 13 ff 2d,30 00 40 01 a0 00 14 00,00 0F 00 13 FF 0D 05 00 01 00 14 00
/private/tmp/gr3-ship-analysis.CYee09/DATA_00120000.MDT,00120000,0x00740000,0x0D2E5001,0x5000,1,0x005371A6,0x002E,0x005371AA,4,between_messages,SCN_00120000_00740000_0088,SCN_00120000_00740000_0089,0d 06 30 01,2237e1a8ee13d253ca9a45af2716e4b1fe2b045155a1fee2b6e1629daf28eb3c,ead589a1aa92bee8aec99b26c021bea3d14c556bcc188077e1f1c6e2c85697e5,0d 06 30 01,0d 06 30 01,0D 06 01
/private/tmp/gr3-ship-analysis.CYee09/DATA_00120000.MDT,00120000,0x00740000,0x0D2E5001,0x5000,1,0x005371AA,0x0032,0x005371CE,36,between_messages,SCN_00120000_00740000_0088,SCN_00120000_00740000_0089,40 01 90 00 14 00 32 0e 00 27 00 7d 79 21 13 ff 0f b4 9a b4 9a a1 9c 0d ff 00 0d 06 00 01 40 01 c0 00 28 00,a843d3d5087e52bf91bd5df2e43755a4e006b1233a47bcc96a3b6dca1c0a1509,ce5790e76d4747ebe803f6bc19d95e6bd5a842ab26979b5ebaa247cb3862a766,40 01 90 00 14 00 32 0e,00 01 40 01 c0 00 28 00,01 00 14 00 0E 00 00 13 FF 0F 0D FF 00 0D 06 00 01 01 00 00
/private/tmp/gr3-ship-analysis.CYee09/DATA_00120000.MDT,00120000,0x00740000,0x0D2E5001,0x5000,1,0x005371F3,0x007B,0x005371F7,4,between_messages,SCN_00120000_00740000_0089,SCN_00120000_00740000_0090,0d 06 60 01,779279b0ff2584444178558bf71b7255358e246a5cf7f820521afe500118523e,ead589a1aa92bee8aec99b26c021bea3d14c556bcc188077e1f1c6e2c85697e5,0d 06 60 01,0d 06 60 01,0D 06 01
/private/tmp/gr3-ship-analysis.CYee09/DATA_00120000.MDT,00120000,0x00740000,0x0D2E5001,0x5000,1,0x005371F7,0x007F,0x005372D3,220,between_messages,SCN_00120000_00740000_0089,SCN_00120000_00740000_0090,40 01 60 00 14 00 32 0e 00 2d 00 13 ff 0f 41 21 21 21 21 21 0d ff 00 0d 06 e0 00 40 01 e0 00 3c 00 32 0e 00 2a 00 13 ff 0f b0 21 13 ff 0f b0 74 21 13 ff 0f 90 79 77 79 86 95 92 13 ff 1e 08 24 f0 c4 3a f0 cd 9a a0 ac f4 c1 f5 99 08 a8 f1 bc e6 f1 c1 9b f1 3b f2 a1 92 77 94 b0 95 98 9c 0d ff 00 0d 05 30 00 40 01 90 00 28 00 12 0e 00 0e 00 13 ff 0f 75 a0 13 ff 0f 21 9b 79 8a 98 08 b4 f0 9d d1 d7 3c f0 7f 46 46 44 0d ff 00 0d 06 f0 00 40 01 d0 00 3c 00 32 0e 00 27 00 24 f0 c4 3a f0 cd 7f 6c f4 eb f4 c2 93 a0 88 13 ff 1e 08 87 d9 f0 57 f6 9c 86 95 92 21 13 ff 0f 86 94 9a bb 08 41 f1 85 b4 7e 82 be b4 8a 9f 7a a0 9d ba 0d ff 00 0d 06 f0 00 40 01 d0 00 14 00,34794c875413069ef14185c64d07ec460c6e36f6a83f9668a63bf40073c44cf0,6f4caa46fc491b5802022736793bcb86cd7529e16d5d3c1061a8dd5cfa268e60,40 01 60 00 14 00 32 0e,f0 00 40 01 d0 00 14 00,01 00 14 00 0E 00 00 13 FF 0F 0D FF 00 0D 06 00 01 00 00 0E 00 00 13 FF 0F 13 FF 0F 13 FF 0F 13 FF 1E 08 F0 F0 F4 F5 08 F1 F1 F1 F2 0D FF 00 0D 05 00 01 00 00 12 0E 00 0E 00 13 FF 0F 13 FF 0F 08 F0 F0 0D FF 00 0D 06 F0 00 01 00 00 0E 00 00 F0 F0 F4 F4 13 FF 1E 08 F0 F6 13 FF 0F 08 F1 0D FF 00 0D 06 F0 00 01 00 14 00
/private/tmp/gr3-ship-analysis.CYee09/DATA_00120000.MDT,00120000,0x00740000,0x0D2E5001,0x5000,1,0x005372EF,0x0177,0x00537300,17,resource_tail,SCN_00120000_00740000_0090,,11 00 01 20 06 20 00 05 00 00 00 00 0a e1 0f 00 02,64060f48883251af6c3857f211acf17f4795909fbec54b0408bd1b4117c3a6c6,bf3a56d4016d235ca38a3cc9fd23e816676b681cbe21a14c8443ab2bb03ecc9d,11 00 01 20 06 20 00 05,00 00 00 0a e1 0f 00 02,11 00 01 06 00 05 00 00 00 00 0A 0F 00 02
/private/tmp/gr3-ship-analysis.CYee09/DATA_00120000.MDT,00120000,0x00740000,0x0D5F5002,0x5000,2,0x00537304,0x0004,0x0053733B,55,pre_message,,SCN_00120000_00740000_0091,06 00 01 40 01 c0 00 28 00 32 0e 00 27 00 ba 8a 21 88 f0 43 f4 93 43 13 ff 14 08 b2 f0 be e3 f0 a1 9f 7a 9c 21 37 f0 c8 cf 44 0d ff 00 0d 09 30 00 40 01 c0 00 28 00,59a29bba20a0a0ce73049ae7d85a12949108050728b54841a3f02b78a74d8a30,bb812514163cc2ea10d4a081ea84b6cf64f5bceca9211ca0a561addc687a98a9,06 00 01 40 01 c0 00 28,30 00 40 01 c0 00 28 00,06 00 01 01 00 00 0E 00 00 F0 F4 13 FF 14 08 F0 F0 F0 0D FF 00 0D 09 00 01 00 00
/private/tmp/gr3-ship-analysis.CYee09/DATA_00120000.MDT,00120000,0x00740000,0x0D5F5002,0x5000,2,0x0053735B,0x005B,0x00537418,189,resource_tail,SCN_00120000_00740000_0091,,05 00 02 04 00 01 00 00 00 10 30 9b 6b 0d 06 00 01 40 01 c0 00 3c 00 32 0e 00 2a 00 7d 77 7d 77 21 8a b5 75 9f 7a 9c 74 13 ff 14 08 60 f6 74 21 df f0 82 88 f0 43 f4 8a 92 82 98 08 92 b0 c2 9f 7a c2 93 8f 0d ff 00 02 05 00 02 04 00 02 00 00 00 10 30 0b 6c 0d 06 20 01 40 01 a0 00 3c 00 32 0e 00 28 00 77 89 b8 7e c2 43 13 ff 14 08 db 3c f0 3d f0 9a 6c f1 6d f1 9d e9 f5 94 92 08 23 f2 5e f2 a0 62 f0 c8 f0 93 f2 aa 43 0d ff 00 1f 04 15 00 00 00 ff ff ff ff 00 00 00 00 00 00 00 00 11 00 01 20 06 20 00 13 ff 1e 06 01 8a 08 05 00 00 00 00 bc 06 10 00 02 02 00 00 00 00,2aeca33b2ad0963151389260fcdc020c2fa149f619d1a1bdc4e43dfd14b0b5dd,d1231998ed2f778a86534df45c595967bda0da0748bf3cd1ca2570ba1e31ed76,05 00 02 04 00 01 00 00,10 00 02 02 00 00 00 00,05 00 02 04 00 01 00 00 00 10 0D 06 00 01 01 00 00 0E 00 00 13 FF 14 08 F6 F0 F0 F4 08 0D FF 00 02 05 00 02 04 00 02 00 00 00 10 0B 0D 06 01 01 00 00 0E 00 00 13 FF 14 08 F0 F0 F1 F1 F5 08 F2 F2 F0 F0 F2 0D FF 00 1F 04 15 00 00 00 FF FF FF FF 00 00 00 00 00 00 00 00 11 00 01 06 00 13 FF 1E 06 01 08 05 00 00 00 00 06 10 00 02 02 00 00 00 00
/private/tmp/gr3-ship-analysis.CYee09/DATA_00120000.MDT,00120000,0x00740000,0x0D824000,0x4000,0,0x0053741C,0x0004,0x00537517,251,pre_message,,SCN_00120000_00740000_0092,00 00 60 21 00 10 30 8d 6c 06 03 0a 1c 10 30 29 6c 10 00 9e 6d 06 03 0b 1c 10 30 35 6c 10 00 9e 6d 06 03 0c 1c 10 30 41 6c 10 00 9e 6d 06 03 0e 1c 10 30 4d 6c 10 00 9e 6d 06 03 0f 1c 10 30 59 6c 10 00 9e 6d 06 03 11 1c 10 30 65 6c 10 00 9e 6d 06 03 12 1c 10 30 71 6c 10 00 9e 6d 06 03 13 1c 10 30 7d 6c 10 00 9e 6d 06 03 14 1c 10 30 89 6c 10 00 9e 6d 10 00 05 6d 06 03 0a 1c 10 30 99 6c 10 00 9e 6d 06 03 0b 1c 10 30 a5 6c 10 00 9e 6d 06 03 0c 1c 10 30 b1 6c 10 00 9e 6d 06 03 0d 1c 10 30 bd 6c 10 00 9e 6d 06 03 0e 1c 10 30 c9 6c 10 00 9e 6d 06 03 0f 1c 10 30 d5 6c 10 00 9e 6d 06 03 11 1c 10 30 e1 6c 10 00 9e 6d 06 03 12 1c 10 30 ed 6c 10 00 9e 6d 06 03 13 1c 10 30 f9 6c 10 00 9e 6d 06 03 14 1c 10 30 05 6d 10 00 9e 6d 0d 09 ff ff ff ff 40 00 28 00,c24ea46c34e39695edc918e70b512bea81d346e70ec142ef084f7bf3b8836536,dafd9b7edc7062cf3d61349e5ce498a46cebaf3fda477a09cb5cbad63bb0d042,00 00 60 21 00 10 30 8d,ff ff ff ff 40 00 28 00,00 00 00 10 06 03 0A 1C 10 10 00 06 03 0B 1C 10 10 00 06 03 0C 1C 10 10 00 06 03 0E 1C 10 10 00 06 03 0F 1C 10 10 00 06 03 11 1C 10 10 00 06 03 12 1C 10 10 00 06 03 13 1C 10 10 00 06 03 14 1C 10 10 00 10 00 05 06 03 0A 1C 10 10 00 06 03 0B 1C 10 10 00 06 03 0C 1C 10 10 00 06 03 0D 1C 10 10 00 06 03 0E 1C 10 10 00 06 03 0F 1C 10 10 00 06 03 11 1C 10 10 00 06 03 12 1C 10 10 00 06 03 13 1C 10 F9 10 00 06 03 14 1C 10 05 10 00 0D 09 FF FF FF FF 00 00
/private/tmp/gr3-ship-analysis.CYee09/DATA_00120000.MDT,00120000,0x00740000,0x0D824000,0x4000,0,0x00537529,0x0111,0x0053752D,4,between_messages,SCN_00120000_00740000_0092,SCN_00120000_00740000_0093,05 00 02 04,a348a3d36579e47243607fa7189cd286346d4f1a35ba8213a1e56e6c50e8c1f8,6f263b2173be918e3cafde4a6ae1dbcf45c357c36234b4822be87bdac553866e,05 00 02 04,05 00 02 04,05 00 02 04
/private/tmp/gr3-ship-analysis.CYee09/DATA_00120000.MDT,00120000,0x00740000,0x0D824000,0x4000,0,0x0053752D,0x0115,0x005375B0,131,between_messages,SCN_00120000_00740000_0092,SCN_00120000_00740000_0093,00 01 00 00 00 10 30 8f 6d 05 00 00 44 01 00 00 00 30 06 01 82 36 0d 0a a8 00 40 01 b0 00 50 00 42 0e 00 36 00 77 77 7e 21 37 f0 c8 cf 08 99 f2 aa 49 f1 a5 a7 f0 7f 95 92 bb 08 b0 95 8c 83 21 e0 f5 77 f5 c1 b3 89 8e 08 90 a0 2c f1 7f 49 f1 4e f1 a0 3e f5 93 43 0d ff 00 06 01 80 36 06 01 91 08 13 ff 0a 10 00 b6 70 02 05 00 02 04 00 02 00 00 00 10 30 9d 6d 02 02 0d 09 ff ff ff ff 70 00 3c 00,827c26d7912c2e6767e2db5762edf4f9a6844257c54c3bcadf4ed2decd757996,1c7b529d8d4f064cfceb4fded66632cd1d01e103cac4ed2eccca0f79a88225f9,00 01 00 00 00 10 30 8f,ff ff ff ff 70 00 3c 00,00 01 00 00 00 10 05 00 00 01 00 00 00 06 01 0D 0A 00 01 00 00 0E 00 00 F0 08 F2 F1 F0 08 F5 F5 08 F1 F1 F1 F5 0D FF 00 06 01 06 01 08 13 FF 0A 10 00 02 05 00 02 04 00 02 00 00 00 10 02 02 0D 09 FF FF FF FF 00 00
/private/tmp/gr3-ship-analysis.CYee09/DATA_00120000.MDT,00120000,0x00740000,0x0D824000,0x4000,0,0x005375CE,0x01B6,0x005375D2,4,between_messages,SCN_00120000_00740000_0093,SCN_00120000_00740000_0094,05 00 02 04,a348a3d36579e47243607fa7189cd286346d4f1a35ba8213a1e56e6c50e8c1f8,6f263b2173be918e3cafde4a6ae1dbcf45c357c36234b4822be87bdac553866e,05 00 02 04,05 00 02 04,05 00 02 04
/private/tmp/gr3-ship-analysis.CYee09/DATA_00120000.MDT,00120000,0x00740000,0x0D824000,0x4000,0,0x005375D2,0x01BA,0x005377DE,524,between_messages,SCN_00120000_00740000_0093,SCN_00120000_00740000_0094,00 01 00 00 00 10 30 62 70 05 00 05 00 00 da 37 20 00 05 00 06 00 00 3a 5a 20 00 10 30 3d 6e 05 00 00 44 01 00 00 00 30 06 01 82 36 0d 0a 90 00 40 01 e0 00 3c 00 42 0e 00 37 00 b2 f0 be 98 c2 8b b5 9f 7a ba 9c 21 37 f0 c8 cf 08 cc c6 3b f0 92 94 7f b3 89 8a 98 c2 a0 a1 08 49 f1 4e f1 a0 3e f5 93 8f 0d ff 00 06 01 80 36 13 ff 0a 10 00 b6 70 02 05 00 05 00 00 84 5b 20 00 05 00 06 00 00 f6 a7 20 00 10 30 af 6e 05 00 00 44 01 00 00 00 30 06 01 82 36 0d 0a 98 00 40 01 d0 00 50 00 42 0e 00 36 00 21 f0 d1 3b f0 a1 2a f2 9b f5 a0 26 f2 c2 dc f2 9d 75 bd 08 94 95 86 77 a2 f0 93 08 99 f2 7e bb d8 f0 8a b5 75 08 8c 83 a1 f0 96 7e bd 93 bf 79 8f 0d ff 00 06 01 80 36 13 ff 0a 10 00 b6 70 02 05 00 05 00 00 88 88 30 00 05 00 06 00 00 86 ad 30 00 10 30 35 6f 05 00 00 44 01 00 00 00 30 06 01 82 36 0d 0a 90 00 40 01 e0 00 50 00 52 0e 00 3c 00 42 f0 c9 da 34 f0 db a1 21 f0 d1 3b f0 47 3a f0 2a f2 9b f5 a0 08 75 f2 9d 3f f4 7f bd 62 f0 da 34 f0 3a f0 d2 3d f0 ba 08 b1 f0 28 f3 c1 93 f0 c2 99 47 f4 bc 9c 77 9a 08 75 9a 99 d9 f0 57 f6 8c bd 7e b4 9f 0d ff 00 06 01 80 36 13 ff 0a 10 00 b6 70 02 05 00 05 00 00 c6 fe 30 00 05 00 06 00 00 0c ff 30 00 10 30 a9 6f 05 00 00 44 01 00 00 00 30 06 01 82 36 0d 0a 90 00 40 01 e0 00 50 00 12 0e 00 18 00 b0 93 a1 f0 9e 21 37 f2 9e f4 88 b0 08 6c f0 8d 21 32 f0 3d f0 d1 aa 08 92 9b bc 4a f2 77 98 b1 8e b0 8c 08 9b c2 9c 9d 96 bb 77 77 f0 a0 bc 99 b4 46 46 0d ff 00 06 01 80 36 13 ff 0a 10 00 b6 70 02 05 00 05 00 00 ae 02 31 00 05 00 06 00 00 2a 4a 31 00 10 30 17 70 05 00 00 44 01 00 00 00 30 06 01 82 36 0d 0a a0 00 40 01 c0 00 50 00,2c425752307c7ca881353725e9c79f79b4a070e5898475583114e0a7485f2682,17994cf1cf2aafadb52e1a0eeba878c18e0f434d5a331521f8c5524dd59948ba,00 01 00 00 00 10 30 62,a0 00 40 01 c0 00 50 00,00 01 00 00 00 10 05 00 05 00 00 00 05 00 06 00 00 00 10 05 00 00 01 00 00 00 06 01 0D 0A 00 01 00 00 0E 00 00 F0 F0 08 F0 08 F1 F1 F5 0D FF 00 06 01 13 FF 0A 10 00 02 05 00 05 00 00 00 05 00 06 00 00 F6 00 10 05 00 00 01 00 00 00 06 01 0D 0A 00 01 00 00 0E 00 00 F0 F0 F2 F5 F2 F2 08 F0 08 F2 F0 08 F0 0D FF 00 06 01 13 FF 0A 10 00 02 05 00 05 00 00 00 05 00 06 00 00 00 10 05 00 00 01 00 00 00 06 01 0D 0A 00 01 00 00 0E 00 00 F0 F0 F0 F0 F0 F2 F5 08 F2 F4 F0 F0 F0 F0 08 F0 F3 F0 F4 08 F0 F6 0D FF 00 06 01 13 FF 0A 10 00 02 05 00 05 00 00 00 05 00 06 00 00 0C FF 00 10 05 00 00 01 00 00 00 06 01 0D 0A 00 01 00 00 12 0E 00 18 00 F0 F2 F4 08 F0 F0 F0 08 F2 08 F0 0D FF 00 06 01 13 FF 0A 10 00 02 05 00 05 00 00 02 00 05 00 06 00 00 00 10 17 05 00 00 01 00 00 00 06 01 0D 0A 00 01 00 00
/private/tmp/gr3-ship-analysis.CYee09/DATA_00120000.MDT,00120000,0x00740000,0x0D824000,0x4000,0,0x00537813,0x03FB,0x00537817,4,between_messages,SCN_00120000_00740000_0094,SCN_00120000_00740000_0095,06 01 80 36,f36369e22a081767514d1d73880b6a83d2bf5d82724de415e83c08e9c22023da,737b9c6b13c3e8e766e28fc97ba3ce65e9e1bf3cb93898b208cf6c1ad2fad37c,06 01 80 36,06 01 80 36,06 01
/private/tmp/gr3-ship-analysis.CYee09/DATA_00120000.MDT,00120000,0x00740000,0x0D824000,0x4000,0,0x00537817,0x03FF,0x00537836,31,between_messages,SCN_00120000_00740000_0094,SCN_00120000_00740000_0095,13 ff 0a 10 00 b6 70 02 05 00 00 44 01 00 00 00 30 06 01 82 36 0d 0a b0 00 40 01 a0 00 3c 00,caa833fe8f9ba4497b637b3d68f25c0b123507f98955d172afed5e0de96bc398,28da610a50aca2fb65b2de3991b715cf54fd10615d1e01c7428834cde5eaa71d,13 ff 0a 10 00 b6 70 02,b0 00 40 01 a0 00 3c 00,13 FF 0A 10 00 02 05 00 00 01 00 00 00 06 01 0D 0A 00 01 00 00
/private/tmp/gr3-ship-analysis.CYee09/DATA_00120000.MDT,00120000,0x00740000,0x0D824000,0x4000,0,0x0053785D,0x0445,0x00537900,163,resource_tail,SCN_00120000_00740000_0095,,06 01 80 36 13 ff 0a 10 00 b6 70 02 02 05 00 02 04 00 02 00 00 00 10 30 a5 70 13 ff 01 1f 08 0e 00 00 00 00 00 00 00 00 00 00 00 00 00 00 00 05 00 02 44 01 00 00 00 00 10 30 95 70 10 00 9e 6d 06 01 83 36 06 01 80 36 13 ff 0a 10 00 b6 70 02 05 00 02 04 00 03 00 00 00 10 30 b3 70 02 02 02 02 13 ff 01 10 00 b6 70 00 00 00 00 00 00 00 00 00 00 00 00 00 00 00 00 00 00 00 00 00 00 00 00 00 00 00 00 00 00 00 00 00 00 00 00 00 00 00 00 00 00 00 00 00 00 00 00 00 00 00 00 00 00 00 00 00 00 00,3bfc045609966aed67b73c7ba4da042861f4b47868f359637f6cca8c28babfcf,c94bd0ae660ff34910bbe5f3428ecc38f17630cbadc38d357dffc576d0af56ab,06 01 80 36 13 ff 0a 10,00 00 00 00 00 00 00 00,06 01 13 FF 0A 10 00 02 02 05 00 02 04 00 02 00 00 00 10 13 FF 01 1F 08 0E 00 00 00 00 00 00 00 00 00 00 00 00 00 00 00 05 00 02 01 00 00 00 00 10 10 00 06 01 06 01 13 FF 0A 10 00 02 05 00 02 04 00 03 00 00 00 10 02 02 02 02 13 FF 01 10 00 00 00 00 00 00 00 00 00 00 00 00 00 00 00 00 00 00 00 00 00 00 00 00 00 00 00 00 00 00 00 00 00 00 00 00 00 00 00 00 00 00 00 00 00 00 00 00 00 00 00 00 00 00 00 00 00 00 00 00
/private/tmp/gr3-ship-analysis.CYee09/DATA_00150100.MDT,00150100,0x00740000,0x00006000,0x6000,0,0x003D626C,0x0004,0x003D627F,19,pre_message,,SCN_00150100_00740000_0001,00 a6 95 0f 00 10 30 c7 00 0d 09 ff ff ff ff 60 00 3c 00,91173496ea928761741c823b0bb6c4a281f6a9f947341eaed5a39d1fbb65bf58,6c5990951bf2bd871be37669d80270d4a24f89fac072faf21ef617664c3da10c,00 a6 95 0f 00 10 30 c7,ff ff ff ff 60 00 3c 00,00 0F 00 10 00 0D 09 FF FF FF FF 00 00
/private/tmp/gr3-ship-analysis.CYee09/DATA_00150100.MDT,00150100,0x00740000,0x00006000,0x6000,0,0x003D629A,0x0032,0x003D629E,4,between_messages,SCN_00150100_00740000_0001,SCN_00150100_00740000_0002,05 00 02 04,a348a3d36579e47243607fa7189cd286346d4f1a35ba8213a1e56e6c50e8c1f8,6f263b2173be918e3cafde4a6ae1dbcf45c357c36234b4822be87bdac553866e,05 00 02 04,05 00 02 04,05 00 02 04
/private/tmp/gr3-ship-analysis.CYee09/DATA_00150100.MDT,00150100,0x00740000,0x00006000,0x6000,0,0x003D629E,0x0036,0x003D6346,168,between_messages,SCN_00150100_00740000_0001,SCN_00150100_00740000_0002,00 00 00 00 00 10 30 52 00 1f 09 d2 07 00 00 00 00 00 00 00 00 00 00 00 00 00 00 02 05 00 02 04 00 01 00 00 00 10 30 91 00 06 01 bc 01 13 ff 2e 0d 0a a8 00 40 01 b0 00 3c 00 80 0e 00 00 00 21 08 12 00 61 69 48 66 69 7f 9b f1 5f f0 d6 f0 8a 92 08 21 0d ff 00 10 00 0d 00 02 05 00 02 04 00 02 00 00 00 10 30 b8 00 13 ff 01 1f 08 0f 00 00 00 00 00 00 00 00 00 00 00 00 00 00 00 10 00 0d 00 02 05 00 02 04 00 03 00 00 00 10 30 c6 00 02 02 05 00 05 00 00 a6 95 0f 00 10 30 c0 01 0d 09 ff ff ff ff 90 00 50 00,288778374a076784e281f33df19f90fc9537652c9912244bbd133bc9a8bb61c1,61f38a39974d7070a2a0ace64643c8b9c10fc5c53bed4a4c87955dfd03a7db31,00 00 00 00 00 10 30 52,ff ff ff ff 90 00 50 00,00 00 00 00 00 10 00 1F 09 07 00 00 00 00 00 00 00 00 00 00 00 00 00 00 02 05 00 02 04 00 01 00 00 00 10 00 06 01 01 13 FF 0D 0A 00 01 00 00 0E 00 00 00 08 12 00 F1 F0 F0 08 0D FF 00 10 00 0D 00 02 05 00 02 04 00 02 00 00 00 10 00 13 FF 01 1F 08 0F 00 00 00 00 00 00 00 00 00 00 00 00 00 00 00 10 00 0D 00 02 05 00 02 04 00 03 00 00 00 10 00 02 02 05 00 05 00 00 0F 00 10 01 0D 09 FF FF FF FF 00 00
/private/tmp/gr3-ship-analysis.CYee09/DATA_00150100.MDT,00150100,0x00740000,0x00006000,0x6000,0,0x003D636C,0x0104,0x003D6430,196,resource_tail,SCN_00150100_00740000_0002,,05 00 02 04 00 00 00 00 00 10 30 24 01 1f 09 d2 07 00 00 00 00 00 00 00 00 00 00 00 00 00 00 02 05 00 02 04 00 01 00 00 00 10 30 63 01 06 01 bc 01 13 ff 2e 0d 0a a8 00 40 01 b0 00 3c 00 80 0e 00 00 00 21 08 12 00 61 69 48 66 69 7f 9b f1 5f f0 d6 f0 8a 92 08 21 0d ff 00 10 00 d4 00 02 05 00 02 04 00 02 00 00 00 10 30 8a 01 13 ff 01 1f 08 0f 00 00 00 00 00 00 00 00 00 00 00 00 00 00 00 10 00 d4 00 02 05 00 02 04 00 03 00 00 00 10 30 b1 01 13 ff 01 1f 08 10 00 00 00 00 00 00 00 00 00 00 00 00 00 00 00 10 00 d4 00 02 05 00 02 04 00 04 00 00 00 10 30 bf 01 02 02 02 02 00 00 00 00 00 00,b5282aacf0ad4e853b88221c81d7a7d94852434101d94aef397f2e26232ded5d,9574650ee28e4b8325537921a8e6589526bd613a9e214940cfe6eb2b5bb669b6,05 00 02 04 00 00 00 00,02 02 00 00 00 00 00 00,05 00 02 04 00 00 00 00 00 10 01 1F 09 07 00 00 00 00 00 00 00 00 00 00 00 00 00 00 02 05 00 02 04 00 01 00 00 00 10 01 06 01 01 13 FF 0D 0A 00 01 00 00 0E 00 00 00 08 12 00 F1 F0 F0 08 0D FF 00 10 00 00 02 05 00 02 04 00 02 00 00 00 10 01 13 FF 01 1F 08 0F 00 00 00 00 00 00 00 00 00 00 00 00 00 00 00 10 00 00 02 05 00 02 04 00 03 00 00 00 10 01 13 FF 01 1F 08 10 00 00 00 00 00 00 00 00 00 00 00 00 00 00 00 10 00 00 02 05 00 02 04 00 04 00 00 00 10 01 02 02 02 02 00 00 00 00 00 00
/private/tmp/gr3-ship-analysis.CYee09/DATA_00150100.MDT,00150100,0x00740000,0x00396001,0x6000,1,0x003D6434,0x0004,0x003D6447,19,pre_message,,SCN_00150100_00740000_0003,00 a6 95 0f 00 10 30 48 02 0d 09 ff ff ff ff 60 00 28 00,a55585aef7da169724b1c23f04acd26e634e4d2d3c53ea15383dce2002ef5821,661f05cbd4fc2325d1ba2d5f9fbe694fc22d033302e9b5764545a269764dc799,00 a6 95 0f 00 10 30 48,ff ff ff ff 60 00 28 00,00 0F 00 10 02 0D 09 FF FF FF FF 00 00
/private/tmp/gr3-ship-analysis.CYee09/DATA_00150100.MDT,00150100,0x00740000,0x00396001,0x6000,1,0x003D645A,0x002A,0x003D645E,4,between_messages,SCN_00150100_00740000_0003,SCN_00150100_00740000_0004,05 00 02 04,a348a3d36579e47243607fa7189cd286346d4f1a35ba8213a1e56e6c50e8c1f8,6f263b2173be918e3cafde4a6ae1dbcf45c357c36234b4822be87bdac553866e,05 00 02 04,05 00 02 04,05 00 02 04
/private/tmp/gr3-ship-analysis.CYee09/DATA_00150100.MDT,00150100,0x00740000,0x00396001,0x6000,1,0x003D645E,0x002E,0x003D64C7,105,between_messages,SCN_00150100_00740000_0003,SCN_00150100_00740000_0004,00 00 00 00 00 10 30 12 02 1f 09 d2 07 00 00 00 00 00 00 00 00 00 00 00 00 00 00 02 05 00 02 04 00 01 00 00 00 10 30 39 02 13 ff 01 1f 08 0f 00 00 00 00 00 00 00 00 00 00 00 00 00 00 00 10 00 d5 01 02 05 00 02 04 00 02 00 00 00 10 30 47 02 02 02 05 00 05 00 00 a6 95 0f 00 10 30 fa 02 0d 09 ff ff ff ff 90 00 3c 00,77f8fb371c620f3847581171603d81a2d68e9eae012b591e9f8b934520e24ef4,a89c07ac2aa99a2a4c5b2b72fecf502a90b3e0de72891b6232f93286839131b8,00 00 00 00 00 10 30 12,ff ff ff ff 90 00 3c 00,00 00 00 00 00 10 12 02 1F 09 07 00 00 00 00 00 00 00 00 00 00 00 00 00 00 02 05 00 02 04 00 01 00 00 00 10 02 13 FF 01 1F 08 0F 00 00 00 00 00 00 00 00 00 00 00 00 00 00 00 10 00 01 02 05 00 02 04 00 02 00 00 00 10 02 02 02 05 00 05 00 00 0F 00 10 02 0D 09 FF FF FF FF 00 00
/private/tmp/gr3-ship-analysis.CYee09/DATA_00150100.MDT,00150100,0x00740000,0x00396001,0x6000,1,0x003D64E5,0x00B5,0x003D6568,131,resource_tail,SCN_00150100_00740000_0004,,05 00 02 04 00 00 00 00 00 10 30 9d 02 1f 09 d2 07 00 00 00 00 00 00 00 00 00 00 00 00 00 00 02 05 00 02 04 00 01 00 00 00 10 30 c4 02 13 ff 01 1f 08 0f 00 00 00 00 00 00 00 00 00 00 00 00 00 00 00 10 00 55 02 02 05 00 02 04 00 02 00 00 00 10 30 eb 02 13 ff 01 1f 08 10 00 00 00 00 00 00 00 00 00 00 00 00 00 00 00 10 00 55 02 02 05 00 02 04 00 03 00 00 00 10 30 f9 02 02 02 02 02 00 00 00 00,9fbc8fce5224fb624c14b0f496eabfe49de2f2dfffce5bb9d2bcf6ce46dd43ea,04ae25f538620885d3abeb9f7450be7f93b4ff7701e4b907535ce08ecbc1ecbd,05 00 02 04 00 00 00 00,02 02 02 02 00 00 00 00,05 00 02 04 00 00 00 00 00 10 02 1F 09 07 00 00 00 00 00 00 00 00 00 00 00 00 00 00 02 05 00 02 04 00 01 00 00 00 10 02 13 FF 01 1F 08 0F 00 00 00 00 00 00 00 00 00 00 00 00 00 00 00 10 00 02 02 05 00 02 04 00 02 00 00 00 10 02 13 FF 01 1F 08 10 00 00 00 00 00 00 00 00 00 00 00 00 00 00 00 10 00 02 02 05 00 02 04 00 03 00 00 00 10 F9 02 02 02 02 02 00 00 00 00
/private/tmp/gr3-ship-analysis.CYee09/DATA_00150100.MDT,00150100,0x00740000,0x00602000,0x2000,0,0x003D656C,0x0004,0x003D65B5,73,pre_message,,SCN_00150100_00740000_0005,06 01 05 00 05 00 00 ee 06 10 00 05 00 06 00 00 52 07 10 00 10 30 5b 05 06 02 4d 08 10 30 01 05 0d 00 ff ff ff ff 90 00 14 00 12 0e 00 0f 00 55 f5 24 f1 7f bb f0 b8 f1 94 77 77 46 0d ff 00 0d 00 ff ff ff ff 90 00 3c 00,14923bc05d7ca7672811d329c3b73c46226119bde662650639a0de85fd74676c,abdf4a27e31b29e6e19fbdb9b3369fdbb5d888b10834b840ae083fed949d7c61,06 01 05 00 05 00 00 ee,ff ff ff ff 90 00 3c 00,06 01 05 00 05 00 00 06 10 00 05 00 06 00 00 07 10 00 10 05 06 02 08 10 01 05 0D 00 FF FF FF FF 00 14 00 12 0E 00 0F 00 F5 F1 F0 F1 0D FF 00 0D 00 FF FF FF FF 00 00
/private/tmp/gr3-ship-analysis.CYee09/DATA_00150100.MDT,00150100,0x00740000,0x00602000,0x2000,0,0x003D65D5,0x006D,0x003D65D9,4,between_messages,SCN_00150100_00740000_0005,SCN_00150100_00740000_0006,0d 00 ff ff,676b67168b7387cb93621f2701c61c4cfc71c63afe457ec4d1e0c17daeacec1e,e5114bd47b3c5e979a88876ee7f086231103ef978d6d3692d31f6a6879314dfb,0d 00 ff ff,0d 00 ff ff,0D 00 FF FF
/private/tmp/gr3-ship-analysis.CYee09/DATA_00150100.MDT,00150100,0x00740000,0x00602000,0x2000,0,0x003D65D9,0x0071,0x003D6624,75,between_messages,SCN_00150100_00740000_0005,SCN_00150100_00740000_0006,ff ff b0 00 50 00 12 0e 00 0e 00 12 08 46 46 46 46 46 09 0e 00 19 00 08 12 01 b4 79 8c 83 21 7d ce f5 be 9c a0 9f 08 30 f0 3b f0 3a f0 e2 88 c2 9a b4 08 90 be 9d 21 37 f0 c8 cf 9a b4 46 0d ff 00 0d 00 ff ff ff ff d0 00 28 00,caa0bafb65271891621ee3f9deae86e595c8a65c0670addf2b5215f3223fcad3,10e22fb15d13d76e38586fabc17b543eba7b9754881e14fd794633dff99d89bb,ff ff b0 00 50 00 12 0e,ff ff ff ff d0 00 28 00,FF FF 00 00 12 0E 00 0E 00 12 08 09 0E 00 19 00 08 12 01 F5 08 F0 F0 F0 08 F0 0D FF 00 0D 00 FF FF FF FF 00 00
/private/tmp/gr3-ship-analysis.CYee09/DATA_00150100.MDT,00150100,0x00740000,0x00602000,0x2000,0,0x003D6652,0x00EA,0x003D6656,4,between_messages,SCN_00150100_00740000_0006,SCN_00150100_00740000_0007,0d 00 ff ff,676b67168b7387cb93621f2701c61c4cfc71c63afe457ec4d1e0c17daeacec1e,e5114bd47b3c5e979a88876ee7f086231103ef978d6d3692d31f6a6879314dfb,0d 00 ff ff,0d 00 ff ff,0D 00 FF FF
/private/tmp/gr3-ship-analysis.CYee09/DATA_00150100.MDT,00150100,0x00740000,0x00602000,0x2000,0,0x003D6656,0x00EE,0x003D66FE,168,between_messages,SCN_00150100_00740000_0006,SCN_00150100_00740000_0007,ff ff d0 00 50 00 12 0e 00 0e 00 c0 92 8a 9f 21 86 a0 80 f3 84 f2 7e 08 9a 98 b4 96 f3 8a 7e 95 92 21 46 9d f0 78 f1 ba 08 86 c2 9c 9d 92 82 88 c2 b6 f4 95 92 a0 08 8d f0 b3 98 7e b4 8a be 9c 77 07 b4 8a b4 21 37 f0 c8 cf 92 94 9d 08 88 f0 63 f0 c0 9c 7e 95 92 bb 08 c4 47 d1 3c f0 26 f0 42 f1 80 93 95 98 08 80 95 9a 21 75 80 bb b3 98 92 9a a1 f1 79 07 0e 00 17 00 93 7e bb 46 08 86 a0 75 bc 7f 9a 79 a0 bb f0 b8 f1 94 08 b2 f0 be 9c 77 21 8d 95 9a 21 8d 95 9a 46 0d ff 00 0d 00 ff ff ff ff e0 00 3c 00,a6b59dfe6040917914e82bf428b962692d8b659810f6cb439715ca91311ae1f1,fa17bbe1f85a0604adb1bcabe5288ebfa3ea2eeb07c37b294a2578ddaeb850c6,ff ff d0 00 50 00 12 0e,ff ff ff ff e0 00 3c 00,FF FF 00 00 12 0E 00 0E 00 F3 F2 08 F3 F0 F1 08 F4 08 F0 07 F0 08 F0 F0 08 F0 F0 F1 08 F1 07 0E 00 17 00 08 F0 F1 08 F0 0D FF 00 0D 00 FF FF FF FF 00 00
/private/tmp/gr3-ship-analysis.CYee09/DATA_00150100.MDT,00150100,0x00740000,0x00602000,0x2000,0,0x003D6754,0x01EC,0x003D6758,4,between_messages,SCN_00150100_00740000_0007,SCN_00150100_00740000_0008,06 01 4d 08,14c6efd6157a989210afdc677792ce424153c09757d74a204c1219d8eeb2d6ce,ead589a1aa92bee8aec99b26c021bea3d14c556bcc188077e1f1c6e2c85697e5,06 01 4d 08,06 01 4d 08,06 01 08
/private/tmp/gr3-ship-analysis.CYee09/DATA_00150100.MDT,00150100,0x00740000,0x00602000,0x2000,0,0x003D6758,0x01F0,0x003D677B,35,between_messages,SCN_00150100_00740000_0007,SCN_00150100_00740000_0008,06 03 4e 08 10 30 00 05 06 01 39 08 06 00 8a 08 02 06 03 4d 08 10 30 5a 05 0d 00 ff ff ff ff c0 00 3c 00,0186ad512888a7214c5676536d394547bc33d805c24faf43f086736b8f018322,a9a48cdffb6672bfd2c84f92bdb2c18052fb49fad7f6558a7a6f9ca5a64c8395,06 03 4e 08 10 30 00 05,ff ff ff ff c0 00 3c 00,06 03 08 10 00 05 06 01 08 06 00 08 02 06 03 08 10 05 0D 00 FF FF FF FF 00 00
/private/tmp/gr3-ship-analysis.CYee09/DATA_00150100.MDT,00150100,0x00740000,0x00602000,0x2000,0,0x003D67A9,0x0241,0x003D67C8,31,resource_tail,SCN_00150100_00740000_0008,,0d 00 ff ff ff ff 60 00 14 00 12 0e 00 0f 00 46 46 46 46 44 21 0d ff 00 02 02 02 00 00 00 00,a74b3dc1a6b7e3cad2160a0939579750bdafd5551083e3a5ffc391b853b490d7,042e5da0766acd1647d242b1f4aa4419ff83c2988e9ee23a023f17074da9fbe3,0d 00 ff ff ff ff 60 00,00 02 02 02 00 00 00 00,0D 00 FF FF FF FF 00 14 00 12 0E 00 0F 00 0D FF 00 02 02 02 00 00 00 00
/private/tmp/gr3-ship-analysis.CYee09/DATA_00150100.MDT,00150100,0x00740000,0x00AC2001,0x2000,1,0x003D67CC,0x0004,0x003D67EE,34,pre_message,,SCN_00150100_00740000_0009,06 01 05 00 05 00 00 52 07 10 00 05 00 06 00 00 46 09 10 00 10 30 ac 05 0d 00 ff ff ff ff d0 00 28 00,ad76d1d03ea4a48494bd8d3344dfe91db6cda1f1cba0d78385125708deaa2022,98eadcc8419dbfcd3541b87f4047031ddd5622cc630411e5e8ab1651f2b1fe08,06 01 05 00 05 00 00 52,ff ff ff ff d0 00 28 00,06 01 05 00 05 00 00 07 10 00 05 00 06 00 00 09 10 00 10 05 0D 00 FF FF FF FF 00 00
/private/tmp/gr3-ship-analysis.CYee09/DATA_00150100.MDT,00150100,0x00740000,0x00AC2001,0x2000,1,0x003D6813,0x004B,0x003D6818,5,resource_tail,SCN_00150100_00740000_0009,,02 02 00 00 00,46090cbfcb0371db49c85453f164ff3bb0849c61f296537b7a0e93330c15c296,7ad6fe84b12b1ac89aa5127885455a34d6a586a410e43d2d4e77304775af91d1,02 02 00 00 00,02 02 00 00 00,02 02 00 00 00
/private/tmp/gr3-ship-analysis.CYee09/DATA_00150100.MDT,00150100,0x00740000,0x00B62002,0x2000,2,0x003D681C,0x0004,0x003D6846,42,pre_message,,SCN_00150100_00740000_0010,06 01 05 00 05 00 00 ee 06 10 00 05 00 06 00 00 52 07 10 00 10 30 02 07 06 02 4e 08 10 30 bc 06 0d 00 ff ff ff ff e0 00 50 00,33f9ec2d9fdbd44a0c76a23692ea2213ce3a93e1092f50e60513ab92f2193b1b,838e4ec756c1399febeaeaecee7a88ecfdb51bb5c30ed71721f556b63d41b89d,06 01 05 00 05 00 00 ee,ff ff ff ff e0 00 50 00,06 01 05 00 05 00 00 06 10 00 05 00 06 00 00 07 10 00 10 02 07 06 02 08 10 06 0D 00 FF FF FF FF 00 00
/private/tmp/gr3-ship-analysis.CYee09/DATA_00150100.MDT,00150100,0x00740000,0x00B62002,0x2000,2,0x003D68E5,0x00CD,0x003D6A18,307,resource_tail,SCN_00150100_00740000_0010,,0d 00 ff ff ff ff 70 00 3c 00 32 0e 00 27 00 12 08 46 46 46 46 09 08 12 01 90 be 99 77 77 88 08 77 b0 a1 b0 93 46 9c 0d ff 00 06 01 4e 08 06 03 4d 08 10 30 bb 06 06 01 39 08 06 00 8a 08 02 06 03 4e 08 10 30 01 07 0d 00 ff ff ff ff e0 00 3c 00 32 0e 00 27 00 75 8e bd 86 9a a1 9f 7a 88 08 7d b0 7b a0 ee f5 a1 86 a0 b5 f0 a0 dc f2 99 08 a1 f0 96 7e bd 7e b4 8a be c2 09 21 46 93 bf 44 0d ff 00 02 02 05 00 05 00 00 52 07 10 00 05 00 06 00 00 46 09 10 00 10 30 46 07 0d 00 ff ff ff ff e0 00 28 00 32 0e 00 2c 00 21 f0 21 21 f0 cd 9c e4 43 08 9c c2 99 35 f0 e5 bb 7f 86 c2 9c b1 f0 28 f3 9d 42 0d ff 00 02 05 00 05 00 00 46 09 10 00 05 00 06 00 00 64 09 10 00 10 30 a9 07 0d 00 ff ff ff ff e0 00 50 00 32 0e 00 29 00 86 86 7f 6d f5 b1 f0 9c bb 08 bc f2 be 9f 7a 5c f0 9d 9b f1 5f f4 6a f4 08 6d f5 84 98 b6 bd 9a 86 bf 93 7f 46 46 09 0e 00 2a 00 08 b0 21 8e 77 8f 77 21 7f c2 a2 bd 86 95 92 0d ff 00 02 02 00 00 00 00 00 00,67a585fbe00859a0021a5d9ea5af37744807c96535b7439bced8513b5b03799c,09f6bded2e9b1fcdd221a9448a64e46cb74d2602d0a485bd2d621f9b6a10f8e2,0d 00 ff ff ff ff 70 00,02 02 00 00 00 00 00 00,0D 00 FF FF FF FF 00 00 0E 00 00 12 08 09 08 12 01 08 0D FF 00 06 01 08 06 03 08 10 06 06 01 08 06 00 08 02 06 03 08 10 01 07 0D 00 FF FF FF FF 00 00 0E 00 00 08 F5 F0 F2 08 F0 09 0D FF 00 02 02 05 00 05 00 00 07 10 00 05 00 06 00 00 09 10 00 10 07 0D 00 FF FF FF FF 00 00 0E 00 00 F0 F0 08 F0 F0 F3 0D FF 00 02 05 00 05 00 00 09 10 00 05 00 06 00 00 09 10 00 10 07 0D 00 FF FF FF FF 00 00 0E 00 00 F5 F0 08 F2 F0 F1 F4 F4 08 F5 09 0E 00 00 08 0D FF 00 02 02 00 00 00 00 00 00
/private/tmp/gr3-ship-analysis.CYee09/DATA_00150100.MDT,00150100,0x00740000,0x00F62003,0x2000,3,0x003D6A18,0x0000,0x003D6B58,320,no_message_anchor,,,03 00 01 23 06 01 05 00 05 00 00 46 09 10 00 05 00 06 00 00 64 09 10 00 10 30 ef 08 06 02 48 08 10 30 14 08 0d 00 ff ff ff ff b0 00 50 00 42 0e 00 30 00 ad bb 21 82 f2 c2 99 b1 bf ba 08 d9 21 f0 a0 cf d4 3a f0 9a 08 7d b0 7b a0 6a f3 7f ba 84 bc b5 75 08 bc f2 be 95 7e b4 8a c2 9c 77 8f 0d ff 00 02 06 03 48 08 06 02 49 08 10 30 67 08 0d 00 ff ff ff ff d0 00 50 00 42 0e 00 30 00 21 f0 45 cd 21 75 c2 9c 77 77 5c f0 8c bc b5 08 20 f3 bd 9d 20 f4 b0 95 98 c2 93 bf 08 e8 3c f0 d3 47 e9 9c c2 93 8f 08 a1 f0 92 7f f1 ba bc 21 8d 95 9a 9c 0d ff 00 02 06 03 49 08 06 02 4a 08 10 30 ab 08 0d 00 ff ff ff ff e0 00 3c 00 42 0e 00 30 00 75 45 21 e2 32 f0 e2 32 f0 08 90 c2 9c c2 8b b5 21 d9 21 f0 a0 bb f0 b8 f1 94 a1 08 66 f0 80 b5 8a 9f 7a 95 98 0d ff 00 02 06 03 4a 08 06 02 4b 08 10 30 ee 08 0d 00 ff ff ff ff d0 00 3c 00 42 0e 00 31 00 79 a4 b5 a4 b5 a4 b5 43 08 bd f3 9d bc f2 8e 98 b6 bd 7e c3 43 08 90 bc b5 a1 f1 77 96 7e 9c 7e 95 92 8f 43 0d ff 00 02 02 02,3c196506f51da434d25e803b2c77cdb43d9025f938a6cc031bb4ee924f40bd4e,12a140c51c6a21077dac33c3160780736445a6438a1ed7520125bce781f94525,03 00 01 23 06 01 05 00,8f 43 0d ff 00 02 02 02,03 00 01 06 01 05 00 05 00 00 09 10 00 05 00 06 00 00 09 10 00 10 08 06 02 08 10 14 08 0D 00 FF FF FF FF 00 00 0E 00 00 F2 08 F0 F0 08 F3 08 F2 0D FF 00 02 06 03 08 06 02 08 10 08 0D 00 FF FF FF FF 00 00 0E 00 00 F0 F0 08 F3 F4 08 F0 08 F0 F1 0D FF 00 02 06 03 08 06 02 08 10 08 0D 00 FF FF FF FF 00 00 0E 00 00 F0 F0 08 F0 F0 F1 08 F0 0D FF 00 02 06 03 08 06 02 08 10 08 0D 00 FF FF FF FF 00 00 0E 00 00 08 F3 F2 08 F1 0D FF 00 02 02 02
/private/tmp/gr3-ship-analysis.CYee09/DATA_00150100.MDT,00150100,0x00740000,0x00F62003,0x2000,3,0x003D6A18,0x0000,0x003D6B58,320,no_message_anchor,,,03 00 01 23 06 01 05 00 05 00 00 46 09 10 00 05 00 06 00 00 64 09 10 00 10 30 ef 08 06 02 48 08 10 30 14 08 0d 00 ff ff ff ff b0 00 50 00 42 0e 00 30 00 ad bb 21 82 f2 c2 99 b1 bf ba 08 d9 21 f0 a0 cf d4 3a f0 9a 08 7d b0 7b a0 6a f3 7f ba 84 bc b5 75 08 bc f2 be 95 7e b4 8a c2 9c 77 8f 0d ff 00 02 06 03 48 08 06 02 49 08 10 30 67 08 0d 00 ff ff ff ff d0 00 50 00 42 0e 00 30 00 21 f0 45 cd 21 75 c2 9c 77 77 5c f0 8c bc b5 08 20 f3 bd 9d 20 f4 b0 95 98 c2 93 bf 08 e8 3c f0 d3 47 e9 9c c2 93 8f 08 a1 f0 92 7f f1 ba bc 21 8d 95 9a 9c 0d ff 00 02 06 03 49 08 06 02 4a 08 10 30 ab 08 0d 00 ff ff ff ff e0 00 3c 00 42 0e 00 30 00 75 45 21 e2 32 f0 e2 32 f0 08 90 c2 9c c2 8b b5 21 d9 21 f0 a0 bb f0 b8 f1 94 a1 08 66 f0 80 b5 8a 9f 7a 95 98 0d ff 00 02 06 03 4a 08 06 02 4b 08 10 30 ee 08 0d 00 ff ff ff ff d0 00 3c 00 42 0e 00 31 00 79 a4 b5 a4 b5 a4 b5 43 08 bd f3 9d bc f2 8e 98 b6 bd 7e c3 43 08 90 bc b5 a1 f1 77 96 7e 9c 7e 95 92 8f 43 0d ff 00 02 02 02,3c196506f51da434d25e803b2c77cdb43d9025f938a6cc031bb4ee924f40bd4e,12a140c51c6a21077dac33c3160780736445a6438a1ed7520125bce781f94525,03 00 01 23 06 01 05 00,8f 43 0d ff 00 02 02 02,03 00 01 06 01 05 00 05 00 00 09 10 00 05 00 06 00 00 09 10 00 10 08 06 02 08 10 14 08 0D 00 FF FF FF FF 00 00 0E 00 00 F2 08 F0 F0 08 F3 08 F2 0D FF 00 02 06 03 08 06 02 08 10 08 0D 00 FF FF FF FF 00 00 0E 00 00 F0 F0 08 F3 F4 08 F0 08 F0 F1 0D FF 00 02 06 03 08 06 02 08 10 08 0D 00 FF FF FF FF 00 00 0E 00 00 F0 F0 08 F0 F0 F1 08 F0 0D FF 00 02 06 03 08 06 02 08 10 08 0D 00 FF FF FF FF 00 00 0E 00 00 08 F3 F2 08 F1 0D FF 00 02 02 02
/private/tmp/gr3-ship-analysis.CYee09/DATA_00150100.MDT,00150100,0x00740000,0x011E3000,0x3000,0,0x003D6B5C,0x0004,0x003D6B80,36,pre_message,,SCN_00150100_00740000_0011,00 46 09 10 00 05 00 06 00 00 64 09 10 00 10 30 dc 0a 06 02 48 08 10 30 7f 09 0d 0a 90 00 40 01 e0 00 3c 00,72f4255132a15c8efcbc543914453278821af9266964ceaebd396725c366fc9d,5eeaa7b0125843d676c6914d66c22fe8d5f542ee2e8c0fbccc29694ff4817321,00 46 09 10 00 05 00 06,90 00 40 01 e0 00 3c 00,00 09 10 00 05 00 06 00 00 09 10 00 10 0A 06 02 08 10 09 0D 0A 00 01 00 00
/private/tmp/gr3-ship-analysis.CYee09/DATA_00150100.MDT,00150100,0x00740000,0x011E3000,0x3000,0,0x003D6BAA,0x0052,0x003D6BAE,4,between_messages,SCN_00150100_00740000_0011,SCN_00150100_00740000_0012,0d 0a c0 00,96b2b697daa8d1f791a35cb9a408ad2148d28de5b918b6c7ccc479752240c49d,944c7c40fdbfbca4238aa6f1ac43e5caddf82390898bb6f0c12a61d39e5e817f,0d 0a c0 00,0d 0a c0 00,0D 0A 00
/private/tmp/gr3-ship-analysis.CYee09/DATA_00150100.MDT,00150100,0x00740000,0x011E3000,0x3000,0,0x003D6BAE,0x0056,0x003D6BFD,79,between_messages,SCN_00150100_00740000_0011,SCN_00150100_00740000_0012,40 01 80 00 14 00 81 0e 00 95 00 d9 34 f0 c3 c3 c3 47 e4 41 0d ff 00 0d 0a c8 00 40 01 70 00 14 00 02 0e 00 06 00 79 c0 74 74 74 e4 41 0d ff 00 06 01 48 08 06 00 49 08 02 06 03 48 08 06 02 49 08 10 30 3c 0a 0d 0a a0 00 40 01 c0 00 3c 00,2d9ef4b38eb5f6589666f721fbaf188ee4c8ce38c81efa1c3ccc4e62e8380b34,45f351ec3d9495fa84dd83a93fc5f541c35885ccd7b963c882b61524f9183dd1,40 01 80 00 14 00 81 0e,a0 00 40 01 c0 00 3c 00,01 00 14 00 0E 00 00 F0 0D FF 00 0D 0A 00 01 00 14 00 02 0E 00 06 00 0D FF 00 06 01 08 06 00 08 02 06 03 08 06 02 08 10 0A 0D 0A 00 01 00 00
/private/tmp/gr3-ship-analysis.CYee09/DATA_00150100.MDT,00150100,0x00740000,0x011E3000,0x3000,0,0x003D6C57,0x00FF,0x003D6C5B,4,between_messages,SCN_00150100_00740000_0012,SCN_00150100_00740000_0013,0d 0a c0 00,96b2b697daa8d1f791a35cb9a408ad2148d28de5b918b6c7ccc479752240c49d,944c7c40fdbfbca4238aa6f1ac43e5caddf82390898bb6f0c12a61d39e5e817f,0d 0a c0 00,0d 0a c0 00,0D 0A 00
/private/tmp/gr3-ship-analysis.CYee09/DATA_00150100.MDT,00150100,0x00740000,0x011E3000,0x3000,0,0x003D6C5B,0x0103,0x003D6C80,37,between_messages,SCN_00150100_00740000_0012,SCN_00150100_00740000_0013,40 01 80 00 28 00 81 0e 00 95 00 46 46 46 46 08 46 46 46 46 46 46 46 46 0d ff 00 0d 0a b8 00 40 01 90 00 28 00,2640dd2cbe42eb6f3c6a9cccdad14111613d9751e0fe1b066be9a8c9a4c1f7cd,f19af6d1118f5ba87af4f700aa738d32ea85ab2893b963f085c1da3430bd9108,40 01 80 00 28 00 81 0e,b8 00 40 01 90 00 28 00,01 00 00 0E 00 00 08 0D FF 00 0D 0A 00 01 00 00
/private/tmp/gr3-ship-analysis.CYee09/DATA_00150100.MDT,00150100,0x00740000,0x011E3000,0x3000,0,0x003D6C9B,0x0143,0x003D6C9F,4,between_messages,SCN_00150100_00740000_0013,SCN_00150100_00740000_0014,06 01 49 08,3daccbec26ea0103c43bd88ebbe858f7183c39188195208914df1f8d605a1101,ead589a1aa92bee8aec99b26c021bea3d14c556bcc188077e1f1c6e2c85697e5,06 01 49 08,06 01 49 08,06 01 08
/private/tmp/gr3-ship-analysis.CYee09/DATA_00150100.MDT,00150100,0x00740000,0x011E3000,0x3000,0,0x003D6C9F,0x0147,0x003D6CBA,27,between_messages,SCN_00150100_00740000_0013,SCN_00150100_00740000_0014,06 00 4a 08 02 06 03 49 08 06 02 4a 08 10 30 db 0a 0d 0a a0 00 40 01 c0 00 50 00,5f38479344c6ac0fa8b59401ea982ad11175e9929d55227d3483a047103a4ada,c7b7ad27bdd5f3c4290b1d2d78350eb0a61a1beb40a6678f6f06fa3e63765a19,06 00 4a 08 02 06 03 49,a0 00 40 01 c0 00 50 00,06 00 08 02 06 03 08 06 02 08 10 0A 0D 0A 00 01 00 00
/private/tmp/gr3-ship-analysis.CYee09/DATA_00150100.MDT,00150100,0x00740000,0x011E3000,0x3000,0,0x003D6CF5,0x019D,0x003D6CF9,4,between_messages,SCN_00150100_00740000_0014,SCN_00150100_00740000_0015,0d 0a c0 00,96b2b697daa8d1f791a35cb9a408ad2148d28de5b918b6c7ccc479752240c49d,944c7c40fdbfbca4238aa6f1ac43e5caddf82390898bb6f0c12a61d39e5e817f,0d 0a c0 00,0d 0a c0 00,0D 0A 00
/private/tmp/gr3-ship-analysis.CYee09/DATA_00150100.MDT,00150100,0x00740000,0x011E3000,0x3000,0,0x003D6CF9,0x01A1,0x003D6D21,40,between_messages,SCN_00150100_00740000_0014,SCN_00150100_00740000_0015,40 01 80 00 28 00 81 0e 00 95 00 46 46 46 46 46 46 08 46 46 46 46 d4 e4 28 f0 43 0d ff 00 0d 0a b0 00 40 01 a0 00 28 00,b02bf5ee585a1dee9d866340c08d7b39e077e176b4aa670f5457a334d20284ab,dc35110bedfe65faf26c0408e1f951fb0e462d2563ebe5e9c7d7de7581eb8c30,40 01 80 00 28 00 81 0e,b0 00 40 01 a0 00 28 00,01 00 00 0E 00 00 08 F0 0D FF 00 0D 0A 00 01 00 00
/private/tmp/gr3-ship-analysis.CYee09/DATA_00150100.MDT,00150100,0x00740000,0x011E3000,0x3000,0,0x003D6D3A,0x01E2,0x003D6D48,14,resource_tail,SCN_00150100_00740000_0015,,06 01 4a 08 06 00 4b 08 02 02 02 00 00 00,2ef27c7c9c4f20e13b955366cb4e3dcc7fd440186eccbfff636e471a404008e9,d647d565588b23a76fc08baf881c2d38c37792a3af0707e1317f049c5d3501a8,06 01 4a 08 06 00 4b 08,4b 08 02 02 02 00 00 00,06 01 08 06 00 08 02 02 02 00 00 00
/private/tmp/gr3-ship-analysis.CYee09/DATA_00150100.MDT,00150100,0x00740000,0x015C3003,0x3000,3,0x003D6D4C,0x0004,0x003D6D7F,51,pre_message,,SCN_00150100_00740000_0016,00 50 e1 0f 00 05 00 06 00 00 ee 06 10 00 10 30 f7 0a 02 05 00 05 00 00 ee 06 10 00 05 00 06 00 00 52 07 10 00 10 30 73 0b 0d 0a 98 00 40 01 d0 00 3c 00,e7bffcb42c31c87d53084dd87ec217fd70570ce7310a372fe41c89fde5a27572,cb7eabcaf5cdebeb291101039936aeadfa74d04b5a9e60f97f4e84e9441cd8be,00 50 e1 0f 00 05 00 06,98 00 40 01 d0 00 3c 00,00 0F 00 05 00 06 00 00 06 10 00 10 F7 0A 02 05 00 05 00 00 06 10 00 05 00 06 00 00 07 10 00 10 0B 0D 0A 00 01 00 00
/private/tmp/gr3-ship-analysis.CYee09/DATA_00150100.MDT,00150100,0x00740000,0x015C3003,0x3000,3,0x003D6DDA,0x0092,0x003D6DDE,4,between_messages,SCN_00150100_00740000_0016,SCN_00150100_00740000_0017,02 05 00 05,5c07856df97a4593dbb20401100160b0eb6c030711242b484b0fadabb81224eb,e611d857b06b3ed4f7632fb5eec1b2ea23284782901ba3f8a342cd4a8b8563c9,02 05 00 05,02 05 00 05,02 05 00 05
/private/tmp/gr3-ship-analysis.CYee09/DATA_00150100.MDT,00150100,0x00740000,0x015C3003,0x3000,3,0x003D6DDE,0x0096,0x003D6E12,52,between_messages,SCN_00150100_00740000_0016,SCN_00150100_00740000_0017,00 00 52 07 10 00 05 00 06 00 00 64 09 10 00 10 30 8a 0b 02 05 00 05 00 00 64 09 10 00 05 00 06 00 00 72 0a 10 00 10 30 06 0c 0d 0a 98 00 40 01 d0 00 3c 00,8d2b9cdfc781b8551838a8d6e4b4e551d401921a47ae9d12d83d442eeb4bc9d6,a6eef1e5824cc145830db38d2fb7a36346a836b9d58ae39c9ce4999602ab16e2,00 00 52 07 10 00 05 00,98 00 40 01 d0 00 3c 00,00 00 07 10 00 05 00 06 00 00 09 10 00 10 0B 02 05 00 05 00 00 09 10 00 05 00 06 00 00 0A 10 00 10 06 0C 0D 0A 00 01 00 00
/private/tmp/gr3-ship-analysis.CYee09/DATA_00150100.MDT,00150100,0x00740000,0x015C3003,0x3000,3,0x003D6E6D,0x0125,0x003D6E70,3,resource_tail,SCN_00150100_00740000_0017,,02 02 00,138793139d414148c3ea406f4b273bdfb394d17fab3636115815abdf639d433d,ce04f53314e55e110f5eddc06a9386a33b3bb06010e54bcbf5496875e1d54b4f,02 02 00,02 02 00,02 02 00
/private/tmp/gr3-ship-analysis.CYee09/DATA_00150100.MDT,00150100,0x00740000,0x01813004,0x3000,4,0x003D6E74,0x0004,0x003D6EB1,61,pre_message,,SCN_00150100_00740000_0018,00 50 e1 0f 00 05 00 06 00 00 ee 06 10 00 10 30 1f 0c 02 05 00 05 00 00 ee 06 10 00 05 00 06 00 00 52 07 10 00 10 30 58 0d 03 00 02 0f 06 00 10 30 03 0d 0d 0a 90 00 40 01 e0 00 50 00,dc099a7f97835ee575e3345e7e675e99ce92f1d31fd3fd77dd08bbc14b8469b3,e2e43226382593cf8760fb119ba5710b3617f25738a282eaa0164e0e9f0483a4,00 50 e1 0f 00 05 00 06,90 00 40 01 e0 00 50 00,00 0F 00 05 00 06 00 00 06 10 00 10 1F 0C 02 05 00 05 00 00 06 10 00 05 00 06 00 00 07 10 00 10 0D 03 00 02 0F 06 00 10 03 0D 0D 0A 00 01 00 00
/private/tmp/gr3-ship-analysis.CYee09/DATA_00150100.MDT,00150100,0x00740000,0x01813004,0x3000,4,0x003D6EF0,0x0080,0x003D6EF4,4,between_messages,SCN_00150100_00740000_0018,SCN_00150100_00740000_0019,0d 0a 90 00,173c3132f5c6d6d56d80f0f4ffc0ec750ff893b22825433052613c9a54d1af57,944c7c40fdbfbca4238aa6f1ac43e5caddf82390898bb6f0c12a61d39e5e817f,0d 0a 90 00,0d 0a 90 00,0D 0A 00
/private/tmp/gr3-ship-analysis.CYee09/DATA_00150100.MDT,00150100,0x00740000,0x01813004,0x3000,4,0x003D6EF4,0x0084,0x003D6F7F,139,between_messages,SCN_00150100_00740000_0018,SCN_00150100_00740000_0019,40 01 e0 00 50 00 32 0e 00 26 00 c2 21 b0 74 9c 46 08 86 a0 b4 f0 a1 21 dc f4 c1 64 f1 be 98 77 bd ca f2 08 84 f7 c1 2f f4 d2 f1 8a 98 7d 84 bd c2 93 07 0e 00 27 00 21 f2 c8 f0 95 98 a0 a1 08 67 f0 9d a1 80 f3 44 f0 cb f0 b4 7e 7e bd 46 08 a4 9a bc 99 21 80 f3 b4 7e b4 86 9c 8c 9d a1 08 ef f3 7e 8e 9c 77 af f3 ba f1 9c a0 88 0d ff 00 03 00 00 0f 06 01 02 03 00 05 0f 06 01 10 30 57 0d 0d 0a a0 00 40 01 c0 00 50 00,eb615261ceeae1cffcf4cb0a7cf5b52330b45b0e481f8c3b9965577ef204f223,937cba96ae9f56c1e8e45a48a98b3a4e379626ea09c4b43c2175a60b19ca2c67,40 01 e0 00 50 00 32 0e,a0 00 40 01 c0 00 50 00,01 00 00 0E 00 00 08 F0 F4 F1 F2 08 F7 F4 F1 07 0E 00 00 F2 F0 08 F0 F3 F0 F0 08 F3 08 F3 F3 F1 0D FF 00 03 00 00 0F 06 01 02 03 00 05 0F 06 01 10 0D 0D 0A 00 01 00 00
/private/tmp/gr3-ship-analysis.CYee09/DATA_00150100.MDT,00150100,0x00740000,0x01813004,0x3000,4,0x003D6FBE,0x014E,0x003D6FC2,4,between_messages,SCN_00150100_00740000_0019,SCN_00150100_00740000_0020,02 02 05 00,7e650f21648bd638fe9b8938ca5c46f368b85d6a97c6636bb35a6205dea45009,c8d03ad13895760ed8c2ee7cf945580da6a8b95bddc7fc9250a0e1914b9e6f97,02 02 05 00,02 02 05 00,02 02 05 00
/private/tmp/gr3-ship-analysis.CYee09/DATA_00150100.MDT,00150100,0x00740000,0x01813004,0x3000,4,0x003D6FC2,0x0152,0x003D6FE0,30,between_messages,SCN_00150100_00740000_0019,SCN_00150100_00740000_0020,05 00 00 52 07 10 00 05 00 06 00 00 64 09 10 00 10 30 ba 0d 0d 0a 90 00 40 01 e0 00 50 00,6f287e28f0309979def10ea5f1ced2a0873b02bd5543188496ca0ef3f01b5438,839bc1b567d9fe6924d53aab2bdf6ad9624295ea6acb17067460ce368cf33b95,05 00 00 52 07 10 00 05,90 00 40 01 e0 00 50 00,05 00 00 07 10 00 05 00 06 00 00 09 10 00 10 0D 0D 0A 00 01 00 00
/private/tmp/gr3-ship-analysis.CYee09/DATA_00150100.MDT,00150100,0x00740000,0x01813004,0x3000,4,0x003D7021,0x01B1,0x003D7025,4,between_messages,SCN_00150100_00740000_0020,SCN_00150100_00740000_0021,02 05 00 05,5c07856df97a4593dbb20401100160b0eb6c030711242b484b0fadabb81224eb,e611d857b06b3ed4f7632fb5eec1b2ea23284782901ba3f8a342cd4a8b8563c9,02 05 00 05,02 05 00 05,02 05 00 05
/private/tmp/gr3-ship-analysis.CYee09/DATA_00150100.MDT,00150100,0x00740000,0x01813004,0x3000,4,0x003D7025,0x01B5,0x003D7042,29,between_messages,SCN_00150100_00740000_0020,SCN_00150100_00740000_0021,00 00 64 09 10 00 05 00 06 00 00 72 0a 10 00 10 30 49 0e 0d 0a 90 00 40 01 e0 00 50 00,fbb814a850f65eff3facf97863e095c3fc3f127a0c3e426dd0e73fb0106cd4e7,32669b507d3d395b668cfa443e91b3e2c9abb49afd09edf31228bc830d6e5998,00 00 64 09 10 00 05 00,90 00 40 01 e0 00 50 00,00 00 09 10 00 05 00 06 00 00 0A 10 00 10 0E 0D 0A 00 01 00 00
/private/tmp/gr3-ship-analysis.CYee09/DATA_00150100.MDT,00150100,0x00740000,0x01813004,0x3000,4,0x003D70B0,0x0240,0x003D70C0,16,resource_tail,SCN_00150100_00740000_0021,,02 05 00 05 00 00 72 0a 10 00 10 30 57 0e 02 02,1374ff2041a49c7e68f1c370fb370807286b5b2e18c5720f19655414eea7585f,4f0e0ec49d23da8b9a1ea5e7aa0394e4fb52b8d7b06303d33f9386f2ef57fa4d,02 05 00 05 00 00 72 0a,10 00 10 30 57 0e 02 02,02 05 00 05 00 00 0A 10 00 10 0E 02 02
/private/tmp/gr3-ship-analysis.CYee09/DATA_00150100.MDT,00150100,0x00740000,0x01CB5000,0x5000,0,0x003D70C4,0x0004,0x003D70DA,22,pre_message,,SCN_00150100_00740000_0022,00 5a 09 10 00 06 01 a1 01 13 ff 29 0d 05 30 00 40 01 40 00 14 00,75e6c9cfdb9da702aed867a325d33b9934c0ab1abb726691e5b80cfb0e471226,fd84b7197da71f37dd0ee475de8e74f223fef0e9e77427f98b240a562b68302b,00 5a 09 10 00 06 01 a1,30 00 40 01 40 00 14 00,00 09 10 00 06 01 01 13 FF 0D 05 00 01 00 14 00
/private/tmp/gr3-ship-analysis.CYee09/DATA_00150100.MDT,00150100,0x00740000,0x01CB5000,0x5000,0,0x003D70EB,0x002B,0x003D70EF,4,between_messages,SCN_00150100_00740000_0022,SCN_00150100_00740000_0023,13 ff 87 0d,c210ff6f44cd05d134f99a163bd9d1d00ba51835b4f4ea6cf54b4d2f1900b3c6,e2f3b6ad89eefddaab9dde07fa32639ff5c3c2e384dbd68a1adc2d6ec222c7d5,13 ff 87 0d,13 ff 87 0d,13 FF 0D
/private/tmp/gr3-ship-analysis.CYee09/DATA_00150100.MDT,00150100,0x00740000,0x01CB5000,0x5000,0,0x003D70EF,0x002F,0x003D7142,83,between_messages,SCN_00150100_00740000_0022,SCN_00150100_00740000_0023,05 30 00 40 01 a0 00 50 00 32 0e 00 28 00 12 01 20 f0 e4 20 f0 e4 20 f0 e4 43 13 ff 1e 08 75 80 bb b3 9c 21 37 f0 c8 cf 13 ff 1e 08 7d b0 7b 9d b5 b0 93 08 7c f4 53 f3 7f 9f 7a c2 93 9a ba 43 13 ff 32 0d ff 00 13 ff 4b 0d 05 30 00 40 01 c0 00 28 00,b6b1093370d696ff33f1623dcbfad8ebc4522de41dd9ec074baed94e79a9d5a0,ee35b35d95e9994c6895ee832495b3c112a79093b3d913c57a72f1ac731d14ee,05 30 00 40 01 a0 00 50,30 00 40 01 c0 00 28 00,05 00 01 00 00 0E 00 00 12 01 F0 F0 F0 13 FF 1E 08 F0 13 FF 1E 08 08 F4 F3 13 FF 0D FF 00 13 FF 0D 05 00 01 00 00
/private/tmp/gr3-ship-analysis.CYee09/DATA_00150100.MDT,00150100,0x00740000,0x01CB5000,0x5000,0,0x003D7165,0x00A5,0x003D7169,4,between_messages,SCN_00150100_00740000_0023,SCN_00150100_00740000_0024,13 ff 19 0d,1e7feb7f3cd05cb749c22ab83ce718b16568cfcd6daa999388848ede2c444584,632d9719bfbb3b98fca5fc439e1763e8775f085e4382b1ee3c5cd6d19a3265eb,13 ff 19 0d,13 ff 19 0d,13 FF 19 0D
/private/tmp/gr3-ship-analysis.CYee09/DATA_00150100.MDT,00150100,0x00740000,0x01CB5000,0x5000,0,0x003D7169,0x00A9,0x003D71BA,81,between_messages,SCN_00150100_00740000_0023,SCN_00150100_00740000_0024,06 e0 00 40 01 e0 00 50 00 42 0e 00 32 00 21 f0 cd 9d 8c c2 9c ba 43 13 ff 1e 08 cc c6 3b f0 93 95 98 08 d5 c6 e5 9d 88 f5 b3 bb be c2 a0 9d 08 8d 77 a8 c2 7e 7e 95 92 c2 93 7e bb 9c 43 13 ff 41 0d ff 00 13 ff 1e 0d 05 30 00 40 01 60 00 14 00,5b2921253265249b933080eb2c92571faa0eefdffa2e3f5727d845580e102b94,3be99df80b72349f914b3609540932ad7cb4a7634a4341acf74cc99b770e2052,06 e0 00 40 01 e0 00 50,30 00 40 01 60 00 14 00,06 00 01 00 00 0E 00 00 F0 13 FF 1E 08 F0 08 F5 08 13 FF 0D FF 00 13 FF 1E 0D 05 00 01 00 14 00
/private/tmp/gr3-ship-analysis.CYee09/DATA_00150100.MDT,00150100,0x00740000,0x01CB5000,0x5000,0,0x003D71CB,0x010B,0x003D71CF,4,between_messages,SCN_00150100_00740000_0024,SCN_00150100_00740000_0025,13 ff 72 0d,51f020f8d8123439c215f0753495c395975329aca085b5dd3760294d2ab7beb7,06f9a3acef7c3874fefc9aea6fe97c39da48bcbdeb7bd15a159f633c508ef8fc,13 ff 72 0d,13 ff 72 0d,13 FF 0D
/private/tmp/gr3-ship-analysis.CYee09/DATA_00150100.MDT,00150100,0x00740000,0x01CB5000,0x5000,0,0x003D71CF,0x010F,0x003D71D8,9,between_messages,SCN_00150100_00740000_0024,SCN_00150100_00740000_0025,05 30 00 40 01 e0 00 3c 00,11f60649059691a3edd12b72ac3e5aa1da1768f8bf140105fef81f39cd2f06d8,1e0db1d7d203dcc7028ff7295a117019fa246920a498e271374953bba9f6708b,05 30 00 40 01 e0 00 3c,30 00 40 01 e0 00 3c 00,05 00 01 00 00
/private/tmp/gr3-ship-analysis.CYee09/DATA_00150100.MDT,00150100,0x00740000,0x01CB5000,0x5000,0,0x003D720E,0x014E,0x003D7230,34,resource_tail,SCN_00150100_00740000_0025,,13 ff 3c 06 00 a1 01 11 00 01 20 06 20 00 06 01 4b 08 05 00 00 00 00 64 09 10 00 02 00 00 00 00 00 00,d4e75d13faf3806e357a8aaf709347cd1579fe03c0f0d1dcac6d052951355b5b,e3d848ff0bd24b8c4808bd9437102ad2ad41d113dd1033430d1b9138ee74a6af,13 ff 3c 06 00 a1 01 11,00 02 00 00 00 00 00 00,13 FF 06 00 01 11 00 01 06 00 06 01 08 05 00 00 00 00 09 10 00 02 00 00 00 00 00 00
/private/tmp/gr3-ship-analysis.CYee09/DATA_00150100.MDT,00150100,0x00740000,0x01F95001,0x5000,1,0x003D7234,0x0004,0x003D7267,51,pre_message,,SCN_00150100_00740000_0026,40 01 e0 00 28 00 42 0e 00 30 00 d3 e4 21 93 bb 8a 9f 7b 9c 74 08 d9 e4 2e f0 b0 77 98 41 f1 85 94 b0 77 b6 c2 a0 0d ff 00 0d 05 30 00 40 01 d0 00 3c 00,e1e580f68b922a12b187bb368dfaebf640f9a49af5b8fa5d3fa046a893a2d422,553c20ba31b58ce01d62c884be6e68a266fff546c8b79dcf507c9101826c333c,40 01 e0 00 28 00 42 0e,30 00 40 01 d0 00 3c 00,01 00 00 0E 00 00 08 F0 F1 0D FF 00 0D 05 00 01 00 00
/private/tmp/gr3-ship-analysis.CYee09/DATA_00150100.MDT,00150100,0x00740000,0x01F95001,0x5000,1,0x003D7291,0x0061,0x003D7298,7,resource_tail,SCN_00150100_00740000_0026,,02 00 00 00 00 00 00,8c25daedfd927a09d77d8398fd409f4c8a522ddf35a7b9d2200ca5dbda4181bf,07385dc4fe3c7b5ca5b0c4d3853004d2819b0cd30cbf66c340d6a24bfc635ef8,02 00 00 00 00 00 00,02 00 00 00 00 00 00,02 00 00 00 00 00 00
/private/tmp/gr3-ship-analysis.CYee09/DATA_00150100.MDT,00150100,0x00740000,0x02065002,0x5000,2,0x003D729C,0x0004,0x003D72D7,59,pre_message,,SCN_00150100_00740000_0027,40 01 e0 00 3c 00 32 0e 00 2a 00 7d 77 7d 77 21 37 f0 c8 cf 08 90 c2 9c 21 75 95 88 bc 75 80 bb b3 94 b5 08 d9 21 f0 9d b6 f4 c0 be c2 91 0d ff 00 0d 05 30 00 40 01 c0 00 3c 00,3b491d59a1569c76ddd275a93514bab6e0465032ed374a4dd69bad04eb1fa7e1,f5a81ca4d0690a3b53c4d7027aab937ef7eb1fd13b8568e43d1017b2a20aa64b,40 01 e0 00 3c 00 32 0e,30 00 40 01 c0 00 3c 00,01 00 00 0E 00 00 F0 08 08 F0 F4 0D FF 00 0D 05 00 01 00 00
/private/tmp/gr3-ship-analysis.CYee09/DATA_00150100.MDT,00150100,0x00740000,0x02065002,0x5000,2,0x003D72FF,0x0067,0x003D7300,1,resource_tail,SCN_00150100_00740000_0027,,02,dbc1b4c900ffe48d575b5da5c638040125f65db0fe3e24494b76ea986457d986,780e6d4b4afe6af762597d16eae0c7377f7073937bf81686471e4052f61c7fba,02,02,02
/private/tmp/gr3-ship-analysis.CYee09/DATA_00150100.MDT,00150100,0x00740000,0x02135003,0x5000,3,0x003D7304,0x0004,0x003D7311,13,pre_message,,SCN_00150100_00740000_0028,13 ff 29 0d 05 30 00 40 01 40 00 14 00,a474c968bf9b274f30959b959576f90826d6b5488e2a78b2ac14193740373498,11b742937d766650e0541ece2e08ee9e19c338f1f526f96f842fd7b0ac4fea84,13 ff 29 0d 05 30 00 40,30 00 40 01 40 00 14 00,13 FF 0D 05 00 01 00 14 00
/private/tmp/gr3-ship-analysis.CYee09/DATA_00150100.MDT,00150100,0x00740000,0x02135003,0x5000,3,0x003D7322,0x0022,0x003D7380,94,resource_tail,SCN_00150100_00740000_0028,,06 00 a1 01 11 00 01 20 06 20 00 02 00 00 00 00 00 00 00 00 00 00 00 00 00 00 00 00 00 00 00 00 00 00 00 00 00 00 00 00 00 00 00 00 00 00 00 00 00 00 00 00 00 00 00 00 00 00 00 00 00 00 00 00 00 00 00 00 00 00 00 00 00 00 00 00 00 00 00 00 00 00 00 00 00 00 00 00 00 00 00 00 00 00,0a8bbb7eadd8277ed6d090148f2be90ac204eeeb5335bee29722ab542c3a9f81,9d120a9fa04e3611bdbc06e4dfb60fa7e23cdc181e8db20a619887d4807ef03a,06 00 a1 01 11 00 01 20,00 00 00 00 00 00 00 00,06 00 01 11 00 01 06 00 02 00 00 00 00 00 00 00 00 00 00 00 00 00 00 00 00 00 00 00 00 00 00 00 00 00 00 00 00 00 00 00 00 00 00 00 00 00 00 00 00 00 00 00 00 00 00 00 00 00 00 00 00 00 00 00 00 00 00 00 00 00 00 00 00 00 00 00 00 00 00 00 00 00 00 00 00 00 00 00 00 00 00
/private/tmp/gr3-ship-analysis.CYee09/DATA_00151100.MDT,00151100,0x00740000,0x00006000,0x6000,0,0x001621BC,0x0004,0x001621CF,19,pre_message,,SCN_00151100_00740000_0001,00 a6 95 0f 00 10 30 c7 00 0d 09 ff ff ff ff 60 00 3c 00,91173496ea928761741c823b0bb6c4a281f6a9f947341eaed5a39d1fbb65bf58,6c5990951bf2bd871be37669d80270d4a24f89fac072faf21ef617664c3da10c,00 a6 95 0f 00 10 30 c7,ff ff ff ff 60 00 3c 00,00 0F 00 10 00 0D 09 FF FF FF FF 00 00
/private/tmp/gr3-ship-analysis.CYee09/DATA_00151100.MDT,00151100,0x00740000,0x00006000,0x6000,0,0x001621EA,0x0032,0x001621EE,4,between_messages,SCN_00151100_00740000_0001,SCN_00151100_00740000_0002,05 00 02 04,a348a3d36579e47243607fa7189cd286346d4f1a35ba8213a1e56e6c50e8c1f8,6f263b2173be918e3cafde4a6ae1dbcf45c357c36234b4822be87bdac553866e,05 00 02 04,05 00 02 04,05 00 02 04
/private/tmp/gr3-ship-analysis.CYee09/DATA_00151100.MDT,00151100,0x00740000,0x00006000,0x6000,0,0x001621EE,0x0036,0x00162296,168,between_messages,SCN_00151100_00740000_0001,SCN_00151100_00740000_0002,00 00 00 00 00 10 30 52 00 1f 09 d2 07 00 00 00 00 00 00 00 00 00 00 00 00 00 00 02 05 00 02 04 00 01 00 00 00 10 30 91 00 06 01 bc 01 13 ff 2e 0d 0a a8 00 40 01 b0 00 3c 00 80 0e 00 00 00 21 08 12 00 61 69 48 66 69 7f 9b f1 5f f0 d6 f0 8a 92 08 21 0d ff 00 10 00 0d 00 02 05 00 02 04 00 02 00 00 00 10 30 b8 00 13 ff 01 1f 08 0f 00 00 00 00 00 00 00 00 00 00 00 00 00 00 00 10 00 0d 00 02 05 00 02 04 00 03 00 00 00 10 30 c6 00 02 02 05 00 05 00 00 a6 95 0f 00 10 30 c0 01 0d 09 ff ff ff ff 90 00 50 00,288778374a076784e281f33df19f90fc9537652c9912244bbd133bc9a8bb61c1,61f38a39974d7070a2a0ace64643c8b9c10fc5c53bed4a4c87955dfd03a7db31,00 00 00 00 00 10 30 52,ff ff ff ff 90 00 50 00,00 00 00 00 00 10 00 1F 09 07 00 00 00 00 00 00 00 00 00 00 00 00 00 00 02 05 00 02 04 00 01 00 00 00 10 00 06 01 01 13 FF 0D 0A 00 01 00 00 0E 00 00 00 08 12 00 F1 F0 F0 08 0D FF 00 10 00 0D 00 02 05 00 02 04 00 02 00 00 00 10 00 13 FF 01 1F 08 0F 00 00 00 00 00 00 00 00 00 00 00 00 00 00 00 10 00 0D 00 02 05 00 02 04 00 03 00 00 00 10 00 02 02 05 00 05 00 00 0F 00 10 01 0D 09 FF FF FF FF 00 00
/private/tmp/gr3-ship-analysis.CYee09/DATA_00151100.MDT,00151100,0x00740000,0x00006000,0x6000,0,0x001622BC,0x0104,0x00162380,196,resource_tail,SCN_00151100_00740000_0002,,05 00 02 04 00 00 00 00 00 10 30 24 01 1f 09 d2 07 00 00 00 00 00 00 00 00 00 00 00 00 00 00 02 05 00 02 04 00 01 00 00 00 10 30 63 01 06 01 bc 01 13 ff 2e 0d 0a a8 00 40 01 b0 00 3c 00 80 0e 00 00 00 21 08 12 00 61 69 48 66 69 7f 9b f1 5f f0 d6 f0 8a 92 08 21 0d ff 00 10 00 d4 00 02 05 00 02 04 00 02 00 00 00 10 30 8a 01 13 ff 01 1f 08 0f 00 00 00 00 00 00 00 00 00 00 00 00 00 00 00 10 00 d4 00 02 05 00 02 04 00 03 00 00 00 10 30 b1 01 13 ff 01 1f 08 10 00 00 00 00 00 00 00 00 00 00 00 00 00 00 00 10 00 d4 00 02 05 00 02 04 00 04 00 00 00 10 30 bf 01 02 02 02 02 00 00 00 00 00 00,b5282aacf0ad4e853b88221c81d7a7d94852434101d94aef397f2e26232ded5d,9574650ee28e4b8325537921a8e6589526bd613a9e214940cfe6eb2b5bb669b6,05 00 02 04 00 00 00 00,02 02 00 00 00 00 00 00,05 00 02 04 00 00 00 00 00 10 01 1F 09 07 00 00 00 00 00 00 00 00 00 00 00 00 00 00 02 05 00 02 04 00 01 00 00 00 10 01 06 01 01 13 FF 0D 0A 00 01 00 00 0E 00 00 00 08 12 00 F1 F0 F0 08 0D FF 00 10 00 00 02 05 00 02 04 00 02 00 00 00 10 01 13 FF 01 1F 08 0F 00 00 00 00 00 00 00 00 00 00 00 00 00 00 00 10 00 00 02 05 00 02 04 00 03 00 00 00 10 01 13 FF 01 1F 08 10 00 00 00 00 00 00 00 00 00 00 00 00 00 00 00 10 00 00 02 05 00 02 04 00 04 00 00 00 10 01 02 02 02 02 00 00 00 00 00 00
/private/tmp/gr3-ship-analysis.CYee09/DATA_00151100.MDT,00151100,0x00740000,0x00396001,0x6000,1,0x00162384,0x0004,0x00162397,19,pre_message,,SCN_00151100_00740000_0003,00 a6 95 0f 00 10 30 48 02 0d 09 ff ff ff ff 60 00 28 00,a55585aef7da169724b1c23f04acd26e634e4d2d3c53ea15383dce2002ef5821,661f05cbd4fc2325d1ba2d5f9fbe694fc22d033302e9b5764545a269764dc799,00 a6 95 0f 00 10 30 48,ff ff ff ff 60 00 28 00,00 0F 00 10 02 0D 09 FF FF FF FF 00 00
/private/tmp/gr3-ship-analysis.CYee09/DATA_00151100.MDT,00151100,0x00740000,0x00396001,0x6000,1,0x001623AA,0x002A,0x001623AE,4,between_messages,SCN_00151100_00740000_0003,SCN_00151100_00740000_0004,05 00 02 04,a348a3d36579e47243607fa7189cd286346d4f1a35ba8213a1e56e6c50e8c1f8,6f263b2173be918e3cafde4a6ae1dbcf45c357c36234b4822be87bdac553866e,05 00 02 04,05 00 02 04,05 00 02 04
/private/tmp/gr3-ship-analysis.CYee09/DATA_00151100.MDT,00151100,0x00740000,0x00396001,0x6000,1,0x001623AE,0x002E,0x00162417,105,between_messages,SCN_00151100_00740000_0003,SCN_00151100_00740000_0004,00 00 00 00 00 10 30 12 02 1f 09 d2 07 00 00 00 00 00 00 00 00 00 00 00 00 00 00 02 05 00 02 04 00 01 00 00 00 10 30 39 02 13 ff 01 1f 08 0f 00 00 00 00 00 00 00 00 00 00 00 00 00 00 00 10 00 d5 01 02 05 00 02 04 00 02 00 00 00 10 30 47 02 02 02 05 00 05 00 00 a6 95 0f 00 10 30 fa 02 0d 09 ff ff ff ff 90 00 3c 00,77f8fb371c620f3847581171603d81a2d68e9eae012b591e9f8b934520e24ef4,a89c07ac2aa99a2a4c5b2b72fecf502a90b3e0de72891b6232f93286839131b8,00 00 00 00 00 10 30 12,ff ff ff ff 90 00 3c 00,00 00 00 00 00 10 12 02 1F 09 07 00 00 00 00 00 00 00 00 00 00 00 00 00 00 02 05 00 02 04 00 01 00 00 00 10 02 13 FF 01 1F 08 0F 00 00 00 00 00 00 00 00 00 00 00 00 00 00 00 10 00 01 02 05 00 02 04 00 02 00 00 00 10 02 02 02 05 00 05 00 00 0F 00 10 02 0D 09 FF FF FF FF 00 00
/private/tmp/gr3-ship-analysis.CYee09/DATA_00151100.MDT,00151100,0x00740000,0x00396001,0x6000,1,0x00162435,0x00B5,0x00162500,203,resource_tail,SCN_00151100_00740000_0004,,05 00 02 04 00 00 00 00 00 10 30 9d 02 1f 09 d2 07 00 00 00 00 00 00 00 00 00 00 00 00 00 00 02 05 00 02 04 00 01 00 00 00 10 30 c4 02 13 ff 01 1f 08 0f 00 00 00 00 00 00 00 00 00 00 00 00 00 00 00 10 00 55 02 02 05 00 02 04 00 02 00 00 00 10 30 eb 02 13 ff 01 1f 08 10 00 00 00 00 00 00 00 00 00 00 00 00 00 00 00 10 00 55 02 02 05 00 02 04 00 03 00 00 00 10 30 f9 02 02 02 02 02 00 00 00 00 00 00 00 00 00 00 00 00 00 00 00 00 00 00 00 00 00 00 00 00 00 00 00 00 00 00 00 00 00 00 00 00 00 00 00 00 00 00 00 00 00 00 00 00 00 00 00 00 00 00 00 00 00 00 00 00 00 00 00 00 00 00 00 00 00 00 00 00 00 00 00 00,b1d24465322dec400e6351e7ab4323e1b94d11f93ef2ff20c3ea1e82c728eb4f,a320a53c5f7e01d5602cef1a20ca75a36ef0f7a2aad6fc80f37855a0759c244f,05 00 02 04 00 00 00 00,00 00 00 00 00 00 00 00,05 00 02 04 00 00 00 00 00 10 02 1F 09 07 00 00 00 00 00 00 00 00 00 00 00 00 00 00 02 05 00 02 04 00 01 00 00 00 10 02 13 FF 01 1F 08 0F 00 00 00 00 00 00 00 00 00 00 00 00 00 00 00 10 00 02 02 05 00 02 04 00 02 00 00 00 10 02 13 FF 01 1F 08 10 00 00 00 00 00 00 00 00 00 00 00 00 00 00 00 10 00 02 02 05 00 02 04 00 03 00 00 00 10 F9 02 02 02 02 02 00 00 00 00 00 00 00 00 00 00 00 00 00 00 00 00 00 00 00 00 00 00 00 00 00 00 00 00 00 00 00 00 00 00 00 00 00 00 00 00 00 00 00 00 00 00 00 00 00 00 00 00 00 00 00 00 00 00 00 00 00 00 00 00 00 00 00 00 00 00 00 00 00 00 00 00
