anchor,other,score,byte_class_3gram_jaccard,prefix4_equal,class_equal,message_count_score,message_position_score,unknown_role_score,anchor_class,other_class,anchor_size,other_size,method
00030100:0x00006000,00120000:0x00006000,1.0,1.0,True,True,1.0,1.0,1.0,0x6000,0x6000,456,456,byte-class 3-gram 0.40 + prefix4 0.20 + message-count 0.15 + message-position 0.15 + UNKNOWN-role 0.10
00030100:0x00006000,00150100:0x00006000,1.0,1.0,True,True,1.0,1.0,1.0,0x6000,0x6000,456,456,byte-class 3-gram 0.40 + prefix4 0.20 + message-count 0.15 + message-position 0.15 + UNKNOWN-role 0.10
00030100:0x00006000,00151100:0x00006000,1.0,1.0,True,True,1.0,1.0,1.0,0x6000,0x6000,456,456,byte-class 3-gram 0.40 + prefix4 0.20 + message-count 0.15 + message-position 0.15 + UNKNOWN-role 0.10
00030100:0x00396001,00120000:0x00396001,1.0,1.0,True,True,1.0,1.0,1.0,0x6000,0x6000,312,312,byte-class 3-gram 0.40 + prefix4 0.20 + message-count 0.15 + message-position 0.15 + UNKNOWN-role 0.10
00030100:0x00396001,00150100:0x00396001,1.0,1.0,True,True,1.0,1.0,1.0,0x6000,0x6000,312,312,byte-class 3-gram 0.40 + prefix4 0.20 + message-count 0.15 + message-position 0.15 + UNKNOWN-role 0.10
00120000:0x00006000,00150100:0x00006000,1.0,1.0,True,True,1.0,1.0,1.0,0x6000,0x6000,456,456,byte-class 3-gram 0.40 + prefix4 0.20 + message-count 0.15 + message-position 0.15 + UNKNOWN-role 0.10
00120000:0x00006000,00151100:0x00006000,1.0,1.0,True,True,1.0,1.0,1.0,0x6000,0x6000,456,456,byte-class 3-gram 0.40 + prefix4 0.20 + message-count 0.15 + message-position 0.15 + UNKNOWN-role 0.10
00120000:0x00396001,00150100:0x00396001,1.0,1.0,True,True,1.0,1.0,1.0,0x6000,0x6000,312,312,byte-class 3-gram 0.40 + prefix4 0.20 + message-count 0.15 + message-position 0.15 + UNKNOWN-role 0.10
00150100:0x00006000,00151100:0x00006000,1.0,1.0,True,True,1.0,1.0,1.0,0x6000,0x6000,456,456,byte-class 3-gram 0.40 + prefix4 0.20 + message-count 0.15 + message-position 0.15 + UNKNOWN-role 0.10
00030100:0x00396001,00151100:0x00396001,0.85,1.0,True,True,1.0,0.0,1.0,0x6000,0x6000,312,384,byte-class 3-gram 0.40 + prefix4 0.20 + message-count 0.15 + message-position 0.15 + UNKNOWN-role 0.10
00120000:0x00396001,00151100:0x00396001,0.85,1.0,True,True,1.0,0.0,1.0,0x6000,0x6000,312,384,byte-class 3-gram 0.40 + prefix4 0.20 + message-count 0.15 + message-position 0.15 + UNKNOWN-role 0.10
00150100:0x00396001,00151100:0x00396001,0.85,1.0,True,True,1.0,0.0,1.0,0x6000,0x6000,312,384,byte-class 3-gram 0.40 + prefix4 0.20 + message-count 0.15 + message-position 0.15 + UNKNOWN-role 0.10
00030100:0x00BA3006,00030100:0x00D23001,0.787097,0.467742,True,True,1.0,1.0,1.0,0x3000,0x3000,80,80,byte-class 3-gram 0.40 + prefix4 0.20 + message-count 0.15 + message-position 0.15 + UNKNOWN-role 0.10
00120000:0x0C843001,00120000:0x0CDE3000,0.746535,0.804878,True,True,0.875,0.0,0.933333,0x3000,0x3000,720,640,byte-class 3-gram 0.40 + prefix4 0.20 + message-count 0.15 + message-position 0.15 + UNKNOWN-role 0.10
00150100:0x011E3000,00150100:0x01813004,0.728889,0.8,True,True,0.8,0.0,0.888889,0x3000,0x3000,496,592,byte-class 3-gram 0.40 + prefix4 0.20 + message-count 0.15 + message-position 0.15 + UNKNOWN-role 0.10
00150100:0x01F95001,00150100:0x02065002,0.721698,0.679245,True,True,1.0,0.0,1.0,0x5000,0x5000,104,104,byte-class 3-gram 0.40 + prefix4 0.20 + message-count 0.15 + message-position 0.15 + UNKNOWN-role 0.10
00030100:0x00C43000,00030100:0x00E53002,0.71875,0.671875,True,True,1.0,0.0,1.0,0x3000,0x3000,112,96,byte-class 3-gram 0.40 + prefix4 0.20 + message-count 0.15 + message-position 0.15 + UNKNOWN-role 0.10
00120000:0x0C843001,00150100:0x01813004,0.718442,0.8625,True,True,0.571429,0.1,0.727273,0x3000,0x3000,720,592,byte-class 3-gram 0.40 + prefix4 0.20 + message-count 0.15 + message-position 0.15 + UNKNOWN-role 0.10
00030100:0x00BA3006,00030100:0x00E53002,0.712295,0.655738,True,True,1.0,0.0,1.0,0x3000,0x3000,80,96,byte-class 3-gram 0.40 + prefix4 0.20 + message-count 0.15 + message-position 0.15 + UNKNOWN-role 0.10
00030100:0x00006000,00030100:0x00396001,0.711538,0.653846,True,True,1.0,0.0,1.0,0x6000,0x6000,456,312,byte-class 3-gram 0.40 + prefix4 0.20 + message-count 0.15 + message-position 0.15 + UNKNOWN-role 0.10
00030100:0x00006000,00120000:0x00396001,0.711538,0.653846,True,True,1.0,0.0,1.0,0x6000,0x6000,456,312,byte-class 3-gram 0.40 + prefix4 0.20 + message-count 0.15 + message-position 0.15 + UNKNOWN-role 0.10
00030100:0x00006000,00150100:0x00396001,0.711538,0.653846,True,True,1.0,0.0,1.0,0x6000,0x6000,456,312,byte-class 3-gram 0.40 + prefix4 0.20 + message-count 0.15 + message-position 0.15 + UNKNOWN-role 0.10
00030100:0x00006000,00151100:0x00396001,0.711538,0.653846,True,True,1.0,0.0,1.0,0x6000,0x6000,456,384,byte-class 3-gram 0.40 + prefix4 0.20 + message-count 0.15 + message-position 0.15 + UNKNOWN-role 0.10
00030100:0x00396001,00120000:0x00006000,0.711538,0.653846,True,True,1.0,0.0,1.0,0x6000,0x6000,312,456,byte-class 3-gram 0.40 + prefix4 0.20 + message-count 0.15 + message-position 0.15 + UNKNOWN-role 0.10
00030100:0x00396001,00150100:0x00006000,0.711538,0.653846,True,True,1.0,0.0,1.0,0x6000,0x6000,312,456,byte-class 3-gram 0.40 + prefix4 0.20 + message-count 0.15 + message-position 0.15 + UNKNOWN-role 0.10
00030100:0x00396001,00151100:0x00006000,0.711538,0.653846,True,True,1.0,0.0,1.0,0x6000,0x6000,312,456,byte-class 3-gram 0.40 + prefix4 0.20 + message-count 0.15 + message-position 0.15 + UNKNOWN-role 0.10
00120000:0x00006000,00120000:0x00396001,0.711538,0.653846,True,True,1.0,0.0,1.0,0x6000,0x6000,456,312,byte-class 3-gram 0.40 + prefix4 0.20 + message-count 0.15 + message-position 0.15 + UNKNOWN-role 0.10
00120000:0x00006000,00150100:0x00396001,0.711538,0.653846,True,True,1.0,0.0,1.0,0x6000,0x6000,456,312,byte-class 3-gram 0.40 + prefix4 0.20 + message-count 0.15 + message-position 0.15 + UNKNOWN-role 0.10
00120000:0x00006000,00151100:0x00396001,0.711538,0.653846,True,True,1.0,0.0,1.0,0x6000,0x6000,456,384,byte-class 3-gram 0.40 + prefix4 0.20 + message-count 0.15 + message-position 0.15 + UNKNOWN-role 0.10
00120000:0x00396001,00150100:0x00006000,0.711538,0.653846,True,True,1.0,0.0,1.0,0x6000,0x6000,312,456,byte-class 3-gram 0.40 + prefix4 0.20 + message-count 0.15 + message-position 0.15 + UNKNOWN-role 0.10
00120000:0x00396001,00151100:0x00006000,0.711538,0.653846,True,True,1.0,0.0,1.0,0x6000,0x6000,312,456,byte-class 3-gram 0.40 + prefix4 0.20 + message-count 0.15 + message-position 0.15 + UNKNOWN-role 0.10
00150100:0x00006000,00150100:0x00396001,0.711538,0.653846,True,True,1.0,0.0,1.0,0x6000,0x6000,456,312,byte-class 3-gram 0.40 + prefix4 0.20 + message-count 0.15 + message-position 0.15 + UNKNOWN-role 0.10
00150100:0x00006000,00151100:0x00396001,0.711538,0.653846,True,True,1.0,0.0,1.0,0x6000,0x6000,456,384,byte-class 3-gram 0.40 + prefix4 0.20 + message-count 0.15 + message-position 0.15 + UNKNOWN-role 0.10
00150100:0x00396001,00151100:0x00006000,0.711538,0.653846,True,True,1.0,0.0,1.0,0x6000,0x6000,312,456,byte-class 3-gram 0.40 + prefix4 0.20 + message-count 0.15 + message-position 0.15 + UNKNOWN-role 0.10
00151100:0x00006000,00151100:0x00396001,0.711538,0.653846,True,True,1.0,0.0,1.0,0x6000,0x6000,456,384,byte-class 3-gram 0.40 + prefix4 0.20 + message-count 0.15 + message-position 0.15 + UNKNOWN-role 0.10
00030100:0x00D23001,00030100:0x00DC3004,0.706,0.64,True,True,1.0,0.0,1.0,0x3000,0x3000,80,72,byte-class 3-gram 0.40 + prefix4 0.20 + message-count 0.15 + message-position 0.15 + UNKNOWN-role 0.10
00120000:0x0C843001,00150100:0x011E3000,0.70577,0.788235,True,True,0.714286,0.0,0.833333,0x3000,0x3000,720,496,byte-class 3-gram 0.40 + prefix4 0.20 + message-count 0.15 + message-position 0.15 + UNKNOWN-role 0.10
00120000:0x0CDE3000,00150100:0x01813004,0.705769,0.910256,True,True,0.5,0.0,0.666667,0x3000,0x3000,640,592,byte-class 3-gram 0.40 + prefix4 0.20 + message-count 0.15 + message-position 0.15 + UNKNOWN-role 0.10
00030100:0x00F13003,00120000:0x0CDE3000,0.704783,0.865854,True,True,0.571429,0.0,0.727273,0x3000,0x3000,1536,640,byte-class 3-gram 0.40 + prefix4 0.20 + message-count 0.15 + message-position 0.15 + UNKNOWN-role 0.10
00030100:0x00C43000,00030100:0x00D23001,0.696667,0.616667,True,True,1.0,0.0,1.0,0x3000,0x3000,112,80,byte-class 3-gram 0.40 + prefix4 0.20 + message-count 0.15 + message-position 0.15 + UNKNOWN-role 0.10
00030100:0x00602000,00120000:0x00602000,0.690204,0.77551,True,True,0.666667,0.0,0.8,0x2000,0x2000,720,2024,byte-class 3-gram 0.40 + prefix4 0.20 + message-count 0.15 + message-position 0.15 + UNKNOWN-role 0.10
00030100:0x00F13003,00120000:0x0C843001,0.688008,0.865854,True,True,0.5,0.0,0.666667,0x3000,0x3000,1536,720,byte-class 3-gram 0.40 + prefix4 0.20 + message-count 0.15 + message-position 0.15 + UNKNOWN-role 0.10
00030100:0x00BA3006,00030100:0x00C43000,0.6875,0.59375,True,True,1.0,0.0,1.0,0x3000,0x3000,80,112,byte-class 3-gram 0.40 + prefix4 0.20 + message-count 0.15 + message-position 0.15 + UNKNOWN-role 0.10
00120000:0x0CDE3000,00150100:0x011E3000,0.685967,0.788235,True,True,0.625,0.0,0.769231,0x3000,0x3000,640,496,byte-class 3-gram 0.40 + prefix4 0.20 + message-count 0.15 + message-position 0.15 + UNKNOWN-role 0.10
00120000:0x0D2E5001,00150100:0x01CB5000,0.680823,0.706522,True,True,0.75,0.0,0.857143,0x5000,0x5000,392,368,byte-class 3-gram 0.40 + prefix4 0.20 + message-count 0.15 + message-position 0.15 + UNKNOWN-role 0.10
00030100:0x00BA3006,00030100:0x00DC3004,0.671429,0.553571,True,True,1.0,0.0,1.0,0x3000,0x3000,80,72,byte-class 3-gram 0.40 + prefix4 0.20 + message-count 0.15 + message-position 0.15 + UNKNOWN-role 0.10
00030100:0x00C43000,00030100:0x00DC3004,0.67,0.55,True,True,1.0,0.0,1.0,0x3000,0x3000,112,72,byte-class 3-gram 0.40 + prefix4 0.20 + message-count 0.15 + message-position 0.15 + UNKNOWN-role 0.10
00030100:0x00D23001,00030100:0x00E53002,0.659524,0.52381,True,True,1.0,0.0,1.0,0x3000,0x3000,80,96,byte-class 3-gram 0.40 + prefix4 0.20 + message-count 0.15 + message-position 0.15 + UNKNOWN-role 0.10
00150100:0x015C3003,00150100:0x01813004,0.649359,0.769231,True,True,0.5,0.0,0.666667,0x3000,0x3000,296,592,byte-class 3-gram 0.40 + prefix4 0.20 + message-count 0.15 + message-position 0.15 + UNKNOWN-role 0.10
00030100:0x00F13003,00150100:0x01813004,0.647795,0.901235,True,True,0.285714,0.0,0.444444,0x3000,0x3000,1536,592,byte-class 3-gram 0.40 + prefix4 0.20 + message-count 0.15 + message-position 0.15 + UNKNOWN-role 0.10
00120000:0x00602000,00150100:0x00602000,0.646821,0.762887,True,True,0.5,0.0,0.666667,0x2000,0x2000,2024,608,byte-class 3-gram 0.40 + prefix4 0.20 + message-count 0.15 + message-position 0.15 + UNKNOWN-role 0.10
00030100:0x022C5000,00120000:0x0D2E5001,0.639091,0.647727,True,True,0.666667,0.0,0.8,0x5000,0x5000,208,392,byte-class 3-gram 0.40 + prefix4 0.20 + message-count 0.15 + message-position 0.15 + UNKNOWN-role 0.10
00030100:0x00F13003,00150100:0x011E3000,0.636436,0.825581,True,True,0.357143,0.0,0.526316,0x3000,0x3000,1536,496,byte-class 3-gram 0.40 + prefix4 0.20 + message-count 0.15 + message-position 0.15 + UNKNOWN-role 0.10
00030100:0x00DC3004,00030100:0x00E53002,0.634127,0.460317,True,True,1.0,0.0,1.0,0x3000,0x3000,72,96,byte-class 3-gram 0.40 + prefix4 0.20 + message-count 0.15 + message-position 0.15 + UNKNOWN-role 0.10
00030100:0x00602000,00150100:0x00602000,0.623596,0.808989,True,True,0.333333,0.0,0.5,0x2000,0x2000,720,608,byte-class 3-gram 0.40 + prefix4 0.20 + message-count 0.15 + message-position 0.15 + UNKNOWN-role 0.10
00150100:0x011E3000,00150100:0x015C3003,0.622143,0.7625,True,True,0.4,0.0,0.571429,0x3000,0x3000,496,296,byte-class 3-gram 0.40 + prefix4 0.20 + message-count 0.15 + message-position 0.15 + UNKNOWN-role 0.10
00120000:0x047A2003,00120000:0x06642004,0.618561,0.957447,False,True,0.928571,0.0,0.962963,0x2000,0x2000,3920,3984,byte-class 3-gram 0.40 + prefix4 0.20 + message-count 0.15 + message-position 0.15 + UNKNOWN-role 0.10
00030100:0x022C5000,00150100:0x01CB5000,0.616365,0.686747,True,True,0.5,0.0,0.666667,0x5000,0x5000,208,368,byte-class 3-gram 0.40 + prefix4 0.20 + message-count 0.15 + message-position 0.15 + UNKNOWN-role 0.10
00030100:0x00C43000,00150100:0x015C3003,0.610238,0.671429,True,True,0.5,0.0,0.666667,0x3000,0x3000,112,296,byte-class 3-gram 0.40 + prefix4 0.20 + message-count 0.15 + message-position 0.15 + UNKNOWN-role 0.10
00120000:0x02112002,00120000:0x06642004,0.601748,0.957895,False,True,0.846154,0.0,0.916667,0x2000,0x2000,4936,3984,byte-class 3-gram 0.40 + prefix4 0.20 + message-count 0.15 + message-position 0.15 + UNKNOWN-role 0.10
00120000:0x00602000,00120000:0x09592005,0.589394,0.848485,False,True,1.0,0.0,1.0,0x2000,0x2000,2024,3848,byte-class 3-gram 0.40 + prefix4 0.20 + message-count 0.15 + message-position 0.15 + UNKNOWN-role 0.10
00030100:0x00F13003,00120000:0x047A2003,0.58913,0.847826,False,False,1.0,0.0,1.0,0x3000,0x2000,1536,3920,byte-class 3-gram 0.40 + prefix4 0.20 + message-count 0.15 + message-position 0.15 + UNKNOWN-role 0.10
00030100:0x00E53002,00150100:0x015C3003,0.586111,0.611111,True,True,0.5,0.0,0.666667,0x3000,0x3000,96,296,byte-class 3-gram 0.40 + prefix4 0.20 + message-count 0.15 + message-position 0.15 + UNKNOWN-role 0.10
00030100:0x00602000,00120000:0x02112002,0.58584,0.88172,False,True,0.916667,0.0,0.956522,0x2000,0x2000,720,4936,byte-class 3-gram 0.40 + prefix4 0.20 + message-count 0.15 + message-position 0.15 + UNKNOWN-role 0.10
00030100:0x01B13005,00120000:0x0C843001,0.58253,0.831325,False,True,1.0,0.0,1.0,0x3000,0x3000,944,720,byte-class 3-gram 0.40 + prefix4 0.20 + message-count 0.15 + message-position 0.15 + UNKNOWN-role 0.10
00120000:0x0C843001,00150100:0x015C3003,0.580972,0.734177,True,True,0.285714,0.0,0.444444,0x3000,0x3000,720,296,byte-class 3-gram 0.40 + prefix4 0.20 + message-count 0.15 + message-position 0.15 + UNKNOWN-role 0.10
00120000:0x08562001,00120000:0x0B3A2007,0.580744,0.912088,False,True,0.833333,0.0,0.909091,0x2000,0x2000,2072,2640,byte-class 3-gram 0.40 + prefix4 0.20 + message-count 0.15 + message-position 0.15 + UNKNOWN-role 0.10
00120000:0x02112002,00120000:0x047A2003,0.580594,0.936842,False,True,0.785714,0.0,0.88,0x2000,0x2000,4936,3920,byte-class 3-gram 0.40 + prefix4 0.20 + message-count 0.15 + message-position 0.15 + UNKNOWN-role 0.10
00120000:0x0CDE3000,00150100:0x015C3003,0.580064,0.75641,True,True,0.25,0.0,0.4,0x3000,0x3000,640,296,byte-class 3-gram 0.40 + prefix4 0.20 + message-count 0.15 + message-position 0.15 + UNKNOWN-role 0.10
00030100:0x00602000,00120000:0x06642004,0.579142,0.861702,False,True,0.923077,0.0,0.96,0x2000,0x2000,720,3984,byte-class 3-gram 0.40 + prefix4 0.20 + message-count 0.15 + message-position 0.15 + UNKNOWN-role 0.10
00120000:0x02112002,00150100:0x00B62002,0.570088,0.849462,True,True,0.090909,0.0,0.166667,0x2000,0x2000,4936,512,byte-class 3-gram 0.40 + prefix4 0.20 + message-count 0.15 + message-position 0.15 + UNKNOWN-role 0.10
00120000:0x02112002,00120000:0x09592005,0.568038,0.936842,False,True,0.727273,0.0,0.842105,0x2000,0x2000,4936,3848,byte-class 3-gram 0.40 + prefix4 0.20 + message-count 0.15 + message-position 0.15 + UNKNOWN-role 0.10
00120000:0x09592005,00120000:0x0CDE3000,0.567391,0.793478,False,False,1.0,0.0,1.0,0x2000,0x3000,3848,640,byte-class 3-gram 0.40 + prefix4 0.20 + message-count 0.15 + message-position 0.15 + UNKNOWN-role 0.10
00120000:0x08562001,00120000:0x09592005,0.563806,0.913978,False,True,0.75,0.0,0.857143,0x2000,0x2000,2072,3848,byte-class 3-gram 0.40 + prefix4 0.20 + message-count 0.15 + message-position 0.15 + UNKNOWN-role 0.10
00120000:0x06642004,00120000:0x09592005,0.559896,0.978495,False,True,0.615385,0.0,0.761905,0x2000,0x2000,3984,3848,byte-class 3-gram 0.40 + prefix4 0.20 + message-count 0.15 + message-position 0.15 + UNKNOWN-role 0.10
00030100:0x00F13003,00120000:0x06642004,0.559793,0.810526,False,False,0.928571,0.0,0.962963,0x3000,0x2000,1536,3984,byte-class 3-gram 0.40 + prefix4 0.20 + message-count 0.15 + message-position 0.15 + UNKNOWN-role 0.10
00120000:0x0B3A2007,00150100:0x011E3000,0.559677,0.774194,False,False,1.0,0.0,1.0,0x2000,0x3000,2640,496,byte-class 3-gram 0.40 + prefix4 0.20 + message-count 0.15 + message-position 0.15 + UNKNOWN-role 0.10
00030100:0x01B13005,00120000:0x0CDE3000,0.559107,0.809524,False,True,0.875,0.071429,0.933333,0x3000,0x3000,944,640,byte-class 3-gram 0.40 + prefix4 0.20 + message-count 0.15 + message-position 0.15 + UNKNOWN-role 0.10
00030100:0x00BA3006,00150100:0x015C3003,0.558333,0.541667,True,True,0.5,0.0,0.666667,0x3000,0x3000,80,296,byte-class 3-gram 0.40 + prefix4 0.20 + message-count 0.15 + message-position 0.15 + UNKNOWN-role 0.10
00030100:0x00C43000,00150100:0x01813004,0.556447,0.697368,True,True,0.25,0.0,0.4,0x3000,0x3000,112,592,byte-class 3-gram 0.40 + prefix4 0.20 + message-count 0.15 + message-position 0.15 + UNKNOWN-role 0.10
00030100:0x00D23001,00150100:0x015C3003,0.556159,0.536232,True,True,0.5,0.0,0.666667,0x3000,0x3000,80,296,byte-class 3-gram 0.40 + prefix4 0.20 + message-count 0.15 + message-position 0.15 + UNKNOWN-role 0.10
00120000:0x047A2003,00120000:0x09592005,0.549746,0.978261,False,True,0.571429,0.0,0.727273,0x2000,0x2000,3920,3848,byte-class 3-gram 0.40 + prefix4 0.20 + message-count 0.15 + message-position 0.15 + UNKNOWN-role 0.10
00030100:0x00602000,00120000:0x047A2003,0.5493,0.821053,False,True,0.857143,0.0,0.923077,0x2000,0x2000,720,3920,byte-class 3-gram 0.40 + prefix4 0.20 + message-count 0.15 + message-position 0.15 + UNKNOWN-role 0.10
00120000:0x0D824000,00150100:0x01813004,0.547872,0.744681,False,False,1.0,0.0,1.0,0x4000,0x3000,1256,592,byte-class 3-gram 0.40 + prefix4 0.20 + message-count 0.15 + message-position 0.15 + UNKNOWN-role 0.10
00120000:0x0D824000,00150100:0x01CB5000,0.544737,0.736842,False,False,1.0,0.0,1.0,0x4000,0x5000,1256,368,byte-class 3-gram 0.40 + prefix4 0.20 + message-count 0.15 + message-position 0.15 + UNKNOWN-role 0.10
00120000:0x08562001,00120000:0x0C843001,0.544475,0.808989,False,False,0.857143,0.0,0.923077,0x2000,0x3000,2072,720,byte-class 3-gram 0.40 + prefix4 0.20 + message-count 0.15 + message-position 0.15 + UNKNOWN-role 0.10
00150100:0x01813004,00150100:0x01CB5000,0.544253,0.735632,False,False,1.0,0.0,1.0,0x3000,0x5000,592,368,byte-class 3-gram 0.40 + prefix4 0.20 + message-count 0.15 + message-position 0.15 + UNKNOWN-role 0.10
00030100:0x01B13005,00120000:0x09592005,0.543732,0.797872,False,False,0.875,0.0,0.933333,0x3000,0x2000,944,3848,byte-class 3-gram 0.40 + prefix4 0.20 + message-count 0.15 + message-position 0.15 + UNKNOWN-role 0.10
00030100:0x00E53002,00150100:0x01813004,0.542435,0.662338,True,True,0.25,0.0,0.4,0x3000,0x3000,96,592,byte-class 3-gram 0.40 + prefix4 0.20 + message-count 0.15 + message-position 0.15 + UNKNOWN-role 0.10
00150100:0x00602000,00150100:0x01813004,0.542135,0.730337,False,False,1.0,0.0,1.0,0x2000,0x3000,608,592,byte-class 3-gram 0.40 + prefix4 0.20 + message-count 0.15 + message-position 0.15 + UNKNOWN-role 0.10
00120000:0x09592005,00120000:0x0C843001,0.541975,0.793478,False,False,0.875,0.0,0.933333,0x2000,0x3000,3848,720,byte-class 3-gram 0.40 + prefix4 0.20 + message-count 0.15 + message-position 0.15 + UNKNOWN-role 0.10
00120000:0x00602000,00120000:0x0CDE3000,0.541667,0.729167,False,False,1.0,0.0,1.0,0x2000,0x3000,2024,640,byte-class 3-gram 0.40 + prefix4 0.20 + message-count 0.15 + message-position 0.15 + UNKNOWN-role 0.10
00030100:0x00F13003,00150100:0x015C3003,0.539111,0.731707,True,True,0.142857,0.0,0.25,0x3000,0x3000,1536,296,byte-class 3-gram 0.40 + prefix4 0.20 + message-count 0.15 + message-position 0.15 + UNKNOWN-role 0.10
00120000:0x0B3A2007,00150100:0x00602000,0.538559,0.824176,False,True,0.8,0.0,0.888889,0x2000,0x2000,2640,608,byte-class 3-gram 0.40 + prefix4 0.20 + message-count 0.15 + message-position 0.15 + UNKNOWN-role 0.10
00030100:0x00F13003,00120000:0x02112002,0.537772,0.829787,False,False,0.785714,0.0,0.88,0x3000,0x2000,1536,4936,byte-class 3-gram 0.40 + prefix4 0.20 + message-count 0.15 + message-position 0.15 + UNKNOWN-role 0.10
00120000:0x09592005,00120000:0x0B3A2007,0.536264,0.913978,False,True,0.625,0.0,0.769231,0x2000,0x2000,3848,2640,byte-class 3-gram 0.40 + prefix4 0.20 + message-count 0.15 + message-position 0.15 + UNKNOWN-role 0.10
00120000:0x0D824000,00150100:0x00602000,0.535714,0.714286,False,False,1.0,0.0,1.0,0x4000,0x2000,1256,608,byte-class 3-gram 0.40 + prefix4 0.20 + message-count 0.15 + message-position 0.15 + UNKNOWN-role 0.10
00030100:0x01B13005,00120000:0x08562001,0.535507,0.755319,False,False,0.857143,0.083333,0.923077,0x3000,0x2000,944,2072,byte-class 3-gram 0.40 + prefix4 0.20 + message-count 0.15 + message-position 0.15 + UNKNOWN-role 0.10
00120000:0x00602000,00120000:0x02112002,0.533301,0.85,False,True,0.727273,0.0,0.842105,0x2000,0x2000,2024,4936,byte-class 3-gram 0.40 + prefix4 0.20 + message-count 0.15 + message-position 0.15 + UNKNOWN-role 0.10
00030100:0x01B13005,00120000:0x00602000,0.532917,0.770833,False,False,0.875,0.0,0.933333,0x3000,0x2000,944,2024,byte-class 3-gram 0.40 + prefix4 0.20 + message-count 0.15 + message-position 0.15 + UNKNOWN-role 0.10
00030100:0x00E53002,00150100:0x011E3000,0.532358,0.597561,True,True,0.2,0.2,0.333333,0x3000,0x3000,96,496,byte-class 3-gram 0.40 + prefix4 0.20 + message-count 0.15 + message-position 0.15 + UNKNOWN-role 0.10
00120000:0x00602000,00120000:0x0C843001,0.530966,0.765957,False,False,0.875,0.0,0.933333,0x2000,0x3000,2024,720,byte-class 3-gram 0.40 + prefix4 0.20 + message-count 0.15 + message-position 0.15 + UNKNOWN-role 0.10
00120000:0x015D2006,00150100:0x00602000,0.530032,0.829545,False,True,0.75,0.0,0.857143,0x2000,0x2000,1440,608,byte-class 3-gram 0.40 + prefix4 0.20 + message-count 0.15 + message-position 0.15 + UNKNOWN-role 0.10
00030100:0x00C43000,00120000:0x0C843001,0.529095,0.706667,True,True,0.142857,0.0,0.25,0x3000,0x3000,112,720,byte-class 3-gram 0.40 + prefix4 0.20 + message-count 0.15 + message-position 0.15 + UNKNOWN-role 0.10
00120000:0x00602000,00120000:0x08562001,0.528827,0.826531,False,True,0.75,0.0,0.857143,0x2000,0x2000,2024,2072,byte-class 3-gram 0.40 + prefix4 0.20 + message-count 0.15 + message-position 0.15 + UNKNOWN-role 0.10
00120000:0x0D5F5002,00150100:0x00B62002,0.528261,0.695652,False,False,1.0,0.0,1.0,0x5000,0x2000,280,512,byte-class 3-gram 0.40 + prefix4 0.20 + message-count 0.15 + message-position 0.15 + UNKNOWN-role 0.10
00120000:0x08562001,00150100:0x00602000,0.526337,0.824176,False,True,0.666667,0.111111,0.8,0x2000,0x2000,2072,608,byte-class 3-gram 0.40 + prefix4 0.20 + message-count 0.15 + message-position 0.15 + UNKNOWN-role 0.10
00030100:0x02465001,00120000:0x0D2E5001,0.525976,0.902439,False,True,0.6,0.0,0.75,0x5000,0x5000,360,392,byte-class 3-gram 0.40 + prefix4 0.20 + message-count 0.15 + message-position 0.15 + UNKNOWN-role 0.10
00120000:0x08562001,00150100:0x011E3000,0.525587,0.774194,False,False,0.833333,0.0,0.909091,0x2000,0x3000,2072,496,byte-class 3-gram 0.40 + prefix4 0.20 + message-count 0.15 + message-position 0.15 + UNKNOWN-role 0.10
00030100:0x00BA3006,00150100:0x01813004,0.524868,0.618421,True,True,0.25,0.0,0.4,0x3000,0x3000,80,592,byte-class 3-gram 0.40 + prefix4 0.20 + message-count 0.15 + message-position 0.15 + UNKNOWN-role 0.10
00030100:0x00DC3004,00150100:0x015C3003,0.524524,0.457143,True,True,0.5,0.0,0.666667,0x3000,0x3000,72,296,byte-class 3-gram 0.40 + prefix4 0.20 + message-count 0.15 + message-position 0.15 + UNKNOWN-role 0.10
00120000:0x015D2006,00150100:0x00AC2001,0.52439,0.560976,True,True,0.333333,0.0,0.5,0x2000,0x2000,1440,80,byte-class 3-gram 0.40 + prefix4 0.20 + message-count 0.15 + message-position 0.15 + UNKNOWN-role 0.10
00150100:0x00602000,00150100:0x011E3000,0.522525,0.784091,False,False,0.8,0.0,0.888889,0x2000,0x3000,608,496,byte-class 3-gram 0.40 + prefix4 0.20 + message-count 0.15 + message-position 0.15 + UNKNOWN-role 0.10
00030100:0x02274000,00150100:0x00F62003,0.521053,0.302632,False,False,1.0,1.0,1.0,0x4000,0x2000,40,320,byte-class 3-gram 0.40 + prefix4 0.20 + message-count 0.15 + message-position 0.15 + UNKNOWN-role 0.10
00120000:0x0B3A2007,00150100:0x01813004,0.520977,0.78022,False,False,0.8,0.0,0.888889,0x2000,0x3000,2640,592,byte-class 3-gram 0.40 + prefix4 0.20 + message-count 0.15 + message-position 0.15 + UNKNOWN-role 0.10
00030100:0x00602000,00030100:0x00F13003,0.520879,0.75,False,False,0.857143,0.0,0.923077,0x2000,0x3000,720,1536,byte-class 3-gram 0.40 + prefix4 0.20 + message-count 0.15 + message-position 0.15 + UNKNOWN-role 0.10
00120000:0x015D2006,00150100:0x01813004,0.520053,0.804598,False,False,0.75,0.0,0.857143,0x2000,0x3000,1440,592,byte-class 3-gram 0.40 + prefix4 0.20 + message-count 0.15 + message-position 0.15 + UNKNOWN-role 0.10
00120000:0x08562001,00120000:0x0CDE3000,0.517445,0.769231,False,False,0.75,0.076923,0.857143,0x2000,0x3000,2072,640,byte-class 3-gram 0.40 + prefix4 0.20 + message-count 0.15 + message-position 0.15 + UNKNOWN-role 0.10
00030100:0x00602000,00120000:0x09592005,0.51617,0.840426,False,True,0.666667,0.0,0.8,0x2000,0x2000,720,3848,byte-class 3-gram 0.40 + prefix4 0.20 + message-count 0.15 + message-position 0.15 + UNKNOWN-role 0.10
00120000:0x015D2006,00120000:0x0B3A2007,0.516111,0.877778,False,True,0.6,0.0,0.75,0x2000,0x2000,1440,2640,byte-class 3-gram 0.40 + prefix4 0.20 + message-count 0.15 + message-position 0.15 + UNKNOWN-role 0.10
00030100:0x01B13005,00150100:0x011E3000,0.516058,0.813953,False,True,0.714286,0.0,0.833333,0x3000,0x3000,944,496,byte-class 3-gram 0.40 + prefix4 0.20 + message-count 0.15 + message-position 0.15 + UNKNOWN-role 0.10
00030100:0x00C43000,00120000:0x0CDE3000,0.514656,0.684211,True,True,0.125,0.0,0.222222,0x3000,0x3000,112,640,byte-class 3-gram 0.40 + prefix4 0.20 + message-count 0.15 + message-position 0.15 + UNKNOWN-role 0.10
00120000:0x02112002,00120000:0x08562001,0.510301,0.894737,False,True,0.545455,0.0,0.705882,0x2000,0x2000,4936,2072,byte-class 3-gram 0.40 + prefix4 0.20 + message-count 0.15 + message-position 0.15 + UNKNOWN-role 0.10
00150100:0x00602000,00150100:0x01CB5000,0.509574,0.648936,False,False,1.0,0.0,1.0,0x2000,0x5000,608,368,byte-class 3-gram 0.40 + prefix4 0.20 + message-count 0.15 + message-position 0.15 + UNKNOWN-role 0.10
00120000:0x015D2006,00120000:0x0D2E5001,0.508586,0.646465,False,False,1.0,0.0,1.0,0x2000,0x5000,1440,392,byte-class 3-gram 0.40 + prefix4 0.20 + message-count 0.15 + message-position 0.15 + UNKNOWN-role 0.10
00030100:0x02465001,00150100:0x011E3000,0.508065,0.645161,False,False,1.0,0.0,1.0,0x5000,0x3000,360,496,byte-class 3-gram 0.40 + prefix4 0.20 + message-count 0.15 + message-position 0.15 + UNKNOWN-role 0.10
00030100:0x00C43000,00150100:0x011E3000,0.507236,0.609756,True,True,0.2,0.0,0.333333,0x3000,0x3000,112,496,byte-class 3-gram 0.40 + prefix4 0.20 + message-count 0.15 + message-position 0.15 + UNKNOWN-role 0.10
00120000:0x06642004,00120000:0x08562001,0.506582,0.935484,False,True,0.461538,0.0,0.631579,0x2000,0x2000,3984,2072,byte-class 3-gram 0.40 + prefix4 0.20 + message-count 0.15 + message-position 0.15 + UNKNOWN-role 0.10
00030100:0x00E53002,00120000:0x0C843001,0.506169,0.649351,True,True,0.142857,0.0,0.25,0x3000,0x3000,96,720,byte-class 3-gram 0.40 + prefix4 0.20 + message-count 0.15 + message-position 0.15 + UNKNOWN-role 0.10
00030100:0x00E53002,00150100:0x01F95001,0.505738,0.639344,False,False,1.0,0.0,1.0,0x3000,0x5000,96,104,byte-class 3-gram 0.40 + prefix4 0.20 + message-count 0.15 + message-position 0.15 + UNKNOWN-role 0.10
00120000:0x02112002,00120000:0x0CDE3000,0.50394,0.776596,False,False,0.727273,0.0,0.842105,0x2000,0x3000,4936,640,byte-class 3-gram 0.40 + prefix4 0.20 + message-count 0.15 + message-position 0.15 + UNKNOWN-role 0.10
00030100:0x02465001,00150100:0x01813004,0.501796,0.685393,False,False,0.8,0.125,0.888889,0x5000,0x3000,360,592,byte-class 3-gram 0.40 + prefix4 0.20 + message-count 0.15 + message-position 0.15 + UNKNOWN-role 0.10
00120000:0x00602000,00120000:0x06642004,0.501171,0.831683,False,True,0.615385,0.0,0.761905,0x2000,0x2000,2024,3984,byte-class 3-gram 0.40 + prefix4 0.20 + message-count 0.15 + message-position 0.15 + UNKNOWN-role 0.10
00030100:0x01B13005,00120000:0x0B3A2007,0.500154,0.774194,False,False,0.714286,0.0,0.833333,0x3000,0x2000,944,2640,byte-class 3-gram 0.40 + prefix4 0.20 + message-count 0.15 + message-position 0.15 + UNKNOWN-role 0.10
00120000:0x08562001,00150100:0x01813004,0.5,0.8,False,False,0.666667,0.0,0.8,0x2000,0x3000,2072,592,byte-class 3-gram 0.40 + prefix4 0.20 + message-count 0.15 + message-position 0.15 + UNKNOWN-role 0.10
00120000:0x0B3A2007,00120000:0x0D824000,0.499085,0.72549,False,False,0.8,0.0,0.888889,0x2000,0x4000,2640,1256,byte-class 3-gram 0.40 + prefix4 0.20 + message-count 0.15 + message-position 0.15 + UNKNOWN-role 0.10
00030100:0x00C43000,00150100:0x00B62002,0.49878,0.621951,False,False,1.0,0.0,1.0,0x3000,0x2000,112,512,byte-class 3-gram 0.40 + prefix4 0.20 + message-count 0.15 + message-position 0.15 + UNKNOWN-role 0.10
00030100:0x02465001,00120000:0x0B3A2007,0.498,0.62,False,False,1.0,0.0,1.0,0x5000,0x2000,360,2640,byte-class 3-gram 0.40 + prefix4 0.20 + message-count 0.15 + message-position 0.15 + UNKNOWN-role 0.10
00120000:0x00602000,00120000:0x047A2003,0.497835,0.848485,False,True,0.571429,0.0,0.727273,0x2000,0x2000,2024,3920,byte-class 3-gram 0.40 + prefix4 0.20 + message-count 0.15 + message-position 0.15 + UNKNOWN-role 0.10
00030100:0x00C43000,00030100:0x00F13003,0.497465,0.683544,True,True,0.071429,0.0,0.133333,0x3000,0x3000,112,1536,byte-class 3-gram 0.40 + prefix4 0.20 + message-count 0.15 + message-position 0.15 + UNKNOWN-role 0.10
00030100:0x00BA3006,00120000:0x0C843001,0.497095,0.626667,True,True,0.142857,0.0,0.25,0x3000,0x3000,80,720,byte-class 3-gram 0.40 + prefix4 0.20 + message-count 0.15 + message-position 0.15 + UNKNOWN-role 0.10
00120000:0x015D2006,00120000:0x0D824000,0.496173,0.744898,False,False,0.75,0.0,0.857143,0x2000,0x4000,1440,1256,byte-class 3-gram 0.40 + prefix4 0.20 + message-count 0.15 + message-position 0.15 + UNKNOWN-role 0.10
00030100:0x01B13005,00150100:0x01813004,0.495791,0.843373,False,True,0.571429,0.0,0.727273,0x3000,0x3000,944,592,byte-class 3-gram 0.40 + prefix4 0.20 + message-count 0.15 + message-position 0.15 + UNKNOWN-role 0.10
00030100:0x00E53002,00150100:0x00B62002,0.493902,0.609756,False,False,1.0,0.0,1.0,0x3000,0x2000,96,512,byte-class 3-gram 0.40 + prefix4 0.20 + message-count 0.15 + message-position 0.15 + UNKNOWN-role 0.10
00030100:0x01B13005,00120000:0x02112002,0.493232,0.8,False,False,0.636364,0.0,0.777778,0x3000,0x2000,944,4936,byte-class 3-gram 0.40 + prefix4 0.20 + message-count 0.15 + message-position 0.15 + UNKNOWN-role 0.10
00030100:0x00E53002,00120000:0x0CDE3000,0.492254,0.628205,True,True,0.125,0.0,0.222222,0x3000,0x3000,96,640,byte-class 3-gram 0.40 + prefix4 0.20 + message-count 0.15 + message-position 0.15 + UNKNOWN-role 0.10
00120000:0x047A2003,00150100:0x00F62003,0.491304,0.728261,True,True,0.0,0.0,0.0,0x2000,0x2000,3920,320,byte-class 3-gram 0.40 + prefix4 0.20 + message-count 0.15 + message-position 0.15 + UNKNOWN-role 0.10
00120000:0x0D824000,00150100:0x011E3000,0.490522,0.704082,False,False,0.8,0.0,0.888889,0x4000,0x3000,1256,496,byte-class 3-gram 0.40 + prefix4 0.20 + message-count 0.15 + message-position 0.15 + UNKNOWN-role 0.10
00030100:0x00D23001,00150100:0x01813004,0.490487,0.532468,True,True,0.25,0.0,0.4,0x3000,0x3000,80,592,byte-class 3-gram 0.40 + prefix4 0.20 + message-count 0.15 + message-position 0.15 + UNKNOWN-role 0.10
00120000:0x0B3A2007,00120000:0x0C843001,0.490476,0.75,False,False,0.714286,0.0,0.833333,0x2000,0x3000,2640,720,byte-class 3-gram 0.40 + prefix4 0.20 + message-count 0.15 + message-position 0.15 + UNKNOWN-role 0.10
00120000:0x047A2003,00120000:0x08562001,0.489877,0.913978,False,True,0.428571,0.0,0.6,0x2000,0x2000,3920,2072,byte-class 3-gram 0.40 + prefix4 0.20 + message-count 0.15 + message-position 0.15 + UNKNOWN-role 0.10
00120000:0x09592005,00150100:0x011E3000,0.489822,0.797872,False,False,0.625,0.0,0.769231,0x2000,0x3000,3848,496,byte-class 3-gram 0.40 + prefix4 0.20 + message-count 0.15 + message-position 0.15 + UNKNOWN-role 0.10
00030100:0x00F13003,00120000:0x09592005,0.489624,0.827957,False,False,0.571429,0.0,0.727273,0x3000,0x2000,1536,3848,byte-class 3-gram 0.40 + prefix4 0.20 + message-count 0.15 + message-position 0.15 + UNKNOWN-role 0.10
00030100:0x00F13003,00030100:0x01B13005,0.489286,0.869048,False,True,0.5,0.0,0.666667,0x3000,0x3000,1536,944,byte-class 3-gram 0.40 + prefix4 0.20 + message-count 0.15 + message-position 0.15 + UNKNOWN-role 0.10
00030100:0x00C43000,00120000:0x0D5F5002,0.489024,0.597561,False,False,1.0,0.0,1.0,0x3000,0x5000,112,280,byte-class 3-gram 0.40 + prefix4 0.20 + message-count 0.15 + message-position 0.15 + UNKNOWN-role 0.10
00120000:0x02112002,00120000:0x0B3A2007,0.488577,0.894737,False,True,0.454545,0.0,0.625,0x2000,0x2000,4936,2640,byte-class 3-gram 0.40 + prefix4 0.20 + message-count 0.15 + message-position 0.15 + UNKNOWN-role 0.10
00120000:0x06642004,00120000:0x0B3A2007,0.487441,0.935484,False,True,0.384615,0.0,0.555556,0x2000,0x2000,3984,2640,byte-class 3-gram 0.40 + prefix4 0.20 + message-count 0.15 + message-position 0.15 + UNKNOWN-role 0.10
00120000:0x00602000,00120000:0x0B3A2007,0.486673,0.79,False,True,0.625,0.0,0.769231,0x2000,0x2000,2024,2640,byte-class 3-gram 0.40 + prefix4 0.20 + message-count 0.15 + message-position 0.15 + UNKNOWN-role 0.10
00150100:0x011E3000,00150100:0x01CB5000,0.485812,0.692308,False,False,0.8,0.0,0.888889,0x3000,0x5000,496,368,byte-class 3-gram 0.40 + prefix4 0.20 + message-count 0.15 + message-position 0.15 + UNKNOWN-role 0.10
00030100:0x00BA3006,00150100:0x011E3000,0.485556,0.555556,True,True,0.2,0.0,0.333333,0x3000,0x3000,80,496,byte-class 3-gram 0.40 + prefix4 0.20 + message-count 0.15 + message-position 0.15 + UNKNOWN-role 0.10
00030100:0x00DC3004,00150100:0x01813004,0.4855,0.52,True,True,0.25,0.0,0.4,0x3000,0x3000,72,592,byte-class 3-gram 0.40 + prefix4 0.20 + message-count 0.15 + message-position 0.15 + UNKNOWN-role 0.10
00120000:0x0D2E5001,00120000:0x0D824000,0.485083,0.717172,False,False,0.75,0.0,0.857143,0x5000,0x4000,392,1256,byte-class 3-gram 0.40 + prefix4 0.20 + message-count 0.15 + message-position 0.15 + UNKNOWN-role 0.10
00030100:0x00006000,00030100:0x022C5000,0.484483,0.586207,False,False,1.0,0.0,1.0,0x6000,0x5000,456,208,byte-class 3-gram 0.40 + prefix4 0.20 + message-count 0.15 + message-position 0.15 + UNKNOWN-role 0.10
00030100:0x022C5000,00120000:0x00006000,0.484483,0.586207,False,False,1.0,0.0,1.0,0x5000,0x6000,208,456,byte-class 3-gram 0.40 + prefix4 0.20 + message-count 0.15 + message-position 0.15 + UNKNOWN-role 0.10
00030100:0x022C5000,00150100:0x00006000,0.484483,0.586207,False,False,1.0,0.0,1.0,0x5000,0x6000,208,456,byte-class 3-gram 0.40 + prefix4 0.20 + message-count 0.15 + message-position 0.15 + UNKNOWN-role 0.10
00030100:0x022C5000,00151100:0x00006000,0.484483,0.586207,False,False,1.0,0.0,1.0,0x5000,0x6000,208,456,byte-class 3-gram 0.40 + prefix4 0.20 + message-count 0.15 + message-position 0.15 + UNKNOWN-role 0.10
00030100:0x00E53002,00120000:0x0D5F5002,0.484146,0.585366,False,False,1.0,0.0,1.0,0x3000,0x5000,96,280,byte-class 3-gram 0.40 + prefix4 0.20 + message-count 0.15 + message-position 0.15 + UNKNOWN-role 0.10
00120000:0x08562001,00120000:0x0D824000,0.484,0.76,False,False,0.666667,0.0,0.8,0x2000,0x4000,2072,1256,byte-class 3-gram 0.40 + prefix4 0.20 + message-count 0.15 + message-position 0.15 + UNKNOWN-role 0.10
00120000:0x02112002,00120000:0x0C843001,0.483871,0.776596,False,False,0.636364,0.0,0.777778,0x2000,0x3000,4936,720,byte-class 3-gram 0.40 + prefix4 0.20 + message-count 0.15 + message-position 0.15 + UNKNOWN-role 0.10
00150100:0x00AC2001,00150100:0x00B62002,0.482911,0.582278,False,True,1.0,0.0,1.0,0x2000,0x2000,80,512,byte-class 3-gram 0.40 + prefix4 0.20 + message-count 0.15 + message-position 0.15 + UNKNOWN-role 0.10
00030100:0x00602000,00120000:0x0CDE3000,0.481124,0.752809,False,False,0.666667,0.0,0.8,0x2000,0x3000,720,640,byte-class 3-gram 0.40 + prefix4 0.20 + message-count 0.15 + message-position 0.15 + UNKNOWN-role 0.10
00030100:0x02465001,00150100:0x01CB5000,0.48,0.677778,False,True,0.8,0.0,0.888889,0x5000,0x5000,360,368,byte-class 3-gram 0.40 + prefix4 0.20 + message-count 0.15 + message-position 0.15 + UNKNOWN-role 0.10
00120000:0x06642004,00120000:0x0CDE3000,0.479136,0.776596,False,False,0.615385,0.0,0.761905,0x2000,0x3000,3984,640,byte-class 3-gram 0.40 + prefix4 0.20 + message-count 0.15 + message-position 0.15 + UNKNOWN-role 0.10
00120000:0x00602000,00150100:0x011E3000,0.479006,0.770833,False,False,0.625,0.0,0.769231,0x2000,0x3000,2024,496,byte-class 3-gram 0.40 + prefix4 0.20 + message-count 0.15 + message-position 0.15 + UNKNOWN-role 0.10
00030100:0x00F13003,00120000:0x00602000,0.478442,0.8,False,False,0.571429,0.0,0.727273,0x3000,0x2000,1536,2024,byte-class 3-gram 0.40 + prefix4 0.20 + message-count 0.15 + message-position 0.15 + UNKNOWN-role 0.10
00120000:0x0B3A2007,00120000:0x0CDE3000,0.478365,0.769231,False,False,0.625,0.0,0.769231,0x2000,0x3000,2640,640,byte-class 3-gram 0.40 + prefix4 0.20 + message-count 0.15 + message-position 0.15 + UNKNOWN-role 0.10
00030100:0x02465001,00120000:0x0D824000,0.478277,0.673469,False,False,0.8,0.0,0.888889,0x5000,0x4000,360,1256,byte-class 3-gram 0.40 + prefix4 0.20 + message-count 0.15 + message-position 0.15 + UNKNOWN-role 0.10
00120000:0x0D5F5002,00150100:0x01F95001,0.477848,0.56962,False,True,1.0,0.0,1.0,0x5000,0x5000,280,104,byte-class 3-gram 0.40 + prefix4 0.20 + message-count 0.15 + message-position 0.15 + UNKNOWN-role 0.10
00030100:0x00BA3006,00150100:0x00AC2001,0.476667,0.566667,False,False,1.0,0.0,1.0,0x3000,0x2000,80,80,byte-class 3-gram 0.40 + prefix4 0.20 + message-count 0.15 + message-position 0.15 + UNKNOWN-role 0.10
00120000:0x0D2E5001,00150100:0x01813004,0.476475,0.695652,False,False,0.75,0.0,0.857143,0x5000,0x3000,392,592,byte-class 3-gram 0.40 + prefix4 0.20 + message-count 0.15 + message-position 0.15 + UNKNOWN-role 0.10
00030100:0x00602000,00120000:0x08562001,0.476449,0.836957,False,True,0.5,0.0,0.666667,0x2000,0x2000,720,2072,byte-class 3-gram 0.40 + prefix4 0.20 + message-count 0.15 + message-position 0.15 + UNKNOWN-role 0.10
00120000:0x015D2006,00120000:0x08562001,0.476449,0.836957,False,True,0.5,0.0,0.666667,0x2000,0x2000,1440,2072,byte-class 3-gram 0.40 + prefix4 0.20 + message-count 0.15 + message-position 0.15 + UNKNOWN-role 0.10
00120000:0x015D2006,00150100:0x011E3000,0.476111,0.777778,False,False,0.6,0.0,0.75,0x2000,0x3000,1440,496,byte-class 3-gram 0.40 + prefix4 0.20 + message-count 0.15 + message-position 0.15 + UNKNOWN-role 0.10
00030100:0x00E53002,00030100:0x00F13003,0.475899,0.62963,True,True,0.071429,0.0,0.133333,0x3000,0x3000,96,1536,byte-class 3-gram 0.40 + prefix4 0.20 + message-count 0.15 + message-position 0.15 + UNKNOWN-role 0.10
00030100:0x00006000,00150100:0x015C3003,0.472727,0.556818,False,False,1.0,0.0,1.0,0x6000,0x3000,456,296,byte-class 3-gram 0.40 + prefix4 0.20 + message-count 0.15 + message-position 0.15 + UNKNOWN-role 0.10
00120000:0x00006000,00150100:0x015C3003,0.472727,0.556818,False,False,1.0,0.0,1.0,0x6000,0x3000,456,296,byte-class 3-gram 0.40 + prefix4 0.20 + message-count 0.15 + message-position 0.15 + UNKNOWN-role 0.10
00150100:0x00006000,00150100:0x015C3003,0.472727,0.556818,False,False,1.0,0.0,1.0,0x6000,0x3000,456,296,byte-class 3-gram 0.40 + prefix4 0.20 + message-count 0.15 + message-position 0.15 + UNKNOWN-role 0.10
00150100:0x015C3003,00151100:0x00006000,0.472727,0.556818,False,False,1.0,0.0,1.0,0x3000,0x6000,296,456,byte-class 3-gram 0.40 + prefix4 0.20 + message-count 0.15 + message-position 0.15 + UNKNOWN-role 0.10
00030100:0x00602000,00030100:0x01B13005,0.472295,0.777778,False,False,0.583333,0.0,0.736842,0x2000,0x3000,720,944,byte-class 3-gram 0.40 + prefix4 0.20 + message-count 0.15 + message-position 0.15 + UNKNOWN-role 0.10
00150100:0x00B62002,00150100:0x01F95001,0.472222,0.555556,False,False,1.0,0.0,1.0,0x2000,0x5000,512,104,byte-class 3-gram 0.40 + prefix4 0.20 + message-count 0.15 + message-position 0.15 + UNKNOWN-role 0.10
00030100:0x00C43000,00150100:0x01F95001,0.471538,0.553846,False,False,1.0,0.0,1.0,0x3000,0x5000,112,104,byte-class 3-gram 0.40 + prefix4 0.20 + message-count 0.15 + message-position 0.15 + UNKNOWN-role 0.10
00120000:0x015D2006,00120000:0x09592005,0.471235,0.901099,False,True,0.375,0.0,0.545455,0x2000,0x2000,1440,3848,byte-class 3-gram 0.40 + prefix4 0.20 + message-count 0.15 + message-position 0.15 + UNKNOWN-role 0.10
00030100:0x01B13005,00030100:0x02465001,0.470476,0.7,False,False,0.714286,0.0,0.833333,0x3000,0x5000,944,360,byte-class 3-gram 0.40 + prefix4 0.20 + message-count 0.15 + message-position 0.15 + UNKNOWN-role 0.10
00030100:0x00D23001,00120000:0x0C843001,0.470429,0.56,True,True,0.142857,0.0,0.25,0x3000,0x3000,80,720,byte-class 3-gram 0.40 + prefix4 0.20 + message-count 0.15 + message-position 0.15 + UNKNOWN-role 0.10
00030100:0x00602000,00120000:0x0C843001,0.470275,0.772727,False,False,0.583333,0.0,0.736842,0x2000,0x3000,720,720,byte-class 3-gram 0.40 + prefix4 0.20 + message-count 0.15 + message-position 0.15 + UNKNOWN-role 0.10
00030100:0x00E53002,00150100:0x00AC2001,0.46875,0.546875,False,False,1.0,0.0,1.0,0x3000,0x2000,96,80,byte-class 3-gram 0.40 + prefix4 0.20 + message-count 0.15 + message-position 0.15 + UNKNOWN-role 0.10
00030100:0x00D23001,00150100:0x011E3000,0.468333,0.5125,True,True,0.2,0.0,0.333333,0x3000,0x3000,80,496,byte-class 3-gram 0.40 + prefix4 0.20 + message-count 0.15 + message-position 0.15 + UNKNOWN-role 0.10
00120000:0x0D5F5002,00150100:0x02065002,0.468182,0.545455,False,True,1.0,0.0,1.0,0x5000,0x5000,280,104,byte-class 3-gram 0.40 + prefix4 0.20 + message-count 0.15 + message-position 0.15 + UNKNOWN-role 0.10
00120000:0x047A2003,00120000:0x0CDE3000,0.468119,0.774194,False,False,0.571429,0.0,0.727273,0x2000,0x3000,3920,640,byte-class 3-gram 0.40 + prefix4 0.20 + message-count 0.15 + message-position 0.15 + UNKNOWN-role 0.10
00030100:0x02465001,00120000:0x0C843001,0.467749,0.693182,False,False,0.714286,0.0,0.833333,0x5000,0x3000,360,720,byte-class 3-gram 0.40 + prefix4 0.20 + message-count 0.15 + message-position 0.15 + UNKNOWN-role 0.10
00120000:0x09592005,00150100:0x00602000,0.465071,0.808511,False,True,0.5,0.0,0.666667,0x2000,0x2000,3848,608,byte-class 3-gram 0.40 + prefix4 0.20 + message-count 0.15 + message-position 0.15 + UNKNOWN-role 0.10
00030100:0x02465001,00150100:0x00602000,0.464208,0.638298,False,False,0.8,0.0,0.888889,0x5000,0x2000,360,608,byte-class 3-gram 0.40 + prefix4 0.20 + message-count 0.15 + message-position 0.15 + UNKNOWN-role 0.10
00030100:0x02465001,00120000:0x08562001,0.463909,0.62,False,False,0.833333,0.0,0.909091,0x5000,0x2000,360,2072,byte-class 3-gram 0.40 + prefix4 0.20 + message-count 0.15 + message-position 0.15 + UNKNOWN-role 0.10
00120000:0x047A2003,00120000:0x0B3A2007,0.46365,0.893617,False,True,0.357143,0.0,0.526316,0x2000,0x2000,3920,2640,byte-class 3-gram 0.40 + prefix4 0.20 + message-count 0.15 + message-position 0.15 + UNKNOWN-role 0.10
00120000:0x015D2006,00150100:0x01CB5000,0.463477,0.663158,False,False,0.75,0.0,0.857143,0x2000,0x5000,1440,368,byte-class 3-gram 0.40 + prefix4 0.20 + message-count 0.15 + message-position 0.15 + UNKNOWN-role 0.10
00120000:0x09592005,00150100:0x01813004,0.463406,0.804348,False,False,0.5,0.0,0.666667,0x2000,0x3000,3848,592,byte-class 3-gram 0.40 + prefix4 0.20 + message-count 0.15 + message-position 0.15 + UNKNOWN-role 0.10
00030100:0x01B13005,00120000:0x06642004,0.463269,0.78125,False,False,0.538462,0.0,0.7,0x3000,0x2000,944,3984,byte-class 3-gram 0.40 + prefix4 0.20 + message-count 0.15 + message-position 0.15 + UNKNOWN-role 0.10
00120000:0x06642004,00120000:0x0C843001,0.461408,0.776596,False,False,0.538462,0.0,0.7,0x2000,0x3000,3984,720,byte-class 3-gram 0.40 + prefix4 0.20 + message-count 0.15 + message-position 0.15 + UNKNOWN-role 0.10
00120000:0x0B3A2007,00150100:0x01CB5000,0.460889,0.63,False,False,0.8,0.0,0.888889,0x2000,0x5000,2640,368,byte-class 3-gram 0.40 + prefix4 0.20 + message-count 0.15 + message-position 0.15 + UNKNOWN-role 0.10
00150100:0x00AC2001,00150100:0x01F95001,0.459836,0.52459,False,False,1.0,0.0,1.0,0x2000,0x5000,80,104,byte-class 3-gram 0.40 + prefix4 0.20 + message-count 0.15 + message-position 0.15 + UNKNOWN-role 0.10
00120000:0x0C843001,00120000:0x0D824000,0.459517,0.752688,False,False,0.571429,0.0,0.727273,0x3000,0x4000,720,1256,byte-class 3-gram 0.40 + prefix4 0.20 + message-count 0.15 + message-position 0.15 + UNKNOWN-role 0.10
00120000:0x047A2003,00120000:0x0C843001,0.459058,0.793478,False,False,0.5,0.0,0.666667,0x2000,0x3000,3920,720,byte-class 3-gram 0.40 + prefix4 0.20 + message-count 0.15 + message-position 0.15 + UNKNOWN-role 0.10
00030100:0x00BA3006,00120000:0x0CDE3000,0.458694,0.544304,True,True,0.125,0.0,0.222222,0x3000,0x3000,80,640,byte-class 3-gram 0.40 + prefix4 0.20 + message-count 0.15 + message-position 0.15 + UNKNOWN-role 0.10
00120000:0x0D2E5001,00150100:0x00602000,0.458008,0.649485,False,False,0.75,0.0,0.857143,0x5000,0x2000,392,608,byte-class 3-gram 0.40 + prefix4 0.20 + message-count 0.15 + message-position 0.15 + UNKNOWN-role 0.10
00030100:0x00D23001,00120000:0x0CDE3000,0.456762,0.539474,True,True,0.125,0.0,0.222222,0x3000,0x3000,80,640,byte-class 3-gram 0.40 + prefix4 0.20 + message-count 0.15 + message-position 0.15 + UNKNOWN-role 0.10
00030100:0x01B13005,00150100:0x00602000,0.456219,0.744444,False,False,0.571429,0.0,0.727273,0x3000,0x2000,944,608,byte-class 3-gram 0.40 + prefix4 0.20 + message-count 0.15 + message-position 0.15 + UNKNOWN-role 0.10
00030100:0x00602000,00120000:0x0B3A2007,0.456106,0.836957,False,True,0.416667,0.0,0.588235,0x2000,0x2000,720,2640,byte-class 3-gram 0.40 + prefix4 0.20 + message-count 0.15 + message-position 0.15 + UNKNOWN-role 0.10
00030100:0x00C43000,00150100:0x00AC2001,0.456061,0.515152,False,False,1.0,0.0,1.0,0x3000,0x2000,112,80,byte-class 3-gram 0.40 + prefix4 0.20 + message-count 0.15 + message-position 0.15 + UNKNOWN-role 0.10
00030100:0x00BA3006,00150100:0x00B62002,0.454762,0.511905,False,False,1.0,0.0,1.0,0x3000,0x2000,80,512,byte-class 3-gram 0.40 + prefix4 0.20 + message-count 0.15 + message-position 0.15 + UNKNOWN-role 0.10
00030100:0x022C5000,00150100:0x015C3003,0.454762,0.511905,False,False,1.0,0.0,1.0,0x5000,0x3000,208,296,byte-class 3-gram 0.40 + prefix4 0.20 + message-count 0.15 + message-position 0.15 + UNKNOWN-role 0.10
00120000:0x015D2006,00150100:0x015C3003,0.454419,0.686047,False,False,0.666667,0.0,0.8,0x2000,0x3000,1440,296,byte-class 3-gram 0.40 + prefix4 0.20 + message-count 0.15 + message-position 0.15 + UNKNOWN-role 0.10
00030100:0x01B13005,00120000:0x0D824000,0.454275,0.739583,False,False,0.571429,0.0,0.727273,0x3000,0x4000,944,1256,byte-class 3-gram 0.40 + prefix4 0.20 + message-count 0.15 + message-position 0.15 + UNKNOWN-role 0.10
00030100:0x01B13005,00120000:0x047A2003,0.453246,0.778947,False,False,0.5,0.0,0.666667,0x3000,0x2000,944,3920,byte-class 3-gram 0.40 + prefix4 0.20 + message-count 0.15 + message-position 0.15 + UNKNOWN-role 0.10
00030100:0x00BA3006,00150100:0x01F95001,0.453175,0.507937,False,False,1.0,0.0,1.0,0x3000,0x5000,80,104,byte-class 3-gram 0.40 + prefix4 0.20 + message-count 0.15 + message-position 0.15 + UNKNOWN-role 0.10
00030100:0x00E53002,00150100:0x02065002,0.453175,0.507937,False,False,1.0,0.0,1.0,0x3000,0x5000,96,104,byte-class 3-gram 0.40 + prefix4 0.20 + message-count 0.15 + message-position 0.15 + UNKNOWN-role 0.10
00030100:0x00D23001,00150100:0x00B62002,0.452469,0.506173,False,False,1.0,0.0,1.0,0x3000,0x2000,80,512,byte-class 3-gram 0.40 + prefix4 0.20 + message-count 0.15 + message-position 0.15 + UNKNOWN-role 0.10
00030100:0x00BA3006,00030100:0x00F13003,0.451208,0.567901,True,True,0.071429,0.0,0.133333,0x3000,0x3000,80,1536,byte-class 3-gram 0.40 + prefix4 0.20 + message-count 0.15 + message-position 0.15 + UNKNOWN-role 0.10
00120000:0x00602000,00150100:0x01813004,0.451136,0.739583,False,False,0.5,0.090909,0.666667,0x2000,0x3000,2024,592,byte-class 3-gram 0.40 + prefix4 0.20 + message-count 0.15 + message-position 0.15 + UNKNOWN-role 0.10
00030100:0x00D23001,00150100:0x01F95001,0.45,0.5,False,False,1.0,0.0,1.0,0x3000,0x5000,80,104,byte-class 3-gram 0.40 + prefix4 0.20 + message-count 0.15 + message-position 0.15 + UNKNOWN-role 0.10
00030100:0x00DC3004,00120000:0x0C843001,0.449095,0.506667,True,True,0.142857,0.0,0.25,0x3000,0x3000,72,720,byte-class 3-gram 0.40 + prefix4 0.20 + message-count 0.15 + message-position 0.15 + UNKNOWN-role 0.10
00030100:0x00DC3004,00150100:0x011E3000,0.448333,0.4625,True,True,0.2,0.0,0.333333,0x3000,0x3000,72,496,byte-class 3-gram 0.40 + prefix4 0.20 + message-count 0.15 + message-position 0.15 + UNKNOWN-role 0.10
00030100:0x02465001,00120000:0x0CDE3000,0.447946,0.693182,False,False,0.625,0.0,0.769231,0x5000,0x3000,360,640,byte-class 3-gram 0.40 + prefix4 0.20 + message-count 0.15 + message-position 0.15 + UNKNOWN-role 0.10
00030100:0x00396001,00150100:0x015C3003,0.447468,0.493671,False,False,1.0,0.0,1.0,0x6000,0x3000,312,296,byte-class 3-gram 0.40 + prefix4 0.20 + message-count 0.15 + message-position 0.15 + UNKNOWN-role 0.10
00120000:0x00396001,00150100:0x015C3003,0.447468,0.493671,False,False,1.0,0.0,1.0,0x6000,0x3000,312,296,byte-class 3-gram 0.40 + prefix4 0.20 + message-count 0.15 + message-position 0.15 + UNKNOWN-role 0.10
00150100:0x00396001,00150100:0x015C3003,0.447468,0.493671,False,False,1.0,0.0,1.0,0x6000,0x3000,312,296,byte-class 3-gram 0.40 + prefix4 0.20 + message-count 0.15 + message-position 0.15 + UNKNOWN-role 0.10
00150100:0x015C3003,00151100:0x00396001,0.447468,0.493671,False,False,1.0,0.0,1.0,0x3000,0x6000,296,384,byte-class 3-gram 0.40 + prefix4 0.20 + message-count 0.15 + message-position 0.15 + UNKNOWN-role 0.10
00120000:0x0C843001,00150100:0x00602000,0.446082,0.719101,False,False,0.571429,0.0,0.727273,0x3000,0x2000,720,608,byte-class 3-gram 0.40 + prefix4 0.20 + message-count 0.15 + message-position 0.15 + UNKNOWN-role 0.10
00030100:0x00F13003,00120000:0x08562001,0.446025,0.804348,False,False,0.428571,0.0,0.6,0x3000,0x2000,1536,2072,byte-class 3-gram 0.40 + prefix4 0.20 + message-count 0.15 + message-position 0.15 + UNKNOWN-role 0.10
00030100:0x00BA3006,00120000:0x0D5F5002,0.445238,0.488095,False,False,1.0,0.0,1.0,0x3000,0x5000,80,280,byte-class 3-gram 0.40 + prefix4 0.20 + message-count 0.15 + message-position 0.15 + UNKNOWN-role 0.10
00030100:0x00396001,00030100:0x022C5000,0.445,0.4875,False,False,1.0,0.0,1.0,0x6000,0x5000,312,208,byte-class 3-gram 0.40 + prefix4 0.20 + message-count 0.15 + message-position 0.15 + UNKNOWN-role 0.10
00030100:0x022C5000,00120000:0x00396001,0.445,0.4875,False,False,1.0,0.0,1.0,0x5000,0x6000,208,312,byte-class 3-gram 0.40 + prefix4 0.20 + message-count 0.15 + message-position 0.15 + UNKNOWN-role 0.10
00030100:0x022C5000,00150100:0x00396001,0.445,0.4875,False,False,1.0,0.0,1.0,0x5000,0x6000,208,312,byte-class 3-gram 0.40 + prefix4 0.20 + message-count 0.15 + message-position 0.15 + UNKNOWN-role 0.10
00030100:0x022C5000,00151100:0x00396001,0.445,0.4875,False,False,1.0,0.0,1.0,0x5000,0x6000,208,384,byte-class 3-gram 0.40 + prefix4 0.20 + message-count 0.15 + message-position 0.15 + UNKNOWN-role 0.10
00030100:0x00DC3004,00120000:0x0CDE3000,0.443639,0.506667,True,True,0.125,0.0,0.222222,0x3000,0x3000,72,640,byte-class 3-gram 0.40 + prefix4 0.20 + message-count 0.15 + message-position 0.15 + UNKNOWN-role 0.10
00030100:0x01B13005,00120000:0x015D2006,0.443387,0.797753,False,False,0.428571,0.0,0.6,0x3000,0x2000,944,1440,byte-class 3-gram 0.40 + prefix4 0.20 + message-count 0.15 + message-position 0.15 + UNKNOWN-role 0.10
00030100:0x00D23001,00150100:0x00AC2001,0.443333,0.483333,False,False,1.0,0.0,1.0,0x3000,0x2000,80,80,byte-class 3-gram 0.40 + prefix4 0.20 + message-count 0.15 + message-position 0.15 + UNKNOWN-role 0.10
00120000:0x02112002,00150100:0x011E3000,0.443182,0.78125,False,False,0.454545,0.0,0.625,0x2000,0x3000,4936,496,byte-class 3-gram 0.40 + prefix4 0.20 + message-count 0.15 + message-position 0.15 + UNKNOWN-role 0.10
00120000:0x0D5F5002,00150100:0x00AC2001,0.442771,0.481928,False,False,1.0,0.0,1.0,0x5000,0x2000,280,80,byte-class 3-gram 0.40 + prefix4 0.20 + message-count 0.15 + message-position 0.15 + UNKNOWN-role 0.10
00030100:0x00D23001,00030100:0x00F13003,0.441769,0.544304,True,True,0.071429,0.0,0.133333,0x3000,0x3000,80,1536,byte-class 3-gram 0.40 + prefix4 0.20 + message-count 0.15 + message-position 0.15 + UNKNOWN-role 0.10
00030100:0x00C43000,00150100:0x02065002,0.440769,0.476923,False,False,1.0,0.0,1.0,0x3000,0x5000,112,104,byte-class 3-gram 0.40 + prefix4 0.20 + message-count 0.15 + message-position 0.15 + UNKNOWN-role 0.10
00120000:0x09592005,00120000:0x0D824000,0.440696,0.747573,False,False,0.5,0.0,0.666667,0x2000,0x4000,3848,1256,byte-class 3-gram 0.40 + prefix4 0.20 + message-count 0.15 + message-position 0.15 + UNKNOWN-role 0.10
00120000:0x0C843001,00150100:0x01CB5000,0.44026,0.704545,False,False,0.571429,0.0,0.727273,0x3000,0x5000,720,368,byte-class 3-gram 0.40 + prefix4 0.20 + message-count 0.15 + message-position 0.15 + UNKNOWN-role 0.10
00150100:0x00B62002,00150100:0x02065002,0.440244,0.47561,False,False,1.0,0.0,1.0,0x2000,0x5000,512,104,byte-class 3-gram 0.40 + prefix4 0.20 + message-count 0.15 + message-position 0.15 + UNKNOWN-role 0.10
00120000:0x02112002,00150100:0x00602000,0.439794,0.829787,False,True,0.363636,0.0,0.533333,0x2000,0x2000,4936,608,byte-class 3-gram 0.40 + prefix4 0.20 + message-count 0.15 + message-position 0.15 + UNKNOWN-role 0.10
00120000:0x08562001,00150100:0x01CB5000,0.438586,0.646465,False,False,0.666667,0.0,0.8,0x2000,0x5000,2072,368,byte-class 3-gram 0.40 + prefix4 0.20 + message-count 0.15 + message-position 0.15 + UNKNOWN-role 0.10
00120000:0x00602000,00120000:0x0D824000,0.437821,0.740385,False,False,0.5,0.0,0.666667,0x2000,0x4000,2024,1256,byte-class 3-gram 0.40 + prefix4 0.20 + message-count 0.15 + message-position 0.15 + UNKNOWN-role 0.10
00120000:0x0CDE3000,00150100:0x00602000,0.437121,0.738636,False,False,0.5,0.0,0.666667,0x3000,0x2000,640,608,byte-class 3-gram 0.40 + prefix4 0.20 + message-count 0.15 + message-position 0.15 + UNKNOWN-role 0.10
00120000:0x015D2006,00120000:0x02112002,0.436454,0.88172,False,True,0.272727,0.0,0.428571,0x2000,0x2000,1440,4936,byte-class 3-gram 0.40 + prefix4 0.20 + message-count 0.15 + message-position 0.15 + UNKNOWN-role 0.10
00120000:0x00602000,00120000:0x015D2006,0.435795,0.8125,False,True,0.375,0.0,0.545455,0x2000,0x2000,2024,1440,byte-class 3-gram 0.40 + prefix4 0.20 + message-count 0.15 + message-position 0.15 + UNKNOWN-role 0.10
00030100:0x00D23001,00120000:0x0D5F5002,0.435366,0.463415,False,False,1.0,0.0,1.0,0x3000,0x5000,80,280,byte-class 3-gram 0.40 + prefix4 0.20 + message-count 0.15 + message-position 0.15 + UNKNOWN-role 0.10
00120000:0x0D2E5001,00150100:0x015C3003,0.434545,0.636364,False,False,0.666667,0.0,0.8,0x5000,0x3000,392,296,byte-class 3-gram 0.40 + prefix4 0.20 + message-count 0.15 + message-position 0.15 + UNKNOWN-role 0.10
00120000:0x0D2E5001,00150100:0x011E3000,0.434474,0.673684,False,False,0.6,0.0,0.75,0x5000,0x3000,392,496,byte-class 3-gram 0.40 + prefix4 0.20 + message-count 0.15 + message-position 0.15 + UNKNOWN-role 0.10
00120000:0x015D2006,00120000:0x0C843001,0.433377,0.772727,False,False,0.428571,0.0,0.6,0x2000,0x3000,1440,720,byte-class 3-gram 0.40 + prefix4 0.20 + message-count 0.15 + message-position 0.15 + UNKNOWN-role 0.10
00120000:0x047A2003,00150100:0x011E3000,0.433085,0.817204,False,False,0.357143,0.0,0.526316,0x2000,0x3000,3920,496,byte-class 3-gram 0.40 + prefix4 0.20 + message-count 0.15 + message-position 0.15 + UNKNOWN-role 0.10
00030100:0x00DC3004,00150100:0x01F95001,0.433051,0.457627,False,False,1.0,0.0,1.0,0x3000,0x5000,72,104,byte-class 3-gram 0.40 + prefix4 0.20 + message-count 0.15 + message-position 0.15 + UNKNOWN-role 0.10
00030100:0x00DC3004,00150100:0x00B62002,0.432716,0.45679,False,False,1.0,0.0,1.0,0x3000,0x2000,72,512,byte-class 3-gram 0.40 + prefix4 0.20 + message-count 0.15 + message-position 0.15 + UNKNOWN-role 0.10
00120000:0x015D2006,00150100:0x00B62002,0.431818,0.829545,False,True,0.333333,0.0,0.5,0x2000,0x2000,1440,512,byte-class 3-gram 0.40 + prefix4 0.20 + message-count 0.15 + message-position 0.15 + UNKNOWN-role 0.10
00120000:0x0CDE3000,00150100:0x01CB5000,0.431322,0.724138,False,False,0.5,0.0,0.666667,0x3000,0x5000,640,368,byte-class 3-gram 0.40 + prefix4 0.20 + message-count 0.15 + message-position 0.15 + UNKNOWN-role 0.10
00030100:0x00DC3004,00120000:0x0D5F5002,0.43,0.45,False,False,1.0,0.0,1.0,0x3000,0x5000,72,280,byte-class 3-gram 0.40 + prefix4 0.20 + message-count 0.15 + message-position 0.15 + UNKNOWN-role 0.10
00120000:0x0C843001,00120000:0x0D2E5001,0.428831,0.761364,False,False,0.428571,0.0,0.6,0x3000,0x5000,720,392,byte-class 3-gram 0.40 + prefix4 0.20 + message-count 0.15 + message-position 0.15 + UNKNOWN-role 0.10
00030100:0x01B13005,00150100:0x01CB5000,0.428007,0.673913,False,False,0.571429,0.0,0.727273,0x3000,0x5000,944,368,byte-class 3-gram 0.40 + prefix4 0.20 + message-count 0.15 + message-position 0.15 + UNKNOWN-role 0.10
00120000:0x0CDE3000,00120000:0x0D824000,0.427982,0.715789,False,False,0.5,0.0,0.666667,0x3000,0x4000,640,1256,byte-class 3-gram 0.40 + prefix4 0.20 + message-count 0.15 + message-position 0.15 + UNKNOWN-role 0.10
00030100:0x00DC3004,00150100:0x00AC2001,0.426271,0.440678,False,False,1.0,0.0,1.0,0x3000,0x2000,72,80,byte-class 3-gram 0.40 + prefix4 0.20 + message-count 0.15 + message-position 0.15 + UNKNOWN-role 0.10
00150100:0x00602000,00150100:0x015C3003,0.426004,0.710843,False,False,0.5,0.0,0.666667,0x2000,0x3000,608,296,byte-class 3-gram 0.40 + prefix4 0.20 + message-count 0.15 + message-position 0.15 + UNKNOWN-role 0.10
00030100:0x00006000,00120000:0x0D2E5001,0.425833,0.614583,False,False,0.666667,0.0,0.8,0x6000,0x5000,456,392,byte-class 3-gram 0.40 + prefix4 0.20 + message-count 0.15 + message-position 0.15 + UNKNOWN-role 0.10
00120000:0x00006000,00120000:0x0D2E5001,0.425833,0.614583,False,False,0.666667,0.0,0.8,0x6000,0x5000,456,392,byte-class 3-gram 0.40 + prefix4 0.20 + message-count 0.15 + message-position 0.15 + UNKNOWN-role 0.10
00120000:0x0D2E5001,00150100:0x00006000,0.425833,0.614583,False,False,0.666667,0.0,0.8,0x5000,0x6000,392,456,byte-class 3-gram 0.40 + prefix4 0.20 + message-count 0.15 + message-position 0.15 + UNKNOWN-role 0.10
00120000:0x0D2E5001,00151100:0x00006000,0.425833,0.614583,False,False,0.666667,0.0,0.8,0x5000,0x6000,392,456,byte-class 3-gram 0.40 + prefix4 0.20 + message-count 0.15 + message-position 0.15 + UNKNOWN-role 0.10
00120000:0x06642004,00150100:0x011E3000,0.425748,0.78125,False,False,0.384615,0.0,0.555556,0x2000,0x3000,3984,496,byte-class 3-gram 0.40 + prefix4 0.20 + message-count 0.15 + message-position 0.15 + UNKNOWN-role 0.10
00120000:0x06642004,00150100:0x00602000,0.425128,0.829787,False,True,0.307692,0.0,0.470588,0x2000,0x2000,3984,608,byte-class 3-gram 0.40 + prefix4 0.20 + message-count 0.15 + message-position 0.15 + UNKNOWN-role 0.10
00120000:0x015D2006,00120000:0x06642004,0.424804,0.88172,False,True,0.230769,0.0,0.375,0x2000,0x2000,1440,3984,byte-class 3-gram 0.40 + prefix4 0.20 + message-count 0.15 + message-position 0.15 + UNKNOWN-role 0.10
00120000:0x0B3A2007,00120000:0x0D2E5001,0.423824,0.647059,False,False,0.6,0.0,0.75,0x2000,0x5000,2640,392,byte-class 3-gram 0.40 + prefix4 0.20 + message-count 0.15 + message-position 0.15 + UNKNOWN-role 0.10
00120000:0x02112002,00150100:0x01813004,0.422772,0.787234,False,False,0.363636,0.0,0.533333,0x2000,0x3000,4936,592,byte-class 3-gram 0.40 + prefix4 0.20 + message-count 0.15 + message-position 0.15 + UNKNOWN-role 0.10
00030100:0x02465001,00120000:0x09592005,0.421653,0.627451,False,False,0.625,0.0,0.769231,0x5000,0x2000,360,3848,byte-class 3-gram 0.40 + prefix4 0.20 + message-count 0.15 + message-position 0.15 + UNKNOWN-role 0.10
00030100:0x00DC3004,00030100:0x00F13003,0.421516,0.493671,True,True,0.071429,0.0,0.133333,0x3000,0x3000,72,1536,byte-class 3-gram 0.40 + prefix4 0.20 + message-count 0.15 + message-position 0.15 + UNKNOWN-role 0.10
00030100:0x00F13003,00120000:0x0B3A2007,0.420182,0.784946,False,False,0.357143,0.0,0.526316,0x3000,0x2000,1536,2640,byte-class 3-gram 0.40 + prefix4 0.20 + message-count 0.15 + message-position 0.15 + UNKNOWN-role 0.10
00120000:0x015D2006,00120000:0x0CDE3000,0.419886,0.772727,False,False,0.375,0.0,0.545455,0x2000,0x3000,1440,640,byte-class 3-gram 0.40 + prefix4 0.20 + message-count 0.15 + message-position 0.15 + UNKNOWN-role 0.10
00120000:0x015D2006,00120000:0x047A2003,0.419611,0.880435,False,True,0.214286,0.0,0.352941,0x2000,0x2000,1440,3920,byte-class 3-gram 0.40 + prefix4 0.20 + message-count 0.15 + message-position 0.15 + UNKNOWN-role 0.10
00030100:0x02465001,00120000:0x00602000,0.419217,0.621359,False,False,0.625,0.0,0.769231,0x5000,0x2000,360,2024,byte-class 3-gram 0.40 + prefix4 0.20 + message-count 0.15 + message-position 0.15 + UNKNOWN-role 0.10
00030100:0x02465001,00120000:0x015D2006,0.419167,0.635417,False,False,0.6,0.0,0.75,0x5000,0x2000,360,1440,byte-class 3-gram 0.40 + prefix4 0.20 + message-count 0.15 + message-position 0.15 + UNKNOWN-role 0.10
00150100:0x00B62002,00150100:0x015C3003,0.417857,0.690476,False,False,0.5,0.0,0.666667,0x2000,0x3000,512,296,byte-class 3-gram 0.40 + prefix4 0.20 + message-count 0.15 + message-position 0.15 + UNKNOWN-role 0.10
00030100:0x00602000,00150100:0x011E3000,0.416976,0.73913,False,False,0.416667,0.0,0.588235,0x2000,0x3000,720,496,byte-class 3-gram 0.40 + prefix4 0.20 + message-count 0.15 + message-position 0.15 + UNKNOWN-role 0.10
00030100:0x00D23001,00150100:0x02065002,0.416667,0.416667,False,False,1.0,0.0,1.0,0x3000,0x5000,80,104,byte-class 3-gram 0.40 + prefix4 0.20 + message-count 0.15 + message-position 0.15 + UNKNOWN-role 0.10
00120000:0x02112002,00120000:0x0D824000,0.414675,0.76699,False,False,0.363636,0.0,0.533333,0x2000,0x4000,4936,1256,byte-class 3-gram 0.40 + prefix4 0.20 + message-count 0.15 + message-position 0.15 + UNKNOWN-role 0.10
00030100:0x00602000,00120000:0x015D2006,0.414579,0.842697,False,True,0.25,0.0,0.4,0x2000,0x2000,720,1440,byte-class 3-gram 0.40 + prefix4 0.20 + message-count 0.15 + message-position 0.15 + UNKNOWN-role 0.10
00030100:0x00006000,00120000:0x0D824000,0.413832,0.680412,False,False,0.5,0.0,0.666667,0x6000,0x4000,456,1256,byte-class 3-gram 0.40 + prefix4 0.20 + message-count 0.15 + message-position 0.15 + UNKNOWN-role 0.10
00120000:0x00006000,00120000:0x0D824000,0.413832,0.680412,False,False,0.5,0.0,0.666667,0x6000,0x4000,456,1256,byte-class 3-gram 0.40 + prefix4 0.20 + message-count 0.15 + message-position 0.15 + UNKNOWN-role 0.10
00120000:0x0D824000,00150100:0x00006000,0.413832,0.680412,False,False,0.5,0.0,0.666667,0x4000,0x6000,1256,456,byte-class 3-gram 0.40 + prefix4 0.20 + message-count 0.15 + message-position 0.15 + UNKNOWN-role 0.10
00120000:0x0D824000,00151100:0x00006000,0.413832,0.680412,False,False,0.5,0.0,0.666667,0x4000,0x6000,1256,456,byte-class 3-gram 0.40 + prefix4 0.20 + message-count 0.15 + message-position 0.15 + UNKNOWN-role 0.10
00120000:0x08562001,00120000:0x0D2E5001,0.413667,0.68,False,False,0.5,0.0,0.666667,0x2000,0x5000,2072,392,byte-class 3-gram 0.40 + prefix4 0.20 + message-count 0.15 + message-position 0.15 + UNKNOWN-role 0.10
00030100:0x00BA3006,00150100:0x02065002,0.4125,0.40625,False,False,1.0,0.0,1.0,0x3000,0x5000,80,104,byte-class 3-gram 0.40 + prefix4 0.20 + message-count 0.15 + message-position 0.15 + UNKNOWN-role 0.10
00150100:0x00602000,00150100:0x00B62002,0.412384,0.837209,False,True,0.25,0.0,0.4,0x2000,0x2000,608,512,byte-class 3-gram 0.40 + prefix4 0.20 + message-count 0.15 + message-position 0.15 + UNKNOWN-role 0.10
00120000:0x047A2003,00150100:0x00602000,0.410706,0.808511,False,True,0.285714,0.0,0.444444,0x2000,0x2000,3920,608,byte-class 3-gram 0.40 + prefix4 0.20 + message-count 0.15 + message-position 0.15 + UNKNOWN-role 0.10
00030100:0x00006000,00120000:0x015D2006,0.410303,0.575758,False,False,0.666667,0.0,0.8,0x6000,0x2000,456,1440,byte-class 3-gram 0.40 + prefix4 0.20 + message-count 0.15 + message-position 0.15 + UNKNOWN-role 0.10
00120000:0x00006000,00120000:0x015D2006,0.410303,0.575758,False,False,0.666667,0.0,0.8,0x6000,0x2000,456,1440,byte-class 3-gram 0.40 + prefix4 0.20 + message-count 0.15 + message-position 0.15 + UNKNOWN-role 0.10
00120000:0x015D2006,00150100:0x00006000,0.410303,0.575758,False,False,0.666667,0.0,0.8,0x2000,0x6000,1440,456,byte-class 3-gram 0.40 + prefix4 0.20 + message-count 0.15 + message-position 0.15 + UNKNOWN-role 0.10
00120000:0x015D2006,00151100:0x00006000,0.410303,0.575758,False,False,0.666667,0.0,0.8,0x2000,0x6000,1440,456,byte-class 3-gram 0.40 + prefix4 0.20 + message-count 0.15 + message-position 0.15 + UNKNOWN-role 0.10
00120000:0x06642004,00120000:0x0D824000,0.409384,0.76699,False,False,0.307692,0.0625,0.470588,0x2000,0x4000,3984,1256,byte-class 3-gram 0.40 + prefix4 0.20 + message-count 0.15 + message-position 0.15 + UNKNOWN-role 0.10
00150100:0x00AC2001,00150100:0x02065002,0.40873,0.396825,False,False,1.0,0.0,1.0,0x2000,0x5000,80,104,byte-class 3-gram 0.40 + prefix4 0.20 + message-count 0.15 + message-position 0.15 + UNKNOWN-role 0.10
00030100:0x00DC3004,00150100:0x02065002,0.408621,0.396552,False,False,1.0,0.0,1.0,0x3000,0x5000,72,104,byte-class 3-gram 0.40 + prefix4 0.20 + message-count 0.15 + message-position 0.15 + UNKNOWN-role 0.10
00030100:0x01B13005,00120000:0x0D2E5001,0.408157,0.709677,False,False,0.428571,0.0,0.6,0x3000,0x5000,944,392,byte-class 3-gram 0.40 + prefix4 0.20 + message-count 0.15 + message-position 0.15 + UNKNOWN-role 0.10
00120000:0x06642004,00150100:0x01813004,0.408106,0.787234,False,False,0.307692,0.0,0.470588,0x2000,0x3000,3984,592,byte-class 3-gram 0.40 + prefix4 0.20 + message-count 0.15 + message-position 0.15 + UNKNOWN-role 0.10
00030100:0x00602000,00150100:0x01813004,0.405618,0.764045,False,False,0.333333,0.0,0.5,0x2000,0x3000,720,592,byte-class 3-gram 0.40 + prefix4 0.20 + message-count 0.15 + message-position 0.15 + UNKNOWN-role 0.10
00030100:0x022C5000,00120000:0x0D5F5002,0.405196,0.658824,False,True,0.5,0.0,0.666667,0x5000,0x5000,208,280,byte-class 3-gram 0.40 + prefix4 0.20 + message-count 0.15 + message-position 0.15 + UNKNOWN-role 0.10
00120000:0x09592005,00150100:0x01CB5000,0.403053,0.653465,False,False,0.5,0.0,0.666667,0x2000,0x5000,3848,368,byte-class 3-gram 0.40 + prefix4 0.20 + message-count 0.15 + message-position 0.15 + UNKNOWN-role 0.10
00120000:0x047A2003,00150100:0x01813004,0.40128,0.784946,False,False,0.285714,0.0,0.444444,0x2000,0x3000,3920,592,byte-class 3-gram 0.40 + prefix4 0.20 + message-count 0.15 + message-position 0.15 + UNKNOWN-role 0.10
00030100:0x022C5000,00120000:0x015D2006,0.401277,0.553191,False,False,0.666667,0.0,0.8,0x5000,0x2000,208,1440,byte-class 3-gram 0.40 + prefix4 0.20 + message-count 0.15 + message-position 0.15 + UNKNOWN-role 0.10
00120000:0x0B3A2007,00150100:0x00B62002,0.401111,0.844444,False,True,0.2,0.0,0.333333,0x2000,0x2000,2640,512,byte-class 3-gram 0.40 + prefix4 0.20 + message-count 0.15 + message-position 0.15 + UNKNOWN-role 0.10
00120000:0x00602000,00150100:0x01CB5000,0.40049,0.647059,False,False,0.5,0.0,0.666667,0x2000,0x5000,2024,368,byte-class 3-gram 0.40 + prefix4 0.20 + message-count 0.15 + message-position 0.15 + UNKNOWN-role 0.10
00120000:0x0D5F5002,00150100:0x015C3003,0.40049,0.647059,False,False,0.5,0.0,0.666667,0x5000,0x3000,280,296,byte-class 3-gram 0.40 + prefix4 0.20 + message-count 0.15 + message-position 0.15 + UNKNOWN-role 0.10
00030100:0x022C5000,00120000:0x0D824000,0.399731,0.645161,False,False,0.5,0.0,0.666667,0x5000,0x4000,208,1256,byte-class 3-gram 0.40 + prefix4 0.20 + message-count 0.15 + message-position 0.15 + UNKNOWN-role 0.10
00120000:0x0CDE3000,00120000:0x0D2E5001,0.399684,0.722222,False,False,0.375,0.0,0.545455,0x3000,0x5000,640,392,byte-class 3-gram 0.40 + prefix4 0.20 + message-count 0.15 + message-position 0.15 + UNKNOWN-role 0.10
00030100:0x00F13003,00030100:0x02465001,0.398981,0.711111,False,False,0.357143,0.055556,0.526316,0x3000,0x5000,1536,360,byte-class 3-gram 0.40 + prefix4 0.20 + message-count 0.15 + message-position 0.15 + UNKNOWN-role 0.10
00030100:0x022C5000,00150100:0x01813004,0.395784,0.635294,False,False,0.5,0.0,0.666667,0x5000,0x3000,208,592,byte-class 3-gram 0.40 + prefix4 0.20 + message-count 0.15 + message-position 0.15 + UNKNOWN-role 0.10
00030100:0x00F13003,00120000:0x0D824000,0.39467,0.768421,False,False,0.285714,0.0,0.444444,0x3000,0x4000,1536,1256,byte-class 3-gram 0.40 + prefix4 0.20 + message-count 0.15 + message-position 0.15 + UNKNOWN-role 0.10
00120000:0x0D2E5001,00120000:0x0D5F5002,0.394505,0.736264,False,True,0.333333,0.0,0.5,0x5000,0x5000,392,280,byte-class 3-gram 0.40 + prefix4 0.20 + message-count 0.15 + message-position 0.15 + UNKNOWN-role 0.10
00120000:0x0D5F5002,00150100:0x02135003,0.39321,0.358025,False,True,1.0,0.0,1.0,0x5000,0x5000,280,128,byte-class 3-gram 0.40 + prefix4 0.20 + message-count 0.15 + message-position 0.15 + UNKNOWN-role 0.10
00030100:0x01B13005,00150100:0x015C3003,0.392302,0.7625,False,True,0.285714,0.0,0.444444,0x3000,0x3000,944,296,byte-class 3-gram 0.40 + prefix4 0.20 + message-count 0.15 + message-position 0.15 + UNKNOWN-role 0.10
00030100:0x00E53002,00030100:0x022C5000,0.391667,0.625,False,False,0.5,0.0,0.666667,0x3000,0x5000,96,208,byte-class 3-gram 0.40 + prefix4 0.20 + message-count 0.15 + message-position 0.15 + UNKNOWN-role 0.10
00120000:0x015D2006,00120000:0x0D5F5002,0.391304,0.728261,False,False,0.333333,0.0,0.5,0x2000,0x5000,1440,280,byte-class 3-gram 0.40 + prefix4 0.20 + message-count 0.15 + message-position 0.15 + UNKNOWN-role 0.10
00030100:0x00006000,00120000:0x0D5F5002,0.391129,0.623656,False,False,0.5,0.0,0.666667,0x6000,0x5000,456,280,byte-class 3-gram 0.40 + prefix4 0.20 + message-count 0.15 + message-position 0.15 + UNKNOWN-role 0.10
00120000:0x00006000,00120000:0x0D5F5002,0.391129,0.623656,False,False,0.5,0.0,0.666667,0x6000,0x5000,456,280,byte-class 3-gram 0.40 + prefix4 0.20 + message-count 0.15 + message-position 0.15 + UNKNOWN-role 0.10
00120000:0x0D5F5002,00150100:0x00006000,0.391129,0.623656,False,False,0.5,0.0,0.666667,0x5000,0x6000,280,456,byte-class 3-gram 0.40 + prefix4 0.20 + message-count 0.15 + message-position 0.15 + UNKNOWN-role 0.10
00120000:0x0D5F5002,00151100:0x00006000,0.391129,0.623656,False,False,0.5,0.0,0.666667,0x5000,0x6000,280,456,byte-class 3-gram 0.40 + prefix4 0.20 + message-count 0.15 + message-position 0.15 + UNKNOWN-role 0.10
00030100:0x00F13003,00120000:0x015D2006,0.391032,0.808989,False,False,0.214286,0.0,0.352941,0x3000,0x2000,1536,1440,byte-class 3-gram 0.40 + prefix4 0.20 + message-count 0.15 + message-position 0.15 + UNKNOWN-role 0.10
00120000:0x0D824000,00150100:0x015C3003,0.388475,0.617021,False,False,0.5,0.0,0.666667,0x4000,0x3000,1256,296,byte-class 3-gram 0.40 + prefix4 0.20 + message-count 0.15 + message-position 0.15 + UNKNOWN-role 0.10
00150100:0x015C3003,00150100:0x01CB5000,0.388178,0.616279,False,False,0.5,0.0,0.666667,0x3000,0x5000,296,368,byte-class 3-gram 0.40 + prefix4 0.20 + message-count 0.15 + message-position 0.15 + UNKNOWN-role 0.10
00120000:0x047A2003,00120000:0x0D824000,0.386331,0.747573,False,False,0.285714,0.0,0.444444,0x2000,0x4000,3920,1256,byte-class 3-gram 0.40 + prefix4 0.20 + message-count 0.15 + message-position 0.15 + UNKNOWN-role 0.10
00150100:0x00B62002,00150100:0x01813004,0.385546,0.770115,False,False,0.25,0.0,0.4,0x2000,0x3000,512,592,byte-class 3-gram 0.40 + prefix4 0.20 + message-count 0.15 + message-position 0.15 + UNKNOWN-role 0.10
00120000:0x09592005,00120000:0x0D2E5001,0.385305,0.686275,False,False,0.375,0.0,0.545455,0x2000,0x5000,3848,392,byte-class 3-gram 0.40 + prefix4 0.20 + message-count 0.15 + message-position 0.15 + UNKNOWN-role 0.10
00120000:0x0B3A2007,00150100:0x015C3003,0.38381,0.666667,False,False,0.4,0.0,0.571429,0x2000,0x3000,2640,296,byte-class 3-gram 0.40 + prefix4 0.20 + message-count 0.15 + message-position 0.15 + UNKNOWN-role 0.10
00120000:0x08562001,00150100:0x00B62002,0.383242,0.824176,False,True,0.166667,0.0,0.285714,0x2000,0x2000,2072,512,byte-class 3-gram 0.40 + prefix4 0.20 + message-count 0.15 + message-position 0.15 + UNKNOWN-role 0.10
00120000:0x00602000,00120000:0x0D2E5001,0.38264,0.679612,False,False,0.375,0.0,0.545455,0x2000,0x5000,2024,392,byte-class 3-gram 0.40 + prefix4 0.20 + message-count 0.15 + message-position 0.15 + UNKNOWN-role 0.10
00030100:0x00F13003,00150100:0x00602000,0.381807,0.736264,False,False,0.285714,0.0,0.444444,0x3000,0x2000,1536,608,byte-class 3-gram 0.40 + prefix4 0.20 + message-count 0.15 + message-position 0.15 + UNKNOWN-role 0.10
00030100:0x00006000,00150100:0x00602000,0.379167,0.59375,False,False,0.5,0.0,0.666667,0x6000,0x2000,456,608,byte-class 3-gram 0.40 + prefix4 0.20 + message-count 0.15 + message-position 0.15 + UNKNOWN-role 0.10
00030100:0x00006000,00150100:0x00B62002,0.379167,0.59375,False,False,0.5,0.0,0.666667,0x6000,0x2000,456,512,byte-class 3-gram 0.40 + prefix4 0.20 + message-count 0.15 + message-position 0.15 + UNKNOWN-role 0.10
00120000:0x00006000,00150100:0x00602000,0.379167,0.59375,False,False,0.5,0.0,0.666667,0x6000,0x2000,456,608,byte-class 3-gram 0.40 + prefix4 0.20 + message-count 0.15 + message-position 0.15 + UNKNOWN-role 0.10
00120000:0x00006000,00150100:0x00B62002,0.379167,0.59375,False,False,0.5,0.0,0.666667,0x6000,0x2000,456,512,byte-class 3-gram 0.40 + prefix4 0.20 + message-count 0.15 + message-position 0.15 + UNKNOWN-role 0.10
00150100:0x00006000,00150100:0x00602000,0.379167,0.59375,False,False,0.5,0.0,0.666667,0x6000,0x2000,456,608,byte-class 3-gram 0.40 + prefix4 0.20 + message-count 0.15 + message-position 0.15 + UNKNOWN-role 0.10
00150100:0x00006000,00150100:0x00B62002,0.379167,0.59375,False,False,0.5,0.0,0.666667,0x6000,0x2000,456,512,byte-class 3-gram 0.40 + prefix4 0.20 + message-count 0.15 + message-position 0.15 + UNKNOWN-role 0.10
00150100:0x00602000,00151100:0x00006000,0.379167,0.59375,False,False,0.5,0.0,0.666667,0x2000,0x6000,608,456,byte-class 3-gram 0.40 + prefix4 0.20 + message-count 0.15 + message-position 0.15 + UNKNOWN-role 0.10
00150100:0x00B62002,00151100:0x00006000,0.379167,0.59375,False,False,0.5,0.0,0.666667,0x2000,0x6000,512,456,byte-class 3-gram 0.40 + prefix4 0.20 + message-count 0.15 + message-position 0.15 + UNKNOWN-role 0.10
00030100:0x02465001,00120000:0x02112002,0.376836,0.615385,False,False,0.454545,0.0,0.625,0x5000,0x2000,360,4936,byte-class 3-gram 0.40 + prefix4 0.20 + message-count 0.15 + message-position 0.15 + UNKNOWN-role 0.10
00030100:0x00602000,00150100:0x00B62002,0.376722,0.872093,False,True,0.083333,0.0,0.153846,0x2000,0x2000,720,512,byte-class 3-gram 0.40 + prefix4 0.20 + message-count 0.15 + message-position 0.15 + UNKNOWN-role 0.10
00150100:0x00AC2001,00150100:0x02135003,0.376667,0.316667,False,False,1.0,0.0,1.0,0x2000,0x5000,80,128,byte-class 3-gram 0.40 + prefix4 0.20 + message-count 0.15 + message-position 0.15 + UNKNOWN-role 0.10
00120000:0x0D5F5002,00120000:0x0D824000,0.376447,0.747368,False,False,0.25,0.0,0.4,0x5000,0x4000,280,1256,byte-class 3-gram 0.40 + prefix4 0.20 + message-count 0.15 + message-position 0.15 + UNKNOWN-role 0.10
00030100:0x00F13003,00150100:0x01CB5000,0.37619,0.722222,False,False,0.285714,0.0,0.444444,0x3000,0x5000,1536,368,byte-class 3-gram 0.40 + prefix4 0.20 + message-count 0.15 + message-position 0.15 + UNKNOWN-role 0.10
00030100:0x00D23001,00150100:0x02135003,0.374138,0.310345,False,False,1.0,0.0,1.0,0x3000,0x5000,80,128,byte-class 3-gram 0.40 + prefix4 0.20 + message-count 0.15 + message-position 0.15 + UNKNOWN-role 0.10
00030100:0x00DC3004,00150100:0x02135003,0.373636,0.309091,False,False,1.0,0.0,1.0,0x3000,0x5000,72,128,byte-class 3-gram 0.40 + prefix4 0.20 + message-count 0.15 + message-position 0.15 + UNKNOWN-role 0.10
00030100:0x00006000,00150100:0x01CB5000,0.373246,0.578947,False,False,0.5,0.0,0.666667,0x6000,0x5000,456,368,byte-class 3-gram 0.40 + prefix4 0.20 + message-count 0.15 + message-position 0.15 + UNKNOWN-role 0.10
00120000:0x00006000,00150100:0x01CB5000,0.373246,0.578947,False,False,0.5,0.0,0.666667,0x6000,0x5000,456,368,byte-class 3-gram 0.40 + prefix4 0.20 + message-count 0.15 + message-position 0.15 + UNKNOWN-role 0.10
00150100:0x00006000,00150100:0x01CB5000,0.373246,0.578947,False,False,0.5,0.0,0.666667,0x6000,0x5000,456,368,byte-class 3-gram 0.40 + prefix4 0.20 + message-count 0.15 + message-position 0.15 + UNKNOWN-role 0.10
00150100:0x01CB5000,00151100:0x00006000,0.373246,0.578947,False,False,0.5,0.0,0.666667,0x5000,0x6000,368,456,byte-class 3-gram 0.40 + prefix4 0.20 + message-count 0.15 + message-position 0.15 + UNKNOWN-role 0.10
00030100:0x00BA3006,00150100:0x02135003,0.372581,0.306452,False,False,1.0,0.0,1.0,0x3000,0x5000,80,128,byte-class 3-gram 0.40 + prefix4 0.20 + message-count 0.15 + message-position 0.15 + UNKNOWN-role 0.10
00030100:0x00C43000,00030100:0x022C5000,0.371,0.573333,False,False,0.5,0.0,0.666667,0x3000,0x5000,112,208,byte-class 3-gram 0.40 + prefix4 0.20 + message-count 0.15 + message-position 0.15 + UNKNOWN-role 0.10
00030100:0x00602000,00120000:0x0D824000,0.370588,0.676471,False,False,0.333333,0.0,0.5,0x2000,0x4000,720,1256,byte-class 3-gram 0.40 + prefix4 0.20 + message-count 0.15 + message-position 0.15 + UNKNOWN-role 0.10
00030100:0x00396001,00120000:0x015D2006,0.369247,0.473118,False,False,0.666667,0.0,0.8,0x6000,0x2000,312,1440,byte-class 3-gram 0.40 + prefix4 0.20 + message-count 0.15 + message-position 0.15 + UNKNOWN-role 0.10
00120000:0x00396001,00120000:0x015D2006,0.369247,0.473118,False,False,0.666667,0.0,0.8,0x6000,0x2000,312,1440,byte-class 3-gram 0.40 + prefix4 0.20 + message-count 0.15 + message-position 0.15 + UNKNOWN-role 0.10
00120000:0x015D2006,00150100:0x00396001,0.369247,0.473118,False,False,0.666667,0.0,0.8,0x2000,0x6000,1440,312,byte-class 3-gram 0.40 + prefix4 0.20 + message-count 0.15 + message-position 0.15 + UNKNOWN-role 0.10
00120000:0x015D2006,00151100:0x00396001,0.369247,0.473118,False,False,0.666667,0.0,0.8,0x2000,0x6000,1440,384,byte-class 3-gram 0.40 + prefix4 0.20 + message-count 0.15 + message-position 0.15 + UNKNOWN-role 0.10
00030100:0x00006000,00150100:0x01813004,0.369035,0.568421,False,False,0.5,0.0,0.666667,0x6000,0x3000,456,592,byte-class 3-gram 0.40 + prefix4 0.20 + message-count 0.15 + message-position 0.15 + UNKNOWN-role 0.10
00120000:0x00006000,00150100:0x01813004,0.369035,0.568421,False,False,0.5,0.0,0.666667,0x6000,0x3000,456,592,byte-class 3-gram 0.40 + prefix4 0.20 + message-count 0.15 + message-position 0.15 + UNKNOWN-role 0.10
00150100:0x00006000,00150100:0x01813004,0.369035,0.568421,False,False,0.5,0.0,0.666667,0x6000,0x3000,456,592,byte-class 3-gram 0.40 + prefix4 0.20 + message-count 0.15 + message-position 0.15 + UNKNOWN-role 0.10
00150100:0x01813004,00151100:0x00006000,0.369035,0.568421,False,False,0.5,0.0,0.666667,0x3000,0x6000,592,456,byte-class 3-gram 0.40 + prefix4 0.20 + message-count 0.15 + message-position 0.15 + UNKNOWN-role 0.10
00120000:0x0D5F5002,00150100:0x01813004,0.368409,0.727273,False,False,0.25,0.0,0.4,0x5000,0x3000,280,592,byte-class 3-gram 0.40 + prefix4 0.20 + message-count 0.15 + message-position 0.15 + UNKNOWN-role 0.10
00120000:0x08562001,00150100:0x015C3003,0.366667,0.666667,False,False,0.333333,0.0,0.5,0x2000,0x3000,2072,296,byte-class 3-gram 0.40 + prefix4 0.20 + message-count 0.15 + message-position 0.15 + UNKNOWN-role 0.10
00030100:0x02465001,00150100:0x015C3003,0.366555,0.623529,False,False,0.4,0.0,0.571429,0x5000,0x3000,360,296,byte-class 3-gram 0.40 + prefix4 0.20 + message-count 0.15 + message-position 0.15 + UNKNOWN-role 0.10
00150100:0x01F95001,00150100:0x02135003,0.366129,0.290323,False,True,1.0,0.0,1.0,0x5000,0x5000,104,128,byte-class 3-gram 0.40 + prefix4 0.20 + message-count 0.15 + message-position 0.15 + UNKNOWN-role 0.10
00120000:0x0D5F5002,00150100:0x01CB5000,0.36514,0.719101,False,True,0.25,0.0,0.4,0x5000,0x5000,280,368,byte-class 3-gram 0.40 + prefix4 0.20 + message-count 0.15 + message-position 0.15 + UNKNOWN-role 0.10
00150100:0x00B62002,00150100:0x02135003,0.364943,0.287356,False,False,1.0,0.0,1.0,0x2000,0x5000,512,128,byte-class 3-gram 0.40 + prefix4 0.20 + message-count 0.15 + message-position 0.15 + UNKNOWN-role 0.10
00120000:0x09592005,00150100:0x00B62002,0.364376,0.808511,False,True,0.125,0.0,0.222222,0x2000,0x2000,3848,512,byte-class 3-gram 0.40 + prefix4 0.20 + message-count 0.15 + message-position 0.15 + UNKNOWN-role 0.10
00120000:0x02112002,00150100:0x01CB5000,0.364189,0.640777,False,False,0.363636,0.0,0.533333,0x2000,0x5000,4936,368,byte-class 3-gram 0.40 + prefix4 0.20 + message-count 0.15 + message-position 0.15 + UNKNOWN-role 0.10
00030100:0x00006000,00120000:0x08562001,0.363918,0.659794,False,False,0.333333,0.0,0.5,0x6000,0x2000,456,2072,byte-class 3-gram 0.40 + prefix4 0.20 + message-count 0.15 + message-position 0.15 + UNKNOWN-role 0.10
00120000:0x00006000,00120000:0x08562001,0.363918,0.659794,False,False,0.333333,0.0,0.5,0x6000,0x2000,456,2072,byte-class 3-gram 0.40 + prefix4 0.20 + message-count 0.15 + message-position 0.15 + UNKNOWN-role 0.10
00120000:0x08562001,00150100:0x00006000,0.363918,0.659794,False,False,0.333333,0.0,0.5,0x2000,0x6000,2072,456,byte-class 3-gram 0.40 + prefix4 0.20 + message-count 0.15 + message-position 0.15 + UNKNOWN-role 0.10
00120000:0x08562001,00151100:0x00006000,0.363918,0.659794,False,False,0.333333,0.0,0.5,0x2000,0x6000,2072,456,byte-class 3-gram 0.40 + prefix4 0.20 + message-count 0.15 + message-position 0.15 + UNKNOWN-role 0.10
00030100:0x022C5000,00030100:0x02465001,0.363654,0.616279,False,True,0.4,0.0,0.571429,0x5000,0x5000,208,360,byte-class 3-gram 0.40 + prefix4 0.20 + message-count 0.15 + message-position 0.15 + UNKNOWN-role 0.10
00030100:0x00E53002,00150100:0x02135003,0.363433,0.283582,False,False,1.0,0.0,1.0,0x3000,0x5000,96,128,byte-class 3-gram 0.40 + prefix4 0.20 + message-count 0.15 + message-position 0.15 + UNKNOWN-role 0.10
00030100:0x022C5000,00150100:0x00B62002,0.363406,0.554348,False,False,0.5,0.0,0.666667,0x5000,0x2000,208,512,byte-class 3-gram 0.40 + prefix4 0.20 + message-count 0.15 + message-position 0.15 + UNKNOWN-role 0.10
00030100:0x00F13003,00120000:0x0D2E5001,0.363089,0.73913,False,False,0.214286,0.0,0.352941,0x3000,0x5000,1536,392,byte-class 3-gram 0.40 + prefix4 0.20 + message-count 0.15 + message-position 0.15 + UNKNOWN-role 0.10
00030100:0x00602000,00030100:0x02465001,0.36214,0.602041,False,False,0.416667,0.0,0.588235,0x2000,0x5000,720,360,byte-class 3-gram 0.40 + prefix4 0.20 + message-count 0.15 + message-position 0.15 + UNKNOWN-role 0.10
00030100:0x01B13005,00150100:0x00B62002,0.360065,0.784091,False,False,0.142857,0.0,0.25,0x3000,0x2000,944,512,byte-class 3-gram 0.40 + prefix4 0.20 + message-count 0.15 + message-position 0.15 + UNKNOWN-role 0.10
00030100:0x02465001,00120000:0x06642004,0.359402,0.615385,False,False,0.384615,0.0,0.555556,0x5000,0x2000,360,3984,byte-class 3-gram 0.40 + prefix4 0.20 + message-count 0.15 + message-position 0.15 + UNKNOWN-role 0.10
00030100:0x00396001,00120000:0x0D2E5001,0.358723,0.446809,False,False,0.666667,0.0,0.8,0x6000,0x5000,312,392,byte-class 3-gram 0.40 + prefix4 0.20 + message-count 0.15 + message-position 0.15 + UNKNOWN-role 0.10
00120000:0x00396001,00120000:0x0D2E5001,0.358723,0.446809,False,False,0.666667,0.0,0.8,0x6000,0x5000,312,392,byte-class 3-gram 0.40 + prefix4 0.20 + message-count 0.15 + message-position 0.15 + UNKNOWN-role 0.10
00120000:0x0D2E5001,00150100:0x00396001,0.358723,0.446809,False,False,0.666667,0.0,0.8,0x5000,0x6000,392,312,byte-class 3-gram 0.40 + prefix4 0.20 + message-count 0.15 + message-position 0.15 + UNKNOWN-role 0.10
00120000:0x0D2E5001,00151100:0x00396001,0.358723,0.446809,False,False,0.666667,0.0,0.8,0x5000,0x6000,392,384,byte-class 3-gram 0.40 + prefix4 0.20 + message-count 0.15 + message-position 0.15 + UNKNOWN-role 0.10
00150100:0x02065002,00150100:0x02135003,0.358475,0.271186,False,True,1.0,0.0,1.0,0x5000,0x5000,104,128,byte-class 3-gram 0.40 + prefix4 0.20 + message-count 0.15 + message-position 0.15 + UNKNOWN-role 0.10
00030100:0x00396001,00150100:0x00B62002,0.357759,0.54023,False,False,0.5,0.0,0.666667,0x6000,0x2000,312,512,byte-class 3-gram 0.40 + prefix4 0.20 + message-count 0.15 + message-position 0.15 + UNKNOWN-role 0.10
00120000:0x00396001,00150100:0x00B62002,0.357759,0.54023,False,False,0.5,0.0,0.666667,0x6000,0x2000,312,512,byte-class 3-gram 0.40 + prefix4 0.20 + message-count 0.15 + message-position 0.15 + UNKNOWN-role 0.10
00150100:0x00396001,00150100:0x00B62002,0.357759,0.54023,False,False,0.5,0.0,0.666667,0x6000,0x2000,312,512,byte-class 3-gram 0.40 + prefix4 0.20 + message-count 0.15 + message-position 0.15 + UNKNOWN-role 0.10
00150100:0x00B62002,00151100:0x00396001,0.357759,0.54023,False,False,0.5,0.0,0.666667,0x2000,0x6000,512,384,byte-class 3-gram 0.40 + prefix4 0.20 + message-count 0.15 + message-position 0.15 + UNKNOWN-role 0.10
00120000:0x06642004,00150100:0x00B62002,0.357739,0.829787,False,True,0.076923,0.0,0.142857,0x2000,0x2000,3984,512,byte-class 3-gram 0.40 + prefix4 0.20 + message-count 0.15 + message-position 0.15 + UNKNOWN-role 0.10
00030100:0x02465001,00120000:0x047A2003,0.357183,0.627451,False,False,0.357143,0.0,0.526316,0x5000,0x2000,360,3920,byte-class 3-gram 0.40 + prefix4 0.20 + message-count 0.15 + message-position 0.15 + UNKNOWN-role 0.10
00120000:0x0D824000,00150100:0x00B62002,0.356288,0.69697,False,False,0.25,0.0,0.4,0x4000,0x2000,1256,512,byte-class 3-gram 0.40 + prefix4 0.20 + message-count 0.15 + message-position 0.15 + UNKNOWN-role 0.10
00120000:0x0D5F5002,00150100:0x00602000,0.355761,0.695652,False,False,0.25,0.0,0.4,0x5000,0x2000,280,608,byte-class 3-gram 0.40 + prefix4 0.20 + message-count 0.15 + message-position 0.15 + UNKNOWN-role 0.10
00030100:0x00006000,00120000:0x0B3A2007,0.354767,0.594059,False,False,0.4,0.0,0.571429,0x6000,0x2000,456,2640,byte-class 3-gram 0.40 + prefix4 0.20 + message-count 0.15 + message-position 0.15 + UNKNOWN-role 0.10
00120000:0x00006000,00120000:0x0B3A2007,0.354767,0.594059,False,False,0.4,0.0,0.571429,0x6000,0x2000,456,2640,byte-class 3-gram 0.40 + prefix4 0.20 + message-count 0.15 + message-position 0.15 + UNKNOWN-role 0.10
00120000:0x0B3A2007,00150100:0x00006000,0.354767,0.594059,False,False,0.4,0.0,0.571429,0x2000,0x6000,2640,456,byte-class 3-gram 0.40 + prefix4 0.20 + message-count 0.15 + message-position 0.15 + UNKNOWN-role 0.10
00120000:0x0B3A2007,00151100:0x00006000,0.354767,0.594059,False,False,0.4,0.0,0.571429,0x2000,0x6000,2640,456,byte-class 3-gram 0.40 + prefix4 0.20 + message-count 0.15 + message-position 0.15 + UNKNOWN-role 0.10
00030100:0x00396001,00120000:0x0D824000,0.354433,0.531915,False,False,0.5,0.0,0.666667,0x6000,0x4000,312,1256,byte-class 3-gram 0.40 + prefix4 0.20 + message-count 0.15 + message-position 0.15 + UNKNOWN-role 0.10
00120000:0x00396001,00120000:0x0D824000,0.354433,0.531915,False,False,0.5,0.0,0.666667,0x6000,0x4000,312,1256,byte-class 3-gram 0.40 + prefix4 0.20 + message-count 0.15 + message-position 0.15 + UNKNOWN-role 0.10
00120000:0x0D824000,00150100:0x00396001,0.354433,0.531915,False,False,0.5,0.0,0.666667,0x4000,0x6000,1256,312,byte-class 3-gram 0.40 + prefix4 0.20 + message-count 0.15 + message-position 0.15 + UNKNOWN-role 0.10
00120000:0x0D824000,00151100:0x00396001,0.354433,0.531915,False,False,0.5,0.0,0.666667,0x4000,0x6000,1256,384,byte-class 3-gram 0.40 + prefix4 0.20 + message-count 0.15 + message-position 0.15 + UNKNOWN-role 0.10
00030100:0x00C43000,00150100:0x02135003,0.354348,0.26087,False,False,1.0,0.0,1.0,0x3000,0x5000,112,128,byte-class 3-gram 0.40 + prefix4 0.20 + message-count 0.15 + message-position 0.15 + UNKNOWN-role 0.10
00150100:0x00B62002,00150100:0x011E3000,0.353443,0.725275,False,False,0.2,0.0,0.333333,0x2000,0x3000,512,496,byte-class 3-gram 0.40 + prefix4 0.20 + message-count 0.15 + message-position 0.15 + UNKNOWN-role 0.10
00120000:0x02112002,00120000:0x0D2E5001,0.352997,0.673077,False,False,0.272727,0.0,0.428571,0x2000,0x5000,4936,392,byte-class 3-gram 0.40 + prefix4 0.20 + message-count 0.15 + message-position 0.15 + UNKNOWN-role 0.10
00030100:0x022C5000,00150100:0x00602000,0.350177,0.521277,False,False,0.5,0.0,0.666667,0x5000,0x2000,208,608,byte-class 3-gram 0.40 + prefix4 0.20 + message-count 0.15 + message-position 0.15 + UNKNOWN-role 0.10
00030100:0x022C5000,00150100:0x01F95001,0.349886,0.520548,False,True,0.5,0.0,0.666667,0x5000,0x5000,208,104,byte-class 3-gram 0.40 + prefix4 0.20 + message-count 0.15 + message-position 0.15 + UNKNOWN-role 0.10
00120000:0x06642004,00150100:0x01CB5000,0.349523,0.640777,False,False,0.307692,0.0,0.470588,0x2000,0x5000,3984,368,byte-class 3-gram 0.40 + prefix4 0.20 + message-count 0.15 + message-position 0.15 + UNKNOWN-role 0.10
00120000:0x047A2003,00150100:0x01CB5000,0.348688,0.653465,False,False,0.285714,0.0,0.444444,0x2000,0x5000,3920,368,byte-class 3-gram 0.40 + prefix4 0.20 + message-count 0.15 + message-position 0.15 + UNKNOWN-role 0.10
00030100:0x022C5000,00150100:0x011E3000,0.348254,0.577778,False,False,0.4,0.0,0.571429,0x5000,0x3000,208,496,byte-class 3-gram 0.40 + prefix4 0.20 + message-count 0.15 + message-position 0.15 + UNKNOWN-role 0.10
00120000:0x047A2003,00150100:0x00B62002,0.347452,0.808511,False,True,0.071429,0.0,0.133333,0x2000,0x2000,3920,512,byte-class 3-gram 0.40 + prefix4 0.20 + message-count 0.15 + message-position 0.15 + UNKNOWN-role 0.10
00030100:0x00BA3006,00030100:0x022C5000,0.347072,0.513514,False,False,0.5,0.0,0.666667,0x3000,0x5000,80,208,byte-class 3-gram 0.40 + prefix4 0.20 + message-count 0.15 + message-position 0.15 + UNKNOWN-role 0.10
00120000:0x0D2E5001,00150100:0x00B62002,0.346465,0.616162,False,False,0.333333,0.0,0.5,0x5000,0x2000,392,512,byte-class 3-gram 0.40 + prefix4 0.20 + message-count 0.15 + message-position 0.15 + UNKNOWN-role 0.10
00030100:0x00602000,00150100:0x01CB5000,0.344898,0.612245,False,False,0.333333,0.0,0.5,0x2000,0x5000,720,368,byte-class 3-gram 0.40 + prefix4 0.20 + message-count 0.15 + message-position 0.15 + UNKNOWN-role 0.10
00150100:0x015C3003,00150100:0x01F95001,0.344406,0.506849,False,False,0.5,0.0,0.666667,0x3000,0x5000,296,104,byte-class 3-gram 0.40 + prefix4 0.20 + message-count 0.15 + message-position 0.15 + UNKNOWN-role 0.10
00030100:0x00006000,00030100:0x00C43000,0.34402,0.505882,False,False,0.5,0.0,0.666667,0x6000,0x3000,456,112,byte-class 3-gram 0.40 + prefix4 0.20 + message-count 0.15 + message-position 0.15 + UNKNOWN-role 0.10
00030100:0x00C43000,00120000:0x00006000,0.34402,0.505882,False,False,0.5,0.0,0.666667,0x3000,0x6000,112,456,byte-class 3-gram 0.40 + prefix4 0.20 + message-count 0.15 + message-position 0.15 + UNKNOWN-role 0.10
00030100:0x00C43000,00150100:0x00006000,0.34402,0.505882,False,False,0.5,0.0,0.666667,0x3000,0x6000,112,456,byte-class 3-gram 0.40 + prefix4 0.20 + message-count 0.15 + message-position 0.15 + UNKNOWN-role 0.10
00030100:0x00C43000,00151100:0x00006000,0.34402,0.505882,False,False,0.5,0.0,0.666667,0x3000,0x6000,112,456,byte-class 3-gram 0.40 + prefix4 0.20 + message-count 0.15 + message-position 0.15 + UNKNOWN-role 0.10
00030100:0x00006000,00150100:0x011E3000,0.343947,0.56701,False,False,0.4,0.0,0.571429,0x6000,0x3000,456,496,byte-class 3-gram 0.40 + prefix4 0.20 + message-count 0.15 + message-position 0.15 + UNKNOWN-role 0.10
00120000:0x00006000,00150100:0x011E3000,0.343947,0.56701,False,False,0.4,0.0,0.571429,0x6000,0x3000,456,496,byte-class 3-gram 0.40 + prefix4 0.20 + message-count 0.15 + message-position 0.15 + UNKNOWN-role 0.10
00150100:0x00006000,00150100:0x011E3000,0.343947,0.56701,False,False,0.4,0.0,0.571429,0x6000,0x3000,456,496,byte-class 3-gram 0.40 + prefix4 0.20 + message-count 0.15 + message-position 0.15 + UNKNOWN-role 0.10
00150100:0x011E3000,00151100:0x00006000,0.343947,0.56701,False,False,0.4,0.0,0.571429,0x3000,0x6000,496,456,byte-class 3-gram 0.40 + prefix4 0.20 + message-count 0.15 + message-position 0.15 + UNKNOWN-role 0.10
00030100:0x00396001,00150100:0x00602000,0.343914,0.505618,False,False,0.5,0.0,0.666667,0x6000,0x2000,312,608,byte-class 3-gram 0.40 + prefix4 0.20 + message-count 0.15 + message-position 0.15 + UNKNOWN-role 0.10
00120000:0x00396001,00150100:0x00602000,0.343914,0.505618,False,False,0.5,0.0,0.666667,0x6000,0x2000,312,608,byte-class 3-gram 0.40 + prefix4 0.20 + message-count 0.15 + message-position 0.15 + UNKNOWN-role 0.10
00150100:0x00396001,00150100:0x00602000,0.343914,0.505618,False,False,0.5,0.0,0.666667,0x6000,0x2000,312,608,byte-class 3-gram 0.40 + prefix4 0.20 + message-count 0.15 + message-position 0.15 + UNKNOWN-role 0.10
00150100:0x00602000,00151100:0x00396001,0.343914,0.505618,False,False,0.5,0.0,0.666667,0x2000,0x6000,608,384,byte-class 3-gram 0.40 + prefix4 0.20 + message-count 0.15 + message-position 0.15 + UNKNOWN-role 0.10
00120000:0x047A2003,00120000:0x0D2E5001,0.341947,0.686275,False,False,0.214286,0.0,0.352941,0x2000,0x5000,3920,392,byte-class 3-gram 0.40 + prefix4 0.20 + message-count 0.15 + message-position 0.15 + UNKNOWN-role 0.10
00120000:0x0C843001,00150100:0x00B62002,0.341883,0.738636,False,False,0.142857,0.0,0.25,0x3000,0x2000,720,512,byte-class 3-gram 0.40 + prefix4 0.20 + message-count 0.15 + message-position 0.15 + UNKNOWN-role 0.10
00120000:0x06642004,00120000:0x0D2E5001,0.341346,0.673077,False,False,0.230769,0.0,0.375,0x2000,0x5000,3984,392,byte-class 3-gram 0.40 + prefix4 0.20 + message-count 0.15 + message-position 0.15 + UNKNOWN-role 0.10
00120000:0x0C843001,00120000:0x0D5F5002,0.340681,0.735632,False,False,0.142857,0.0,0.25,0x3000,0x5000,720,280,byte-class 3-gram 0.40 + prefix4 0.20 + message-count 0.15 + message-position 0.15 + UNKNOWN-role 0.10
00030100:0x00C43000,00120000:0x015D2006,0.34,0.6,False,False,0.333333,0.0,0.5,0x3000,0x2000,112,1440,byte-class 3-gram 0.40 + prefix4 0.20 + message-count 0.15 + message-position 0.15 + UNKNOWN-role 0.10
00120000:0x09592005,00150100:0x015C3003,0.339866,0.655914,False,False,0.25,0.0,0.4,0x2000,0x3000,3848,296,byte-class 3-gram 0.40 + prefix4 0.20 + message-count 0.15 + message-position 0.15 + UNKNOWN-role 0.10
00030100:0x00006000,00030100:0x00E53002,0.339314,0.494118,False,False,0.5,0.0,0.666667,0x6000,0x3000,456,96,byte-class 3-gram 0.40 + prefix4 0.20 + message-count 0.15 + message-position 0.15 + UNKNOWN-role 0.10
00030100:0x00E53002,00120000:0x00006000,0.339314,0.494118,False,False,0.5,0.0,0.666667,0x3000,0x6000,96,456,byte-class 3-gram 0.40 + prefix4 0.20 + message-count 0.15 + message-position 0.15 + UNKNOWN-role 0.10
00030100:0x00E53002,00150100:0x00006000,0.339314,0.494118,False,False,0.5,0.0,0.666667,0x3000,0x6000,96,456,byte-class 3-gram 0.40 + prefix4 0.20 + message-count 0.15 + message-position 0.15 + UNKNOWN-role 0.10
00030100:0x00E53002,00151100:0x00006000,0.339314,0.494118,False,False,0.5,0.0,0.666667,0x3000,0x6000,96,456,byte-class 3-gram 0.40 + prefix4 0.20 + message-count 0.15 + message-position 0.15 + UNKNOWN-role 0.10
00120000:0x00602000,00150100:0x00B62002,0.338931,0.744898,False,True,0.125,0.0,0.222222,0x2000,0x2000,2024,512,byte-class 3-gram 0.40 + prefix4 0.20 + message-count 0.15 + message-position 0.15 + UNKNOWN-role 0.10
00030100:0x02465001,00120000:0x0D5F5002,0.338889,0.688889,False,True,0.2,0.0,0.333333,0x5000,0x5000,360,280,byte-class 3-gram 0.40 + prefix4 0.20 + message-count 0.15 + message-position 0.15 + UNKNOWN-role 0.10
00030100:0x00006000,00030100:0x02465001,0.337976,0.552083,False,False,0.4,0.0,0.571429,0x6000,0x5000,456,360,byte-class 3-gram 0.40 + prefix4 0.20 + message-count 0.15 + message-position 0.15 + UNKNOWN-role 0.10
00030100:0x02465001,00120000:0x00006000,0.337976,0.552083,False,False,0.4,0.0,0.571429,0x5000,0x6000,360,456,byte-class 3-gram 0.40 + prefix4 0.20 + message-count 0.15 + message-position 0.15 + UNKNOWN-role 0.10
00030100:0x02465001,00150100:0x00006000,0.337976,0.552083,False,False,0.4,0.0,0.571429,0x5000,0x6000,360,456,byte-class 3-gram 0.40 + prefix4 0.20 + message-count 0.15 + message-position 0.15 + UNKNOWN-role 0.10
00030100:0x02465001,00151100:0x00006000,0.337976,0.552083,False,False,0.4,0.0,0.571429,0x5000,0x6000,360,456,byte-class 3-gram 0.40 + prefix4 0.20 + message-count 0.15 + message-position 0.15 + UNKNOWN-role 0.10
00120000:0x00602000,00120000:0x0D5F5002,0.337879,0.742268,False,False,0.125,0.0,0.222222,0x2000,0x5000,2024,280,byte-class 3-gram 0.40 + prefix4 0.20 + message-count 0.15 + message-position 0.15 + UNKNOWN-role 0.10
00120000:0x0D5F5002,00150100:0x011E3000,0.337246,0.684783,False,False,0.2,0.0,0.333333,0x5000,0x3000,280,496,byte-class 3-gram 0.40 + prefix4 0.20 + message-count 0.15 + message-position 0.15 + UNKNOWN-role 0.10
00120000:0x00602000,00150100:0x015C3003,0.337074,0.648936,False,False,0.25,0.0,0.4,0x2000,0x3000,2024,296,byte-class 3-gram 0.40 + prefix4 0.20 + message-count 0.15 + message-position 0.15 + UNKNOWN-role 0.10
00150100:0x00B62002,00150100:0x01CB5000,0.337074,0.648936,False,False,0.25,0.0,0.4,0x2000,0x5000,512,368,byte-class 3-gram 0.40 + prefix4 0.20 + message-count 0.15 + message-position 0.15 + UNKNOWN-role 0.10
00120000:0x08562001,00120000:0x0D5F5002,0.336905,0.708333,False,False,0.166667,0.0,0.285714,0x2000,0x5000,2072,280,byte-class 3-gram 0.40 + prefix4 0.20 + message-count 0.15 + message-position 0.15 + UNKNOWN-role 0.10
00030100:0x022C5000,00120000:0x0C843001,0.336713,0.623529,False,False,0.285714,0.0,0.444444,0x5000,0x3000,208,720,byte-class 3-gram 0.40 + prefix4 0.20 + message-count 0.15 + message-position 0.15 + UNKNOWN-role 0.10
00120000:0x0CDE3000,00150100:0x00B62002,0.336427,0.738636,False,False,0.125,0.0,0.222222,0x3000,0x2000,640,512,byte-class 3-gram 0.40 + prefix4 0.20 + message-count 0.15 + message-position 0.15 + UNKNOWN-role 0.10
00030100:0x00D23001,00030100:0x022C5000,0.336111,0.486111,False,False,0.5,0.0,0.666667,0x3000,0x5000,80,208,byte-class 3-gram 0.40 + prefix4 0.20 + message-count 0.15 + message-position 0.15 + UNKNOWN-role 0.10
00030100:0x00C43000,00120000:0x0D2E5001,0.335294,0.588235,False,False,0.333333,0.0,0.5,0x3000,0x5000,112,392,byte-class 3-gram 0.40 + prefix4 0.20 + message-count 0.15 + message-position 0.15 + UNKNOWN-role 0.10
00030100:0x00E53002,00120000:0x015D2006,0.335294,0.588235,False,False,0.333333,0.0,0.5,0x3000,0x2000,96,1440,byte-class 3-gram 0.40 + prefix4 0.20 + message-count 0.15 + message-position 0.15 + UNKNOWN-role 0.10
00120000:0x0CDE3000,00120000:0x0D5F5002,0.335225,0.735632,False,False,0.125,0.0,0.222222,0x3000,0x5000,640,280,byte-class 3-gram 0.40 + prefix4 0.20 + message-count 0.15 + message-position 0.15 + UNKNOWN-role 0.10
00030100:0x00396001,00120000:0x0D5F5002,0.334925,0.483146,False,False,0.5,0.0,0.666667,0x6000,0x5000,312,280,byte-class 3-gram 0.40 + prefix4 0.20 + message-count 0.15 + message-position 0.15 + UNKNOWN-role 0.10
00120000:0x00396001,00120000:0x0D5F5002,0.334925,0.483146,False,False,0.5,0.0,0.666667,0x6000,0x5000,312,280,byte-class 3-gram 0.40 + prefix4 0.20 + message-count 0.15 + message-position 0.15 + UNKNOWN-role 0.10
00120000:0x0D5F5002,00150100:0x00396001,0.334925,0.483146,False,False,0.5,0.0,0.666667,0x5000,0x6000,280,312,byte-class 3-gram 0.40 + prefix4 0.20 + message-count 0.15 + message-position 0.15 + UNKNOWN-role 0.10
00120000:0x0D5F5002,00151100:0x00396001,0.334925,0.483146,False,False,0.5,0.0,0.666667,0x5000,0x6000,280,384,byte-class 3-gram 0.40 + prefix4 0.20 + message-count 0.15 + message-position 0.15 + UNKNOWN-role 0.10
00030100:0x00F13003,00150100:0x00B62002,0.33416,0.775281,False,False,0.071429,0.0,0.133333,0x3000,0x2000,1536,512,byte-class 3-gram 0.40 + prefix4 0.20 + message-count 0.15 + message-position 0.15 + UNKNOWN-role 0.10
00030100:0x022C5000,00120000:0x0B3A2007,0.333469,0.540816,False,False,0.4,0.0,0.571429,0x5000,0x2000,208,2640,byte-class 3-gram 0.40 + prefix4 0.20 + message-count 0.15 + message-position 0.15 + UNKNOWN-role 0.10
00150100:0x015C3003,00150100:0x02065002,0.333216,0.478873,False,False,0.5,0.0,0.666667,0x3000,0x5000,296,104,byte-class 3-gram 0.40 + prefix4 0.20 + message-count 0.15 + message-position 0.15 + UNKNOWN-role 0.10
00030100:0x01B13005,00030100:0x022C5000,0.332756,0.613636,False,False,0.285714,0.0,0.444444,0x3000,0x5000,944,208,byte-class 3-gram 0.40 + prefix4 0.20 + message-count 0.15 + message-position 0.15 + UNKNOWN-role 0.10
00030100:0x00396001,00150100:0x01813004,0.332576,0.477273,False,False,0.5,0.0,0.666667,0x6000,0x3000,312,592,byte-class 3-gram 0.40 + prefix4 0.20 + message-count 0.15 + message-position 0.15 + UNKNOWN-role 0.10
00120000:0x00396001,00150100:0x01813004,0.332576,0.477273,False,False,0.5,0.0,0.666667,0x6000,0x3000,312,592,byte-class 3-gram 0.40 + prefix4 0.20 + message-count 0.15 + message-position 0.15 + UNKNOWN-role 0.10
00150100:0x00396001,00150100:0x01813004,0.332576,0.477273,False,False,0.5,0.0,0.666667,0x6000,0x3000,312,592,byte-class 3-gram 0.40 + prefix4 0.20 + message-count 0.15 + message-position 0.15 + UNKNOWN-role 0.10
00150100:0x01813004,00151100:0x00396001,0.332576,0.477273,False,False,0.5,0.0,0.666667,0x3000,0x6000,592,384,byte-class 3-gram 0.40 + prefix4 0.20 + message-count 0.15 + message-position 0.15 + UNKNOWN-role 0.10
00120000:0x015D2006,00150100:0x00F62003,0.331707,0.829268,False,True,0.0,0.0,0.0,0x2000,0x2000,1440,320,byte-class 3-gram 0.40 + prefix4 0.20 + message-count 0.15 + message-position 0.15 + UNKNOWN-role 0.10
00150100:0x00AC2001,00150100:0x015C3003,0.330856,0.472973,False,False,0.5,0.0,0.666667,0x2000,0x3000,80,296,byte-class 3-gram 0.40 + prefix4 0.20 + message-count 0.15 + message-position 0.15 + UNKNOWN-role 0.10
00030100:0x00396001,00150100:0x01CB5000,0.330431,0.47191,False,False,0.5,0.0,0.666667,0x6000,0x5000,312,368,byte-class 3-gram 0.40 + prefix4 0.20 + message-count 0.15 + message-position 0.15 + UNKNOWN-role 0.10
00120000:0x00396001,00150100:0x01CB5000,0.330431,0.47191,False,False,0.5,0.0,0.666667,0x6000,0x5000,312,368,byte-class 3-gram 0.40 + prefix4 0.20 + message-count 0.15 + message-position 0.15 + UNKNOWN-role 0.10
00150100:0x00396001,00150100:0x01CB5000,0.330431,0.47191,False,False,0.5,0.0,0.666667,0x6000,0x5000,312,368,byte-class 3-gram 0.40 + prefix4 0.20 + message-count 0.15 + message-position 0.15 + UNKNOWN-role 0.10
00150100:0x01CB5000,00151100:0x00396001,0.330431,0.47191,False,False,0.5,0.0,0.666667,0x5000,0x6000,368,384,byte-class 3-gram 0.40 + prefix4 0.20 + message-count 0.15 + message-position 0.15 + UNKNOWN-role 0.10
00030100:0x00DC3004,00030100:0x022C5000,0.330238,0.471429,False,False,0.5,0.0,0.666667,0x3000,0x5000,72,208,byte-class 3-gram 0.40 + prefix4 0.20 + message-count 0.15 + message-position 0.15 + UNKNOWN-role 0.10
00030100:0x00602000,00120000:0x0D2E5001,0.3295,0.63,False,False,0.25,0.0,0.4,0x2000,0x5000,720,392,byte-class 3-gram 0.40 + prefix4 0.20 + message-count 0.15 + message-position 0.15 + UNKNOWN-role 0.10
00030100:0x022C5000,00120000:0x08562001,0.329167,0.572917,False,False,0.333333,0.0,0.5,0x5000,0x2000,208,2072,byte-class 3-gram 0.40 + prefix4 0.20 + message-count 0.15 + message-position 0.15 + UNKNOWN-role 0.10
00030100:0x01B13005,00120000:0x0D5F5002,0.327747,0.703297,False,False,0.142857,0.0,0.25,0x3000,0x5000,944,280,byte-class 3-gram 0.40 + prefix4 0.20 + message-count 0.15 + message-position 0.15 + UNKNOWN-role 0.10
00030100:0x022C5000,00120000:0x0CDE3000,0.326912,0.623529,False,False,0.25,0.0,0.4,0x5000,0x3000,208,640,byte-class 3-gram 0.40 + prefix4 0.20 + message-count 0.15 + message-position 0.15 + UNKNOWN-role 0.10
00120000:0x09592005,00120000:0x0D5F5002,0.326687,0.714286,False,False,0.125,0.0,0.222222,0x2000,0x5000,3848,280,byte-class 3-gram 0.40 + prefix4 0.20 + message-count 0.15 + message-position 0.15 + UNKNOWN-role 0.10
00120000:0x0B3A2007,00120000:0x0D5F5002,0.32596,0.656566,False,False,0.2,0.0,0.333333,0x2000,0x5000,2640,280,byte-class 3-gram 0.40 + prefix4 0.20 + message-count 0.15 + message-position 0.15 + UNKNOWN-role 0.10
00150100:0x00B62002,00150100:0x00F62003,0.325926,0.814815,False,True,0.0,0.0,0.0,0x2000,0x2000,512,320,byte-class 3-gram 0.40 + prefix4 0.20 + message-count 0.15 + message-position 0.15 + UNKNOWN-role 0.10
00030100:0x00F13003,00120000:0x0D5F5002,0.325171,0.752809,False,False,0.071429,0.0,0.133333,0x3000,0x5000,1536,280,byte-class 3-gram 0.40 + prefix4 0.20 + message-count 0.15 + message-position 0.15 + UNKNOWN-role 0.10
00030100:0x00006000,00120000:0x09592005,0.324559,0.617647,False,False,0.25,0.0,0.4,0x6000,0x2000,456,3848,byte-class 3-gram 0.40 + prefix4 0.20 + message-count 0.15 + message-position 0.15 + UNKNOWN-role 0.10
00120000:0x00006000,00120000:0x09592005,0.324559,0.617647,False,False,0.25,0.0,0.4,0x6000,0x2000,456,3848,byte-class 3-gram 0.40 + prefix4 0.20 + message-count 0.15 + message-position 0.15 + UNKNOWN-role 0.10
00120000:0x09592005,00150100:0x00006000,0.324559,0.617647,False,False,0.25,0.0,0.4,0x2000,0x6000,3848,456,byte-class 3-gram 0.40 + prefix4 0.20 + message-count 0.15 + message-position 0.15 + UNKNOWN-role 0.10
00120000:0x09592005,00151100:0x00006000,0.324559,0.617647,False,False,0.25,0.0,0.4,0x2000,0x6000,3848,456,byte-class 3-gram 0.40 + prefix4 0.20 + message-count 0.15 + message-position 0.15 + UNKNOWN-role 0.10
00030100:0x00006000,00120000:0x0C843001,0.323861,0.591398,False,False,0.285714,0.0,0.444444,0x6000,0x3000,456,720,byte-class 3-gram 0.40 + prefix4 0.20 + message-count 0.15 + message-position 0.15 + UNKNOWN-role 0.10
00120000:0x00006000,00120000:0x0C843001,0.323861,0.591398,False,False,0.285714,0.0,0.444444,0x6000,0x3000,456,720,byte-class 3-gram 0.40 + prefix4 0.20 + message-count 0.15 + message-position 0.15 + UNKNOWN-role 0.10
00120000:0x0C843001,00150100:0x00006000,0.323861,0.591398,False,False,0.285714,0.0,0.444444,0x3000,0x6000,720,456,byte-class 3-gram 0.40 + prefix4 0.20 + message-count 0.15 + message-position 0.15 + UNKNOWN-role 0.10
00120000:0x0C843001,00151100:0x00006000,0.323861,0.591398,False,False,0.285714,0.0,0.444444,0x3000,0x6000,720,456,byte-class 3-gram 0.40 + prefix4 0.20 + message-count 0.15 + message-position 0.15 + UNKNOWN-role 0.10
00030100:0x00006000,00120000:0x00602000,0.32216,0.61165,False,False,0.25,0.0,0.4,0x6000,0x2000,456,2024,byte-class 3-gram 0.40 + prefix4 0.20 + message-count 0.15 + message-position 0.15 + UNKNOWN-role 0.10
00120000:0x00006000,00120000:0x00602000,0.32216,0.61165,False,False,0.25,0.0,0.4,0x6000,0x2000,456,2024,byte-class 3-gram 0.40 + prefix4 0.20 + message-count 0.15 + message-position 0.15 + UNKNOWN-role 0.10
00120000:0x00602000,00150100:0x00006000,0.32216,0.61165,False,False,0.25,0.0,0.4,0x2000,0x6000,2024,456,byte-class 3-gram 0.40 + prefix4 0.20 + message-count 0.15 + message-position 0.15 + UNKNOWN-role 0.10
00120000:0x00602000,00151100:0x00006000,0.32216,0.61165,False,False,0.25,0.0,0.4,0x2000,0x6000,2024,456,byte-class 3-gram 0.40 + prefix4 0.20 + message-count 0.15 + message-position 0.15 + UNKNOWN-role 0.10
00120000:0x02112002,00150100:0x015C3003,0.321872,0.659574,False,False,0.181818,0.0,0.307692,0x2000,0x3000,4936,296,byte-class 3-gram 0.40 + prefix4 0.20 + message-count 0.15 + message-position 0.15 + UNKNOWN-role 0.10
00120000:0x015D2006,00150100:0x01F95001,0.321687,0.554217,False,False,0.333333,0.0,0.5,0x2000,0x5000,1440,104,byte-class 3-gram 0.40 + prefix4 0.20 + message-count 0.15 + message-position 0.15 + UNKNOWN-role 0.10
00030100:0x022C5000,00150100:0x00AC2001,0.320614,0.447368,False,False,0.5,0.0,0.666667,0x5000,0x2000,208,80,byte-class 3-gram 0.40 + prefix4 0.20 + message-count 0.15 + message-position 0.15 + UNKNOWN-role 0.10
00030100:0x00602000,00150100:0x015C3003,0.320238,0.666667,False,False,0.166667,0.0,0.285714,0x2000,0x3000,720,296,byte-class 3-gram 0.40 + prefix4 0.20 + message-count 0.15 + message-position 0.15 + UNKNOWN-role 0.10
00030100:0x00C43000,00150100:0x01CB5000,0.319475,0.604938,False,False,0.25,0.0,0.4,0x3000,0x5000,112,368,byte-class 3-gram 0.40 + prefix4 0.20 + message-count 0.15 + message-position 0.15 + UNKNOWN-role 0.10
00030100:0x00396001,00150100:0x00AC2001,0.31881,0.442857,False,False,0.5,0.0,0.666667,0x6000,0x2000,312,80,byte-class 3-gram 0.40 + prefix4 0.20 + message-count 0.15 + message-position 0.15 + UNKNOWN-role 0.10
00120000:0x00396001,00150100:0x00AC2001,0.31881,0.442857,False,False,0.5,0.0,0.666667,0x6000,0x2000,312,80,byte-class 3-gram 0.40 + prefix4 0.20 + message-count 0.15 + message-position 0.15 + UNKNOWN-role 0.10
00150100:0x00396001,00150100:0x00AC2001,0.31881,0.442857,False,False,0.5,0.0,0.666667,0x6000,0x2000,312,80,byte-class 3-gram 0.40 + prefix4 0.20 + message-count 0.15 + message-position 0.15 + UNKNOWN-role 0.10
00150100:0x00AC2001,00151100:0x00396001,0.31881,0.442857,False,False,0.5,0.0,0.666667,0x2000,0x6000,80,384,byte-class 3-gram 0.40 + prefix4 0.20 + message-count 0.15 + message-position 0.15 + UNKNOWN-role 0.10
00030100:0x00396001,00030100:0x00E53002,0.317667,0.44,False,False,0.5,0.0,0.666667,0x6000,0x3000,312,96,byte-class 3-gram 0.40 + prefix4 0.20 + message-count 0.15 + message-position 0.15 + UNKNOWN-role 0.10
00030100:0x00E53002,00120000:0x00396001,0.317667,0.44,False,False,0.5,0.0,0.666667,0x3000,0x6000,96,312,byte-class 3-gram 0.40 + prefix4 0.20 + message-count 0.15 + message-position 0.15 + UNKNOWN-role 0.10
00030100:0x00E53002,00150100:0x00396001,0.317667,0.44,False,False,0.5,0.0,0.666667,0x3000,0x6000,96,312,byte-class 3-gram 0.40 + prefix4 0.20 + message-count 0.15 + message-position 0.15 + UNKNOWN-role 0.10
00030100:0x00E53002,00151100:0x00396001,0.317667,0.44,False,False,0.5,0.0,0.666667,0x3000,0x6000,96,384,byte-class 3-gram 0.40 + prefix4 0.20 + message-count 0.15 + message-position 0.15 + UNKNOWN-role 0.10
00120000:0x0D2E5001,00150100:0x01F95001,0.316867,0.542169,False,True,0.333333,0.0,0.5,0x5000,0x5000,392,104,byte-class 3-gram 0.40 + prefix4 0.20 + message-count 0.15 + message-position 0.15 + UNKNOWN-role 0.10
00030100:0x00396001,00030100:0x00C43000,0.315351,0.434211,False,False,0.5,0.0,0.666667,0x6000,0x3000,312,112,byte-class 3-gram 0.40 + prefix4 0.20 + message-count 0.15 + message-position 0.15 + UNKNOWN-role 0.10
00030100:0x00C43000,00120000:0x00396001,0.315351,0.434211,False,False,0.5,0.0,0.666667,0x3000,0x6000,112,312,byte-class 3-gram 0.40 + prefix4 0.20 + message-count 0.15 + message-position 0.15 + UNKNOWN-role 0.10
00030100:0x00C43000,00150100:0x00396001,0.315351,0.434211,False,False,0.5,0.0,0.666667,0x3000,0x6000,112,312,byte-class 3-gram 0.40 + prefix4 0.20 + message-count 0.15 + message-position 0.15 + UNKNOWN-role 0.10
00030100:0x00C43000,00151100:0x00396001,0.315351,0.434211,False,False,0.5,0.0,0.666667,0x3000,0x6000,112,384,byte-class 3-gram 0.40 + prefix4 0.20 + message-count 0.15 + message-position 0.15 + UNKNOWN-role 0.10
00030100:0x00C43000,00030100:0x01B13005,0.314783,0.670886,False,True,0.142857,0.0,0.25,0x3000,0x3000,112,944,byte-class 3-gram 0.40 + prefix4 0.20 + message-count 0.15 + message-position 0.15 + UNKNOWN-role 0.10
00030100:0x022C5000,00150100:0x02065002,0.31464,0.432432,False,True,0.5,0.0,0.666667,0x5000,0x5000,208,104,byte-class 3-gram 0.40 + prefix4 0.20 + message-count 0.15 + message-position 0.15 + UNKNOWN-role 0.10
00030100:0x00602000,00150100:0x00F62003,0.314286,0.785714,False,True,0.0,0.0,0.0,0x2000,0x2000,720,320,byte-class 3-gram 0.40 + prefix4 0.20 + message-count 0.15 + message-position 0.15 + UNKNOWN-role 0.10
00030100:0x00006000,00150100:0x00AC2001,0.313095,0.428571,False,False,0.5,0.0,0.666667,0x6000,0x2000,456,80,byte-class 3-gram 0.40 + prefix4 0.20 + message-count 0.15 + message-position 0.15 + UNKNOWN-role 0.10
00120000:0x00006000,00150100:0x00AC2001,0.313095,0.428571,False,False,0.5,0.0,0.666667,0x6000,0x2000,456,80,byte-class 3-gram 0.40 + prefix4 0.20 + message-count 0.15 + message-position 0.15 + UNKNOWN-role 0.10
00150100:0x00006000,00150100:0x00AC2001,0.313095,0.428571,False,False,0.5,0.0,0.666667,0x6000,0x2000,456,80,byte-class 3-gram 0.40 + prefix4 0.20 + message-count 0.15 + message-position 0.15 + UNKNOWN-role 0.10
00150100:0x00AC2001,00151100:0x00006000,0.313095,0.428571,False,False,0.5,0.0,0.666667,0x2000,0x6000,80,456,byte-class 3-gram 0.40 + prefix4 0.20 + message-count 0.15 + message-position 0.15 + UNKNOWN-role 0.10
00030100:0x00006000,00030100:0x00D23001,0.312398,0.426829,False,False,0.5,0.0,0.666667,0x6000,0x3000,456,80,byte-class 3-gram 0.40 + prefix4 0.20 + message-count 0.15 + message-position 0.15 + UNKNOWN-role 0.10
00030100:0x00D23001,00120000:0x00006000,0.312398,0.426829,False,False,0.5,0.0,0.666667,0x3000,0x6000,80,456,byte-class 3-gram 0.40 + prefix4 0.20 + message-count 0.15 + message-position 0.15 + UNKNOWN-role 0.10
00030100:0x00D23001,00150100:0x00006000,0.312398,0.426829,False,False,0.5,0.0,0.666667,0x3000,0x6000,80,456,byte-class 3-gram 0.40 + prefix4 0.20 + message-count 0.15 + message-position 0.15 + UNKNOWN-role 0.10
00030100:0x00D23001,00151100:0x00006000,0.312398,0.426829,False,False,0.5,0.0,0.666667,0x3000,0x6000,80,456,byte-class 3-gram 0.40 + prefix4 0.20 + message-count 0.15 + message-position 0.15 + UNKNOWN-role 0.10
00030100:0x022C5000,00150100:0x02135003,0.312255,0.426471,False,True,0.5,0.0,0.666667,0x5000,0x5000,208,128,byte-class 3-gram 0.40 + prefix4 0.20 + message-count 0.15 + message-position 0.15 + UNKNOWN-role 0.10
00030100:0x00BA3006,00120000:0x015D2006,0.311765,0.529412,False,False,0.333333,0.0,0.5,0x3000,0x2000,80,1440,byte-class 3-gram 0.40 + prefix4 0.20 + message-count 0.15 + message-position 0.15 + UNKNOWN-role 0.10
00030100:0x00006000,00150100:0x01F95001,0.311078,0.423529,False,False,0.5,0.0,0.666667,0x6000,0x5000,456,104,byte-class 3-gram 0.40 + prefix4 0.20 + message-count 0.15 + message-position 0.15 + UNKNOWN-role 0.10
00120000:0x00006000,00150100:0x01F95001,0.311078,0.423529,False,False,0.5,0.0,0.666667,0x6000,0x5000,456,104,byte-class 3-gram 0.40 + prefix4 0.20 + message-count 0.15 + message-position 0.15 + UNKNOWN-role 0.10
00150100:0x00006000,00150100:0x01F95001,0.311078,0.423529,False,False,0.5,0.0,0.666667,0x6000,0x5000,456,104,byte-class 3-gram 0.40 + prefix4 0.20 + message-count 0.15 + message-position 0.15 + UNKNOWN-role 0.10
00150100:0x01F95001,00151100:0x00006000,0.311078,0.423529,False,False,0.5,0.0,0.666667,0x5000,0x6000,104,456,byte-class 3-gram 0.40 + prefix4 0.20 + message-count 0.15 + message-position 0.15 + UNKNOWN-role 0.10
00030100:0x00C43000,00150100:0x00602000,0.310833,0.583333,False,False,0.25,0.0,0.4,0x3000,0x2000,112,608,byte-class 3-gram 0.40 + prefix4 0.20 + message-count 0.15 + message-position 0.15 + UNKNOWN-role 0.10
00120000:0x02112002,00120000:0x0D5F5002,0.310303,0.7,False,False,0.090909,0.0,0.166667,0x2000,0x5000,4936,280,byte-class 3-gram 0.40 + prefix4 0.20 + message-count 0.15 + message-position 0.15 + UNKNOWN-role 0.10
00030100:0x022C5000,00120000:0x09592005,0.310153,0.581633,False,False,0.25,0.0,0.4,0x5000,0x2000,208,3848,byte-class 3-gram 0.40 + prefix4 0.20 + message-count 0.15 + message-position 0.15 + UNKNOWN-role 0.10
00120000:0x047A2003,00120000:0x0D5F5002,0.309762,0.714286,False,False,0.071429,0.0,0.133333,0x2000,0x5000,3920,280,byte-class 3-gram 0.40 + prefix4 0.20 + message-count 0.15 + message-position 0.15 + UNKNOWN-role 0.10
00030100:0x00E53002,00120000:0x0D2E5001,0.309091,0.522727,False,False,0.333333,0.0,0.5,0x3000,0x5000,96,392,byte-class 3-gram 0.40 + prefix4 0.20 + message-count 0.15 + message-position 0.15 + UNKNOWN-role 0.10
00030100:0x00396001,00120000:0x0B3A2007,0.30881,0.479167,False,False,0.4,0.0,0.571429,0x6000,0x2000,312,2640,byte-class 3-gram 0.40 + prefix4 0.20 + message-count 0.15 + message-position 0.15 + UNKNOWN-role 0.10
00120000:0x00396001,00120000:0x0B3A2007,0.30881,0.479167,False,False,0.4,0.0,0.571429,0x6000,0x2000,312,2640,byte-class 3-gram 0.40 + prefix4 0.20 + message-count 0.15 + message-position 0.15 + UNKNOWN-role 0.10
00120000:0x0B3A2007,00150100:0x00396001,0.30881,0.479167,False,False,0.4,0.0,0.571429,0x2000,0x6000,2640,312,byte-class 3-gram 0.40 + prefix4 0.20 + message-count 0.15 + message-position 0.15 + UNKNOWN-role 0.10
00120000:0x0B3A2007,00151100:0x00396001,0.30881,0.479167,False,False,0.4,0.0,0.571429,0x2000,0x6000,2640,384,byte-class 3-gram 0.40 + prefix4 0.20 + message-count 0.15 + message-position 0.15 + UNKNOWN-role 0.10
00120000:0x047A2003,00150100:0x015C3003,0.308794,0.655914,False,False,0.142857,0.0,0.25,0x2000,0x3000,3920,296,byte-class 3-gram 0.40 + prefix4 0.20 + message-count 0.15 + message-position 0.15 + UNKNOWN-role 0.10
00030100:0x00006000,00030100:0x01B13005,0.30771,0.55102,False,False,0.285714,0.0,0.444444,0x6000,0x3000,456,944,byte-class 3-gram 0.40 + prefix4 0.20 + message-count 0.15 + message-position 0.15 + UNKNOWN-role 0.10
00030100:0x01B13005,00120000:0x00006000,0.30771,0.55102,False,False,0.285714,0.0,0.444444,0x3000,0x6000,944,456,byte-class 3-gram 0.40 + prefix4 0.20 + message-count 0.15 + message-position 0.15 + UNKNOWN-role 0.10
00030100:0x01B13005,00150100:0x00006000,0.30771,0.55102,False,False,0.285714,0.0,0.444444,0x3000,0x6000,944,456,byte-class 3-gram 0.40 + prefix4 0.20 + message-count 0.15 + message-position 0.15 + UNKNOWN-role 0.10
00030100:0x01B13005,00151100:0x00006000,0.30771,0.55102,False,False,0.285714,0.0,0.444444,0x3000,0x6000,944,456,byte-class 3-gram 0.40 + prefix4 0.20 + message-count 0.15 + message-position 0.15 + UNKNOWN-role 0.10
00030100:0x00006000,00120000:0x0CDE3000,0.307287,0.574468,False,False,0.25,0.0,0.4,0x6000,0x3000,456,640,byte-class 3-gram 0.40 + prefix4 0.20 + message-count 0.15 + message-position 0.15 + UNKNOWN-role 0.10
00120000:0x00006000,00120000:0x0CDE3000,0.307287,0.574468,False,False,0.25,0.0,0.4,0x6000,0x3000,456,640,byte-class 3-gram 0.40 + prefix4 0.20 + message-count 0.15 + message-position 0.15 + UNKNOWN-role 0.10
00120000:0x0CDE3000,00150100:0x00006000,0.307287,0.574468,False,False,0.25,0.0,0.4,0x3000,0x6000,640,456,byte-class 3-gram 0.40 + prefix4 0.20 + message-count 0.15 + message-position 0.15 + UNKNOWN-role 0.10
00120000:0x0CDE3000,00151100:0x00006000,0.307287,0.574468,False,False,0.25,0.0,0.4,0x3000,0x6000,640,456,byte-class 3-gram 0.40 + prefix4 0.20 + message-count 0.15 + message-position 0.15 + UNKNOWN-role 0.10
00030100:0x00E53002,00150100:0x01CB5000,0.306768,0.573171,False,False,0.25,0.0,0.4,0x3000,0x5000,96,368,byte-class 3-gram 0.40 + prefix4 0.20 + message-count 0.15 + message-position 0.15 + UNKNOWN-role 0.10
00030100:0x00006000,00120000:0x02112002,0.306586,0.621359,False,False,0.181818,0.0,0.307692,0x6000,0x2000,456,4936,byte-class 3-gram 0.40 + prefix4 0.20 + message-count 0.15 + message-position 0.15 + UNKNOWN-role 0.10
00120000:0x00006000,00120000:0x02112002,0.306586,0.621359,False,False,0.181818,0.0,0.307692,0x6000,0x2000,456,4936,byte-class 3-gram 0.40 + prefix4 0.20 + message-count 0.15 + message-position 0.15 + UNKNOWN-role 0.10
00120000:0x02112002,00150100:0x00006000,0.306586,0.621359,False,False,0.181818,0.0,0.307692,0x2000,0x6000,4936,456,byte-class 3-gram 0.40 + prefix4 0.20 + message-count 0.15 + message-position 0.15 + UNKNOWN-role 0.10
00120000:0x02112002,00151100:0x00006000,0.306586,0.621359,False,False,0.181818,0.0,0.307692,0x2000,0x6000,4936,456,byte-class 3-gram 0.40 + prefix4 0.20 + message-count 0.15 + message-position 0.15 + UNKNOWN-role 0.10
00120000:0x06642004,00150100:0x015C3003,0.306586,0.642105,False,False,0.153846,0.0,0.266667,0x2000,0x3000,3984,296,byte-class 3-gram 0.40 + prefix4 0.20 + message-count 0.15 + message-position 0.15 + UNKNOWN-role 0.10
00120000:0x06642004,00120000:0x0D5F5002,0.305824,0.7,False,False,0.076923,0.0,0.142857,0x2000,0x5000,3984,280,byte-class 3-gram 0.40 + prefix4 0.20 + message-count 0.15 + message-position 0.15 + UNKNOWN-role 0.10
00030100:0x02465001,00150100:0x01F95001,0.305439,0.605263,False,True,0.2,0.0,0.333333,0x5000,0x5000,360,104,byte-class 3-gram 0.40 + prefix4 0.20 + message-count 0.15 + message-position 0.15 + UNKNOWN-role 0.10
00030100:0x02465001,00150100:0x00B62002,0.305,0.604167,False,False,0.2,0.0,0.333333,0x5000,0x2000,360,512,byte-class 3-gram 0.40 + prefix4 0.20 + message-count 0.15 + message-position 0.15 + UNKNOWN-role 0.10
00030100:0x00006000,00120000:0x06642004,0.304646,0.637255,False,False,0.153846,0.0,0.266667,0x6000,0x2000,456,3984,byte-class 3-gram 0.40 + prefix4 0.20 + message-count 0.15 + message-position 0.15 + UNKNOWN-role 0.10
00120000:0x00006000,00120000:0x06642004,0.304646,0.637255,False,False,0.153846,0.0,0.266667,0x6000,0x2000,456,3984,byte-class 3-gram 0.40 + prefix4 0.20 + message-count 0.15 + message-position 0.15 + UNKNOWN-role 0.10
00120000:0x06642004,00150100:0x00006000,0.304646,0.637255,False,False,0.153846,0.0,0.266667,0x2000,0x6000,3984,456,byte-class 3-gram 0.40 + prefix4 0.20 + message-count 0.15 + message-position 0.15 + UNKNOWN-role 0.10
00120000:0x06642004,00151100:0x00006000,0.304646,0.637255,False,False,0.153846,0.0,0.266667,0x2000,0x6000,3984,456,byte-class 3-gram 0.40 + prefix4 0.20 + message-count 0.15 + message-position 0.15 + UNKNOWN-role 0.10
00030100:0x00396001,00120000:0x08562001,0.304255,0.510638,False,False,0.333333,0.0,0.5,0x6000,0x2000,312,2072,byte-class 3-gram 0.40 + prefix4 0.20 + message-count 0.15 + message-position 0.15 + UNKNOWN-role 0.10
00120000:0x00396001,00120000:0x08562001,0.304255,0.510638,False,False,0.333333,0.0,0.5,0x6000,0x2000,312,2072,byte-class 3-gram 0.40 + prefix4 0.20 + message-count 0.15 + message-position 0.15 + UNKNOWN-role 0.10
00120000:0x08562001,00150100:0x00396001,0.304255,0.510638,False,False,0.333333,0.0,0.5,0x2000,0x6000,2072,312,byte-class 3-gram 0.40 + prefix4 0.20 + message-count 0.15 + message-position 0.15 + UNKNOWN-role 0.10
00120000:0x08562001,00151100:0x00396001,0.304255,0.510638,False,False,0.333333,0.0,0.5,0x2000,0x6000,2072,384,byte-class 3-gram 0.40 + prefix4 0.20 + message-count 0.15 + message-position 0.15 + UNKNOWN-role 0.10
00150100:0x01813004,00150100:0x01F95001,0.303141,0.564103,False,False,0.25,0.0,0.4,0x3000,0x5000,592,104,byte-class 3-gram 0.40 + prefix4 0.20 + message-count 0.15 + message-position 0.15 + UNKNOWN-role 0.10
00030100:0x00396001,00150100:0x011E3000,0.301758,0.461538,False,False,0.4,0.0,0.571429,0x6000,0x3000,312,496,byte-class 3-gram 0.40 + prefix4 0.20 + message-count 0.15 + message-position 0.15 + UNKNOWN-role 0.10
00120000:0x00396001,00150100:0x011E3000,0.301758,0.461538,False,False,0.4,0.0,0.571429,0x6000,0x3000,312,496,byte-class 3-gram 0.40 + prefix4 0.20 + message-count 0.15 + message-position 0.15 + UNKNOWN-role 0.10
00150100:0x00396001,00150100:0x011E3000,0.301758,0.461538,False,False,0.4,0.0,0.571429,0x6000,0x3000,312,496,byte-class 3-gram 0.40 + prefix4 0.20 + message-count 0.15 + message-position 0.15 + UNKNOWN-role 0.10
00150100:0x011E3000,00151100:0x00396001,0.301758,0.461538,False,False,0.4,0.0,0.571429,0x3000,0x6000,496,384,byte-class 3-gram 0.40 + prefix4 0.20 + message-count 0.15 + message-position 0.15 + UNKNOWN-role 0.10
00030100:0x00396001,00030100:0x00D23001,0.301667,0.4,False,False,0.5,0.0,0.666667,0x6000,0x3000,312,80,byte-class 3-gram 0.40 + prefix4 0.20 + message-count 0.15 + message-position 0.15 + UNKNOWN-role 0.10
00030100:0x00D23001,00120000:0x00396001,0.301667,0.4,False,False,0.5,0.0,0.666667,0x3000,0x6000,80,312,byte-class 3-gram 0.40 + prefix4 0.20 + message-count 0.15 + message-position 0.15 + UNKNOWN-role 0.10
00030100:0x00D23001,00150100:0x00396001,0.301667,0.4,False,False,0.5,0.0,0.666667,0x3000,0x6000,80,312,byte-class 3-gram 0.40 + prefix4 0.20 + message-count 0.15 + message-position 0.15 + UNKNOWN-role 0.10
00030100:0x00D23001,00151100:0x00396001,0.301667,0.4,False,False,0.5,0.0,0.666667,0x3000,0x6000,80,384,byte-class 3-gram 0.40 + prefix4 0.20 + message-count 0.15 + message-position 0.15 + UNKNOWN-role 0.10
00030100:0x00E53002,00030100:0x01B13005,0.301429,0.6375,False,True,0.142857,0.0,0.25,0x3000,0x3000,96,944,byte-class 3-gram 0.40 + prefix4 0.20 + message-count 0.15 + message-position 0.15 + UNKNOWN-role 0.10
00030100:0x00006000,00150100:0x02065002,0.300703,0.39759,False,False,0.5,0.0,0.666667,0x6000,0x5000,456,104,byte-class 3-gram 0.40 + prefix4 0.20 + message-count 0.15 + message-position 0.15 + UNKNOWN-role 0.10
00120000:0x00006000,00150100:0x02065002,0.300703,0.39759,False,False,0.5,0.0,0.666667,0x6000,0x5000,456,104,byte-class 3-gram 0.40 + prefix4 0.20 + message-count 0.15 + message-position 0.15 + UNKNOWN-role 0.10
00150100:0x00006000,00150100:0x02065002,0.300703,0.39759,False,False,0.5,0.0,0.666667,0x6000,0x5000,456,104,byte-class 3-gram 0.40 + prefix4 0.20 + message-count 0.15 + message-position 0.15 + UNKNOWN-role 0.10
00150100:0x02065002,00151100:0x00006000,0.300703,0.39759,False,False,0.5,0.0,0.666667,0x5000,0x6000,104,456,byte-class 3-gram 0.40 + prefix4 0.20 + message-count 0.15 + message-position 0.15 + UNKNOWN-role 0.10
00150100:0x01CB5000,00150100:0x01F95001,0.300285,0.556962,False,True,0.25,0.0,0.4,0x5000,0x5000,368,104,byte-class 3-gram 0.40 + prefix4 0.20 + message-count 0.15 + message-position 0.15 + UNKNOWN-role 0.10
00120000:0x0D2E5001,00150100:0x02065002,0.3,0.5,False,True,0.333333,0.0,0.5,0x5000,0x5000,392,104,byte-class 3-gram 0.40 + prefix4 0.20 + message-count 0.15 + message-position 0.15 + UNKNOWN-role 0.10
00150100:0x00602000,00150100:0x00F62003,0.3,0.75,False,True,0.0,0.0,0.0,0x2000,0x2000,608,320,byte-class 3-gram 0.40 + prefix4 0.20 + message-count 0.15 + message-position 0.15 + UNKNOWN-role 0.10
00030100:0x00C43000,00120000:0x0D824000,0.299239,0.554348,False,False,0.25,0.0,0.4,0x3000,0x4000,112,1256,byte-class 3-gram 0.40 + prefix4 0.20 + message-count 0.15 + message-position 0.15 + UNKNOWN-role 0.10
00120000:0x09592005,00150100:0x00F62003,0.298901,0.747253,False,True,0.0,0.0,0.0,0x2000,0x2000,3848,320,byte-class 3-gram 0.40 + prefix4 0.20 + message-count 0.15 + message-position 0.15 + UNKNOWN-role 0.10
00030100:0x00396001,00030100:0x00BA3006,0.298423,0.391892,False,False,0.5,0.0,0.666667,0x6000,0x3000,312,80,byte-class 3-gram 0.40 + prefix4 0.20 + message-count 0.15 + message-position 0.15 + UNKNOWN-role 0.10
00030100:0x00BA3006,00120000:0x00396001,0.298423,0.391892,False,False,0.5,0.0,0.666667,0x3000,0x6000,80,312,byte-class 3-gram 0.40 + prefix4 0.20 + message-count 0.15 + message-position 0.15 + UNKNOWN-role 0.10
00030100:0x00BA3006,00150100:0x00396001,0.298423,0.391892,False,False,0.5,0.0,0.666667,0x3000,0x6000,80,312,byte-class 3-gram 0.40 + prefix4 0.20 + message-count 0.15 + message-position 0.15 + UNKNOWN-role 0.10
00030100:0x00BA3006,00151100:0x00396001,0.298423,0.391892,False,False,0.5,0.0,0.666667,0x3000,0x6000,80,384,byte-class 3-gram 0.40 + prefix4 0.20 + message-count 0.15 + message-position 0.15 + UNKNOWN-role 0.10
00120000:0x015D2006,00150100:0x02065002,0.29759,0.493976,False,False,0.333333,0.0,0.5,0x2000,0x5000,1440,104,byte-class 3-gram 0.40 + prefix4 0.20 + message-count 0.15 + message-position 0.15 + UNKNOWN-role 0.10
00030100:0x00C43000,00120000:0x0B3A2007,0.297041,0.58427,False,False,0.2,0.0,0.333333,0x3000,0x2000,112,2640,byte-class 3-gram 0.40 + prefix4 0.20 + message-count 0.15 + message-position 0.15 + UNKNOWN-role 0.10
00120000:0x08562001,00150100:0x00F62003,0.296629,0.741573,False,True,0.0,0.0,0.0,0x2000,0x2000,2072,320,byte-class 3-gram 0.40 + prefix4 0.20 + message-count 0.15 + message-position 0.15 + UNKNOWN-role 0.10
00120000:0x0B3A2007,00150100:0x00F62003,0.296629,0.741573,False,True,0.0,0.0,0.0,0x2000,0x2000,2640,320,byte-class 3-gram 0.40 + prefix4 0.20 + message-count 0.15 + message-position 0.15 + UNKNOWN-role 0.10
00030100:0x00F13003,00030100:0x022C5000,0.296429,0.625,False,False,0.142857,0.0,0.25,0x3000,0x5000,1536,208,byte-class 3-gram 0.40 + prefix4 0.20 + message-count 0.15 + message-position 0.15 + UNKNOWN-role 0.10
00030100:0x00006000,00030100:0x00BA3006,0.296212,0.386364,False,False,0.5,0.0,0.666667,0x6000,0x3000,456,80,byte-class 3-gram 0.40 + prefix4 0.20 + message-count 0.15 + message-position 0.15 + UNKNOWN-role 0.10
00030100:0x00BA3006,00120000:0x00006000,0.296212,0.386364,False,False,0.5,0.0,0.666667,0x3000,0x6000,80,456,byte-class 3-gram 0.40 + prefix4 0.20 + message-count 0.15 + message-position 0.15 + UNKNOWN-role 0.10
00030100:0x00BA3006,00150100:0x00006000,0.296212,0.386364,False,False,0.5,0.0,0.666667,0x3000,0x6000,80,456,byte-class 3-gram 0.40 + prefix4 0.20 + message-count 0.15 + message-position 0.15 + UNKNOWN-role 0.10
00030100:0x00BA3006,00151100:0x00006000,0.296212,0.386364,False,False,0.5,0.0,0.666667,0x3000,0x6000,80,456,byte-class 3-gram 0.40 + prefix4 0.20 + message-count 0.15 + message-position 0.15 + UNKNOWN-role 0.10
00030100:0x022C5000,00120000:0x00602000,0.295322,0.544554,False,False,0.25,0.0,0.4,0x5000,0x2000,208,2024,byte-class 3-gram 0.40 + prefix4 0.20 + message-count 0.15 + message-position 0.15 + UNKNOWN-role 0.10
00030100:0x00E53002,00120000:0x0D824000,0.294891,0.543478,False,False,0.25,0.0,0.4,0x3000,0x4000,96,1256,byte-class 3-gram 0.40 + prefix4 0.20 + message-count 0.15 + message-position 0.15 + UNKNOWN-role 0.10
00030100:0x00396001,00030100:0x00DC3004,0.294608,0.382353,False,False,0.5,0.0,0.666667,0x6000,0x3000,312,72,byte-class 3-gram 0.40 + prefix4 0.20 + message-count 0.15 + message-position 0.15 + UNKNOWN-role 0.10
00030100:0x00DC3004,00120000:0x00396001,0.294608,0.382353,False,False,0.5,0.0,0.666667,0x3000,0x6000,72,312,byte-class 3-gram 0.40 + prefix4 0.20 + message-count 0.15 + message-position 0.15 + UNKNOWN-role 0.10
00030100:0x00DC3004,00150100:0x00396001,0.294608,0.382353,False,False,0.5,0.0,0.666667,0x3000,0x6000,72,312,byte-class 3-gram 0.40 + prefix4 0.20 + message-count 0.15 + message-position 0.15 + UNKNOWN-role 0.10
00030100:0x00DC3004,00151100:0x00396001,0.294608,0.382353,False,False,0.5,0.0,0.666667,0x3000,0x6000,72,384,byte-class 3-gram 0.40 + prefix4 0.20 + message-count 0.15 + message-position 0.15 + UNKNOWN-role 0.10
00030100:0x00C43000,00120000:0x08562001,0.294481,0.602273,False,False,0.166667,0.0,0.285714,0x3000,0x2000,112,2072,byte-class 3-gram 0.40 + prefix4 0.20 + message-count 0.15 + message-position 0.15 + UNKNOWN-role 0.10
00030100:0x00006000,00120000:0x047A2003,0.293487,0.617647,False,False,0.142857,0.0,0.25,0x6000,0x2000,456,3920,byte-class 3-gram 0.40 + prefix4 0.20 + message-count 0.15 + message-position 0.15 + UNKNOWN-role 0.10
00120000:0x00006000,00120000:0x047A2003,0.293487,0.617647,False,False,0.142857,0.0,0.25,0x6000,0x2000,456,3920,byte-class 3-gram 0.40 + prefix4 0.20 + message-count 0.15 + message-position 0.15 + UNKNOWN-role 0.10
00120000:0x047A2003,00150100:0x00006000,0.293487,0.617647,False,False,0.142857,0.0,0.25,0x2000,0x6000,3920,456,byte-class 3-gram 0.40 + prefix4 0.20 + message-count 0.15 + message-position 0.15 + UNKNOWN-role 0.10
00120000:0x047A2003,00151100:0x00006000,0.293487,0.617647,False,False,0.142857,0.0,0.25,0x2000,0x6000,3920,456,byte-class 3-gram 0.40 + prefix4 0.20 + message-count 0.15 + message-position 0.15 + UNKNOWN-role 0.10
00030100:0x00396001,00150100:0x01F95001,0.293018,0.378378,False,False,0.5,0.0,0.666667,0x6000,0x5000,312,104,byte-class 3-gram 0.40 + prefix4 0.20 + message-count 0.15 + message-position 0.15 + UNKNOWN-role 0.10
00120000:0x00396001,00150100:0x01F95001,0.293018,0.378378,False,False,0.5,0.0,0.666667,0x6000,0x5000,312,104,byte-class 3-gram 0.40 + prefix4 0.20 + message-count 0.15 + message-position 0.15 + UNKNOWN-role 0.10
00150100:0x00396001,00150100:0x01F95001,0.293018,0.378378,False,False,0.5,0.0,0.666667,0x6000,0x5000,312,104,byte-class 3-gram 0.40 + prefix4 0.20 + message-count 0.15 + message-position 0.15 + UNKNOWN-role 0.10
00150100:0x01F95001,00151100:0x00396001,0.293018,0.378378,False,False,0.5,0.0,0.666667,0x5000,0x6000,104,384,byte-class 3-gram 0.40 + prefix4 0.20 + message-count 0.15 + message-position 0.15 + UNKNOWN-role 0.10
00030100:0x00C43000,00030100:0x02465001,0.292602,0.573171,False,False,0.2,0.0,0.333333,0x3000,0x5000,112,360,byte-class 3-gram 0.40 + prefix4 0.20 + message-count 0.15 + message-position 0.15 + UNKNOWN-role 0.10
00120000:0x02112002,00150100:0x00F62003,0.292473,0.731183,False,True,0.0,0.0,0.0,0x2000,0x2000,4936,320,byte-class 3-gram 0.40 + prefix4 0.20 + message-count 0.15 + message-position 0.15 + UNKNOWN-role 0.10
00120000:0x06642004,00150100:0x00F62003,0.292473,0.731183,False,True,0.0,0.0,0.0,0x2000,0x2000,3984,320,byte-class 3-gram 0.40 + prefix4 0.20 + message-count 0.15 + message-position 0.15 + UNKNOWN-role 0.10
00030100:0x00396001,00150100:0x02135003,0.291667,0.375,False,False,0.5,0.0,0.666667,0x6000,0x5000,312,128,byte-class 3-gram 0.40 + prefix4 0.20 + message-count 0.15 + message-position 0.15 + UNKNOWN-role 0.10
00120000:0x00396001,00150100:0x02135003,0.291667,0.375,False,False,0.5,0.0,0.666667,0x6000,0x5000,312,128,byte-class 3-gram 0.40 + prefix4 0.20 + message-count 0.15 + message-position 0.15 + UNKNOWN-role 0.10
00150100:0x00396001,00150100:0x02135003,0.291667,0.375,False,False,0.5,0.0,0.666667,0x6000,0x5000,312,128,byte-class 3-gram 0.40 + prefix4 0.20 + message-count 0.15 + message-position 0.15 + UNKNOWN-role 0.10
00150100:0x02135003,00151100:0x00396001,0.291667,0.375,False,False,0.5,0.0,0.666667,0x5000,0x6000,128,384,byte-class 3-gram 0.40 + prefix4 0.20 + message-count 0.15 + message-position 0.15 + UNKNOWN-role 0.10
00030100:0x00E53002,00150100:0x00602000,0.291453,0.534884,False,False,0.25,0.0,0.4,0x3000,0x2000,96,608,byte-class 3-gram 0.40 + prefix4 0.20 + message-count 0.15 + message-position 0.15 + UNKNOWN-role 0.10
00030100:0x00602000,00120000:0x0D5F5002,0.290385,0.65625,False,False,0.083333,0.0,0.153846,0x2000,0x5000,720,280,byte-class 3-gram 0.40 + prefix4 0.20 + message-count 0.15 + message-position 0.15 + UNKNOWN-role 0.10
00030100:0x00396001,00120000:0x00602000,0.29,0.53125,False,False,0.25,0.0,0.4,0x6000,0x2000,312,2024,byte-class 3-gram 0.40 + prefix4 0.20 + message-count 0.15 + message-position 0.15 + UNKNOWN-role 0.10
00120000:0x00396001,00120000:0x00602000,0.29,0.53125,False,False,0.25,0.0,0.4,0x6000,0x2000,312,2024,byte-class 3-gram 0.40 + prefix4 0.20 + message-count 0.15 + message-position 0.15 + UNKNOWN-role 0.10
00120000:0x00602000,00150100:0x00396001,0.29,0.53125,False,False,0.25,0.0,0.4,0x2000,0x6000,2024,312,byte-class 3-gram 0.40 + prefix4 0.20 + message-count 0.15 + message-position 0.15 + UNKNOWN-role 0.10
00120000:0x00602000,00151100:0x00396001,0.29,0.53125,False,False,0.25,0.0,0.4,0x2000,0x6000,2024,384,byte-class 3-gram 0.40 + prefix4 0.20 + message-count 0.15 + message-position 0.15 + UNKNOWN-role 0.10
00150100:0x00F62003,00150100:0x01813004,0.289157,0.722892,False,False,0.0,0.0,0.0,0x2000,0x3000,320,592,byte-class 3-gram 0.40 + prefix4 0.20 + message-count 0.15 + message-position 0.15 + UNKNOWN-role 0.10
00120000:0x0D824000,00150100:0x01F95001,0.288736,0.52809,False,False,0.25,0.0,0.4,0x4000,0x5000,1256,104,byte-class 3-gram 0.40 + prefix4 0.20 + message-count 0.15 + message-position 0.15 + UNKNOWN-role 0.10
00030100:0x00396001,00030100:0x02465001,0.288571,0.428571,False,False,0.4,0.0,0.571429,0x6000,0x5000,312,360,byte-class 3-gram 0.40 + prefix4 0.20 + message-count 0.15 + message-position 0.15 + UNKNOWN-role 0.10
00030100:0x02465001,00120000:0x00396001,0.288571,0.428571,False,False,0.4,0.0,0.571429,0x5000,0x6000,360,312,byte-class 3-gram 0.40 + prefix4 0.20 + message-count 0.15 + message-position 0.15 + UNKNOWN-role 0.10
00030100:0x02465001,00150100:0x00396001,0.288571,0.428571,False,False,0.4,0.0,0.571429,0x5000,0x6000,360,312,byte-class 3-gram 0.40 + prefix4 0.20 + message-count 0.15 + message-position 0.15 + UNKNOWN-role 0.10
00030100:0x02465001,00151100:0x00396001,0.288571,0.428571,False,False,0.4,0.0,0.571429,0x5000,0x6000,360,384,byte-class 3-gram 0.40 + prefix4 0.20 + message-count 0.15 + message-position 0.15 + UNKNOWN-role 0.10
00030100:0x00D23001,00120000:0x015D2006,0.288235,0.470588,False,False,0.333333,0.0,0.5,0x3000,0x2000,80,1440,byte-class 3-gram 0.40 + prefix4 0.20 + message-count 0.15 + message-position 0.15 + UNKNOWN-role 0.10
00030100:0x00C43000,00120000:0x00602000,0.287679,0.569892,False,False,0.125,0.125,0.222222,0x3000,0x2000,112,2024,byte-class 3-gram 0.40 + prefix4 0.20 + message-count 0.15 + message-position 0.15 + UNKNOWN-role 0.10
00030100:0x00BA3006,00120000:0x0D2E5001,0.286364,0.465909,False,False,0.333333,0.0,0.5,0x3000,0x5000,80,392,byte-class 3-gram 0.40 + prefix4 0.20 + message-count 0.15 + message-position 0.15 + UNKNOWN-role 0.10
00030100:0x00E53002,00120000:0x0B3A2007,0.285556,0.555556,False,False,0.2,0.0,0.333333,0x3000,0x2000,96,2640,byte-class 3-gram 0.40 + prefix4 0.20 + message-count 0.15 + message-position 0.15 + UNKNOWN-role 0.10
00150100:0x00602000,00150100:0x01F95001,0.284729,0.518072,False,False,0.25,0.0,0.4,0x2000,0x5000,608,104,byte-class 3-gram 0.40 + prefix4 0.20 + message-count 0.15 + message-position 0.15 + UNKNOWN-role 0.10
00120000:0x0C843001,00150100:0x00F62003,0.284337,0.710843,False,False,0.0,0.0,0.0,0x3000,0x2000,720,320,byte-class 3-gram 0.40 + prefix4 0.20 + message-count 0.15 + message-position 0.15 + UNKNOWN-role 0.10
00030100:0x00006000,00030100:0x00602000,0.283874,0.575758,False,False,0.166667,0.0,0.285714,0x6000,0x2000,456,720,byte-class 3-gram 0.40 + prefix4 0.20 + message-count 0.15 + message-position 0.15 + UNKNOWN-role 0.10
00030100:0x00602000,00120000:0x00006000,0.283874,0.575758,False,False,0.166667,0.0,0.285714,0x2000,0x6000,720,456,byte-class 3-gram 0.40 + prefix4 0.20 + message-count 0.15 + message-position 0.15 + UNKNOWN-role 0.10
00030100:0x00602000,00150100:0x00006000,0.283874,0.575758,False,False,0.166667,0.0,0.285714,0x2000,0x6000,720,456,byte-class 3-gram 0.40 + prefix4 0.20 + message-count 0.15 + message-position 0.15 + UNKNOWN-role 0.10
00030100:0x00602000,00151100:0x00006000,0.283874,0.575758,False,False,0.166667,0.0,0.285714,0x2000,0x6000,720,456,byte-class 3-gram 0.40 + prefix4 0.20 + message-count 0.15 + message-position 0.15 + UNKNOWN-role 0.10
00030100:0x00D23001,00120000:0x0D2E5001,0.283529,0.458824,False,False,0.333333,0.0,0.5,0x3000,0x5000,80,392,byte-class 3-gram 0.40 + prefix4 0.20 + message-count 0.15 + message-position 0.15 + UNKNOWN-role 0.10
00120000:0x0C843001,00150100:0x01F95001,0.283271,0.592105,False,False,0.142857,0.0,0.25,0x3000,0x5000,720,104,byte-class 3-gram 0.40 + prefix4 0.20 + message-count 0.15 + message-position 0.15 + UNKNOWN-role 0.10
00120000:0x08562001,00150100:0x00AC2001,0.283117,0.511364,False,True,0.166667,0.166667,0.285714,0x2000,0x2000,2072,80,byte-class 3-gram 0.40 + prefix4 0.20 + message-count 0.15 + message-position 0.15 + UNKNOWN-role 0.10
00030100:0x00E53002,00120000:0x08562001,0.282785,0.573034,False,False,0.166667,0.0,0.285714,0x3000,0x2000,96,2072,byte-class 3-gram 0.40 + prefix4 0.20 + message-count 0.15 + message-position 0.15 + UNKNOWN-role 0.10
00030100:0x00BA3006,00150100:0x01CB5000,0.282378,0.512195,False,False,0.25,0.0,0.4,0x3000,0x5000,80,368,byte-class 3-gram 0.40 + prefix4 0.20 + message-count 0.15 + message-position 0.15 + UNKNOWN-role 0.10
00150100:0x011E3000,00150100:0x01F95001,0.280617,0.54321,False,False,0.2,0.0,0.333333,0x3000,0x5000,496,104,byte-class 3-gram 0.40 + prefix4 0.20 + message-count 0.15 + message-position 0.15 + UNKNOWN-role 0.10
00030100:0x00E53002,00030100:0x02465001,0.280201,0.542169,False,False,0.2,0.0,0.333333,0x3000,0x5000,96,360,byte-class 3-gram 0.40 + prefix4 0.20 + message-count 0.15 + message-position 0.15 + UNKNOWN-role 0.10
00030100:0x00D23001,00150100:0x01CB5000,0.280032,0.506329,False,False,0.25,0.0,0.4,0x3000,0x5000,80,368,byte-class 3-gram 0.40 + prefix4 0.20 + message-count 0.15 + message-position 0.15 + UNKNOWN-role 0.10
00150100:0x00602000,00150100:0x00AC2001,0.27991,0.506024,False,True,0.25,0.0,0.4,0x2000,0x2000,608,80,byte-class 3-gram 0.40 + prefix4 0.20 + message-count 0.15 + message-position 0.15 + UNKNOWN-role 0.10
00030100:0x022C5000,00120000:0x02112002,0.279824,0.554455,False,False,0.181818,0.0,0.307692,0x5000,0x2000,208,4936,byte-class 3-gram 0.40 + prefix4 0.20 + message-count 0.15 + message-position 0.15 + UNKNOWN-role 0.10
00030100:0x00006000,00030100:0x00DC3004,0.279762,0.345238,False,False,0.5,0.0,0.666667,0x6000,0x3000,456,72,byte-class 3-gram 0.40 + prefix4 0.20 + message-count 0.15 + message-position 0.15 + UNKNOWN-role 0.10
00030100:0x00DC3004,00120000:0x00006000,0.279762,0.345238,False,False,0.5,0.0,0.666667,0x3000,0x6000,72,456,byte-class 3-gram 0.40 + prefix4 0.20 + message-count 0.15 + message-position 0.15 + UNKNOWN-role 0.10
00030100:0x00DC3004,00150100:0x00006000,0.279762,0.345238,False,False,0.5,0.0,0.666667,0x3000,0x6000,72,456,byte-class 3-gram 0.40 + prefix4 0.20 + message-count 0.15 + message-position 0.15 + UNKNOWN-role 0.10
00030100:0x00DC3004,00151100:0x00006000,0.279762,0.345238,False,False,0.5,0.0,0.666667,0x3000,0x6000,72,456,byte-class 3-gram 0.40 + prefix4 0.20 + message-count 0.15 + message-position 0.15 + UNKNOWN-role 0.10
00030100:0x01B13005,00150100:0x01F95001,0.27934,0.582278,False,False,0.142857,0.0,0.25,0x3000,0x5000,944,104,byte-class 3-gram 0.40 + prefix4 0.20 + message-count 0.15 + message-position 0.15 + UNKNOWN-role 0.10
00030100:0x022C5000,00120000:0x047A2003,0.279082,0.581633,False,False,0.142857,0.0,0.25,0x5000,0x2000,208,3920,byte-class 3-gram 0.40 + prefix4 0.20 + message-count 0.15 + message-position 0.15 + UNKNOWN-role 0.10
00030100:0x01B13005,00150100:0x00F62003,0.27907,0.697674,False,False,0.0,0.0,0.0,0x3000,0x2000,944,320,byte-class 3-gram 0.40 + prefix4 0.20 + message-count 0.15 + message-position 0.15 + UNKNOWN-role 0.10
00030100:0x00396001,00030100:0x01B13005,0.278413,0.477778,False,False,0.285714,0.0,0.444444,0x6000,0x3000,312,944,byte-class 3-gram 0.40 + prefix4 0.20 + message-count 0.15 + message-position 0.15 + UNKNOWN-role 0.10
00030100:0x01B13005,00120000:0x00396001,0.278413,0.477778,False,False,0.285714,0.0,0.444444,0x3000,0x6000,944,312,byte-class 3-gram 0.40 + prefix4 0.20 + message-count 0.15 + message-position 0.15 + UNKNOWN-role 0.10
00030100:0x01B13005,00150100:0x00396001,0.278413,0.477778,False,False,0.285714,0.0,0.444444,0x3000,0x6000,944,312,byte-class 3-gram 0.40 + prefix4 0.20 + message-count 0.15 + message-position 0.15 + UNKNOWN-role 0.10
00030100:0x01B13005,00151100:0x00396001,0.278413,0.477778,False,False,0.285714,0.0,0.444444,0x3000,0x6000,944,384,byte-class 3-gram 0.40 + prefix4 0.20 + message-count 0.15 + message-position 0.15 + UNKNOWN-role 0.10
00030100:0x022C5000,00120000:0x06642004,0.277744,0.57,False,False,0.153846,0.0,0.266667,0x5000,0x2000,208,3984,byte-class 3-gram 0.40 + prefix4 0.20 + message-count 0.15 + message-position 0.15 + UNKNOWN-role 0.10
00150100:0x01813004,00150100:0x02065002,0.2775,0.5,False,False,0.25,0.0,0.4,0x3000,0x5000,592,104,byte-class 3-gram 0.40 + prefix4 0.20 + message-count 0.15 + message-position 0.15 + UNKNOWN-role 0.10
00030100:0x00006000,00030100:0x00F13003,0.277356,0.57732,False,False,0.142857,0.0,0.25,0x6000,0x3000,456,1536,byte-class 3-gram 0.40 + prefix4 0.20 + message-count 0.15 + message-position 0.15 + UNKNOWN-role 0.10
00030100:0x00F13003,00120000:0x00006000,0.277356,0.57732,False,False,0.142857,0.0,0.25,0x3000,0x6000,1536,456,byte-class 3-gram 0.40 + prefix4 0.20 + message-count 0.15 + message-position 0.15 + UNKNOWN-role 0.10
00030100:0x00F13003,00150100:0x00006000,0.277356,0.57732,False,False,0.142857,0.0,0.25,0x3000,0x6000,1536,456,byte-class 3-gram 0.40 + prefix4 0.20 + message-count 0.15 + message-position 0.15 + UNKNOWN-role 0.10
00030100:0x00F13003,00151100:0x00006000,0.277356,0.57732,False,False,0.142857,0.0,0.25,0x3000,0x6000,1536,456,byte-class 3-gram 0.40 + prefix4 0.20 + message-count 0.15 + message-position 0.15 + UNKNOWN-role 0.10
00030100:0x00BA3006,00120000:0x0B3A2007,0.27697,0.534091,False,False,0.2,0.0,0.333333,0x3000,0x2000,80,2640,byte-class 3-gram 0.40 + prefix4 0.20 + message-count 0.15 + message-position 0.15 + UNKNOWN-role 0.10
00030100:0x00006000,00150100:0x02135003,0.276667,0.3375,False,False,0.5,0.0,0.666667,0x6000,0x5000,456,128,byte-class 3-gram 0.40 + prefix4 0.20 + message-count 0.15 + message-position 0.15 + UNKNOWN-role 0.10
00120000:0x00006000,00150100:0x02135003,0.276667,0.3375,False,False,0.5,0.0,0.666667,0x6000,0x5000,456,128,byte-class 3-gram 0.40 + prefix4 0.20 + message-count 0.15 + message-position 0.15 + UNKNOWN-role 0.10
00150100:0x00006000,00150100:0x02135003,0.276667,0.3375,False,False,0.5,0.0,0.666667,0x6000,0x5000,456,128,byte-class 3-gram 0.40 + prefix4 0.20 + message-count 0.15 + message-position 0.15 + UNKNOWN-role 0.10
00150100:0x02135003,00151100:0x00006000,0.276667,0.3375,False,False,0.5,0.0,0.666667,0x5000,0x6000,128,456,byte-class 3-gram 0.40 + prefix4 0.20 + message-count 0.15 + message-position 0.15 + UNKNOWN-role 0.10
00030100:0x00BA3006,00030100:0x01B13005,0.276429,0.575,False,True,0.142857,0.0,0.25,0x3000,0x3000,80,944,byte-class 3-gram 0.40 + prefix4 0.20 + message-count 0.15 + message-position 0.15 + UNKNOWN-role 0.10
00120000:0x0CDE3000,00150100:0x00F62003,0.27619,0.690476,False,False,0.0,0.0,0.0,0x3000,0x2000,640,320,byte-class 3-gram 0.40 + prefix4 0.20 + message-count 0.15 + message-position 0.15 + UNKNOWN-role 0.10
00030100:0x00BA3006,00150100:0x00602000,0.275147,0.494118,False,False,0.25,0.0,0.4,0x3000,0x2000,80,608,byte-class 3-gram 0.40 + prefix4 0.20 + message-count 0.15 + message-position 0.15 + UNKNOWN-role 0.10
00150100:0x00AC2001,00150100:0x01813004,0.275031,0.493827,False,False,0.25,0.0,0.4,0x2000,0x3000,80,592,byte-class 3-gram 0.40 + prefix4 0.20 + message-count 0.15 + message-position 0.15 + UNKNOWN-role 0.10
00150100:0x01CB5000,00150100:0x02065002,0.274968,0.493671,False,True,0.25,0.0,0.4,0x5000,0x5000,368,104,byte-class 3-gram 0.40 + prefix4 0.20 + message-count 0.15 + message-position 0.15 + UNKNOWN-role 0.10
00120000:0x0D5F5002,00150100:0x00F62003,0.274419,0.686047,False,False,0.0,0.0,0.0,0x5000,0x2000,280,320,byte-class 3-gram 0.40 + prefix4 0.20 + message-count 0.15 + message-position 0.15 + UNKNOWN-role 0.10
00120000:0x00602000,00150100:0x00F62003,0.273684,0.684211,False,True,0.0,0.0,0.0,0x2000,0x2000,2024,320,byte-class 3-gram 0.40 + prefix4 0.20 + message-count 0.15 + message-position 0.15 + UNKNOWN-role 0.10
00030100:0x00396001,00120000:0x0C843001,0.273665,0.465909,False,False,0.285714,0.0,0.444444,0x6000,0x3000,312,720,byte-class 3-gram 0.40 + prefix4 0.20 + message-count 0.15 + message-position 0.15 + UNKNOWN-role 0.10
00120000:0x00396001,00120000:0x0C843001,0.273665,0.465909,False,False,0.285714,0.0,0.444444,0x6000,0x3000,312,720,byte-class 3-gram 0.40 + prefix4 0.20 + message-count 0.15 + message-position 0.15 + UNKNOWN-role 0.10
00120000:0x0C843001,00150100:0x00396001,0.273665,0.465909,False,False,0.285714,0.0,0.444444,0x3000,0x6000,720,312,byte-class 3-gram 0.40 + prefix4 0.20 + message-count 0.15 + message-position 0.15 + UNKNOWN-role 0.10
00120000:0x0C843001,00151100:0x00396001,0.273665,0.465909,False,False,0.285714,0.0,0.444444,0x3000,0x6000,720,384,byte-class 3-gram 0.40 + prefix4 0.20 + message-count 0.15 + message-position 0.15 + UNKNOWN-role 0.10
00030100:0x00396001,00120000:0x09592005,0.273418,0.489796,False,False,0.25,0.0,0.4,0x6000,0x2000,312,3848,byte-class 3-gram 0.40 + prefix4 0.20 + message-count 0.15 + message-position 0.15 + UNKNOWN-role 0.10
00120000:0x00396001,00120000:0x09592005,0.273418,0.489796,False,False,0.25,0.0,0.4,0x6000,0x2000,312,3848,byte-class 3-gram 0.40 + prefix4 0.20 + message-count 0.15 + message-position 0.15 + UNKNOWN-role 0.10
00120000:0x09592005,00150100:0x00396001,0.273418,0.489796,False,False,0.25,0.0,0.4,0x2000,0x6000,3848,312,byte-class 3-gram 0.40 + prefix4 0.20 + message-count 0.15 + message-position 0.15 + UNKNOWN-role 0.10
00120000:0x09592005,00151100:0x00396001,0.273418,0.489796,False,False,0.25,0.0,0.4,0x2000,0x6000,3848,384,byte-class 3-gram 0.40 + prefix4 0.20 + message-count 0.15 + message-position 0.15 + UNKNOWN-role 0.10
00030100:0x00396001,00150100:0x02065002,0.273174,0.328767,False,False,0.5,0.0,0.666667,0x6000,0x5000,312,104,byte-class 3-gram 0.40 + prefix4 0.20 + message-count 0.15 + message-position 0.15 + UNKNOWN-role 0.10
00120000:0x00396001,00150100:0x02065002,0.273174,0.328767,False,False,0.5,0.0,0.666667,0x6000,0x5000,312,104,byte-class 3-gram 0.40 + prefix4 0.20 + message-count 0.15 + message-position 0.15 + UNKNOWN-role 0.10
00150100:0x00396001,00150100:0x02065002,0.273174,0.328767,False,False,0.5,0.0,0.666667,0x6000,0x5000,312,104,byte-class 3-gram 0.40 + prefix4 0.20 + message-count 0.15 + message-position 0.15 + UNKNOWN-role 0.10
00150100:0x02065002,00151100:0x00396001,0.273174,0.328767,False,False,0.5,0.0,0.666667,0x5000,0x6000,104,384,byte-class 3-gram 0.40 + prefix4 0.20 + message-count 0.15 + message-position 0.15 + UNKNOWN-role 0.10
00030100:0x00BA3006,00120000:0x0D824000,0.273152,0.48913,False,False,0.25,0.0,0.4,0x3000,0x4000,80,1256,byte-class 3-gram 0.40 + prefix4 0.20 + message-count 0.15 + message-position 0.15 + UNKNOWN-role 0.10
00030100:0x00D23001,00150100:0x00602000,0.272622,0.487805,False,False,0.25,0.0,0.4,0x3000,0x2000,80,608,byte-class 3-gram 0.40 + prefix4 0.20 + message-count 0.15 + message-position 0.15 + UNKNOWN-role 0.10
00150100:0x00AC2001,00150100:0x01CB5000,0.272622,0.487805,False,False,0.25,0.0,0.4,0x2000,0x5000,80,368,byte-class 3-gram 0.40 + prefix4 0.20 + message-count 0.15 + message-position 0.15 + UNKNOWN-role 0.10
00030100:0x00DC3004,00120000:0x0D2E5001,0.271429,0.428571,False,False,0.333333,0.0,0.5,0x3000,0x5000,72,392,byte-class 3-gram 0.40 + prefix4 0.20 + message-count 0.15 + message-position 0.15 + UNKNOWN-role 0.10
00030100:0x00C43000,00120000:0x09592005,0.271407,0.576087,False,False,0.125,0.0,0.222222,0x3000,0x2000,112,3848,byte-class 3-gram 0.40 + prefix4 0.20 + message-count 0.15 + message-position 0.15 + UNKNOWN-role 0.10
00150100:0x00F62003,00150100:0x011E3000,0.271264,0.678161,False,False,0.0,0.0,0.0,0x2000,0x3000,320,496,byte-class 3-gram 0.40 + prefix4 0.20 + message-count 0.15 + message-position 0.15 + UNKNOWN-role 0.10
00030100:0x02465001,00150100:0x02065002,0.271126,0.519481,False,True,0.2,0.0,0.333333,0x5000,0x5000,360,104,byte-class 3-gram 0.40 + prefix4 0.20 + message-count 0.15 + message-position 0.15 + UNKNOWN-role 0.10
00030100:0x00D23001,00120000:0x0D824000,0.270758,0.483146,False,False,0.25,0.0,0.4,0x3000,0x4000,80,1256,byte-class 3-gram 0.40 + prefix4 0.20 + message-count 0.15 + message-position 0.15 + UNKNOWN-role 0.10
00030100:0x00BA3006,00030100:0x02465001,0.270741,0.518519,False,False,0.2,0.0,0.333333,0x3000,0x5000,80,360,byte-class 3-gram 0.40 + prefix4 0.20 + message-count 0.15 + message-position 0.15 + UNKNOWN-role 0.10
00120000:0x0CDE3000,00150100:0x01F95001,0.269544,0.571429,False,False,0.125,0.0,0.222222,0x3000,0x5000,640,104,byte-class 3-gram 0.40 + prefix4 0.20 + message-count 0.15 + message-position 0.15 + UNKNOWN-role 0.10
00030100:0x00DC3004,00120000:0x015D2006,0.269412,0.423529,False,False,0.333333,0.0,0.5,0x3000,0x2000,72,1440,byte-class 3-gram 0.40 + prefix4 0.20 + message-count 0.15 + message-position 0.15 + UNKNOWN-role 0.10
00030100:0x00396001,00120000:0x02112002,0.268351,0.525773,False,False,0.181818,0.0,0.307692,0x6000,0x2000,312,4936,byte-class 3-gram 0.40 + prefix4 0.20 + message-count 0.15 + message-position 0.15 + UNKNOWN-role 0.10
00120000:0x00396001,00120000:0x02112002,0.268351,0.525773,False,False,0.181818,0.0,0.307692,0x6000,0x2000,312,4936,byte-class 3-gram 0.40 + prefix4 0.20 + message-count 0.15 + message-position 0.15 + UNKNOWN-role 0.10
00120000:0x02112002,00150100:0x00396001,0.268351,0.525773,False,False,0.181818,0.0,0.307692,0x2000,0x6000,4936,312,byte-class 3-gram 0.40 + prefix4 0.20 + message-count 0.15 + message-position 0.15 + UNKNOWN-role 0.10
00120000:0x02112002,00151100:0x00396001,0.268351,0.525773,False,False,0.181818,0.0,0.307692,0x2000,0x6000,4936,384,byte-class 3-gram 0.40 + prefix4 0.20 + message-count 0.15 + message-position 0.15 + UNKNOWN-role 0.10
00030100:0x00F13003,00150100:0x00F62003,0.268182,0.670455,False,False,0.0,0.0,0.0,0x3000,0x2000,1536,320,byte-class 3-gram 0.40 + prefix4 0.20 + message-count 0.15 + message-position 0.15 + UNKNOWN-role 0.10
00030100:0x00602000,00030100:0x00C43000,0.267885,0.6,False,False,0.083333,0.0,0.153846,0x2000,0x3000,720,112,byte-class 3-gram 0.40 + prefix4 0.20 + message-count 0.15 + message-position 0.15 + UNKNOWN-role 0.10
00150100:0x00602000,00150100:0x02065002,0.267744,0.47561,False,False,0.25,0.0,0.4,0x2000,0x5000,608,104,byte-class 3-gram 0.40 + prefix4 0.20 + message-count 0.15 + message-position 0.15 + UNKNOWN-role 0.10
00030100:0x00DC3004,00150100:0x01CB5000,0.267244,0.474359,False,False,0.25,0.0,0.4,0x3000,0x5000,72,368,byte-class 3-gram 0.40 + prefix4 0.20 + message-count 0.15 + message-position 0.15 + UNKNOWN-role 0.10
00030100:0x00BA3006,00120000:0x08562001,0.267208,0.534091,False,False,0.166667,0.0,0.285714,0x3000,0x2000,80,2072,byte-class 3-gram 0.40 + prefix4 0.20 + message-count 0.15 + message-position 0.15 + UNKNOWN-role 0.10
00030100:0x00E53002,00120000:0x09592005,0.267059,0.565217,False,False,0.125,0.0,0.222222,0x3000,0x2000,96,3848,byte-class 3-gram 0.40 + prefix4 0.20 + message-count 0.15 + message-position 0.15 + UNKNOWN-role 0.10
00120000:0x0B3A2007,00150100:0x01F95001,0.265581,0.505618,False,False,0.2,0.0,0.333333,0x2000,0x5000,2640,104,byte-class 3-gram 0.40 + prefix4 0.20 + message-count 0.15 + message-position 0.15 + UNKNOWN-role 0.10
00030100:0x00396001,00120000:0x0CDE3000,0.263864,0.465909,False,False,0.25,0.0,0.4,0x6000,0x3000,312,640,byte-class 3-gram 0.40 + prefix4 0.20 + message-count 0.15 + message-position 0.15 + UNKNOWN-role 0.10
00120000:0x00396001,00120000:0x0CDE3000,0.263864,0.465909,False,False,0.25,0.0,0.4,0x6000,0x3000,312,640,byte-class 3-gram 0.40 + prefix4 0.20 + message-count 0.15 + message-position 0.15 + UNKNOWN-role 0.10
00120000:0x0CDE3000,00150100:0x00396001,0.263864,0.465909,False,False,0.25,0.0,0.4,0x3000,0x6000,640,312,byte-class 3-gram 0.40 + prefix4 0.20 + message-count 0.15 + message-position 0.15 + UNKNOWN-role 0.10
00120000:0x0CDE3000,00151100:0x00396001,0.263864,0.465909,False,False,0.25,0.0,0.4,0x3000,0x6000,640,384,byte-class 3-gram 0.40 + prefix4 0.20 + message-count 0.15 + message-position 0.15 + UNKNOWN-role 0.10
00150100:0x011E3000,00150100:0x02065002,0.263333,0.5,False,False,0.2,0.0,0.333333,0x3000,0x5000,496,104,byte-class 3-gram 0.40 + prefix4 0.20 + message-count 0.15 + message-position 0.15 + UNKNOWN-role 0.10
00150100:0x00F62003,00150100:0x015C3003,0.263291,0.658228,False,False,0.0,0.0,0.0,0x2000,0x3000,320,296,byte-class 3-gram 0.40 + prefix4 0.20 + message-count 0.15 + message-position 0.15 + UNKNOWN-role 0.10
00030100:0x00602000,00030100:0x00E53002,0.263179,0.588235,False,False,0.083333,0.0,0.153846,0x2000,0x3000,720,96,byte-class 3-gram 0.40 + prefix4 0.20 + message-count 0.15 + message-position 0.15 + UNKNOWN-role 0.10
00030100:0x00F13003,00150100:0x01F95001,0.262022,0.594937,False,False,0.071429,0.0,0.133333,0x3000,0x5000,1536,104,byte-class 3-gram 0.40 + prefix4 0.20 + message-count 0.15 + message-position 0.15 + UNKNOWN-role 0.10
00030100:0x00602000,00030100:0x022C5000,0.261905,0.520833,False,False,0.166667,0.0,0.285714,0x2000,0x5000,720,208,byte-class 3-gram 0.40 + prefix4 0.20 + message-count 0.15 + message-position 0.15 + UNKNOWN-role 0.10
00120000:0x0B3A2007,00150100:0x00AC2001,0.261086,0.494382,False,True,0.2,0.0,0.333333,0x2000,0x2000,2640,80,byte-class 3-gram 0.40 + prefix4 0.20 + message-count 0.15 + message-position 0.15 + UNKNOWN-role 0.10
00120000:0x0CDE3000,00150100:0x02065002,0.259639,0.546667,False,False,0.125,0.0,0.222222,0x3000,0x5000,640,104,byte-class 3-gram 0.40 + prefix4 0.20 + message-count 0.15 + message-position 0.15 + UNKNOWN-role 0.10
00030100:0x00D23001,00030100:0x01B13005,0.259087,0.531646,False,True,0.142857,0.0,0.25,0x3000,0x3000,80,944,byte-class 3-gram 0.40 + prefix4 0.20 + message-count 0.15 + message-position 0.15 + UNKNOWN-role 0.10
00030100:0x01B13005,00150100:0x00AC2001,0.258333,0.47619,False,False,0.142857,0.142857,0.25,0x3000,0x2000,944,80,byte-class 3-gram 0.40 + prefix4 0.20 + message-count 0.15 + message-position 0.15 + UNKNOWN-role 0.10
00120000:0x0D2E5001,00150100:0x00AC2001,0.258242,0.395604,False,False,0.333333,0.0,0.5,0x5000,0x2000,392,80,byte-class 3-gram 0.40 + prefix4 0.20 + message-count 0.15 + message-position 0.15 + UNKNOWN-role 0.10
00120000:0x0C843001,00150100:0x02065002,0.256955,0.526316,False,False,0.142857,0.0,0.25,0x3000,0x5000,720,104,byte-class 3-gram 0.40 + prefix4 0.20 + message-count 0.15 + message-position 0.15 + UNKNOWN-role 0.10
00030100:0x00C43000,00120000:0x02112002,0.255835,0.56383,False,False,0.090909,0.0,0.166667,0x3000,0x2000,112,4936,byte-class 3-gram 0.40 + prefix4 0.20 + message-count 0.15 + message-position 0.15 + UNKNOWN-role 0.10
00030100:0x00396001,00030100:0x00602000,0.255769,0.505495,False,False,0.166667,0.0,0.285714,0x6000,0x2000,312,720,byte-class 3-gram 0.40 + prefix4 0.20 + message-count 0.15 + message-position 0.15 + UNKNOWN-role 0.10
00030100:0x00602000,00120000:0x00396001,0.255769,0.505495,False,False,0.166667,0.0,0.285714,0x2000,0x6000,720,312,byte-class 3-gram 0.40 + prefix4 0.20 + message-count 0.15 + message-position 0.15 + UNKNOWN-role 0.10
00030100:0x00602000,00150100:0x00396001,0.255769,0.505495,False,False,0.166667,0.0,0.285714,0x2000,0x6000,720,312,byte-class 3-gram 0.40 + prefix4 0.20 + message-count 0.15 + message-position 0.15 + UNKNOWN-role 0.10
00030100:0x00602000,00151100:0x00396001,0.255769,0.505495,False,False,0.166667,0.0,0.285714,0x2000,0x6000,720,384,byte-class 3-gram 0.40 + prefix4 0.20 + message-count 0.15 + message-position 0.15 + UNKNOWN-role 0.10
00030100:0x00C43000,00120000:0x047A2003,0.254482,0.576087,False,False,0.071429,0.0,0.133333,0x3000,0x2000,112,3920,byte-class 3-gram 0.40 + prefix4 0.20 + message-count 0.15 + message-position 0.15 + UNKNOWN-role 0.10
00030100:0x00396001,00120000:0x06642004,0.253825,0.510204,False,False,0.153846,0.0,0.266667,0x6000,0x2000,312,3984,byte-class 3-gram 0.40 + prefix4 0.20 + message-count 0.15 + message-position 0.15 + UNKNOWN-role 0.10
00120000:0x00396001,00120000:0x06642004,0.253825,0.510204,False,False,0.153846,0.0,0.266667,0x6000,0x2000,312,3984,byte-class 3-gram 0.40 + prefix4 0.20 + message-count 0.15 + message-position 0.15 + UNKNOWN-role 0.10
00120000:0x06642004,00150100:0x00396001,0.253825,0.510204,False,False,0.153846,0.0,0.266667,0x2000,0x6000,3984,312,byte-class 3-gram 0.40 + prefix4 0.20 + message-count 0.15 + message-position 0.15 + UNKNOWN-role 0.10
00120000:0x06642004,00151100:0x00396001,0.253825,0.510204,False,False,0.153846,0.0,0.266667,0x2000,0x6000,3984,384,byte-class 3-gram 0.40 + prefix4 0.20 + message-count 0.15 + message-position 0.15 + UNKNOWN-role 0.10
00150100:0x015C3003,00150100:0x02135003,0.253667,0.28,False,False,0.5,0.0,0.666667,0x3000,0x5000,296,128,byte-class 3-gram 0.40 + prefix4 0.20 + message-count 0.15 + message-position 0.15 + UNKNOWN-role 0.10
00120000:0x0D824000,00150100:0x02065002,0.253324,0.43956,False,False,0.25,0.0,0.4,0x4000,0x5000,1256,104,byte-class 3-gram 0.40 + prefix4 0.20 + message-count 0.15 + message-position 0.15 + UNKNOWN-role 0.10
00030100:0x00DC3004,00150100:0x00602000,0.25311,0.439024,False,False,0.25,0.0,0.4,0x3000,0x2000,72,608,byte-class 3-gram 0.40 + prefix4 0.20 + message-count 0.15 + message-position 0.15 + UNKNOWN-role 0.10
00030100:0x00DC3004,00120000:0x0D824000,0.252781,0.438202,False,False,0.25,0.0,0.4,0x3000,0x4000,72,1256,byte-class 3-gram 0.40 + prefix4 0.20 + message-count 0.15 + message-position 0.15 + UNKNOWN-role 0.10
00030100:0x00602000,00150100:0x00AC2001,0.252275,0.560976,False,True,0.083333,0.0,0.153846,0x2000,0x2000,720,80,byte-class 3-gram 0.40 + prefix4 0.20 + message-count 0.15 + message-position 0.15 + UNKNOWN-role 0.10
00120000:0x0D824000,00150100:0x00AC2001,0.251968,0.43617,False,False,0.25,0.0,0.4,0x4000,0x2000,1256,80,byte-class 3-gram 0.40 + prefix4 0.20 + message-count 0.15 + message-position 0.15 + UNKNOWN-role 0.10
00030100:0x00E53002,00120000:0x00602000,0.251499,0.526316,False,False,0.125,0.0,0.222222,0x3000,0x2000,96,2024,byte-class 3-gram 0.40 + prefix4 0.20 + message-count 0.15 + message-position 0.15 + UNKNOWN-role 0.10
00030100:0x00C43000,00120000:0x06642004,0.251356,0.56383,False,False,0.076923,0.0,0.142857,0x3000,0x2000,112,3984,byte-class 3-gram 0.40 + prefix4 0.20 + message-count 0.15 + message-position 0.15 + UNKNOWN-role 0.10
00150100:0x01CB5000,00150100:0x02135003,0.251184,0.434211,False,True,0.25,0.0,0.4,0x5000,0x5000,368,128,byte-class 3-gram 0.40 + prefix4 0.20 + message-count 0.15 + message-position 0.15 + UNKNOWN-role 0.10
00030100:0x00E53002,00120000:0x047A2003,0.250135,0.565217,False,False,0.071429,0.0,0.133333,0x3000,0x2000,96,3920,byte-class 3-gram 0.40 + prefix4 0.20 + message-count 0.15 + message-position 0.15 + UNKNOWN-role 0.10
00120000:0x08562001,00150100:0x01F95001,0.249127,0.488889,False,False,0.166667,0.0,0.285714,0x2000,0x5000,2072,104,byte-class 3-gram 0.40 + prefix4 0.20 + message-count 0.15 + message-position 0.15 + UNKNOWN-role 0.10
00120000:0x0D824000,00150100:0x00F62003,0.247423,0.618557,False,False,0.0,0.0,0.0,0x4000,0x2000,1256,320,byte-class 3-gram 0.40 + prefix4 0.20 + message-count 0.15 + message-position 0.15 + UNKNOWN-role 0.10
00030100:0x00E53002,00120000:0x06642004,0.247101,0.553191,False,False,0.076923,0.0,0.142857,0x3000,0x2000,96,3984,byte-class 3-gram 0.40 + prefix4 0.20 + message-count 0.15 + message-position 0.15 + UNKNOWN-role 0.10
00150100:0x00AC2001,00150100:0x011E3000,0.246863,0.458824,False,False,0.2,0.0,0.333333,0x2000,0x3000,80,496,byte-class 3-gram 0.40 + prefix4 0.20 + message-count 0.15 + message-position 0.15 + UNKNOWN-role 0.10
00030100:0x00DC3004,00030100:0x01B13005,0.246429,0.5,False,True,0.142857,0.0,0.25,0x3000,0x3000,72,944,byte-class 3-gram 0.40 + prefix4 0.20 + message-count 0.15 + message-position 0.15 + UNKNOWN-role 0.10
00030100:0x01B13005,00150100:0x02065002,0.246429,0.5,False,False,0.142857,0.0,0.25,0x3000,0x5000,944,104,byte-class 3-gram 0.40 + prefix4 0.20 + message-count 0.15 + message-position 0.15 + UNKNOWN-role 0.10
00120000:0x0C843001,00150100:0x00AC2001,0.246429,0.5,False,False,0.142857,0.0,0.25,0x3000,0x2000,720,80,byte-class 3-gram 0.40 + prefix4 0.20 + message-count 0.15 + message-position 0.15 + UNKNOWN-role 0.10
00030100:0x00E53002,00150100:0x00F62003,0.245333,0.613333,False,False,0.0,0.0,0.0,0x3000,0x2000,96,320,byte-class 3-gram 0.40 + prefix4 0.20 + message-count 0.15 + message-position 0.15 + UNKNOWN-role 0.10
00030100:0x00BA3006,00120000:0x09592005,0.24532,0.51087,False,False,0.125,0.0,0.222222,0x3000,0x2000,80,3848,byte-class 3-gram 0.40 + prefix4 0.20 + message-count 0.15 + message-position 0.15 + UNKNOWN-role 0.10
00120000:0x0CDE3000,00150100:0x00AC2001,0.245088,0.463415,False,False,0.125,0.125,0.222222,0x3000,0x2000,640,80,byte-class 3-gram 0.40 + prefix4 0.20 + message-count 0.15 + message-position 0.15 + UNKNOWN-role 0.10
00030100:0x00E53002,00120000:0x02112002,0.24504,0.536842,False,False,0.090909,0.0,0.166667,0x3000,0x2000,96,4936,byte-class 3-gram 0.40 + prefix4 0.20 + message-count 0.15 + message-position 0.15 + UNKNOWN-role 0.10
00120000:0x09592005,00150100:0x00AC2001,0.24317,0.505495,False,True,0.125,0.0,0.222222,0x2000,0x2000,3848,80,byte-class 3-gram 0.40 + prefix4 0.20 + message-count 0.15 + message-position 0.15 + UNKNOWN-role 0.10
00120000:0x0B3A2007,00150100:0x02065002,0.243109,0.449438,False,False,0.2,0.0,0.333333,0x2000,0x5000,2640,104,byte-class 3-gram 0.40 + prefix4 0.20 + message-count 0.15 + message-position 0.15 + UNKNOWN-role 0.10
00030100:0x00396001,00120000:0x047A2003,0.242347,0.489796,False,False,0.142857,0.0,0.25,0x6000,0x2000,312,3920,byte-class 3-gram 0.40 + prefix4 0.20 + message-count 0.15 + message-position 0.15 + UNKNOWN-role 0.10
00120000:0x00396001,00120000:0x047A2003,0.242347,0.489796,False,False,0.142857,0.0,0.25,0x6000,0x2000,312,3920,byte-class 3-gram 0.40 + prefix4 0.20 + message-count 0.15 + message-position 0.15 + UNKNOWN-role 0.10
00120000:0x047A2003,00150100:0x00396001,0.242347,0.489796,False,False,0.142857,0.0,0.25,0x2000,0x6000,3920,312,byte-class 3-gram 0.40 + prefix4 0.20 + message-count 0.15 + message-position 0.15 + UNKNOWN-role 0.10
00120000:0x047A2003,00151100:0x00396001,0.242347,0.489796,False,False,0.142857,0.0,0.25,0x2000,0x6000,3920,384,byte-class 3-gram 0.40 + prefix4 0.20 + message-count 0.15 + message-position 0.15 + UNKNOWN-role 0.10
00150100:0x00AC2001,00150100:0x00F62003,0.242254,0.605634,False,True,0.0,0.0,0.0,0x2000,0x2000,80,320,byte-class 3-gram 0.40 + prefix4 0.20 + message-count 0.15 + message-position 0.15 + UNKNOWN-role 0.10
00030100:0x00C43000,00150100:0x00F62003,0.242105,0.605263,False,False,0.0,0.0,0.0,0x3000,0x2000,112,320,byte-class 3-gram 0.40 + prefix4 0.20 + message-count 0.15 + message-position 0.15 + UNKNOWN-role 0.10
00030100:0x00D23001,00120000:0x0B3A2007,0.241111,0.444444,False,False,0.2,0.0,0.333333,0x3000,0x2000,80,2640,byte-class 3-gram 0.40 + prefix4 0.20 + message-count 0.15 + message-position 0.15 + UNKNOWN-role 0.10
00120000:0x09592005,00150100:0x01F95001,0.240972,0.5,False,False,0.125,0.0,0.222222,0x2000,0x5000,3848,104,byte-class 3-gram 0.40 + prefix4 0.20 + message-count 0.15 + message-position 0.15 + UNKNOWN-role 0.10
00030100:0x00DC3004,00030100:0x02465001,0.240549,0.443038,False,False,0.2,0.0,0.333333,0x3000,0x5000,72,360,byte-class 3-gram 0.40 + prefix4 0.20 + message-count 0.15 + message-position 0.15 + UNKNOWN-role 0.10
00150100:0x00F62003,00150100:0x01CB5000,0.24,0.6,False,False,0.0,0.0,0.0,0x2000,0x5000,320,368,byte-class 3-gram 0.40 + prefix4 0.20 + message-count 0.15 + message-position 0.15 + UNKNOWN-role 0.10
00030100:0x00D23001,00030100:0x02465001,0.238943,0.439024,False,False,0.2,0.0,0.333333,0x3000,0x5000,80,360,byte-class 3-gram 0.40 + prefix4 0.20 + message-count 0.15 + message-position 0.15 + UNKNOWN-role 0.10
00120000:0x00602000,00150100:0x01F95001,0.238822,0.494624,False,False,0.125,0.0,0.222222,0x2000,0x5000,2024,104,byte-class 3-gram 0.40 + prefix4 0.20 + message-count 0.15 + message-position 0.15 + UNKNOWN-role 0.10
00030100:0x00D23001,00120000:0x08562001,0.237841,0.460674,False,False,0.166667,0.0,0.285714,0x3000,0x2000,80,2072,byte-class 3-gram 0.40 + prefix4 0.20 + message-count 0.15 + message-position 0.15 + UNKNOWN-role 0.10
00030100:0x00BA3006,00120000:0x00602000,0.236717,0.489362,False,False,0.125,0.0,0.222222,0x3000,0x2000,80,2024,byte-class 3-gram 0.40 + prefix4 0.20 + message-count 0.15 + message-position 0.15 + UNKNOWN-role 0.10
00120000:0x0D2E5001,00150100:0x02135003,0.236471,0.341176,False,True,0.333333,0.0,0.5,0x5000,0x5000,392,128,byte-class 3-gram 0.40 + prefix4 0.20 + message-count 0.15 + message-position 0.15 + UNKNOWN-role 0.10
00030100:0x00DC3004,00120000:0x0B3A2007,0.236061,0.431818,False,False,0.2,0.0,0.333333,0x3000,0x2000,72,2640,byte-class 3-gram 0.40 + prefix4 0.20 + message-count 0.15 + message-position 0.15 + UNKNOWN-role 0.10
00030100:0x00396001,00030100:0x00F13003,0.23544,0.472527,False,False,0.142857,0.0,0.25,0x6000,0x3000,312,1536,byte-class 3-gram 0.40 + prefix4 0.20 + message-count 0.15 + message-position 0.15 + UNKNOWN-role 0.10
00030100:0x00F13003,00120000:0x00396001,0.23544,0.472527,False,False,0.142857,0.0,0.25,0x3000,0x6000,1536,312,byte-class 3-gram 0.40 + prefix4 0.20 + message-count 0.15 + message-position 0.15 + UNKNOWN-role 0.10
00030100:0x00F13003,00150100:0x00396001,0.23544,0.472527,False,False,0.142857,0.0,0.25,0x3000,0x6000,1536,312,byte-class 3-gram 0.40 + prefix4 0.20 + message-count 0.15 + message-position 0.15 + UNKNOWN-role 0.10
00030100:0x00F13003,00151100:0x00396001,0.23544,0.472527,False,False,0.142857,0.0,0.25,0x3000,0x6000,1536,384,byte-class 3-gram 0.40 + prefix4 0.20 + message-count 0.15 + message-position 0.15 + UNKNOWN-role 0.10
00030100:0x00602000,00150100:0x01F95001,0.234943,0.517647,False,False,0.083333,0.0,0.153846,0x2000,0x5000,720,104,byte-class 3-gram 0.40 + prefix4 0.20 + message-count 0.15 + message-position 0.15 + UNKNOWN-role 0.10
00120000:0x00602000,00150100:0x00AC2001,0.234521,0.483871,False,True,0.125,0.0,0.222222,0x2000,0x2000,2024,80,byte-class 3-gram 0.40 + prefix4 0.20 + message-count 0.15 + message-position 0.15 + UNKNOWN-role 0.10
00120000:0x0D2E5001,00150100:0x00F62003,0.234043,0.585106,False,False,0.0,0.0,0.0,0x5000,0x2000,392,320,byte-class 3-gram 0.40 + prefix4 0.20 + message-count 0.15 + message-position 0.15 + UNKNOWN-role 0.10
00120000:0x08562001,00150100:0x02065002,0.233347,0.449438,False,False,0.166667,0.0,0.285714,0x2000,0x5000,2072,104,byte-class 3-gram 0.40 + prefix4 0.20 + message-count 0.15 + message-position 0.15 + UNKNOWN-role 0.10
00030100:0x00602000,00030100:0x00BA3006,0.232536,0.511628,False,False,0.083333,0.0,0.153846,0x2000,0x3000,720,80,byte-class 3-gram 0.40 + prefix4 0.20 + message-count 0.15 + message-position 0.15 + UNKNOWN-role 0.10
00150100:0x00F62003,00150100:0x01F95001,0.230137,0.575342,False,False,0.0,0.0,0.0,0x2000,0x5000,320,104,byte-class 3-gram 0.40 + prefix4 0.20 + message-count 0.15 + message-position 0.15 + UNKNOWN-role 0.10
00030100:0x00F13003,00150100:0x02065002,0.229048,0.5125,False,False,0.071429,0.0,0.133333,0x3000,0x5000,1536,104,byte-class 3-gram 0.40 + prefix4 0.20 + message-count 0.15 + message-position 0.15 + UNKNOWN-role 0.10
00030100:0x02465001,00150100:0x00F62003,0.228571,0.571429,False,False,0.0,0.0,0.0,0x5000,0x2000,360,320,byte-class 3-gram 0.40 + prefix4 0.20 + message-count 0.15 + message-position 0.15 + UNKNOWN-role 0.10
00030100:0x00BA3006,00120000:0x047A2003,0.228395,0.51087,False,False,0.071429,0.0,0.133333,0x3000,0x2000,80,3920,byte-class 3-gram 0.40 + prefix4 0.20 + message-count 0.15 + message-position 0.15 + UNKNOWN-role 0.10
00120000:0x02112002,00150100:0x00AC2001,0.228152,0.494624,False,True,0.090909,0.0,0.166667,0x2000,0x2000,4936,80,byte-class 3-gram 0.40 + prefix4 0.20 + message-count 0.15 + message-position 0.15 + UNKNOWN-role 0.10
00030100:0x00D23001,00120000:0x00602000,0.227929,0.467391,False,False,0.125,0.0,0.222222,0x3000,0x2000,80,2024,byte-class 3-gram 0.40 + prefix4 0.20 + message-count 0.15 + message-position 0.15 + UNKNOWN-role 0.10
00030100:0x00DC3004,00120000:0x08562001,0.226299,0.431818,False,False,0.166667,0.0,0.285714,0x3000,0x2000,72,2072,byte-class 3-gram 0.40 + prefix4 0.20 + message-count 0.15 + message-position 0.15 + UNKNOWN-role 0.10
00120000:0x047A2003,00150100:0x00AC2001,0.226245,0.505495,False,True,0.071429,0.0,0.133333,0x2000,0x2000,3920,80,byte-class 3-gram 0.40 + prefix4 0.20 + message-count 0.15 + message-position 0.15 + UNKNOWN-role 0.10
00030100:0x02465001,00150100:0x00AC2001,0.226124,0.406977,False,False,0.2,0.0,0.333333,0x5000,0x2000,360,80,byte-class 3-gram 0.40 + prefix4 0.20 + message-count 0.15 + message-position 0.15 + UNKNOWN-role 0.10
00120000:0x02112002,00150100:0x01F95001,0.226048,0.489362,False,False,0.090909,0.0,0.166667,0x2000,0x5000,4936,104,byte-class 3-gram 0.40 + prefix4 0.20 + message-count 0.15 + message-position 0.15 + UNKNOWN-role 0.10
00030100:0x00BA3006,00120000:0x06642004,0.225824,0.5,False,False,0.076923,0.0,0.142857,0x3000,0x2000,80,3984,byte-class 3-gram 0.40 + prefix4 0.20 + message-count 0.15 + message-position 0.15 + UNKNOWN-role 0.10
00120000:0x047A2003,00150100:0x01F95001,0.224048,0.5,False,False,0.071429,0.0,0.133333,0x2000,0x5000,3920,104,byte-class 3-gram 0.40 + prefix4 0.20 + message-count 0.15 + message-position 0.15 + UNKNOWN-role 0.10
00030100:0x00BA3006,00120000:0x02112002,0.223987,0.484211,False,False,0.090909,0.0,0.166667,0x3000,0x2000,80,4936,byte-class 3-gram 0.40 + prefix4 0.20 + message-count 0.15 + message-position 0.15 + UNKNOWN-role 0.10
00120000:0x06642004,00150100:0x00AC2001,0.223674,0.494624,False,True,0.076923,0.0,0.142857,0x2000,0x2000,3984,80,byte-class 3-gram 0.40 + prefix4 0.20 + message-count 0.15 + message-position 0.15 + UNKNOWN-role 0.10
00030100:0x00D23001,00120000:0x09592005,0.223581,0.456522,False,False,0.125,0.0,0.222222,0x3000,0x2000,80,3848,byte-class 3-gram 0.40 + prefix4 0.20 + message-count 0.15 + message-position 0.15 + UNKNOWN-role 0.10
00120000:0x00602000,00150100:0x02065002,0.223581,0.456522,False,False,0.125,0.0,0.222222,0x2000,0x5000,2024,104,byte-class 3-gram 0.40 + prefix4 0.20 + message-count 0.15 + message-position 0.15 + UNKNOWN-role 0.10
00120000:0x06642004,00150100:0x01F95001,0.221569,0.489362,False,False,0.076923,0.0,0.142857,0x2000,0x5000,3984,104,byte-class 3-gram 0.40 + prefix4 0.20 + message-count 0.15 + message-position 0.15 + UNKNOWN-role 0.10
00150100:0x00F62003,00150100:0x02065002,0.219718,0.549296,False,False,0.0,0.0,0.0,0x2000,0x5000,320,104,byte-class 3-gram 0.40 + prefix4 0.20 + message-count 0.15 + message-position 0.15 + UNKNOWN-role 0.10
00120000:0x09592005,00150100:0x02065002,0.219233,0.445652,False,False,0.125,0.0,0.222222,0x2000,0x5000,3848,104,byte-class 3-gram 0.40 + prefix4 0.20 + message-count 0.15 + message-position 0.15 + UNKNOWN-role 0.10
00030100:0x00006000,00150100:0x00F62003,0.217391,0.543478,False,False,0.0,0.0,0.0,0x6000,0x2000,456,320,byte-class 3-gram 0.40 + prefix4 0.20 + message-count 0.15 + message-position 0.15 + UNKNOWN-role 0.10
00120000:0x00006000,00150100:0x00F62003,0.217391,0.543478,False,False,0.0,0.0,0.0,0x6000,0x2000,456,320,byte-class 3-gram 0.40 + prefix4 0.20 + message-count 0.15 + message-position 0.15 + UNKNOWN-role 0.10
00150100:0x00006000,00150100:0x00F62003,0.217391,0.543478,False,False,0.0,0.0,0.0,0x6000,0x2000,456,320,byte-class 3-gram 0.40 + prefix4 0.20 + message-count 0.15 + message-position 0.15 + UNKNOWN-role 0.10
00150100:0x00F62003,00151100:0x00006000,0.217391,0.543478,False,False,0.0,0.0,0.0,0x2000,0x6000,320,456,byte-class 3-gram 0.40 + prefix4 0.20 + message-count 0.15 + message-position 0.15 + UNKNOWN-role 0.10
00030100:0x00602000,00030100:0x00D23001,0.21612,0.470588,False,False,0.083333,0.0,0.153846,0x2000,0x3000,720,80,byte-class 3-gram 0.40 + prefix4 0.20 + message-count 0.15 + message-position 0.15 + UNKNOWN-role 0.10
00120000:0x0D824000,00150100:0x02135003,0.213764,0.340659,False,False,0.25,0.0,0.4,0x4000,0x5000,1256,128,byte-class 3-gram 0.40 + prefix4 0.20 + message-count 0.15 + message-position 0.15 + UNKNOWN-role 0.10
00030100:0x00F13003,00150100:0x00AC2001,0.212283,0.470588,False,False,0.071429,0.0,0.133333,0x3000,0x2000,1536,80,byte-class 3-gram 0.40 + prefix4 0.20 + message-count 0.15 + message-position 0.15 + UNKNOWN-role 0.10
00030100:0x00602000,00150100:0x02065002,0.211414,0.458824,False,False,0.083333,0.0,0.153846,0x2000,0x5000,720,104,byte-class 3-gram 0.40 + prefix4 0.20 + message-count 0.15 + message-position 0.15 + UNKNOWN-role 0.10
00120000:0x015D2006,00150100:0x02135003,0.211111,0.277778,False,False,0.333333,0.0,0.5,0x2000,0x5000,1440,128,byte-class 3-gram 0.40 + prefix4 0.20 + message-count 0.15 + message-position 0.15 + UNKNOWN-role 0.10
00030100:0x00DC3004,00120000:0x00602000,0.210537,0.423913,False,False,0.125,0.0,0.222222,0x3000,0x2000,72,2024,byte-class 3-gram 0.40 + prefix4 0.20 + message-count 0.15 + message-position 0.15 + UNKNOWN-role 0.10
00030100:0x00BA3006,00150100:0x00F62003,0.210526,0.526316,False,False,0.0,0.0,0.0,0x3000,0x2000,80,320,byte-class 3-gram 0.40 + prefix4 0.20 + message-count 0.15 + message-position 0.15 + UNKNOWN-role 0.10
00030100:0x00D23001,00120000:0x02112002,0.209026,0.446809,False,False,0.090909,0.0,0.166667,0x3000,0x2000,80,4936,byte-class 3-gram 0.40 + prefix4 0.20 + message-count 0.15 + message-position 0.15 + UNKNOWN-role 0.10
00030100:0x00D23001,00120000:0x047A2003,0.206656,0.456522,False,False,0.071429,0.0,0.133333,0x3000,0x2000,80,3920,byte-class 3-gram 0.40 + prefix4 0.20 + message-count 0.15 + message-position 0.15 + UNKNOWN-role 0.10
00030100:0x00DC3004,00120000:0x09592005,0.20619,0.413043,False,False,0.125,0.0,0.222222,0x3000,0x2000,72,3848,byte-class 3-gram 0.40 + prefix4 0.20 + message-count 0.15 + message-position 0.15 + UNKNOWN-role 0.10
00120000:0x02112002,00150100:0x02065002,0.204771,0.43617,False,False,0.090909,0.0,0.166667,0x2000,0x5000,4936,104,byte-class 3-gram 0.40 + prefix4 0.20 + message-count 0.15 + message-position 0.15 + UNKNOWN-role 0.10
00030100:0x00D23001,00120000:0x06642004,0.204548,0.446809,False,False,0.076923,0.0,0.142857,0x3000,0x2000,80,3984,byte-class 3-gram 0.40 + prefix4 0.20 + message-count 0.15 + message-position 0.15 + UNKNOWN-role 0.10
00120000:0x047A2003,00150100:0x02065002,0.202308,0.445652,False,False,0.071429,0.0,0.133333,0x2000,0x5000,3920,104,byte-class 3-gram 0.40 + prefix4 0.20 + message-count 0.15 + message-position 0.15 + UNKNOWN-role 0.10
00120000:0x06642004,00150100:0x02065002,0.200292,0.43617,False,False,0.076923,0.0,0.142857,0x2000,0x5000,3984,104,byte-class 3-gram 0.40 + prefix4 0.20 + message-count 0.15 + message-position 0.15 + UNKNOWN-role 0.10
00150100:0x00602000,00150100:0x02135003,0.19843,0.302326,False,False,0.25,0.0,0.4,0x2000,0x5000,608,128,byte-class 3-gram 0.40 + prefix4 0.20 + message-count 0.15 + message-position 0.15 + UNKNOWN-role 0.10
00150100:0x01813004,00150100:0x02135003,0.197982,0.301205,False,False,0.25,0.0,0.4,0x3000,0x5000,592,128,byte-class 3-gram 0.40 + prefix4 0.20 + message-count 0.15 + message-position 0.15 + UNKNOWN-role 0.10
00030100:0x00602000,00030100:0x00DC3004,0.197296,0.423529,False,False,0.083333,0.0,0.153846,0x2000,0x3000,720,72,byte-class 3-gram 0.40 + prefix4 0.20 + message-count 0.15 + message-position 0.15 + UNKNOWN-role 0.10
00030100:0x02465001,00150100:0x02135003,0.196667,0.333333,False,True,0.2,0.0,0.333333,0x5000,0x5000,360,128,byte-class 3-gram 0.40 + prefix4 0.20 + message-count 0.15 + message-position 0.15 + UNKNOWN-role 0.10
00030100:0x022C5000,00150100:0x00F62003,0.193258,0.483146,False,False,0.0,0.0,0.0,0x5000,0x2000,208,320,byte-class 3-gram 0.40 + prefix4 0.20 + message-count 0.15 + message-position 0.15 + UNKNOWN-role 0.10
00030100:0x00DC3004,00120000:0x02112002,0.192005,0.404255,False,False,0.090909,0.0,0.166667,0x3000,0x2000,72,4936,byte-class 3-gram 0.40 + prefix4 0.20 + message-count 0.15 + message-position 0.15 + UNKNOWN-role 0.10
00030100:0x00DC3004,00120000:0x047A2003,0.189265,0.413043,False,False,0.071429,0.0,0.133333,0x3000,0x2000,72,3920,byte-class 3-gram 0.40 + prefix4 0.20 + message-count 0.15 + message-position 0.15 + UNKNOWN-role 0.10
00030100:0x00DC3004,00120000:0x06642004,0.187526,0.404255,False,False,0.076923,0.0,0.142857,0x3000,0x2000,72,3984,byte-class 3-gram 0.40 + prefix4 0.20 + message-count 0.15 + message-position 0.15 + UNKNOWN-role 0.10
00150100:0x011E3000,00150100:0x02135003,0.185686,0.305882,False,False,0.2,0.0,0.333333,0x3000,0x5000,496,128,byte-class 3-gram 0.40 + prefix4 0.20 + message-count 0.15 + message-position 0.15 + UNKNOWN-role 0.10
00030100:0x00D23001,00150100:0x00F62003,0.184211,0.460526,False,False,0.0,0.0,0.0,0x3000,0x2000,80,320,byte-class 3-gram 0.40 + prefix4 0.20 + message-count 0.15 + message-position 0.15 + UNKNOWN-role 0.10
00030100:0x00396001,00150100:0x00F62003,0.178824,0.447059,False,False,0.0,0.0,0.0,0x6000,0x2000,312,320,byte-class 3-gram 0.40 + prefix4 0.20 + message-count 0.15 + message-position 0.15 + UNKNOWN-role 0.10
00120000:0x00396001,00150100:0x00F62003,0.178824,0.447059,False,False,0.0,0.0,0.0,0x6000,0x2000,312,320,byte-class 3-gram 0.40 + prefix4 0.20 + message-count 0.15 + message-position 0.15 + UNKNOWN-role 0.10
00150100:0x00396001,00150100:0x00F62003,0.178824,0.447059,False,False,0.0,0.0,0.0,0x6000,0x2000,312,320,byte-class 3-gram 0.40 + prefix4 0.20 + message-count 0.15 + message-position 0.15 + UNKNOWN-role 0.10
00150100:0x00F62003,00151100:0x00396001,0.178824,0.447059,False,False,0.0,0.0,0.0,0x2000,0x6000,320,384,byte-class 3-gram 0.40 + prefix4 0.20 + message-count 0.15 + message-position 0.15 + UNKNOWN-role 0.10
00120000:0x0B3A2007,00150100:0x02135003,0.168596,0.263158,False,False,0.2,0.0,0.333333,0x2000,0x5000,2640,128,byte-class 3-gram 0.40 + prefix4 0.20 + message-count 0.15 + message-position 0.15 + UNKNOWN-role 0.10
00120000:0x0C843001,00150100:0x02135003,0.16838,0.304878,False,False,0.142857,0.0,0.25,0x3000,0x5000,720,128,byte-class 3-gram 0.40 + prefix4 0.20 + message-count 0.15 + message-position 0.15 + UNKNOWN-role 0.10
00120000:0x08562001,00150100:0x02135003,0.16421,0.276596,False,False,0.166667,0.0,0.285714,0x2000,0x5000,2072,128,byte-class 3-gram 0.40 + prefix4 0.20 + message-count 0.15 + message-position 0.15 + UNKNOWN-role 0.10
00030100:0x00DC3004,00150100:0x00F62003,0.163158,0.407895,False,False,0.0,0.0,0.0,0x3000,0x2000,72,320,byte-class 3-gram 0.40 + prefix4 0.20 + message-count 0.15 + message-position 0.15 + UNKNOWN-role 0.10
00120000:0x0CDE3000,00150100:0x02135003,0.162923,0.304878,False,False,0.125,0.0,0.222222,0x3000,0x5000,640,128,byte-class 3-gram 0.40 + prefix4 0.20 + message-count 0.15 + message-position 0.15 + UNKNOWN-role 0.10
00030100:0x01B13005,00150100:0x02135003,0.162708,0.290698,False,False,0.142857,0.0,0.25,0x3000,0x5000,944,128,byte-class 3-gram 0.40 + prefix4 0.20 + message-count 0.15 + message-position 0.15 + UNKNOWN-role 0.10
00120000:0x00602000,00150100:0x02135003,0.161806,0.302083,False,False,0.125,0.0,0.222222,0x2000,0x5000,2024,128,byte-class 3-gram 0.40 + prefix4 0.20 + message-count 0.15 + message-position 0.15 + UNKNOWN-role 0.10
00030100:0x00E53002,00030100:0x02274000,0.16,0.4,False,False,0.0,0.0,0.0,0x3000,0x4000,96,40,byte-class 3-gram 0.40 + prefix4 0.20 + message-count 0.15 + message-position 0.15 + UNKNOWN-role 0.10
00120000:0x09592005,00150100:0x02135003,0.157639,0.291667,False,False,0.125,0.0,0.222222,0x2000,0x5000,3848,128,byte-class 3-gram 0.40 + prefix4 0.20 + message-count 0.15 + message-position 0.15 + UNKNOWN-role 0.10
00030100:0x00F13003,00150100:0x02135003,0.151106,0.317647,False,False,0.071429,0.0,0.133333,0x3000,0x5000,1536,128,byte-class 3-gram 0.40 + prefix4 0.20 + message-count 0.15 + message-position 0.15 + UNKNOWN-role 0.10
00030100:0x02274000,00150100:0x01F95001,0.147368,0.368421,False,False,0.0,0.0,0.0,0x4000,0x5000,40,104,byte-class 3-gram 0.40 + prefix4 0.20 + message-count 0.15 + message-position 0.15 + UNKNOWN-role 0.10
00030100:0x02274000,00150100:0x011E3000,0.145,0.3625,False,False,0.0,0.0,0.0,0x4000,0x3000,40,496,byte-class 3-gram 0.40 + prefix4 0.20 + message-count 0.15 + message-position 0.15 + UNKNOWN-role 0.10
00120000:0x02112002,00150100:0x02135003,0.144589,0.285714,False,False,0.090909,0.0,0.166667,0x2000,0x5000,4936,128,byte-class 3-gram 0.40 + prefix4 0.20 + message-count 0.15 + message-position 0.15 + UNKNOWN-role 0.10
00030100:0x02274000,00150100:0x01813004,0.14359,0.358974,False,False,0.0,0.0,0.0,0x4000,0x3000,40,592,byte-class 3-gram 0.40 + prefix4 0.20 + message-count 0.15 + message-position 0.15 + UNKNOWN-role 0.10
00030100:0x00F13003,00030100:0x02274000,0.14321,0.358025,False,False,0.0,0.0,0.0,0x3000,0x4000,1536,40,byte-class 3-gram 0.40 + prefix4 0.20 + message-count 0.15 + message-position 0.15 + UNKNOWN-role 0.10
00030100:0x02274000,00150100:0x02065002,0.140741,0.351852,False,False,0.0,0.0,0.0,0x4000,0x5000,40,104,byte-class 3-gram 0.40 + prefix4 0.20 + message-count 0.15 + message-position 0.15 + UNKNOWN-role 0.10
00120000:0x047A2003,00150100:0x02135003,0.140714,0.291667,False,False,0.071429,0.0,0.133333,0x2000,0x5000,3920,128,byte-class 3-gram 0.40 + prefix4 0.20 + message-count 0.15 + message-position 0.15 + UNKNOWN-role 0.10
00120000:0x06642004,00150100:0x02135003,0.14011,0.285714,False,False,0.076923,0.0,0.142857,0x2000,0x5000,3984,128,byte-class 3-gram 0.40 + prefix4 0.20 + message-count 0.15 + message-position 0.15 + UNKNOWN-role 0.10
00030100:0x00006000,00030100:0x02274000,0.138462,0.346154,False,False,0.0,0.0,0.0,0x6000,0x4000,456,40,byte-class 3-gram 0.40 + prefix4 0.20 + message-count 0.15 + message-position 0.15 + UNKNOWN-role 0.10
00030100:0x02274000,00120000:0x00006000,0.138462,0.346154,False,False,0.0,0.0,0.0,0x4000,0x6000,40,456,byte-class 3-gram 0.40 + prefix4 0.20 + message-count 0.15 + message-position 0.15 + UNKNOWN-role 0.10
00030100:0x02274000,00120000:0x0C843001,0.138462,0.346154,False,False,0.0,0.0,0.0,0x4000,0x3000,40,720,byte-class 3-gram 0.40 + prefix4 0.20 + message-count 0.15 + message-position 0.15 + UNKNOWN-role 0.10
00030100:0x02274000,00120000:0x0CDE3000,0.138462,0.346154,False,False,0.0,0.0,0.0,0x4000,0x3000,40,640,byte-class 3-gram 0.40 + prefix4 0.20 + message-count 0.15 + message-position 0.15 + UNKNOWN-role 0.10
00030100:0x02274000,00150100:0x00006000,0.138462,0.346154,False,False,0.0,0.0,0.0,0x4000,0x6000,40,456,byte-class 3-gram 0.40 + prefix4 0.20 + message-count 0.15 + message-position 0.15 + UNKNOWN-role 0.10
00030100:0x02274000,00151100:0x00006000,0.138462,0.346154,False,False,0.0,0.0,0.0,0x4000,0x6000,40,456,byte-class 3-gram 0.40 + prefix4 0.20 + message-count 0.15 + message-position 0.15 + UNKNOWN-role 0.10
00030100:0x02274000,00120000:0x08562001,0.136364,0.340909,False,False,0.0,0.0,0.0,0x4000,0x2000,40,2072,byte-class 3-gram 0.40 + prefix4 0.20 + message-count 0.15 + message-position 0.15 + UNKNOWN-role 0.10
00030100:0x02274000,00120000:0x0B3A2007,0.136364,0.340909,False,False,0.0,0.0,0.0,0x4000,0x2000,40,2640,byte-class 3-gram 0.40 + prefix4 0.20 + message-count 0.15 + message-position 0.15 + UNKNOWN-role 0.10
00030100:0x02274000,00120000:0x047A2003,0.136264,0.340659,False,False,0.0,0.0,0.0,0x4000,0x2000,40,3920,byte-class 3-gram 0.40 + prefix4 0.20 + message-count 0.15 + message-position 0.15 + UNKNOWN-role 0.10
00030100:0x02274000,00120000:0x09592005,0.136264,0.340659,False,False,0.0,0.0,0.0,0x4000,0x2000,40,3848,byte-class 3-gram 0.40 + prefix4 0.20 + message-count 0.15 + message-position 0.15 + UNKNOWN-role 0.10
00030100:0x00BA3006,00030100:0x02274000,0.135593,0.338983,False,False,0.0,0.0,0.0,0x3000,0x4000,80,40,byte-class 3-gram 0.40 + prefix4 0.20 + message-count 0.15 + message-position 0.15 + UNKNOWN-role 0.10
00030100:0x02274000,00030100:0x022C5000,0.135211,0.338028,False,False,0.0,0.0,0.0,0x4000,0x5000,40,208,byte-class 3-gram 0.40 + prefix4 0.20 + message-count 0.15 + message-position 0.15 + UNKNOWN-role 0.10
00030100:0x00602000,00150100:0x02135003,0.133379,0.263736,False,False,0.083333,0.0,0.153846,0x2000,0x5000,720,128,byte-class 3-gram 0.40 + prefix4 0.20 + message-count 0.15 + message-position 0.15 + UNKNOWN-role 0.10
00030100:0x02274000,00120000:0x06642004,0.133333,0.333333,False,False,0.0,0.0,0.0,0x4000,0x2000,40,3984,byte-class 3-gram 0.40 + prefix4 0.20 + message-count 0.15 + message-position 0.15 + UNKNOWN-role 0.10
00030100:0x00602000,00030100:0x02274000,0.131765,0.329412,False,False,0.0,0.0,0.0,0x2000,0x4000,720,40,byte-class 3-gram 0.40 + prefix4 0.20 + message-count 0.15 + message-position 0.15 + UNKNOWN-role 0.10
00030100:0x02274000,00120000:0x015D2006,0.131765,0.329412,False,False,0.0,0.0,0.0,0x4000,0x2000,40,1440,byte-class 3-gram 0.40 + prefix4 0.20 + message-count 0.15 + message-position 0.15 + UNKNOWN-role 0.10
00030100:0x00C43000,00030100:0x02274000,0.13125,0.328125,False,False,0.0,0.0,0.0,0x3000,0x4000,112,40,byte-class 3-gram 0.40 + prefix4 0.20 + message-count 0.15 + message-position 0.15 + UNKNOWN-role 0.10
00030100:0x02274000,00150100:0x00B62002,0.13012,0.325301,False,False,0.0,0.0,0.0,0x4000,0x2000,40,512,byte-class 3-gram 0.40 + prefix4 0.20 + message-count 0.15 + message-position 0.15 + UNKNOWN-role 0.10
00030100:0x02274000,00030100:0x02465001,0.13,0.325,False,False,0.0,0.0,0.0,0x4000,0x5000,40,360,byte-class 3-gram 0.40 + prefix4 0.20 + message-count 0.15 + message-position 0.15 + UNKNOWN-role 0.10
00030100:0x00396001,00030100:0x02274000,0.129231,0.323077,False,False,0.0,0.0,0.0,0x6000,0x4000,312,40,byte-class 3-gram 0.40 + prefix4 0.20 + message-count 0.15 + message-position 0.15 + UNKNOWN-role 0.10
00030100:0x02274000,00120000:0x00396001,0.129231,0.323077,False,False,0.0,0.0,0.0,0x4000,0x6000,40,312,byte-class 3-gram 0.40 + prefix4 0.20 + message-count 0.15 + message-position 0.15 + UNKNOWN-role 0.10
00030100:0x02274000,00150100:0x00396001,0.129231,0.323077,False,False,0.0,0.0,0.0,0x4000,0x6000,40,312,byte-class 3-gram 0.40 + prefix4 0.20 + message-count 0.15 + message-position 0.15 + UNKNOWN-role 0.10
00030100:0x02274000,00151100:0x00396001,0.129231,0.323077,False,False,0.0,0.0,0.0,0x4000,0x6000,40,384,byte-class 3-gram 0.40 + prefix4 0.20 + message-count 0.15 + message-position 0.15 + UNKNOWN-role 0.10
00030100:0x02274000,00120000:0x00602000,0.129032,0.322581,False,False,0.0,0.0,0.0,0x4000,0x2000,40,2024,byte-class 3-gram 0.40 + prefix4 0.20 + message-count 0.15 + message-position 0.15 + UNKNOWN-role 0.10
00030100:0x02274000,00120000:0x02112002,0.12766,0.319149,False,False,0.0,0.0,0.0,0x4000,0x2000,40,4936,byte-class 3-gram 0.40 + prefix4 0.20 + message-count 0.15 + message-position 0.15 + UNKNOWN-role 0.10
00030100:0x01B13005,00030100:0x02274000,0.125301,0.313253,False,False,0.0,0.0,0.0,0x3000,0x4000,944,40,byte-class 3-gram 0.40 + prefix4 0.20 + message-count 0.15 + message-position 0.15 + UNKNOWN-role 0.10
00030100:0x02274000,00150100:0x00602000,0.12381,0.309524,False,False,0.0,0.0,0.0,0x4000,0x2000,40,608,byte-class 3-gram 0.40 + prefix4 0.20 + message-count 0.15 + message-position 0.15 + UNKNOWN-role 0.10
00030100:0x02274000,00150100:0x015C3003,0.122222,0.305556,False,False,0.0,0.0,0.0,0x4000,0x3000,40,296,byte-class 3-gram 0.40 + prefix4 0.20 + message-count 0.15 + message-position 0.15 + UNKNOWN-role 0.10
00030100:0x02274000,00150100:0x01CB5000,0.121951,0.304878,False,False,0.0,0.0,0.0,0x4000,0x5000,40,368,byte-class 3-gram 0.40 + prefix4 0.20 + message-count 0.15 + message-position 0.15 + UNKNOWN-role 0.10
00030100:0x02274000,00120000:0x0D824000,0.121739,0.304348,False,True,0.0,0.0,0.0,0x4000,0x4000,40,1256,byte-class 3-gram 0.40 + prefix4 0.20 + message-count 0.15 + message-position 0.15 + UNKNOWN-role 0.10
00030100:0x02274000,00120000:0x0D2E5001,0.12093,0.302326,False,False,0.0,0.0,0.0,0x4000,0x5000,40,392,byte-class 3-gram 0.40 + prefix4 0.20 + message-count 0.15 + message-position 0.15 + UNKNOWN-role 0.10
00030100:0x02274000,00120000:0x0D5F5002,0.120482,0.301205,False,False,0.0,0.0,0.0,0x4000,0x5000,40,280,byte-class 3-gram 0.40 + prefix4 0.20 + message-count 0.15 + message-position 0.15 + UNKNOWN-role 0.10
00030100:0x00DC3004,00030100:0x02274000,0.118519,0.296296,False,False,0.0,0.0,0.0,0x3000,0x4000,72,40,byte-class 3-gram 0.40 + prefix4 0.20 + message-count 0.15 + message-position 0.15 + UNKNOWN-role 0.10
00030100:0x00D23001,00030100:0x02274000,0.110345,0.275862,False,False,0.0,0.0,0.0,0x3000,0x4000,80,40,byte-class 3-gram 0.40 + prefix4 0.20 + message-count 0.15 + message-position 0.15 + UNKNOWN-role 0.10
00030100:0x02274000,00150100:0x00AC2001,0.104918,0.262295,False,False,0.0,0.0,0.0,0x4000,0x2000,40,80,byte-class 3-gram 0.40 + prefix4 0.20 + message-count 0.15 + message-position 0.15 + UNKNOWN-role 0.10
00150100:0x00F62003,00150100:0x02135003,0.098765,0.246914,False,False,0.0,0.0,0.0,0x2000,0x5000,320,128,byte-class 3-gram 0.40 + prefix4 0.20 + message-count 0.15 + message-position 0.15 + UNKNOWN-role 0.10
00030100:0x02274000,00150100:0x02135003,0.083019,0.207547,False,False,0.0,0.0,0.0,0x4000,0x5000,40,128,byte-class 3-gram 0.40 + prefix4 0.20 + message-count 0.15 + message-position 0.15 + UNKNOWN-role 0.10
