cue_id,sample_id,variant_index,actor_class,speaker,caller_module,caller_offset,caller_runtime,context,confidence,notes
0x01,4012,0,0,ユウキ,BATTLE.BIN,,0x0033C7D8,battle_actor_class_0,STRONG,"BATTLE cue mapper; decoded VoiceCueEntry {cue, variant_count, sample_id[]}"
0x01,4002,1,0,ユウキ,BATTLE.BIN,,0x0033C7D8,battle_actor_class_0,STRONG,"BATTLE cue mapper; decoded VoiceCueEntry {cue, variant_count, sample_id[]}"
0x02,4014,0,0,ユウキ,BATTLE.BIN,,0x0033C7D8,battle_actor_class_0,STRONG,"BATTLE cue mapper; decoded VoiceCueEntry {cue, variant_count, sample_id[]}"
0x02,4002,1,0,ユウキ,BATTLE.BIN,,0x0033C7D8,battle_actor_class_0,STRONG,"BATTLE cue mapper; decoded VoiceCueEntry {cue, variant_count, sample_id[]}"
0x03,4018,0,0,ユウキ,BATTLE.BIN,,0x0033C7D8,battle_actor_class_0,STRONG,"BATTLE cue mapper; decoded VoiceCueEntry {cue, variant_count, sample_id[]}"
0x03,4002,1,0,ユウキ,BATTLE.BIN,,0x0033C7D8,battle_actor_class_0,STRONG,"BATTLE cue mapper; decoded VoiceCueEntry {cue, variant_count, sample_id[]}"
0x04,4024,0,0,ユウキ,BATTLE.BIN,,0x0033C7D8,battle_actor_class_0,STRONG,"BATTLE cue mapper; decoded VoiceCueEntry {cue, variant_count, sample_id[]}"
0x05,4016,0,0,ユウキ,BATTLE.BIN,,0x0033C7D8,battle_actor_class_0,STRONG,"BATTLE cue mapper; decoded VoiceCueEntry {cue, variant_count, sample_id[]}"
0x05,4002,1,0,ユウキ,BATTLE.BIN,,0x0033C7D8,battle_actor_class_0,STRONG,"BATTLE cue mapper; decoded VoiceCueEntry {cue, variant_count, sample_id[]}"
0x06,4020,0,0,ユウキ,BATTLE.BIN,,0x0033C7D8,battle_actor_class_0,STRONG,"BATTLE cue mapper; decoded VoiceCueEntry {cue, variant_count, sample_id[]}"
0x06,4002,1,0,ユウキ,BATTLE.BIN,,0x0033C7D8,battle_actor_class_0,STRONG,"BATTLE cue mapper; decoded VoiceCueEntry {cue, variant_count, sample_id[]}"
0x07,4022,0,0,ユウキ,BATTLE.BIN,,0x0033C7D8,battle_actor_class_0,STRONG,"BATTLE cue mapper; decoded VoiceCueEntry {cue, variant_count, sample_id[]}"
0x07,4002,1,0,ユウキ,BATTLE.BIN,,0x0033C7D8,battle_actor_class_0,STRONG,"BATTLE cue mapper; decoded VoiceCueEntry {cue, variant_count, sample_id[]}"
0x08,4028,0,0,ユウキ,BATTLE.BIN,,0x0033C7D8,battle_actor_class_0,STRONG,"BATTLE cue mapper; decoded VoiceCueEntry {cue, variant_count, sample_id[]}"
0x09,4026,0,0,ユウキ,BATTLE.BIN,,0x0033C7D8,battle_actor_class_0,STRONG,"BATTLE cue mapper; decoded VoiceCueEntry {cue, variant_count, sample_id[]}"
0x0A,4084,0,0,ユウキ,BATTLE.BIN,,0x0033C7D8,battle_actor_class_0,STRONG,"BATTLE cue mapper; decoded VoiceCueEntry {cue, variant_count, sample_id[]}"
0x0B,4030,0,0,ユウキ,BATTLE.BIN,,0x0033C7D8,battle_actor_class_0,STRONG,"BATTLE cue mapper; decoded VoiceCueEntry {cue, variant_count, sample_id[]}"
0x0B,4002,1,0,ユウキ,BATTLE.BIN,,0x0033C7D8,battle_actor_class_0,STRONG,"BATTLE cue mapper; decoded VoiceCueEntry {cue, variant_count, sample_id[]}"
0x0C,4032,0,0,ユウキ,BATTLE.BIN,,0x0033C7D8,battle_actor_class_0,STRONG,"BATTLE cue mapper; decoded VoiceCueEntry {cue, variant_count, sample_id[]}"
0x0C,4002,1,0,ユウキ,BATTLE.BIN,,0x0033C7D8,battle_actor_class_0,STRONG,"BATTLE cue mapper; decoded VoiceCueEntry {cue, variant_count, sample_id[]}"
0x0D,4034,0,0,ユウキ,BATTLE.BIN,,0x0033C7D8,battle_actor_class_0,STRONG,"BATTLE cue mapper; decoded VoiceCueEntry {cue, variant_count, sample_id[]}"
0x0E,4076,0,0,ユウキ,BATTLE.BIN,,0x0033C7D8,battle_actor_class_0,STRONG,"BATTLE cue mapper; decoded VoiceCueEntry {cue, variant_count, sample_id[]}"
0x0F,4036,0,0,ユウキ,BATTLE.BIN,,0x0033C7D8,battle_actor_class_0,STRONG,"BATTLE cue mapper; decoded VoiceCueEntry {cue, variant_count, sample_id[]}"
0x10,4064,0,0,ユウキ,BATTLE.BIN,,0x0033C7D8,battle_actor_class_0,STRONG,"BATTLE cue mapper; decoded VoiceCueEntry {cue, variant_count, sample_id[]}"
0x11,4064,0,0,ユウキ,BATTLE.BIN,,0x0033C7D8,battle_actor_class_0,STRONG,"BATTLE cue mapper; decoded VoiceCueEntry {cue, variant_count, sample_id[]}"
0x12,4090,0,0,ユウキ,BATTLE.BIN,,0x0033C7D8,battle_actor_class_0,STRONG,"BATTLE cue mapper; decoded VoiceCueEntry {cue, variant_count, sample_id[]}"
0x13,4088,0,0,ユウキ,BATTLE.BIN,,0x0033C7D8,battle_actor_class_0,STRONG,"BATTLE cue mapper; decoded VoiceCueEntry {cue, variant_count, sample_id[]}"
0x14,4082,0,0,ユウキ,BATTLE.BIN,,0x0033C7D8,battle_actor_class_0,STRONG,"BATTLE cue mapper; decoded VoiceCueEntry {cue, variant_count, sample_id[]}"
0x15,4078,0,0,ユウキ,BATTLE.BIN,,0x0033C7D8,battle_actor_class_0,STRONG,"BATTLE cue mapper; decoded VoiceCueEntry {cue, variant_count, sample_id[]}"
0x16,4038,0,0,ユウキ,BATTLE.BIN,,0x0033C7D8,battle_actor_class_0,STRONG,"BATTLE cue mapper; decoded VoiceCueEntry {cue, variant_count, sample_id[]}"
0x16,4002,1,0,ユウキ,BATTLE.BIN,,0x0033C7D8,battle_actor_class_0,STRONG,"BATTLE cue mapper; decoded VoiceCueEntry {cue, variant_count, sample_id[]}"
0x17,4040,0,0,ユウキ,BATTLE.BIN,,0x0033C7D8,battle_actor_class_0,STRONG,"BATTLE cue mapper; decoded VoiceCueEntry {cue, variant_count, sample_id[]}"
0x17,4002,1,0,ユウキ,BATTLE.BIN,,0x0033C7D8,battle_actor_class_0,STRONG,"BATTLE cue mapper; decoded VoiceCueEntry {cue, variant_count, sample_id[]}"
0x18,4042,0,0,ユウキ,BATTLE.BIN,,0x0033C7D8,battle_actor_class_0,STRONG,"BATTLE cue mapper; decoded VoiceCueEntry {cue, variant_count, sample_id[]}"
0x19,4044,0,0,ユウキ,BATTLE.BIN,,0x0033C7D8,battle_actor_class_0,STRONG,"BATTLE cue mapper; decoded VoiceCueEntry {cue, variant_count, sample_id[]}"
0x1A,4060,0,0,ユウキ,BATTLE.BIN,,0x0033C7D8,battle_actor_class_0,STRONG,"BATTLE cue mapper; decoded VoiceCueEntry {cue, variant_count, sample_id[]}"
0x1B,4060,0,0,ユウキ,BATTLE.BIN,,0x0033C7D8,battle_actor_class_0,STRONG,"BATTLE cue mapper; decoded VoiceCueEntry {cue, variant_count, sample_id[]}"
0x1C,4060,0,0,ユウキ,BATTLE.BIN,,0x0033C7D8,battle_actor_class_0,STRONG,"BATTLE cue mapper; decoded VoiceCueEntry {cue, variant_count, sample_id[]}"
0x1D,4068,0,0,ユウキ,BATTLE.BIN,,0x0033C7D8,battle_actor_class_0,STRONG,"BATTLE cue mapper; decoded VoiceCueEntry {cue, variant_count, sample_id[]}"
0x1E,4068,0,0,ユウキ,BATTLE.BIN,,0x0033C7D8,battle_actor_class_0,STRONG,"BATTLE cue mapper; decoded VoiceCueEntry {cue, variant_count, sample_id[]}"
0x1F,4074,0,0,ユウキ,BATTLE.BIN,,0x0033C7D8,battle_actor_class_0,STRONG,"BATTLE cue mapper; decoded VoiceCueEntry {cue, variant_count, sample_id[]}"
0x20,4046,0,0,ユウキ,BATTLE.BIN,,0x0033C7D8,battle_actor_class_0,STRONG,"BATTLE cue mapper; decoded VoiceCueEntry {cue, variant_count, sample_id[]}"
0x20,4002,1,0,ユウキ,BATTLE.BIN,,0x0033C7D8,battle_actor_class_0,STRONG,"BATTLE cue mapper; decoded VoiceCueEntry {cue, variant_count, sample_id[]}"
0x21,4048,0,0,ユウキ,BATTLE.BIN,,0x0033C7D8,battle_actor_class_0,STRONG,"BATTLE cue mapper; decoded VoiceCueEntry {cue, variant_count, sample_id[]}"
0x21,4002,1,0,ユウキ,BATTLE.BIN,,0x0033C7D8,battle_actor_class_0,STRONG,"BATTLE cue mapper; decoded VoiceCueEntry {cue, variant_count, sample_id[]}"
0x22,4052,0,0,ユウキ,BATTLE.BIN,,0x0033C7D8,battle_actor_class_0,STRONG,"BATTLE cue mapper; decoded VoiceCueEntry {cue, variant_count, sample_id[]}"
0x22,4002,1,0,ユウキ,BATTLE.BIN,,0x0033C7D8,battle_actor_class_0,STRONG,"BATTLE cue mapper; decoded VoiceCueEntry {cue, variant_count, sample_id[]}"
0x23,4050,0,0,ユウキ,BATTLE.BIN,,0x0033C7D8,battle_actor_class_0,STRONG,"BATTLE cue mapper; decoded VoiceCueEntry {cue, variant_count, sample_id[]}"
0x23,4002,1,0,ユウキ,BATTLE.BIN,,0x0033C7D8,battle_actor_class_0,STRONG,"BATTLE cue mapper; decoded VoiceCueEntry {cue, variant_count, sample_id[]}"
0x24,4054,0,0,ユウキ,BATTLE.BIN,,0x0033C7D8,battle_actor_class_0,STRONG,"BATTLE cue mapper; decoded VoiceCueEntry {cue, variant_count, sample_id[]}"
0x24,4002,1,0,ユウキ,BATTLE.BIN,,0x0033C7D8,battle_actor_class_0,STRONG,"BATTLE cue mapper; decoded VoiceCueEntry {cue, variant_count, sample_id[]}"
0x25,4056,0,0,ユウキ,BATTLE.BIN,,0x0033C7D8,battle_actor_class_0,STRONG,"BATTLE cue mapper; decoded VoiceCueEntry {cue, variant_count, sample_id[]}"
0x26,4058,0,0,ユウキ,BATTLE.BIN,,0x0033C7D8,battle_actor_class_0,STRONG,"BATTLE cue mapper; decoded VoiceCueEntry {cue, variant_count, sample_id[]}"
0x27,4086,0,0,ユウキ,BATTLE.BIN,,0x0033C7D8,battle_actor_class_0,STRONG,"BATTLE cue mapper; decoded VoiceCueEntry {cue, variant_count, sample_id[]}"
0x28,4072,0,0,ユウキ,BATTLE.BIN,,0x0033C7D8,battle_actor_class_0,STRONG,"BATTLE cue mapper; decoded VoiceCueEntry {cue, variant_count, sample_id[]}"
0x29,4070,0,0,ユウキ,BATTLE.BIN,,0x0033C7D8,battle_actor_class_0,STRONG,"BATTLE cue mapper; decoded VoiceCueEntry {cue, variant_count, sample_id[]}"
0x2A,4080,0,0,ユウキ,BATTLE.BIN,,0x0033C7D8,battle_actor_class_0,STRONG,"BATTLE cue mapper; decoded VoiceCueEntry {cue, variant_count, sample_id[]}"
0x65,4006,0,0,ユウキ,BATTLE.BIN,,0x0033C7D8,battle_actor_class_0,STRONG,"BATTLE cue mapper; decoded VoiceCueEntry {cue, variant_count, sample_id[]}"
0x66,4006,0,0,ユウキ,BATTLE.BIN,,0x0033C7D8,battle_actor_class_0,STRONG,"BATTLE cue mapper; decoded VoiceCueEntry {cue, variant_count, sample_id[]}"
0x67,4006,0,0,ユウキ,BATTLE.BIN,,0x0033C7D8,battle_actor_class_0,STRONG,"BATTLE cue mapper; decoded VoiceCueEntry {cue, variant_count, sample_id[]}"
0x68,4006,0,0,ユウキ,BATTLE.BIN,,0x0033C7D8,battle_actor_class_0,STRONG,"BATTLE cue mapper; decoded VoiceCueEntry {cue, variant_count, sample_id[]}"
0x69,4006,0,0,ユウキ,BATTLE.BIN,,0x0033C7D8,battle_actor_class_0,STRONG,"BATTLE cue mapper; decoded VoiceCueEntry {cue, variant_count, sample_id[]}"
0x6A,4006,0,0,ユウキ,BATTLE.BIN,,0x0033C7D8,battle_actor_class_0,STRONG,"BATTLE cue mapper; decoded VoiceCueEntry {cue, variant_count, sample_id[]}"
0x6B,4006,0,0,ユウキ,BATTLE.BIN,,0x0033C7D8,battle_actor_class_0,STRONG,"BATTLE cue mapper; decoded VoiceCueEntry {cue, variant_count, sample_id[]}"
0x6C,4006,0,0,ユウキ,BATTLE.BIN,,0x0033C7D8,battle_actor_class_0,STRONG,"BATTLE cue mapper; decoded VoiceCueEntry {cue, variant_count, sample_id[]}"
0x6D,4006,0,0,ユウキ,BATTLE.BIN,,0x0033C7D8,battle_actor_class_0,STRONG,"BATTLE cue mapper; decoded VoiceCueEntry {cue, variant_count, sample_id[]}"
0x6E,4006,0,0,ユウキ,BATTLE.BIN,,0x0033C7D8,battle_actor_class_0,STRONG,"BATTLE cue mapper; decoded VoiceCueEntry {cue, variant_count, sample_id[]}"
0x6F,4006,0,0,ユウキ,BATTLE.BIN,,0x0033C7D8,battle_actor_class_0,STRONG,"BATTLE cue mapper; decoded VoiceCueEntry {cue, variant_count, sample_id[]}"
0x70,4006,0,0,ユウキ,BATTLE.BIN,,0x0033C7D8,battle_actor_class_0,STRONG,"BATTLE cue mapper; decoded VoiceCueEntry {cue, variant_count, sample_id[]}"
0x71,4006,0,0,ユウキ,BATTLE.BIN,,0x0033C7D8,battle_actor_class_0,STRONG,"BATTLE cue mapper; decoded VoiceCueEntry {cue, variant_count, sample_id[]}"
0x71,4008,1,0,ユウキ,BATTLE.BIN,,0x0033C7D8,battle_actor_class_0,STRONG,"BATTLE cue mapper; decoded VoiceCueEntry {cue, variant_count, sample_id[]}"
0x72,4006,0,0,ユウキ,BATTLE.BIN,,0x0033C7D8,battle_actor_class_0,STRONG,"BATTLE cue mapper; decoded VoiceCueEntry {cue, variant_count, sample_id[]}"
0x72,4008,1,0,ユウキ,BATTLE.BIN,,0x0033C7D8,battle_actor_class_0,STRONG,"BATTLE cue mapper; decoded VoiceCueEntry {cue, variant_count, sample_id[]}"
0x73,4006,0,0,ユウキ,BATTLE.BIN,,0x0033C7D8,battle_actor_class_0,STRONG,"BATTLE cue mapper; decoded VoiceCueEntry {cue, variant_count, sample_id[]}"
0x73,4008,1,0,ユウキ,BATTLE.BIN,,0x0033C7D8,battle_actor_class_0,STRONG,"BATTLE cue mapper; decoded VoiceCueEntry {cue, variant_count, sample_id[]}"
0x74,4006,0,0,ユウキ,BATTLE.BIN,,0x0033C7D8,battle_actor_class_0,STRONG,"BATTLE cue mapper; decoded VoiceCueEntry {cue, variant_count, sample_id[]}"
0x74,4008,1,0,ユウキ,BATTLE.BIN,,0x0033C7D8,battle_actor_class_0,STRONG,"BATTLE cue mapper; decoded VoiceCueEntry {cue, variant_count, sample_id[]}"
0x75,4006,0,0,ユウキ,BATTLE.BIN,,0x0033C7D8,battle_actor_class_0,STRONG,"BATTLE cue mapper; decoded VoiceCueEntry {cue, variant_count, sample_id[]}"
0x75,4008,1,0,ユウキ,BATTLE.BIN,,0x0033C7D8,battle_actor_class_0,STRONG,"BATTLE cue mapper; decoded VoiceCueEntry {cue, variant_count, sample_id[]}"
0x76,4006,0,0,ユウキ,BATTLE.BIN,,0x0033C7D8,battle_actor_class_0,STRONG,"BATTLE cue mapper; decoded VoiceCueEntry {cue, variant_count, sample_id[]}"
0x76,4008,1,0,ユウキ,BATTLE.BIN,,0x0033C7D8,battle_actor_class_0,STRONG,"BATTLE cue mapper; decoded VoiceCueEntry {cue, variant_count, sample_id[]}"
0x77,4006,0,0,ユウキ,BATTLE.BIN,,0x0033C7D8,battle_actor_class_0,STRONG,"BATTLE cue mapper; decoded VoiceCueEntry {cue, variant_count, sample_id[]}"
0x77,4008,1,0,ユウキ,BATTLE.BIN,,0x0033C7D8,battle_actor_class_0,STRONG,"BATTLE cue mapper; decoded VoiceCueEntry {cue, variant_count, sample_id[]}"
0x78,4010,0,0,ユウキ,BATTLE.BIN,,0x0033C7D8,battle_actor_class_0,STRONG,"BATTLE cue mapper; decoded VoiceCueEntry {cue, variant_count, sample_id[]}"
0x79,4010,0,0,ユウキ,BATTLE.BIN,,0x0033C7D8,battle_actor_class_0,STRONG,"BATTLE cue mapper; decoded VoiceCueEntry {cue, variant_count, sample_id[]}"
0x7A,4010,0,0,ユウキ,BATTLE.BIN,,0x0033C7D8,battle_actor_class_0,STRONG,"BATTLE cue mapper; decoded VoiceCueEntry {cue, variant_count, sample_id[]}"
0x7B,4010,0,0,ユウキ,BATTLE.BIN,,0x0033C7D8,battle_actor_class_0,STRONG,"BATTLE cue mapper; decoded VoiceCueEntry {cue, variant_count, sample_id[]}"
0x7C,4006,0,0,ユウキ,BATTLE.BIN,,0x0033C7D8,battle_actor_class_0,STRONG,"BATTLE cue mapper; decoded VoiceCueEntry {cue, variant_count, sample_id[]}"
0x7C,4008,1,0,ユウキ,BATTLE.BIN,,0x0033C7D8,battle_actor_class_0,STRONG,"BATTLE cue mapper; decoded VoiceCueEntry {cue, variant_count, sample_id[]}"
0x7D,4006,0,0,ユウキ,BATTLE.BIN,,0x0033C7D8,battle_actor_class_0,STRONG,"BATTLE cue mapper; decoded VoiceCueEntry {cue, variant_count, sample_id[]}"
0x7D,4008,1,0,ユウキ,BATTLE.BIN,,0x0033C7D8,battle_actor_class_0,STRONG,"BATTLE cue mapper; decoded VoiceCueEntry {cue, variant_count, sample_id[]}"
0x7E,4006,0,0,ユウキ,BATTLE.BIN,,0x0033C7D8,battle_actor_class_0,STRONG,"BATTLE cue mapper; decoded VoiceCueEntry {cue, variant_count, sample_id[]}"
0x7E,4008,1,0,ユウキ,BATTLE.BIN,,0x0033C7D8,battle_actor_class_0,STRONG,"BATTLE cue mapper; decoded VoiceCueEntry {cue, variant_count, sample_id[]}"
0x7F,4006,0,0,ユウキ,BATTLE.BIN,,0x0033C7D8,battle_actor_class_0,STRONG,"BATTLE cue mapper; decoded VoiceCueEntry {cue, variant_count, sample_id[]}"
0x7F,4008,1,0,ユウキ,BATTLE.BIN,,0x0033C7D8,battle_actor_class_0,STRONG,"BATTLE cue mapper; decoded VoiceCueEntry {cue, variant_count, sample_id[]}"
0x80,4006,0,0,ユウキ,BATTLE.BIN,,0x0033C7D8,battle_actor_class_0,STRONG,"BATTLE cue mapper; decoded VoiceCueEntry {cue, variant_count, sample_id[]}"
0x80,4008,1,0,ユウキ,BATTLE.BIN,,0x0033C7D8,battle_actor_class_0,STRONG,"BATTLE cue mapper; decoded VoiceCueEntry {cue, variant_count, sample_id[]}"
0x81,4006,0,0,ユウキ,BATTLE.BIN,,0x0033C7D8,battle_actor_class_0,STRONG,"BATTLE cue mapper; decoded VoiceCueEntry {cue, variant_count, sample_id[]}"
0x81,4008,1,0,ユウキ,BATTLE.BIN,,0x0033C7D8,battle_actor_class_0,STRONG,"BATTLE cue mapper; decoded VoiceCueEntry {cue, variant_count, sample_id[]}"
0x82,4008,0,0,ユウキ,BATTLE.BIN,,0x0033C7D8,battle_actor_class_0,STRONG,"BATTLE cue mapper; decoded VoiceCueEntry {cue, variant_count, sample_id[]}"
0x82,4006,1,0,ユウキ,BATTLE.BIN,,0x0033C7D8,battle_actor_class_0,STRONG,"BATTLE cue mapper; decoded VoiceCueEntry {cue, variant_count, sample_id[]}"
0x83,4008,0,0,ユウキ,BATTLE.BIN,,0x0033C7D8,battle_actor_class_0,STRONG,"BATTLE cue mapper; decoded VoiceCueEntry {cue, variant_count, sample_id[]}"
0x83,4006,1,0,ユウキ,BATTLE.BIN,,0x0033C7D8,battle_actor_class_0,STRONG,"BATTLE cue mapper; decoded VoiceCueEntry {cue, variant_count, sample_id[]}"
0x84,4008,0,0,ユウキ,BATTLE.BIN,,0x0033C7D8,battle_actor_class_0,STRONG,"BATTLE cue mapper; decoded VoiceCueEntry {cue, variant_count, sample_id[]}"
0x84,4006,1,0,ユウキ,BATTLE.BIN,,0x0033C7D8,battle_actor_class_0,STRONG,"BATTLE cue mapper; decoded VoiceCueEntry {cue, variant_count, sample_id[]}"
0x85,4008,0,0,ユウキ,BATTLE.BIN,,0x0033C7D8,battle_actor_class_0,STRONG,"BATTLE cue mapper; decoded VoiceCueEntry {cue, variant_count, sample_id[]}"
0x85,4006,1,0,ユウキ,BATTLE.BIN,,0x0033C7D8,battle_actor_class_0,STRONG,"BATTLE cue mapper; decoded VoiceCueEntry {cue, variant_count, sample_id[]}"
0x86,4008,0,0,ユウキ,BATTLE.BIN,,0x0033C7D8,battle_actor_class_0,STRONG,"BATTLE cue mapper; decoded VoiceCueEntry {cue, variant_count, sample_id[]}"
0x86,4006,1,0,ユウキ,BATTLE.BIN,,0x0033C7D8,battle_actor_class_0,STRONG,"BATTLE cue mapper; decoded VoiceCueEntry {cue, variant_count, sample_id[]}"
0x87,4008,0,0,ユウキ,BATTLE.BIN,,0x0033C7D8,battle_actor_class_0,STRONG,"BATTLE cue mapper; decoded VoiceCueEntry {cue, variant_count, sample_id[]}"
0x87,4006,1,0,ユウキ,BATTLE.BIN,,0x0033C7D8,battle_actor_class_0,STRONG,"BATTLE cue mapper; decoded VoiceCueEntry {cue, variant_count, sample_id[]}"
0x88,4008,0,0,ユウキ,BATTLE.BIN,,0x0033C7D8,battle_actor_class_0,STRONG,"BATTLE cue mapper; decoded VoiceCueEntry {cue, variant_count, sample_id[]}"
0x88,4006,1,0,ユウキ,BATTLE.BIN,,0x0033C7D8,battle_actor_class_0,STRONG,"BATTLE cue mapper; decoded VoiceCueEntry {cue, variant_count, sample_id[]}"
0x89,4002,0,0,ユウキ,BATTLE.BIN,,0x0033C7D8,battle_actor_class_0,STRONG,"BATTLE cue mapper; decoded VoiceCueEntry {cue, variant_count, sample_id[]}"
0x8A,4002,0,0,ユウキ,BATTLE.BIN,,0x0033C7D8,battle_actor_class_0,STRONG,"BATTLE cue mapper; decoded VoiceCueEntry {cue, variant_count, sample_id[]}"
0x8B,4002,0,0,ユウキ,BATTLE.BIN,,0x0033C7D8,battle_actor_class_0,STRONG,"BATTLE cue mapper; decoded VoiceCueEntry {cue, variant_count, sample_id[]}"
0x8C,4002,0,0,ユウキ,BATTLE.BIN,,0x0033C7D8,battle_actor_class_0,STRONG,"BATTLE cue mapper; decoded VoiceCueEntry {cue, variant_count, sample_id[]}"
0x8D,4002,0,0,ユウキ,BATTLE.BIN,,0x0033C7D8,battle_actor_class_0,STRONG,"BATTLE cue mapper; decoded VoiceCueEntry {cue, variant_count, sample_id[]}"
0x8E,4002,0,0,ユウキ,BATTLE.BIN,,0x0033C7D8,battle_actor_class_0,STRONG,"BATTLE cue mapper; decoded VoiceCueEntry {cue, variant_count, sample_id[]}"
0x8E,4000,1,0,ユウキ,BATTLE.BIN,,0x0033C7D8,battle_actor_class_0,STRONG,"BATTLE cue mapper; decoded VoiceCueEntry {cue, variant_count, sample_id[]}"
0x8F,4002,0,0,ユウキ,BATTLE.BIN,,0x0033C7D8,battle_actor_class_0,STRONG,"BATTLE cue mapper; decoded VoiceCueEntry {cue, variant_count, sample_id[]}"
0x8F,4000,1,0,ユウキ,BATTLE.BIN,,0x0033C7D8,battle_actor_class_0,STRONG,"BATTLE cue mapper; decoded VoiceCueEntry {cue, variant_count, sample_id[]}"
0x90,4002,0,0,ユウキ,BATTLE.BIN,,0x0033C7D8,battle_actor_class_0,STRONG,"BATTLE cue mapper; decoded VoiceCueEntry {cue, variant_count, sample_id[]}"
0x90,4000,1,0,ユウキ,BATTLE.BIN,,0x0033C7D8,battle_actor_class_0,STRONG,"BATTLE cue mapper; decoded VoiceCueEntry {cue, variant_count, sample_id[]}"
0x91,4002,0,0,ユウキ,BATTLE.BIN,,0x0033C7D8,battle_actor_class_0,STRONG,"BATTLE cue mapper; decoded VoiceCueEntry {cue, variant_count, sample_id[]}"
0x91,4000,1,0,ユウキ,BATTLE.BIN,,0x0033C7D8,battle_actor_class_0,STRONG,"BATTLE cue mapper; decoded VoiceCueEntry {cue, variant_count, sample_id[]}"
0x92,4002,0,0,ユウキ,BATTLE.BIN,,0x0033C7D8,battle_actor_class_0,STRONG,"BATTLE cue mapper; decoded VoiceCueEntry {cue, variant_count, sample_id[]}"
0x92,4000,1,0,ユウキ,BATTLE.BIN,,0x0033C7D8,battle_actor_class_0,STRONG,"BATTLE cue mapper; decoded VoiceCueEntry {cue, variant_count, sample_id[]}"
0x93,4002,0,0,ユウキ,BATTLE.BIN,,0x0033C7D8,battle_actor_class_0,STRONG,"BATTLE cue mapper; decoded VoiceCueEntry {cue, variant_count, sample_id[]}"
0x93,4000,1,0,ユウキ,BATTLE.BIN,,0x0033C7D8,battle_actor_class_0,STRONG,"BATTLE cue mapper; decoded VoiceCueEntry {cue, variant_count, sample_id[]}"
0x94,4000,0,0,ユウキ,BATTLE.BIN,,0x0033C7D8,battle_actor_class_0,STRONG,"BATTLE cue mapper; decoded VoiceCueEntry {cue, variant_count, sample_id[]}"
0x94,4002,1,0,ユウキ,BATTLE.BIN,,0x0033C7D8,battle_actor_class_0,STRONG,"BATTLE cue mapper; decoded VoiceCueEntry {cue, variant_count, sample_id[]}"
0x95,4000,0,0,ユウキ,BATTLE.BIN,,0x0033C7D8,battle_actor_class_0,STRONG,"BATTLE cue mapper; decoded VoiceCueEntry {cue, variant_count, sample_id[]}"
0x96,4000,0,0,ユウキ,BATTLE.BIN,,0x0033C7D8,battle_actor_class_0,STRONG,"BATTLE cue mapper; decoded VoiceCueEntry {cue, variant_count, sample_id[]}"
0x98,4000,0,0,ユウキ,BATTLE.BIN,,0x0033C7D8,battle_actor_class_0,STRONG,"BATTLE cue mapper; decoded VoiceCueEntry {cue, variant_count, sample_id[]}"
0x99,4000,0,0,ユウキ,BATTLE.BIN,,0x0033C7D8,battle_actor_class_0,STRONG,"BATTLE cue mapper; decoded VoiceCueEntry {cue, variant_count, sample_id[]}"
0x9A,4008,0,0,ユウキ,BATTLE.BIN,,0x0033C7D8,battle_actor_class_0,STRONG,"BATTLE cue mapper; decoded VoiceCueEntry {cue, variant_count, sample_id[]}"
0x9B,4008,0,0,ユウキ,BATTLE.BIN,,0x0033C7D8,battle_actor_class_0,STRONG,"BATTLE cue mapper; decoded VoiceCueEntry {cue, variant_count, sample_id[]}"
0x9C,4008,0,0,ユウキ,BATTLE.BIN,,0x0033C7D8,battle_actor_class_0,STRONG,"BATTLE cue mapper; decoded VoiceCueEntry {cue, variant_count, sample_id[]}"
0x9D,4008,0,0,ユウキ,BATTLE.BIN,,0x0033C7D8,battle_actor_class_0,STRONG,"BATTLE cue mapper; decoded VoiceCueEntry {cue, variant_count, sample_id[]}"
0x9E,4000,0,0,ユウキ,BATTLE.BIN,,0x0033C7D8,battle_actor_class_0,STRONG,"BATTLE cue mapper; decoded VoiceCueEntry {cue, variant_count, sample_id[]}"
0x9E,4002,1,0,ユウキ,BATTLE.BIN,,0x0033C7D8,battle_actor_class_0,STRONG,"BATTLE cue mapper; decoded VoiceCueEntry {cue, variant_count, sample_id[]}"
0x9F,4000,0,0,ユウキ,BATTLE.BIN,,0x0033C7D8,battle_actor_class_0,STRONG,"BATTLE cue mapper; decoded VoiceCueEntry {cue, variant_count, sample_id[]}"
0x9F,4002,1,0,ユウキ,BATTLE.BIN,,0x0033C7D8,battle_actor_class_0,STRONG,"BATTLE cue mapper; decoded VoiceCueEntry {cue, variant_count, sample_id[]}"
0xA0,4006,0,0,ユウキ,BATTLE.BIN,,0x0033C7D8,battle_actor_class_0,STRONG,"BATTLE cue mapper; decoded VoiceCueEntry {cue, variant_count, sample_id[]}"
0xA0,4008,1,0,ユウキ,BATTLE.BIN,,0x0033C7D8,battle_actor_class_0,STRONG,"BATTLE cue mapper; decoded VoiceCueEntry {cue, variant_count, sample_id[]}"
0xA1,4006,0,0,ユウキ,BATTLE.BIN,,0x0033C7D8,battle_actor_class_0,STRONG,"BATTLE cue mapper; decoded VoiceCueEntry {cue, variant_count, sample_id[]}"
0xA1,4068,1,0,ユウキ,BATTLE.BIN,,0x0033C7D8,battle_actor_class_0,STRONG,"BATTLE cue mapper; decoded VoiceCueEntry {cue, variant_count, sample_id[]}"
0xA2,4000,0,0,ユウキ,BATTLE.BIN,,0x0033C7D8,battle_actor_class_0,STRONG,"BATTLE cue mapper; decoded VoiceCueEntry {cue, variant_count, sample_id[]}"
0xA2,4002,1,0,ユウキ,BATTLE.BIN,,0x0033C7D8,battle_actor_class_0,STRONG,"BATTLE cue mapper; decoded VoiceCueEntry {cue, variant_count, sample_id[]}"
0xA3,4000,0,0,ユウキ,BATTLE.BIN,,0x0033C7D8,battle_actor_class_0,STRONG,"BATTLE cue mapper; decoded VoiceCueEntry {cue, variant_count, sample_id[]}"
0xA3,4002,1,0,ユウキ,BATTLE.BIN,,0x0033C7D8,battle_actor_class_0,STRONG,"BATTLE cue mapper; decoded VoiceCueEntry {cue, variant_count, sample_id[]}"
0xC8,4004,0,0,ユウキ,BATTLE.BIN,,0x0033C7D8,battle_actor_class_0,STRONG,"BATTLE cue mapper; decoded VoiceCueEntry {cue, variant_count, sample_id[]}"
0xC9,4092,0,0,ユウキ,BATTLE.BIN,,0x0033C7D8,battle_actor_class_0,STRONG,"BATTLE cue mapper; decoded VoiceCueEntry {cue, variant_count, sample_id[]}"
0xCA,4094,0,0,ユウキ,BATTLE.BIN,,0x0033C7D8,battle_actor_class_0,STRONG,"BATTLE cue mapper; decoded VoiceCueEntry {cue, variant_count, sample_id[]}"
0xCB,4096,0,0,ユウキ,BATTLE.BIN,,0x0033C7D8,battle_actor_class_0,STRONG,"BATTLE cue mapper; decoded VoiceCueEntry {cue, variant_count, sample_id[]}"
0xCC,4098,0,0,ユウキ,BATTLE.BIN,,0x0033C7D8,battle_actor_class_0,STRONG,"BATTLE cue mapper; decoded VoiceCueEntry {cue, variant_count, sample_id[]}"
0xCD,4100,0,0,ユウキ,BATTLE.BIN,,0x0033C7D8,battle_actor_class_0,STRONG,"BATTLE cue mapper; decoded VoiceCueEntry {cue, variant_count, sample_id[]}"
0xCE,4986,0,0,ユウキ,BATTLE.BIN,,0x0033C7D8,battle_actor_class_0,STRONG,"BATTLE cue mapper; decoded VoiceCueEntry {cue, variant_count, sample_id[]}"
0xCF,4102,0,0,ユウキ,BATTLE.BIN,,0x0033C7D8,battle_actor_class_0,STRONG,"BATTLE cue mapper; decoded VoiceCueEntry {cue, variant_count, sample_id[]}"
0xD0,4104,0,0,ユウキ,BATTLE.BIN,,0x0033C7D8,battle_actor_class_0,STRONG,"BATTLE cue mapper; decoded VoiceCueEntry {cue, variant_count, sample_id[]}"
0xD1,4066,0,0,ユウキ,BATTLE.BIN,,0x0033C7D8,battle_actor_class_0,STRONG,"BATTLE cue mapper; decoded VoiceCueEntry {cue, variant_count, sample_id[]}"
0xD2,4066,0,0,ユウキ,BATTLE.BIN,,0x0033C7D8,battle_actor_class_0,STRONG,"BATTLE cue mapper; decoded VoiceCueEntry {cue, variant_count, sample_id[]}"
0xD3,4062,0,0,ユウキ,BATTLE.BIN,,0x0033C7D8,battle_actor_class_0,STRONG,"BATTLE cue mapper; decoded VoiceCueEntry {cue, variant_count, sample_id[]}"
0xD4,4062,0,0,ユウキ,BATTLE.BIN,,0x0033C7D8,battle_actor_class_0,STRONG,"BATTLE cue mapper; decoded VoiceCueEntry {cue, variant_count, sample_id[]}"
0xD5,4062,0,0,ユウキ,BATTLE.BIN,,0x0033C7D8,battle_actor_class_0,STRONG,"BATTLE cue mapper; decoded VoiceCueEntry {cue, variant_count, sample_id[]}"
0x01,4122,0,1,アルフィナ,BATTLE.BIN,,0x0033C7D8,battle_actor_class_1,STRONG,"BATTLE cue mapper; decoded VoiceCueEntry {cue, variant_count, sample_id[]}"
0x02,4124,0,1,アルフィナ,BATTLE.BIN,,0x0033C7D8,battle_actor_class_1,STRONG,"BATTLE cue mapper; decoded VoiceCueEntry {cue, variant_count, sample_id[]}"
0x03,4128,0,1,アルフィナ,BATTLE.BIN,,0x0033C7D8,battle_actor_class_1,STRONG,"BATTLE cue mapper; decoded VoiceCueEntry {cue, variant_count, sample_id[]}"
0x04,4130,0,1,アルフィナ,BATTLE.BIN,,0x0033C7D8,battle_actor_class_1,STRONG,"BATTLE cue mapper; decoded VoiceCueEntry {cue, variant_count, sample_id[]}"
0x05,4126,0,1,アルフィナ,BATTLE.BIN,,0x0033C7D8,battle_actor_class_1,STRONG,"BATTLE cue mapper; decoded VoiceCueEntry {cue, variant_count, sample_id[]}"
0x05,4130,1,1,アルフィナ,BATTLE.BIN,,0x0033C7D8,battle_actor_class_1,STRONG,"BATTLE cue mapper; decoded VoiceCueEntry {cue, variant_count, sample_id[]}"
0x06,4130,0,1,アルフィナ,BATTLE.BIN,,0x0033C7D8,battle_actor_class_1,STRONG,"BATTLE cue mapper; decoded VoiceCueEntry {cue, variant_count, sample_id[]}"
0x07,4132,0,1,アルフィナ,BATTLE.BIN,,0x0033C7D8,battle_actor_class_1,STRONG,"BATTLE cue mapper; decoded VoiceCueEntry {cue, variant_count, sample_id[]}"
0x08,4138,0,1,アルフィナ,BATTLE.BIN,,0x0033C7D8,battle_actor_class_1,STRONG,"BATTLE cue mapper; decoded VoiceCueEntry {cue, variant_count, sample_id[]}"
0x09,4136,0,1,アルフィナ,BATTLE.BIN,,0x0033C7D8,battle_actor_class_1,STRONG,"BATTLE cue mapper; decoded VoiceCueEntry {cue, variant_count, sample_id[]}"
0x0A,4194,0,1,アルフィナ,BATTLE.BIN,,0x0033C7D8,battle_actor_class_1,STRONG,"BATTLE cue mapper; decoded VoiceCueEntry {cue, variant_count, sample_id[]}"
0x0B,4140,0,1,アルフィナ,BATTLE.BIN,,0x0033C7D8,battle_actor_class_1,STRONG,"BATTLE cue mapper; decoded VoiceCueEntry {cue, variant_count, sample_id[]}"
0x0B,4142,1,1,アルフィナ,BATTLE.BIN,,0x0033C7D8,battle_actor_class_1,STRONG,"BATTLE cue mapper; decoded VoiceCueEntry {cue, variant_count, sample_id[]}"
0x0C,4142,0,1,アルフィナ,BATTLE.BIN,,0x0033C7D8,battle_actor_class_1,STRONG,"BATTLE cue mapper; decoded VoiceCueEntry {cue, variant_count, sample_id[]}"
0x0D,4144,0,1,アルフィナ,BATTLE.BIN,,0x0033C7D8,battle_actor_class_1,STRONG,"BATTLE cue mapper; decoded VoiceCueEntry {cue, variant_count, sample_id[]}"
0x0E,4186,0,1,アルフィナ,BATTLE.BIN,,0x0033C7D8,battle_actor_class_1,STRONG,"BATTLE cue mapper; decoded VoiceCueEntry {cue, variant_count, sample_id[]}"
0x0F,4146,0,1,アルフィナ,BATTLE.BIN,,0x0033C7D8,battle_actor_class_1,STRONG,"BATTLE cue mapper; decoded VoiceCueEntry {cue, variant_count, sample_id[]}"
0x10,4174,0,1,アルフィナ,BATTLE.BIN,,0x0033C7D8,battle_actor_class_1,STRONG,"BATTLE cue mapper; decoded VoiceCueEntry {cue, variant_count, sample_id[]}"
0x11,4174,0,1,アルフィナ,BATTLE.BIN,,0x0033C7D8,battle_actor_class_1,STRONG,"BATTLE cue mapper; decoded VoiceCueEntry {cue, variant_count, sample_id[]}"
0x12,4200,0,1,アルフィナ,BATTLE.BIN,,0x0033C7D8,battle_actor_class_1,STRONG,"BATTLE cue mapper; decoded VoiceCueEntry {cue, variant_count, sample_id[]}"
0x13,4198,0,1,アルフィナ,BATTLE.BIN,,0x0033C7D8,battle_actor_class_1,STRONG,"BATTLE cue mapper; decoded VoiceCueEntry {cue, variant_count, sample_id[]}"
0x14,4192,0,1,アルフィナ,BATTLE.BIN,,0x0033C7D8,battle_actor_class_1,STRONG,"BATTLE cue mapper; decoded VoiceCueEntry {cue, variant_count, sample_id[]}"
0x15,4188,0,1,アルフィナ,BATTLE.BIN,,0x0033C7D8,battle_actor_class_1,STRONG,"BATTLE cue mapper; decoded VoiceCueEntry {cue, variant_count, sample_id[]}"
0x16,4148,0,1,アルフィナ,BATTLE.BIN,,0x0033C7D8,battle_actor_class_1,STRONG,"BATTLE cue mapper; decoded VoiceCueEntry {cue, variant_count, sample_id[]}"
0x16,4152,1,1,アルフィナ,BATTLE.BIN,,0x0033C7D8,battle_actor_class_1,STRONG,"BATTLE cue mapper; decoded VoiceCueEntry {cue, variant_count, sample_id[]}"
0x17,4150,0,1,アルフィナ,BATTLE.BIN,,0x0033C7D8,battle_actor_class_1,STRONG,"BATTLE cue mapper; decoded VoiceCueEntry {cue, variant_count, sample_id[]}"
0x17,4152,1,1,アルフィナ,BATTLE.BIN,,0x0033C7D8,battle_actor_class_1,STRONG,"BATTLE cue mapper; decoded VoiceCueEntry {cue, variant_count, sample_id[]}"
0x18,4152,0,1,アルフィナ,BATTLE.BIN,,0x0033C7D8,battle_actor_class_1,STRONG,"BATTLE cue mapper; decoded VoiceCueEntry {cue, variant_count, sample_id[]}"
0x19,4154,0,1,アルフィナ,BATTLE.BIN,,0x0033C7D8,battle_actor_class_1,STRONG,"BATTLE cue mapper; decoded VoiceCueEntry {cue, variant_count, sample_id[]}"
0x1A,4170,0,1,アルフィナ,BATTLE.BIN,,0x0033C7D8,battle_actor_class_1,STRONG,"BATTLE cue mapper; decoded VoiceCueEntry {cue, variant_count, sample_id[]}"
0x1B,4170,0,1,アルフィナ,BATTLE.BIN,,0x0033C7D8,battle_actor_class_1,STRONG,"BATTLE cue mapper; decoded VoiceCueEntry {cue, variant_count, sample_id[]}"
0x1C,4170,0,1,アルフィナ,BATTLE.BIN,,0x0033C7D8,battle_actor_class_1,STRONG,"BATTLE cue mapper; decoded VoiceCueEntry {cue, variant_count, sample_id[]}"
0x1D,4178,0,1,アルフィナ,BATTLE.BIN,,0x0033C7D8,battle_actor_class_1,STRONG,"BATTLE cue mapper; decoded VoiceCueEntry {cue, variant_count, sample_id[]}"
0x1E,4178,0,1,アルフィナ,BATTLE.BIN,,0x0033C7D8,battle_actor_class_1,STRONG,"BATTLE cue mapper; decoded VoiceCueEntry {cue, variant_count, sample_id[]}"
0x1F,4184,0,1,アルフィナ,BATTLE.BIN,,0x0033C7D8,battle_actor_class_1,STRONG,"BATTLE cue mapper; decoded VoiceCueEntry {cue, variant_count, sample_id[]}"
0x20,4156,0,1,アルフィナ,BATTLE.BIN,,0x0033C7D8,battle_actor_class_1,STRONG,"BATTLE cue mapper; decoded VoiceCueEntry {cue, variant_count, sample_id[]}"
0x21,4158,0,1,アルフィナ,BATTLE.BIN,,0x0033C7D8,battle_actor_class_1,STRONG,"BATTLE cue mapper; decoded VoiceCueEntry {cue, variant_count, sample_id[]}"
0x22,4162,0,1,アルフィナ,BATTLE.BIN,,0x0033C7D8,battle_actor_class_1,STRONG,"BATTLE cue mapper; decoded VoiceCueEntry {cue, variant_count, sample_id[]}"
0x23,4160,0,1,アルフィナ,BATTLE.BIN,,0x0033C7D8,battle_actor_class_1,STRONG,"BATTLE cue mapper; decoded VoiceCueEntry {cue, variant_count, sample_id[]}"
0x24,4164,0,1,アルフィナ,BATTLE.BIN,,0x0033C7D8,battle_actor_class_1,STRONG,"BATTLE cue mapper; decoded VoiceCueEntry {cue, variant_count, sample_id[]}"
0x24,4160,1,1,アルフィナ,BATTLE.BIN,,0x0033C7D8,battle_actor_class_1,STRONG,"BATTLE cue mapper; decoded VoiceCueEntry {cue, variant_count, sample_id[]}"
0x25,4166,0,1,アルフィナ,BATTLE.BIN,,0x0033C7D8,battle_actor_class_1,STRONG,"BATTLE cue mapper; decoded VoiceCueEntry {cue, variant_count, sample_id[]}"
0x26,4168,0,1,アルフィナ,BATTLE.BIN,,0x0033C7D8,battle_actor_class_1,STRONG,"BATTLE cue mapper; decoded VoiceCueEntry {cue, variant_count, sample_id[]}"
0x27,4196,0,1,アルフィナ,BATTLE.BIN,,0x0033C7D8,battle_actor_class_1,STRONG,"BATTLE cue mapper; decoded VoiceCueEntry {cue, variant_count, sample_id[]}"
0x28,4182,0,1,アルフィナ,BATTLE.BIN,,0x0033C7D8,battle_actor_class_1,STRONG,"BATTLE cue mapper; decoded VoiceCueEntry {cue, variant_count, sample_id[]}"
0x29,4180,0,1,アルフィナ,BATTLE.BIN,,0x0033C7D8,battle_actor_class_1,STRONG,"BATTLE cue mapper; decoded VoiceCueEntry {cue, variant_count, sample_id[]}"
0x2A,4190,0,1,アルフィナ,BATTLE.BIN,,0x0033C7D8,battle_actor_class_1,STRONG,"BATTLE cue mapper; decoded VoiceCueEntry {cue, variant_count, sample_id[]}"
0x65,4116,0,1,アルフィナ,BATTLE.BIN,,0x0033C7D8,battle_actor_class_1,STRONG,"BATTLE cue mapper; decoded VoiceCueEntry {cue, variant_count, sample_id[]}"
0x66,4116,0,1,アルフィナ,BATTLE.BIN,,0x0033C7D8,battle_actor_class_1,STRONG,"BATTLE cue mapper; decoded VoiceCueEntry {cue, variant_count, sample_id[]}"
0x67,4116,0,1,アルフィナ,BATTLE.BIN,,0x0033C7D8,battle_actor_class_1,STRONG,"BATTLE cue mapper; decoded VoiceCueEntry {cue, variant_count, sample_id[]}"
0x68,4116,0,1,アルフィナ,BATTLE.BIN,,0x0033C7D8,battle_actor_class_1,STRONG,"BATTLE cue mapper; decoded VoiceCueEntry {cue, variant_count, sample_id[]}"
0x69,4116,0,1,アルフィナ,BATTLE.BIN,,0x0033C7D8,battle_actor_class_1,STRONG,"BATTLE cue mapper; decoded VoiceCueEntry {cue, variant_count, sample_id[]}"
0x6A,4116,0,1,アルフィナ,BATTLE.BIN,,0x0033C7D8,battle_actor_class_1,STRONG,"BATTLE cue mapper; decoded VoiceCueEntry {cue, variant_count, sample_id[]}"
0x6B,4116,0,1,アルフィナ,BATTLE.BIN,,0x0033C7D8,battle_actor_class_1,STRONG,"BATTLE cue mapper; decoded VoiceCueEntry {cue, variant_count, sample_id[]}"
0x6C,4116,0,1,アルフィナ,BATTLE.BIN,,0x0033C7D8,battle_actor_class_1,STRONG,"BATTLE cue mapper; decoded VoiceCueEntry {cue, variant_count, sample_id[]}"
0x6D,4116,0,1,アルフィナ,BATTLE.BIN,,0x0033C7D8,battle_actor_class_1,STRONG,"BATTLE cue mapper; decoded VoiceCueEntry {cue, variant_count, sample_id[]}"
0x6E,4116,0,1,アルフィナ,BATTLE.BIN,,0x0033C7D8,battle_actor_class_1,STRONG,"BATTLE cue mapper; decoded VoiceCueEntry {cue, variant_count, sample_id[]}"
0x6F,4116,0,1,アルフィナ,BATTLE.BIN,,0x0033C7D8,battle_actor_class_1,STRONG,"BATTLE cue mapper; decoded VoiceCueEntry {cue, variant_count, sample_id[]}"
0x70,4116,0,1,アルフィナ,BATTLE.BIN,,0x0033C7D8,battle_actor_class_1,STRONG,"BATTLE cue mapper; decoded VoiceCueEntry {cue, variant_count, sample_id[]}"
0x71,4116,0,1,アルフィナ,BATTLE.BIN,,0x0033C7D8,battle_actor_class_1,STRONG,"BATTLE cue mapper; decoded VoiceCueEntry {cue, variant_count, sample_id[]}"
0x71,4118,1,1,アルフィナ,BATTLE.BIN,,0x0033C7D8,battle_actor_class_1,STRONG,"BATTLE cue mapper; decoded VoiceCueEntry {cue, variant_count, sample_id[]}"
0x72,4116,0,1,アルフィナ,BATTLE.BIN,,0x0033C7D8,battle_actor_class_1,STRONG,"BATTLE cue mapper; decoded VoiceCueEntry {cue, variant_count, sample_id[]}"
0x72,4118,1,1,アルフィナ,BATTLE.BIN,,0x0033C7D8,battle_actor_class_1,STRONG,"BATTLE cue mapper; decoded VoiceCueEntry {cue, variant_count, sample_id[]}"
0x73,4116,0,1,アルフィナ,BATTLE.BIN,,0x0033C7D8,battle_actor_class_1,STRONG,"BATTLE cue mapper; decoded VoiceCueEntry {cue, variant_count, sample_id[]}"
0x73,4118,1,1,アルフィナ,BATTLE.BIN,,0x0033C7D8,battle_actor_class_1,STRONG,"BATTLE cue mapper; decoded VoiceCueEntry {cue, variant_count, sample_id[]}"
0x74,4116,0,1,アルフィナ,BATTLE.BIN,,0x0033C7D8,battle_actor_class_1,STRONG,"BATTLE cue mapper; decoded VoiceCueEntry {cue, variant_count, sample_id[]}"
0x74,4118,1,1,アルフィナ,BATTLE.BIN,,0x0033C7D8,battle_actor_class_1,STRONG,"BATTLE cue mapper; decoded VoiceCueEntry {cue, variant_count, sample_id[]}"
0x75,4116,0,1,アルフィナ,BATTLE.BIN,,0x0033C7D8,battle_actor_class_1,STRONG,"BATTLE cue mapper; decoded VoiceCueEntry {cue, variant_count, sample_id[]}"
0x75,4118,1,1,アルフィナ,BATTLE.BIN,,0x0033C7D8,battle_actor_class_1,STRONG,"BATTLE cue mapper; decoded VoiceCueEntry {cue, variant_count, sample_id[]}"
0x76,4116,0,1,アルフィナ,BATTLE.BIN,,0x0033C7D8,battle_actor_class_1,STRONG,"BATTLE cue mapper; decoded VoiceCueEntry {cue, variant_count, sample_id[]}"
0x76,4118,1,1,アルフィナ,BATTLE.BIN,,0x0033C7D8,battle_actor_class_1,STRONG,"BATTLE cue mapper; decoded VoiceCueEntry {cue, variant_count, sample_id[]}"
0x77,4116,0,1,アルフィナ,BATTLE.BIN,,0x0033C7D8,battle_actor_class_1,STRONG,"BATTLE cue mapper; decoded VoiceCueEntry {cue, variant_count, sample_id[]}"
0x77,4118,1,1,アルフィナ,BATTLE.BIN,,0x0033C7D8,battle_actor_class_1,STRONG,"BATTLE cue mapper; decoded VoiceCueEntry {cue, variant_count, sample_id[]}"
0x78,4120,0,1,アルフィナ,BATTLE.BIN,,0x0033C7D8,battle_actor_class_1,STRONG,"BATTLE cue mapper; decoded VoiceCueEntry {cue, variant_count, sample_id[]}"
0x79,4120,0,1,アルフィナ,BATTLE.BIN,,0x0033C7D8,battle_actor_class_1,STRONG,"BATTLE cue mapper; decoded VoiceCueEntry {cue, variant_count, sample_id[]}"
0x7A,4120,0,1,アルフィナ,BATTLE.BIN,,0x0033C7D8,battle_actor_class_1,STRONG,"BATTLE cue mapper; decoded VoiceCueEntry {cue, variant_count, sample_id[]}"
0x7B,4120,0,1,アルフィナ,BATTLE.BIN,,0x0033C7D8,battle_actor_class_1,STRONG,"BATTLE cue mapper; decoded VoiceCueEntry {cue, variant_count, sample_id[]}"
0x7C,4116,0,1,アルフィナ,BATTLE.BIN,,0x0033C7D8,battle_actor_class_1,STRONG,"BATTLE cue mapper; decoded VoiceCueEntry {cue, variant_count, sample_id[]}"
0x7C,4118,1,1,アルフィナ,BATTLE.BIN,,0x0033C7D8,battle_actor_class_1,STRONG,"BATTLE cue mapper; decoded VoiceCueEntry {cue, variant_count, sample_id[]}"
0x7D,4116,0,1,アルフィナ,BATTLE.BIN,,0x0033C7D8,battle_actor_class_1,STRONG,"BATTLE cue mapper; decoded VoiceCueEntry {cue, variant_count, sample_id[]}"
0x7D,4118,1,1,アルフィナ,BATTLE.BIN,,0x0033C7D8,battle_actor_class_1,STRONG,"BATTLE cue mapper; decoded VoiceCueEntry {cue, variant_count, sample_id[]}"
0x7E,4116,0,1,アルフィナ,BATTLE.BIN,,0x0033C7D8,battle_actor_class_1,STRONG,"BATTLE cue mapper; decoded VoiceCueEntry {cue, variant_count, sample_id[]}"
0x7E,4118,1,1,アルフィナ,BATTLE.BIN,,0x0033C7D8,battle_actor_class_1,STRONG,"BATTLE cue mapper; decoded VoiceCueEntry {cue, variant_count, sample_id[]}"
0x7F,4116,0,1,アルフィナ,BATTLE.BIN,,0x0033C7D8,battle_actor_class_1,STRONG,"BATTLE cue mapper; decoded VoiceCueEntry {cue, variant_count, sample_id[]}"
0x7F,4118,1,1,アルフィナ,BATTLE.BIN,,0x0033C7D8,battle_actor_class_1,STRONG,"BATTLE cue mapper; decoded VoiceCueEntry {cue, variant_count, sample_id[]}"
0x80,4116,0,1,アルフィナ,BATTLE.BIN,,0x0033C7D8,battle_actor_class_1,STRONG,"BATTLE cue mapper; decoded VoiceCueEntry {cue, variant_count, sample_id[]}"
0x80,4118,1,1,アルフィナ,BATTLE.BIN,,0x0033C7D8,battle_actor_class_1,STRONG,"BATTLE cue mapper; decoded VoiceCueEntry {cue, variant_count, sample_id[]}"
0x81,4116,0,1,アルフィナ,BATTLE.BIN,,0x0033C7D8,battle_actor_class_1,STRONG,"BATTLE cue mapper; decoded VoiceCueEntry {cue, variant_count, sample_id[]}"
0x81,4118,1,1,アルフィナ,BATTLE.BIN,,0x0033C7D8,battle_actor_class_1,STRONG,"BATTLE cue mapper; decoded VoiceCueEntry {cue, variant_count, sample_id[]}"
0x82,4118,0,1,アルフィナ,BATTLE.BIN,,0x0033C7D8,battle_actor_class_1,STRONG,"BATTLE cue mapper; decoded VoiceCueEntry {cue, variant_count, sample_id[]}"
0x82,4116,1,1,アルフィナ,BATTLE.BIN,,0x0033C7D8,battle_actor_class_1,STRONG,"BATTLE cue mapper; decoded VoiceCueEntry {cue, variant_count, sample_id[]}"
0x83,4118,0,1,アルフィナ,BATTLE.BIN,,0x0033C7D8,battle_actor_class_1,STRONG,"BATTLE cue mapper; decoded VoiceCueEntry {cue, variant_count, sample_id[]}"
0x83,4116,1,1,アルフィナ,BATTLE.BIN,,0x0033C7D8,battle_actor_class_1,STRONG,"BATTLE cue mapper; decoded VoiceCueEntry {cue, variant_count, sample_id[]}"
0x84,4118,0,1,アルフィナ,BATTLE.BIN,,0x0033C7D8,battle_actor_class_1,STRONG,"BATTLE cue mapper; decoded VoiceCueEntry {cue, variant_count, sample_id[]}"
0x84,4116,1,1,アルフィナ,BATTLE.BIN,,0x0033C7D8,battle_actor_class_1,STRONG,"BATTLE cue mapper; decoded VoiceCueEntry {cue, variant_count, sample_id[]}"
0x85,4118,0,1,アルフィナ,BATTLE.BIN,,0x0033C7D8,battle_actor_class_1,STRONG,"BATTLE cue mapper; decoded VoiceCueEntry {cue, variant_count, sample_id[]}"
0x85,4116,1,1,アルフィナ,BATTLE.BIN,,0x0033C7D8,battle_actor_class_1,STRONG,"BATTLE cue mapper; decoded VoiceCueEntry {cue, variant_count, sample_id[]}"
0x86,4118,0,1,アルフィナ,BATTLE.BIN,,0x0033C7D8,battle_actor_class_1,STRONG,"BATTLE cue mapper; decoded VoiceCueEntry {cue, variant_count, sample_id[]}"
0x86,4116,1,1,アルフィナ,BATTLE.BIN,,0x0033C7D8,battle_actor_class_1,STRONG,"BATTLE cue mapper; decoded VoiceCueEntry {cue, variant_count, sample_id[]}"
0x87,4118,0,1,アルフィナ,BATTLE.BIN,,0x0033C7D8,battle_actor_class_1,STRONG,"BATTLE cue mapper; decoded VoiceCueEntry {cue, variant_count, sample_id[]}"
0x87,4116,1,1,アルフィナ,BATTLE.BIN,,0x0033C7D8,battle_actor_class_1,STRONG,"BATTLE cue mapper; decoded VoiceCueEntry {cue, variant_count, sample_id[]}"
0x88,4118,0,1,アルフィナ,BATTLE.BIN,,0x0033C7D8,battle_actor_class_1,STRONG,"BATTLE cue mapper; decoded VoiceCueEntry {cue, variant_count, sample_id[]}"
0x88,4116,1,1,アルフィナ,BATTLE.BIN,,0x0033C7D8,battle_actor_class_1,STRONG,"BATTLE cue mapper; decoded VoiceCueEntry {cue, variant_count, sample_id[]}"
0x89,4110,0,1,アルフィナ,BATTLE.BIN,,0x0033C7D8,battle_actor_class_1,STRONG,"BATTLE cue mapper; decoded VoiceCueEntry {cue, variant_count, sample_id[]}"
0x89,4112,1,1,アルフィナ,BATTLE.BIN,,0x0033C7D8,battle_actor_class_1,STRONG,"BATTLE cue mapper; decoded VoiceCueEntry {cue, variant_count, sample_id[]}"
0x8A,4110,0,1,アルフィナ,BATTLE.BIN,,0x0033C7D8,battle_actor_class_1,STRONG,"BATTLE cue mapper; decoded VoiceCueEntry {cue, variant_count, sample_id[]}"
0x8A,4112,1,1,アルフィナ,BATTLE.BIN,,0x0033C7D8,battle_actor_class_1,STRONG,"BATTLE cue mapper; decoded VoiceCueEntry {cue, variant_count, sample_id[]}"
0x8B,4110,0,1,アルフィナ,BATTLE.BIN,,0x0033C7D8,battle_actor_class_1,STRONG,"BATTLE cue mapper; decoded VoiceCueEntry {cue, variant_count, sample_id[]}"
0x8B,4112,1,1,アルフィナ,BATTLE.BIN,,0x0033C7D8,battle_actor_class_1,STRONG,"BATTLE cue mapper; decoded VoiceCueEntry {cue, variant_count, sample_id[]}"
0x8C,4110,0,1,アルフィナ,BATTLE.BIN,,0x0033C7D8,battle_actor_class_1,STRONG,"BATTLE cue mapper; decoded VoiceCueEntry {cue, variant_count, sample_id[]}"
0x8C,4112,1,1,アルフィナ,BATTLE.BIN,,0x0033C7D8,battle_actor_class_1,STRONG,"BATTLE cue mapper; decoded VoiceCueEntry {cue, variant_count, sample_id[]}"
0x8D,4110,0,1,アルフィナ,BATTLE.BIN,,0x0033C7D8,battle_actor_class_1,STRONG,"BATTLE cue mapper; decoded VoiceCueEntry {cue, variant_count, sample_id[]}"
0x8D,4112,1,1,アルフィナ,BATTLE.BIN,,0x0033C7D8,battle_actor_class_1,STRONG,"BATTLE cue mapper; decoded VoiceCueEntry {cue, variant_count, sample_id[]}"
0x8E,4110,0,1,アルフィナ,BATTLE.BIN,,0x0033C7D8,battle_actor_class_1,STRONG,"BATTLE cue mapper; decoded VoiceCueEntry {cue, variant_count, sample_id[]}"
0x8E,4112,1,1,アルフィナ,BATTLE.BIN,,0x0033C7D8,battle_actor_class_1,STRONG,"BATTLE cue mapper; decoded VoiceCueEntry {cue, variant_count, sample_id[]}"
0x8F,4110,0,1,アルフィナ,BATTLE.BIN,,0x0033C7D8,battle_actor_class_1,STRONG,"BATTLE cue mapper; decoded VoiceCueEntry {cue, variant_count, sample_id[]}"
0x8F,4112,1,1,アルフィナ,BATTLE.BIN,,0x0033C7D8,battle_actor_class_1,STRONG,"BATTLE cue mapper; decoded VoiceCueEntry {cue, variant_count, sample_id[]}"
0x90,4110,0,1,アルフィナ,BATTLE.BIN,,0x0033C7D8,battle_actor_class_1,STRONG,"BATTLE cue mapper; decoded VoiceCueEntry {cue, variant_count, sample_id[]}"
0x90,4112,1,1,アルフィナ,BATTLE.BIN,,0x0033C7D8,battle_actor_class_1,STRONG,"BATTLE cue mapper; decoded VoiceCueEntry {cue, variant_count, sample_id[]}"
0x91,4110,0,1,アルフィナ,BATTLE.BIN,,0x0033C7D8,battle_actor_class_1,STRONG,"BATTLE cue mapper; decoded VoiceCueEntry {cue, variant_count, sample_id[]}"
0x91,4112,1,1,アルフィナ,BATTLE.BIN,,0x0033C7D8,battle_actor_class_1,STRONG,"BATTLE cue mapper; decoded VoiceCueEntry {cue, variant_count, sample_id[]}"
0x92,4110,0,1,アルフィナ,BATTLE.BIN,,0x0033C7D8,battle_actor_class_1,STRONG,"BATTLE cue mapper; decoded VoiceCueEntry {cue, variant_count, sample_id[]}"
0x92,4112,1,1,アルフィナ,BATTLE.BIN,,0x0033C7D8,battle_actor_class_1,STRONG,"BATTLE cue mapper; decoded VoiceCueEntry {cue, variant_count, sample_id[]}"
0x93,4110,0,1,アルフィナ,BATTLE.BIN,,0x0033C7D8,battle_actor_class_1,STRONG,"BATTLE cue mapper; decoded VoiceCueEntry {cue, variant_count, sample_id[]}"
0x93,4112,1,1,アルフィナ,BATTLE.BIN,,0x0033C7D8,battle_actor_class_1,STRONG,"BATTLE cue mapper; decoded VoiceCueEntry {cue, variant_count, sample_id[]}"
0x94,4106,0,1,アルフィナ,BATTLE.BIN,,0x0033C7D8,battle_actor_class_1,STRONG,"BATTLE cue mapper; decoded VoiceCueEntry {cue, variant_count, sample_id[]}"
0x94,4108,1,1,アルフィナ,BATTLE.BIN,,0x0033C7D8,battle_actor_class_1,STRONG,"BATTLE cue mapper; decoded VoiceCueEntry {cue, variant_count, sample_id[]}"
0x95,4106,0,1,アルフィナ,BATTLE.BIN,,0x0033C7D8,battle_actor_class_1,STRONG,"BATTLE cue mapper; decoded VoiceCueEntry {cue, variant_count, sample_id[]}"
0x95,4108,1,1,アルフィナ,BATTLE.BIN,,0x0033C7D8,battle_actor_class_1,STRONG,"BATTLE cue mapper; decoded VoiceCueEntry {cue, variant_count, sample_id[]}"
0x96,4106,0,1,アルフィナ,BATTLE.BIN,,0x0033C7D8,battle_actor_class_1,STRONG,"BATTLE cue mapper; decoded VoiceCueEntry {cue, variant_count, sample_id[]}"
0x96,4108,1,1,アルフィナ,BATTLE.BIN,,0x0033C7D8,battle_actor_class_1,STRONG,"BATTLE cue mapper; decoded VoiceCueEntry {cue, variant_count, sample_id[]}"
0x98,4106,0,1,アルフィナ,BATTLE.BIN,,0x0033C7D8,battle_actor_class_1,STRONG,"BATTLE cue mapper; decoded VoiceCueEntry {cue, variant_count, sample_id[]}"
0x98,4108,1,1,アルフィナ,BATTLE.BIN,,0x0033C7D8,battle_actor_class_1,STRONG,"BATTLE cue mapper; decoded VoiceCueEntry {cue, variant_count, sample_id[]}"
0x99,4106,0,1,アルフィナ,BATTLE.BIN,,0x0033C7D8,battle_actor_class_1,STRONG,"BATTLE cue mapper; decoded VoiceCueEntry {cue, variant_count, sample_id[]}"
0x99,4108,1,1,アルフィナ,BATTLE.BIN,,0x0033C7D8,battle_actor_class_1,STRONG,"BATTLE cue mapper; decoded VoiceCueEntry {cue, variant_count, sample_id[]}"
0x9A,4118,0,1,アルフィナ,BATTLE.BIN,,0x0033C7D8,battle_actor_class_1,STRONG,"BATTLE cue mapper; decoded VoiceCueEntry {cue, variant_count, sample_id[]}"
0x9B,4118,0,1,アルフィナ,BATTLE.BIN,,0x0033C7D8,battle_actor_class_1,STRONG,"BATTLE cue mapper; decoded VoiceCueEntry {cue, variant_count, sample_id[]}"
0x9C,4118,0,1,アルフィナ,BATTLE.BIN,,0x0033C7D8,battle_actor_class_1,STRONG,"BATTLE cue mapper; decoded VoiceCueEntry {cue, variant_count, sample_id[]}"
0x9D,4118,0,1,アルフィナ,BATTLE.BIN,,0x0033C7D8,battle_actor_class_1,STRONG,"BATTLE cue mapper; decoded VoiceCueEntry {cue, variant_count, sample_id[]}"
0x9E,4110,0,1,アルフィナ,BATTLE.BIN,,0x0033C7D8,battle_actor_class_1,STRONG,"BATTLE cue mapper; decoded VoiceCueEntry {cue, variant_count, sample_id[]}"
0x9E,4112,1,1,アルフィナ,BATTLE.BIN,,0x0033C7D8,battle_actor_class_1,STRONG,"BATTLE cue mapper; decoded VoiceCueEntry {cue, variant_count, sample_id[]}"
0x9F,4106,0,1,アルフィナ,BATTLE.BIN,,0x0033C7D8,battle_actor_class_1,STRONG,"BATTLE cue mapper; decoded VoiceCueEntry {cue, variant_count, sample_id[]}"
0x9F,4108,1,1,アルフィナ,BATTLE.BIN,,0x0033C7D8,battle_actor_class_1,STRONG,"BATTLE cue mapper; decoded VoiceCueEntry {cue, variant_count, sample_id[]}"
0xA0,4116,0,1,アルフィナ,BATTLE.BIN,,0x0033C7D8,battle_actor_class_1,STRONG,"BATTLE cue mapper; decoded VoiceCueEntry {cue, variant_count, sample_id[]}"
0xA0,4118,1,1,アルフィナ,BATTLE.BIN,,0x0033C7D8,battle_actor_class_1,STRONG,"BATTLE cue mapper; decoded VoiceCueEntry {cue, variant_count, sample_id[]}"
0xA1,4116,0,1,アルフィナ,BATTLE.BIN,,0x0033C7D8,battle_actor_class_1,STRONG,"BATTLE cue mapper; decoded VoiceCueEntry {cue, variant_count, sample_id[]}"
0xA1,4178,1,1,アルフィナ,BATTLE.BIN,,0x0033C7D8,battle_actor_class_1,STRONG,"BATTLE cue mapper; decoded VoiceCueEntry {cue, variant_count, sample_id[]}"
0xA2,4110,0,1,アルフィナ,BATTLE.BIN,,0x0033C7D8,battle_actor_class_1,STRONG,"BATTLE cue mapper; decoded VoiceCueEntry {cue, variant_count, sample_id[]}"
0xA2,4112,1,1,アルフィナ,BATTLE.BIN,,0x0033C7D8,battle_actor_class_1,STRONG,"BATTLE cue mapper; decoded VoiceCueEntry {cue, variant_count, sample_id[]}"
0xA3,4110,0,1,アルフィナ,BATTLE.BIN,,0x0033C7D8,battle_actor_class_1,STRONG,"BATTLE cue mapper; decoded VoiceCueEntry {cue, variant_count, sample_id[]}"
0xA3,4112,1,1,アルフィナ,BATTLE.BIN,,0x0033C7D8,battle_actor_class_1,STRONG,"BATTLE cue mapper; decoded VoiceCueEntry {cue, variant_count, sample_id[]}"
0xC8,4114,0,1,アルフィナ,BATTLE.BIN,,0x0033C7D8,battle_actor_class_1,STRONG,"BATTLE cue mapper; decoded VoiceCueEntry {cue, variant_count, sample_id[]}"
0xC9,4202,0,1,アルフィナ,BATTLE.BIN,,0x0033C7D8,battle_actor_class_1,STRONG,"BATTLE cue mapper; decoded VoiceCueEntry {cue, variant_count, sample_id[]}"
0xC9,4204,1,1,アルフィナ,BATTLE.BIN,,0x0033C7D8,battle_actor_class_1,STRONG,"BATTLE cue mapper; decoded VoiceCueEntry {cue, variant_count, sample_id[]}"
0xCA,4206,0,1,アルフィナ,BATTLE.BIN,,0x0033C7D8,battle_actor_class_1,STRONG,"BATTLE cue mapper; decoded VoiceCueEntry {cue, variant_count, sample_id[]}"
0xCA,4208,1,1,アルフィナ,BATTLE.BIN,,0x0033C7D8,battle_actor_class_1,STRONG,"BATTLE cue mapper; decoded VoiceCueEntry {cue, variant_count, sample_id[]}"
0xCB,4210,0,1,アルフィナ,BATTLE.BIN,,0x0033C7D8,battle_actor_class_1,STRONG,"BATTLE cue mapper; decoded VoiceCueEntry {cue, variant_count, sample_id[]}"
0xCC,4212,0,1,アルフィナ,BATTLE.BIN,,0x0033C7D8,battle_actor_class_1,STRONG,"BATTLE cue mapper; decoded VoiceCueEntry {cue, variant_count, sample_id[]}"
0xCD,4214,0,1,アルフィナ,BATTLE.BIN,,0x0033C7D8,battle_actor_class_1,STRONG,"BATTLE cue mapper; decoded VoiceCueEntry {cue, variant_count, sample_id[]}"
0xCE,4988,0,1,アルフィナ,BATTLE.BIN,,0x0033C7D8,battle_actor_class_1,STRONG,"BATTLE cue mapper; decoded VoiceCueEntry {cue, variant_count, sample_id[]}"
0xCF,4216,0,1,アルフィナ,BATTLE.BIN,,0x0033C7D8,battle_actor_class_1,STRONG,"BATTLE cue mapper; decoded VoiceCueEntry {cue, variant_count, sample_id[]}"
0xD0,4218,0,1,アルフィナ,BATTLE.BIN,,0x0033C7D8,battle_actor_class_1,STRONG,"BATTLE cue mapper; decoded VoiceCueEntry {cue, variant_count, sample_id[]}"
0xD1,4176,0,1,アルフィナ,BATTLE.BIN,,0x0033C7D8,battle_actor_class_1,STRONG,"BATTLE cue mapper; decoded VoiceCueEntry {cue, variant_count, sample_id[]}"
0xD2,4176,0,1,アルフィナ,BATTLE.BIN,,0x0033C7D8,battle_actor_class_1,STRONG,"BATTLE cue mapper; decoded VoiceCueEntry {cue, variant_count, sample_id[]}"
0xD3,4172,0,1,アルフィナ,BATTLE.BIN,,0x0033C7D8,battle_actor_class_1,STRONG,"BATTLE cue mapper; decoded VoiceCueEntry {cue, variant_count, sample_id[]}"
0xD4,4172,0,1,アルフィナ,BATTLE.BIN,,0x0033C7D8,battle_actor_class_1,STRONG,"BATTLE cue mapper; decoded VoiceCueEntry {cue, variant_count, sample_id[]}"
0xD5,4172,0,1,アルフィナ,BATTLE.BIN,,0x0033C7D8,battle_actor_class_1,STRONG,"BATTLE cue mapper; decoded VoiceCueEntry {cue, variant_count, sample_id[]}"
0x01,4242,0,2,ミランダ,BATTLE.BIN,,0x0033C7D8,battle_actor_class_2,STRONG,"BATTLE cue mapper; decoded VoiceCueEntry {cue, variant_count, sample_id[]}"
0x01,4244,1,2,ミランダ,BATTLE.BIN,,0x0033C7D8,battle_actor_class_2,STRONG,"BATTLE cue mapper; decoded VoiceCueEntry {cue, variant_count, sample_id[]}"
0x02,4246,0,2,ミランダ,BATTLE.BIN,,0x0033C7D8,battle_actor_class_2,STRONG,"BATTLE cue mapper; decoded VoiceCueEntry {cue, variant_count, sample_id[]}"
0x02,4248,1,2,ミランダ,BATTLE.BIN,,0x0033C7D8,battle_actor_class_2,STRONG,"BATTLE cue mapper; decoded VoiceCueEntry {cue, variant_count, sample_id[]}"
0x0B,4250,0,2,ミランダ,BATTLE.BIN,,0x0033C7D8,battle_actor_class_2,STRONG,"BATTLE cue mapper; decoded VoiceCueEntry {cue, variant_count, sample_id[]}"
0x0B,4252,1,2,ミランダ,BATTLE.BIN,,0x0033C7D8,battle_actor_class_2,STRONG,"BATTLE cue mapper; decoded VoiceCueEntry {cue, variant_count, sample_id[]}"
0x13,4272,0,2,ミランダ,BATTLE.BIN,,0x0033C7D8,battle_actor_class_2,STRONG,"BATTLE cue mapper; decoded VoiceCueEntry {cue, variant_count, sample_id[]}"
0x13,4274,1,2,ミランダ,BATTLE.BIN,,0x0033C7D8,battle_actor_class_2,STRONG,"BATTLE cue mapper; decoded VoiceCueEntry {cue, variant_count, sample_id[]}"
0x16,4254,0,2,ミランダ,BATTLE.BIN,,0x0033C7D8,battle_actor_class_2,STRONG,"BATTLE cue mapper; decoded VoiceCueEntry {cue, variant_count, sample_id[]}"
0x1A,4258,0,2,ミランダ,BATTLE.BIN,,0x0033C7D8,battle_actor_class_2,STRONG,"BATTLE cue mapper; decoded VoiceCueEntry {cue, variant_count, sample_id[]}"
0x1A,4260,1,2,ミランダ,BATTLE.BIN,,0x0033C7D8,battle_actor_class_2,STRONG,"BATTLE cue mapper; decoded VoiceCueEntry {cue, variant_count, sample_id[]}"
0x1B,4258,0,2,ミランダ,BATTLE.BIN,,0x0033C7D8,battle_actor_class_2,STRONG,"BATTLE cue mapper; decoded VoiceCueEntry {cue, variant_count, sample_id[]}"
0x1B,4260,1,2,ミランダ,BATTLE.BIN,,0x0033C7D8,battle_actor_class_2,STRONG,"BATTLE cue mapper; decoded VoiceCueEntry {cue, variant_count, sample_id[]}"
0x1C,4258,0,2,ミランダ,BATTLE.BIN,,0x0033C7D8,battle_actor_class_2,STRONG,"BATTLE cue mapper; decoded VoiceCueEntry {cue, variant_count, sample_id[]}"
0x1C,4260,1,2,ミランダ,BATTLE.BIN,,0x0033C7D8,battle_actor_class_2,STRONG,"BATTLE cue mapper; decoded VoiceCueEntry {cue, variant_count, sample_id[]}"
0x1D,4266,0,2,ミランダ,BATTLE.BIN,,0x0033C7D8,battle_actor_class_2,STRONG,"BATTLE cue mapper; decoded VoiceCueEntry {cue, variant_count, sample_id[]}"
0x1D,4268,1,2,ミランダ,BATTLE.BIN,,0x0033C7D8,battle_actor_class_2,STRONG,"BATTLE cue mapper; decoded VoiceCueEntry {cue, variant_count, sample_id[]}"
0x1E,4270,0,2,ミランダ,BATTLE.BIN,,0x0033C7D8,battle_actor_class_2,STRONG,"BATTLE cue mapper; decoded VoiceCueEntry {cue, variant_count, sample_id[]}"
0x1E,4266,1,2,ミランダ,BATTLE.BIN,,0x0033C7D8,battle_actor_class_2,STRONG,"BATTLE cue mapper; decoded VoiceCueEntry {cue, variant_count, sample_id[]}"
0x20,4256,0,2,ミランダ,BATTLE.BIN,,0x0033C7D8,battle_actor_class_2,STRONG,"BATTLE cue mapper; decoded VoiceCueEntry {cue, variant_count, sample_id[]}"
0x65,4230,0,2,ミランダ,BATTLE.BIN,,0x0033C7D8,battle_actor_class_2,STRONG,"BATTLE cue mapper; decoded VoiceCueEntry {cue, variant_count, sample_id[]}"
0x65,4232,1,2,ミランダ,BATTLE.BIN,,0x0033C7D8,battle_actor_class_2,STRONG,"BATTLE cue mapper; decoded VoiceCueEntry {cue, variant_count, sample_id[]}"
0x66,4230,0,2,ミランダ,BATTLE.BIN,,0x0033C7D8,battle_actor_class_2,STRONG,"BATTLE cue mapper; decoded VoiceCueEntry {cue, variant_count, sample_id[]}"
0x66,4232,1,2,ミランダ,BATTLE.BIN,,0x0033C7D8,battle_actor_class_2,STRONG,"BATTLE cue mapper; decoded VoiceCueEntry {cue, variant_count, sample_id[]}"
0x67,4230,0,2,ミランダ,BATTLE.BIN,,0x0033C7D8,battle_actor_class_2,STRONG,"BATTLE cue mapper; decoded VoiceCueEntry {cue, variant_count, sample_id[]}"
0x67,4232,1,2,ミランダ,BATTLE.BIN,,0x0033C7D8,battle_actor_class_2,STRONG,"BATTLE cue mapper; decoded VoiceCueEntry {cue, variant_count, sample_id[]}"
0x68,4230,0,2,ミランダ,BATTLE.BIN,,0x0033C7D8,battle_actor_class_2,STRONG,"BATTLE cue mapper; decoded VoiceCueEntry {cue, variant_count, sample_id[]}"
0x68,4232,1,2,ミランダ,BATTLE.BIN,,0x0033C7D8,battle_actor_class_2,STRONG,"BATTLE cue mapper; decoded VoiceCueEntry {cue, variant_count, sample_id[]}"
0x69,4230,0,2,ミランダ,BATTLE.BIN,,0x0033C7D8,battle_actor_class_2,STRONG,"BATTLE cue mapper; decoded VoiceCueEntry {cue, variant_count, sample_id[]}"
0x69,4232,1,2,ミランダ,BATTLE.BIN,,0x0033C7D8,battle_actor_class_2,STRONG,"BATTLE cue mapper; decoded VoiceCueEntry {cue, variant_count, sample_id[]}"
0x6A,4230,0,2,ミランダ,BATTLE.BIN,,0x0033C7D8,battle_actor_class_2,STRONG,"BATTLE cue mapper; decoded VoiceCueEntry {cue, variant_count, sample_id[]}"
0x6A,4232,1,2,ミランダ,BATTLE.BIN,,0x0033C7D8,battle_actor_class_2,STRONG,"BATTLE cue mapper; decoded VoiceCueEntry {cue, variant_count, sample_id[]}"
0x6B,4230,0,2,ミランダ,BATTLE.BIN,,0x0033C7D8,battle_actor_class_2,STRONG,"BATTLE cue mapper; decoded VoiceCueEntry {cue, variant_count, sample_id[]}"
0x6B,4232,1,2,ミランダ,BATTLE.BIN,,0x0033C7D8,battle_actor_class_2,STRONG,"BATTLE cue mapper; decoded VoiceCueEntry {cue, variant_count, sample_id[]}"
0x6C,4230,0,2,ミランダ,BATTLE.BIN,,0x0033C7D8,battle_actor_class_2,STRONG,"BATTLE cue mapper; decoded VoiceCueEntry {cue, variant_count, sample_id[]}"
0x6C,4232,1,2,ミランダ,BATTLE.BIN,,0x0033C7D8,battle_actor_class_2,STRONG,"BATTLE cue mapper; decoded VoiceCueEntry {cue, variant_count, sample_id[]}"
0x6D,4230,0,2,ミランダ,BATTLE.BIN,,0x0033C7D8,battle_actor_class_2,STRONG,"BATTLE cue mapper; decoded VoiceCueEntry {cue, variant_count, sample_id[]}"
0x6D,4232,1,2,ミランダ,BATTLE.BIN,,0x0033C7D8,battle_actor_class_2,STRONG,"BATTLE cue mapper; decoded VoiceCueEntry {cue, variant_count, sample_id[]}"
0x6E,4230,0,2,ミランダ,BATTLE.BIN,,0x0033C7D8,battle_actor_class_2,STRONG,"BATTLE cue mapper; decoded VoiceCueEntry {cue, variant_count, sample_id[]}"
0x6E,4232,1,2,ミランダ,BATTLE.BIN,,0x0033C7D8,battle_actor_class_2,STRONG,"BATTLE cue mapper; decoded VoiceCueEntry {cue, variant_count, sample_id[]}"
0x6F,4230,0,2,ミランダ,BATTLE.BIN,,0x0033C7D8,battle_actor_class_2,STRONG,"BATTLE cue mapper; decoded VoiceCueEntry {cue, variant_count, sample_id[]}"
0x6F,4232,1,2,ミランダ,BATTLE.BIN,,0x0033C7D8,battle_actor_class_2,STRONG,"BATTLE cue mapper; decoded VoiceCueEntry {cue, variant_count, sample_id[]}"
0x70,4230,0,2,ミランダ,BATTLE.BIN,,0x0033C7D8,battle_actor_class_2,STRONG,"BATTLE cue mapper; decoded VoiceCueEntry {cue, variant_count, sample_id[]}"
0x70,4232,1,2,ミランダ,BATTLE.BIN,,0x0033C7D8,battle_actor_class_2,STRONG,"BATTLE cue mapper; decoded VoiceCueEntry {cue, variant_count, sample_id[]}"
0x71,4230,0,2,ミランダ,BATTLE.BIN,,0x0033C7D8,battle_actor_class_2,STRONG,"BATTLE cue mapper; decoded VoiceCueEntry {cue, variant_count, sample_id[]}"
0x71,4232,1,2,ミランダ,BATTLE.BIN,,0x0033C7D8,battle_actor_class_2,STRONG,"BATTLE cue mapper; decoded VoiceCueEntry {cue, variant_count, sample_id[]}"
0x72,4230,0,2,ミランダ,BATTLE.BIN,,0x0033C7D8,battle_actor_class_2,STRONG,"BATTLE cue mapper; decoded VoiceCueEntry {cue, variant_count, sample_id[]}"
0x72,4232,1,2,ミランダ,BATTLE.BIN,,0x0033C7D8,battle_actor_class_2,STRONG,"BATTLE cue mapper; decoded VoiceCueEntry {cue, variant_count, sample_id[]}"
0x73,4230,0,2,ミランダ,BATTLE.BIN,,0x0033C7D8,battle_actor_class_2,STRONG,"BATTLE cue mapper; decoded VoiceCueEntry {cue, variant_count, sample_id[]}"
0x73,4232,1,2,ミランダ,BATTLE.BIN,,0x0033C7D8,battle_actor_class_2,STRONG,"BATTLE cue mapper; decoded VoiceCueEntry {cue, variant_count, sample_id[]}"
0x74,4230,0,2,ミランダ,BATTLE.BIN,,0x0033C7D8,battle_actor_class_2,STRONG,"BATTLE cue mapper; decoded VoiceCueEntry {cue, variant_count, sample_id[]}"
0x74,4232,1,2,ミランダ,BATTLE.BIN,,0x0033C7D8,battle_actor_class_2,STRONG,"BATTLE cue mapper; decoded VoiceCueEntry {cue, variant_count, sample_id[]}"
0x75,4230,0,2,ミランダ,BATTLE.BIN,,0x0033C7D8,battle_actor_class_2,STRONG,"BATTLE cue mapper; decoded VoiceCueEntry {cue, variant_count, sample_id[]}"
0x75,4232,1,2,ミランダ,BATTLE.BIN,,0x0033C7D8,battle_actor_class_2,STRONG,"BATTLE cue mapper; decoded VoiceCueEntry {cue, variant_count, sample_id[]}"
0x76,4230,0,2,ミランダ,BATTLE.BIN,,0x0033C7D8,battle_actor_class_2,STRONG,"BATTLE cue mapper; decoded VoiceCueEntry {cue, variant_count, sample_id[]}"
0x76,4232,1,2,ミランダ,BATTLE.BIN,,0x0033C7D8,battle_actor_class_2,STRONG,"BATTLE cue mapper; decoded VoiceCueEntry {cue, variant_count, sample_id[]}"
0x77,4230,0,2,ミランダ,BATTLE.BIN,,0x0033C7D8,battle_actor_class_2,STRONG,"BATTLE cue mapper; decoded VoiceCueEntry {cue, variant_count, sample_id[]}"
0x77,4232,1,2,ミランダ,BATTLE.BIN,,0x0033C7D8,battle_actor_class_2,STRONG,"BATTLE cue mapper; decoded VoiceCueEntry {cue, variant_count, sample_id[]}"
0x78,4238,0,2,ミランダ,BATTLE.BIN,,0x0033C7D8,battle_actor_class_2,STRONG,"BATTLE cue mapper; decoded VoiceCueEntry {cue, variant_count, sample_id[]}"
0x78,4240,1,2,ミランダ,BATTLE.BIN,,0x0033C7D8,battle_actor_class_2,STRONG,"BATTLE cue mapper; decoded VoiceCueEntry {cue, variant_count, sample_id[]}"
0x79,4238,0,2,ミランダ,BATTLE.BIN,,0x0033C7D8,battle_actor_class_2,STRONG,"BATTLE cue mapper; decoded VoiceCueEntry {cue, variant_count, sample_id[]}"
0x79,4240,1,2,ミランダ,BATTLE.BIN,,0x0033C7D8,battle_actor_class_2,STRONG,"BATTLE cue mapper; decoded VoiceCueEntry {cue, variant_count, sample_id[]}"
0x7A,4238,0,2,ミランダ,BATTLE.BIN,,0x0033C7D8,battle_actor_class_2,STRONG,"BATTLE cue mapper; decoded VoiceCueEntry {cue, variant_count, sample_id[]}"
0x7A,4240,1,2,ミランダ,BATTLE.BIN,,0x0033C7D8,battle_actor_class_2,STRONG,"BATTLE cue mapper; decoded VoiceCueEntry {cue, variant_count, sample_id[]}"
0x7B,4238,0,2,ミランダ,BATTLE.BIN,,0x0033C7D8,battle_actor_class_2,STRONG,"BATTLE cue mapper; decoded VoiceCueEntry {cue, variant_count, sample_id[]}"
0x7B,4240,1,2,ミランダ,BATTLE.BIN,,0x0033C7D8,battle_actor_class_2,STRONG,"BATTLE cue mapper; decoded VoiceCueEntry {cue, variant_count, sample_id[]}"
0x7C,4230,0,2,ミランダ,BATTLE.BIN,,0x0033C7D8,battle_actor_class_2,STRONG,"BATTLE cue mapper; decoded VoiceCueEntry {cue, variant_count, sample_id[]}"
0x7C,4232,1,2,ミランダ,BATTLE.BIN,,0x0033C7D8,battle_actor_class_2,STRONG,"BATTLE cue mapper; decoded VoiceCueEntry {cue, variant_count, sample_id[]}"
0x7D,4230,0,2,ミランダ,BATTLE.BIN,,0x0033C7D8,battle_actor_class_2,STRONG,"BATTLE cue mapper; decoded VoiceCueEntry {cue, variant_count, sample_id[]}"
0x7D,4232,1,2,ミランダ,BATTLE.BIN,,0x0033C7D8,battle_actor_class_2,STRONG,"BATTLE cue mapper; decoded VoiceCueEntry {cue, variant_count, sample_id[]}"
0x7E,4230,0,2,ミランダ,BATTLE.BIN,,0x0033C7D8,battle_actor_class_2,STRONG,"BATTLE cue mapper; decoded VoiceCueEntry {cue, variant_count, sample_id[]}"
0x7E,4232,1,2,ミランダ,BATTLE.BIN,,0x0033C7D8,battle_actor_class_2,STRONG,"BATTLE cue mapper; decoded VoiceCueEntry {cue, variant_count, sample_id[]}"
0x7F,4230,0,2,ミランダ,BATTLE.BIN,,0x0033C7D8,battle_actor_class_2,STRONG,"BATTLE cue mapper; decoded VoiceCueEntry {cue, variant_count, sample_id[]}"
0x7F,4232,1,2,ミランダ,BATTLE.BIN,,0x0033C7D8,battle_actor_class_2,STRONG,"BATTLE cue mapper; decoded VoiceCueEntry {cue, variant_count, sample_id[]}"
0x80,4230,0,2,ミランダ,BATTLE.BIN,,0x0033C7D8,battle_actor_class_2,STRONG,"BATTLE cue mapper; decoded VoiceCueEntry {cue, variant_count, sample_id[]}"
0x80,4232,1,2,ミランダ,BATTLE.BIN,,0x0033C7D8,battle_actor_class_2,STRONG,"BATTLE cue mapper; decoded VoiceCueEntry {cue, variant_count, sample_id[]}"
0x81,4230,0,2,ミランダ,BATTLE.BIN,,0x0033C7D8,battle_actor_class_2,STRONG,"BATTLE cue mapper; decoded VoiceCueEntry {cue, variant_count, sample_id[]}"
0x81,4232,1,2,ミランダ,BATTLE.BIN,,0x0033C7D8,battle_actor_class_2,STRONG,"BATTLE cue mapper; decoded VoiceCueEntry {cue, variant_count, sample_id[]}"
0x82,4234,0,2,ミランダ,BATTLE.BIN,,0x0033C7D8,battle_actor_class_2,STRONG,"BATTLE cue mapper; decoded VoiceCueEntry {cue, variant_count, sample_id[]}"
0x82,4236,1,2,ミランダ,BATTLE.BIN,,0x0033C7D8,battle_actor_class_2,STRONG,"BATTLE cue mapper; decoded VoiceCueEntry {cue, variant_count, sample_id[]}"
0x83,4234,0,2,ミランダ,BATTLE.BIN,,0x0033C7D8,battle_actor_class_2,STRONG,"BATTLE cue mapper; decoded VoiceCueEntry {cue, variant_count, sample_id[]}"
0x83,4236,1,2,ミランダ,BATTLE.BIN,,0x0033C7D8,battle_actor_class_2,STRONG,"BATTLE cue mapper; decoded VoiceCueEntry {cue, variant_count, sample_id[]}"
0x84,4234,0,2,ミランダ,BATTLE.BIN,,0x0033C7D8,battle_actor_class_2,STRONG,"BATTLE cue mapper; decoded VoiceCueEntry {cue, variant_count, sample_id[]}"
0x84,4236,1,2,ミランダ,BATTLE.BIN,,0x0033C7D8,battle_actor_class_2,STRONG,"BATTLE cue mapper; decoded VoiceCueEntry {cue, variant_count, sample_id[]}"
0x85,4234,0,2,ミランダ,BATTLE.BIN,,0x0033C7D8,battle_actor_class_2,STRONG,"BATTLE cue mapper; decoded VoiceCueEntry {cue, variant_count, sample_id[]}"
0x85,4236,1,2,ミランダ,BATTLE.BIN,,0x0033C7D8,battle_actor_class_2,STRONG,"BATTLE cue mapper; decoded VoiceCueEntry {cue, variant_count, sample_id[]}"
0x86,4234,0,2,ミランダ,BATTLE.BIN,,0x0033C7D8,battle_actor_class_2,STRONG,"BATTLE cue mapper; decoded VoiceCueEntry {cue, variant_count, sample_id[]}"
0x86,4236,1,2,ミランダ,BATTLE.BIN,,0x0033C7D8,battle_actor_class_2,STRONG,"BATTLE cue mapper; decoded VoiceCueEntry {cue, variant_count, sample_id[]}"
0x87,4234,0,2,ミランダ,BATTLE.BIN,,0x0033C7D8,battle_actor_class_2,STRONG,"BATTLE cue mapper; decoded VoiceCueEntry {cue, variant_count, sample_id[]}"
0x87,4236,1,2,ミランダ,BATTLE.BIN,,0x0033C7D8,battle_actor_class_2,STRONG,"BATTLE cue mapper; decoded VoiceCueEntry {cue, variant_count, sample_id[]}"
0x88,4234,0,2,ミランダ,BATTLE.BIN,,0x0033C7D8,battle_actor_class_2,STRONG,"BATTLE cue mapper; decoded VoiceCueEntry {cue, variant_count, sample_id[]}"
0x88,4236,1,2,ミランダ,BATTLE.BIN,,0x0033C7D8,battle_actor_class_2,STRONG,"BATTLE cue mapper; decoded VoiceCueEntry {cue, variant_count, sample_id[]}"
0x89,4224,0,2,ミランダ,BATTLE.BIN,,0x0033C7D8,battle_actor_class_2,STRONG,"BATTLE cue mapper; decoded VoiceCueEntry {cue, variant_count, sample_id[]}"
0x89,4226,1,2,ミランダ,BATTLE.BIN,,0x0033C7D8,battle_actor_class_2,STRONG,"BATTLE cue mapper; decoded VoiceCueEntry {cue, variant_count, sample_id[]}"
0x8A,4224,0,2,ミランダ,BATTLE.BIN,,0x0033C7D8,battle_actor_class_2,STRONG,"BATTLE cue mapper; decoded VoiceCueEntry {cue, variant_count, sample_id[]}"
0x8A,4226,1,2,ミランダ,BATTLE.BIN,,0x0033C7D8,battle_actor_class_2,STRONG,"BATTLE cue mapper; decoded VoiceCueEntry {cue, variant_count, sample_id[]}"
0x8B,4224,0,2,ミランダ,BATTLE.BIN,,0x0033C7D8,battle_actor_class_2,STRONG,"BATTLE cue mapper; decoded VoiceCueEntry {cue, variant_count, sample_id[]}"
0x8B,4226,1,2,ミランダ,BATTLE.BIN,,0x0033C7D8,battle_actor_class_2,STRONG,"BATTLE cue mapper; decoded VoiceCueEntry {cue, variant_count, sample_id[]}"
0x8C,4224,0,2,ミランダ,BATTLE.BIN,,0x0033C7D8,battle_actor_class_2,STRONG,"BATTLE cue mapper; decoded VoiceCueEntry {cue, variant_count, sample_id[]}"
0x8C,4226,1,2,ミランダ,BATTLE.BIN,,0x0033C7D8,battle_actor_class_2,STRONG,"BATTLE cue mapper; decoded VoiceCueEntry {cue, variant_count, sample_id[]}"
0x8D,4224,0,2,ミランダ,BATTLE.BIN,,0x0033C7D8,battle_actor_class_2,STRONG,"BATTLE cue mapper; decoded VoiceCueEntry {cue, variant_count, sample_id[]}"
0x8D,4226,1,2,ミランダ,BATTLE.BIN,,0x0033C7D8,battle_actor_class_2,STRONG,"BATTLE cue mapper; decoded VoiceCueEntry {cue, variant_count, sample_id[]}"
0x8E,4224,0,2,ミランダ,BATTLE.BIN,,0x0033C7D8,battle_actor_class_2,STRONG,"BATTLE cue mapper; decoded VoiceCueEntry {cue, variant_count, sample_id[]}"
0x8E,4226,1,2,ミランダ,BATTLE.BIN,,0x0033C7D8,battle_actor_class_2,STRONG,"BATTLE cue mapper; decoded VoiceCueEntry {cue, variant_count, sample_id[]}"
0x8F,4224,0,2,ミランダ,BATTLE.BIN,,0x0033C7D8,battle_actor_class_2,STRONG,"BATTLE cue mapper; decoded VoiceCueEntry {cue, variant_count, sample_id[]}"
0x8F,4226,1,2,ミランダ,BATTLE.BIN,,0x0033C7D8,battle_actor_class_2,STRONG,"BATTLE cue mapper; decoded VoiceCueEntry {cue, variant_count, sample_id[]}"
0x90,4224,0,2,ミランダ,BATTLE.BIN,,0x0033C7D8,battle_actor_class_2,STRONG,"BATTLE cue mapper; decoded VoiceCueEntry {cue, variant_count, sample_id[]}"
0x90,4226,1,2,ミランダ,BATTLE.BIN,,0x0033C7D8,battle_actor_class_2,STRONG,"BATTLE cue mapper; decoded VoiceCueEntry {cue, variant_count, sample_id[]}"
0x91,4224,0,2,ミランダ,BATTLE.BIN,,0x0033C7D8,battle_actor_class_2,STRONG,"BATTLE cue mapper; decoded VoiceCueEntry {cue, variant_count, sample_id[]}"
0x91,4226,1,2,ミランダ,BATTLE.BIN,,0x0033C7D8,battle_actor_class_2,STRONG,"BATTLE cue mapper; decoded VoiceCueEntry {cue, variant_count, sample_id[]}"
0x92,4224,0,2,ミランダ,BATTLE.BIN,,0x0033C7D8,battle_actor_class_2,STRONG,"BATTLE cue mapper; decoded VoiceCueEntry {cue, variant_count, sample_id[]}"
0x92,4226,1,2,ミランダ,BATTLE.BIN,,0x0033C7D8,battle_actor_class_2,STRONG,"BATTLE cue mapper; decoded VoiceCueEntry {cue, variant_count, sample_id[]}"
0x93,4224,0,2,ミランダ,BATTLE.BIN,,0x0033C7D8,battle_actor_class_2,STRONG,"BATTLE cue mapper; decoded VoiceCueEntry {cue, variant_count, sample_id[]}"
0x93,4226,1,2,ミランダ,BATTLE.BIN,,0x0033C7D8,battle_actor_class_2,STRONG,"BATTLE cue mapper; decoded VoiceCueEntry {cue, variant_count, sample_id[]}"
0x94,4220,0,2,ミランダ,BATTLE.BIN,,0x0033C7D8,battle_actor_class_2,STRONG,"BATTLE cue mapper; decoded VoiceCueEntry {cue, variant_count, sample_id[]}"
0x94,4226,1,2,ミランダ,BATTLE.BIN,,0x0033C7D8,battle_actor_class_2,STRONG,"BATTLE cue mapper; decoded VoiceCueEntry {cue, variant_count, sample_id[]}"
0x95,4220,0,2,ミランダ,BATTLE.BIN,,0x0033C7D8,battle_actor_class_2,STRONG,"BATTLE cue mapper; decoded VoiceCueEntry {cue, variant_count, sample_id[]}"
0x95,4222,1,2,ミランダ,BATTLE.BIN,,0x0033C7D8,battle_actor_class_2,STRONG,"BATTLE cue mapper; decoded VoiceCueEntry {cue, variant_count, sample_id[]}"
0x96,4220,0,2,ミランダ,BATTLE.BIN,,0x0033C7D8,battle_actor_class_2,STRONG,"BATTLE cue mapper; decoded VoiceCueEntry {cue, variant_count, sample_id[]}"
0x96,4222,1,2,ミランダ,BATTLE.BIN,,0x0033C7D8,battle_actor_class_2,STRONG,"BATTLE cue mapper; decoded VoiceCueEntry {cue, variant_count, sample_id[]}"
0x98,4220,0,2,ミランダ,BATTLE.BIN,,0x0033C7D8,battle_actor_class_2,STRONG,"BATTLE cue mapper; decoded VoiceCueEntry {cue, variant_count, sample_id[]}"
0x98,4222,1,2,ミランダ,BATTLE.BIN,,0x0033C7D8,battle_actor_class_2,STRONG,"BATTLE cue mapper; decoded VoiceCueEntry {cue, variant_count, sample_id[]}"
0x99,4220,0,2,ミランダ,BATTLE.BIN,,0x0033C7D8,battle_actor_class_2,STRONG,"BATTLE cue mapper; decoded VoiceCueEntry {cue, variant_count, sample_id[]}"
0x99,4222,1,2,ミランダ,BATTLE.BIN,,0x0033C7D8,battle_actor_class_2,STRONG,"BATTLE cue mapper; decoded VoiceCueEntry {cue, variant_count, sample_id[]}"
0x9A,4234,0,2,ミランダ,BATTLE.BIN,,0x0033C7D8,battle_actor_class_2,STRONG,"BATTLE cue mapper; decoded VoiceCueEntry {cue, variant_count, sample_id[]}"
0x9A,4236,1,2,ミランダ,BATTLE.BIN,,0x0033C7D8,battle_actor_class_2,STRONG,"BATTLE cue mapper; decoded VoiceCueEntry {cue, variant_count, sample_id[]}"
0x9B,4234,0,2,ミランダ,BATTLE.BIN,,0x0033C7D8,battle_actor_class_2,STRONG,"BATTLE cue mapper; decoded VoiceCueEntry {cue, variant_count, sample_id[]}"
0x9B,4236,1,2,ミランダ,BATTLE.BIN,,0x0033C7D8,battle_actor_class_2,STRONG,"BATTLE cue mapper; decoded VoiceCueEntry {cue, variant_count, sample_id[]}"
0x9C,4234,0,2,ミランダ,BATTLE.BIN,,0x0033C7D8,battle_actor_class_2,STRONG,"BATTLE cue mapper; decoded VoiceCueEntry {cue, variant_count, sample_id[]}"
0x9C,4236,1,2,ミランダ,BATTLE.BIN,,0x0033C7D8,battle_actor_class_2,STRONG,"BATTLE cue mapper; decoded VoiceCueEntry {cue, variant_count, sample_id[]}"
0x9D,4234,0,2,ミランダ,BATTLE.BIN,,0x0033C7D8,battle_actor_class_2,STRONG,"BATTLE cue mapper; decoded VoiceCueEntry {cue, variant_count, sample_id[]}"
0x9D,4236,1,2,ミランダ,BATTLE.BIN,,0x0033C7D8,battle_actor_class_2,STRONG,"BATTLE cue mapper; decoded VoiceCueEntry {cue, variant_count, sample_id[]}"
0x9E,4224,0,2,ミランダ,BATTLE.BIN,,0x0033C7D8,battle_actor_class_2,STRONG,"BATTLE cue mapper; decoded VoiceCueEntry {cue, variant_count, sample_id[]}"
0x9E,4226,1,2,ミランダ,BATTLE.BIN,,0x0033C7D8,battle_actor_class_2,STRONG,"BATTLE cue mapper; decoded VoiceCueEntry {cue, variant_count, sample_id[]}"
0x9F,4220,0,2,ミランダ,BATTLE.BIN,,0x0033C7D8,battle_actor_class_2,STRONG,"BATTLE cue mapper; decoded VoiceCueEntry {cue, variant_count, sample_id[]}"
0x9F,4222,1,2,ミランダ,BATTLE.BIN,,0x0033C7D8,battle_actor_class_2,STRONG,"BATTLE cue mapper; decoded VoiceCueEntry {cue, variant_count, sample_id[]}"
0xA0,4230,0,2,ミランダ,BATTLE.BIN,,0x0033C7D8,battle_actor_class_2,STRONG,"BATTLE cue mapper; decoded VoiceCueEntry {cue, variant_count, sample_id[]}"
0xA0,4232,1,2,ミランダ,BATTLE.BIN,,0x0033C7D8,battle_actor_class_2,STRONG,"BATTLE cue mapper; decoded VoiceCueEntry {cue, variant_count, sample_id[]}"
0xA1,4230,0,2,ミランダ,BATTLE.BIN,,0x0033C7D8,battle_actor_class_2,STRONG,"BATTLE cue mapper; decoded VoiceCueEntry {cue, variant_count, sample_id[]}"
0xA1,4266,1,2,ミランダ,BATTLE.BIN,,0x0033C7D8,battle_actor_class_2,STRONG,"BATTLE cue mapper; decoded VoiceCueEntry {cue, variant_count, sample_id[]}"
0xA2,4224,0,2,ミランダ,BATTLE.BIN,,0x0033C7D8,battle_actor_class_2,STRONG,"BATTLE cue mapper; decoded VoiceCueEntry {cue, variant_count, sample_id[]}"
0xA2,4226,1,2,ミランダ,BATTLE.BIN,,0x0033C7D8,battle_actor_class_2,STRONG,"BATTLE cue mapper; decoded VoiceCueEntry {cue, variant_count, sample_id[]}"
0xA3,4224,0,2,ミランダ,BATTLE.BIN,,0x0033C7D8,battle_actor_class_2,STRONG,"BATTLE cue mapper; decoded VoiceCueEntry {cue, variant_count, sample_id[]}"
0xA3,4226,1,2,ミランダ,BATTLE.BIN,,0x0033C7D8,battle_actor_class_2,STRONG,"BATTLE cue mapper; decoded VoiceCueEntry {cue, variant_count, sample_id[]}"
0xC8,4228,0,2,ミランダ,BATTLE.BIN,,0x0033C7D8,battle_actor_class_2,STRONG,"BATTLE cue mapper; decoded VoiceCueEntry {cue, variant_count, sample_id[]}"
0xC9,4276,0,2,ミランダ,BATTLE.BIN,,0x0033C7D8,battle_actor_class_2,STRONG,"BATTLE cue mapper; decoded VoiceCueEntry {cue, variant_count, sample_id[]}"
0xCA,4278,0,2,ミランダ,BATTLE.BIN,,0x0033C7D8,battle_actor_class_2,STRONG,"BATTLE cue mapper; decoded VoiceCueEntry {cue, variant_count, sample_id[]}"
0xCB,4280,0,2,ミランダ,BATTLE.BIN,,0x0033C7D8,battle_actor_class_2,STRONG,"BATTLE cue mapper; decoded VoiceCueEntry {cue, variant_count, sample_id[]}"
0xCC,4282,0,2,ミランダ,BATTLE.BIN,,0x0033C7D8,battle_actor_class_2,STRONG,"BATTLE cue mapper; decoded VoiceCueEntry {cue, variant_count, sample_id[]}"
0xCD,4284,0,2,ミランダ,BATTLE.BIN,,0x0033C7D8,battle_actor_class_2,STRONG,"BATTLE cue mapper; decoded VoiceCueEntry {cue, variant_count, sample_id[]}"
0xCE,4990,0,2,ミランダ,BATTLE.BIN,,0x0033C7D8,battle_actor_class_2,STRONG,"BATTLE cue mapper; decoded VoiceCueEntry {cue, variant_count, sample_id[]}"
0xCF,4286,0,2,ミランダ,BATTLE.BIN,,0x0033C7D8,battle_actor_class_2,STRONG,"BATTLE cue mapper; decoded VoiceCueEntry {cue, variant_count, sample_id[]}"
0xD0,4288,0,2,ミランダ,BATTLE.BIN,,0x0033C7D8,battle_actor_class_2,STRONG,"BATTLE cue mapper; decoded VoiceCueEntry {cue, variant_count, sample_id[]}"
0xD3,4262,0,2,ミランダ,BATTLE.BIN,,0x0033C7D8,battle_actor_class_2,STRONG,"BATTLE cue mapper; decoded VoiceCueEntry {cue, variant_count, sample_id[]}"
0xD3,4264,1,2,ミランダ,BATTLE.BIN,,0x0033C7D8,battle_actor_class_2,STRONG,"BATTLE cue mapper; decoded VoiceCueEntry {cue, variant_count, sample_id[]}"
0xD4,4262,0,2,ミランダ,BATTLE.BIN,,0x0033C7D8,battle_actor_class_2,STRONG,"BATTLE cue mapper; decoded VoiceCueEntry {cue, variant_count, sample_id[]}"
0xD4,4264,1,2,ミランダ,BATTLE.BIN,,0x0033C7D8,battle_actor_class_2,STRONG,"BATTLE cue mapper; decoded VoiceCueEntry {cue, variant_count, sample_id[]}"
0xD5,4262,0,2,ミランダ,BATTLE.BIN,,0x0033C7D8,battle_actor_class_2,STRONG,"BATTLE cue mapper; decoded VoiceCueEntry {cue, variant_count, sample_id[]}"
0xD5,4264,1,2,ミランダ,BATTLE.BIN,,0x0033C7D8,battle_actor_class_2,STRONG,"BATTLE cue mapper; decoded VoiceCueEntry {cue, variant_count, sample_id[]}"
0x01,4300,0,3,アルオンソ,BATTLE.BIN,,0x0033C7D8,battle_actor_class_3,STRONG,"BATTLE cue mapper; decoded VoiceCueEntry {cue, variant_count, sample_id[]}"
0x02,4302,0,3,アルオンソ,BATTLE.BIN,,0x0033C7D8,battle_actor_class_3,STRONG,"BATTLE cue mapper; decoded VoiceCueEntry {cue, variant_count, sample_id[]}"
0x0B,4304,0,3,アルオンソ,BATTLE.BIN,,0x0033C7D8,battle_actor_class_3,STRONG,"BATTLE cue mapper; decoded VoiceCueEntry {cue, variant_count, sample_id[]}"
0x13,4316,0,3,アルオンソ,BATTLE.BIN,,0x0033C7D8,battle_actor_class_3,STRONG,"BATTLE cue mapper; decoded VoiceCueEntry {cue, variant_count, sample_id[]}"
0x16,4306,0,3,アルオンソ,BATTLE.BIN,,0x0033C7D8,battle_actor_class_3,STRONG,"BATTLE cue mapper; decoded VoiceCueEntry {cue, variant_count, sample_id[]}"
0x1A,4310,0,3,アルオンソ,BATTLE.BIN,,0x0033C7D8,battle_actor_class_3,STRONG,"BATTLE cue mapper; decoded VoiceCueEntry {cue, variant_count, sample_id[]}"
0x1B,4310,0,3,アルオンソ,BATTLE.BIN,,0x0033C7D8,battle_actor_class_3,STRONG,"BATTLE cue mapper; decoded VoiceCueEntry {cue, variant_count, sample_id[]}"
0x1C,4310,0,3,アルオンソ,BATTLE.BIN,,0x0033C7D8,battle_actor_class_3,STRONG,"BATTLE cue mapper; decoded VoiceCueEntry {cue, variant_count, sample_id[]}"
0x1D,4314,0,3,アルオンソ,BATTLE.BIN,,0x0033C7D8,battle_actor_class_3,STRONG,"BATTLE cue mapper; decoded VoiceCueEntry {cue, variant_count, sample_id[]}"
0x1E,4314,0,3,アルオンソ,BATTLE.BIN,,0x0033C7D8,battle_actor_class_3,STRONG,"BATTLE cue mapper; decoded VoiceCueEntry {cue, variant_count, sample_id[]}"
0x20,4308,0,3,アルオンソ,BATTLE.BIN,,0x0033C7D8,battle_actor_class_3,STRONG,"BATTLE cue mapper; decoded VoiceCueEntry {cue, variant_count, sample_id[]}"
0x65,4294,0,3,アルオンソ,BATTLE.BIN,,0x0033C7D8,battle_actor_class_3,STRONG,"BATTLE cue mapper; decoded VoiceCueEntry {cue, variant_count, sample_id[]}"
0x66,4294,0,3,アルオンソ,BATTLE.BIN,,0x0033C7D8,battle_actor_class_3,STRONG,"BATTLE cue mapper; decoded VoiceCueEntry {cue, variant_count, sample_id[]}"
0x67,4294,0,3,アルオンソ,BATTLE.BIN,,0x0033C7D8,battle_actor_class_3,STRONG,"BATTLE cue mapper; decoded VoiceCueEntry {cue, variant_count, sample_id[]}"
0x68,4294,0,3,アルオンソ,BATTLE.BIN,,0x0033C7D8,battle_actor_class_3,STRONG,"BATTLE cue mapper; decoded VoiceCueEntry {cue, variant_count, sample_id[]}"
0x69,4294,0,3,アルオンソ,BATTLE.BIN,,0x0033C7D8,battle_actor_class_3,STRONG,"BATTLE cue mapper; decoded VoiceCueEntry {cue, variant_count, sample_id[]}"
0x6A,4294,0,3,アルオンソ,BATTLE.BIN,,0x0033C7D8,battle_actor_class_3,STRONG,"BATTLE cue mapper; decoded VoiceCueEntry {cue, variant_count, sample_id[]}"
0x6B,4294,0,3,アルオンソ,BATTLE.BIN,,0x0033C7D8,battle_actor_class_3,STRONG,"BATTLE cue mapper; decoded VoiceCueEntry {cue, variant_count, sample_id[]}"
0x6C,4294,0,3,アルオンソ,BATTLE.BIN,,0x0033C7D8,battle_actor_class_3,STRONG,"BATTLE cue mapper; decoded VoiceCueEntry {cue, variant_count, sample_id[]}"
0x6D,4294,0,3,アルオンソ,BATTLE.BIN,,0x0033C7D8,battle_actor_class_3,STRONG,"BATTLE cue mapper; decoded VoiceCueEntry {cue, variant_count, sample_id[]}"
0x6E,4294,0,3,アルオンソ,BATTLE.BIN,,0x0033C7D8,battle_actor_class_3,STRONG,"BATTLE cue mapper; decoded VoiceCueEntry {cue, variant_count, sample_id[]}"
0x6F,4294,0,3,アルオンソ,BATTLE.BIN,,0x0033C7D8,battle_actor_class_3,STRONG,"BATTLE cue mapper; decoded VoiceCueEntry {cue, variant_count, sample_id[]}"
0x70,4294,0,3,アルオンソ,BATTLE.BIN,,0x0033C7D8,battle_actor_class_3,STRONG,"BATTLE cue mapper; decoded VoiceCueEntry {cue, variant_count, sample_id[]}"
0x71,4294,0,3,アルオンソ,BATTLE.BIN,,0x0033C7D8,battle_actor_class_3,STRONG,"BATTLE cue mapper; decoded VoiceCueEntry {cue, variant_count, sample_id[]}"
0x72,4294,0,3,アルオンソ,BATTLE.BIN,,0x0033C7D8,battle_actor_class_3,STRONG,"BATTLE cue mapper; decoded VoiceCueEntry {cue, variant_count, sample_id[]}"
0x73,4294,0,3,アルオンソ,BATTLE.BIN,,0x0033C7D8,battle_actor_class_3,STRONG,"BATTLE cue mapper; decoded VoiceCueEntry {cue, variant_count, sample_id[]}"
0x74,4294,0,3,アルオンソ,BATTLE.BIN,,0x0033C7D8,battle_actor_class_3,STRONG,"BATTLE cue mapper; decoded VoiceCueEntry {cue, variant_count, sample_id[]}"
0x75,4294,0,3,アルオンソ,BATTLE.BIN,,0x0033C7D8,battle_actor_class_3,STRONG,"BATTLE cue mapper; decoded VoiceCueEntry {cue, variant_count, sample_id[]}"
0x76,4294,0,3,アルオンソ,BATTLE.BIN,,0x0033C7D8,battle_actor_class_3,STRONG,"BATTLE cue mapper; decoded VoiceCueEntry {cue, variant_count, sample_id[]}"
0x77,4294,0,3,アルオンソ,BATTLE.BIN,,0x0033C7D8,battle_actor_class_3,STRONG,"BATTLE cue mapper; decoded VoiceCueEntry {cue, variant_count, sample_id[]}"
0x78,4298,0,3,アルオンソ,BATTLE.BIN,,0x0033C7D8,battle_actor_class_3,STRONG,"BATTLE cue mapper; decoded VoiceCueEntry {cue, variant_count, sample_id[]}"
0x79,4298,0,3,アルオンソ,BATTLE.BIN,,0x0033C7D8,battle_actor_class_3,STRONG,"BATTLE cue mapper; decoded VoiceCueEntry {cue, variant_count, sample_id[]}"
0x7A,4298,0,3,アルオンソ,BATTLE.BIN,,0x0033C7D8,battle_actor_class_3,STRONG,"BATTLE cue mapper; decoded VoiceCueEntry {cue, variant_count, sample_id[]}"
0x7B,4298,0,3,アルオンソ,BATTLE.BIN,,0x0033C7D8,battle_actor_class_3,STRONG,"BATTLE cue mapper; decoded VoiceCueEntry {cue, variant_count, sample_id[]}"
0x7C,4294,0,3,アルオンソ,BATTLE.BIN,,0x0033C7D8,battle_actor_class_3,STRONG,"BATTLE cue mapper; decoded VoiceCueEntry {cue, variant_count, sample_id[]}"
0x7D,4294,0,3,アルオンソ,BATTLE.BIN,,0x0033C7D8,battle_actor_class_3,STRONG,"BATTLE cue mapper; decoded VoiceCueEntry {cue, variant_count, sample_id[]}"
0x7E,4294,0,3,アルオンソ,BATTLE.BIN,,0x0033C7D8,battle_actor_class_3,STRONG,"BATTLE cue mapper; decoded VoiceCueEntry {cue, variant_count, sample_id[]}"
0x7F,4294,0,3,アルオンソ,BATTLE.BIN,,0x0033C7D8,battle_actor_class_3,STRONG,"BATTLE cue mapper; decoded VoiceCueEntry {cue, variant_count, sample_id[]}"
0x80,4294,0,3,アルオンソ,BATTLE.BIN,,0x0033C7D8,battle_actor_class_3,STRONG,"BATTLE cue mapper; decoded VoiceCueEntry {cue, variant_count, sample_id[]}"
0x81,4294,0,3,アルオンソ,BATTLE.BIN,,0x0033C7D8,battle_actor_class_3,STRONG,"BATTLE cue mapper; decoded VoiceCueEntry {cue, variant_count, sample_id[]}"
0x82,4296,0,3,アルオンソ,BATTLE.BIN,,0x0033C7D8,battle_actor_class_3,STRONG,"BATTLE cue mapper; decoded VoiceCueEntry {cue, variant_count, sample_id[]}"
0x83,4296,0,3,アルオンソ,BATTLE.BIN,,0x0033C7D8,battle_actor_class_3,STRONG,"BATTLE cue mapper; decoded VoiceCueEntry {cue, variant_count, sample_id[]}"
0x84,4296,0,3,アルオンソ,BATTLE.BIN,,0x0033C7D8,battle_actor_class_3,STRONG,"BATTLE cue mapper; decoded VoiceCueEntry {cue, variant_count, sample_id[]}"
0x85,4296,0,3,アルオンソ,BATTLE.BIN,,0x0033C7D8,battle_actor_class_3,STRONG,"BATTLE cue mapper; decoded VoiceCueEntry {cue, variant_count, sample_id[]}"
0x86,4296,0,3,アルオンソ,BATTLE.BIN,,0x0033C7D8,battle_actor_class_3,STRONG,"BATTLE cue mapper; decoded VoiceCueEntry {cue, variant_count, sample_id[]}"
0x87,4296,0,3,アルオンソ,BATTLE.BIN,,0x0033C7D8,battle_actor_class_3,STRONG,"BATTLE cue mapper; decoded VoiceCueEntry {cue, variant_count, sample_id[]}"
0x88,4296,0,3,アルオンソ,BATTLE.BIN,,0x0033C7D8,battle_actor_class_3,STRONG,"BATTLE cue mapper; decoded VoiceCueEntry {cue, variant_count, sample_id[]}"
0x89,4292,0,3,アルオンソ,BATTLE.BIN,,0x0033C7D8,battle_actor_class_3,STRONG,"BATTLE cue mapper; decoded VoiceCueEntry {cue, variant_count, sample_id[]}"
0x8A,4292,0,3,アルオンソ,BATTLE.BIN,,0x0033C7D8,battle_actor_class_3,STRONG,"BATTLE cue mapper; decoded VoiceCueEntry {cue, variant_count, sample_id[]}"
0x8B,4292,0,3,アルオンソ,BATTLE.BIN,,0x0033C7D8,battle_actor_class_3,STRONG,"BATTLE cue mapper; decoded VoiceCueEntry {cue, variant_count, sample_id[]}"
0x8C,4292,0,3,アルオンソ,BATTLE.BIN,,0x0033C7D8,battle_actor_class_3,STRONG,"BATTLE cue mapper; decoded VoiceCueEntry {cue, variant_count, sample_id[]}"
0x8D,4292,0,3,アルオンソ,BATTLE.BIN,,0x0033C7D8,battle_actor_class_3,STRONG,"BATTLE cue mapper; decoded VoiceCueEntry {cue, variant_count, sample_id[]}"
0x8E,4292,0,3,アルオンソ,BATTLE.BIN,,0x0033C7D8,battle_actor_class_3,STRONG,"BATTLE cue mapper; decoded VoiceCueEntry {cue, variant_count, sample_id[]}"
0x8F,4292,0,3,アルオンソ,BATTLE.BIN,,0x0033C7D8,battle_actor_class_3,STRONG,"BATTLE cue mapper; decoded VoiceCueEntry {cue, variant_count, sample_id[]}"
0x90,4292,0,3,アルオンソ,BATTLE.BIN,,0x0033C7D8,battle_actor_class_3,STRONG,"BATTLE cue mapper; decoded VoiceCueEntry {cue, variant_count, sample_id[]}"
0x91,4292,0,3,アルオンソ,BATTLE.BIN,,0x0033C7D8,battle_actor_class_3,STRONG,"BATTLE cue mapper; decoded VoiceCueEntry {cue, variant_count, sample_id[]}"
0x92,4292,0,3,アルオンソ,BATTLE.BIN,,0x0033C7D8,battle_actor_class_3,STRONG,"BATTLE cue mapper; decoded VoiceCueEntry {cue, variant_count, sample_id[]}"
0x93,4292,0,3,アルオンソ,BATTLE.BIN,,0x0033C7D8,battle_actor_class_3,STRONG,"BATTLE cue mapper; decoded VoiceCueEntry {cue, variant_count, sample_id[]}"
0x94,4290,0,3,アルオンソ,BATTLE.BIN,,0x0033C7D8,battle_actor_class_3,STRONG,"BATTLE cue mapper; decoded VoiceCueEntry {cue, variant_count, sample_id[]}"
0x95,4290,0,3,アルオンソ,BATTLE.BIN,,0x0033C7D8,battle_actor_class_3,STRONG,"BATTLE cue mapper; decoded VoiceCueEntry {cue, variant_count, sample_id[]}"
0x96,4290,0,3,アルオンソ,BATTLE.BIN,,0x0033C7D8,battle_actor_class_3,STRONG,"BATTLE cue mapper; decoded VoiceCueEntry {cue, variant_count, sample_id[]}"
0x98,4290,0,3,アルオンソ,BATTLE.BIN,,0x0033C7D8,battle_actor_class_3,STRONG,"BATTLE cue mapper; decoded VoiceCueEntry {cue, variant_count, sample_id[]}"
0x99,4290,0,3,アルオンソ,BATTLE.BIN,,0x0033C7D8,battle_actor_class_3,STRONG,"BATTLE cue mapper; decoded VoiceCueEntry {cue, variant_count, sample_id[]}"
0x9A,4296,0,3,アルオンソ,BATTLE.BIN,,0x0033C7D8,battle_actor_class_3,STRONG,"BATTLE cue mapper; decoded VoiceCueEntry {cue, variant_count, sample_id[]}"
0x9B,4296,0,3,アルオンソ,BATTLE.BIN,,0x0033C7D8,battle_actor_class_3,STRONG,"BATTLE cue mapper; decoded VoiceCueEntry {cue, variant_count, sample_id[]}"
0x9C,4296,0,3,アルオンソ,BATTLE.BIN,,0x0033C7D8,battle_actor_class_3,STRONG,"BATTLE cue mapper; decoded VoiceCueEntry {cue, variant_count, sample_id[]}"
0x9D,4296,0,3,アルオンソ,BATTLE.BIN,,0x0033C7D8,battle_actor_class_3,STRONG,"BATTLE cue mapper; decoded VoiceCueEntry {cue, variant_count, sample_id[]}"
0x9E,4292,0,3,アルオンソ,BATTLE.BIN,,0x0033C7D8,battle_actor_class_3,STRONG,"BATTLE cue mapper; decoded VoiceCueEntry {cue, variant_count, sample_id[]}"
0x9F,4290,0,3,アルオンソ,BATTLE.BIN,,0x0033C7D8,battle_actor_class_3,STRONG,"BATTLE cue mapper; decoded VoiceCueEntry {cue, variant_count, sample_id[]}"
0xA0,4294,0,3,アルオンソ,BATTLE.BIN,,0x0033C7D8,battle_actor_class_3,STRONG,"BATTLE cue mapper; decoded VoiceCueEntry {cue, variant_count, sample_id[]}"
0xA1,4294,0,3,アルオンソ,BATTLE.BIN,,0x0033C7D8,battle_actor_class_3,STRONG,"BATTLE cue mapper; decoded VoiceCueEntry {cue, variant_count, sample_id[]}"
0xA1,4314,1,3,アルオンソ,BATTLE.BIN,,0x0033C7D8,battle_actor_class_3,STRONG,"BATTLE cue mapper; decoded VoiceCueEntry {cue, variant_count, sample_id[]}"
0xA2,4292,0,3,アルオンソ,BATTLE.BIN,,0x0033C7D8,battle_actor_class_3,STRONG,"BATTLE cue mapper; decoded VoiceCueEntry {cue, variant_count, sample_id[]}"
0xA3,4292,0,3,アルオンソ,BATTLE.BIN,,0x0033C7D8,battle_actor_class_3,STRONG,"BATTLE cue mapper; decoded VoiceCueEntry {cue, variant_count, sample_id[]}"
0xC9,4318,0,3,アルオンソ,BATTLE.BIN,,0x0033C7D8,battle_actor_class_3,STRONG,"BATTLE cue mapper; decoded VoiceCueEntry {cue, variant_count, sample_id[]}"
0xCA,4320,0,3,アルオンソ,BATTLE.BIN,,0x0033C7D8,battle_actor_class_3,STRONG,"BATTLE cue mapper; decoded VoiceCueEntry {cue, variant_count, sample_id[]}"
0xCB,4322,0,3,アルオンソ,BATTLE.BIN,,0x0033C7D8,battle_actor_class_3,STRONG,"BATTLE cue mapper; decoded VoiceCueEntry {cue, variant_count, sample_id[]}"
0xCC,4324,0,3,アルオンソ,BATTLE.BIN,,0x0033C7D8,battle_actor_class_3,STRONG,"BATTLE cue mapper; decoded VoiceCueEntry {cue, variant_count, sample_id[]}"
0xCD,4326,0,3,アルオンソ,BATTLE.BIN,,0x0033C7D8,battle_actor_class_3,STRONG,"BATTLE cue mapper; decoded VoiceCueEntry {cue, variant_count, sample_id[]}"
0xCE,4992,0,3,アルオンソ,BATTLE.BIN,,0x0033C7D8,battle_actor_class_3,STRONG,"BATTLE cue mapper; decoded VoiceCueEntry {cue, variant_count, sample_id[]}"
0xCF,4328,0,3,アルオンソ,BATTLE.BIN,,0x0033C7D8,battle_actor_class_3,STRONG,"BATTLE cue mapper; decoded VoiceCueEntry {cue, variant_count, sample_id[]}"
0xD0,4330,0,3,アルオンソ,BATTLE.BIN,,0x0033C7D8,battle_actor_class_3,STRONG,"BATTLE cue mapper; decoded VoiceCueEntry {cue, variant_count, sample_id[]}"
0xD3,4312,0,3,アルオンソ,BATTLE.BIN,,0x0033C7D8,battle_actor_class_3,STRONG,"BATTLE cue mapper; decoded VoiceCueEntry {cue, variant_count, sample_id[]}"
0xD4,4312,0,3,アルオンソ,BATTLE.BIN,,0x0033C7D8,battle_actor_class_3,STRONG,"BATTLE cue mapper; decoded VoiceCueEntry {cue, variant_count, sample_id[]}"
0xD5,4312,0,3,アルオンソ,BATTLE.BIN,,0x0033C7D8,battle_actor_class_3,STRONG,"BATTLE cue mapper; decoded VoiceCueEntry {cue, variant_count, sample_id[]}"
0x01,4342,0,4,ウル,BATTLE.BIN,,0x0033C7D8,battle_actor_class_4,STRONG,"BATTLE cue mapper; decoded VoiceCueEntry {cue, variant_count, sample_id[]}"
0x01,4334,1,4,ウル,BATTLE.BIN,,0x0033C7D8,battle_actor_class_4,STRONG,"BATTLE cue mapper; decoded VoiceCueEntry {cue, variant_count, sample_id[]}"
0x02,4344,0,4,ウル,BATTLE.BIN,,0x0033C7D8,battle_actor_class_4,STRONG,"BATTLE cue mapper; decoded VoiceCueEntry {cue, variant_count, sample_id[]}"
0x02,4334,1,4,ウル,BATTLE.BIN,,0x0033C7D8,battle_actor_class_4,STRONG,"BATTLE cue mapper; decoded VoiceCueEntry {cue, variant_count, sample_id[]}"
0x03,4348,0,4,ウル,BATTLE.BIN,,0x0033C7D8,battle_actor_class_4,STRONG,"BATTLE cue mapper; decoded VoiceCueEntry {cue, variant_count, sample_id[]}"
0x03,4334,1,4,ウル,BATTLE.BIN,,0x0033C7D8,battle_actor_class_4,STRONG,"BATTLE cue mapper; decoded VoiceCueEntry {cue, variant_count, sample_id[]}"
0x04,4354,0,4,ウル,BATTLE.BIN,,0x0033C7D8,battle_actor_class_4,STRONG,"BATTLE cue mapper; decoded VoiceCueEntry {cue, variant_count, sample_id[]}"
0x05,4346,0,4,ウル,BATTLE.BIN,,0x0033C7D8,battle_actor_class_4,STRONG,"BATTLE cue mapper; decoded VoiceCueEntry {cue, variant_count, sample_id[]}"
0x05,4334,1,4,ウル,BATTLE.BIN,,0x0033C7D8,battle_actor_class_4,STRONG,"BATTLE cue mapper; decoded VoiceCueEntry {cue, variant_count, sample_id[]}"
0x06,4350,0,4,ウル,BATTLE.BIN,,0x0033C7D8,battle_actor_class_4,STRONG,"BATTLE cue mapper; decoded VoiceCueEntry {cue, variant_count, sample_id[]}"
0x06,4334,1,4,ウル,BATTLE.BIN,,0x0033C7D8,battle_actor_class_4,STRONG,"BATTLE cue mapper; decoded VoiceCueEntry {cue, variant_count, sample_id[]}"
0x07,4352,0,4,ウル,BATTLE.BIN,,0x0033C7D8,battle_actor_class_4,STRONG,"BATTLE cue mapper; decoded VoiceCueEntry {cue, variant_count, sample_id[]}"
0x08,4358,0,4,ウル,BATTLE.BIN,,0x0033C7D8,battle_actor_class_4,STRONG,"BATTLE cue mapper; decoded VoiceCueEntry {cue, variant_count, sample_id[]}"
0x09,4356,0,4,ウル,BATTLE.BIN,,0x0033C7D8,battle_actor_class_4,STRONG,"BATTLE cue mapper; decoded VoiceCueEntry {cue, variant_count, sample_id[]}"
0x0A,4414,0,4,ウル,BATTLE.BIN,,0x0033C7D8,battle_actor_class_4,STRONG,"BATTLE cue mapper; decoded VoiceCueEntry {cue, variant_count, sample_id[]}"
0x0B,4360,0,4,ウル,BATTLE.BIN,,0x0033C7D8,battle_actor_class_4,STRONG,"BATTLE cue mapper; decoded VoiceCueEntry {cue, variant_count, sample_id[]}"
0x0B,4334,1,4,ウル,BATTLE.BIN,,0x0033C7D8,battle_actor_class_4,STRONG,"BATTLE cue mapper; decoded VoiceCueEntry {cue, variant_count, sample_id[]}"
0x0C,4362,0,4,ウル,BATTLE.BIN,,0x0033C7D8,battle_actor_class_4,STRONG,"BATTLE cue mapper; decoded VoiceCueEntry {cue, variant_count, sample_id[]}"
0x0C,4334,1,4,ウル,BATTLE.BIN,,0x0033C7D8,battle_actor_class_4,STRONG,"BATTLE cue mapper; decoded VoiceCueEntry {cue, variant_count, sample_id[]}"
0x0D,4364,0,4,ウル,BATTLE.BIN,,0x0033C7D8,battle_actor_class_4,STRONG,"BATTLE cue mapper; decoded VoiceCueEntry {cue, variant_count, sample_id[]}"
0x0E,4406,0,4,ウル,BATTLE.BIN,,0x0033C7D8,battle_actor_class_4,STRONG,"BATTLE cue mapper; decoded VoiceCueEntry {cue, variant_count, sample_id[]}"
0x0F,4366,0,4,ウル,BATTLE.BIN,,0x0033C7D8,battle_actor_class_4,STRONG,"BATTLE cue mapper; decoded VoiceCueEntry {cue, variant_count, sample_id[]}"
0x10,4394,0,4,ウル,BATTLE.BIN,,0x0033C7D8,battle_actor_class_4,STRONG,"BATTLE cue mapper; decoded VoiceCueEntry {cue, variant_count, sample_id[]}"
0x11,4394,0,4,ウル,BATTLE.BIN,,0x0033C7D8,battle_actor_class_4,STRONG,"BATTLE cue mapper; decoded VoiceCueEntry {cue, variant_count, sample_id[]}"
0x12,4420,0,4,ウル,BATTLE.BIN,,0x0033C7D8,battle_actor_class_4,STRONG,"BATTLE cue mapper; decoded VoiceCueEntry {cue, variant_count, sample_id[]}"
0x13,4418,0,4,ウル,BATTLE.BIN,,0x0033C7D8,battle_actor_class_4,STRONG,"BATTLE cue mapper; decoded VoiceCueEntry {cue, variant_count, sample_id[]}"
0x14,4412,0,4,ウル,BATTLE.BIN,,0x0033C7D8,battle_actor_class_4,STRONG,"BATTLE cue mapper; decoded VoiceCueEntry {cue, variant_count, sample_id[]}"
0x15,4408,0,4,ウル,BATTLE.BIN,,0x0033C7D8,battle_actor_class_4,STRONG,"BATTLE cue mapper; decoded VoiceCueEntry {cue, variant_count, sample_id[]}"
0x16,4368,0,4,ウル,BATTLE.BIN,,0x0033C7D8,battle_actor_class_4,STRONG,"BATTLE cue mapper; decoded VoiceCueEntry {cue, variant_count, sample_id[]}"
0x16,4334,1,4,ウル,BATTLE.BIN,,0x0033C7D8,battle_actor_class_4,STRONG,"BATTLE cue mapper; decoded VoiceCueEntry {cue, variant_count, sample_id[]}"
0x17,4370,0,4,ウル,BATTLE.BIN,,0x0033C7D8,battle_actor_class_4,STRONG,"BATTLE cue mapper; decoded VoiceCueEntry {cue, variant_count, sample_id[]}"
0x17,4334,1,4,ウル,BATTLE.BIN,,0x0033C7D8,battle_actor_class_4,STRONG,"BATTLE cue mapper; decoded VoiceCueEntry {cue, variant_count, sample_id[]}"
0x18,4372,0,4,ウル,BATTLE.BIN,,0x0033C7D8,battle_actor_class_4,STRONG,"BATTLE cue mapper; decoded VoiceCueEntry {cue, variant_count, sample_id[]}"
0x19,4374,0,4,ウル,BATTLE.BIN,,0x0033C7D8,battle_actor_class_4,STRONG,"BATTLE cue mapper; decoded VoiceCueEntry {cue, variant_count, sample_id[]}"
0x1A,4390,0,4,ウル,BATTLE.BIN,,0x0033C7D8,battle_actor_class_4,STRONG,"BATTLE cue mapper; decoded VoiceCueEntry {cue, variant_count, sample_id[]}"
0x1B,4390,0,4,ウル,BATTLE.BIN,,0x0033C7D8,battle_actor_class_4,STRONG,"BATTLE cue mapper; decoded VoiceCueEntry {cue, variant_count, sample_id[]}"
0x1C,4390,0,4,ウル,BATTLE.BIN,,0x0033C7D8,battle_actor_class_4,STRONG,"BATTLE cue mapper; decoded VoiceCueEntry {cue, variant_count, sample_id[]}"
0x1D,4398,0,4,ウル,BATTLE.BIN,,0x0033C7D8,battle_actor_class_4,STRONG,"BATTLE cue mapper; decoded VoiceCueEntry {cue, variant_count, sample_id[]}"
0x1E,4398,0,4,ウル,BATTLE.BIN,,0x0033C7D8,battle_actor_class_4,STRONG,"BATTLE cue mapper; decoded VoiceCueEntry {cue, variant_count, sample_id[]}"
0x1F,4404,0,4,ウル,BATTLE.BIN,,0x0033C7D8,battle_actor_class_4,STRONG,"BATTLE cue mapper; decoded VoiceCueEntry {cue, variant_count, sample_id[]}"
0x20,4376,0,4,ウル,BATTLE.BIN,,0x0033C7D8,battle_actor_class_4,STRONG,"BATTLE cue mapper; decoded VoiceCueEntry {cue, variant_count, sample_id[]}"
0x20,4334,1,4,ウル,BATTLE.BIN,,0x0033C7D8,battle_actor_class_4,STRONG,"BATTLE cue mapper; decoded VoiceCueEntry {cue, variant_count, sample_id[]}"
0x21,4378,0,4,ウル,BATTLE.BIN,,0x0033C7D8,battle_actor_class_4,STRONG,"BATTLE cue mapper; decoded VoiceCueEntry {cue, variant_count, sample_id[]}"
0x21,4334,1,4,ウル,BATTLE.BIN,,0x0033C7D8,battle_actor_class_4,STRONG,"BATTLE cue mapper; decoded VoiceCueEntry {cue, variant_count, sample_id[]}"
0x22,4382,0,4,ウル,BATTLE.BIN,,0x0033C7D8,battle_actor_class_4,STRONG,"BATTLE cue mapper; decoded VoiceCueEntry {cue, variant_count, sample_id[]}"
0x22,4334,1,4,ウル,BATTLE.BIN,,0x0033C7D8,battle_actor_class_4,STRONG,"BATTLE cue mapper; decoded VoiceCueEntry {cue, variant_count, sample_id[]}"
0x23,4380,0,4,ウル,BATTLE.BIN,,0x0033C7D8,battle_actor_class_4,STRONG,"BATTLE cue mapper; decoded VoiceCueEntry {cue, variant_count, sample_id[]}"
0x23,4334,1,4,ウル,BATTLE.BIN,,0x0033C7D8,battle_actor_class_4,STRONG,"BATTLE cue mapper; decoded VoiceCueEntry {cue, variant_count, sample_id[]}"
0x24,4384,0,4,ウル,BATTLE.BIN,,0x0033C7D8,battle_actor_class_4,STRONG,"BATTLE cue mapper; decoded VoiceCueEntry {cue, variant_count, sample_id[]}"
0x24,4334,1,4,ウル,BATTLE.BIN,,0x0033C7D8,battle_actor_class_4,STRONG,"BATTLE cue mapper; decoded VoiceCueEntry {cue, variant_count, sample_id[]}"
0x25,4386,0,4,ウル,BATTLE.BIN,,0x0033C7D8,battle_actor_class_4,STRONG,"BATTLE cue mapper; decoded VoiceCueEntry {cue, variant_count, sample_id[]}"
0x26,4388,0,4,ウル,BATTLE.BIN,,0x0033C7D8,battle_actor_class_4,STRONG,"BATTLE cue mapper; decoded VoiceCueEntry {cue, variant_count, sample_id[]}"
0x27,4416,0,4,ウル,BATTLE.BIN,,0x0033C7D8,battle_actor_class_4,STRONG,"BATTLE cue mapper; decoded VoiceCueEntry {cue, variant_count, sample_id[]}"
0x28,4402,0,4,ウル,BATTLE.BIN,,0x0033C7D8,battle_actor_class_4,STRONG,"BATTLE cue mapper; decoded VoiceCueEntry {cue, variant_count, sample_id[]}"
0x29,4400,0,4,ウル,BATTLE.BIN,,0x0033C7D8,battle_actor_class_4,STRONG,"BATTLE cue mapper; decoded VoiceCueEntry {cue, variant_count, sample_id[]}"
0x2A,4410,0,4,ウル,BATTLE.BIN,,0x0033C7D8,battle_actor_class_4,STRONG,"BATTLE cue mapper; decoded VoiceCueEntry {cue, variant_count, sample_id[]}"
0x65,4336,0,4,ウル,BATTLE.BIN,,0x0033C7D8,battle_actor_class_4,STRONG,"BATTLE cue mapper; decoded VoiceCueEntry {cue, variant_count, sample_id[]}"
0x66,4336,0,4,ウル,BATTLE.BIN,,0x0033C7D8,battle_actor_class_4,STRONG,"BATTLE cue mapper; decoded VoiceCueEntry {cue, variant_count, sample_id[]}"
0x67,4336,0,4,ウル,BATTLE.BIN,,0x0033C7D8,battle_actor_class_4,STRONG,"BATTLE cue mapper; decoded VoiceCueEntry {cue, variant_count, sample_id[]}"
0x68,4336,0,4,ウル,BATTLE.BIN,,0x0033C7D8,battle_actor_class_4,STRONG,"BATTLE cue mapper; decoded VoiceCueEntry {cue, variant_count, sample_id[]}"
0x69,4336,0,4,ウル,BATTLE.BIN,,0x0033C7D8,battle_actor_class_4,STRONG,"BATTLE cue mapper; decoded VoiceCueEntry {cue, variant_count, sample_id[]}"
0x6A,4336,0,4,ウル,BATTLE.BIN,,0x0033C7D8,battle_actor_class_4,STRONG,"BATTLE cue mapper; decoded VoiceCueEntry {cue, variant_count, sample_id[]}"
0x6B,4336,0,4,ウル,BATTLE.BIN,,0x0033C7D8,battle_actor_class_4,STRONG,"BATTLE cue mapper; decoded VoiceCueEntry {cue, variant_count, sample_id[]}"
0x6C,4336,0,4,ウル,BATTLE.BIN,,0x0033C7D8,battle_actor_class_4,STRONG,"BATTLE cue mapper; decoded VoiceCueEntry {cue, variant_count, sample_id[]}"
0x6D,4336,0,4,ウル,BATTLE.BIN,,0x0033C7D8,battle_actor_class_4,STRONG,"BATTLE cue mapper; decoded VoiceCueEntry {cue, variant_count, sample_id[]}"
0x6E,4336,0,4,ウル,BATTLE.BIN,,0x0033C7D8,battle_actor_class_4,STRONG,"BATTLE cue mapper; decoded VoiceCueEntry {cue, variant_count, sample_id[]}"
0x6F,4336,0,4,ウル,BATTLE.BIN,,0x0033C7D8,battle_actor_class_4,STRONG,"BATTLE cue mapper; decoded VoiceCueEntry {cue, variant_count, sample_id[]}"
0x70,4336,0,4,ウル,BATTLE.BIN,,0x0033C7D8,battle_actor_class_4,STRONG,"BATTLE cue mapper; decoded VoiceCueEntry {cue, variant_count, sample_id[]}"
0x71,4336,0,4,ウル,BATTLE.BIN,,0x0033C7D8,battle_actor_class_4,STRONG,"BATTLE cue mapper; decoded VoiceCueEntry {cue, variant_count, sample_id[]}"
0x71,4338,1,4,ウル,BATTLE.BIN,,0x0033C7D8,battle_actor_class_4,STRONG,"BATTLE cue mapper; decoded VoiceCueEntry {cue, variant_count, sample_id[]}"
0x72,4336,0,4,ウル,BATTLE.BIN,,0x0033C7D8,battle_actor_class_4,STRONG,"BATTLE cue mapper; decoded VoiceCueEntry {cue, variant_count, sample_id[]}"
0x72,4338,1,4,ウル,BATTLE.BIN,,0x0033C7D8,battle_actor_class_4,STRONG,"BATTLE cue mapper; decoded VoiceCueEntry {cue, variant_count, sample_id[]}"
0x73,4336,0,4,ウル,BATTLE.BIN,,0x0033C7D8,battle_actor_class_4,STRONG,"BATTLE cue mapper; decoded VoiceCueEntry {cue, variant_count, sample_id[]}"
0x73,4338,1,4,ウル,BATTLE.BIN,,0x0033C7D8,battle_actor_class_4,STRONG,"BATTLE cue mapper; decoded VoiceCueEntry {cue, variant_count, sample_id[]}"
0x74,4336,0,4,ウル,BATTLE.BIN,,0x0033C7D8,battle_actor_class_4,STRONG,"BATTLE cue mapper; decoded VoiceCueEntry {cue, variant_count, sample_id[]}"
0x74,4338,1,4,ウル,BATTLE.BIN,,0x0033C7D8,battle_actor_class_4,STRONG,"BATTLE cue mapper; decoded VoiceCueEntry {cue, variant_count, sample_id[]}"
0x75,4336,0,4,ウル,BATTLE.BIN,,0x0033C7D8,battle_actor_class_4,STRONG,"BATTLE cue mapper; decoded VoiceCueEntry {cue, variant_count, sample_id[]}"
0x75,4338,1,4,ウル,BATTLE.BIN,,0x0033C7D8,battle_actor_class_4,STRONG,"BATTLE cue mapper; decoded VoiceCueEntry {cue, variant_count, sample_id[]}"
0x76,4336,0,4,ウル,BATTLE.BIN,,0x0033C7D8,battle_actor_class_4,STRONG,"BATTLE cue mapper; decoded VoiceCueEntry {cue, variant_count, sample_id[]}"
0x76,4338,1,4,ウル,BATTLE.BIN,,0x0033C7D8,battle_actor_class_4,STRONG,"BATTLE cue mapper; decoded VoiceCueEntry {cue, variant_count, sample_id[]}"
0x77,4336,0,4,ウル,BATTLE.BIN,,0x0033C7D8,battle_actor_class_4,STRONG,"BATTLE cue mapper; decoded VoiceCueEntry {cue, variant_count, sample_id[]}"
0x77,4338,1,4,ウル,BATTLE.BIN,,0x0033C7D8,battle_actor_class_4,STRONG,"BATTLE cue mapper; decoded VoiceCueEntry {cue, variant_count, sample_id[]}"
0x78,4340,0,4,ウル,BATTLE.BIN,,0x0033C7D8,battle_actor_class_4,STRONG,"BATTLE cue mapper; decoded VoiceCueEntry {cue, variant_count, sample_id[]}"
0x79,4340,0,4,ウル,BATTLE.BIN,,0x0033C7D8,battle_actor_class_4,STRONG,"BATTLE cue mapper; decoded VoiceCueEntry {cue, variant_count, sample_id[]}"
0x7A,4340,0,4,ウル,BATTLE.BIN,,0x0033C7D8,battle_actor_class_4,STRONG,"BATTLE cue mapper; decoded VoiceCueEntry {cue, variant_count, sample_id[]}"
0x7B,4340,0,4,ウル,BATTLE.BIN,,0x0033C7D8,battle_actor_class_4,STRONG,"BATTLE cue mapper; decoded VoiceCueEntry {cue, variant_count, sample_id[]}"
0x7C,4336,0,4,ウル,BATTLE.BIN,,0x0033C7D8,battle_actor_class_4,STRONG,"BATTLE cue mapper; decoded VoiceCueEntry {cue, variant_count, sample_id[]}"
0x7C,4338,1,4,ウル,BATTLE.BIN,,0x0033C7D8,battle_actor_class_4,STRONG,"BATTLE cue mapper; decoded VoiceCueEntry {cue, variant_count, sample_id[]}"
0x7D,4336,0,4,ウル,BATTLE.BIN,,0x0033C7D8,battle_actor_class_4,STRONG,"BATTLE cue mapper; decoded VoiceCueEntry {cue, variant_count, sample_id[]}"
0x7D,4338,1,4,ウル,BATTLE.BIN,,0x0033C7D8,battle_actor_class_4,STRONG,"BATTLE cue mapper; decoded VoiceCueEntry {cue, variant_count, sample_id[]}"
0x7E,4336,0,4,ウル,BATTLE.BIN,,0x0033C7D8,battle_actor_class_4,STRONG,"BATTLE cue mapper; decoded VoiceCueEntry {cue, variant_count, sample_id[]}"
0x7E,4338,1,4,ウル,BATTLE.BIN,,0x0033C7D8,battle_actor_class_4,STRONG,"BATTLE cue mapper; decoded VoiceCueEntry {cue, variant_count, sample_id[]}"
0x7F,4336,0,4,ウル,BATTLE.BIN,,0x0033C7D8,battle_actor_class_4,STRONG,"BATTLE cue mapper; decoded VoiceCueEntry {cue, variant_count, sample_id[]}"
0x7F,4338,1,4,ウル,BATTLE.BIN,,0x0033C7D8,battle_actor_class_4,STRONG,"BATTLE cue mapper; decoded VoiceCueEntry {cue, variant_count, sample_id[]}"
0x80,4336,0,4,ウル,BATTLE.BIN,,0x0033C7D8,battle_actor_class_4,STRONG,"BATTLE cue mapper; decoded VoiceCueEntry {cue, variant_count, sample_id[]}"
0x80,4338,1,4,ウル,BATTLE.BIN,,0x0033C7D8,battle_actor_class_4,STRONG,"BATTLE cue mapper; decoded VoiceCueEntry {cue, variant_count, sample_id[]}"
0x81,4336,0,4,ウル,BATTLE.BIN,,0x0033C7D8,battle_actor_class_4,STRONG,"BATTLE cue mapper; decoded VoiceCueEntry {cue, variant_count, sample_id[]}"
0x81,4338,1,4,ウル,BATTLE.BIN,,0x0033C7D8,battle_actor_class_4,STRONG,"BATTLE cue mapper; decoded VoiceCueEntry {cue, variant_count, sample_id[]}"
0x82,4338,0,4,ウル,BATTLE.BIN,,0x0033C7D8,battle_actor_class_4,STRONG,"BATTLE cue mapper; decoded VoiceCueEntry {cue, variant_count, sample_id[]}"
0x82,4336,1,4,ウル,BATTLE.BIN,,0x0033C7D8,battle_actor_class_4,STRONG,"BATTLE cue mapper; decoded VoiceCueEntry {cue, variant_count, sample_id[]}"
0x83,4338,0,4,ウル,BATTLE.BIN,,0x0033C7D8,battle_actor_class_4,STRONG,"BATTLE cue mapper; decoded VoiceCueEntry {cue, variant_count, sample_id[]}"
0x83,4336,1,4,ウル,BATTLE.BIN,,0x0033C7D8,battle_actor_class_4,STRONG,"BATTLE cue mapper; decoded VoiceCueEntry {cue, variant_count, sample_id[]}"
0x84,4338,0,4,ウル,BATTLE.BIN,,0x0033C7D8,battle_actor_class_4,STRONG,"BATTLE cue mapper; decoded VoiceCueEntry {cue, variant_count, sample_id[]}"
0x84,4336,1,4,ウル,BATTLE.BIN,,0x0033C7D8,battle_actor_class_4,STRONG,"BATTLE cue mapper; decoded VoiceCueEntry {cue, variant_count, sample_id[]}"
0x85,4338,0,4,ウル,BATTLE.BIN,,0x0033C7D8,battle_actor_class_4,STRONG,"BATTLE cue mapper; decoded VoiceCueEntry {cue, variant_count, sample_id[]}"
0x85,4336,1,4,ウル,BATTLE.BIN,,0x0033C7D8,battle_actor_class_4,STRONG,"BATTLE cue mapper; decoded VoiceCueEntry {cue, variant_count, sample_id[]}"
0x86,4338,0,4,ウル,BATTLE.BIN,,0x0033C7D8,battle_actor_class_4,STRONG,"BATTLE cue mapper; decoded VoiceCueEntry {cue, variant_count, sample_id[]}"
0x86,4336,1,4,ウル,BATTLE.BIN,,0x0033C7D8,battle_actor_class_4,STRONG,"BATTLE cue mapper; decoded VoiceCueEntry {cue, variant_count, sample_id[]}"
0x87,4338,0,4,ウル,BATTLE.BIN,,0x0033C7D8,battle_actor_class_4,STRONG,"BATTLE cue mapper; decoded VoiceCueEntry {cue, variant_count, sample_id[]}"
0x87,4336,1,4,ウル,BATTLE.BIN,,0x0033C7D8,battle_actor_class_4,STRONG,"BATTLE cue mapper; decoded VoiceCueEntry {cue, variant_count, sample_id[]}"
0x88,4338,0,4,ウル,BATTLE.BIN,,0x0033C7D8,battle_actor_class_4,STRONG,"BATTLE cue mapper; decoded VoiceCueEntry {cue, variant_count, sample_id[]}"
0x88,4336,1,4,ウル,BATTLE.BIN,,0x0033C7D8,battle_actor_class_4,STRONG,"BATTLE cue mapper; decoded VoiceCueEntry {cue, variant_count, sample_id[]}"
0x89,4334,0,4,ウル,BATTLE.BIN,,0x0033C7D8,battle_actor_class_4,STRONG,"BATTLE cue mapper; decoded VoiceCueEntry {cue, variant_count, sample_id[]}"
0x89,4332,1,4,ウル,BATTLE.BIN,,0x0033C7D8,battle_actor_class_4,STRONG,"BATTLE cue mapper; decoded VoiceCueEntry {cue, variant_count, sample_id[]}"
0x8A,4334,0,4,ウル,BATTLE.BIN,,0x0033C7D8,battle_actor_class_4,STRONG,"BATTLE cue mapper; decoded VoiceCueEntry {cue, variant_count, sample_id[]}"
0x8A,4332,1,4,ウル,BATTLE.BIN,,0x0033C7D8,battle_actor_class_4,STRONG,"BATTLE cue mapper; decoded VoiceCueEntry {cue, variant_count, sample_id[]}"
0x8B,4334,0,4,ウル,BATTLE.BIN,,0x0033C7D8,battle_actor_class_4,STRONG,"BATTLE cue mapper; decoded VoiceCueEntry {cue, variant_count, sample_id[]}"
0x8B,4332,1,4,ウル,BATTLE.BIN,,0x0033C7D8,battle_actor_class_4,STRONG,"BATTLE cue mapper; decoded VoiceCueEntry {cue, variant_count, sample_id[]}"
0x8C,4334,0,4,ウル,BATTLE.BIN,,0x0033C7D8,battle_actor_class_4,STRONG,"BATTLE cue mapper; decoded VoiceCueEntry {cue, variant_count, sample_id[]}"
0x8C,4332,1,4,ウル,BATTLE.BIN,,0x0033C7D8,battle_actor_class_4,STRONG,"BATTLE cue mapper; decoded VoiceCueEntry {cue, variant_count, sample_id[]}"
0x8D,4334,0,4,ウル,BATTLE.BIN,,0x0033C7D8,battle_actor_class_4,STRONG,"BATTLE cue mapper; decoded VoiceCueEntry {cue, variant_count, sample_id[]}"
0x8D,4332,1,4,ウル,BATTLE.BIN,,0x0033C7D8,battle_actor_class_4,STRONG,"BATTLE cue mapper; decoded VoiceCueEntry {cue, variant_count, sample_id[]}"
0x8E,4334,0,4,ウル,BATTLE.BIN,,0x0033C7D8,battle_actor_class_4,STRONG,"BATTLE cue mapper; decoded VoiceCueEntry {cue, variant_count, sample_id[]}"
0x8E,4332,1,4,ウル,BATTLE.BIN,,0x0033C7D8,battle_actor_class_4,STRONG,"BATTLE cue mapper; decoded VoiceCueEntry {cue, variant_count, sample_id[]}"
0x8F,4334,0,4,ウル,BATTLE.BIN,,0x0033C7D8,battle_actor_class_4,STRONG,"BATTLE cue mapper; decoded VoiceCueEntry {cue, variant_count, sample_id[]}"
0x8F,4332,1,4,ウル,BATTLE.BIN,,0x0033C7D8,battle_actor_class_4,STRONG,"BATTLE cue mapper; decoded VoiceCueEntry {cue, variant_count, sample_id[]}"
0x90,4334,0,4,ウル,BATTLE.BIN,,0x0033C7D8,battle_actor_class_4,STRONG,"BATTLE cue mapper; decoded VoiceCueEntry {cue, variant_count, sample_id[]}"
0x90,4332,1,4,ウル,BATTLE.BIN,,0x0033C7D8,battle_actor_class_4,STRONG,"BATTLE cue mapper; decoded VoiceCueEntry {cue, variant_count, sample_id[]}"
0x91,4334,0,4,ウル,BATTLE.BIN,,0x0033C7D8,battle_actor_class_4,STRONG,"BATTLE cue mapper; decoded VoiceCueEntry {cue, variant_count, sample_id[]}"
0x91,4332,1,4,ウル,BATTLE.BIN,,0x0033C7D8,battle_actor_class_4,STRONG,"BATTLE cue mapper; decoded VoiceCueEntry {cue, variant_count, sample_id[]}"
0x92,4334,0,4,ウル,BATTLE.BIN,,0x0033C7D8,battle_actor_class_4,STRONG,"BATTLE cue mapper; decoded VoiceCueEntry {cue, variant_count, sample_id[]}"
0x92,4332,1,4,ウル,BATTLE.BIN,,0x0033C7D8,battle_actor_class_4,STRONG,"BATTLE cue mapper; decoded VoiceCueEntry {cue, variant_count, sample_id[]}"
0x93,4334,0,4,ウル,BATTLE.BIN,,0x0033C7D8,battle_actor_class_4,STRONG,"BATTLE cue mapper; decoded VoiceCueEntry {cue, variant_count, sample_id[]}"
0x93,4332,1,4,ウル,BATTLE.BIN,,0x0033C7D8,battle_actor_class_4,STRONG,"BATTLE cue mapper; decoded VoiceCueEntry {cue, variant_count, sample_id[]}"
0x94,4334,0,4,ウル,BATTLE.BIN,,0x0033C7D8,battle_actor_class_4,STRONG,"BATTLE cue mapper; decoded VoiceCueEntry {cue, variant_count, sample_id[]}"
0x94,4332,1,4,ウル,BATTLE.BIN,,0x0033C7D8,battle_actor_class_4,STRONG,"BATTLE cue mapper; decoded VoiceCueEntry {cue, variant_count, sample_id[]}"
0x95,4332,0,4,ウル,BATTLE.BIN,,0x0033C7D8,battle_actor_class_4,STRONG,"BATTLE cue mapper; decoded VoiceCueEntry {cue, variant_count, sample_id[]}"
0x96,4332,0,4,ウル,BATTLE.BIN,,0x0033C7D8,battle_actor_class_4,STRONG,"BATTLE cue mapper; decoded VoiceCueEntry {cue, variant_count, sample_id[]}"
0x98,4332,0,4,ウル,BATTLE.BIN,,0x0033C7D8,battle_actor_class_4,STRONG,"BATTLE cue mapper; decoded VoiceCueEntry {cue, variant_count, sample_id[]}"
0x99,4332,0,4,ウル,BATTLE.BIN,,0x0033C7D8,battle_actor_class_4,STRONG,"BATTLE cue mapper; decoded VoiceCueEntry {cue, variant_count, sample_id[]}"
0x9A,4338,0,4,ウル,BATTLE.BIN,,0x0033C7D8,battle_actor_class_4,STRONG,"BATTLE cue mapper; decoded VoiceCueEntry {cue, variant_count, sample_id[]}"
0x9B,4338,0,4,ウル,BATTLE.BIN,,0x0033C7D8,battle_actor_class_4,STRONG,"BATTLE cue mapper; decoded VoiceCueEntry {cue, variant_count, sample_id[]}"
0x9C,4338,0,4,ウル,BATTLE.BIN,,0x0033C7D8,battle_actor_class_4,STRONG,"BATTLE cue mapper; decoded VoiceCueEntry {cue, variant_count, sample_id[]}"
0x9D,4338,0,4,ウル,BATTLE.BIN,,0x0033C7D8,battle_actor_class_4,STRONG,"BATTLE cue mapper; decoded VoiceCueEntry {cue, variant_count, sample_id[]}"
0x9E,4332,0,4,ウル,BATTLE.BIN,,0x0033C7D8,battle_actor_class_4,STRONG,"BATTLE cue mapper; decoded VoiceCueEntry {cue, variant_count, sample_id[]}"
0x9E,4334,1,4,ウル,BATTLE.BIN,,0x0033C7D8,battle_actor_class_4,STRONG,"BATTLE cue mapper; decoded VoiceCueEntry {cue, variant_count, sample_id[]}"
0x9F,4332,0,4,ウル,BATTLE.BIN,,0x0033C7D8,battle_actor_class_4,STRONG,"BATTLE cue mapper; decoded VoiceCueEntry {cue, variant_count, sample_id[]}"
0xA0,4336,0,4,ウル,BATTLE.BIN,,0x0033C7D8,battle_actor_class_4,STRONG,"BATTLE cue mapper; decoded VoiceCueEntry {cue, variant_count, sample_id[]}"
0xA1,4336,0,4,ウル,BATTLE.BIN,,0x0033C7D8,battle_actor_class_4,STRONG,"BATTLE cue mapper; decoded VoiceCueEntry {cue, variant_count, sample_id[]}"
0xA1,4398,1,4,ウル,BATTLE.BIN,,0x0033C7D8,battle_actor_class_4,STRONG,"BATTLE cue mapper; decoded VoiceCueEntry {cue, variant_count, sample_id[]}"
0xA2,4332,0,4,ウル,BATTLE.BIN,,0x0033C7D8,battle_actor_class_4,STRONG,"BATTLE cue mapper; decoded VoiceCueEntry {cue, variant_count, sample_id[]}"
0xA2,4334,1,4,ウル,BATTLE.BIN,,0x0033C7D8,battle_actor_class_4,STRONG,"BATTLE cue mapper; decoded VoiceCueEntry {cue, variant_count, sample_id[]}"
0xA3,4332,0,4,ウル,BATTLE.BIN,,0x0033C7D8,battle_actor_class_4,STRONG,"BATTLE cue mapper; decoded VoiceCueEntry {cue, variant_count, sample_id[]}"
0xA3,4334,1,4,ウル,BATTLE.BIN,,0x0033C7D8,battle_actor_class_4,STRONG,"BATTLE cue mapper; decoded VoiceCueEntry {cue, variant_count, sample_id[]}"
0xC9,4422,0,4,ウル,BATTLE.BIN,,0x0033C7D8,battle_actor_class_4,STRONG,"BATTLE cue mapper; decoded VoiceCueEntry {cue, variant_count, sample_id[]}"
0xCA,4424,0,4,ウル,BATTLE.BIN,,0x0033C7D8,battle_actor_class_4,STRONG,"BATTLE cue mapper; decoded VoiceCueEntry {cue, variant_count, sample_id[]}"
0xCB,4426,0,4,ウル,BATTLE.BIN,,0x0033C7D8,battle_actor_class_4,STRONG,"BATTLE cue mapper; decoded VoiceCueEntry {cue, variant_count, sample_id[]}"
0xCC,4428,0,4,ウル,BATTLE.BIN,,0x0033C7D8,battle_actor_class_4,STRONG,"BATTLE cue mapper; decoded VoiceCueEntry {cue, variant_count, sample_id[]}"
0xCD,4430,0,4,ウル,BATTLE.BIN,,0x0033C7D8,battle_actor_class_4,STRONG,"BATTLE cue mapper; decoded VoiceCueEntry {cue, variant_count, sample_id[]}"
0xCE,4994,0,4,ウル,BATTLE.BIN,,0x0033C7D8,battle_actor_class_4,STRONG,"BATTLE cue mapper; decoded VoiceCueEntry {cue, variant_count, sample_id[]}"
0xCF,4432,0,4,ウル,BATTLE.BIN,,0x0033C7D8,battle_actor_class_4,STRONG,"BATTLE cue mapper; decoded VoiceCueEntry {cue, variant_count, sample_id[]}"
0xD0,4434,0,4,ウル,BATTLE.BIN,,0x0033C7D8,battle_actor_class_4,STRONG,"BATTLE cue mapper; decoded VoiceCueEntry {cue, variant_count, sample_id[]}"
0xD1,4396,0,4,ウル,BATTLE.BIN,,0x0033C7D8,battle_actor_class_4,STRONG,"BATTLE cue mapper; decoded VoiceCueEntry {cue, variant_count, sample_id[]}"
0xD2,4396,0,4,ウル,BATTLE.BIN,,0x0033C7D8,battle_actor_class_4,STRONG,"BATTLE cue mapper; decoded VoiceCueEntry {cue, variant_count, sample_id[]}"
0xD3,4392,0,4,ウル,BATTLE.BIN,,0x0033C7D8,battle_actor_class_4,STRONG,"BATTLE cue mapper; decoded VoiceCueEntry {cue, variant_count, sample_id[]}"
0xD4,4392,0,4,ウル,BATTLE.BIN,,0x0033C7D8,battle_actor_class_4,STRONG,"BATTLE cue mapper; decoded VoiceCueEntry {cue, variant_count, sample_id[]}"
0xD5,4392,0,4,ウル,BATTLE.BIN,,0x0033C7D8,battle_actor_class_4,STRONG,"BATTLE cue mapper; decoded VoiceCueEntry {cue, variant_count, sample_id[]}"
0x01,4448,0,5,ダーナ,BATTLE.BIN,,0x0033C7D8,battle_actor_class_5,STRONG,"BATTLE cue mapper; decoded VoiceCueEntry {cue, variant_count, sample_id[]}"
0x02,4450,0,5,ダーナ,BATTLE.BIN,,0x0033C7D8,battle_actor_class_5,STRONG,"BATTLE cue mapper; decoded VoiceCueEntry {cue, variant_count, sample_id[]}"
0x03,4454,0,5,ダーナ,BATTLE.BIN,,0x0033C7D8,battle_actor_class_5,STRONG,"BATTLE cue mapper; decoded VoiceCueEntry {cue, variant_count, sample_id[]}"
0x04,4460,0,5,ダーナ,BATTLE.BIN,,0x0033C7D8,battle_actor_class_5,STRONG,"BATTLE cue mapper; decoded VoiceCueEntry {cue, variant_count, sample_id[]}"
0x05,4452,0,5,ダーナ,BATTLE.BIN,,0x0033C7D8,battle_actor_class_5,STRONG,"BATTLE cue mapper; decoded VoiceCueEntry {cue, variant_count, sample_id[]}"
0x06,4456,0,5,ダーナ,BATTLE.BIN,,0x0033C7D8,battle_actor_class_5,STRONG,"BATTLE cue mapper; decoded VoiceCueEntry {cue, variant_count, sample_id[]}"
0x07,4458,0,5,ダーナ,BATTLE.BIN,,0x0033C7D8,battle_actor_class_5,STRONG,"BATTLE cue mapper; decoded VoiceCueEntry {cue, variant_count, sample_id[]}"
0x08,4464,0,5,ダーナ,BATTLE.BIN,,0x0033C7D8,battle_actor_class_5,STRONG,"BATTLE cue mapper; decoded VoiceCueEntry {cue, variant_count, sample_id[]}"
0x09,4462,0,5,ダーナ,BATTLE.BIN,,0x0033C7D8,battle_actor_class_5,STRONG,"BATTLE cue mapper; decoded VoiceCueEntry {cue, variant_count, sample_id[]}"
0x0A,4520,0,5,ダーナ,BATTLE.BIN,,0x0033C7D8,battle_actor_class_5,STRONG,"BATTLE cue mapper; decoded VoiceCueEntry {cue, variant_count, sample_id[]}"
0x0B,4466,0,5,ダーナ,BATTLE.BIN,,0x0033C7D8,battle_actor_class_5,STRONG,"BATTLE cue mapper; decoded VoiceCueEntry {cue, variant_count, sample_id[]}"
0x0C,4468,0,5,ダーナ,BATTLE.BIN,,0x0033C7D8,battle_actor_class_5,STRONG,"BATTLE cue mapper; decoded VoiceCueEntry {cue, variant_count, sample_id[]}"
0x0D,4470,0,5,ダーナ,BATTLE.BIN,,0x0033C7D8,battle_actor_class_5,STRONG,"BATTLE cue mapper; decoded VoiceCueEntry {cue, variant_count, sample_id[]}"
0x0E,4512,0,5,ダーナ,BATTLE.BIN,,0x0033C7D8,battle_actor_class_5,STRONG,"BATTLE cue mapper; decoded VoiceCueEntry {cue, variant_count, sample_id[]}"
0x0F,4472,0,5,ダーナ,BATTLE.BIN,,0x0033C7D8,battle_actor_class_5,STRONG,"BATTLE cue mapper; decoded VoiceCueEntry {cue, variant_count, sample_id[]}"
0x10,4500,0,5,ダーナ,BATTLE.BIN,,0x0033C7D8,battle_actor_class_5,STRONG,"BATTLE cue mapper; decoded VoiceCueEntry {cue, variant_count, sample_id[]}"
0x11,4500,0,5,ダーナ,BATTLE.BIN,,0x0033C7D8,battle_actor_class_5,STRONG,"BATTLE cue mapper; decoded VoiceCueEntry {cue, variant_count, sample_id[]}"
0x12,4526,0,5,ダーナ,BATTLE.BIN,,0x0033C7D8,battle_actor_class_5,STRONG,"BATTLE cue mapper; decoded VoiceCueEntry {cue, variant_count, sample_id[]}"
0x13,4524,0,5,ダーナ,BATTLE.BIN,,0x0033C7D8,battle_actor_class_5,STRONG,"BATTLE cue mapper; decoded VoiceCueEntry {cue, variant_count, sample_id[]}"
0x14,4518,0,5,ダーナ,BATTLE.BIN,,0x0033C7D8,battle_actor_class_5,STRONG,"BATTLE cue mapper; decoded VoiceCueEntry {cue, variant_count, sample_id[]}"
0x15,4514,0,5,ダーナ,BATTLE.BIN,,0x0033C7D8,battle_actor_class_5,STRONG,"BATTLE cue mapper; decoded VoiceCueEntry {cue, variant_count, sample_id[]}"
0x16,4474,0,5,ダーナ,BATTLE.BIN,,0x0033C7D8,battle_actor_class_5,STRONG,"BATTLE cue mapper; decoded VoiceCueEntry {cue, variant_count, sample_id[]}"
0x17,4476,0,5,ダーナ,BATTLE.BIN,,0x0033C7D8,battle_actor_class_5,STRONG,"BATTLE cue mapper; decoded VoiceCueEntry {cue, variant_count, sample_id[]}"
0x18,4478,0,5,ダーナ,BATTLE.BIN,,0x0033C7D8,battle_actor_class_5,STRONG,"BATTLE cue mapper; decoded VoiceCueEntry {cue, variant_count, sample_id[]}"
0x19,4480,0,5,ダーナ,BATTLE.BIN,,0x0033C7D8,battle_actor_class_5,STRONG,"BATTLE cue mapper; decoded VoiceCueEntry {cue, variant_count, sample_id[]}"
0x1A,4496,0,5,ダーナ,BATTLE.BIN,,0x0033C7D8,battle_actor_class_5,STRONG,"BATTLE cue mapper; decoded VoiceCueEntry {cue, variant_count, sample_id[]}"
0x1B,4496,0,5,ダーナ,BATTLE.BIN,,0x0033C7D8,battle_actor_class_5,STRONG,"BATTLE cue mapper; decoded VoiceCueEntry {cue, variant_count, sample_id[]}"
0x1C,4496,0,5,ダーナ,BATTLE.BIN,,0x0033C7D8,battle_actor_class_5,STRONG,"BATTLE cue mapper; decoded VoiceCueEntry {cue, variant_count, sample_id[]}"
0x1D,4504,0,5,ダーナ,BATTLE.BIN,,0x0033C7D8,battle_actor_class_5,STRONG,"BATTLE cue mapper; decoded VoiceCueEntry {cue, variant_count, sample_id[]}"
0x1E,4504,0,5,ダーナ,BATTLE.BIN,,0x0033C7D8,battle_actor_class_5,STRONG,"BATTLE cue mapper; decoded VoiceCueEntry {cue, variant_count, sample_id[]}"
0x1F,4510,0,5,ダーナ,BATTLE.BIN,,0x0033C7D8,battle_actor_class_5,STRONG,"BATTLE cue mapper; decoded VoiceCueEntry {cue, variant_count, sample_id[]}"
0x20,4482,0,5,ダーナ,BATTLE.BIN,,0x0033C7D8,battle_actor_class_5,STRONG,"BATTLE cue mapper; decoded VoiceCueEntry {cue, variant_count, sample_id[]}"
0x21,4484,0,5,ダーナ,BATTLE.BIN,,0x0033C7D8,battle_actor_class_5,STRONG,"BATTLE cue mapper; decoded VoiceCueEntry {cue, variant_count, sample_id[]}"
0x22,4488,0,5,ダーナ,BATTLE.BIN,,0x0033C7D8,battle_actor_class_5,STRONG,"BATTLE cue mapper; decoded VoiceCueEntry {cue, variant_count, sample_id[]}"
0x23,4486,0,5,ダーナ,BATTLE.BIN,,0x0033C7D8,battle_actor_class_5,STRONG,"BATTLE cue mapper; decoded VoiceCueEntry {cue, variant_count, sample_id[]}"
0x24,4490,0,5,ダーナ,BATTLE.BIN,,0x0033C7D8,battle_actor_class_5,STRONG,"BATTLE cue mapper; decoded VoiceCueEntry {cue, variant_count, sample_id[]}"
0x25,4492,0,5,ダーナ,BATTLE.BIN,,0x0033C7D8,battle_actor_class_5,STRONG,"BATTLE cue mapper; decoded VoiceCueEntry {cue, variant_count, sample_id[]}"
0x26,4494,0,5,ダーナ,BATTLE.BIN,,0x0033C7D8,battle_actor_class_5,STRONG,"BATTLE cue mapper; decoded VoiceCueEntry {cue, variant_count, sample_id[]}"
0x27,4522,0,5,ダーナ,BATTLE.BIN,,0x0033C7D8,battle_actor_class_5,STRONG,"BATTLE cue mapper; decoded VoiceCueEntry {cue, variant_count, sample_id[]}"
0x28,4508,0,5,ダーナ,BATTLE.BIN,,0x0033C7D8,battle_actor_class_5,STRONG,"BATTLE cue mapper; decoded VoiceCueEntry {cue, variant_count, sample_id[]}"
0x29,4506,0,5,ダーナ,BATTLE.BIN,,0x0033C7D8,battle_actor_class_5,STRONG,"BATTLE cue mapper; decoded VoiceCueEntry {cue, variant_count, sample_id[]}"
0x2A,4516,0,5,ダーナ,BATTLE.BIN,,0x0033C7D8,battle_actor_class_5,STRONG,"BATTLE cue mapper; decoded VoiceCueEntry {cue, variant_count, sample_id[]}"
0x65,4442,0,5,ダーナ,BATTLE.BIN,,0x0033C7D8,battle_actor_class_5,STRONG,"BATTLE cue mapper; decoded VoiceCueEntry {cue, variant_count, sample_id[]}"
0x66,4442,0,5,ダーナ,BATTLE.BIN,,0x0033C7D8,battle_actor_class_5,STRONG,"BATTLE cue mapper; decoded VoiceCueEntry {cue, variant_count, sample_id[]}"
0x67,4442,0,5,ダーナ,BATTLE.BIN,,0x0033C7D8,battle_actor_class_5,STRONG,"BATTLE cue mapper; decoded VoiceCueEntry {cue, variant_count, sample_id[]}"
0x68,4442,0,5,ダーナ,BATTLE.BIN,,0x0033C7D8,battle_actor_class_5,STRONG,"BATTLE cue mapper; decoded VoiceCueEntry {cue, variant_count, sample_id[]}"
0x69,4442,0,5,ダーナ,BATTLE.BIN,,0x0033C7D8,battle_actor_class_5,STRONG,"BATTLE cue mapper; decoded VoiceCueEntry {cue, variant_count, sample_id[]}"
0x6A,4442,0,5,ダーナ,BATTLE.BIN,,0x0033C7D8,battle_actor_class_5,STRONG,"BATTLE cue mapper; decoded VoiceCueEntry {cue, variant_count, sample_id[]}"
0x6B,4442,0,5,ダーナ,BATTLE.BIN,,0x0033C7D8,battle_actor_class_5,STRONG,"BATTLE cue mapper; decoded VoiceCueEntry {cue, variant_count, sample_id[]}"
0x6C,4442,0,5,ダーナ,BATTLE.BIN,,0x0033C7D8,battle_actor_class_5,STRONG,"BATTLE cue mapper; decoded VoiceCueEntry {cue, variant_count, sample_id[]}"
0x6D,4442,0,5,ダーナ,BATTLE.BIN,,0x0033C7D8,battle_actor_class_5,STRONG,"BATTLE cue mapper; decoded VoiceCueEntry {cue, variant_count, sample_id[]}"
0x6E,4442,0,5,ダーナ,BATTLE.BIN,,0x0033C7D8,battle_actor_class_5,STRONG,"BATTLE cue mapper; decoded VoiceCueEntry {cue, variant_count, sample_id[]}"
0x6F,4442,0,5,ダーナ,BATTLE.BIN,,0x0033C7D8,battle_actor_class_5,STRONG,"BATTLE cue mapper; decoded VoiceCueEntry {cue, variant_count, sample_id[]}"
0x70,4442,0,5,ダーナ,BATTLE.BIN,,0x0033C7D8,battle_actor_class_5,STRONG,"BATTLE cue mapper; decoded VoiceCueEntry {cue, variant_count, sample_id[]}"
0x71,4442,0,5,ダーナ,BATTLE.BIN,,0x0033C7D8,battle_actor_class_5,STRONG,"BATTLE cue mapper; decoded VoiceCueEntry {cue, variant_count, sample_id[]}"
0x71,4444,1,5,ダーナ,BATTLE.BIN,,0x0033C7D8,battle_actor_class_5,STRONG,"BATTLE cue mapper; decoded VoiceCueEntry {cue, variant_count, sample_id[]}"
0x72,4442,0,5,ダーナ,BATTLE.BIN,,0x0033C7D8,battle_actor_class_5,STRONG,"BATTLE cue mapper; decoded VoiceCueEntry {cue, variant_count, sample_id[]}"
0x72,4444,1,5,ダーナ,BATTLE.BIN,,0x0033C7D8,battle_actor_class_5,STRONG,"BATTLE cue mapper; decoded VoiceCueEntry {cue, variant_count, sample_id[]}"
0x73,4442,0,5,ダーナ,BATTLE.BIN,,0x0033C7D8,battle_actor_class_5,STRONG,"BATTLE cue mapper; decoded VoiceCueEntry {cue, variant_count, sample_id[]}"
0x73,4444,1,5,ダーナ,BATTLE.BIN,,0x0033C7D8,battle_actor_class_5,STRONG,"BATTLE cue mapper; decoded VoiceCueEntry {cue, variant_count, sample_id[]}"
0x74,4442,0,5,ダーナ,BATTLE.BIN,,0x0033C7D8,battle_actor_class_5,STRONG,"BATTLE cue mapper; decoded VoiceCueEntry {cue, variant_count, sample_id[]}"
0x74,4444,1,5,ダーナ,BATTLE.BIN,,0x0033C7D8,battle_actor_class_5,STRONG,"BATTLE cue mapper; decoded VoiceCueEntry {cue, variant_count, sample_id[]}"
0x75,4442,0,5,ダーナ,BATTLE.BIN,,0x0033C7D8,battle_actor_class_5,STRONG,"BATTLE cue mapper; decoded VoiceCueEntry {cue, variant_count, sample_id[]}"
0x75,4444,1,5,ダーナ,BATTLE.BIN,,0x0033C7D8,battle_actor_class_5,STRONG,"BATTLE cue mapper; decoded VoiceCueEntry {cue, variant_count, sample_id[]}"
0x76,4442,0,5,ダーナ,BATTLE.BIN,,0x0033C7D8,battle_actor_class_5,STRONG,"BATTLE cue mapper; decoded VoiceCueEntry {cue, variant_count, sample_id[]}"
0x76,4444,1,5,ダーナ,BATTLE.BIN,,0x0033C7D8,battle_actor_class_5,STRONG,"BATTLE cue mapper; decoded VoiceCueEntry {cue, variant_count, sample_id[]}"
0x77,4442,0,5,ダーナ,BATTLE.BIN,,0x0033C7D8,battle_actor_class_5,STRONG,"BATTLE cue mapper; decoded VoiceCueEntry {cue, variant_count, sample_id[]}"
0x77,4444,1,5,ダーナ,BATTLE.BIN,,0x0033C7D8,battle_actor_class_5,STRONG,"BATTLE cue mapper; decoded VoiceCueEntry {cue, variant_count, sample_id[]}"
0x78,4446,0,5,ダーナ,BATTLE.BIN,,0x0033C7D8,battle_actor_class_5,STRONG,"BATTLE cue mapper; decoded VoiceCueEntry {cue, variant_count, sample_id[]}"
0x79,4446,0,5,ダーナ,BATTLE.BIN,,0x0033C7D8,battle_actor_class_5,STRONG,"BATTLE cue mapper; decoded VoiceCueEntry {cue, variant_count, sample_id[]}"
0x7A,4446,0,5,ダーナ,BATTLE.BIN,,0x0033C7D8,battle_actor_class_5,STRONG,"BATTLE cue mapper; decoded VoiceCueEntry {cue, variant_count, sample_id[]}"
0x7B,4446,0,5,ダーナ,BATTLE.BIN,,0x0033C7D8,battle_actor_class_5,STRONG,"BATTLE cue mapper; decoded VoiceCueEntry {cue, variant_count, sample_id[]}"
0x7C,4442,0,5,ダーナ,BATTLE.BIN,,0x0033C7D8,battle_actor_class_5,STRONG,"BATTLE cue mapper; decoded VoiceCueEntry {cue, variant_count, sample_id[]}"
0x7D,4442,0,5,ダーナ,BATTLE.BIN,,0x0033C7D8,battle_actor_class_5,STRONG,"BATTLE cue mapper; decoded VoiceCueEntry {cue, variant_count, sample_id[]}"
0x7E,4442,0,5,ダーナ,BATTLE.BIN,,0x0033C7D8,battle_actor_class_5,STRONG,"BATTLE cue mapper; decoded VoiceCueEntry {cue, variant_count, sample_id[]}"
0x7F,4442,0,5,ダーナ,BATTLE.BIN,,0x0033C7D8,battle_actor_class_5,STRONG,"BATTLE cue mapper; decoded VoiceCueEntry {cue, variant_count, sample_id[]}"
0x80,4442,0,5,ダーナ,BATTLE.BIN,,0x0033C7D8,battle_actor_class_5,STRONG,"BATTLE cue mapper; decoded VoiceCueEntry {cue, variant_count, sample_id[]}"
0x81,4442,0,5,ダーナ,BATTLE.BIN,,0x0033C7D8,battle_actor_class_5,STRONG,"BATTLE cue mapper; decoded VoiceCueEntry {cue, variant_count, sample_id[]}"
0x82,4442,0,5,ダーナ,BATTLE.BIN,,0x0033C7D8,battle_actor_class_5,STRONG,"BATTLE cue mapper; decoded VoiceCueEntry {cue, variant_count, sample_id[]}"
0x82,4444,1,5,ダーナ,BATTLE.BIN,,0x0033C7D8,battle_actor_class_5,STRONG,"BATTLE cue mapper; decoded VoiceCueEntry {cue, variant_count, sample_id[]}"
0x83,4442,0,5,ダーナ,BATTLE.BIN,,0x0033C7D8,battle_actor_class_5,STRONG,"BATTLE cue mapper; decoded VoiceCueEntry {cue, variant_count, sample_id[]}"
0x83,4444,1,5,ダーナ,BATTLE.BIN,,0x0033C7D8,battle_actor_class_5,STRONG,"BATTLE cue mapper; decoded VoiceCueEntry {cue, variant_count, sample_id[]}"
0x84,4442,0,5,ダーナ,BATTLE.BIN,,0x0033C7D8,battle_actor_class_5,STRONG,"BATTLE cue mapper; decoded VoiceCueEntry {cue, variant_count, sample_id[]}"
0x84,4444,1,5,ダーナ,BATTLE.BIN,,0x0033C7D8,battle_actor_class_5,STRONG,"BATTLE cue mapper; decoded VoiceCueEntry {cue, variant_count, sample_id[]}"
0x85,4442,0,5,ダーナ,BATTLE.BIN,,0x0033C7D8,battle_actor_class_5,STRONG,"BATTLE cue mapper; decoded VoiceCueEntry {cue, variant_count, sample_id[]}"
0x85,4444,1,5,ダーナ,BATTLE.BIN,,0x0033C7D8,battle_actor_class_5,STRONG,"BATTLE cue mapper; decoded VoiceCueEntry {cue, variant_count, sample_id[]}"
0x86,4442,0,5,ダーナ,BATTLE.BIN,,0x0033C7D8,battle_actor_class_5,STRONG,"BATTLE cue mapper; decoded VoiceCueEntry {cue, variant_count, sample_id[]}"
0x86,4444,1,5,ダーナ,BATTLE.BIN,,0x0033C7D8,battle_actor_class_5,STRONG,"BATTLE cue mapper; decoded VoiceCueEntry {cue, variant_count, sample_id[]}"
0x87,4442,0,5,ダーナ,BATTLE.BIN,,0x0033C7D8,battle_actor_class_5,STRONG,"BATTLE cue mapper; decoded VoiceCueEntry {cue, variant_count, sample_id[]}"
0x87,4444,1,5,ダーナ,BATTLE.BIN,,0x0033C7D8,battle_actor_class_5,STRONG,"BATTLE cue mapper; decoded VoiceCueEntry {cue, variant_count, sample_id[]}"
0x88,4442,0,5,ダーナ,BATTLE.BIN,,0x0033C7D8,battle_actor_class_5,STRONG,"BATTLE cue mapper; decoded VoiceCueEntry {cue, variant_count, sample_id[]}"
0x88,4444,1,5,ダーナ,BATTLE.BIN,,0x0033C7D8,battle_actor_class_5,STRONG,"BATTLE cue mapper; decoded VoiceCueEntry {cue, variant_count, sample_id[]}"
0x89,4438,0,5,ダーナ,BATTLE.BIN,,0x0033C7D8,battle_actor_class_5,STRONG,"BATTLE cue mapper; decoded VoiceCueEntry {cue, variant_count, sample_id[]}"
0x8A,4438,0,5,ダーナ,BATTLE.BIN,,0x0033C7D8,battle_actor_class_5,STRONG,"BATTLE cue mapper; decoded VoiceCueEntry {cue, variant_count, sample_id[]}"
0x8B,4438,0,5,ダーナ,BATTLE.BIN,,0x0033C7D8,battle_actor_class_5,STRONG,"BATTLE cue mapper; decoded VoiceCueEntry {cue, variant_count, sample_id[]}"
0x8C,4438,0,5,ダーナ,BATTLE.BIN,,0x0033C7D8,battle_actor_class_5,STRONG,"BATTLE cue mapper; decoded VoiceCueEntry {cue, variant_count, sample_id[]}"
0x8D,4438,0,5,ダーナ,BATTLE.BIN,,0x0033C7D8,battle_actor_class_5,STRONG,"BATTLE cue mapper; decoded VoiceCueEntry {cue, variant_count, sample_id[]}"
0x8E,4438,0,5,ダーナ,BATTLE.BIN,,0x0033C7D8,battle_actor_class_5,STRONG,"BATTLE cue mapper; decoded VoiceCueEntry {cue, variant_count, sample_id[]}"
0x8F,4438,0,5,ダーナ,BATTLE.BIN,,0x0033C7D8,battle_actor_class_5,STRONG,"BATTLE cue mapper; decoded VoiceCueEntry {cue, variant_count, sample_id[]}"
0x90,4438,0,5,ダーナ,BATTLE.BIN,,0x0033C7D8,battle_actor_class_5,STRONG,"BATTLE cue mapper; decoded VoiceCueEntry {cue, variant_count, sample_id[]}"
0x91,4438,0,5,ダーナ,BATTLE.BIN,,0x0033C7D8,battle_actor_class_5,STRONG,"BATTLE cue mapper; decoded VoiceCueEntry {cue, variant_count, sample_id[]}"
0x92,4438,0,5,ダーナ,BATTLE.BIN,,0x0033C7D8,battle_actor_class_5,STRONG,"BATTLE cue mapper; decoded VoiceCueEntry {cue, variant_count, sample_id[]}"
0x93,4438,0,5,ダーナ,BATTLE.BIN,,0x0033C7D8,battle_actor_class_5,STRONG,"BATTLE cue mapper; decoded VoiceCueEntry {cue, variant_count, sample_id[]}"
0x94,4436,0,5,ダーナ,BATTLE.BIN,,0x0033C7D8,battle_actor_class_5,STRONG,"BATTLE cue mapper; decoded VoiceCueEntry {cue, variant_count, sample_id[]}"
0x95,4436,0,5,ダーナ,BATTLE.BIN,,0x0033C7D8,battle_actor_class_5,STRONG,"BATTLE cue mapper; decoded VoiceCueEntry {cue, variant_count, sample_id[]}"
0x96,4436,0,5,ダーナ,BATTLE.BIN,,0x0033C7D8,battle_actor_class_5,STRONG,"BATTLE cue mapper; decoded VoiceCueEntry {cue, variant_count, sample_id[]}"
0x98,4436,0,5,ダーナ,BATTLE.BIN,,0x0033C7D8,battle_actor_class_5,STRONG,"BATTLE cue mapper; decoded VoiceCueEntry {cue, variant_count, sample_id[]}"
0x99,4436,0,5,ダーナ,BATTLE.BIN,,0x0033C7D8,battle_actor_class_5,STRONG,"BATTLE cue mapper; decoded VoiceCueEntry {cue, variant_count, sample_id[]}"
0x9A,4444,0,5,ダーナ,BATTLE.BIN,,0x0033C7D8,battle_actor_class_5,STRONG,"BATTLE cue mapper; decoded VoiceCueEntry {cue, variant_count, sample_id[]}"
0x9B,4444,0,5,ダーナ,BATTLE.BIN,,0x0033C7D8,battle_actor_class_5,STRONG,"BATTLE cue mapper; decoded VoiceCueEntry {cue, variant_count, sample_id[]}"
0x9C,4444,0,5,ダーナ,BATTLE.BIN,,0x0033C7D8,battle_actor_class_5,STRONG,"BATTLE cue mapper; decoded VoiceCueEntry {cue, variant_count, sample_id[]}"
0x9D,4444,0,5,ダーナ,BATTLE.BIN,,0x0033C7D8,battle_actor_class_5,STRONG,"BATTLE cue mapper; decoded VoiceCueEntry {cue, variant_count, sample_id[]}"
0x9E,4438,0,5,ダーナ,BATTLE.BIN,,0x0033C7D8,battle_actor_class_5,STRONG,"BATTLE cue mapper; decoded VoiceCueEntry {cue, variant_count, sample_id[]}"
0x9F,4436,0,5,ダーナ,BATTLE.BIN,,0x0033C7D8,battle_actor_class_5,STRONG,"BATTLE cue mapper; decoded VoiceCueEntry {cue, variant_count, sample_id[]}"
0xA0,4442,0,5,ダーナ,BATTLE.BIN,,0x0033C7D8,battle_actor_class_5,STRONG,"BATTLE cue mapper; decoded VoiceCueEntry {cue, variant_count, sample_id[]}"
0xA1,4442,0,5,ダーナ,BATTLE.BIN,,0x0033C7D8,battle_actor_class_5,STRONG,"BATTLE cue mapper; decoded VoiceCueEntry {cue, variant_count, sample_id[]}"
0xA1,4504,1,5,ダーナ,BATTLE.BIN,,0x0033C7D8,battle_actor_class_5,STRONG,"BATTLE cue mapper; decoded VoiceCueEntry {cue, variant_count, sample_id[]}"
0xA2,4438,0,5,ダーナ,BATTLE.BIN,,0x0033C7D8,battle_actor_class_5,STRONG,"BATTLE cue mapper; decoded VoiceCueEntry {cue, variant_count, sample_id[]}"
0xA3,4438,0,5,ダーナ,BATTLE.BIN,,0x0033C7D8,battle_actor_class_5,STRONG,"BATTLE cue mapper; decoded VoiceCueEntry {cue, variant_count, sample_id[]}"
0xC8,4440,0,5,ダーナ,BATTLE.BIN,,0x0033C7D8,battle_actor_class_5,STRONG,"BATTLE cue mapper; decoded VoiceCueEntry {cue, variant_count, sample_id[]}"
0xC9,4528,0,5,ダーナ,BATTLE.BIN,,0x0033C7D8,battle_actor_class_5,STRONG,"BATTLE cue mapper; decoded VoiceCueEntry {cue, variant_count, sample_id[]}"
0xCA,4530,0,5,ダーナ,BATTLE.BIN,,0x0033C7D8,battle_actor_class_5,STRONG,"BATTLE cue mapper; decoded VoiceCueEntry {cue, variant_count, sample_id[]}"
0xCB,4532,0,5,ダーナ,BATTLE.BIN,,0x0033C7D8,battle_actor_class_5,STRONG,"BATTLE cue mapper; decoded VoiceCueEntry {cue, variant_count, sample_id[]}"
0xCC,4534,0,5,ダーナ,BATTLE.BIN,,0x0033C7D8,battle_actor_class_5,STRONG,"BATTLE cue mapper; decoded VoiceCueEntry {cue, variant_count, sample_id[]}"
0xCD,4536,0,5,ダーナ,BATTLE.BIN,,0x0033C7D8,battle_actor_class_5,STRONG,"BATTLE cue mapper; decoded VoiceCueEntry {cue, variant_count, sample_id[]}"
0xCE,4996,0,5,ダーナ,BATTLE.BIN,,0x0033C7D8,battle_actor_class_5,STRONG,"BATTLE cue mapper; decoded VoiceCueEntry {cue, variant_count, sample_id[]}"
0xCF,4538,0,5,ダーナ,BATTLE.BIN,,0x0033C7D8,battle_actor_class_5,STRONG,"BATTLE cue mapper; decoded VoiceCueEntry {cue, variant_count, sample_id[]}"
0xD0,4540,0,5,ダーナ,BATTLE.BIN,,0x0033C7D8,battle_actor_class_5,STRONG,"BATTLE cue mapper; decoded VoiceCueEntry {cue, variant_count, sample_id[]}"
0xD1,4502,0,5,ダーナ,BATTLE.BIN,,0x0033C7D8,battle_actor_class_5,STRONG,"BATTLE cue mapper; decoded VoiceCueEntry {cue, variant_count, sample_id[]}"
0xD2,4502,0,5,ダーナ,BATTLE.BIN,,0x0033C7D8,battle_actor_class_5,STRONG,"BATTLE cue mapper; decoded VoiceCueEntry {cue, variant_count, sample_id[]}"
0xD3,4498,0,5,ダーナ,BATTLE.BIN,,0x0033C7D8,battle_actor_class_5,STRONG,"BATTLE cue mapper; decoded VoiceCueEntry {cue, variant_count, sample_id[]}"
0xD4,4498,0,5,ダーナ,BATTLE.BIN,,0x0033C7D8,battle_actor_class_5,STRONG,"BATTLE cue mapper; decoded VoiceCueEntry {cue, variant_count, sample_id[]}"
0xD5,4498,0,5,ダーナ,BATTLE.BIN,,0x0033C7D8,battle_actor_class_5,STRONG,"BATTLE cue mapper; decoded VoiceCueEntry {cue, variant_count, sample_id[]}"
0x01,4554,0,6,ヘクト,BATTLE.BIN,,0x0033C7D8,battle_actor_class_6,STRONG,"BATTLE cue mapper; decoded VoiceCueEntry {cue, variant_count, sample_id[]}"
0x01,4602,1,6,ヘクト,BATTLE.BIN,,0x0033C7D8,battle_actor_class_6,STRONG,"BATTLE cue mapper; decoded VoiceCueEntry {cue, variant_count, sample_id[]}"
0x02,4556,0,6,ヘクト,BATTLE.BIN,,0x0033C7D8,battle_actor_class_6,STRONG,"BATTLE cue mapper; decoded VoiceCueEntry {cue, variant_count, sample_id[]}"
0x02,4602,1,6,ヘクト,BATTLE.BIN,,0x0033C7D8,battle_actor_class_6,STRONG,"BATTLE cue mapper; decoded VoiceCueEntry {cue, variant_count, sample_id[]}"
0x03,4560,0,6,ヘクト,BATTLE.BIN,,0x0033C7D8,battle_actor_class_6,STRONG,"BATTLE cue mapper; decoded VoiceCueEntry {cue, variant_count, sample_id[]}"
0x03,4542,1,6,ヘクト,BATTLE.BIN,,0x0033C7D8,battle_actor_class_6,STRONG,"BATTLE cue mapper; decoded VoiceCueEntry {cue, variant_count, sample_id[]}"
0x04,4566,0,6,ヘクト,BATTLE.BIN,,0x0033C7D8,battle_actor_class_6,STRONG,"BATTLE cue mapper; decoded VoiceCueEntry {cue, variant_count, sample_id[]}"
0x05,4558,0,6,ヘクト,BATTLE.BIN,,0x0033C7D8,battle_actor_class_6,STRONG,"BATTLE cue mapper; decoded VoiceCueEntry {cue, variant_count, sample_id[]}"
0x05,4602,1,6,ヘクト,BATTLE.BIN,,0x0033C7D8,battle_actor_class_6,STRONG,"BATTLE cue mapper; decoded VoiceCueEntry {cue, variant_count, sample_id[]}"
0x06,4562,0,6,ヘクト,BATTLE.BIN,,0x0033C7D8,battle_actor_class_6,STRONG,"BATTLE cue mapper; decoded VoiceCueEntry {cue, variant_count, sample_id[]}"
0x06,4542,1,6,ヘクト,BATTLE.BIN,,0x0033C7D8,battle_actor_class_6,STRONG,"BATTLE cue mapper; decoded VoiceCueEntry {cue, variant_count, sample_id[]}"
0x07,4564,0,6,ヘクト,BATTLE.BIN,,0x0033C7D8,battle_actor_class_6,STRONG,"BATTLE cue mapper; decoded VoiceCueEntry {cue, variant_count, sample_id[]}"
0x08,4570,0,6,ヘクト,BATTLE.BIN,,0x0033C7D8,battle_actor_class_6,STRONG,"BATTLE cue mapper; decoded VoiceCueEntry {cue, variant_count, sample_id[]}"
0x09,4568,0,6,ヘクト,BATTLE.BIN,,0x0033C7D8,battle_actor_class_6,STRONG,"BATTLE cue mapper; decoded VoiceCueEntry {cue, variant_count, sample_id[]}"
0x0A,4628,0,6,ヘクト,BATTLE.BIN,,0x0033C7D8,battle_actor_class_6,STRONG,"BATTLE cue mapper; decoded VoiceCueEntry {cue, variant_count, sample_id[]}"
0x0B,4572,0,6,ヘクト,BATTLE.BIN,,0x0033C7D8,battle_actor_class_6,STRONG,"BATTLE cue mapper; decoded VoiceCueEntry {cue, variant_count, sample_id[]}"
0x0B,4602,1,6,ヘクト,BATTLE.BIN,,0x0033C7D8,battle_actor_class_6,STRONG,"BATTLE cue mapper; decoded VoiceCueEntry {cue, variant_count, sample_id[]}"
0x0C,4574,0,6,ヘクト,BATTLE.BIN,,0x0033C7D8,battle_actor_class_6,STRONG,"BATTLE cue mapper; decoded VoiceCueEntry {cue, variant_count, sample_id[]}"
0x0C,4542,1,6,ヘクト,BATTLE.BIN,,0x0033C7D8,battle_actor_class_6,STRONG,"BATTLE cue mapper; decoded VoiceCueEntry {cue, variant_count, sample_id[]}"
0x0D,4576,0,6,ヘクト,BATTLE.BIN,,0x0033C7D8,battle_actor_class_6,STRONG,"BATTLE cue mapper; decoded VoiceCueEntry {cue, variant_count, sample_id[]}"
0x0E,4620,0,6,ヘクト,BATTLE.BIN,,0x0033C7D8,battle_actor_class_6,STRONG,"BATTLE cue mapper; decoded VoiceCueEntry {cue, variant_count, sample_id[]}"
0x0F,4578,0,6,ヘクト,BATTLE.BIN,,0x0033C7D8,battle_actor_class_6,STRONG,"BATTLE cue mapper; decoded VoiceCueEntry {cue, variant_count, sample_id[]}"
0x10,4608,0,6,ヘクト,BATTLE.BIN,,0x0033C7D8,battle_actor_class_6,STRONG,"BATTLE cue mapper; decoded VoiceCueEntry {cue, variant_count, sample_id[]}"
0x11,4608,0,6,ヘクト,BATTLE.BIN,,0x0033C7D8,battle_actor_class_6,STRONG,"BATTLE cue mapper; decoded VoiceCueEntry {cue, variant_count, sample_id[]}"
0x12,4634,0,6,ヘクト,BATTLE.BIN,,0x0033C7D8,battle_actor_class_6,STRONG,"BATTLE cue mapper; decoded VoiceCueEntry {cue, variant_count, sample_id[]}"
0x13,4632,0,6,ヘクト,BATTLE.BIN,,0x0033C7D8,battle_actor_class_6,STRONG,"BATTLE cue mapper; decoded VoiceCueEntry {cue, variant_count, sample_id[]}"
0x14,4626,0,6,ヘクト,BATTLE.BIN,,0x0033C7D8,battle_actor_class_6,STRONG,"BATTLE cue mapper; decoded VoiceCueEntry {cue, variant_count, sample_id[]}"
0x15,4622,0,6,ヘクト,BATTLE.BIN,,0x0033C7D8,battle_actor_class_6,STRONG,"BATTLE cue mapper; decoded VoiceCueEntry {cue, variant_count, sample_id[]}"
0x16,4580,0,6,ヘクト,BATTLE.BIN,,0x0033C7D8,battle_actor_class_6,STRONG,"BATTLE cue mapper; decoded VoiceCueEntry {cue, variant_count, sample_id[]}"
0x16,4602,1,6,ヘクト,BATTLE.BIN,,0x0033C7D8,battle_actor_class_6,STRONG,"BATTLE cue mapper; decoded VoiceCueEntry {cue, variant_count, sample_id[]}"
0x17,4582,0,6,ヘクト,BATTLE.BIN,,0x0033C7D8,battle_actor_class_6,STRONG,"BATTLE cue mapper; decoded VoiceCueEntry {cue, variant_count, sample_id[]}"
0x17,4542,1,6,ヘクト,BATTLE.BIN,,0x0033C7D8,battle_actor_class_6,STRONG,"BATTLE cue mapper; decoded VoiceCueEntry {cue, variant_count, sample_id[]}"
0x18,4584,0,6,ヘクト,BATTLE.BIN,,0x0033C7D8,battle_actor_class_6,STRONG,"BATTLE cue mapper; decoded VoiceCueEntry {cue, variant_count, sample_id[]}"
0x19,4586,0,6,ヘクト,BATTLE.BIN,,0x0033C7D8,battle_actor_class_6,STRONG,"BATTLE cue mapper; decoded VoiceCueEntry {cue, variant_count, sample_id[]}"
0x1A,4604,0,6,ヘクト,BATTLE.BIN,,0x0033C7D8,battle_actor_class_6,STRONG,"BATTLE cue mapper; decoded VoiceCueEntry {cue, variant_count, sample_id[]}"
0x1A,4548,1,6,ヘクト,BATTLE.BIN,,0x0033C7D8,battle_actor_class_6,STRONG,"BATTLE cue mapper; decoded VoiceCueEntry {cue, variant_count, sample_id[]}"
0x1B,4604,0,6,ヘクト,BATTLE.BIN,,0x0033C7D8,battle_actor_class_6,STRONG,"BATTLE cue mapper; decoded VoiceCueEntry {cue, variant_count, sample_id[]}"
0x1B,4548,1,6,ヘクト,BATTLE.BIN,,0x0033C7D8,battle_actor_class_6,STRONG,"BATTLE cue mapper; decoded VoiceCueEntry {cue, variant_count, sample_id[]}"
0x1C,4604,0,6,ヘクト,BATTLE.BIN,,0x0033C7D8,battle_actor_class_6,STRONG,"BATTLE cue mapper; decoded VoiceCueEntry {cue, variant_count, sample_id[]}"
0x1C,4548,1,6,ヘクト,BATTLE.BIN,,0x0033C7D8,battle_actor_class_6,STRONG,"BATTLE cue mapper; decoded VoiceCueEntry {cue, variant_count, sample_id[]}"
0x1D,4612,0,6,ヘクト,BATTLE.BIN,,0x0033C7D8,battle_actor_class_6,STRONG,"BATTLE cue mapper; decoded VoiceCueEntry {cue, variant_count, sample_id[]}"
0x1E,4612,0,6,ヘクト,BATTLE.BIN,,0x0033C7D8,battle_actor_class_6,STRONG,"BATTLE cue mapper; decoded VoiceCueEntry {cue, variant_count, sample_id[]}"
0x1F,4618,0,6,ヘクト,BATTLE.BIN,,0x0033C7D8,battle_actor_class_6,STRONG,"BATTLE cue mapper; decoded VoiceCueEntry {cue, variant_count, sample_id[]}"
0x20,4588,0,6,ヘクト,BATTLE.BIN,,0x0033C7D8,battle_actor_class_6,STRONG,"BATTLE cue mapper; decoded VoiceCueEntry {cue, variant_count, sample_id[]}"
0x20,4602,1,6,ヘクト,BATTLE.BIN,,0x0033C7D8,battle_actor_class_6,STRONG,"BATTLE cue mapper; decoded VoiceCueEntry {cue, variant_count, sample_id[]}"
0x21,4590,0,6,ヘクト,BATTLE.BIN,,0x0033C7D8,battle_actor_class_6,STRONG,"BATTLE cue mapper; decoded VoiceCueEntry {cue, variant_count, sample_id[]}"
0x21,4602,1,6,ヘクト,BATTLE.BIN,,0x0033C7D8,battle_actor_class_6,STRONG,"BATTLE cue mapper; decoded VoiceCueEntry {cue, variant_count, sample_id[]}"
0x22,4594,0,6,ヘクト,BATTLE.BIN,,0x0033C7D8,battle_actor_class_6,STRONG,"BATTLE cue mapper; decoded VoiceCueEntry {cue, variant_count, sample_id[]}"
0x22,4542,1,6,ヘクト,BATTLE.BIN,,0x0033C7D8,battle_actor_class_6,STRONG,"BATTLE cue mapper; decoded VoiceCueEntry {cue, variant_count, sample_id[]}"
0x23,4592,0,6,ヘクト,BATTLE.BIN,,0x0033C7D8,battle_actor_class_6,STRONG,"BATTLE cue mapper; decoded VoiceCueEntry {cue, variant_count, sample_id[]}"
0x23,4602,1,6,ヘクト,BATTLE.BIN,,0x0033C7D8,battle_actor_class_6,STRONG,"BATTLE cue mapper; decoded VoiceCueEntry {cue, variant_count, sample_id[]}"
0x24,4596,0,6,ヘクト,BATTLE.BIN,,0x0033C7D8,battle_actor_class_6,STRONG,"BATTLE cue mapper; decoded VoiceCueEntry {cue, variant_count, sample_id[]}"
0x24,4542,1,6,ヘクト,BATTLE.BIN,,0x0033C7D8,battle_actor_class_6,STRONG,"BATTLE cue mapper; decoded VoiceCueEntry {cue, variant_count, sample_id[]}"
0x25,4598,0,6,ヘクト,BATTLE.BIN,,0x0033C7D8,battle_actor_class_6,STRONG,"BATTLE cue mapper; decoded VoiceCueEntry {cue, variant_count, sample_id[]}"
0x26,4600,0,6,ヘクト,BATTLE.BIN,,0x0033C7D8,battle_actor_class_6,STRONG,"BATTLE cue mapper; decoded VoiceCueEntry {cue, variant_count, sample_id[]}"
0x27,4630,0,6,ヘクト,BATTLE.BIN,,0x0033C7D8,battle_actor_class_6,STRONG,"BATTLE cue mapper; decoded VoiceCueEntry {cue, variant_count, sample_id[]}"
0x28,4616,0,6,ヘクト,BATTLE.BIN,,0x0033C7D8,battle_actor_class_6,STRONG,"BATTLE cue mapper; decoded VoiceCueEntry {cue, variant_count, sample_id[]}"
0x29,4614,0,6,ヘクト,BATTLE.BIN,,0x0033C7D8,battle_actor_class_6,STRONG,"BATTLE cue mapper; decoded VoiceCueEntry {cue, variant_count, sample_id[]}"
0x2A,4624,0,6,ヘクト,BATTLE.BIN,,0x0033C7D8,battle_actor_class_6,STRONG,"BATTLE cue mapper; decoded VoiceCueEntry {cue, variant_count, sample_id[]}"
0x65,4548,0,6,ヘクト,BATTLE.BIN,,0x0033C7D8,battle_actor_class_6,STRONG,"BATTLE cue mapper; decoded VoiceCueEntry {cue, variant_count, sample_id[]}"
0x66,4548,0,6,ヘクト,BATTLE.BIN,,0x0033C7D8,battle_actor_class_6,STRONG,"BATTLE cue mapper; decoded VoiceCueEntry {cue, variant_count, sample_id[]}"
0x67,4548,0,6,ヘクト,BATTLE.BIN,,0x0033C7D8,battle_actor_class_6,STRONG,"BATTLE cue mapper; decoded VoiceCueEntry {cue, variant_count, sample_id[]}"
0x68,4548,0,6,ヘクト,BATTLE.BIN,,0x0033C7D8,battle_actor_class_6,STRONG,"BATTLE cue mapper; decoded VoiceCueEntry {cue, variant_count, sample_id[]}"
0x69,4548,0,6,ヘクト,BATTLE.BIN,,0x0033C7D8,battle_actor_class_6,STRONG,"BATTLE cue mapper; decoded VoiceCueEntry {cue, variant_count, sample_id[]}"
0x6A,4548,0,6,ヘクト,BATTLE.BIN,,0x0033C7D8,battle_actor_class_6,STRONG,"BATTLE cue mapper; decoded VoiceCueEntry {cue, variant_count, sample_id[]}"
0x6B,4548,0,6,ヘクト,BATTLE.BIN,,0x0033C7D8,battle_actor_class_6,STRONG,"BATTLE cue mapper; decoded VoiceCueEntry {cue, variant_count, sample_id[]}"
0x6C,4548,0,6,ヘクト,BATTLE.BIN,,0x0033C7D8,battle_actor_class_6,STRONG,"BATTLE cue mapper; decoded VoiceCueEntry {cue, variant_count, sample_id[]}"
0x6D,4548,0,6,ヘクト,BATTLE.BIN,,0x0033C7D8,battle_actor_class_6,STRONG,"BATTLE cue mapper; decoded VoiceCueEntry {cue, variant_count, sample_id[]}"
0x6E,4548,0,6,ヘクト,BATTLE.BIN,,0x0033C7D8,battle_actor_class_6,STRONG,"BATTLE cue mapper; decoded VoiceCueEntry {cue, variant_count, sample_id[]}"
0x6F,4548,0,6,ヘクト,BATTLE.BIN,,0x0033C7D8,battle_actor_class_6,STRONG,"BATTLE cue mapper; decoded VoiceCueEntry {cue, variant_count, sample_id[]}"
0x70,4548,0,6,ヘクト,BATTLE.BIN,,0x0033C7D8,battle_actor_class_6,STRONG,"BATTLE cue mapper; decoded VoiceCueEntry {cue, variant_count, sample_id[]}"
0x71,4548,0,6,ヘクト,BATTLE.BIN,,0x0033C7D8,battle_actor_class_6,STRONG,"BATTLE cue mapper; decoded VoiceCueEntry {cue, variant_count, sample_id[]}"
0x71,4550,1,6,ヘクト,BATTLE.BIN,,0x0033C7D8,battle_actor_class_6,STRONG,"BATTLE cue mapper; decoded VoiceCueEntry {cue, variant_count, sample_id[]}"
0x72,4548,0,6,ヘクト,BATTLE.BIN,,0x0033C7D8,battle_actor_class_6,STRONG,"BATTLE cue mapper; decoded VoiceCueEntry {cue, variant_count, sample_id[]}"
0x72,4550,1,6,ヘクト,BATTLE.BIN,,0x0033C7D8,battle_actor_class_6,STRONG,"BATTLE cue mapper; decoded VoiceCueEntry {cue, variant_count, sample_id[]}"
0x73,4548,0,6,ヘクト,BATTLE.BIN,,0x0033C7D8,battle_actor_class_6,STRONG,"BATTLE cue mapper; decoded VoiceCueEntry {cue, variant_count, sample_id[]}"
0x73,4550,1,6,ヘクト,BATTLE.BIN,,0x0033C7D8,battle_actor_class_6,STRONG,"BATTLE cue mapper; decoded VoiceCueEntry {cue, variant_count, sample_id[]}"
0x74,4548,0,6,ヘクト,BATTLE.BIN,,0x0033C7D8,battle_actor_class_6,STRONG,"BATTLE cue mapper; decoded VoiceCueEntry {cue, variant_count, sample_id[]}"
0x74,4550,1,6,ヘクト,BATTLE.BIN,,0x0033C7D8,battle_actor_class_6,STRONG,"BATTLE cue mapper; decoded VoiceCueEntry {cue, variant_count, sample_id[]}"
0x75,4548,0,6,ヘクト,BATTLE.BIN,,0x0033C7D8,battle_actor_class_6,STRONG,"BATTLE cue mapper; decoded VoiceCueEntry {cue, variant_count, sample_id[]}"
0x75,4550,1,6,ヘクト,BATTLE.BIN,,0x0033C7D8,battle_actor_class_6,STRONG,"BATTLE cue mapper; decoded VoiceCueEntry {cue, variant_count, sample_id[]}"
0x76,4548,0,6,ヘクト,BATTLE.BIN,,0x0033C7D8,battle_actor_class_6,STRONG,"BATTLE cue mapper; decoded VoiceCueEntry {cue, variant_count, sample_id[]}"
0x76,4550,1,6,ヘクト,BATTLE.BIN,,0x0033C7D8,battle_actor_class_6,STRONG,"BATTLE cue mapper; decoded VoiceCueEntry {cue, variant_count, sample_id[]}"
0x77,4548,0,6,ヘクト,BATTLE.BIN,,0x0033C7D8,battle_actor_class_6,STRONG,"BATTLE cue mapper; decoded VoiceCueEntry {cue, variant_count, sample_id[]}"
0x77,4550,1,6,ヘクト,BATTLE.BIN,,0x0033C7D8,battle_actor_class_6,STRONG,"BATTLE cue mapper; decoded VoiceCueEntry {cue, variant_count, sample_id[]}"
0x78,4552,0,6,ヘクト,BATTLE.BIN,,0x0033C7D8,battle_actor_class_6,STRONG,"BATTLE cue mapper; decoded VoiceCueEntry {cue, variant_count, sample_id[]}"
0x79,4552,0,6,ヘクト,BATTLE.BIN,,0x0033C7D8,battle_actor_class_6,STRONG,"BATTLE cue mapper; decoded VoiceCueEntry {cue, variant_count, sample_id[]}"
0x7A,4552,0,6,ヘクト,BATTLE.BIN,,0x0033C7D8,battle_actor_class_6,STRONG,"BATTLE cue mapper; decoded VoiceCueEntry {cue, variant_count, sample_id[]}"
0x7B,4552,0,6,ヘクト,BATTLE.BIN,,0x0033C7D8,battle_actor_class_6,STRONG,"BATTLE cue mapper; decoded VoiceCueEntry {cue, variant_count, sample_id[]}"
0x7C,4548,0,6,ヘクト,BATTLE.BIN,,0x0033C7D8,battle_actor_class_6,STRONG,"BATTLE cue mapper; decoded VoiceCueEntry {cue, variant_count, sample_id[]}"
0x7C,4550,1,6,ヘクト,BATTLE.BIN,,0x0033C7D8,battle_actor_class_6,STRONG,"BATTLE cue mapper; decoded VoiceCueEntry {cue, variant_count, sample_id[]}"
0x7D,4548,0,6,ヘクト,BATTLE.BIN,,0x0033C7D8,battle_actor_class_6,STRONG,"BATTLE cue mapper; decoded VoiceCueEntry {cue, variant_count, sample_id[]}"
0x7D,4550,1,6,ヘクト,BATTLE.BIN,,0x0033C7D8,battle_actor_class_6,STRONG,"BATTLE cue mapper; decoded VoiceCueEntry {cue, variant_count, sample_id[]}"
0x7E,4548,0,6,ヘクト,BATTLE.BIN,,0x0033C7D8,battle_actor_class_6,STRONG,"BATTLE cue mapper; decoded VoiceCueEntry {cue, variant_count, sample_id[]}"
0x7E,4550,1,6,ヘクト,BATTLE.BIN,,0x0033C7D8,battle_actor_class_6,STRONG,"BATTLE cue mapper; decoded VoiceCueEntry {cue, variant_count, sample_id[]}"
0x7F,4548,0,6,ヘクト,BATTLE.BIN,,0x0033C7D8,battle_actor_class_6,STRONG,"BATTLE cue mapper; decoded VoiceCueEntry {cue, variant_count, sample_id[]}"
0x7F,4550,1,6,ヘクト,BATTLE.BIN,,0x0033C7D8,battle_actor_class_6,STRONG,"BATTLE cue mapper; decoded VoiceCueEntry {cue, variant_count, sample_id[]}"
0x80,4548,0,6,ヘクト,BATTLE.BIN,,0x0033C7D8,battle_actor_class_6,STRONG,"BATTLE cue mapper; decoded VoiceCueEntry {cue, variant_count, sample_id[]}"
0x80,4550,1,6,ヘクト,BATTLE.BIN,,0x0033C7D8,battle_actor_class_6,STRONG,"BATTLE cue mapper; decoded VoiceCueEntry {cue, variant_count, sample_id[]}"
0x81,4548,0,6,ヘクト,BATTLE.BIN,,0x0033C7D8,battle_actor_class_6,STRONG,"BATTLE cue mapper; decoded VoiceCueEntry {cue, variant_count, sample_id[]}"
0x81,4550,1,6,ヘクト,BATTLE.BIN,,0x0033C7D8,battle_actor_class_6,STRONG,"BATTLE cue mapper; decoded VoiceCueEntry {cue, variant_count, sample_id[]}"
0x82,4544,0,6,ヘクト,BATTLE.BIN,,0x0033C7D8,battle_actor_class_6,STRONG,"BATTLE cue mapper; decoded VoiceCueEntry {cue, variant_count, sample_id[]}"
0x82,4550,1,6,ヘクト,BATTLE.BIN,,0x0033C7D8,battle_actor_class_6,STRONG,"BATTLE cue mapper; decoded VoiceCueEntry {cue, variant_count, sample_id[]}"
0x83,4544,0,6,ヘクト,BATTLE.BIN,,0x0033C7D8,battle_actor_class_6,STRONG,"BATTLE cue mapper; decoded VoiceCueEntry {cue, variant_count, sample_id[]}"
0x83,4550,1,6,ヘクト,BATTLE.BIN,,0x0033C7D8,battle_actor_class_6,STRONG,"BATTLE cue mapper; decoded VoiceCueEntry {cue, variant_count, sample_id[]}"
0x84,4544,0,6,ヘクト,BATTLE.BIN,,0x0033C7D8,battle_actor_class_6,STRONG,"BATTLE cue mapper; decoded VoiceCueEntry {cue, variant_count, sample_id[]}"
0x84,4550,1,6,ヘクト,BATTLE.BIN,,0x0033C7D8,battle_actor_class_6,STRONG,"BATTLE cue mapper; decoded VoiceCueEntry {cue, variant_count, sample_id[]}"
0x85,4544,0,6,ヘクト,BATTLE.BIN,,0x0033C7D8,battle_actor_class_6,STRONG,"BATTLE cue mapper; decoded VoiceCueEntry {cue, variant_count, sample_id[]}"
0x85,4550,1,6,ヘクト,BATTLE.BIN,,0x0033C7D8,battle_actor_class_6,STRONG,"BATTLE cue mapper; decoded VoiceCueEntry {cue, variant_count, sample_id[]}"
0x86,4544,0,6,ヘクト,BATTLE.BIN,,0x0033C7D8,battle_actor_class_6,STRONG,"BATTLE cue mapper; decoded VoiceCueEntry {cue, variant_count, sample_id[]}"
0x86,4550,1,6,ヘクト,BATTLE.BIN,,0x0033C7D8,battle_actor_class_6,STRONG,"BATTLE cue mapper; decoded VoiceCueEntry {cue, variant_count, sample_id[]}"
0x87,4544,0,6,ヘクト,BATTLE.BIN,,0x0033C7D8,battle_actor_class_6,STRONG,"BATTLE cue mapper; decoded VoiceCueEntry {cue, variant_count, sample_id[]}"
0x87,4550,1,6,ヘクト,BATTLE.BIN,,0x0033C7D8,battle_actor_class_6,STRONG,"BATTLE cue mapper; decoded VoiceCueEntry {cue, variant_count, sample_id[]}"
0x88,4544,0,6,ヘクト,BATTLE.BIN,,0x0033C7D8,battle_actor_class_6,STRONG,"BATTLE cue mapper; decoded VoiceCueEntry {cue, variant_count, sample_id[]}"
0x88,4550,1,6,ヘクト,BATTLE.BIN,,0x0033C7D8,battle_actor_class_6,STRONG,"BATTLE cue mapper; decoded VoiceCueEntry {cue, variant_count, sample_id[]}"
0x89,4544,0,6,ヘクト,BATTLE.BIN,,0x0033C7D8,battle_actor_class_6,STRONG,"BATTLE cue mapper; decoded VoiceCueEntry {cue, variant_count, sample_id[]}"
0x8A,4544,0,6,ヘクト,BATTLE.BIN,,0x0033C7D8,battle_actor_class_6,STRONG,"BATTLE cue mapper; decoded VoiceCueEntry {cue, variant_count, sample_id[]}"
0x8B,4544,0,6,ヘクト,BATTLE.BIN,,0x0033C7D8,battle_actor_class_6,STRONG,"BATTLE cue mapper; decoded VoiceCueEntry {cue, variant_count, sample_id[]}"
0x8C,4544,0,6,ヘクト,BATTLE.BIN,,0x0033C7D8,battle_actor_class_6,STRONG,"BATTLE cue mapper; decoded VoiceCueEntry {cue, variant_count, sample_id[]}"
0x8D,4544,0,6,ヘクト,BATTLE.BIN,,0x0033C7D8,battle_actor_class_6,STRONG,"BATTLE cue mapper; decoded VoiceCueEntry {cue, variant_count, sample_id[]}"
0x8E,4544,0,6,ヘクト,BATTLE.BIN,,0x0033C7D8,battle_actor_class_6,STRONG,"BATTLE cue mapper; decoded VoiceCueEntry {cue, variant_count, sample_id[]}"
0x8F,4544,0,6,ヘクト,BATTLE.BIN,,0x0033C7D8,battle_actor_class_6,STRONG,"BATTLE cue mapper; decoded VoiceCueEntry {cue, variant_count, sample_id[]}"
0x90,4544,0,6,ヘクト,BATTLE.BIN,,0x0033C7D8,battle_actor_class_6,STRONG,"BATTLE cue mapper; decoded VoiceCueEntry {cue, variant_count, sample_id[]}"
0x91,4544,0,6,ヘクト,BATTLE.BIN,,0x0033C7D8,battle_actor_class_6,STRONG,"BATTLE cue mapper; decoded VoiceCueEntry {cue, variant_count, sample_id[]}"
0x92,4544,0,6,ヘクト,BATTLE.BIN,,0x0033C7D8,battle_actor_class_6,STRONG,"BATTLE cue mapper; decoded VoiceCueEntry {cue, variant_count, sample_id[]}"
0x93,4544,0,6,ヘクト,BATTLE.BIN,,0x0033C7D8,battle_actor_class_6,STRONG,"BATTLE cue mapper; decoded VoiceCueEntry {cue, variant_count, sample_id[]}"
0x94,4542,0,6,ヘクト,BATTLE.BIN,,0x0033C7D8,battle_actor_class_6,STRONG,"BATTLE cue mapper; decoded VoiceCueEntry {cue, variant_count, sample_id[]}"
0x95,4542,0,6,ヘクト,BATTLE.BIN,,0x0033C7D8,battle_actor_class_6,STRONG,"BATTLE cue mapper; decoded VoiceCueEntry {cue, variant_count, sample_id[]}"
0x96,4542,0,6,ヘクト,BATTLE.BIN,,0x0033C7D8,battle_actor_class_6,STRONG,"BATTLE cue mapper; decoded VoiceCueEntry {cue, variant_count, sample_id[]}"
0x98,4542,0,6,ヘクト,BATTLE.BIN,,0x0033C7D8,battle_actor_class_6,STRONG,"BATTLE cue mapper; decoded VoiceCueEntry {cue, variant_count, sample_id[]}"
0x99,4542,0,6,ヘクト,BATTLE.BIN,,0x0033C7D8,battle_actor_class_6,STRONG,"BATTLE cue mapper; decoded VoiceCueEntry {cue, variant_count, sample_id[]}"
0x9A,4550,0,6,ヘクト,BATTLE.BIN,,0x0033C7D8,battle_actor_class_6,STRONG,"BATTLE cue mapper; decoded VoiceCueEntry {cue, variant_count, sample_id[]}"
0x9B,4550,0,6,ヘクト,BATTLE.BIN,,0x0033C7D8,battle_actor_class_6,STRONG,"BATTLE cue mapper; decoded VoiceCueEntry {cue, variant_count, sample_id[]}"
0x9C,4550,0,6,ヘクト,BATTLE.BIN,,0x0033C7D8,battle_actor_class_6,STRONG,"BATTLE cue mapper; decoded VoiceCueEntry {cue, variant_count, sample_id[]}"
0x9D,4550,0,6,ヘクト,BATTLE.BIN,,0x0033C7D8,battle_actor_class_6,STRONG,"BATTLE cue mapper; decoded VoiceCueEntry {cue, variant_count, sample_id[]}"
0x9E,4544,0,6,ヘクト,BATTLE.BIN,,0x0033C7D8,battle_actor_class_6,STRONG,"BATTLE cue mapper; decoded VoiceCueEntry {cue, variant_count, sample_id[]}"
0x9F,4542,0,6,ヘクト,BATTLE.BIN,,0x0033C7D8,battle_actor_class_6,STRONG,"BATTLE cue mapper; decoded VoiceCueEntry {cue, variant_count, sample_id[]}"
0xA0,4548,0,6,ヘクト,BATTLE.BIN,,0x0033C7D8,battle_actor_class_6,STRONG,"BATTLE cue mapper; decoded VoiceCueEntry {cue, variant_count, sample_id[]}"
0xA1,4548,0,6,ヘクト,BATTLE.BIN,,0x0033C7D8,battle_actor_class_6,STRONG,"BATTLE cue mapper; decoded VoiceCueEntry {cue, variant_count, sample_id[]}"
0xA1,4612,1,6,ヘクト,BATTLE.BIN,,0x0033C7D8,battle_actor_class_6,STRONG,"BATTLE cue mapper; decoded VoiceCueEntry {cue, variant_count, sample_id[]}"
0xA2,4544,0,6,ヘクト,BATTLE.BIN,,0x0033C7D8,battle_actor_class_6,STRONG,"BATTLE cue mapper; decoded VoiceCueEntry {cue, variant_count, sample_id[]}"
0xA3,4544,0,6,ヘクト,BATTLE.BIN,,0x0033C7D8,battle_actor_class_6,STRONG,"BATTLE cue mapper; decoded VoiceCueEntry {cue, variant_count, sample_id[]}"
0xC8,4546,0,6,ヘクト,BATTLE.BIN,,0x0033C7D8,battle_actor_class_6,STRONG,"BATTLE cue mapper; decoded VoiceCueEntry {cue, variant_count, sample_id[]}"
0xC9,4636,0,6,ヘクト,BATTLE.BIN,,0x0033C7D8,battle_actor_class_6,STRONG,"BATTLE cue mapper; decoded VoiceCueEntry {cue, variant_count, sample_id[]}"
0xCA,4638,0,6,ヘクト,BATTLE.BIN,,0x0033C7D8,battle_actor_class_6,STRONG,"BATTLE cue mapper; decoded VoiceCueEntry {cue, variant_count, sample_id[]}"
0xCB,4640,0,6,ヘクト,BATTLE.BIN,,0x0033C7D8,battle_actor_class_6,STRONG,"BATTLE cue mapper; decoded VoiceCueEntry {cue, variant_count, sample_id[]}"
0xCC,4642,0,6,ヘクト,BATTLE.BIN,,0x0033C7D8,battle_actor_class_6,STRONG,"BATTLE cue mapper; decoded VoiceCueEntry {cue, variant_count, sample_id[]}"
0xCD,4644,0,6,ヘクト,BATTLE.BIN,,0x0033C7D8,battle_actor_class_6,STRONG,"BATTLE cue mapper; decoded VoiceCueEntry {cue, variant_count, sample_id[]}"
0xCE,4998,0,6,ヘクト,BATTLE.BIN,,0x0033C7D8,battle_actor_class_6,STRONG,"BATTLE cue mapper; decoded VoiceCueEntry {cue, variant_count, sample_id[]}"
0xCF,4646,0,6,ヘクト,BATTLE.BIN,,0x0033C7D8,battle_actor_class_6,STRONG,"BATTLE cue mapper; decoded VoiceCueEntry {cue, variant_count, sample_id[]}"
0xD0,4648,0,6,ヘクト,BATTLE.BIN,,0x0033C7D8,battle_actor_class_6,STRONG,"BATTLE cue mapper; decoded VoiceCueEntry {cue, variant_count, sample_id[]}"
0xD1,4610,0,6,ヘクト,BATTLE.BIN,,0x0033C7D8,battle_actor_class_6,STRONG,"BATTLE cue mapper; decoded VoiceCueEntry {cue, variant_count, sample_id[]}"
0xD2,4610,0,6,ヘクト,BATTLE.BIN,,0x0033C7D8,battle_actor_class_6,STRONG,"BATTLE cue mapper; decoded VoiceCueEntry {cue, variant_count, sample_id[]}"
0xD3,4606,0,6,ヘクト,BATTLE.BIN,,0x0033C7D8,battle_actor_class_6,STRONG,"BATTLE cue mapper; decoded VoiceCueEntry {cue, variant_count, sample_id[]}"
0xD4,4606,0,6,ヘクト,BATTLE.BIN,,0x0033C7D8,battle_actor_class_6,STRONG,"BATTLE cue mapper; decoded VoiceCueEntry {cue, variant_count, sample_id[]}"
0xD5,4606,0,6,ヘクト,BATTLE.BIN,,0x0033C7D8,battle_actor_class_6,STRONG,"BATTLE cue mapper; decoded VoiceCueEntry {cue, variant_count, sample_id[]}"
0x0A,4812,0,7,actor_class_7,BATTLE.BIN,,0x0033C7D8,battle_actor_class_7,STRONG,"BATTLE cue mapper; decoded VoiceCueEntry {cue, variant_count, sample_id[]}"
0x0B,4810,0,7,actor_class_7,BATTLE.BIN,,0x0033C7D8,battle_actor_class_7,STRONG,"BATTLE cue mapper; decoded VoiceCueEntry {cue, variant_count, sample_id[]}"
0x12,4806,0,7,actor_class_7,BATTLE.BIN,,0x0033C7D8,battle_actor_class_7,STRONG,"BATTLE cue mapper; decoded VoiceCueEntry {cue, variant_count, sample_id[]}"
0x3D,4800,0,7,actor_class_7,BATTLE.BIN,,0x0033C7D8,battle_actor_class_7,STRONG,"BATTLE cue mapper; decoded VoiceCueEntry {cue, variant_count, sample_id[]}"
0xCE,4816,0,7,actor_class_7,BATTLE.BIN,,0x0033C7D8,battle_actor_class_7,STRONG,"BATTLE cue mapper; decoded VoiceCueEntry {cue, variant_count, sample_id[]}"
0xD0,4818,0,7,actor_class_7,BATTLE.BIN,,0x0033C7D8,battle_actor_class_7,STRONG,"BATTLE cue mapper; decoded VoiceCueEntry {cue, variant_count, sample_id[]}"
0x02,4820,0,8,actor_class_8,BATTLE.BIN,,0x0033C7D8,battle_actor_class_8,STRONG,"BATTLE cue mapper; decoded VoiceCueEntry {cue, variant_count, sample_id[]}"
0x03,4820,0,8,actor_class_8,BATTLE.BIN,,0x0033C7D8,battle_actor_class_8,STRONG,"BATTLE cue mapper; decoded VoiceCueEntry {cue, variant_count, sample_id[]}"
0x04,4820,0,8,actor_class_8,BATTLE.BIN,,0x0033C7D8,battle_actor_class_8,STRONG,"BATTLE cue mapper; decoded VoiceCueEntry {cue, variant_count, sample_id[]}"
0x21,4822,0,8,actor_class_8,BATTLE.BIN,,0x0033C7D8,battle_actor_class_8,STRONG,"BATTLE cue mapper; decoded VoiceCueEntry {cue, variant_count, sample_id[]}"
0x22,4822,0,8,actor_class_8,BATTLE.BIN,,0x0033C7D8,battle_actor_class_8,STRONG,"BATTLE cue mapper; decoded VoiceCueEntry {cue, variant_count, sample_id[]}"
0x27,4832,0,8,actor_class_8,BATTLE.BIN,,0x0033C7D8,battle_actor_class_8,STRONG,"BATTLE cue mapper; decoded VoiceCueEntry {cue, variant_count, sample_id[]}"
0x2A,4834,0,8,actor_class_8,BATTLE.BIN,,0x0033C7D8,battle_actor_class_8,STRONG,"BATTLE cue mapper; decoded VoiceCueEntry {cue, variant_count, sample_id[]}"
0x32,4826,0,8,actor_class_8,BATTLE.BIN,,0x0033C7D8,battle_actor_class_8,STRONG,"BATTLE cue mapper; decoded VoiceCueEntry {cue, variant_count, sample_id[]}"
0x3B,4832,0,8,actor_class_8,BATTLE.BIN,,0x0033C7D8,battle_actor_class_8,STRONG,"BATTLE cue mapper; decoded VoiceCueEntry {cue, variant_count, sample_id[]}"
0xCE,4836,0,8,actor_class_8,BATTLE.BIN,,0x0033C7D8,battle_actor_class_8,STRONG,"BATTLE cue mapper; decoded VoiceCueEntry {cue, variant_count, sample_id[]}"
0xCF,4896,0,8,actor_class_8,BATTLE.BIN,,0x0033C7D8,battle_actor_class_8,STRONG,"BATTLE cue mapper; decoded VoiceCueEntry {cue, variant_count, sample_id[]}"
0xD0,4838,0,8,actor_class_8,BATTLE.BIN,,0x0033C7D8,battle_actor_class_8,STRONG,"BATTLE cue mapper; decoded VoiceCueEntry {cue, variant_count, sample_id[]}"
0x0E,4854,0,9,actor_class_9,BATTLE.BIN,,0x0033C7D8,battle_actor_class_9,STRONG,"BATTLE cue mapper; decoded VoiceCueEntry {cue, variant_count, sample_id[]}"
0x0E,4840,1,9,actor_class_9,BATTLE.BIN,,0x0033C7D8,battle_actor_class_9,STRONG,"BATTLE cue mapper; decoded VoiceCueEntry {cue, variant_count, sample_id[]}"
0x16,4848,0,9,actor_class_9,BATTLE.BIN,,0x0033C7D8,battle_actor_class_9,STRONG,"BATTLE cue mapper; decoded VoiceCueEntry {cue, variant_count, sample_id[]}"
0x16,4840,1,9,actor_class_9,BATTLE.BIN,,0x0033C7D8,battle_actor_class_9,STRONG,"BATTLE cue mapper; decoded VoiceCueEntry {cue, variant_count, sample_id[]}"
0x17,4848,0,9,actor_class_9,BATTLE.BIN,,0x0033C7D8,battle_actor_class_9,STRONG,"BATTLE cue mapper; decoded VoiceCueEntry {cue, variant_count, sample_id[]}"
0x17,4842,1,9,actor_class_9,BATTLE.BIN,,0x0033C7D8,battle_actor_class_9,STRONG,"BATTLE cue mapper; decoded VoiceCueEntry {cue, variant_count, sample_id[]}"
0x18,4848,0,9,actor_class_9,BATTLE.BIN,,0x0033C7D8,battle_actor_class_9,STRONG,"BATTLE cue mapper; decoded VoiceCueEntry {cue, variant_count, sample_id[]}"
0x18,4840,1,9,actor_class_9,BATTLE.BIN,,0x0033C7D8,battle_actor_class_9,STRONG,"BATTLE cue mapper; decoded VoiceCueEntry {cue, variant_count, sample_id[]}"
0x28,4846,0,9,actor_class_9,BATTLE.BIN,,0x0033C7D8,battle_actor_class_9,STRONG,"BATTLE cue mapper; decoded VoiceCueEntry {cue, variant_count, sample_id[]}"
0x28,4842,1,9,actor_class_9,BATTLE.BIN,,0x0033C7D8,battle_actor_class_9,STRONG,"BATTLE cue mapper; decoded VoiceCueEntry {cue, variant_count, sample_id[]}"
0x29,4846,0,9,actor_class_9,BATTLE.BIN,,0x0033C7D8,battle_actor_class_9,STRONG,"BATTLE cue mapper; decoded VoiceCueEntry {cue, variant_count, sample_id[]}"
0x29,4842,1,9,actor_class_9,BATTLE.BIN,,0x0033C7D8,battle_actor_class_9,STRONG,"BATTLE cue mapper; decoded VoiceCueEntry {cue, variant_count, sample_id[]}"
0x2B,4850,0,9,actor_class_9,BATTLE.BIN,,0x0033C7D8,battle_actor_class_9,STRONG,"BATTLE cue mapper; decoded VoiceCueEntry {cue, variant_count, sample_id[]}"
0x2C,4850,0,9,actor_class_9,BATTLE.BIN,,0x0033C7D8,battle_actor_class_9,STRONG,"BATTLE cue mapper; decoded VoiceCueEntry {cue, variant_count, sample_id[]}"
0x33,4844,0,9,actor_class_9,BATTLE.BIN,,0x0033C7D8,battle_actor_class_9,STRONG,"BATTLE cue mapper; decoded VoiceCueEntry {cue, variant_count, sample_id[]}"
0x34,4854,0,9,actor_class_9,BATTLE.BIN,,0x0033C7D8,battle_actor_class_9,STRONG,"BATTLE cue mapper; decoded VoiceCueEntry {cue, variant_count, sample_id[]}"
0x35,4854,0,9,actor_class_9,BATTLE.BIN,,0x0033C7D8,battle_actor_class_9,STRONG,"BATTLE cue mapper; decoded VoiceCueEntry {cue, variant_count, sample_id[]}"
0x39,4852,0,9,actor_class_9,BATTLE.BIN,,0x0033C7D8,battle_actor_class_9,STRONG,"BATTLE cue mapper; decoded VoiceCueEntry {cue, variant_count, sample_id[]}"
0xCE,4856,0,9,actor_class_9,BATTLE.BIN,,0x0033C7D8,battle_actor_class_9,STRONG,"BATTLE cue mapper; decoded VoiceCueEntry {cue, variant_count, sample_id[]}"
0xD0,4858,0,9,actor_class_9,BATTLE.BIN,,0x0033C7D8,battle_actor_class_9,STRONG,"BATTLE cue mapper; decoded VoiceCueEntry {cue, variant_count, sample_id[]}"
0x0A,4872,0,10,actor_class_10,BATTLE.BIN,,0x0033C7D8,battle_actor_class_10,STRONG,"BATTLE cue mapper; decoded VoiceCueEntry {cue, variant_count, sample_id[]}"
0x13,4872,0,10,actor_class_10,BATTLE.BIN,,0x0033C7D8,battle_actor_class_10,STRONG,"BATTLE cue mapper; decoded VoiceCueEntry {cue, variant_count, sample_id[]}"
0x14,4872,0,10,actor_class_10,BATTLE.BIN,,0x0033C7D8,battle_actor_class_10,STRONG,"BATTLE cue mapper; decoded VoiceCueEntry {cue, variant_count, sample_id[]}"
0x27,4872,0,10,actor_class_10,BATTLE.BIN,,0x0033C7D8,battle_actor_class_10,STRONG,"BATTLE cue mapper; decoded VoiceCueEntry {cue, variant_count, sample_id[]}"
0x2B,4862,0,10,actor_class_10,BATTLE.BIN,,0x0033C7D8,battle_actor_class_10,STRONG,"BATTLE cue mapper; decoded VoiceCueEntry {cue, variant_count, sample_id[]}"
0x2B,4870,1,10,actor_class_10,BATTLE.BIN,,0x0033C7D8,battle_actor_class_10,STRONG,"BATTLE cue mapper; decoded VoiceCueEntry {cue, variant_count, sample_id[]}"
0x2D,4862,0,10,actor_class_10,BATTLE.BIN,,0x0033C7D8,battle_actor_class_10,STRONG,"BATTLE cue mapper; decoded VoiceCueEntry {cue, variant_count, sample_id[]}"
0x2D,4870,1,10,actor_class_10,BATTLE.BIN,,0x0033C7D8,battle_actor_class_10,STRONG,"BATTLE cue mapper; decoded VoiceCueEntry {cue, variant_count, sample_id[]}"
0x30,4866,0,10,actor_class_10,BATTLE.BIN,,0x0033C7D8,battle_actor_class_10,STRONG,"BATTLE cue mapper; decoded VoiceCueEntry {cue, variant_count, sample_id[]}"
0x32,4866,0,10,actor_class_10,BATTLE.BIN,,0x0033C7D8,battle_actor_class_10,STRONG,"BATTLE cue mapper; decoded VoiceCueEntry {cue, variant_count, sample_id[]}"
0xCE,4876,0,10,actor_class_10,BATTLE.BIN,,0x0033C7D8,battle_actor_class_10,STRONG,"BATTLE cue mapper; decoded VoiceCueEntry {cue, variant_count, sample_id[]}"
0xD0,4878,0,10,actor_class_10,BATTLE.BIN,,0x0033C7D8,battle_actor_class_10,STRONG,"BATTLE cue mapper; decoded VoiceCueEntry {cue, variant_count, sample_id[]}"
0x1C,4880,0,11,actor_class_11,BATTLE.BIN,,0x0033C7D8,battle_actor_class_11,STRONG,"BATTLE cue mapper; decoded VoiceCueEntry {cue, variant_count, sample_id[]}"
0x1C,4886,1,11,actor_class_11,BATTLE.BIN,,0x0033C7D8,battle_actor_class_11,STRONG,"BATTLE cue mapper; decoded VoiceCueEntry {cue, variant_count, sample_id[]}"
0x33,4880,0,11,actor_class_11,BATTLE.BIN,,0x0033C7D8,battle_actor_class_11,STRONG,"BATTLE cue mapper; decoded VoiceCueEntry {cue, variant_count, sample_id[]}"
0x33,4886,1,11,actor_class_11,BATTLE.BIN,,0x0033C7D8,battle_actor_class_11,STRONG,"BATTLE cue mapper; decoded VoiceCueEntry {cue, variant_count, sample_id[]}"
0x37,4882,0,11,actor_class_11,BATTLE.BIN,,0x0033C7D8,battle_actor_class_11,STRONG,"BATTLE cue mapper; decoded VoiceCueEntry {cue, variant_count, sample_id[]}"
0x37,4888,1,11,actor_class_11,BATTLE.BIN,,0x0033C7D8,battle_actor_class_11,STRONG,"BATTLE cue mapper; decoded VoiceCueEntry {cue, variant_count, sample_id[]}"
0x38,4884,0,11,actor_class_11,BATTLE.BIN,,0x0033C7D8,battle_actor_class_11,STRONG,"BATTLE cue mapper; decoded VoiceCueEntry {cue, variant_count, sample_id[]}"
0x38,4890,1,11,actor_class_11,BATTLE.BIN,,0x0033C7D8,battle_actor_class_11,STRONG,"BATTLE cue mapper; decoded VoiceCueEntry {cue, variant_count, sample_id[]}"
0xCE,4892,0,11,actor_class_11,BATTLE.BIN,,0x0033C7D8,battle_actor_class_11,STRONG,"BATTLE cue mapper; decoded VoiceCueEntry {cue, variant_count, sample_id[]}"
0xD0,4894,0,11,actor_class_11,BATTLE.BIN,,0x0033C7D8,battle_actor_class_11,STRONG,"BATTLE cue mapper; decoded VoiceCueEntry {cue, variant_count, sample_id[]}"
0x65,4006,0,0,ユウキ,BATTLE.BIN,,0x0033A3BC,battle_special_skill:天空剣,PROVEN,action +0x06 -> Battle_PlayVoiceCue -> cue mapper -> sample ID
0x66,4006,0,0,ユウキ,BATTLE.BIN,,0x0033A3BC,battle_special_skill:旋風剣,PROVEN,action +0x06 -> Battle_PlayVoiceCue -> cue mapper -> sample ID
0x67,4006,0,0,ユウキ,BATTLE.BIN,,0x0033A3BC,battle_special_skill:疾風<B1F2>,PROVEN,action +0x06 -> Battle_PlayVoiceCue -> cue mapper -> sample ID
0x68,4006,0,0,ユウキ,BATTLE.BIN,,0x0033A3BC,battle_special_skill:烈風<ACF2>舞,PROVEN,action +0x06 -> Battle_PlayVoiceCue -> cue mapper -> sample ID
0x69,4006,0,0,ユウキ,BATTLE.BIN,,0x0033A3BC,battle_special_skill:無敵のオーラ,PROVEN,action +0x06 -> Battle_PlayVoiceCue -> cue mapper -> sample ID
0x6A,4006,0,0,ユウキ,BATTLE.BIN,,0x0033A3BC,battle_special_skill:竜<B1F2>剣,PROVEN,action +0x06 -> Battle_PlayVoiceCue -> cue mapper -> sample ID
0x6D,4116,0,,,BATTLE.BIN,,0x0033A3BC,battle_special_skill:コメットスパイク,PROVEN,action +0x06 -> Battle_PlayVoiceCue -> cue mapper -> sample ID
0x6E,4116,0,,,BATTLE.BIN,,0x0033A3BC,battle_special_skill:スタンフォース,PROVEN,action +0x06 -> Battle_PlayVoiceCue -> cue mapper -> sample ID
0x6F,4116,0,,,BATTLE.BIN,,0x0033A3BC,battle_special_skill:リップルショット,PROVEN,action +0x06 -> Battle_PlayVoiceCue -> cue mapper -> sample ID
0x70,4116,0,,,BATTLE.BIN,,0x0033A3BC,battle_special_skill:ホーリーサークル,PROVEN,action +0x06 -> Battle_PlayVoiceCue -> cue mapper -> sample ID
0x71,4116,0,,,BATTLE.BIN,,0x0033A3BC,battle_special_skill:エネルギードライブ,PROVEN,action +0x06 -> Battle_PlayVoiceCue -> cue mapper -> sample ID
0x72,4116,0,,,BATTLE.BIN,,0x0033A3BC,battle_special_skill:<C3F1>わる世界,PROVEN,action +0x06 -> Battle_PlayVoiceCue -> cue mapper -> sample ID
0x75,4230,0,,,BATTLE.BIN,,0x0033A3BC,battle_special_skill:<D4F2>双<ACF2>り,PROVEN,action +0x06 -> Battle_PlayVoiceCue -> cue mapper -> sample ID
0x76,4230,0,,,BATTLE.BIN,,0x0033A3BC,battle_special_skill:地竜閃,PROVEN,action +0x06 -> Battle_PlayVoiceCue -> cue mapper -> sample ID
0x7D,4294,0,,,BATTLE.BIN,,0x0033A3BC,battle_special_skill:スラストクラッシュ,PROVEN,action +0x06 -> Battle_PlayVoiceCue -> cue mapper -> sample ID
0x7E,4294,0,,,BATTLE.BIN,,0x0033A3BC,battle_special_skill:ランサースマッシュ,PROVEN,action +0x06 -> Battle_PlayVoiceCue -> cue mapper -> sample ID
0x85,4338,0,,,BATTLE.BIN,,0x0033A3BC,battle_special_skill:岩石<39F4>き,PROVEN,action +0x06 -> Battle_PlayVoiceCue -> cue mapper -> sample ID
0x86,4338,0,,,BATTLE.BIN,,0x0033A3BC,battle_special_skill:衝波,PROVEN,action +0x06 -> Battle_PlayVoiceCue -> cue mapper -> sample ID
0x87,4338,0,,,BATTLE.BIN,,0x0033A3BC,battle_special_skill:熱血魔球,PROVEN,action +0x06 -> Battle_PlayVoiceCue -> cue mapper -> sample ID
0x88,4338,0,,,BATTLE.BIN,,0x0033A3BC,battle_special_skill:大<6CF4>輪,PROVEN,action +0x06 -> Battle_PlayVoiceCue -> cue mapper -> sample ID
0x89,4334,0,,,BATTLE.BIN,,0x0033A3BC,battle_special_skill:<35F2>法師,PROVEN,action +0x06 -> Battle_PlayVoiceCue -> cue mapper -> sample ID
0x8A,4334,0,,,BATTLE.BIN,,0x0033A3BC,battle_special_skill:熱血大魔球,PROVEN,action +0x06 -> Battle_PlayVoiceCue -> cue mapper -> sample ID
0x8B,4334,0,,,BATTLE.BIN,,0x0033A3BC,battle_special_skill:紅蓮華,PROVEN,action +0x06 -> Battle_PlayVoiceCue -> cue mapper -> sample ID
0x8C,4334,0,,,BATTLE.BIN,,0x0033A3BC,battle_special_skill:ウル・ダイナマイト,PROVEN,action +0x06 -> Battle_PlayVoiceCue -> cue mapper -> sample ID
0x8D,4438,0,,,BATTLE.BIN,,0x0033A3BC,battle_special_skill:ホーミングシュート,PROVEN,action +0x06 -> Battle_PlayVoiceCue -> cue mapper -> sample ID
0x8E,4438,0,,,BATTLE.BIN,,0x0033A3BC,battle_special_skill:マナキャプチャー,PROVEN,action +0x06 -> Battle_PlayVoiceCue -> cue mapper -> sample ID
0x8F,4438,0,,,BATTLE.BIN,,0x0033A3BC,battle_special_skill:ダンシングカード,PROVEN,action +0x06 -> Battle_PlayVoiceCue -> cue mapper -> sample ID
0x90,4438,0,,,BATTLE.BIN,,0x0033A3BC,battle_special_skill:魔王<B1F2>,PROVEN,action +0x06 -> Battle_PlayVoiceCue -> cue mapper -> sample ID
0x95,4542,0,,,BATTLE.BIN,,0x0033A3BC,battle_special_skill:<CAF0>い衝撃,PROVEN,action +0x06 -> Battle_PlayVoiceCue -> cue mapper -> sample ID
0x96,4542,0,,,BATTLE.BIN,,0x0033A3BC,battle_special_skill:結界,PROVEN,action +0x06 -> Battle_PlayVoiceCue -> cue mapper -> sample ID
