entry_index,stream_key,key_bit_0x800,start_sector,end_sector,source_offset,size_bytes,channels,sample_rate,header_size,interleave,duration_ms,reference_count,sample_ids,classification,confidence,notes
0,0x801,1,0x0,0x6A1,0x0,3475456,2,24000,0xA40,0x54800,126614,0,,unreferenced_stereo_stream,TENTATIVE,not referenced by GR3.IDX; may be music or a separately addressed stream
1,0x2,0,0x6A1,0x6E6,0x350800,141312,1,24000,0x800,0x800,10155,112,0x4;0x5;0x72;0x73;0x78;0x79;0x80;0x81;0x86;0x87;0x88;0x89;0x8E;0x8F;0x3E8;0x3E9;0x3EA;0x3EB;0x40A;0x40B;0x41A;0x41B;0x41E;0x41F;0x43C;0x43D;0x43E;0x43F;0x44A;0x44B;0x464;0x465;0x476;0x477;0x478;0x479;0x47C;0x47D;0x47E;0x47F;0x480;0x481;0x48A;0x48B;0x496;0x497;0x498;0x499;0x49A;0x49B;0x49C;0x49D;0x49E;0x49F;0x4A0;0x4A1;0x4A2;0x4A3;0x4A4;0x4A5;0x4AC;0x4AD;0x4B8;0x4B9;0x4BE;0x4BF;0x4C2;0x4C3;0x4C6;0x4C7;0x4D0;0x4D1;0x4D4;0x4D5;0x4D8;0x4D9;0x4EA;0x4EB;0x4F2;0x4F3;0x508;0x509;0x50C;0x50D;0x50E;0x50F;0x514;0x515;0x536;0x537;0x53C;0x53D;0x578;0x579;0x57A;0x57B;0x58C;0x58D;0x59A;0x59B;0x5AA;0x5AB;0x5B2;0x5B3;0x5B8;0x5B9;0x5BE;0x5BF;0x5C4;0x5C5;0x5C6;0x5C7,mono_shared_stream,TENTATIVE,mono stream in the shared/event portion; runtime role not yet verified
2,0x803,1,0x6E6,0x8E3,0x373000,1042432,2,24000,0xF00,0x18800,37865,0,,unreferenced_stereo_stream,TENTATIVE,not referenced by GR3.IDX; may be music or a separately addressed stream
3,0x804,1,0x8E3,0xF46,0x471800,3348480,2,24000,0xAB0,0x13A800,121980,0,,unreferenced_stereo_stream,TENTATIVE,not referenced by GR3.IDX; may be music or a separately addressed stream
4,0x805,1,0xF46,0x19D5,0x7A3000,5535744,2,24000,0x900,0x37800,201740,0,,unreferenced_stereo_stream,TENTATIVE,not referenced by GR3.IDX; may be music or a separately addressed stream
5,0x806,1,0x19D5,0x23A4,0xCEA800,5142528,2,24000,0xBF0,0x73800,187377,0,,unreferenced_stereo_stream,TENTATIVE,not referenced by GR3.IDX; may be music or a separately addressed stream
6,0x807,1,0x23A4,0x2D69,0x11D2000,5122048,2,24000,0xF70,0x73800,186597,0,,unreferenced_stereo_stream,TENTATIVE,not referenced by GR3.IDX; may be music or a separately addressed stream
7,0x808,1,0x2D69,0x3702,0x16B4800,5031936,2,24000,0xDD0,0x58800,183327,0,,unreferenced_stereo_stream,TENTATIVE,not referenced by GR3.IDX; may be music or a separately addressed stream
8,0x809,1,0x3702,0x3DFF,0x1B81000,3663872,2,24000,0x890,0xA1800,133499,0,,unreferenced_stereo_stream,TENTATIVE,not referenced by GR3.IDX; may be music or a separately addressed stream
9,0x80A,1,0x3DFF,0x43CA,0x1EFF800,3037184,2,24000,0x9F0,0x54800,110638,0,,unreferenced_stereo_stream,TENTATIVE,not referenced by GR3.IDX; may be music or a separately addressed stream
10,0x80B,1,0x43CA,0x498F,0x21E5000,3024896,2,24000,0xF50,0x87800,110140,0,,unreferenced_stereo_stream,TENTATIVE,not referenced by GR3.IDX; may be music or a separately addressed stream
11,0x80C,1,0x498F,0x4D58,0x24C7800,1984512,2,48000,0xA00,0x26800,36129,0,,unreferenced_stereo_stream,TENTATIVE,not referenced by GR3.IDX; may be music or a separately addressed stream
12,0x80D,1,0x4D58,0x51E7,0x26AC000,2390016,2,24000,0xED0,0x12800,86998,0,,unreferenced_stereo_stream,TENTATIVE,not referenced by GR3.IDX; may be music or a separately addressed stream
13,0x80E,1,0x51E7,0x53AE,0x28F3800,931840,2,24000,0xC20,0x20800,33860,0,,unreferenced_stereo_stream,TENTATIVE,not referenced by GR3.IDX; may be music or a separately addressed stream
14,0x80F,1,0x53AE,0x5991,0x29D7000,3086336,2,24000,0x880,0x170800,112443,0,,unreferenced_stereo_stream,TENTATIVE,not referenced by GR3.IDX; may be music or a separately addressed stream
15,0x810,1,0x5991,0x604E,0x2CC8800,3532800,2,24000,0xBB0,0x62800,128691,0,,unreferenced_stereo_stream,TENTATIVE,not referenced by GR3.IDX; may be music or a separately addressed stream
16,0x811,1,0x604E,0x6733,0x3027000,3614720,2,24000,0xCF0,0x4B800,131666,0,,unreferenced_stereo_stream,TENTATIVE,not referenced by GR3.IDX; may be music or a separately addressed stream
17,0x812,1,0x6733,0x6D3A,0x3399800,3160064,2,24000,0x900,0x59800,115127,0,,unreferenced_stereo_stream,TENTATIVE,not referenced by GR3.IDX; may be music or a separately addressed stream
18,0x813,1,0x6D3A,0x72FF,0x369D000,3024896,2,24000,0xF50,0x87800,110140,0,,unreferenced_stereo_stream,TENTATIVE,not referenced by GR3.IDX; may be music or a separately addressed stream
19,0x814,1,0x72FF,0x7708,0x397F800,2115584,2,24000,0xE30,0x6C800,76998,0,,unreferenced_stereo_stream,TENTATIVE,not referenced by GR3.IDX; may be music or a separately addressed stream
20,0x815,1,0x7708,0x7AAB,0x3B84000,1906688,2,24000,0xB10,0x21800,69411,0,,unreferenced_stereo_stream,TENTATIVE,not referenced by GR3.IDX; may be music or a separately addressed stream
21,0x816,1,0x7AAB,0x7EBE,0x3D55800,2136064,2,24000,0x930,0x2C800,77792,0,,unreferenced_stereo_stream,TENTATIVE,not referenced by GR3.IDX; may be music or a separately addressed stream
22,0x817,1,0x7EBE,0x8195,0x3F5F000,1488896,2,24000,0xDB0,0x13800,54155,0,,unreferenced_stereo_stream,TENTATIVE,not referenced by GR3.IDX; may be music or a separately addressed stream
23,0x818,1,0x8195,0x83FC,0x40CA800,1259520,2,24000,0xFE0,0x11800,45772,0,,unreferenced_stereo_stream,TENTATIVE,not referenced by GR3.IDX; may be music or a separately addressed stream
24,0x819,1,0x83FC,0x8935,0x41FE000,2738176,2,24000,0x810,0x41800,99754,0,,unreferenced_stereo_stream,TENTATIVE,not referenced by GR3.IDX; may be music or a separately addressed stream
25,0x81A,1,0x8935,0x9250,0x449A800,4773888,2,24000,0xBC0,0x101800,173938,0,,unreferenced_stereo_stream,TENTATIVE,not referenced by GR3.IDX; may be music or a separately addressed stream
26,0x81B,1,0x9250,0x94D9,0x4928000,1329152,2,24000,0x8F0,0x13800,48375,0,,unreferenced_stereo_stream,TENTATIVE,not referenced by GR3.IDX; may be music or a separately addressed stream
27,0x81C,1,0x94D9,0x9B80,0x4A6C800,3487744,2,24000,0xFB0,0x7800,127011,0,,unreferenced_stereo_stream,TENTATIVE,not referenced by GR3.IDX; may be music or a separately addressed stream
28,0x81D,1,0x9B80,0x9CCF,0x4DC0000,686080,2,24000,0x940,0xA800,24927,0,,unreferenced_stereo_stream,TENTATIVE,not referenced by GR3.IDX; may be music or a separately addressed stream
29,0x81E,1,0x9CCF,0xA70C,0x4E67800,5367808,2,24000,0x9A0,0x68800,195612,0,,unreferenced_stereo_stream,TENTATIVE,not referenced by GR3.IDX; may be music or a separately addressed stream
30,0x81F,1,0xA70C,0xAB9B,0x5386000,2390016,2,24000,0xED0,0x12800,86998,0,,unreferenced_stereo_stream,TENTATIVE,not referenced by GR3.IDX; may be music or a separately addressed stream
31,0x820,1,0xAB9B,0xB3E4,0x55CD800,4343808,2,48000,0xFB0,0x1E800,79111,0,,unreferenced_stereo_stream,TENTATIVE,not referenced by GR3.IDX; may be music or a separately addressed stream
32,0x821,1,0xB3E4,0xB96B,0x59F2000,2897920,2,24000,0x930,0x5D800,105568,0,,unreferenced_stereo_stream,TENTATIVE,not referenced by GR3.IDX; may be music or a separately addressed stream
33,0x822,1,0xB96B,0xBD42,0x5CB5800,2013184,2,24000,0xED0,0x1A800,73259,0,,unreferenced_stereo_stream,TENTATIVE,not referenced by GR3.IDX; may be music or a separately addressed stream
34,0x823,1,0xBD42,0xC2B3,0x5EA1000,2852864,2,24000,0x850,0x39800,103933,0,,unreferenced_stereo_stream,TENTATIVE,not referenced by GR3.IDX; may be music or a separately addressed stream
35,0x824,1,0xC2B3,0xCCD6,0x6159800,5314560,2,24000,0x830,0x5B800,193684,0,,unreferenced_stereo_stream,TENTATIVE,not referenced by GR3.IDX; may be music or a separately addressed stream
36,0x825,1,0xCCD6,0xD3D1,0x666B000,3659776,2,24000,0xFE0,0x5C800,133281,0,,unreferenced_stereo_stream,TENTATIVE,not referenced by GR3.IDX; may be music or a separately addressed stream
37,0x826,1,0xD3D1,0xDC56,0x69E8800,4466688,2,24000,0xDC0,0x5F800,162720,0,,unreferenced_stereo_stream,TENTATIVE,not referenced by GR3.IDX; may be music or a separately addressed stream
38,0x827,1,0xDC56,0xDF97,0x6E2B000,1705984,2,24000,0xC10,0x42800,62085,0,,unreferenced_stereo_stream,TENTATIVE,not referenced by GR3.IDX; may be music or a separately addressed stream
39,0x828,1,0xDF97,0xE3D2,0x6FCB800,2217984,2,24000,0xA40,0x39800,80768,0,,unreferenced_stereo_stream,TENTATIVE,not referenced by GR3.IDX; may be music or a separately addressed stream
40,0x829,1,0xE3D2,0xEBB1,0x71E9000,4126720,2,24000,0xD20,0x4800,150331,0,,unreferenced_stereo_stream,TENTATIVE,not referenced by GR3.IDX; may be music or a separately addressed stream
41,0x82A,1,0xEBB1,0xEFB6,0x75D8800,2107392,2,24000,0x980,0x55800,76743,0,,unreferenced_stereo_stream,TENTATIVE,not referenced by GR3.IDX; may be music or a separately addressed stream
42,0x82B,1,0xEFB6,0xF3F1,0x77DB000,2217984,2,24000,0xA40,0x39800,80768,0,,unreferenced_stereo_stream,TENTATIVE,not referenced by GR3.IDX; may be music or a separately addressed stream
43,0x82C,1,0xF3F1,0xF82C,0x79F8800,2217984,2,24000,0xA40,0x39800,80768,0,,unreferenced_stereo_stream,TENTATIVE,not referenced by GR3.IDX; may be music or a separately addressed stream
44,0x82D,1,0xF82C,0xFC7F,0x7C16000,2267136,2,24000,0xE60,0x15800,82522,0,,unreferenced_stereo_stream,TENTATIVE,not referenced by GR3.IDX; may be music or a separately addressed stream
45,0x82E,1,0xFC7F,0xFFE2,0x7E3F800,1775616,2,24000,0x920,0x4A800,64651,0,,unreferenced_stereo_stream,TENTATIVE,not referenced by GR3.IDX; may be music or a separately addressed stream
46,0x82F,1,0xFFE2,0x10405,0x7FF1000,2168832,2,24000,0xE10,0x6C800,78941,0,,unreferenced_stereo_stream,TENTATIVE,not referenced by GR3.IDX; may be music or a separately addressed stream
47,0x830,1,0x10405,0x10818,0x8202800,2136064,2,24000,0xE70,0x6E800,77743,0,,unreferenced_stereo_stream,TENTATIVE,not referenced by GR3.IDX; may be music or a separately addressed stream
48,0x831,1,0x10818,0x10BB7,0x840C000,1898496,2,24000,0x830,0x39800,69140,0,,unreferenced_stereo_stream,TENTATIVE,not referenced by GR3.IDX; may be music or a separately addressed stream
49,0x832,1,0x10BB7,0x10F66,0x85DB800,1931264,2,24000,0xC10,0x38800,70298,0,,unreferenced_stereo_stream,TENTATIVE,not referenced by GR3.IDX; may be music or a separately addressed stream
50,0x833,1,0x10F66,0x11A2F,0x87B3000,5654528,2,24000,0x820,0x54800,206079,0,,unreferenced_stereo_stream,TENTATIVE,not referenced by GR3.IDX; may be music or a separately addressed stream
51,0x834,1,0x11A2F,0x12102,0x8D17800,3577856,2,24000,0xF20,0x16800,130302,0,,unreferenced_stereo_stream,TENTATIVE,not referenced by GR3.IDX; may be music or a separately addressed stream
52,0x835,1,0x12102,0x12639,0x9081000,2734080,2,24000,0x910,0x40800,99595,0,,unreferenced_stereo_stream,TENTATIVE,not referenced by GR3.IDX; may be music or a separately addressed stream
53,0x836,1,0x12639,0x12A50,0x931C800,2144256,2,24000,0xE70,0x46800,78041,0,,unreferenced_stereo_stream,TENTATIVE,not referenced by GR3.IDX; may be music or a separately addressed stream
54,0x837,1,0x12A50,0x12B61,0x9528000,559104,2,24000,0x960,0x23800,20296,0,,unreferenced_stereo_stream,TENTATIVE,not referenced by GR3.IDX; may be music or a separately addressed stream
55,0x38,0,0x12B61,0x12BCE,0x95B0800,223232,2,24000,0x800,0x800,8064,2,0x2BC;0x2BD,rendered_event_candidate,STRONG,stereo GR3_STR stream referenced by GR3.IDX; runtime event caller not yet verified
56,0x39,0,0x12BCE,0x12C37,0x95E7000,215040,2,24000,0x800,0x800,7765,2,0x2BE;0x2BF,rendered_event_candidate,STRONG,stereo GR3_STR stream referenced by GR3.IDX; runtime event caller not yet verified
57,0x83A,1,0x12C37,0x130E2,0x961B800,2447360,2,24000,0xBB0,0x22800,89118,0,,unreferenced_stereo_stream,TENTATIVE,not referenced by GR3.IDX; may be music or a separately addressed stream
58,0x83B,1,0x130E2,0x134C5,0x9871000,2037760,2,24000,0x8D0,0x31800,74211,0,,unreferenced_stereo_stream,TENTATIVE,not referenced by GR3.IDX; may be music or a separately addressed stream
59,0x83C,1,0x134C5,0x13BAE,0x9A62800,3622912,2,24000,0xA30,0x54800,131990,0,,unreferenced_stereo_stream,TENTATIVE,not referenced by GR3.IDX; may be music or a separately addressed stream
60,0x83D,1,0x13BAE,0x140F5,0x9DD7000,2766848,2,24000,0xFB0,0x8A800,100728,0,,unreferenced_stereo_stream,TENTATIVE,not referenced by GR3.IDX; may be music or a separately addressed stream
61,0x83E,1,0x140F5,0x1463C,0xA07A800,2766848,2,24000,0xFA0,0x8A800,100729,0,,unreferenced_stereo_stream,TENTATIVE,not referenced by GR3.IDX; may be music or a separately addressed stream
62,0x83F,1,0x1463C,0x14BB1,0xA31E000,2861056,2,24000,0xFE0,0x1F1800,104161,0,,unreferenced_stereo_stream,TENTATIVE,not referenced by GR3.IDX; may be music or a separately addressed stream
63,0x840,1,0x14BB1,0x153B8,0xA5D8800,4208640,2,24000,0x920,0x3E800,153355,0,,unreferenced_stereo_stream,TENTATIVE,not referenced by GR3.IDX; may be music or a separately addressed stream
64,0x841,1,0x153B8,0x1592D,0xA9DC000,2861056,2,24000,0xFE0,0x1F1800,104161,0,,unreferenced_stereo_stream,TENTATIVE,not referenced by GR3.IDX; may be music or a separately addressed stream
65,0x842,1,0x1592D,0x163C6,0xAC96800,5556224,2,24000,0x910,0x7D800,202486,0,,unreferenced_stereo_stream,TENTATIVE,not referenced by GR3.IDX; may be music or a separately addressed stream
66,0x843,1,0x163C6,0x16A2B,0xB1E3000,3352576,2,24000,0xE10,0x11A800,122098,0,,unreferenced_stereo_stream,TENTATIVE,not referenced by GR3.IDX; may be music or a separately addressed stream
67,0x844,1,0x16A2B,0x17002,0xB515800,3061760,2,24000,0x830,0x9800,111550,0,,unreferenced_stereo_stream,TENTATIVE,not referenced by GR3.IDX; may be music or a separately addressed stream
68,0x845,1,0x17002,0x1763B,0xB801000,3262464,2,24000,0xF70,0x7C800,118800,0,,unreferenced_stereo_stream,TENTATIVE,not referenced by GR3.IDX; may be music or a separately addressed stream
69,0x846,1,0x1763B,0x17C10,0xBB1D800,3057664,2,24000,0xB20,0x13800,111374,0,,unreferenced_stereo_stream,TENTATIVE,not referenced by GR3.IDX; may be music or a separately addressed stream
70,0x847,1,0x17C10,0x182D7,0xBE08000,3553280,2,24000,0xFA0,0x82800,129401,0,,unreferenced_stereo_stream,TENTATIVE,not referenced by GR3.IDX; may be music or a separately addressed stream
71,0x848,1,0x182D7,0x188D8,0xC16B800,3147776,2,24000,0xE00,0xCD800,114632,0,,unreferenced_stereo_stream,TENTATIVE,not referenced by GR3.IDX; may be music or a separately addressed stream
72,0x849,1,0x188D8,0x18E21,0xC46C000,2770944,2,24000,0xB80,0xAD800,100917,0,,unreferenced_stereo_stream,TENTATIVE,not referenced by GR3.IDX; may be music or a separately addressed stream
73,0x84A,1,0x18E21,0x193CC,0xC710800,2971648,2,24000,0xE80,0x192800,108206,0,,unreferenced_stereo_stream,TENTATIVE,not referenced by GR3.IDX; may be music or a separately addressed stream
74,0x84B,1,0x193CC,0x19BB1,0xC9E6000,4139008,2,24000,0xF60,0x185800,150758,0,,unreferenced_stereo_stream,TENTATIVE,not referenced by GR3.IDX; may be music or a separately addressed stream
75,0x84C,1,0x19BB1,0x19EBE,0xCDD8800,1599488,2,24000,0xB60,0xCE800,58208,0,,unreferenced_stereo_stream,TENTATIVE,not referenced by GR3.IDX; may be music or a separately addressed stream
76,0x84D,1,0x19EBE,0x1A235,0xCF5F000,1816576,2,24000,0xE90,0xE8800,66093,0,,unreferenced_stereo_stream,TENTATIVE,not referenced by GR3.IDX; may be music or a separately addressed stream
77,0x84E,1,0x1A235,0x1A5C6,0xD11A800,1869824,2,24000,0xDE0,0xF7800,68041,0,,unreferenced_stereo_stream,TENTATIVE,not referenced by GR3.IDX; may be music or a separately addressed stream
78,0x4F,0,0x1A5C6,0x1A931,0xD2E3000,1792000,2,24000,0x800,0x800,65259,2,0x39C;0x39D,rendered_event_candidate,STRONG,stereo GR3_STR stream referenced by GR3.IDX; runtime event caller not yet verified
79,0x850,1,0x1A931,0x1B3DA,0xD498800,5588992,2,24000,0xD00,0x12800,203644,0,,unreferenced_stereo_stream,TENTATIVE,not referenced by GR3.IDX; may be music or a separately addressed stream
80,0x851,1,0x1B3DA,0x1B6DD,0xD9ED000,1579008,2,24000,0xC70,0x4C800,57452,0,,unreferenced_stereo_stream,TENTATIVE,not referenced by GR3.IDX; may be music or a separately addressed stream
81,0x852,1,0x1B6DD,0x1BBFE,0xDB6E800,2689024,2,24000,0xD90,0x15B800,97911,0,,unreferenced_stereo_stream,TENTATIVE,not referenced by GR3.IDX; may be music or a separately addressed stream
82,0x53,0,0x1BBFE,0x1BF35,0xDDFF000,1685504,2,24000,0x800,0x800,61376,2,0x3EC;0x3ED,rendered_event_candidate,STRONG,stereo GR3_STR stream referenced by GR3.IDX; runtime event caller not yet verified
83,0x54,0,0x1BF35,0x1C06A,0xDF9A800,632832,2,24000,0x800,0x800,22997,2,0x3EE;0x3EF,rendered_event_candidate,STRONG,stereo GR3_STR stream referenced by GR3.IDX; runtime event caller not yet verified
84,0x55,0,0x1C06A,0x1C1A3,0xE035000,641024,2,24000,0x800,0x800,23296,2,0x3F0;0x3F1,rendered_event_candidate,STRONG,stereo GR3_STR stream referenced by GR3.IDX; runtime event caller not yet verified
85,0x56,0,0x1C1A3,0x1C8D6,0xE0D1800,3774464,2,24000,0x800,0x800,137536,2,0x3F2;0x3F3,rendered_event_candidate,STRONG,stereo GR3_STR stream referenced by GR3.IDX; runtime event caller not yet verified
86,0x57,0,0x1C8D6,0x1D013,0xE46B000,3794944,2,24000,0x800,0x800,138283,2,0x3F4;0x3F5,rendered_event_candidate,STRONG,stereo GR3_STR stream referenced by GR3.IDX; runtime event caller not yet verified
87,0x58,0,0x1D013,0x1D78A,0xE809800,3913728,2,24000,0x800,0x800,142613,2,0x3F6;0x3F7,rendered_event_candidate,STRONG,stereo GR3_STR stream referenced by GR3.IDX; runtime event caller not yet verified
88,0x59,0,0x1D78A,0x1DF01,0xEBC5000,3913728,2,24000,0x800,0x800,142613,2,0x3F8;0x3F9,rendered_event_candidate,STRONG,stereo GR3_STR stream referenced by GR3.IDX; runtime event caller not yet verified
89,0x5A,0,0x1DF01,0x1E178,0xEF80800,1292288,2,24000,0x800,0x800,47040,2,0x3FA;0x3FB,rendered_event_candidate,STRONG,stereo GR3_STR stream referenced by GR3.IDX; runtime event caller not yet verified
90,0x5B,0,0x1E178,0x1E6BB,0xF0BC000,2758656,2,24000,0x800,0x800,100501,2,0x3FC;0x3FD,rendered_event_candidate,STRONG,stereo GR3_STR stream referenced by GR3.IDX; runtime event caller not yet verified
91,0x5C,0,0x1E6BB,0x1EA70,0xF35D800,1943552,2,24000,0x800,0x800,70784,2,0x3FE;0x3FF,rendered_event_candidate,STRONG,stereo GR3_STR stream referenced by GR3.IDX; runtime event caller not yet verified
92,0x5D,0,0x1EA70,0x1EA9B,0xF538000,88064,1,24000,0x800,0x800,6272,2,0x400;0x401,mono_shared_stream,TENTATIVE,mono stream in the shared/event portion; runtime role not yet verified
93,0x5E,0,0x1EA9B,0x1EACD,0xF54D800,102400,1,24000,0x800,0x800,7317,2,0x402;0x403,mono_shared_stream,TENTATIVE,mono stream in the shared/event portion; runtime role not yet verified
94,0x5F,0,0x1EACD,0x1EB07,0xF566800,118784,1,24000,0x800,0x800,8512,2,0x404;0x405,mono_shared_stream,TENTATIVE,mono stream in the shared/event portion; runtime role not yet verified
95,0x60,0,0x1EB07,0x1EB31,0xF583800,86016,1,24000,0x800,0x800,6123,2,0x406;0x407,mono_shared_stream,TENTATIVE,mono stream in the shared/event portion; runtime role not yet verified
96,0x61,0,0x1EB31,0x1F254,0xF598800,3741696,2,24000,0x800,0x800,136341,2,0x408;0x409,rendered_event_candidate,STRONG,stereo GR3_STR stream referenced by GR3.IDX; runtime event caller not yet verified
97,0x62,0,0x1F254,0x1F391,0xF92A000,649216,2,24000,0x800,0x800,23595,2,0x40C;0x40D,rendered_event_candidate,STRONG,stereo GR3_STR stream referenced by GR3.IDX; runtime event caller not yet verified
98,0x63,0,0x1F391,0x1FD2C,0xF9C8800,5036032,2,24000,0x800,0x800,183531,2,0x414;0x415,rendered_event_proven,PROVEN,Alfina-room rendered event; runtime sample IDs 0x414/0x415 verified
99,0x64,0,0x1FD2C,0x2022B,0xFE96000,2619392,2,24000,0x800,0x800,95424,2,0x416;0x417,rendered_event_candidate,STRONG,stereo GR3_STR stream referenced by GR3.IDX; runtime event caller not yet verified
100,0x65,0,0x2022B,0x205AE,0x10115800,1841152,2,24000,0x800,0x800,67051,2,0x418;0x419,rendered_event_candidate,STRONG,stereo GR3_STR stream referenced by GR3.IDX; runtime event caller not yet verified
101,0x66,0,0x205AE,0x20C3F,0x102D7000,3442688,2,24000,0x800,0x800,125440,2,0x41C;0x41D,rendered_event_candidate,STRONG,stereo GR3_STR stream referenced by GR3.IDX; runtime event caller not yet verified
102,0x67,0,0x20C3F,0x20F1A,0x1061F800,1497088,2,24000,0x800,0x800,54507,2,0x420;0x421,rendered_event_candidate,STRONG,stereo GR3_STR stream referenced by GR3.IDX; runtime event caller not yet verified
103,0x68,0,0x20F1A,0x21205,0x1078D000,1529856,2,24000,0x800,0x800,55701,2,0x422;0x423,rendered_event_candidate,STRONG,stereo GR3_STR stream referenced by GR3.IDX; runtime event caller not yet verified
104,0x69,0,0x21205,0x21464,0x10902800,1243136,2,24000,0x800,0x800,45248,2,0x424;0x425,rendered_event_candidate,STRONG,stereo GR3_STR stream referenced by GR3.IDX; runtime event caller not yet verified
105,0x6A,0,0x21464,0x2208F,0x10A32000,6379520,2,24000,0x800,0x800,232512,2,0x426;0x427,rendered_event_candidate,STRONG,stereo GR3_STR stream referenced by GR3.IDX; runtime event caller not yet verified
106,0x6B,0,0x2208F,0x22494,0x11047800,2107392,2,24000,0x800,0x800,76757,2,0x428;0x429,rendered_event_candidate,STRONG,stereo GR3_STR stream referenced by GR3.IDX; runtime event caller not yet verified
107,0x6C,0,0x22494,0x2261D,0x1124A000,804864,2,24000,0x800,0x800,29269,2,0x42A;0x42B,rendered_event_candidate,STRONG,stereo GR3_STR stream referenced by GR3.IDX; runtime event caller not yet verified
108,0x6D,0,0x2261D,0x22C96,0x1130E800,3393536,2,24000,0x800,0x800,123648,2,0x42C;0x42D,rendered_event_candidate,STRONG,stereo GR3_STR stream referenced by GR3.IDX; runtime event caller not yet verified
109,0x6E,0,0x22C96,0x235B1,0x1164B000,4773888,2,24000,0x800,0x800,173973,2,0x42E;0x42F,rendered_event_candidate,STRONG,stereo GR3_STR stream referenced by GR3.IDX; runtime event caller not yet verified
110,0x6F,0,0x235B1,0x23AEA,0x11AD8800,2738176,2,24000,0x800,0x800,99755,2,0x430;0x431,rendered_event_candidate,STRONG,stereo GR3_STR stream referenced by GR3.IDX; runtime event caller not yet verified
111,0x70,0,0x23AEA,0x2468D,0x11D75000,6100992,2,24000,0x800,0x800,222357,2,0x432;0x433,rendered_event_candidate,STRONG,stereo GR3_STR stream referenced by GR3.IDX; runtime event caller not yet verified
112,0x71,0,0x2468D,0x2494A,0x12346800,1435648,2,24000,0x800,0x800,52267,2,0x434;0x435,rendered_event_candidate,STRONG,stereo GR3_STR stream referenced by GR3.IDX; runtime event caller not yet verified
113,0x72,0,0x2494A,0x24AB1,0x124A5000,735232,2,24000,0x800,0x800,26731,2,0x436;0x437,rendered_event_candidate,STRONG,stereo GR3_STR stream referenced by GR3.IDX; runtime event caller not yet verified
114,0x73,0,0x24AB1,0x252AE,0x12558800,4188160,2,24000,0x800,0x800,152619,2,0x438;0x439,rendered_event_candidate,STRONG,stereo GR3_STR stream referenced by GR3.IDX; runtime event caller not yet verified
115,0x74,0,0x252AE,0x25DA7,0x12957000,5752832,2,24000,0x800,0x800,209664,2,0x43A;0x43B,rendered_event_candidate,STRONG,stereo GR3_STR stream referenced by GR3.IDX; runtime event caller not yet verified
116,0x75,0,0x25DA7,0x25F8C,0x12ED3800,993280,2,24000,0x800,0x800,36139,2,0x440;0x441,rendered_event_candidate,STRONG,stereo GR3_STR stream referenced by GR3.IDX; runtime event caller not yet verified
117,0x76,0,0x25F8C,0x266CF,0x12FC6000,3807232,2,24000,0x800,0x800,138731,2,0x442;0x443,rendered_event_candidate,STRONG,stereo GR3_STR stream referenced by GR3.IDX; runtime event caller not yet verified
118,0x77,0,0x266CF,0x26B4E,0x13367800,2357248,2,24000,0x800,0x800,85867,2,0x444;0x445,rendered_event_candidate,STRONG,stereo GR3_STR stream referenced by GR3.IDX; runtime event caller not yet verified
119,0x78,0,0x26B4E,0x27307,0x135A7000,4048896,2,24000,0x800,0x800,147541,2,0x446;0x447,rendered_event_candidate,STRONG,stereo GR3_STR stream referenced by GR3.IDX; runtime event caller not yet verified
120,0x79,0,0x27307,0x27A88,0x13983800,3934208,2,24000,0x800,0x800,143360,2,0x448;0x449,rendered_event_candidate,STRONG,stereo GR3_STR stream referenced by GR3.IDX; runtime event caller not yet verified
121,0x7A,0,0x27A88,0x27F7F,0x13D44000,2603008,2,24000,0x800,0x800,94827,2,0x44C;0x44D,rendered_event_candidate,STRONG,stereo GR3_STR stream referenced by GR3.IDX; runtime event caller not yet verified
122,0x7B,0,0x27F7F,0x28660,0x13FBF800,3606528,2,24000,0x800,0x800,131413,2,0x44E;0x44F,rendered_event_candidate,STRONG,stereo GR3_STR stream referenced by GR3.IDX; runtime event caller not yet verified
123,0x7C,0,0x28660,0x28B71,0x14330000,2656256,2,24000,0x800,0x800,96768,2,0x450;0x451,rendered_event_candidate,STRONG,stereo GR3_STR stream referenced by GR3.IDX; runtime event caller not yet verified
124,0x7D,0,0x28B71,0x2920A,0x145B8800,3459072,2,24000,0x800,0x800,126037,2,0x452;0x453,rendered_event_candidate,STRONG,stereo GR3_STR stream referenced by GR3.IDX; runtime event caller not yet verified
125,0x7E,0,0x2920A,0x29B1B,0x14905000,4753408,2,24000,0x800,0x800,173227,2,0x454;0x455,rendered_event_candidate,STRONG,stereo GR3_STR stream referenced by GR3.IDX; runtime event caller not yet verified
126,0x7F,0,0x29B1B,0x29D58,0x14D8D800,1173504,2,24000,0x800,0x800,42709,2,0x456;0x457,rendered_event_candidate,STRONG,stereo GR3_STR stream referenced by GR3.IDX; runtime event caller not yet verified
127,0x80,0,0x29D58,0x2A35F,0x14EAC000,3160064,2,24000,0x800,0x800,115136,2,0x458;0x459,rendered_event_candidate,STRONG,stereo GR3_STR stream referenced by GR3.IDX; runtime event caller not yet verified
128,0x81,0,0x2A35F,0x2A564,0x151AF800,1058816,2,24000,0x800,0x800,38528,2,0x45A;0x45B,rendered_event_candidate,STRONG,stereo GR3_STR stream referenced by GR3.IDX; runtime event caller not yet verified
129,0x82,0,0x2A564,0x2A7AF,0x152B2000,1202176,2,24000,0x800,0x800,43755,2,0x45C;0x45D,rendered_event_candidate,STRONG,stereo GR3_STR stream referenced by GR3.IDX; runtime event caller not yet verified
130,0x83,0,0x2A7AF,0x2AA6E,0x153D7800,1439744,2,24000,0x800,0x800,52416,2,0x45E;0x45F,rendered_event_candidate,STRONG,stereo GR3_STR stream referenced by GR3.IDX; runtime event caller not yet verified
131,0x84,0,0x2AA6E,0x2AFE9,0x15537000,2873344,2,24000,0x800,0x800,104683,2,0x460;0x461,rendered_event_candidate,STRONG,stereo GR3_STR stream referenced by GR3.IDX; runtime event caller not yet verified
132,0x85,0,0x2AFE9,0x2B80C,0x157F4800,4265984,2,24000,0x800,0x800,155456,2,0x462;0x463,rendered_event_candidate,STRONG,stereo GR3_STR stream referenced by GR3.IDX; runtime event caller not yet verified
133,0x86,0,0x2B80C,0x2BBAD,0x15C06000,1902592,2,24000,0x800,0x800,69291,2,0x466;0x467,rendered_event_candidate,STRONG,stereo GR3_STR stream referenced by GR3.IDX; runtime event caller not yet verified
134,0x87,0,0x2BBAD,0x2C9C0,0x15DD6800,7378944,2,24000,0x800,0x800,268949,2,0x468;0x469,rendered_event_candidate,STRONG,stereo GR3_STR stream referenced by GR3.IDX; runtime event caller not yet verified
135,0x88,0,0x2C9C0,0x2D1A1,0x164E0000,4130816,2,24000,0x800,0x800,150528,2,0x46A;0x46B,rendered_event_candidate,STRONG,stereo GR3_STR stream referenced by GR3.IDX; runtime event caller not yet verified
136,0x89,0,0x2D1A1,0x2D476,0x168D0800,1484800,2,24000,0x800,0x800,54059,2,0x46C;0x46D,rendered_event_candidate,STRONG,stereo GR3_STR stream referenced by GR3.IDX; runtime event caller not yet verified
137,0x8A,0,0x2D476,0x2DA99,0x16A3B000,3217408,2,24000,0x800,0x800,117227,2,0x46E;0x46F,rendered_event_candidate,STRONG,stereo GR3_STR stream referenced by GR3.IDX; runtime event caller not yet verified
138,0x8B,0,0x2DA99,0x2DE2A,0x16D4C800,1869824,2,24000,0x800,0x800,68096,2,0x470;0x471,rendered_event_candidate,STRONG,stereo GR3_STR stream referenced by GR3.IDX; runtime event caller not yet verified
139,0x8C,0,0x2DE2A,0x2E149,0x16F15000,1636352,2,24000,0x800,0x800,59584,2,0x472;0x473,rendered_event_candidate,STRONG,stereo GR3_STR stream referenced by GR3.IDX; runtime event caller not yet verified
140,0x8D,0,0x2E149,0x2E770,0x170A4800,3225600,2,24000,0x800,0x800,117525,2,0x474;0x475,rendered_event_candidate,STRONG,stereo GR3_STR stream referenced by GR3.IDX; runtime event caller not yet verified
141,0x8E,0,0x2E770,0x2EAA7,0x173B8000,1685504,2,24000,0x800,0x800,61376,2,0x47A;0x47B,rendered_event_candidate,STRONG,stereo GR3_STR stream referenced by GR3.IDX; runtime event caller not yet verified
142,0x8F,0,0x2EAA7,0x2ED9E,0x17553800,1554432,2,24000,0x800,0x800,56597,2,0x482;0x483,rendered_event_candidate,STRONG,stereo GR3_STR stream referenced by GR3.IDX; runtime event caller not yet verified
143,0x90,0,0x2ED9E,0x2EFFF,0x176CF000,1247232,2,24000,0x800,0x800,45397,2,0x484;0x485,rendered_event_candidate,STRONG,stereo GR3_STR stream referenced by GR3.IDX; runtime event caller not yet verified
144,0x91,0,0x2EFFF,0x2F188,0x177FF800,804864,2,24000,0x800,0x800,29269,2,0x486;0x487,rendered_event_candidate,STRONG,stereo GR3_STR stream referenced by GR3.IDX; runtime event caller not yet verified
145,0x92,0,0x2F188,0x2F55D,0x178C4000,2009088,2,24000,0x800,0x800,73173,2,0x488;0x489,rendered_event_candidate,STRONG,stereo GR3_STR stream referenced by GR3.IDX; runtime event caller not yet verified
146,0x93,0,0x2F55D,0x2F95A,0x17AAE800,2091008,2,24000,0x800,0x800,76160,2,0x48C;0x48D,rendered_event_candidate,STRONG,stereo GR3_STR stream referenced by GR3.IDX; runtime event caller not yet verified
147,0x94,0,0x2F95A,0x2FF4B,0x17CAD000,3115008,2,24000,0x800,0x800,113493,2,0x48E;0x48F,rendered_event_candidate,STRONG,stereo GR3_STR stream referenced by GR3.IDX; runtime event caller not yet verified
148,0x95,0,0x2FF4B,0x30564,0x17FA5800,3196928,2,24000,0x800,0x800,116480,2,0x490;0x491,rendered_event_candidate,STRONG,stereo GR3_STR stream referenced by GR3.IDX; runtime event caller not yet verified
149,0x96,0,0x30564,0x30AE3,0x182B2000,2881536,2,24000,0x800,0x800,104981,2,0x492;0x493,rendered_event_candidate,STRONG,stereo GR3_STR stream referenced by GR3.IDX; runtime event caller not yet verified
150,0x97,0,0x30AE3,0x311A6,0x18571800,3545088,2,24000,0x800,0x800,129173,2,0x494;0x495,rendered_event_candidate,STRONG,stereo GR3_STR stream referenced by GR3.IDX; runtime event caller not yet verified
151,0x98,0,0x311A6,0x31725,0x188D3000,2881536,2,24000,0x800,0x800,104981,2,0x4A6;0x4A7,rendered_event_candidate,STRONG,stereo GR3_STR stream referenced by GR3.IDX; runtime event caller not yet verified
152,0x99,0,0x31725,0x31FC6,0x18B92800,4524032,2,24000,0x800,0x800,164864,2,0x4A8;0x4A9,rendered_event_candidate,STRONG,stereo GR3_STR stream referenced by GR3.IDX; runtime event caller not yet verified
153,0x9A,0,0x31FC6,0x324F9,0x18FE3000,2725888,2,24000,0x800,0x800,99307,2,0x4AA;0x4AB,rendered_event_candidate,STRONG,stereo GR3_STR stream referenced by GR3.IDX; runtime event caller not yet verified
154,0x9B,0,0x324F9,0x327D2,0x1927C800,1492992,2,24000,0x800,0x800,54357,2,0x4AE;0x4AF,rendered_event_candidate,STRONG,stereo GR3_STR stream referenced by GR3.IDX; runtime event caller not yet verified
155,0x9C,0,0x327D2,0x32CE5,0x193E9000,2660352,2,24000,0x800,0x800,96917,2,0x4B0;0x4B1,rendered_event_candidate,STRONG,stereo GR3_STR stream referenced by GR3.IDX; runtime event caller not yet verified
156,0x9D,0,0x32CE5,0x3322E,0x19672800,2770944,2,24000,0x800,0x800,100949,2,0x4B2;0x4B3,rendered_event_candidate,STRONG,stereo GR3_STR stream referenced by GR3.IDX; runtime event caller not yet verified
157,0x9E,0,0x3322E,0x337EF,0x19917000,3016704,2,24000,0x800,0x800,109909,2,0x4B4;0x4B5,rendered_event_candidate,STRONG,stereo GR3_STR stream referenced by GR3.IDX; runtime event caller not yet verified
158,0x9F,0,0x337EF,0x33C58,0x19BF7800,2312192,2,24000,0x800,0x800,84224,2,0x4B6;0x4B7,rendered_event_candidate,STRONG,stereo GR3_STR stream referenced by GR3.IDX; runtime event caller not yet verified
159,0xA0,0,0x33C58,0x34051,0x19E2C000,2082816,2,24000,0x800,0x800,75861,2,0x4BA;0x4BB,rendered_event_candidate,STRONG,stereo GR3_STR stream referenced by GR3.IDX; runtime event caller not yet verified
160,0xA1,0,0x34051,0x3496C,0x1A028800,4773888,2,24000,0x800,0x800,173973,2,0x4BC;0x4BD,rendered_event_candidate,STRONG,stereo GR3_STR stream referenced by GR3.IDX; runtime event caller not yet verified
161,0xA2,0,0x3496C,0x34A09,0x1A4B6000,321536,1,24000,0x800,0x800,23296,2,0x4C0;0x4C1,mono_shared_stream,TENTATIVE,mono stream in the shared/event portion; runtime role not yet verified
162,0xA3,0,0x34A09,0x34CFC,0x1A504800,1546240,1,24000,0x800,0x800,112597,2,0x4C4;0x4C5,mono_shared_stream,TENTATIVE,mono stream in the shared/event portion; runtime role not yet verified
163,0xA4,0,0x34CFC,0x34DE9,0x1A67E000,485376,2,24000,0x800,0x800,17621,2,0x4C8;0x4C9,rendered_event_candidate,STRONG,stereo GR3_STR stream referenced by GR3.IDX; runtime event caller not yet verified
164,0xA5,0,0x34DE9,0x34F78,0x1A6F4800,817152,2,24000,0x800,0x800,29717,2,0x4CA;0x4CB,rendered_event_candidate,STRONG,stereo GR3_STR stream referenced by GR3.IDX; runtime event caller not yet verified
165,0xA6,0,0x34F78,0x35011,0x1A7BC000,313344,2,24000,0x800,0x800,11349,2,0x4CC;0x4CD,rendered_event_candidate,STRONG,stereo GR3_STR stream referenced by GR3.IDX; runtime event caller not yet verified
166,0xA7,0,0x35011,0x35B14,0x1A808800,5773312,2,24000,0x800,0x800,210411,2,0x4CE;0x4CF,rendered_event_candidate,STRONG,stereo GR3_STR stream referenced by GR3.IDX; runtime event caller not yet verified
167,0xA8,0,0x35B14,0x362E9,0x1AD8A000,4106240,2,24000,0x800,0x800,149632,2,0x4D2;0x4D3,rendered_event_candidate,STRONG,stereo GR3_STR stream referenced by GR3.IDX; runtime event caller not yet verified
168,0xA9,0,0x362E9,0x369A0,0x1B174800,3520512,2,24000,0x800,0x800,128277,2,0x4D6;0x4D7,rendered_event_candidate,STRONG,stereo GR3_STR stream referenced by GR3.IDX; runtime event caller not yet verified
169,0xAA,0,0x369A0,0x36B37,0x1B4D0000,833536,2,24000,0x800,0x800,30315,2,0x4DA;0x4DB,rendered_event_candidate,STRONG,stereo GR3_STR stream referenced by GR3.IDX; runtime event caller not yet verified
170,0xAB,0,0x36B37,0x37492,0x1B59B800,4904960,2,24000,0x800,0x800,178752,2,0x4DC;0x4DD,rendered_event_candidate,STRONG,stereo GR3_STR stream referenced by GR3.IDX; runtime event caller not yet verified
171,0xAC,0,0x37492,0x37B67,0x1BA49000,3581952,2,24000,0x800,0x800,130517,2,0x4DE;0x4DF,rendered_event_candidate,STRONG,stereo GR3_STR stream referenced by GR3.IDX; runtime event caller not yet verified
172,0xAD,0,0x37B67,0x380DC,0x1BDB3800,2861056,2,24000,0x800,0x800,104235,2,0x4E0;0x4E1,rendered_event_candidate,STRONG,stereo GR3_STR stream referenced by GR3.IDX; runtime event caller not yet verified
173,0xAE,0,0x380DC,0x382F9,0x1C06E000,1107968,2,24000,0x800,0x800,40320,2,0x4E2;0x4E3,rendered_event_candidate,STRONG,stereo GR3_STR stream referenced by GR3.IDX; runtime event caller not yet verified
174,0xAF,0,0x382F9,0x386F6,0x1C17C800,2091008,2,24000,0x800,0x800,76160,2,0x4E4;0x4E5,rendered_event_candidate,STRONG,stereo GR3_STR stream referenced by GR3.IDX; runtime event caller not yet verified
175,0xB0,0,0x386F6,0x38C49,0x1C37B000,2791424,2,24000,0x800,0x800,101696,2,0x4E6;0x4E7,rendered_event_candidate,STRONG,stereo GR3_STR stream referenced by GR3.IDX; runtime event caller not yet verified
176,0xB1,0,0x38C49,0x39184,0x1C624800,2742272,2,24000,0x800,0x800,99904,2,0x4E8;0x4E9,rendered_event_candidate,STRONG,stereo GR3_STR stream referenced by GR3.IDX; runtime event caller not yet verified
177,0xB2,0,0x39184,0x393D9,0x1C8C2000,1222656,2,24000,0x800,0x800,44501,2,0x4EC;0x4ED,rendered_event_candidate,STRONG,stereo GR3_STR stream referenced by GR3.IDX; runtime event caller not yet verified
178,0xB3,0,0x393D9,0x3962C,0x1C9EC800,1218560,2,24000,0x800,0x800,44352,2,0x4EE;0x4EF,rendered_event_candidate,STRONG,stereo GR3_STR stream referenced by GR3.IDX; runtime event caller not yet verified
179,0xB4,0,0x3962C,0x39CB5,0x1CB16000,3426304,2,24000,0x800,0x800,124843,2,0x4F0;0x4F1,rendered_event_candidate,STRONG,stereo GR3_STR stream referenced by GR3.IDX; runtime event caller not yet verified
180,0xB5,0,0x39CB5,0x3A3DE,0x1CE5A800,3753984,2,24000,0x800,0x800,136789,2,0x4F4;0x4F5,rendered_event_candidate,STRONG,stereo GR3_STR stream referenced by GR3.IDX; runtime event caller not yet verified
181,0xB6,0,0x3A3DE,0x3AA43,0x1D1EF000,3352576,2,24000,0x800,0x800,122155,2,0x4F6;0x4F7,rendered_event_candidate,STRONG,stereo GR3_STR stream referenced by GR3.IDX; runtime event caller not yet verified
182,0xB7,0,0x3AA43,0x3B70A,0x1D521800,6699008,2,24000,0x800,0x800,244160,2,0x4F8;0x4F9,rendered_event_candidate,STRONG,stereo GR3_STR stream referenced by GR3.IDX; runtime event caller not yet verified
183,0xB8,0,0x3B70A,0x3B94F,0x1DB85000,1189888,2,24000,0x800,0x800,43307,2,0x4FA;0x4FB,rendered_event_candidate,STRONG,stereo GR3_STR stream referenced by GR3.IDX; runtime event caller not yet verified
184,0xB9,0,0x3B94F,0x3BB6A,0x1DCA7800,1103872,2,24000,0x800,0x800,40171,2,0x4FC;0x4FD,rendered_event_candidate,STRONG,stereo GR3_STR stream referenced by GR3.IDX; runtime event caller not yet verified
185,0xBA,0,0x3BB6A,0x3BF61,0x1DDB5000,2078720,2,24000,0x800,0x800,75712,2,0x4FE;0x4FF,rendered_event_candidate,STRONG,stereo GR3_STR stream referenced by GR3.IDX; runtime event caller not yet verified
186,0xBB,0,0x3BF61,0x3C49A,0x1DFB0800,2738176,2,24000,0x800,0x800,99755,2,0x500;0x501,rendered_event_candidate,STRONG,stereo GR3_STR stream referenced by GR3.IDX; runtime event caller not yet verified
187,0xBC,0,0x3C49A,0x3C6E9,0x1E24D000,1210368,2,24000,0x800,0x800,44053,2,0x502;0x503,rendered_event_candidate,STRONG,stereo GR3_STR stream referenced by GR3.IDX; runtime event caller not yet verified
188,0xBD,0,0x3C6E9,0x3CAD4,0x1E374800,2054144,2,24000,0x800,0x800,74816,2,0x504;0x505,rendered_event_candidate,STRONG,stereo GR3_STR stream referenced by GR3.IDX; runtime event caller not yet verified
189,0xBE,0,0x3CAD4,0x3CF07,0x1E56A000,2201600,2,24000,0x800,0x800,80192,2,0x506;0x507,rendered_event_candidate,STRONG,stereo GR3_STR stream referenced by GR3.IDX; runtime event caller not yet verified
190,0xBF,0,0x3CF07,0x3D228,0x1E783800,1640448,2,24000,0x800,0x800,59733,2,0x50A;0x50B,rendered_event_candidate,STRONG,stereo GR3_STR stream referenced by GR3.IDX; runtime event caller not yet verified
191,0xC0,0,0x3D228,0x3D3A5,0x1E914000,780288,2,24000,0x800,0x800,28373,2,0x510;0x511,rendered_event_candidate,STRONG,stereo GR3_STR stream referenced by GR3.IDX; runtime event caller not yet verified
192,0xC1,0,0x3D3A5,0x3D55C,0x1E9D2800,899072,2,24000,0x800,0x800,32704,2,0x512;0x513,rendered_event_candidate,STRONG,stereo GR3_STR stream referenced by GR3.IDX; runtime event caller not yet verified
193,0xC2,0,0x3D55C,0x3DA4D,0x1EAAE000,2590720,2,24000,0x800,0x800,94379,2,0x516;0x517,rendered_event_candidate,STRONG,stereo GR3_STR stream referenced by GR3.IDX; runtime event caller not yet verified
194,0xC3,0,0x3DA4D,0x3DEAC,0x1ED26800,2291712,2,24000,0x800,0x800,83477,2,0x538;0x539,rendered_event_candidate,STRONG,stereo GR3_STR stream referenced by GR3.IDX; runtime event caller not yet verified
195,0xC4,0,0x3DEAC,0x3E709,0x1EF56000,4384768,2,24000,0x800,0x800,159787,2,0x53A;0x53B,rendered_event_candidate,STRONG,stereo GR3_STR stream referenced by GR3.IDX; runtime event caller not yet verified
196,0xC5,0,0x3E709,0x3E82A,0x1F384800,591872,2,24000,0x800,0x800,21504,2,0x53E;0x53F,rendered_event_candidate,STRONG,stereo GR3_STR stream referenced by GR3.IDX; runtime event caller not yet verified
197,0xC6,0,0x3E82A,0x3ED67,0x1F415000,2746368,2,24000,0x800,0x800,100053,2,0x540;0x541,rendered_event_candidate,STRONG,stereo GR3_STR stream referenced by GR3.IDX; runtime event caller not yet verified
198,0xC7,0,0x3ED67,0x3EE42,0x1F6B3800,448512,2,24000,0x800,0x800,16277,2,0x57C;0x57D,rendered_event_candidate,STRONG,stereo GR3_STR stream referenced by GR3.IDX; runtime event caller not yet verified
199,0xC8,0,0x3EE42,0x3F401,0x1F721000,3012608,2,24000,0x800,0x800,109760,2,0x57E;0x57F,rendered_event_candidate,STRONG,stereo GR3_STR stream referenced by GR3.IDX; runtime event caller not yet verified
200,0xC9,0,0x3F401,0x3F4AA,0x1FA00800,346112,2,24000,0x800,0x800,12544,2,0x580;0x581,rendered_event_candidate,STRONG,stereo GR3_STR stream referenced by GR3.IDX; runtime event caller not yet verified
201,0xCA,0,0x3F4AA,0x3F503,0x1FA55000,182272,2,24000,0x800,0x800,6571,2,0x582;0x583,rendered_event_candidate,STRONG,stereo GR3_STR stream referenced by GR3.IDX; runtime event caller not yet verified
202,0xCB,0,0x3F503,0x3F678,0x1FA81800,763904,2,24000,0x800,0x800,27776,2,0x584;0x585,rendered_event_candidate,STRONG,stereo GR3_STR stream referenced by GR3.IDX; runtime event caller not yet verified
203,0xCC,0,0x3F678,0x3F793,0x1FB3C000,579584,2,24000,0x800,0x800,21056,4,0x586;0x587;0x614;0x615,rendered_event_candidate,STRONG,stereo GR3_STR stream referenced by GR3.IDX; runtime event caller not yet verified
204,0xCD,0,0x3F793,0x3FBC8,0x1FBC9800,2205696,2,24000,0x800,0x800,80341,2,0x588;0x589,rendered_event_candidate,STRONG,stereo GR3_STR stream referenced by GR3.IDX; runtime event caller not yet verified
205,0xCE,0,0x3FBC8,0x3FCD9,0x1FDE4000,559104,2,24000,0x800,0x800,20309,2,0x58A;0x58B,rendered_event_candidate,STRONG,stereo GR3_STR stream referenced by GR3.IDX; runtime event caller not yet verified
206,0xCF,0,0x3FCD9,0x3FE52,0x1FE6C800,772096,2,24000,0x800,0x800,28075,2,0x58E;0x58F,rendered_event_candidate,STRONG,stereo GR3_STR stream referenced by GR3.IDX; runtime event caller not yet verified
207,0xD0,0,0x3FE52,0x3FF83,0x1FF29000,624640,2,24000,0x800,0x800,22699,2,0x590;0x591,rendered_event_candidate,STRONG,stereo GR3_STR stream referenced by GR3.IDX; runtime event caller not yet verified
208,0xD1,0,0x3FF83,0x400BC,0x1FFC1800,641024,2,24000,0x800,0x800,23296,2,0x592;0x593,rendered_event_candidate,STRONG,stereo GR3_STR stream referenced by GR3.IDX; runtime event caller not yet verified
209,0xD2,0,0x400BC,0x40273,0x2005E000,899072,2,24000,0x800,0x800,32704,2,0x594;0x595,rendered_event_candidate,STRONG,stereo GR3_STR stream referenced by GR3.IDX; runtime event caller not yet verified
210,0xD3,0,0x40273,0x403D8,0x20139800,731136,2,24000,0x800,0x800,26581,4,0x596;0x597;0x61A;0x61B,rendered_event_candidate,STRONG,stereo GR3_STR stream referenced by GR3.IDX; runtime event caller not yet verified
211,0xD4,0,0x403D8,0x40589,0x201EC000,886784,2,24000,0x800,0x800,32256,2,0x598;0x599,rendered_event_candidate,STRONG,stereo GR3_STR stream referenced by GR3.IDX; runtime event caller not yet verified
212,0xD5,0,0x40589,0x407E4,0x202C4800,1234944,2,24000,0x800,0x800,44949,2,0x59C;0x59D,rendered_event_candidate,STRONG,stereo GR3_STR stream referenced by GR3.IDX; runtime event caller not yet verified
213,0xD6,0,0x407E4,0x4089D,0x203F2000,378880,2,24000,0x800,0x800,13739,2,0x59E;0x59F,rendered_event_candidate,STRONG,stereo GR3_STR stream referenced by GR3.IDX; runtime event caller not yet verified
214,0xD7,0,0x4089D,0x40ACE,0x2044E800,1148928,2,24000,0x800,0x800,41813,2,0x5A0;0x5A1,rendered_event_candidate,STRONG,stereo GR3_STR stream referenced by GR3.IDX; runtime event caller not yet verified
215,0xD8,0,0x40ACE,0x40F03,0x20567000,2205696,2,24000,0x800,0x800,80341,2,0x5A2;0x5A3,rendered_event_candidate,STRONG,stereo GR3_STR stream referenced by GR3.IDX; runtime event caller not yet verified
216,0xD9,0,0x40F03,0x410AE,0x20781800,874496,2,24000,0x800,0x800,31808,2,0x5A4;0x5A5,rendered_event_candidate,STRONG,stereo GR3_STR stream referenced by GR3.IDX; runtime event caller not yet verified
217,0xDA,0,0x410AE,0x41179,0x20857000,415744,2,24000,0x800,0x800,15083,4,0x5A6;0x5A7;0x61E;0x61F,rendered_event_candidate,STRONG,stereo GR3_STR stream referenced by GR3.IDX; runtime event caller not yet verified
218,0xDB,0,0x41179,0x41278,0x208BC800,522240,2,24000,0x800,0x800,18965,2,0x5A8;0x5A9,rendered_event_candidate,STRONG,stereo GR3_STR stream referenced by GR3.IDX; runtime event caller not yet verified
219,0xDC,0,0x41278,0x4137F,0x2093C000,538624,2,24000,0x800,0x800,19563,2,0x5AC;0x5AD,rendered_event_candidate,STRONG,stereo GR3_STR stream referenced by GR3.IDX; runtime event caller not yet verified
220,0xDD,0,0x4137F,0x41424,0x209BF800,337920,2,24000,0x800,0x800,12245,2,0x5AE;0x5AF,rendered_event_candidate,STRONG,stereo GR3_STR stream referenced by GR3.IDX; runtime event caller not yet verified
221,0xDE,0,0x41424,0x41543,0x20A12000,587776,2,24000,0x800,0x800,21355,4,0x5B0;0x5B1;0x61C;0x61D,rendered_event_candidate,STRONG,stereo GR3_STR stream referenced by GR3.IDX; runtime event caller not yet verified
222,0xDF,0,0x41543,0x41688,0x20AA1800,665600,2,24000,0x800,0x800,24192,2,0x5B4;0x5B5,rendered_event_candidate,STRONG,stereo GR3_STR stream referenced by GR3.IDX; runtime event caller not yet verified
223,0xE0,0,0x41688,0x4179F,0x20B44000,571392,2,24000,0x800,0x800,20757,2,0x5B6;0x5B7,rendered_event_candidate,STRONG,stereo GR3_STR stream referenced by GR3.IDX; runtime event caller not yet verified
224,0xE1,0,0x4179F,0x41ABA,0x20BCF800,1628160,2,24000,0x800,0x800,59285,2,0x5BA;0x5BB,rendered_event_candidate,STRONG,stereo GR3_STR stream referenced by GR3.IDX; runtime event caller not yet verified
225,0xE2,0,0x41ABA,0x41C93,0x20D5D000,968704,2,24000,0x800,0x800,35243,2,0x5BC;0x5BD,rendered_event_candidate,STRONG,stereo GR3_STR stream referenced by GR3.IDX; runtime event caller not yet verified
226,0xE3,0,0x41C93,0x41D7C,0x20E49800,477184,2,24000,0x800,0x800,17323,2,0x5C0;0x5C1,rendered_event_candidate,STRONG,stereo GR3_STR stream referenced by GR3.IDX; runtime event caller not yet verified
227,0xE4,0,0x41D7C,0x41EF9,0x20EBE000,780288,2,24000,0x800,0x800,28373,2,0x5C2;0x5C3,rendered_event_candidate,STRONG,stereo GR3_STR stream referenced by GR3.IDX; runtime event caller not yet verified
228,0xE5,0,0x41EF9,0x41FE0,0x20F7C800,473088,2,24000,0x800,0x800,17173,2,0x5DC;0x5DD,rendered_event_candidate,STRONG,stereo GR3_STR stream referenced by GR3.IDX; runtime event caller not yet verified
229,0xE6,0,0x41FE0,0x420E5,0x20FF0000,534528,2,24000,0x800,0x800,19413,2,0x5DE;0x5DF,rendered_event_candidate,STRONG,stereo GR3_STR stream referenced by GR3.IDX; runtime event caller not yet verified
230,0xE7,0,0x420E5,0x42140,0x21072800,186368,2,24000,0x800,0x800,6720,2,0x5E0;0x5E1,rendered_event_candidate,STRONG,stereo GR3_STR stream referenced by GR3.IDX; runtime event caller not yet verified
231,0xE8,0,0x42140,0x42197,0x210A0000,178176,2,24000,0x800,0x800,6421,2,0x5E2;0x5E3,rendered_event_candidate,STRONG,stereo GR3_STR stream referenced by GR3.IDX; runtime event caller not yet verified
232,0xE9,0,0x42197,0x421C8,0x210CB800,100352,2,24000,0x800,0x800,3584,2,0x5E4;0x5E5,rendered_event_candidate,STRONG,stereo GR3_STR stream referenced by GR3.IDX; runtime event caller not yet verified
233,0xEA,0,0x421C8,0x42207,0x210E4000,129024,2,24000,0x800,0x800,4629,2,0x5E6;0x5E7,rendered_event_candidate,STRONG,stereo GR3_STR stream referenced by GR3.IDX; runtime event caller not yet verified
234,0xEB,0,0x42207,0x4223C,0x21103800,108544,2,24000,0x800,0x800,3883,2,0x5E8;0x5E9,rendered_event_candidate,STRONG,stereo GR3_STR stream referenced by GR3.IDX; runtime event caller not yet verified
235,0xEC,0,0x4223C,0x42321,0x2111E000,468992,2,24000,0x800,0x800,17024,2,0x5EA;0x5EB,rendered_event_candidate,STRONG,stereo GR3_STR stream referenced by GR3.IDX; runtime event caller not yet verified
236,0xED,0,0x42321,0x42436,0x21190800,567296,2,24000,0x800,0x800,20608,2,0x5EC;0x5ED,rendered_event_candidate,STRONG,stereo GR3_STR stream referenced by GR3.IDX; runtime event caller not yet verified
237,0xEE,0,0x42436,0x42461,0x2121B000,88064,2,24000,0x800,0x800,3136,2,0x5EE;0x5EF,rendered_event_candidate,STRONG,stereo GR3_STR stream referenced by GR3.IDX; runtime event caller not yet verified
238,0xEF,0,0x42461,0x4248C,0x21230800,88064,2,24000,0x800,0x800,3136,2,0x5F0;0x5F1,rendered_event_candidate,STRONG,stereo GR3_STR stream referenced by GR3.IDX; runtime event caller not yet verified
239,0xF0,0,0x4248C,0x424B1,0x21246000,75776,2,24000,0x800,0x800,2688,2,0x5F2;0x5F3,rendered_event_candidate,STRONG,stereo GR3_STR stream referenced by GR3.IDX; runtime event caller not yet verified
240,0xF1,0,0x424B1,0x424D6,0x21258800,75776,2,24000,0x800,0x800,2688,2,0x5F4;0x5F5,rendered_event_candidate,STRONG,stereo GR3_STR stream referenced by GR3.IDX; runtime event caller not yet verified
241,0xF2,0,0x424D6,0x4256B,0x2126B000,305152,2,24000,0x800,0x800,11051,2,0x5F6;0x5F7,rendered_event_candidate,STRONG,stereo GR3_STR stream referenced by GR3.IDX; runtime event caller not yet verified
242,0xF3,0,0x4256B,0x4262A,0x212B5800,391168,2,24000,0x800,0x800,14187,2,0x5F8;0x5F9,rendered_event_candidate,STRONG,stereo GR3_STR stream referenced by GR3.IDX; runtime event caller not yet verified
243,0xF4,0,0x4262A,0x426A1,0x21315000,243712,2,24000,0x800,0x800,8811,2,0x5FA;0x5FB,rendered_event_candidate,STRONG,stereo GR3_STR stream referenced by GR3.IDX; runtime event caller not yet verified
244,0xF5,0,0x426A1,0x426D6,0x21350800,108544,2,24000,0x800,0x800,3883,2,0x5FC;0x5FD,rendered_event_candidate,STRONG,stereo GR3_STR stream referenced by GR3.IDX; runtime event caller not yet verified
245,0xF6,0,0x426D6,0x42709,0x2136B000,104448,2,24000,0x800,0x800,3733,2,0x5FE;0x5FF,rendered_event_candidate,STRONG,stereo GR3_STR stream referenced by GR3.IDX; runtime event caller not yet verified
246,0xF7,0,0x42709,0x427C8,0x21384800,391168,2,24000,0x800,0x800,14187,2,0x600;0x601,rendered_event_candidate,STRONG,stereo GR3_STR stream referenced by GR3.IDX; runtime event caller not yet verified
247,0xF8,0,0x427C8,0x4280D,0x213E4000,141312,1,24000,0x800,0x800,10155,218,0x602;0x603;0x604;0x605;0x606;0x607;0x608;0x609;0x60A;0x60B;0x60C;0x60D;0x60E;0x60F;0x610;0x611;0x612;0x613;0x616;0x617;0x618;0x619;0x620;0x621;0x622;0x623;0x626;0x627;0x628;0x629;0x62A;0x62B;0x62C;0x62D;0x656;0x657;0x658;0x659;0x66A;0x66B;0x66C;0x66D;0x67E;0x67F;0x680;0x681;0x688;0x689;0x68A;0x68B;0x68C;0x68D;0x68E;0x68F;0x692;0x693;0x694;0x695;0x69E;0x69F;0x6A0;0x6A1;0x6A2;0x6A3;0x6A4;0x6A5;0x6A6;0x6A7;0x6A8;0x6A9;0x6AA;0x6AB;0x6AC;0x6AD;0x6AE;0x6AF;0x6B0;0x6B1;0x6C0;0x6C1;0x6D8;0x6D9;0x6DA;0x6DB;0x6DC;0x6DD;0x6DE;0x6DF;0x6E4;0x6E5;0x6E6;0x6E7;0x6E8;0x6E9;0x6EA;0x6EB;0x6EC;0x6ED;0x6EE;0x6EF;0x6F0;0x6F1;0x6F2;0x6F3;0x6F6;0x6F7;0x6F8;0x6F9;0x6FA;0x6FB;0x6FC;0x6FD;0x6FE;0x6FF;0x700;0x701;0x702;0x703;0x704;0x705;0x706;0x707;0x708;0x709;0x70A;0x70B;0x70C;0x70D;0x70E;0x70F;0x710;0x711;0x712;0x713;0x714;0x715;0x716;0x717;0x718;0x719;0x71A;0x71B;0x71C;0x71D;0x71E;0x71F;0x720;0x721;0x722;0x723;0x724;0x725;0x740;0x741;0x742;0x743;0x744;0x745;0x746;0x747;0x748;0x749;0x74A;0x74B;0x74C;0x74D;0x74E;0x74F;0x750;0x751;0x752;0x753;0x754;0x755;0x756;0x757;0x758;0x759;0x75A;0x75B;0x75C;0x75D;0x75E;0x75F;0x760;0x761;0x762;0x763;0x764;0x765;0x766;0x767;0x768;0x769;0x76A;0x76B;0x784;0x785;0x794;0x795;0x796;0x797;0x798;0x799;0x79A;0x79B;0x79C;0x79D;0x79E;0x79F;0x7A0;0x7A1;0x7A2;0x7A3;0x7A4;0x7A5;0x7A6;0x7A7,mono_shared_stream,TENTATIVE,mono stream in the shared/event portion; runtime role not yet verified
248,0xF9,0,0x4280D,0x42934,0x21406800,604160,2,24000,0x800,0x800,21952,2,0x624;0x625,rendered_event_candidate,STRONG,stereo GR3_STR stream referenced by GR3.IDX; runtime event caller not yet verified
249,0xFA,0,0x42934,0x42A11,0x2149A000,452608,2,24000,0x800,0x800,16427,2,0x62E;0x62F,rendered_event_candidate,STRONG,stereo GR3_STR stream referenced by GR3.IDX; runtime event caller not yet verified
250,0xFB,0,0x42A11,0x42AD8,0x21508800,407552,2,24000,0x800,0x800,14784,2,0x630;0x631,rendered_event_candidate,STRONG,stereo GR3_STR stream referenced by GR3.IDX; runtime event caller not yet verified
251,0xFC,0,0x42AD8,0x42B55,0x2156C000,256000,2,24000,0x800,0x800,9259,2,0x632;0x633,rendered_event_candidate,STRONG,stereo GR3_STR stream referenced by GR3.IDX; runtime event caller not yet verified
252,0xFD,0,0x42B55,0x42BFA,0x215AA800,337920,2,24000,0x800,0x800,12245,8,0x634;0x635;0x682;0x683;0x684;0x685;0x6D0;0x6D1,rendered_event_candidate,STRONG,stereo GR3_STR stream referenced by GR3.IDX; runtime event caller not yet verified
253,0xFE,0,0x42BFA,0x42CBD,0x215FD000,399360,2,24000,0x800,0x800,14485,4,0x636;0x637;0x638;0x639,rendered_event_candidate,STRONG,stereo GR3_STR stream referenced by GR3.IDX; runtime event caller not yet verified
254,0xFF,0,0x42CBD,0x42CF0,0x2165E800,104448,2,24000,0x800,0x800,3733,24,0x63A;0x63B;0x63E;0x63F;0x642;0x643;0x646;0x647;0x65A;0x65B;0x65E;0x65F;0x662;0x663;0x666;0x667;0x66E;0x66F;0x672;0x673;0x676;0x677;0x67A;0x67B,rendered_event_candidate,STRONG,stereo GR3_STR stream referenced by GR3.IDX; runtime event caller not yet verified
255,0x100,0,0x42CF0,0x42D23,0x21678000,104448,2,24000,0x800,0x800,3733,24,0x63C;0x63D;0x640;0x641;0x644;0x645;0x648;0x649;0x65C;0x65D;0x660;0x661;0x664;0x665;0x668;0x669;0x670;0x671;0x674;0x675;0x678;0x679;0x67C;0x67D,rendered_event_candidate,STRONG,stereo GR3_STR stream referenced by GR3.IDX; runtime event caller not yet verified
256,0x101,0,0x42D23,0x42D58,0x21691800,108544,2,24000,0x800,0x800,3883,6,0x64A;0x64B;0x64C;0x64D;0x64E;0x64F,rendered_event_candidate,STRONG,stereo GR3_STR stream referenced by GR3.IDX; runtime event caller not yet verified
257,0x102,0,0x42D58,0x42DE7,0x216AC000,292864,2,24000,0x800,0x800,10603,2,0x650;0x651,rendered_event_candidate,STRONG,stereo GR3_STR stream referenced by GR3.IDX; runtime event caller not yet verified
258,0x103,0,0x42DE7,0x42E76,0x216F3800,292864,2,24000,0x800,0x800,10603,2,0x652;0x653,rendered_event_candidate,STRONG,stereo GR3_STR stream referenced by GR3.IDX; runtime event caller not yet verified
259,0x104,0,0x42E76,0x42FF7,0x2173B000,788480,2,24000,0x800,0x800,28672,2,0x654;0x655,rendered_event_candidate,STRONG,stereo GR3_STR stream referenced by GR3.IDX; runtime event caller not yet verified
260,0x105,0,0x42FF7,0x4306E,0x217FB800,243712,2,24000,0x800,0x800,8811,6,0x686;0x687;0x69A;0x69B;0x69C;0x69D,rendered_event_candidate,STRONG,stereo GR3_STR stream referenced by GR3.IDX; runtime event caller not yet verified
261,0x106,0,0x4306E,0x43097,0x21837000,83968,2,24000,0x800,0x800,2987,6,0x690;0x691;0x696;0x697;0x698;0x699,rendered_event_candidate,STRONG,stereo GR3_STR stream referenced by GR3.IDX; runtime event caller not yet verified
262,0x107,0,0x43097,0x43152,0x2184B800,382976,2,24000,0x800,0x800,13888,2,0x6B2;0x6B3,rendered_event_candidate,STRONG,stereo GR3_STR stream referenced by GR3.IDX; runtime event caller not yet verified
263,0x108,0,0x43152,0x43213,0x218A9000,395264,2,24000,0x800,0x800,14336,2,0x6B4;0x6B5,rendered_event_candidate,STRONG,stereo GR3_STR stream referenced by GR3.IDX; runtime event caller not yet verified
264,0x109,0,0x43213,0x432D4,0x21909800,395264,2,24000,0x800,0x800,14336,4,0x6B6;0x6B7;0x772;0x773,rendered_event_candidate,STRONG,stereo GR3_STR stream referenced by GR3.IDX; runtime event caller not yet verified
265,0x10A,0,0x432D4,0x4330B,0x2196A000,112640,2,24000,0x800,0x800,4032,6,0x6B8;0x6B9;0x6BA;0x6BB;0x6BC;0x6BD,rendered_event_candidate,STRONG,stereo GR3_STR stream referenced by GR3.IDX; runtime event caller not yet verified
266,0x10B,0,0x4330B,0x433DC,0x21985800,428032,2,24000,0x800,0x800,15531,2,0x6BE;0x6BF,rendered_event_candidate,STRONG,stereo GR3_STR stream referenced by GR3.IDX; runtime event caller not yet verified
267,0x10C,0,0x433DC,0x4347F,0x219EE000,333824,2,24000,0x800,0x800,12096,2,0x6C2;0x6C3,rendered_event_candidate,STRONG,stereo GR3_STR stream referenced by GR3.IDX; runtime event caller not yet verified
268,0x10D,0,0x4347F,0x4353E,0x21A3F800,391168,2,24000,0x800,0x800,14187,2,0x6C4;0x6C5,rendered_event_candidate,STRONG,stereo GR3_STR stream referenced by GR3.IDX; runtime event caller not yet verified
269,0x10E,0,0x4353E,0x435FD,0x21A9F000,391168,2,24000,0x800,0x800,14187,4,0x6C6;0x6C7;0x6D2;0x6D3,rendered_event_candidate,STRONG,stereo GR3_STR stream referenced by GR3.IDX; runtime event caller not yet verified
270,0x10F,0,0x435FD,0x43692,0x21AFE800,305152,2,24000,0x800,0x800,11051,4,0x6C8;0x6C9;0x6CC;0x6CD,rendered_event_candidate,STRONG,stereo GR3_STR stream referenced by GR3.IDX; runtime event caller not yet verified
271,0x110,0,0x43692,0x43727,0x21B49000,305152,2,24000,0x800,0x800,11051,4,0x6CA;0x6CB;0x6CE;0x6CF,rendered_event_candidate,STRONG,stereo GR3_STR stream referenced by GR3.IDX; runtime event caller not yet verified
272,0x111,0,0x43727,0x43802,0x21B93800,448512,2,24000,0x800,0x800,16277,2,0x6D4;0x6D5,rendered_event_candidate,STRONG,stereo GR3_STR stream referenced by GR3.IDX; runtime event caller not yet verified
273,0x112,0,0x43802,0x43865,0x21C01000,202752,2,24000,0x800,0x800,7317,2,0x6D6;0x6D7,rendered_event_candidate,STRONG,stereo GR3_STR stream referenced by GR3.IDX; runtime event caller not yet verified
274,0x113,0,0x43865,0x438FA,0x21C32800,305152,2,24000,0x800,0x800,11051,4,0x6E0;0x6E1;0x6E2;0x6E3,rendered_event_candidate,STRONG,stereo GR3_STR stream referenced by GR3.IDX; runtime event caller not yet verified
275,0x114,0,0x438FA,0x43947,0x21C7D000,157696,2,24000,0x800,0x800,5675,26,0x6F4;0x6F5;0x72A;0x72B;0x72C;0x72D;0x734;0x735;0x736;0x737;0x738;0x739;0x73A;0x73B;0x73C;0x73D;0x73E;0x73F;0x776;0x777;0x778;0x779;0x780;0x781;0x782;0x783,rendered_event_candidate,STRONG,stereo GR3_STR stream referenced by GR3.IDX; runtime event caller not yet verified
276,0x115,0,0x43947,0x43994,0x21CA3800,157696,2,24000,0x800,0x800,5675,6,0x726;0x727;0x728;0x729;0x7A8;0x7A9,rendered_event_candidate,STRONG,stereo GR3_STR stream referenced by GR3.IDX; runtime event caller not yet verified
277,0x116,0,0x43994,0x439B1,0x21CCA000,59392,2,24000,0x800,0x800,2091,8,0x72E;0x72F;0x730;0x731;0x76C;0x76D;0x76E;0x76F,rendered_event_candidate,STRONG,stereo GR3_STR stream referenced by GR3.IDX; runtime event caller not yet verified
278,0x117,0,0x439B1,0x43A4C,0x21CD8800,317440,2,24000,0x800,0x800,11499,2,0x732;0x733,rendered_event_candidate,STRONG,stereo GR3_STR stream referenced by GR3.IDX; runtime event caller not yet verified
279,0x118,0,0x43A4C,0x43AB1,0x21D26000,206848,2,24000,0x800,0x800,7467,2,0x770;0x771,rendered_event_candidate,STRONG,stereo GR3_STR stream referenced by GR3.IDX; runtime event caller not yet verified
280,0x119,0,0x43AB1,0x43AFE,0x21D58800,157696,2,24000,0x800,0x800,5675,2,0x774;0x775,rendered_event_candidate,STRONG,stereo GR3_STR stream referenced by GR3.IDX; runtime event caller not yet verified
281,0x11A,0,0x43AFE,0x43B4D,0x21D7F000,161792,2,24000,0x800,0x800,5824,2,0x77A;0x77B,rendered_event_candidate,STRONG,stereo GR3_STR stream referenced by GR3.IDX; runtime event caller not yet verified
282,0x11B,0,0x43B4D,0x43BA4,0x21DA6800,178176,2,24000,0x800,0x800,6421,4,0x77C;0x77D;0x77E;0x77F,rendered_event_candidate,STRONG,stereo GR3_STR stream referenced by GR3.IDX; runtime event caller not yet verified
283,0x11C,0,0x43BA4,0x43BEB,0x21DD2000,145408,2,24000,0x800,0x800,5227,2,0x786;0x787,rendered_event_candidate,STRONG,stereo GR3_STR stream referenced by GR3.IDX; runtime event caller not yet verified
284,0x11D,0,0x43BEB,0x43C5E,0x21DF5800,235520,2,24000,0x800,0x800,8512,2,0x788;0x789,rendered_event_candidate,STRONG,stereo GR3_STR stream referenced by GR3.IDX; runtime event caller not yet verified
285,0x11E,0,0x43C5E,0x43C83,0x21E2F000,75776,2,24000,0x800,0x800,2688,2,0x78A;0x78B,rendered_event_candidate,STRONG,stereo GR3_STR stream referenced by GR3.IDX; runtime event caller not yet verified
286,0x11F,0,0x43C83,0x43D22,0x21E41800,325632,2,24000,0x800,0x800,11797,4,0x78C;0x78D;0x78E;0x78F,rendered_event_candidate,STRONG,stereo GR3_STR stream referenced by GR3.IDX; runtime event caller not yet verified
287,0x120,0,0x43D22,0x43DBB,0x21E91000,313344,2,24000,0x800,0x800,11349,2,0x790;0x791,rendered_event_candidate,STRONG,stereo GR3_STR stream referenced by GR3.IDX; runtime event caller not yet verified
288,0x121,0,0x43DBB,0x43DFE,0x21EDD800,137216,2,24000,0x800,0x800,4928,2,0x792;0x793,rendered_event_candidate,STRONG,stereo GR3_STR stream referenced by GR3.IDX; runtime event caller not yet verified
289,0x122,0,0x43DFE,0x43E22,0x21EFF000,73728,1,24000,0x800,0x800,5227,38,0x7AA;0x7AB;0x7AC;0x7AD;0x7AE;0x7AF;0x7B0;0x7B1;0x7B2;0x7B3;0x7B4;0x7B5;0x7B6;0x7B7;0x7B8;0x7B9;0x7BA;0x7BB;0x7BC;0x7BD;0x7BE;0x7BF;0x7C0;0x7C1;0x7C2;0x7C3;0x7C4;0x7C5;0x7C6;0x7C7;0x7C8;0x7C9;0x7CA;0x7CB;0x7CC;0x7CD;0x7CE;0x7CF,mono_battle_voice_candidate,STRONG,mono stream in the battle-voice portion of GR3_STR.IDX
290,0x123,0,0x43E22,0x43E36,0x21F11000,40960,1,24000,0x800,0x800,2837,2,0xFA0;0xFA1,mono_battle_voice_candidate,STRONG,mono stream in the battle-voice portion of GR3_STR.IDX
291,0x124,0,0x43E36,0x43E4A,0x21F1B000,40960,1,24000,0x800,0x800,2837,2,0xFA2;0xFA3,mono_battle_voice_candidate,STRONG,mono stream in the battle-voice portion of GR3_STR.IDX
292,0x125,0,0x43E4A,0x43E61,0x21F25000,47104,1,24000,0x800,0x800,3285,2,0xFA4;0xFA5,mono_battle_voice_candidate,STRONG,mono stream in the battle-voice portion of GR3_STR.IDX
293,0x126,0,0x43E61,0x43E75,0x21F30800,40960,1,24000,0x800,0x800,2837,2,0xFA6;0xFA7,mono_battle_voice_candidate,STRONG,mono stream in the battle-voice portion of GR3_STR.IDX
294,0x127,0,0x43E75,0x43E89,0x21F3A800,40960,1,24000,0x800,0x800,2837,2,0xFA8;0xFA9,mono_battle_voice_candidate,STRONG,mono stream in the battle-voice portion of GR3_STR.IDX
295,0x128,0,0x43E89,0x43EA2,0x21F44800,51200,1,24000,0x800,0x800,3584,2,0xFAA;0xFAB,mono_battle_voice_candidate,STRONG,mono stream in the battle-voice portion of GR3_STR.IDX
296,0x129,0,0x43EA2,0x43EB6,0x21F51000,40960,1,24000,0x800,0x800,2837,2,0xFAC;0xFAD,mono_battle_voice_candidate,STRONG,mono stream in the battle-voice portion of GR3_STR.IDX
297,0x12A,0,0x43EB6,0x43ECA,0x21F5B000,40960,1,24000,0x800,0x800,2837,2,0xFAE;0xFAF,mono_battle_voice_candidate,STRONG,mono stream in the battle-voice portion of GR3_STR.IDX
298,0x12B,0,0x43ECA,0x43EDE,0x21F65000,40960,1,24000,0x800,0x800,2837,2,0xFB0;0xFB1,mono_battle_voice_candidate,STRONG,mono stream in the battle-voice portion of GR3_STR.IDX
299,0x12C,0,0x43EDE,0x43EF2,0x21F6F000,40960,1,24000,0x800,0x800,2837,2,0xFB2;0xFB3,mono_battle_voice_candidate,STRONG,mono stream in the battle-voice portion of GR3_STR.IDX
300,0x12D,0,0x43EF2,0x43F06,0x21F79000,40960,1,24000,0x800,0x800,2837,2,0xFB4;0xFB5,mono_battle_voice_candidate,STRONG,mono stream in the battle-voice portion of GR3_STR.IDX
301,0x12E,0,0x43F06,0x43F1A,0x21F83000,40960,1,24000,0x800,0x800,2837,2,0xFB6;0xFB7,mono_battle_voice_candidate,STRONG,mono stream in the battle-voice portion of GR3_STR.IDX
302,0x12F,0,0x43F1A,0x43F2E,0x21F8D000,40960,1,24000,0x800,0x800,2837,2,0xFB8;0xFB9,mono_battle_voice_candidate,STRONG,mono stream in the battle-voice portion of GR3_STR.IDX
303,0x130,0,0x43F2E,0x43F42,0x21F97000,40960,1,24000,0x800,0x800,2837,2,0xFBA;0xFBB,mono_battle_voice_candidate,STRONG,mono stream in the battle-voice portion of GR3_STR.IDX
304,0x131,0,0x43F42,0x43F5A,0x21FA1000,49152,1,24000,0x800,0x800,3435,2,0xFBC;0xFBD,mono_battle_voice_candidate,STRONG,mono stream in the battle-voice portion of GR3_STR.IDX
305,0x132,0,0x43F5A,0x43F6E,0x21FAD000,40960,1,24000,0x800,0x800,2837,2,0xFBE;0xFBF,mono_battle_voice_candidate,STRONG,mono stream in the battle-voice portion of GR3_STR.IDX
306,0x133,0,0x43F6E,0x43F82,0x21FB7000,40960,1,24000,0x800,0x800,2837,2,0xFC0;0xFC1,mono_battle_voice_candidate,STRONG,mono stream in the battle-voice portion of GR3_STR.IDX
307,0x134,0,0x43F82,0x43FA0,0x21FC1000,61440,1,24000,0x800,0x800,4331,2,0xFC2;0xFC3,mono_battle_voice_candidate,STRONG,mono stream in the battle-voice portion of GR3_STR.IDX
308,0x135,0,0x43FA0,0x43FB4,0x21FD0000,40960,1,24000,0x800,0x800,2837,2,0xFC4;0xFC5,mono_battle_voice_candidate,STRONG,mono stream in the battle-voice portion of GR3_STR.IDX
309,0x136,0,0x43FB4,0x43FC8,0x21FDA000,40960,1,24000,0x800,0x800,2837,2,0xFC6;0xFC7,mono_battle_voice_candidate,STRONG,mono stream in the battle-voice portion of GR3_STR.IDX
310,0x137,0,0x43FC8,0x43FDC,0x21FE4000,40960,1,24000,0x800,0x800,2837,2,0xFC8;0xFC9,mono_battle_voice_candidate,STRONG,mono stream in the battle-voice portion of GR3_STR.IDX
311,0x138,0,0x43FDC,0x43FF0,0x21FEE000,40960,1,24000,0x800,0x800,2837,2,0xFCA;0xFCB,mono_battle_voice_candidate,STRONG,mono stream in the battle-voice portion of GR3_STR.IDX
312,0x139,0,0x43FF0,0x44004,0x21FF8000,40960,1,24000,0x800,0x800,2837,2,0xFCC;0xFCD,mono_battle_voice_candidate,STRONG,mono stream in the battle-voice portion of GR3_STR.IDX
313,0x13A,0,0x44004,0x44018,0x22002000,40960,1,24000,0x800,0x800,2837,2,0xFCE;0xFCF,mono_battle_voice_candidate,STRONG,mono stream in the battle-voice portion of GR3_STR.IDX
314,0x13B,0,0x44018,0x4402C,0x2200C000,40960,1,24000,0x800,0x800,2837,2,0xFD0;0xFD1,mono_battle_voice_candidate,STRONG,mono stream in the battle-voice portion of GR3_STR.IDX
315,0x13C,0,0x4402C,0x44040,0x22016000,40960,1,24000,0x800,0x800,2837,2,0xFD2;0xFD3,mono_battle_voice_candidate,STRONG,mono stream in the battle-voice portion of GR3_STR.IDX
316,0x13D,0,0x44040,0x44054,0x22020000,40960,1,24000,0x800,0x800,2837,2,0xFD4;0xFD5,mono_battle_voice_candidate,STRONG,mono stream in the battle-voice portion of GR3_STR.IDX
317,0x13E,0,0x44054,0x44068,0x2202A000,40960,1,24000,0x800,0x800,2837,2,0xFD6;0xFD7,mono_battle_voice_candidate,STRONG,mono stream in the battle-voice portion of GR3_STR.IDX
318,0x13F,0,0x44068,0x4408A,0x22034000,69632,1,24000,0x800,0x800,4928,2,0xFD8;0xFD9,mono_battle_voice_candidate,STRONG,mono stream in the battle-voice portion of GR3_STR.IDX
319,0x140,0,0x4408A,0x440A8,0x22045000,61440,1,24000,0x800,0x800,4331,2,0xFDA;0xFDB,mono_battle_voice_candidate,STRONG,mono stream in the battle-voice portion of GR3_STR.IDX
320,0x141,0,0x440A8,0x440BC,0x22054000,40960,1,24000,0x800,0x800,2837,2,0xFDC;0xFDD,mono_battle_voice_candidate,STRONG,mono stream in the battle-voice portion of GR3_STR.IDX
321,0x142,0,0x440BC,0x440D0,0x2205E000,40960,1,24000,0x800,0x800,2837,2,0xFDE;0xFDF,mono_battle_voice_candidate,STRONG,mono stream in the battle-voice portion of GR3_STR.IDX
322,0x143,0,0x440D0,0x440E4,0x22068000,40960,1,24000,0x800,0x800,2837,2,0xFE0;0xFE1,mono_battle_voice_candidate,STRONG,mono stream in the battle-voice portion of GR3_STR.IDX
323,0x144,0,0x440E4,0x440F8,0x22072000,40960,1,24000,0x800,0x800,2837,2,0xFE2;0xFE3,mono_battle_voice_candidate,STRONG,mono stream in the battle-voice portion of GR3_STR.IDX
324,0x145,0,0x440F8,0x4410C,0x2207C000,40960,1,24000,0x800,0x800,2837,2,0xFE4;0xFE5,mono_battle_voice_candidate,STRONG,mono stream in the battle-voice portion of GR3_STR.IDX
325,0x146,0,0x4410C,0x44120,0x22086000,40960,1,24000,0x800,0x800,2837,2,0xFE6;0xFE7,mono_battle_voice_candidate,STRONG,mono stream in the battle-voice portion of GR3_STR.IDX
326,0x147,0,0x44120,0x44135,0x22090000,43008,1,24000,0x800,0x800,2987,2,0xFE8;0xFE9,mono_battle_voice_candidate,STRONG,mono stream in the battle-voice portion of GR3_STR.IDX
327,0x148,0,0x44135,0x44149,0x2209A800,40960,1,24000,0x800,0x800,2837,2,0xFEA;0xFEB,mono_battle_voice_candidate,STRONG,mono stream in the battle-voice portion of GR3_STR.IDX
328,0x149,0,0x44149,0x4415D,0x220A4800,40960,1,24000,0x800,0x800,2837,2,0xFEC;0xFED,mono_battle_voice_candidate,STRONG,mono stream in the battle-voice portion of GR3_STR.IDX
329,0x14A,0,0x4415D,0x44171,0x220AE800,40960,1,24000,0x800,0x800,2837,2,0xFEE;0xFEF,mono_battle_voice_candidate,STRONG,mono stream in the battle-voice portion of GR3_STR.IDX
330,0x14B,0,0x44171,0x44185,0x220B8800,40960,1,24000,0x800,0x800,2837,2,0xFF0;0xFF1,mono_battle_voice_candidate,STRONG,mono stream in the battle-voice portion of GR3_STR.IDX
331,0x14C,0,0x44185,0x44199,0x220C2800,40960,1,24000,0x800,0x800,2837,2,0xFF2;0xFF3,mono_battle_voice_candidate,STRONG,mono stream in the battle-voice portion of GR3_STR.IDX
332,0x14D,0,0x44199,0x441AD,0x220CC800,40960,1,24000,0x800,0x800,2837,2,0xFF4;0xFF5,mono_battle_voice_candidate,STRONG,mono stream in the battle-voice portion of GR3_STR.IDX
333,0x14E,0,0x441AD,0x441C1,0x220D6800,40960,1,24000,0x800,0x800,2837,2,0xFF6;0xFF7,mono_battle_voice_candidate,STRONG,mono stream in the battle-voice portion of GR3_STR.IDX
334,0x14F,0,0x441C1,0x441D5,0x220E0800,40960,1,24000,0x800,0x800,2837,2,0xFF8;0xFF9,mono_battle_voice_candidate,STRONG,mono stream in the battle-voice portion of GR3_STR.IDX
335,0x150,0,0x441D5,0x441E9,0x220EA800,40960,1,24000,0x800,0x800,2837,2,0xFFA;0xFFB,mono_battle_voice_candidate,STRONG,mono stream in the battle-voice portion of GR3_STR.IDX
336,0x151,0,0x441E9,0x441FF,0x220F4800,45056,1,24000,0x800,0x800,3136,2,0xFFC;0xFFD,mono_battle_voice_candidate,STRONG,mono stream in the battle-voice portion of GR3_STR.IDX
337,0x152,0,0x441FF,0x44215,0x220FF800,45056,1,24000,0x800,0x800,3136,2,0xFFE;0xFFF,mono_battle_voice_candidate,STRONG,mono stream in the battle-voice portion of GR3_STR.IDX
338,0x153,0,0x44215,0x4423C,0x2210A800,79872,1,24000,0x800,0x800,5675,2,0x1000;0x1001,mono_battle_voice_candidate,STRONG,mono stream in the battle-voice portion of GR3_STR.IDX
339,0x154,0,0x4423C,0x44250,0x2211E000,40960,1,24000,0x800,0x800,2837,2,0x1002;0x1003,mono_battle_voice_candidate,STRONG,mono stream in the battle-voice portion of GR3_STR.IDX
340,0x155,0,0x44250,0x44264,0x22128000,40960,1,24000,0x800,0x800,2837,2,0x1004;0x1005,mono_battle_voice_candidate,STRONG,mono stream in the battle-voice portion of GR3_STR.IDX
341,0x156,0,0x44264,0x44278,0x22132000,40960,1,24000,0x800,0x800,2837,2,0x1006;0x1007,mono_battle_voice_candidate,STRONG,mono stream in the battle-voice portion of GR3_STR.IDX
342,0x157,0,0x44278,0x442BA,0x2213C000,135168,1,24000,0x800,0x800,9707,2,0x1008;0x1009,mono_battle_voice_candidate,STRONG,mono stream in the battle-voice portion of GR3_STR.IDX
343,0x158,0,0x442BA,0x442CE,0x2215D000,40960,1,24000,0x800,0x800,2837,2,0x100A;0x100B,mono_battle_voice_candidate,STRONG,mono stream in the battle-voice portion of GR3_STR.IDX
344,0x159,0,0x442CE,0x442E2,0x22167000,40960,1,24000,0x800,0x800,2837,2,0x100C;0x100D,mono_battle_voice_candidate,STRONG,mono stream in the battle-voice portion of GR3_STR.IDX
345,0x15A,0,0x442E2,0x442F6,0x22171000,40960,1,24000,0x800,0x800,2837,2,0x100E;0x100F,mono_battle_voice_candidate,STRONG,mono stream in the battle-voice portion of GR3_STR.IDX
346,0x15B,0,0x442F6,0x4430A,0x2217B000,40960,1,24000,0x800,0x800,2837,2,0x1010;0x1011,mono_battle_voice_candidate,STRONG,mono stream in the battle-voice portion of GR3_STR.IDX
347,0x15C,0,0x4430A,0x44320,0x22185000,45056,1,24000,0x800,0x800,3136,2,0x1012;0x1013,mono_battle_voice_candidate,STRONG,mono stream in the battle-voice portion of GR3_STR.IDX
348,0x15D,0,0x44320,0x44334,0x22190000,40960,1,24000,0x800,0x800,2837,2,0x1014;0x1015,mono_battle_voice_candidate,STRONG,mono stream in the battle-voice portion of GR3_STR.IDX
349,0x15E,0,0x44334,0x44348,0x2219A000,40960,1,24000,0x800,0x800,2837,2,0x1016;0x1017,mono_battle_voice_candidate,STRONG,mono stream in the battle-voice portion of GR3_STR.IDX
350,0x15F,0,0x44348,0x4435C,0x221A4000,40960,1,24000,0x800,0x800,2837,2,0x1018;0x1019,mono_battle_voice_candidate,STRONG,mono stream in the battle-voice portion of GR3_STR.IDX
351,0x160,0,0x4435C,0x44370,0x221AE000,40960,1,24000,0x800,0x800,2837,2,0x101A;0x101B,mono_battle_voice_candidate,STRONG,mono stream in the battle-voice portion of GR3_STR.IDX
352,0x161,0,0x44370,0x44384,0x221B8000,40960,1,24000,0x800,0x800,2837,2,0x101C;0x101D,mono_battle_voice_candidate,STRONG,mono stream in the battle-voice portion of GR3_STR.IDX
353,0x162,0,0x44384,0x44398,0x221C2000,40960,1,24000,0x800,0x800,2837,2,0x101E;0x101F,mono_battle_voice_candidate,STRONG,mono stream in the battle-voice portion of GR3_STR.IDX
354,0x163,0,0x44398,0x443AC,0x221CC000,40960,1,24000,0x800,0x800,2837,2,0x1020;0x1021,mono_battle_voice_candidate,STRONG,mono stream in the battle-voice portion of GR3_STR.IDX
355,0x164,0,0x443AC,0x443C0,0x221D6000,40960,1,24000,0x800,0x800,2837,2,0x1022;0x1023,mono_battle_voice_candidate,STRONG,mono stream in the battle-voice portion of GR3_STR.IDX
356,0x165,0,0x443C0,0x443D4,0x221E0000,40960,1,24000,0x800,0x800,2837,2,0x1024;0x1025,mono_battle_voice_candidate,STRONG,mono stream in the battle-voice portion of GR3_STR.IDX
357,0x166,0,0x443D4,0x443EA,0x221EA000,45056,1,24000,0x800,0x800,3136,2,0x1026;0x1027,mono_battle_voice_candidate,STRONG,mono stream in the battle-voice portion of GR3_STR.IDX
358,0x167,0,0x443EA,0x44404,0x221F5000,53248,1,24000,0x800,0x800,3733,2,0x1028;0x1029,mono_battle_voice_candidate,STRONG,mono stream in the battle-voice portion of GR3_STR.IDX
359,0x168,0,0x44404,0x44423,0x22202000,63488,1,24000,0x800,0x800,4480,2,0x102A;0x102B,mono_battle_voice_candidate,STRONG,mono stream in the battle-voice portion of GR3_STR.IDX
360,0x169,0,0x44423,0x44437,0x22211800,40960,1,24000,0x800,0x800,2837,2,0x102C;0x102D,mono_battle_voice_candidate,STRONG,mono stream in the battle-voice portion of GR3_STR.IDX
361,0x16A,0,0x44437,0x4444C,0x2221B800,43008,1,24000,0x800,0x800,2987,2,0x102E;0x102F,mono_battle_voice_candidate,STRONG,mono stream in the battle-voice portion of GR3_STR.IDX
362,0x16B,0,0x4444C,0x44469,0x22226000,59392,1,24000,0x800,0x800,4181,2,0x1030;0x1031,mono_battle_voice_candidate,STRONG,mono stream in the battle-voice portion of GR3_STR.IDX
363,0x16C,0,0x44469,0x4447D,0x22234800,40960,1,24000,0x800,0x800,2837,2,0x1032;0x1033,mono_battle_voice_candidate,STRONG,mono stream in the battle-voice portion of GR3_STR.IDX
364,0x16D,0,0x4447D,0x44491,0x2223E800,40960,1,24000,0x800,0x800,2837,2,0x1034;0x1035,mono_battle_voice_candidate,STRONG,mono stream in the battle-voice portion of GR3_STR.IDX
365,0x16E,0,0x44491,0x444A5,0x22248800,40960,1,24000,0x800,0x800,2837,2,0x1036;0x1037,mono_battle_voice_candidate,STRONG,mono stream in the battle-voice portion of GR3_STR.IDX
366,0x16F,0,0x444A5,0x444B9,0x22252800,40960,1,24000,0x800,0x800,2837,2,0x1038;0x1039,mono_battle_voice_candidate,STRONG,mono stream in the battle-voice portion of GR3_STR.IDX
367,0x170,0,0x444B9,0x444DB,0x2225C800,69632,1,24000,0x800,0x800,4928,2,0x103A;0x103B,mono_battle_voice_candidate,STRONG,mono stream in the battle-voice portion of GR3_STR.IDX
368,0x171,0,0x444DB,0x444EF,0x2226D800,40960,1,24000,0x800,0x800,2837,2,0x103C;0x103D,mono_battle_voice_candidate,STRONG,mono stream in the battle-voice portion of GR3_STR.IDX
369,0x172,0,0x444EF,0x44504,0x22277800,43008,1,24000,0x800,0x800,2987,2,0x103E;0x103F,mono_battle_voice_candidate,STRONG,mono stream in the battle-voice portion of GR3_STR.IDX
370,0x173,0,0x44504,0x44518,0x22282000,40960,1,24000,0x800,0x800,2837,2,0x1040;0x1041,mono_battle_voice_candidate,STRONG,mono stream in the battle-voice portion of GR3_STR.IDX
371,0x174,0,0x44518,0x4452C,0x2228C000,40960,1,24000,0x800,0x800,2837,2,0x1042;0x1043,mono_battle_voice_candidate,STRONG,mono stream in the battle-voice portion of GR3_STR.IDX
372,0x175,0,0x4452C,0x44540,0x22296000,40960,1,24000,0x800,0x800,2837,2,0x1044;0x1045,mono_battle_voice_candidate,STRONG,mono stream in the battle-voice portion of GR3_STR.IDX
373,0x176,0,0x44540,0x44565,0x222A0000,75776,1,24000,0x800,0x800,5376,2,0x1046;0x1047,mono_battle_voice_candidate,STRONG,mono stream in the battle-voice portion of GR3_STR.IDX
374,0x177,0,0x44565,0x44597,0x222B2800,102400,1,24000,0x800,0x800,7317,2,0x1048;0x1049,mono_battle_voice_candidate,STRONG,mono stream in the battle-voice portion of GR3_STR.IDX
375,0x178,0,0x44597,0x445AB,0x222CB800,40960,1,24000,0x800,0x800,2837,2,0x104A;0x104B,mono_battle_voice_candidate,STRONG,mono stream in the battle-voice portion of GR3_STR.IDX
376,0x179,0,0x445AB,0x445BF,0x222D5800,40960,1,24000,0x800,0x800,2837,2,0x104C;0x104D,mono_battle_voice_candidate,STRONG,mono stream in the battle-voice portion of GR3_STR.IDX
377,0x17A,0,0x445BF,0x445D3,0x222DF800,40960,1,24000,0x800,0x800,2837,2,0x104E;0x104F,mono_battle_voice_candidate,STRONG,mono stream in the battle-voice portion of GR3_STR.IDX
378,0x17B,0,0x445D3,0x445E7,0x222E9800,40960,1,24000,0x800,0x800,2837,2,0x1050;0x1051,mono_battle_voice_candidate,STRONG,mono stream in the battle-voice portion of GR3_STR.IDX
379,0x17C,0,0x445E7,0x445FB,0x222F3800,40960,1,24000,0x800,0x800,2837,2,0x1052;0x1053,mono_battle_voice_candidate,STRONG,mono stream in the battle-voice portion of GR3_STR.IDX
380,0x17D,0,0x445FB,0x4460F,0x222FD800,40960,1,24000,0x800,0x800,2837,2,0x1054;0x1055,mono_battle_voice_candidate,STRONG,mono stream in the battle-voice portion of GR3_STR.IDX
381,0x17E,0,0x4460F,0x44623,0x22307800,40960,1,24000,0x800,0x800,2837,2,0x1056;0x1057,mono_battle_voice_candidate,STRONG,mono stream in the battle-voice portion of GR3_STR.IDX
382,0x17F,0,0x44623,0x44637,0x22311800,40960,1,24000,0x800,0x800,2837,2,0x1058;0x1059,mono_battle_voice_candidate,STRONG,mono stream in the battle-voice portion of GR3_STR.IDX
383,0x180,0,0x44637,0x4464B,0x2231B800,40960,1,24000,0x800,0x800,2837,2,0x105A;0x105B,mono_battle_voice_candidate,STRONG,mono stream in the battle-voice portion of GR3_STR.IDX
384,0x181,0,0x4464B,0x4465F,0x22325800,40960,1,24000,0x800,0x800,2837,2,0x105C;0x105D,mono_battle_voice_candidate,STRONG,mono stream in the battle-voice portion of GR3_STR.IDX
385,0x182,0,0x4465F,0x44673,0x2232F800,40960,1,24000,0x800,0x800,2837,2,0x105E;0x105F,mono_battle_voice_candidate,STRONG,mono stream in the battle-voice portion of GR3_STR.IDX
386,0x183,0,0x44673,0x44687,0x22339800,40960,1,24000,0x800,0x800,2837,2,0x1060;0x1061,mono_battle_voice_candidate,STRONG,mono stream in the battle-voice portion of GR3_STR.IDX
387,0x184,0,0x44687,0x4469B,0x22343800,40960,1,24000,0x800,0x800,2837,2,0x1062;0x1063,mono_battle_voice_candidate,STRONG,mono stream in the battle-voice portion of GR3_STR.IDX
388,0x185,0,0x4469B,0x446AF,0x2234D800,40960,1,24000,0x800,0x800,2837,2,0x1064;0x1065,mono_battle_voice_candidate,STRONG,mono stream in the battle-voice portion of GR3_STR.IDX
389,0x186,0,0x446AF,0x446C3,0x22357800,40960,1,24000,0x800,0x800,2837,2,0x1066;0x1067,mono_battle_voice_candidate,STRONG,mono stream in the battle-voice portion of GR3_STR.IDX
390,0x187,0,0x446C3,0x446DB,0x22361800,49152,1,24000,0x800,0x800,3435,2,0x1068;0x1069,mono_battle_voice_candidate,STRONG,mono stream in the battle-voice portion of GR3_STR.IDX
391,0x188,0,0x446DB,0x446F0,0x2236D800,43008,1,24000,0x800,0x800,2987,2,0x106A;0x106B,mono_battle_voice_candidate,STRONG,mono stream in the battle-voice portion of GR3_STR.IDX
392,0x189,0,0x446F0,0x44707,0x22378000,47104,1,24000,0x800,0x800,3285,2,0x106C;0x106D,mono_battle_voice_candidate,STRONG,mono stream in the battle-voice portion of GR3_STR.IDX
393,0x18A,0,0x44707,0x4472A,0x22383800,71680,1,24000,0x800,0x800,5077,2,0x106E;0x106F,mono_battle_voice_candidate,STRONG,mono stream in the battle-voice portion of GR3_STR.IDX
394,0x18B,0,0x4472A,0x4473E,0x22395000,40960,1,24000,0x800,0x800,2837,2,0x1070;0x1071,mono_battle_voice_candidate,STRONG,mono stream in the battle-voice portion of GR3_STR.IDX
395,0x18C,0,0x4473E,0x44760,0x2239F000,69632,1,24000,0x800,0x800,4928,2,0x1072;0x1073,mono_battle_voice_candidate,STRONG,mono stream in the battle-voice portion of GR3_STR.IDX
396,0x18D,0,0x44760,0x44774,0x223B0000,40960,1,24000,0x800,0x800,2837,2,0x1074;0x1075,mono_battle_voice_candidate,STRONG,mono stream in the battle-voice portion of GR3_STR.IDX
397,0x18E,0,0x44774,0x44788,0x223BA000,40960,1,24000,0x800,0x800,2837,2,0x1076;0x1077,mono_battle_voice_candidate,STRONG,mono stream in the battle-voice portion of GR3_STR.IDX
398,0x18F,0,0x44788,0x4479C,0x223C4000,40960,1,24000,0x800,0x800,2837,2,0x1078;0x1079,mono_battle_voice_candidate,STRONG,mono stream in the battle-voice portion of GR3_STR.IDX
399,0x190,0,0x4479C,0x447EE,0x223CE000,167936,1,24000,0x800,0x800,12096,2,0x107A;0x107B,mono_battle_voice_candidate,STRONG,mono stream in the battle-voice portion of GR3_STR.IDX
400,0x191,0,0x447EE,0x44803,0x223F7000,43008,1,24000,0x800,0x800,2987,2,0x107C;0x107D,mono_battle_voice_candidate,STRONG,mono stream in the battle-voice portion of GR3_STR.IDX
401,0x192,0,0x44803,0x44820,0x22401800,59392,1,24000,0x800,0x800,4181,2,0x107E;0x107F,mono_battle_voice_candidate,STRONG,mono stream in the battle-voice portion of GR3_STR.IDX
402,0x193,0,0x44820,0x44834,0x22410000,40960,1,24000,0x800,0x800,2837,2,0x1080;0x1081,mono_battle_voice_candidate,STRONG,mono stream in the battle-voice portion of GR3_STR.IDX
403,0x194,0,0x44834,0x44848,0x2241A000,40960,1,24000,0x800,0x800,2837,2,0x1082;0x1083,mono_battle_voice_candidate,STRONG,mono stream in the battle-voice portion of GR3_STR.IDX
404,0x195,0,0x44848,0x4485D,0x22424000,43008,1,24000,0x800,0x800,2987,2,0x1084;0x1085,mono_battle_voice_candidate,STRONG,mono stream in the battle-voice portion of GR3_STR.IDX
405,0x196,0,0x4485D,0x44874,0x2242E800,47104,1,24000,0x800,0x800,3285,2,0x1086;0x1087,mono_battle_voice_candidate,STRONG,mono stream in the battle-voice portion of GR3_STR.IDX
406,0x197,0,0x44874,0x44889,0x2243A000,43008,1,24000,0x800,0x800,2987,2,0x1088;0x1089,mono_battle_voice_candidate,STRONG,mono stream in the battle-voice portion of GR3_STR.IDX
407,0x198,0,0x44889,0x448A3,0x22444800,53248,1,24000,0x800,0x800,3733,2,0x108A;0x108B,mono_battle_voice_candidate,STRONG,mono stream in the battle-voice portion of GR3_STR.IDX
408,0x199,0,0x448A3,0x448BA,0x22451800,47104,1,24000,0x800,0x800,3285,2,0x108C;0x108D,mono_battle_voice_candidate,STRONG,mono stream in the battle-voice portion of GR3_STR.IDX
409,0x19A,0,0x448BA,0x448CE,0x2245D000,40960,1,24000,0x800,0x800,2837,2,0x108E;0x108F,mono_battle_voice_candidate,STRONG,mono stream in the battle-voice portion of GR3_STR.IDX
410,0x19B,0,0x448CE,0x448E2,0x22467000,40960,1,24000,0x800,0x800,2837,2,0x1090;0x1091,mono_battle_voice_candidate,STRONG,mono stream in the battle-voice portion of GR3_STR.IDX
411,0x19C,0,0x448E2,0x448F6,0x22471000,40960,1,24000,0x800,0x800,2837,2,0x1092;0x1093,mono_battle_voice_candidate,STRONG,mono stream in the battle-voice portion of GR3_STR.IDX
412,0x19D,0,0x448F6,0x4490A,0x2247B000,40960,1,24000,0x800,0x800,2837,2,0x1094;0x1095,mono_battle_voice_candidate,STRONG,mono stream in the battle-voice portion of GR3_STR.IDX
413,0x19E,0,0x4490A,0x44920,0x22485000,45056,1,24000,0x800,0x800,3136,2,0x1096;0x1097,mono_battle_voice_candidate,STRONG,mono stream in the battle-voice portion of GR3_STR.IDX
414,0x19F,0,0x44920,0x44934,0x22490000,40960,1,24000,0x800,0x800,2837,2,0x1098;0x1099,mono_battle_voice_candidate,STRONG,mono stream in the battle-voice portion of GR3_STR.IDX
415,0x1A0,0,0x44934,0x44948,0x2249A000,40960,1,24000,0x800,0x800,2837,2,0x109A;0x109B,mono_battle_voice_candidate,STRONG,mono stream in the battle-voice portion of GR3_STR.IDX
416,0x1A1,0,0x44948,0x4495C,0x224A4000,40960,1,24000,0x800,0x800,2837,2,0x109C;0x109D,mono_battle_voice_candidate,STRONG,mono stream in the battle-voice portion of GR3_STR.IDX
417,0x1A2,0,0x4495C,0x44970,0x224AE000,40960,1,24000,0x800,0x800,2837,2,0x109E;0x109F,mono_battle_voice_candidate,STRONG,mono stream in the battle-voice portion of GR3_STR.IDX
418,0x1A3,0,0x44970,0x44984,0x224B8000,40960,1,24000,0x800,0x800,2837,2,0x10A0;0x10A1,mono_battle_voice_candidate,STRONG,mono stream in the battle-voice portion of GR3_STR.IDX
419,0x1A4,0,0x44984,0x44998,0x224C2000,40960,1,24000,0x800,0x800,2837,2,0x10A2;0x10A3,mono_battle_voice_candidate,STRONG,mono stream in the battle-voice portion of GR3_STR.IDX
420,0x1A5,0,0x44998,0x449AC,0x224CC000,40960,1,24000,0x800,0x800,2837,2,0x10A4;0x10A5,mono_battle_voice_candidate,STRONG,mono stream in the battle-voice portion of GR3_STR.IDX
421,0x1A6,0,0x449AC,0x449C0,0x224D6000,40960,1,24000,0x800,0x800,2837,2,0x10A6;0x10A7,mono_battle_voice_candidate,STRONG,mono stream in the battle-voice portion of GR3_STR.IDX
422,0x1A7,0,0x449C0,0x449D4,0x224E0000,40960,1,24000,0x800,0x800,2837,2,0x10A8;0x10A9,mono_battle_voice_candidate,STRONG,mono stream in the battle-voice portion of GR3_STR.IDX
423,0x1A8,0,0x449D4,0x449E9,0x224EA000,43008,1,24000,0x800,0x800,2987,2,0x10AA;0x10AB,mono_battle_voice_candidate,STRONG,mono stream in the battle-voice portion of GR3_STR.IDX
424,0x1A9,0,0x449E9,0x44A00,0x224F4800,47104,1,24000,0x800,0x800,3285,2,0x10AC;0x10AD,mono_battle_voice_candidate,STRONG,mono stream in the battle-voice portion of GR3_STR.IDX
425,0x1AA,0,0x44A00,0x44A14,0x22500000,40960,1,24000,0x800,0x800,2837,2,0x10AE;0x10AF,mono_battle_voice_candidate,STRONG,mono stream in the battle-voice portion of GR3_STR.IDX
426,0x1AB,0,0x44A14,0x44A28,0x2250A000,40960,1,24000,0x800,0x800,2837,2,0x10B0;0x10B1,mono_battle_voice_candidate,STRONG,mono stream in the battle-voice portion of GR3_STR.IDX
427,0x1AC,0,0x44A28,0x44A3C,0x22514000,40960,1,24000,0x800,0x800,2837,2,0x10B2;0x10B3,mono_battle_voice_candidate,STRONG,mono stream in the battle-voice portion of GR3_STR.IDX
428,0x1AD,0,0x44A3C,0x44A51,0x2251E000,43008,1,24000,0x800,0x800,2987,2,0x10B4;0x10B5,mono_battle_voice_candidate,STRONG,mono stream in the battle-voice portion of GR3_STR.IDX
429,0x1AE,0,0x44A51,0x44A68,0x22528800,47104,1,24000,0x800,0x800,3285,2,0x10B6;0x10B7,mono_battle_voice_candidate,STRONG,mono stream in the battle-voice portion of GR3_STR.IDX
430,0x1AF,0,0x44A68,0x44A84,0x22534000,57344,1,24000,0x800,0x800,4032,2,0x10B8;0x10B9,mono_battle_voice_candidate,STRONG,mono stream in the battle-voice portion of GR3_STR.IDX
431,0x1B0,0,0x44A84,0x44A98,0x22542000,40960,1,24000,0x800,0x800,2837,2,0x10BA;0x10BB,mono_battle_voice_candidate,STRONG,mono stream in the battle-voice portion of GR3_STR.IDX
432,0x1B1,0,0x44A98,0x44AB1,0x2254C000,51200,1,24000,0x800,0x800,3584,2,0x10BC;0x10BD,mono_battle_voice_candidate,STRONG,mono stream in the battle-voice portion of GR3_STR.IDX
433,0x1B2,0,0x44AB1,0x44AC5,0x22558800,40960,1,24000,0x800,0x800,2837,2,0x10BE;0x10BF,mono_battle_voice_candidate,STRONG,mono stream in the battle-voice portion of GR3_STR.IDX
434,0x1B3,0,0x44AC5,0x44B20,0x22562800,186368,1,24000,0x800,0x800,13440,2,0x10C0;0x10C1,mono_battle_voice_candidate,STRONG,mono stream in the battle-voice portion of GR3_STR.IDX
435,0x1B4,0,0x44B20,0x44B3D,0x22590000,59392,1,24000,0x800,0x800,4181,2,0x10C2;0x10C3,mono_battle_voice_candidate,STRONG,mono stream in the battle-voice portion of GR3_STR.IDX
436,0x1B5,0,0x44B3D,0x44B51,0x2259E800,40960,1,24000,0x800,0x800,2837,2,0x10C4;0x10C5,mono_battle_voice_candidate,STRONG,mono stream in the battle-voice portion of GR3_STR.IDX
437,0x1B6,0,0x44B51,0x44B65,0x225A8800,40960,1,24000,0x800,0x800,2837,2,0x10C6;0x10C7,mono_battle_voice_candidate,STRONG,mono stream in the battle-voice portion of GR3_STR.IDX
438,0x1B7,0,0x44B65,0x44B79,0x225B2800,40960,1,24000,0x800,0x800,2837,2,0x10C8;0x10C9,mono_battle_voice_candidate,STRONG,mono stream in the battle-voice portion of GR3_STR.IDX
439,0x1B8,0,0x44B79,0x44B8D,0x225BC800,40960,1,24000,0x800,0x800,2837,2,0x10CA;0x10CB,mono_battle_voice_candidate,STRONG,mono stream in the battle-voice portion of GR3_STR.IDX
440,0x1B9,0,0x44B8D,0x44BA1,0x225C6800,40960,1,24000,0x800,0x800,2837,2,0x10CC;0x10CD,mono_battle_voice_candidate,STRONG,mono stream in the battle-voice portion of GR3_STR.IDX
441,0x1BA,0,0x44BA1,0x44BB6,0x225D0800,43008,1,24000,0x800,0x800,2987,2,0x10CE;0x10CF,mono_battle_voice_candidate,STRONG,mono stream in the battle-voice portion of GR3_STR.IDX
442,0x1BB,0,0x44BB6,0x44BCA,0x225DB000,40960,1,24000,0x800,0x800,2837,2,0x10D0;0x10D1,mono_battle_voice_candidate,STRONG,mono stream in the battle-voice portion of GR3_STR.IDX
443,0x1BC,0,0x44BCA,0x44BDE,0x225E5000,40960,1,24000,0x800,0x800,2837,2,0x10D2;0x10D3,mono_battle_voice_candidate,STRONG,mono stream in the battle-voice portion of GR3_STR.IDX
444,0x1BD,0,0x44BDE,0x44BF2,0x225EF000,40960,1,24000,0x800,0x800,2837,2,0x10D4;0x10D5,mono_battle_voice_candidate,STRONG,mono stream in the battle-voice portion of GR3_STR.IDX
445,0x1BE,0,0x44BF2,0x44C06,0x225F9000,40960,1,24000,0x800,0x800,2837,2,0x10D6;0x10D7,mono_battle_voice_candidate,STRONG,mono stream in the battle-voice portion of GR3_STR.IDX
446,0x1BF,0,0x44C06,0x44C1A,0x22603000,40960,1,24000,0x800,0x800,2837,2,0x10D8;0x10D9,mono_battle_voice_candidate,STRONG,mono stream in the battle-voice portion of GR3_STR.IDX
447,0x1C0,0,0x44C1A,0x44C2E,0x2260D000,40960,1,24000,0x800,0x800,2837,2,0x10DA;0x10DB,mono_battle_voice_candidate,STRONG,mono stream in the battle-voice portion of GR3_STR.IDX
448,0x1C1,0,0x44C2E,0x44C42,0x22617000,40960,1,24000,0x800,0x800,2837,2,0x10DC;0x10DD,mono_battle_voice_candidate,STRONG,mono stream in the battle-voice portion of GR3_STR.IDX
449,0x1C2,0,0x44C42,0x44C61,0x22621000,63488,1,24000,0x800,0x800,4480,2,0x10DE;0x10DF,mono_battle_voice_candidate,STRONG,mono stream in the battle-voice portion of GR3_STR.IDX
450,0x1C3,0,0x44C61,0x44C7D,0x22630800,57344,1,24000,0x800,0x800,4032,2,0x10E0;0x10E1,mono_battle_voice_candidate,STRONG,mono stream in the battle-voice portion of GR3_STR.IDX
451,0x1C4,0,0x44C7D,0x44CA2,0x2263E800,75776,1,24000,0x800,0x800,5376,2,0x10E2;0x10E3,mono_battle_voice_candidate,STRONG,mono stream in the battle-voice portion of GR3_STR.IDX
452,0x1C5,0,0x44CA2,0x44CB6,0x22651000,40960,1,24000,0x800,0x800,2837,2,0x10E4;0x10E5,mono_battle_voice_candidate,STRONG,mono stream in the battle-voice portion of GR3_STR.IDX
453,0x1C6,0,0x44CB6,0x44CCA,0x2265B000,40960,1,24000,0x800,0x800,2837,2,0x10E6;0x10E7,mono_battle_voice_candidate,STRONG,mono stream in the battle-voice portion of GR3_STR.IDX
454,0x1C7,0,0x44CCA,0x44CDE,0x22665000,40960,1,24000,0x800,0x800,2837,2,0x10E8;0x10E9,mono_battle_voice_candidate,STRONG,mono stream in the battle-voice portion of GR3_STR.IDX
455,0x1C8,0,0x44CDE,0x44D55,0x2266F000,243712,1,24000,0x800,0x800,17621,2,0x10EA;0x10EB,mono_battle_voice_candidate,STRONG,mono stream in the battle-voice portion of GR3_STR.IDX
456,0x1C9,0,0x44D55,0x44D69,0x226AA800,40960,1,24000,0x800,0x800,2837,2,0x10EC;0x10ED,mono_battle_voice_candidate,STRONG,mono stream in the battle-voice portion of GR3_STR.IDX
457,0x1CA,0,0x44D69,0x44D7D,0x226B4800,40960,1,24000,0x800,0x800,2837,2,0x10EE;0x10EF,mono_battle_voice_candidate,STRONG,mono stream in the battle-voice portion of GR3_STR.IDX
458,0x1CB,0,0x44D7D,0x44D91,0x226BE800,40960,1,24000,0x800,0x800,2837,2,0x10F0;0x10F1,mono_battle_voice_candidate,STRONG,mono stream in the battle-voice portion of GR3_STR.IDX
459,0x1CC,0,0x44D91,0x44DA5,0x226C8800,40960,1,24000,0x800,0x800,2837,2,0x10F2;0x10F3,mono_battle_voice_candidate,STRONG,mono stream in the battle-voice portion of GR3_STR.IDX
460,0x1CD,0,0x44DA5,0x44DB9,0x226D2800,40960,1,24000,0x800,0x800,2837,2,0x10F4;0x10F5,mono_battle_voice_candidate,STRONG,mono stream in the battle-voice portion of GR3_STR.IDX
461,0x1CE,0,0x44DB9,0x44DD4,0x226DC800,55296,1,24000,0x800,0x800,3883,2,0x10F6;0x10F7,mono_battle_voice_candidate,STRONG,mono stream in the battle-voice portion of GR3_STR.IDX
462,0x1CF,0,0x44DD4,0x44DF4,0x226EA000,65536,1,24000,0x800,0x800,4629,2,0x10F8;0x10F9,mono_battle_voice_candidate,STRONG,mono stream in the battle-voice portion of GR3_STR.IDX
463,0x1D0,0,0x44DF4,0x44E11,0x226FA000,59392,1,24000,0x800,0x800,4181,2,0x10FA;0x10FB,mono_battle_voice_candidate,STRONG,mono stream in the battle-voice portion of GR3_STR.IDX
464,0x1D1,0,0x44E11,0x44E2D,0x22708800,57344,1,24000,0x800,0x800,4032,2,0x10FC;0x10FD,mono_battle_voice_candidate,STRONG,mono stream in the battle-voice portion of GR3_STR.IDX
465,0x1D2,0,0x44E2D,0x44E48,0x22716800,55296,1,24000,0x800,0x800,3883,2,0x10FE;0x10FF,mono_battle_voice_candidate,STRONG,mono stream in the battle-voice portion of GR3_STR.IDX
466,0x1D3,0,0x44E48,0x44E6C,0x22724000,73728,1,24000,0x800,0x800,5227,2,0x1100;0x1101,mono_battle_voice_candidate,STRONG,mono stream in the battle-voice portion of GR3_STR.IDX
467,0x1D4,0,0x44E6C,0x44E8F,0x22736000,71680,1,24000,0x800,0x800,5077,2,0x1102;0x1103,mono_battle_voice_candidate,STRONG,mono stream in the battle-voice portion of GR3_STR.IDX
468,0x1D5,0,0x44E8F,0x44EBC,0x22747800,92160,1,24000,0x800,0x800,6571,2,0x1104;0x1105,mono_battle_voice_candidate,STRONG,mono stream in the battle-voice portion of GR3_STR.IDX
469,0x1D6,0,0x44EBC,0x44EE1,0x2275E000,75776,1,24000,0x800,0x800,5376,2,0x1106;0x1107,mono_battle_voice_candidate,STRONG,mono stream in the battle-voice portion of GR3_STR.IDX
470,0x1D7,0,0x44EE1,0x44EFE,0x22770800,59392,1,24000,0x800,0x800,4181,2,0x1108;0x1109,mono_battle_voice_candidate,STRONG,mono stream in the battle-voice portion of GR3_STR.IDX
471,0x1D8,0,0x44EFE,0x44F12,0x2277F000,40960,1,24000,0x800,0x800,2837,2,0x110A;0x110B,mono_battle_voice_candidate,STRONG,mono stream in the battle-voice portion of GR3_STR.IDX
472,0x1D9,0,0x44F12,0x44F37,0x22789000,75776,1,24000,0x800,0x800,5376,2,0x110C;0x110D,mono_battle_voice_candidate,STRONG,mono stream in the battle-voice portion of GR3_STR.IDX
473,0x1DA,0,0x44F37,0x44F53,0x2279B800,57344,1,24000,0x800,0x800,4032,2,0x110E;0x110F,mono_battle_voice_candidate,STRONG,mono stream in the battle-voice portion of GR3_STR.IDX
474,0x1DB,0,0x44F53,0x44F72,0x227A9800,63488,1,24000,0x800,0x800,4480,2,0x1110;0x1111,mono_battle_voice_candidate,STRONG,mono stream in the battle-voice portion of GR3_STR.IDX
475,0x1DC,0,0x44F72,0x44F96,0x227B9000,73728,1,24000,0x800,0x800,5227,2,0x1112;0x1113,mono_battle_voice_candidate,STRONG,mono stream in the battle-voice portion of GR3_STR.IDX
476,0x1DD,0,0x44F96,0x44FB6,0x227CB000,65536,1,24000,0x800,0x800,4629,2,0x1114;0x1115,mono_battle_voice_candidate,STRONG,mono stream in the battle-voice portion of GR3_STR.IDX
477,0x1DE,0,0x44FB6,0x44FDA,0x227DB000,73728,1,24000,0x800,0x800,5227,2,0x1116;0x1117,mono_battle_voice_candidate,STRONG,mono stream in the battle-voice portion of GR3_STR.IDX
478,0x1DF,0,0x44FDA,0x44FF6,0x227ED000,57344,1,24000,0x800,0x800,4032,2,0x1118;0x1119,mono_battle_voice_candidate,STRONG,mono stream in the battle-voice portion of GR3_STR.IDX
479,0x1E0,0,0x44FF6,0x45013,0x227FB000,59392,1,24000,0x800,0x800,4181,2,0x111A;0x111B,mono_battle_voice_candidate,STRONG,mono stream in the battle-voice portion of GR3_STR.IDX
480,0x1E1,0,0x45013,0x4502D,0x22809800,53248,1,24000,0x800,0x800,3733,2,0x111C;0x111D,mono_battle_voice_candidate,STRONG,mono stream in the battle-voice portion of GR3_STR.IDX
481,0x1E2,0,0x4502D,0x4505B,0x22816800,94208,1,24000,0x800,0x800,6720,2,0x111E;0x111F,mono_battle_voice_candidate,STRONG,mono stream in the battle-voice portion of GR3_STR.IDX
482,0x1E3,0,0x4505B,0x45074,0x2282D800,51200,1,24000,0x800,0x800,3584,2,0x1120;0x1121,mono_battle_voice_candidate,STRONG,mono stream in the battle-voice portion of GR3_STR.IDX
483,0x1E4,0,0x45074,0x4509D,0x2283A000,83968,1,24000,0x800,0x800,5973,2,0x1122;0x1123,mono_battle_voice_candidate,STRONG,mono stream in the battle-voice portion of GR3_STR.IDX
484,0x1E5,0,0x4509D,0x450CE,0x2284E800,100352,1,24000,0x800,0x800,7168,2,0x1124;0x1125,mono_battle_voice_candidate,STRONG,mono stream in the battle-voice portion of GR3_STR.IDX
485,0x1E6,0,0x450CE,0x450EB,0x22867000,59392,1,24000,0x800,0x800,4181,2,0x1126;0x1127,mono_battle_voice_candidate,STRONG,mono stream in the battle-voice portion of GR3_STR.IDX
486,0x1E7,0,0x450EB,0x45105,0x22875800,53248,1,24000,0x800,0x800,3733,2,0x1128;0x1129,mono_battle_voice_candidate,STRONG,mono stream in the battle-voice portion of GR3_STR.IDX
487,0x1E8,0,0x45105,0x45129,0x22882800,73728,1,24000,0x800,0x800,5227,2,0x112A;0x112B,mono_battle_voice_candidate,STRONG,mono stream in the battle-voice portion of GR3_STR.IDX
488,0x1E9,0,0x45129,0x4514C,0x22894800,71680,1,24000,0x800,0x800,5077,2,0x112C;0x112D,mono_battle_voice_candidate,STRONG,mono stream in the battle-voice portion of GR3_STR.IDX
489,0x1EA,0,0x4514C,0x4516C,0x228A6000,65536,1,24000,0x800,0x800,4629,2,0x112E;0x112F,mono_battle_voice_candidate,STRONG,mono stream in the battle-voice portion of GR3_STR.IDX
490,0x1EB,0,0x4516C,0x4518E,0x228B6000,69632,1,24000,0x800,0x800,4928,2,0x1130;0x1131,mono_battle_voice_candidate,STRONG,mono stream in the battle-voice portion of GR3_STR.IDX
491,0x1EC,0,0x4518E,0x451AD,0x228C7000,63488,1,24000,0x800,0x800,4480,2,0x1132;0x1133,mono_battle_voice_candidate,STRONG,mono stream in the battle-voice portion of GR3_STR.IDX
492,0x1ED,0,0x451AD,0x451CB,0x228D6800,61440,1,24000,0x800,0x800,4331,2,0x1134;0x1135,mono_battle_voice_candidate,STRONG,mono stream in the battle-voice portion of GR3_STR.IDX
493,0x1EE,0,0x451CB,0x451F4,0x228E5800,83968,1,24000,0x800,0x800,5973,2,0x1136;0x1137,mono_battle_voice_candidate,STRONG,mono stream in the battle-voice portion of GR3_STR.IDX
494,0x1EF,0,0x451F4,0x45210,0x228FA000,57344,1,24000,0x800,0x800,4032,2,0x1138;0x1139,mono_battle_voice_candidate,STRONG,mono stream in the battle-voice portion of GR3_STR.IDX
495,0x1F0,0,0x45210,0x4522B,0x22908000,55296,1,24000,0x800,0x800,3883,2,0x113A;0x113B,mono_battle_voice_candidate,STRONG,mono stream in the battle-voice portion of GR3_STR.IDX
496,0x1F1,0,0x4522B,0x45247,0x22915800,57344,1,24000,0x800,0x800,4032,2,0x113C;0x113D,mono_battle_voice_candidate,STRONG,mono stream in the battle-voice portion of GR3_STR.IDX
497,0x1F2,0,0x45247,0x4526A,0x22923800,71680,1,24000,0x800,0x800,5077,2,0x113E;0x113F,mono_battle_voice_candidate,STRONG,mono stream in the battle-voice portion of GR3_STR.IDX
498,0x1F3,0,0x4526A,0x45286,0x22935000,57344,1,24000,0x800,0x800,4032,2,0x1140;0x1141,mono_battle_voice_candidate,STRONG,mono stream in the battle-voice portion of GR3_STR.IDX
499,0x1F4,0,0x45286,0x452AB,0x22943000,75776,1,24000,0x800,0x800,5376,2,0x1142;0x1143,mono_battle_voice_candidate,STRONG,mono stream in the battle-voice portion of GR3_STR.IDX
500,0x1F5,0,0x452AB,0x452CB,0x22955800,65536,1,24000,0x800,0x800,4629,2,0x1144;0x1145,mono_battle_voice_candidate,STRONG,mono stream in the battle-voice portion of GR3_STR.IDX
501,0x1F6,0,0x452CB,0x452E4,0x22965800,51200,1,24000,0x800,0x800,3584,2,0x1146;0x1147,mono_battle_voice_candidate,STRONG,mono stream in the battle-voice portion of GR3_STR.IDX
502,0x1F7,0,0x452E4,0x452F8,0x22972000,40960,1,24000,0x800,0x800,2837,2,0x1148;0x1149,mono_battle_voice_candidate,STRONG,mono stream in the battle-voice portion of GR3_STR.IDX
503,0x1F8,0,0x452F8,0x45325,0x2297C000,92160,1,24000,0x800,0x800,6571,2,0x114A;0x114B,mono_battle_voice_candidate,STRONG,mono stream in the battle-voice portion of GR3_STR.IDX
504,0x1F9,0,0x45325,0x45339,0x22992800,40960,1,24000,0x800,0x800,2837,2,0x114C;0x114D,mono_battle_voice_candidate,STRONG,mono stream in the battle-voice portion of GR3_STR.IDX
505,0x1FA,0,0x45339,0x4534D,0x2299C800,40960,1,24000,0x800,0x800,2837,2,0x114E;0x114F,mono_battle_voice_candidate,STRONG,mono stream in the battle-voice portion of GR3_STR.IDX
506,0x1FB,0,0x4534D,0x45363,0x229A6800,45056,1,24000,0x800,0x800,3136,2,0x1150;0x1151,mono_battle_voice_candidate,STRONG,mono stream in the battle-voice portion of GR3_STR.IDX
507,0x1FC,0,0x45363,0x453AC,0x229B1800,149504,1,24000,0x800,0x800,10752,2,0x1152;0x1153,mono_battle_voice_candidate,STRONG,mono stream in the battle-voice portion of GR3_STR.IDX
508,0x1FD,0,0x453AC,0x453C0,0x229D6000,40960,1,24000,0x800,0x800,2837,2,0x1154;0x1155,mono_battle_voice_candidate,STRONG,mono stream in the battle-voice portion of GR3_STR.IDX
509,0x1FE,0,0x453C0,0x453D4,0x229E0000,40960,1,24000,0x800,0x800,2837,2,0x1156;0x1157,mono_battle_voice_candidate,STRONG,mono stream in the battle-voice portion of GR3_STR.IDX
510,0x1FF,0,0x453D4,0x453E8,0x229EA000,40960,1,24000,0x800,0x800,2837,2,0x1158;0x1159,mono_battle_voice_candidate,STRONG,mono stream in the battle-voice portion of GR3_STR.IDX
511,0x200,0,0x453E8,0x453FC,0x229F4000,40960,1,24000,0x800,0x800,2837,2,0x115A;0x115B,mono_battle_voice_candidate,STRONG,mono stream in the battle-voice portion of GR3_STR.IDX
512,0x201,0,0x453FC,0x45410,0x229FE000,40960,1,24000,0x800,0x800,2837,2,0x115C;0x115D,mono_battle_voice_candidate,STRONG,mono stream in the battle-voice portion of GR3_STR.IDX
513,0x202,0,0x45410,0x45424,0x22A08000,40960,1,24000,0x800,0x800,2837,2,0x115E;0x115F,mono_battle_voice_candidate,STRONG,mono stream in the battle-voice portion of GR3_STR.IDX
514,0x203,0,0x45424,0x4543E,0x22A12000,53248,1,24000,0x800,0x800,3733,2,0x1160;0x1161,mono_battle_voice_candidate,STRONG,mono stream in the battle-voice portion of GR3_STR.IDX
515,0x204,0,0x4543E,0x45459,0x22A1F000,55296,1,24000,0x800,0x800,3883,2,0x1162;0x1163,mono_battle_voice_candidate,STRONG,mono stream in the battle-voice portion of GR3_STR.IDX
516,0x205,0,0x45459,0x45475,0x22A2C800,57344,1,24000,0x800,0x800,4032,2,0x1164;0x1165,mono_battle_voice_candidate,STRONG,mono stream in the battle-voice portion of GR3_STR.IDX
517,0x206,0,0x45475,0x45493,0x22A3A800,61440,1,24000,0x800,0x800,4331,2,0x1166;0x1167,mono_battle_voice_candidate,STRONG,mono stream in the battle-voice portion of GR3_STR.IDX
518,0x207,0,0x45493,0x454B0,0x22A49800,59392,1,24000,0x800,0x800,4181,2,0x1168;0x1169,mono_battle_voice_candidate,STRONG,mono stream in the battle-voice portion of GR3_STR.IDX
519,0x208,0,0x454B0,0x454CA,0x22A58000,53248,1,24000,0x800,0x800,3733,2,0x116A;0x116B,mono_battle_voice_candidate,STRONG,mono stream in the battle-voice portion of GR3_STR.IDX
520,0x209,0,0x454CA,0x454E9,0x22A65000,63488,1,24000,0x800,0x800,4480,2,0x116C;0x116D,mono_battle_voice_candidate,STRONG,mono stream in the battle-voice portion of GR3_STR.IDX
521,0x20A,0,0x454E9,0x45501,0x22A74800,49152,1,24000,0x800,0x800,3435,2,0x116E;0x116F,mono_battle_voice_candidate,STRONG,mono stream in the battle-voice portion of GR3_STR.IDX
522,0x20B,0,0x45501,0x45521,0x22A80800,65536,1,24000,0x800,0x800,4629,2,0x1170;0x1171,mono_battle_voice_candidate,STRONG,mono stream in the battle-voice portion of GR3_STR.IDX
523,0x20C,0,0x45521,0x45535,0x22A90800,40960,1,24000,0x800,0x800,2837,2,0x1172;0x1173,mono_battle_voice_candidate,STRONG,mono stream in the battle-voice portion of GR3_STR.IDX
524,0x20D,0,0x45535,0x45558,0x22A9A800,71680,1,24000,0x800,0x800,5077,2,0x1174;0x1175,mono_battle_voice_candidate,STRONG,mono stream in the battle-voice portion of GR3_STR.IDX
525,0x20E,0,0x45558,0x4557E,0x22AAC000,77824,1,24000,0x800,0x800,5525,2,0x1176;0x1177,mono_battle_voice_candidate,STRONG,mono stream in the battle-voice portion of GR3_STR.IDX
526,0x20F,0,0x4557E,0x4559B,0x22ABF000,59392,1,24000,0x800,0x800,4181,2,0x1178;0x1179,mono_battle_voice_candidate,STRONG,mono stream in the battle-voice portion of GR3_STR.IDX
527,0x210,0,0x4559B,0x455AF,0x22ACD800,40960,1,24000,0x800,0x800,2837,2,0x117A;0x117B,mono_battle_voice_candidate,STRONG,mono stream in the battle-voice portion of GR3_STR.IDX
528,0x211,0,0x455AF,0x455D1,0x22AD7800,69632,1,24000,0x800,0x800,4928,2,0x117C;0x117D,mono_battle_voice_candidate,STRONG,mono stream in the battle-voice portion of GR3_STR.IDX
529,0x212,0,0x455D1,0x455EE,0x22AE8800,59392,1,24000,0x800,0x800,4181,2,0x117E;0x117F,mono_battle_voice_candidate,STRONG,mono stream in the battle-voice portion of GR3_STR.IDX
530,0x213,0,0x455EE,0x45614,0x22AF7000,77824,1,24000,0x800,0x800,5525,2,0x1180;0x1181,mono_battle_voice_candidate,STRONG,mono stream in the battle-voice portion of GR3_STR.IDX
531,0x214,0,0x45614,0x45629,0x22B0A000,43008,1,24000,0x800,0x800,2987,2,0x1182;0x1183,mono_battle_voice_candidate,STRONG,mono stream in the battle-voice portion of GR3_STR.IDX
532,0x215,0,0x45629,0x45644,0x22B14800,55296,1,24000,0x800,0x800,3883,2,0x1184;0x1185,mono_battle_voice_candidate,STRONG,mono stream in the battle-voice portion of GR3_STR.IDX
533,0x216,0,0x45644,0x4565E,0x22B22000,53248,1,24000,0x800,0x800,3733,2,0x1186;0x1187,mono_battle_voice_candidate,STRONG,mono stream in the battle-voice portion of GR3_STR.IDX
534,0x217,0,0x4565E,0x45683,0x22B2F000,75776,1,24000,0x800,0x800,5376,2,0x1188;0x1189,mono_battle_voice_candidate,STRONG,mono stream in the battle-voice portion of GR3_STR.IDX
535,0x218,0,0x45683,0x456A9,0x22B41800,77824,1,24000,0x800,0x800,5525,2,0x118A;0x118B,mono_battle_voice_candidate,STRONG,mono stream in the battle-voice portion of GR3_STR.IDX
536,0x219,0,0x456A9,0x456C9,0x22B54800,65536,1,24000,0x800,0x800,4629,2,0x118C;0x118D,mono_battle_voice_candidate,STRONG,mono stream in the battle-voice portion of GR3_STR.IDX
537,0x21A,0,0x456C9,0x456F6,0x22B64800,92160,1,24000,0x800,0x800,6571,2,0x118E;0x118F,mono_battle_voice_candidate,STRONG,mono stream in the battle-voice portion of GR3_STR.IDX
538,0x21B,0,0x456F6,0x4571A,0x22B7B000,73728,1,24000,0x800,0x800,5227,2,0x1190;0x1191,mono_battle_voice_candidate,STRONG,mono stream in the battle-voice portion of GR3_STR.IDX
539,0x21C,0,0x4571A,0x45732,0x22B8D000,49152,1,24000,0x800,0x800,3435,2,0x1192;0x1193,mono_battle_voice_candidate,STRONG,mono stream in the battle-voice portion of GR3_STR.IDX
540,0x21D,0,0x45732,0x45750,0x22B99000,61440,1,24000,0x800,0x800,4331,2,0x1194;0x1195,mono_battle_voice_candidate,STRONG,mono stream in the battle-voice portion of GR3_STR.IDX
541,0x21E,0,0x45750,0x45768,0x22BA8000,49152,1,24000,0x800,0x800,3435,2,0x1196;0x1197,mono_battle_voice_candidate,STRONG,mono stream in the battle-voice portion of GR3_STR.IDX
542,0x21F,0,0x45768,0x45784,0x22BB4000,57344,1,24000,0x800,0x800,4032,2,0x1198;0x1199,mono_battle_voice_candidate,STRONG,mono stream in the battle-voice portion of GR3_STR.IDX
543,0x220,0,0x45784,0x457AA,0x22BC2000,77824,1,24000,0x800,0x800,5525,2,0x119A;0x119B,mono_battle_voice_candidate,STRONG,mono stream in the battle-voice portion of GR3_STR.IDX
544,0x221,0,0x457AA,0x457CB,0x22BD5000,67584,1,24000,0x800,0x800,4779,2,0x119C;0x119D,mono_battle_voice_candidate,STRONG,mono stream in the battle-voice portion of GR3_STR.IDX
545,0x222,0,0x457CB,0x457F3,0x22BE5800,81920,1,24000,0x800,0x800,5824,2,0x119E;0x119F,mono_battle_voice_candidate,STRONG,mono stream in the battle-voice portion of GR3_STR.IDX
546,0x223,0,0x457F3,0x45810,0x22BF9800,59392,1,24000,0x800,0x800,4181,2,0x11A0;0x11A1,mono_battle_voice_candidate,STRONG,mono stream in the battle-voice portion of GR3_STR.IDX
547,0x224,0,0x45810,0x4582F,0x22C08000,63488,1,24000,0x800,0x800,4480,2,0x11A2;0x11A3,mono_battle_voice_candidate,STRONG,mono stream in the battle-voice portion of GR3_STR.IDX
548,0x225,0,0x4582F,0x4584F,0x22C17800,65536,1,24000,0x800,0x800,4629,2,0x11A4;0x11A5,mono_battle_voice_candidate,STRONG,mono stream in the battle-voice portion of GR3_STR.IDX
549,0x226,0,0x4584F,0x45873,0x22C27800,73728,1,24000,0x800,0x800,5227,2,0x11A6;0x11A7,mono_battle_voice_candidate,STRONG,mono stream in the battle-voice portion of GR3_STR.IDX
550,0x227,0,0x45873,0x45894,0x22C39800,67584,1,24000,0x800,0x800,4779,2,0x11A8;0x11A9,mono_battle_voice_candidate,STRONG,mono stream in the battle-voice portion of GR3_STR.IDX
551,0x228,0,0x45894,0x458AE,0x22C4A000,53248,1,24000,0x800,0x800,3733,2,0x11AA;0x11AB,mono_battle_voice_candidate,STRONG,mono stream in the battle-voice portion of GR3_STR.IDX
552,0x229,0,0x458AE,0x458C5,0x22C57000,47104,1,24000,0x800,0x800,3285,2,0x11AC;0x11AD,mono_battle_voice_candidate,STRONG,mono stream in the battle-voice portion of GR3_STR.IDX
553,0x22A,0,0x458C5,0x458E8,0x22C62800,71680,1,24000,0x800,0x800,5077,2,0x11AE;0x11AF,mono_battle_voice_candidate,STRONG,mono stream in the battle-voice portion of GR3_STR.IDX
554,0x22B,0,0x458E8,0x458FF,0x22C74000,47104,1,24000,0x800,0x800,3285,2,0x11B0;0x11B1,mono_battle_voice_candidate,STRONG,mono stream in the battle-voice portion of GR3_STR.IDX
555,0x22C,0,0x458FF,0x45913,0x22C7F800,40960,1,24000,0x800,0x800,2837,2,0x11B2;0x11B3,mono_battle_voice_candidate,STRONG,mono stream in the battle-voice portion of GR3_STR.IDX
556,0x22D,0,0x45913,0x4592D,0x22C89800,53248,1,24000,0x800,0x800,3733,2,0x11B4;0x11B5,mono_battle_voice_candidate,STRONG,mono stream in the battle-voice portion of GR3_STR.IDX
557,0x22E,0,0x4592D,0x45941,0x22C96800,40960,1,24000,0x800,0x800,2837,2,0x11B6;0x11B7,mono_battle_voice_candidate,STRONG,mono stream in the battle-voice portion of GR3_STR.IDX
558,0x22F,0,0x45941,0x45955,0x22CA0800,40960,1,24000,0x800,0x800,2837,2,0x11B8;0x11B9,mono_battle_voice_candidate,STRONG,mono stream in the battle-voice portion of GR3_STR.IDX
559,0x230,0,0x45955,0x45969,0x22CAA800,40960,1,24000,0x800,0x800,2837,2,0x11BA;0x11BB,mono_battle_voice_candidate,STRONG,mono stream in the battle-voice portion of GR3_STR.IDX
560,0x231,0,0x45969,0x4599C,0x22CB4800,104448,1,24000,0x800,0x800,7467,2,0x11BC;0x11BD,mono_battle_voice_candidate,STRONG,mono stream in the battle-voice portion of GR3_STR.IDX
561,0x232,0,0x4599C,0x459B0,0x22CCE000,40960,1,24000,0x800,0x800,2837,2,0x11BE;0x11BF,mono_battle_voice_candidate,STRONG,mono stream in the battle-voice portion of GR3_STR.IDX
562,0x233,0,0x459B0,0x459C4,0x22CD8000,40960,1,24000,0x800,0x800,2837,2,0x11C0;0x11C1,mono_battle_voice_candidate,STRONG,mono stream in the battle-voice portion of GR3_STR.IDX
563,0x234,0,0x459C4,0x459DB,0x22CE2000,47104,1,24000,0x800,0x800,3285,2,0x11C2;0x11C3,mono_battle_voice_candidate,STRONG,mono stream in the battle-voice portion of GR3_STR.IDX
564,0x235,0,0x459DB,0x459EF,0x22CED800,40960,1,24000,0x800,0x800,2837,2,0x11C4;0x11C5,mono_battle_voice_candidate,STRONG,mono stream in the battle-voice portion of GR3_STR.IDX
565,0x236,0,0x459EF,0x45A03,0x22CF7800,40960,1,24000,0x800,0x800,2837,2,0x11C6;0x11C7,mono_battle_voice_candidate,STRONG,mono stream in the battle-voice portion of GR3_STR.IDX
566,0x237,0,0x45A03,0x45A17,0x22D01800,40960,1,24000,0x800,0x800,2837,2,0x11C8;0x11C9,mono_battle_voice_candidate,STRONG,mono stream in the battle-voice portion of GR3_STR.IDX
567,0x238,0,0x45A17,0x45A37,0x22D0B800,65536,1,24000,0x800,0x800,4629,2,0x11CA;0x11CB,mono_battle_voice_candidate,STRONG,mono stream in the battle-voice portion of GR3_STR.IDX
568,0x239,0,0x45A37,0x45A56,0x22D1B800,63488,1,24000,0x800,0x800,4480,2,0x11CC;0x11CD,mono_battle_voice_candidate,STRONG,mono stream in the battle-voice portion of GR3_STR.IDX
569,0x23A,0,0x45A56,0x45A77,0x22D2B000,67584,1,24000,0x800,0x800,4779,2,0x11CE;0x11CF,mono_battle_voice_candidate,STRONG,mono stream in the battle-voice portion of GR3_STR.IDX
570,0x23B,0,0x45A77,0x45AA1,0x22D3B800,86016,1,24000,0x800,0x800,6123,2,0x11D0;0x11D1,mono_battle_voice_candidate,STRONG,mono stream in the battle-voice portion of GR3_STR.IDX
571,0x23C,0,0x45AA1,0x45ACC,0x22D50800,88064,1,24000,0x800,0x800,6272,2,0x11D2;0x11D3,mono_battle_voice_candidate,STRONG,mono stream in the battle-voice portion of GR3_STR.IDX
572,0x23D,0,0x45ACC,0x45AF7,0x22D66000,88064,1,24000,0x800,0x800,6272,2,0x11D4;0x11D5,mono_battle_voice_candidate,STRONG,mono stream in the battle-voice portion of GR3_STR.IDX
573,0x23E,0,0x45AF7,0x45B23,0x22D7B800,90112,1,24000,0x800,0x800,6421,2,0x11D6;0x11D7,mono_battle_voice_candidate,STRONG,mono stream in the battle-voice portion of GR3_STR.IDX
574,0x23F,0,0x45B23,0x45B51,0x22D91800,94208,1,24000,0x800,0x800,6720,2,0x11D8;0x11D9,mono_battle_voice_candidate,STRONG,mono stream in the battle-voice portion of GR3_STR.IDX
575,0x240,0,0x45B51,0x45B75,0x22DA8800,73728,1,24000,0x800,0x800,5227,2,0x11DA;0x11DB,mono_battle_voice_candidate,STRONG,mono stream in the battle-voice portion of GR3_STR.IDX
576,0x241,0,0x45B75,0x45B96,0x22DBA800,67584,1,24000,0x800,0x800,4779,2,0x11DC;0x11DD,mono_battle_voice_candidate,STRONG,mono stream in the battle-voice portion of GR3_STR.IDX
577,0x242,0,0x45B96,0x45BBB,0x22DCB000,75776,1,24000,0x800,0x800,5376,2,0x11DE;0x11DF,mono_battle_voice_candidate,STRONG,mono stream in the battle-voice portion of GR3_STR.IDX
578,0x243,0,0x45BBB,0x45BE8,0x22DDD800,92160,1,24000,0x800,0x800,6571,2,0x11E0;0x11E1,mono_battle_voice_candidate,STRONG,mono stream in the battle-voice portion of GR3_STR.IDX
579,0x244,0,0x45BE8,0x45C0B,0x22DF4000,71680,1,24000,0x800,0x800,5077,2,0x11E2;0x11E3,mono_battle_voice_candidate,STRONG,mono stream in the battle-voice portion of GR3_STR.IDX
580,0x245,0,0x45C0B,0x45C2A,0x22E05800,63488,1,24000,0x800,0x800,4480,2,0x11E4;0x11E5,mono_battle_voice_candidate,STRONG,mono stream in the battle-voice portion of GR3_STR.IDX
581,0x246,0,0x45C2A,0x45C51,0x22E15000,79872,1,24000,0x800,0x800,5675,2,0x11E6;0x11E7,mono_battle_voice_candidate,STRONG,mono stream in the battle-voice portion of GR3_STR.IDX
582,0x247,0,0x45C51,0x45C78,0x22E28800,79872,1,24000,0x800,0x800,5675,2,0x11E8;0x11E9,mono_battle_voice_candidate,STRONG,mono stream in the battle-voice portion of GR3_STR.IDX
583,0x248,0,0x45C78,0x45C96,0x22E3C000,61440,1,24000,0x800,0x800,4331,2,0x11EA;0x11EB,mono_battle_voice_candidate,STRONG,mono stream in the battle-voice portion of GR3_STR.IDX
584,0x249,0,0x45C96,0x45CB6,0x22E4B000,65536,1,24000,0x800,0x800,4629,2,0x11EC;0x11ED,mono_battle_voice_candidate,STRONG,mono stream in the battle-voice portion of GR3_STR.IDX
585,0x24A,0,0x45CB6,0x45CDE,0x22E5B000,81920,1,24000,0x800,0x800,5824,2,0x11EE;0x11EF,mono_battle_voice_candidate,STRONG,mono stream in the battle-voice portion of GR3_STR.IDX
586,0x24B,0,0x45CDE,0x45D02,0x22E6F000,73728,1,24000,0x800,0x800,5227,2,0x11F0;0x11F1,mono_battle_voice_candidate,STRONG,mono stream in the battle-voice portion of GR3_STR.IDX
587,0x24C,0,0x45D02,0x45D2C,0x22E81000,86016,1,24000,0x800,0x800,6123,2,0x11F2;0x11F3,mono_battle_voice_candidate,STRONG,mono stream in the battle-voice portion of GR3_STR.IDX
588,0x24D,0,0x45D2C,0x45D56,0x22E96000,86016,1,24000,0x800,0x800,6123,2,0x11F4;0x11F5,mono_battle_voice_candidate,STRONG,mono stream in the battle-voice portion of GR3_STR.IDX
589,0x24E,0,0x45D56,0x45D81,0x22EAB000,88064,1,24000,0x800,0x800,6272,2,0x11F6;0x11F7,mono_battle_voice_candidate,STRONG,mono stream in the battle-voice portion of GR3_STR.IDX
590,0x24F,0,0x45D81,0x45DB0,0x22EC0800,96256,1,24000,0x800,0x800,6869,2,0x11F8;0x11F9,mono_battle_voice_candidate,STRONG,mono stream in the battle-voice portion of GR3_STR.IDX
591,0x250,0,0x45DB0,0x45DC4,0x22ED8000,40960,1,24000,0x800,0x800,2837,2,0x11FA;0x11FB,mono_battle_voice_candidate,STRONG,mono stream in the battle-voice portion of GR3_STR.IDX
592,0x251,0,0x45DC4,0x45DD8,0x22EE2000,40960,1,24000,0x800,0x800,2837,2,0x11FC;0x11FD,mono_battle_voice_candidate,STRONG,mono stream in the battle-voice portion of GR3_STR.IDX
593,0x252,0,0x45DD8,0x45DEC,0x22EEC000,40960,1,24000,0x800,0x800,2837,2,0x11FE;0x11FF,mono_battle_voice_candidate,STRONG,mono stream in the battle-voice portion of GR3_STR.IDX
594,0x253,0,0x45DEC,0x45E0A,0x22EF6000,61440,1,24000,0x800,0x800,4331,2,0x1200;0x1201,mono_battle_voice_candidate,STRONG,mono stream in the battle-voice portion of GR3_STR.IDX
595,0x254,0,0x45E0A,0x45E2A,0x22F05000,65536,1,24000,0x800,0x800,4629,2,0x1202;0x1203,mono_battle_voice_candidate,STRONG,mono stream in the battle-voice portion of GR3_STR.IDX
596,0x255,0,0x45E2A,0x45E44,0x22F15000,53248,1,24000,0x800,0x800,3733,2,0x1204;0x1205,mono_battle_voice_candidate,STRONG,mono stream in the battle-voice portion of GR3_STR.IDX
597,0x256,0,0x45E44,0x45E58,0x22F22000,40960,1,24000,0x800,0x800,2837,2,0x1206;0x1207,mono_battle_voice_candidate,STRONG,mono stream in the battle-voice portion of GR3_STR.IDX
598,0x257,0,0x45E58,0x45E74,0x22F2C000,57344,1,24000,0x800,0x800,4032,2,0x1208;0x1209,mono_battle_voice_candidate,STRONG,mono stream in the battle-voice portion of GR3_STR.IDX
599,0x258,0,0x45E74,0x45E93,0x22F3A000,63488,1,24000,0x800,0x800,4480,2,0x120A;0x120B,mono_battle_voice_candidate,STRONG,mono stream in the battle-voice portion of GR3_STR.IDX
600,0x259,0,0x45E93,0x45EAE,0x22F49800,55296,1,24000,0x800,0x800,3883,2,0x120C;0x120D,mono_battle_voice_candidate,STRONG,mono stream in the battle-voice portion of GR3_STR.IDX
601,0x25A,0,0x45EAE,0x45EC2,0x22F57000,40960,1,24000,0x800,0x800,2837,2,0x120E;0x120F,mono_battle_voice_candidate,STRONG,mono stream in the battle-voice portion of GR3_STR.IDX
602,0x25B,0,0x45EC2,0x45EDE,0x22F61000,57344,1,24000,0x800,0x800,4032,2,0x1210;0x1211,mono_battle_voice_candidate,STRONG,mono stream in the battle-voice portion of GR3_STR.IDX
603,0x25C,0,0x45EDE,0x45EF8,0x22F6F000,53248,1,24000,0x800,0x800,3733,2,0x1212;0x1213,mono_battle_voice_candidate,STRONG,mono stream in the battle-voice portion of GR3_STR.IDX
604,0x25D,0,0x45EF8,0x45F17,0x22F7C000,63488,1,24000,0x800,0x800,4480,2,0x1214;0x1215,mono_battle_voice_candidate,STRONG,mono stream in the battle-voice portion of GR3_STR.IDX
605,0x25E,0,0x45F17,0x45F36,0x22F8B800,63488,1,24000,0x800,0x800,4480,2,0x1216;0x1217,mono_battle_voice_candidate,STRONG,mono stream in the battle-voice portion of GR3_STR.IDX
606,0x25F,0,0x45F36,0x45F53,0x22F9B000,59392,1,24000,0x800,0x800,4181,2,0x1218;0x1219,mono_battle_voice_candidate,STRONG,mono stream in the battle-voice portion of GR3_STR.IDX
607,0x260,0,0x45F53,0x45F79,0x22FA9800,77824,1,24000,0x800,0x800,5525,2,0x121A;0x121B,mono_battle_voice_candidate,STRONG,mono stream in the battle-voice portion of GR3_STR.IDX
608,0x261,0,0x45F79,0x45F8E,0x22FBC800,43008,1,24000,0x800,0x800,2987,2,0x121C;0x121D,mono_battle_voice_candidate,STRONG,mono stream in the battle-voice portion of GR3_STR.IDX
609,0x262,0,0x45F8E,0x45FA2,0x22FC7000,40960,1,24000,0x800,0x800,2837,2,0x121E;0x121F,mono_battle_voice_candidate,STRONG,mono stream in the battle-voice portion of GR3_STR.IDX
610,0x263,0,0x45FA2,0x45FBB,0x22FD1000,51200,1,24000,0x800,0x800,3584,2,0x1220;0x1221,mono_battle_voice_candidate,STRONG,mono stream in the battle-voice portion of GR3_STR.IDX
611,0x264,0,0x45FBB,0x45FCF,0x22FDD800,40960,1,24000,0x800,0x800,2837,2,0x1222;0x1223,mono_battle_voice_candidate,STRONG,mono stream in the battle-voice portion of GR3_STR.IDX
612,0x265,0,0x45FCF,0x45FE3,0x22FE7800,40960,1,24000,0x800,0x800,2837,2,0x1224;0x1225,mono_battle_voice_candidate,STRONG,mono stream in the battle-voice portion of GR3_STR.IDX
613,0x266,0,0x45FE3,0x45FF7,0x22FF1800,40960,1,24000,0x800,0x800,2837,2,0x1226;0x1227,mono_battle_voice_candidate,STRONG,mono stream in the battle-voice portion of GR3_STR.IDX
614,0x267,0,0x45FF7,0x4604D,0x22FFB800,176128,1,24000,0x800,0x800,12693,2,0x1228;0x1229,mono_battle_voice_candidate,STRONG,mono stream in the battle-voice portion of GR3_STR.IDX
615,0x268,0,0x4604D,0x46061,0x23026800,40960,1,24000,0x800,0x800,2837,2,0x12C0;0x12C1,mono_battle_voice_candidate,STRONG,mono stream in the battle-voice portion of GR3_STR.IDX
616,0x269,0,0x46061,0x46080,0x23030800,63488,1,24000,0x800,0x800,4480,2,0x12C2;0x12C3,mono_battle_voice_candidate,STRONG,mono stream in the battle-voice portion of GR3_STR.IDX
617,0x26A,0,0x46080,0x460A3,0x23040000,71680,1,24000,0x800,0x800,5077,2,0x12C4;0x12C5,mono_battle_voice_candidate,STRONG,mono stream in the battle-voice portion of GR3_STR.IDX
618,0x26B,0,0x460A3,0x460BC,0x23051800,51200,1,24000,0x800,0x800,3584,2,0x12C6;0x12C7,mono_battle_voice_candidate,STRONG,mono stream in the battle-voice portion of GR3_STR.IDX
619,0x26C,0,0x460BC,0x460E2,0x2305E000,77824,1,24000,0x800,0x800,5525,2,0x12C8;0x12C9,mono_battle_voice_candidate,STRONG,mono stream in the battle-voice portion of GR3_STR.IDX
620,0x26D,0,0x460E2,0x46101,0x23071000,63488,1,24000,0x800,0x800,4480,2,0x12CA;0x12CB,mono_battle_voice_candidate,STRONG,mono stream in the battle-voice portion of GR3_STR.IDX
621,0x26E,0,0x46101,0x46118,0x23080800,47104,1,24000,0x800,0x800,3285,2,0x12CC;0x12CD,mono_battle_voice_candidate,STRONG,mono stream in the battle-voice portion of GR3_STR.IDX
622,0x26F,0,0x46118,0x4612C,0x2308C000,40960,1,24000,0x800,0x800,2837,2,0x12CE;0x12CF,mono_battle_voice_candidate,STRONG,mono stream in the battle-voice portion of GR3_STR.IDX
623,0x270,0,0x4612C,0x46152,0x23096000,77824,1,24000,0x800,0x800,5525,2,0x12D0;0x12D1,mono_battle_voice_candidate,STRONG,mono stream in the battle-voice portion of GR3_STR.IDX
624,0x271,0,0x46152,0x4618E,0x230A9000,122880,1,24000,0x800,0x800,8811,2,0x12D2;0x12D3,mono_battle_voice_candidate,STRONG,mono stream in the battle-voice portion of GR3_STR.IDX
625,0x272,0,0x4618E,0x461A2,0x230C7000,40960,1,24000,0x800,0x800,2837,2,0x12D4;0x12D5,mono_battle_voice_candidate,STRONG,mono stream in the battle-voice portion of GR3_STR.IDX
626,0x273,0,0x461A2,0x461B6,0x230D1000,40960,1,24000,0x800,0x800,2837,2,0x12D6;0x12D7,mono_battle_voice_candidate,STRONG,mono stream in the battle-voice portion of GR3_STR.IDX
627,0x274,0,0x461B6,0x461CD,0x230DB000,47104,1,24000,0x800,0x800,3285,2,0x12D8;0x12D9,mono_battle_voice_candidate,STRONG,mono stream in the battle-voice portion of GR3_STR.IDX
628,0x275,0,0x461CD,0x461E2,0x230E6800,43008,1,24000,0x800,0x800,2987,2,0x12DA;0x12DB,mono_battle_voice_candidate,STRONG,mono stream in the battle-voice portion of GR3_STR.IDX
629,0x276,0,0x461E2,0x461F7,0x230F1000,43008,1,24000,0x800,0x800,2987,2,0x12DC;0x12DD,mono_battle_voice_candidate,STRONG,mono stream in the battle-voice portion of GR3_STR.IDX
630,0x277,0,0x461F7,0x4620B,0x230FB800,40960,1,24000,0x800,0x800,2837,2,0x12DE;0x12DF,mono_battle_voice_candidate,STRONG,mono stream in the battle-voice portion of GR3_STR.IDX
631,0x278,0,0x4620B,0x4621F,0x23105800,40960,1,24000,0x800,0x800,2837,2,0x12E0;0x12E1,mono_battle_voice_candidate,STRONG,mono stream in the battle-voice portion of GR3_STR.IDX
632,0x279,0,0x4621F,0x46233,0x2310F800,40960,1,24000,0x800,0x800,2837,2,0x12E2;0x12E3,mono_battle_voice_candidate,STRONG,mono stream in the battle-voice portion of GR3_STR.IDX
633,0x27A,0,0x46233,0x46248,0x23119800,43008,1,24000,0x800,0x800,2987,2,0x12E4;0x12E5,mono_battle_voice_candidate,STRONG,mono stream in the battle-voice portion of GR3_STR.IDX
634,0x27B,0,0x46248,0x462C3,0x23124000,251904,1,24000,0x800,0x800,18219,2,0x12E6;0x12E7,mono_battle_voice_candidate,STRONG,mono stream in the battle-voice portion of GR3_STR.IDX
635,0x27C,0,0x462C3,0x462D7,0x23161800,40960,1,24000,0x800,0x800,2837,2,0x12E8;0x12E9,mono_battle_voice_candidate,STRONG,mono stream in the battle-voice portion of GR3_STR.IDX
636,0x27D,0,0x462D7,0x462EB,0x2316B800,40960,1,24000,0x800,0x800,2837,2,0x12EA;0x12EB,mono_battle_voice_candidate,STRONG,mono stream in the battle-voice portion of GR3_STR.IDX
637,0x27E,0,0x462EB,0x462FF,0x23175800,40960,1,24000,0x800,0x800,2837,2,0x12EC;0x12ED,mono_battle_voice_candidate,STRONG,mono stream in the battle-voice portion of GR3_STR.IDX
638,0x27F,0,0x462FF,0x4631C,0x2317F800,59392,1,24000,0x800,0x800,4181,2,0x12EE;0x12EF,mono_battle_voice_candidate,STRONG,mono stream in the battle-voice portion of GR3_STR.IDX
639,0x280,0,0x4631C,0x46330,0x2318E000,40960,1,24000,0x800,0x800,2837,2,0x12F0;0x12F1,mono_battle_voice_candidate,STRONG,mono stream in the battle-voice portion of GR3_STR.IDX
640,0x281,0,0x46330,0x46344,0x23198000,40960,1,24000,0x800,0x800,2837,2,0x12F2;0x12F3,mono_battle_voice_candidate,STRONG,mono stream in the battle-voice portion of GR3_STR.IDX
641,0x282,0,0x46344,0x46364,0x231A2000,65536,1,24000,0x800,0x800,4629,2,0x12F4;0x12F5,mono_battle_voice_candidate,STRONG,mono stream in the battle-voice portion of GR3_STR.IDX
642,0x283,0,0x46364,0x4637E,0x231B2000,53248,1,24000,0x800,0x800,3733,2,0x12F6;0x12F7,mono_battle_voice_candidate,STRONG,mono stream in the battle-voice portion of GR3_STR.IDX
643,0x284,0,0x4637E,0x463B0,0x231BF000,102400,1,24000,0x800,0x800,7317,2,0x12F8;0x12F9,mono_battle_voice_candidate,STRONG,mono stream in the battle-voice portion of GR3_STR.IDX
644,0x285,0,0x463B0,0x463FC,0x231D8000,155648,1,24000,0x800,0x800,11200,2,0x12FA;0x12FB,mono_battle_voice_candidate,STRONG,mono stream in the battle-voice portion of GR3_STR.IDX
645,0x286,0,0x463FC,0x46410,0x231FE000,40960,1,24000,0x800,0x800,2837,2,0x12FC;0x12FD,mono_battle_voice_candidate,STRONG,mono stream in the battle-voice portion of GR3_STR.IDX
646,0x287,0,0x46410,0x46429,0x23208000,51200,1,24000,0x800,0x800,3584,2,0x12FE;0x12FF,mono_battle_voice_candidate,STRONG,mono stream in the battle-voice portion of GR3_STR.IDX
647,0x288,0,0x46429,0x46447,0x23214800,61440,1,24000,0x800,0x800,4331,2,0x1300;0x1301,mono_battle_voice_candidate,STRONG,mono stream in the battle-voice portion of GR3_STR.IDX
648,0x289,0,0x46447,0x4645B,0x23223800,40960,1,24000,0x800,0x800,2837,2,0x1302;0x1303,mono_battle_voice_candidate,STRONG,mono stream in the battle-voice portion of GR3_STR.IDX
649,0x28A,0,0x4645B,0x46477,0x2322D800,57344,1,24000,0x800,0x800,4032,2,0x1304;0x1305,mono_battle_voice_candidate,STRONG,mono stream in the battle-voice portion of GR3_STR.IDX
650,0x28B,0,0x46477,0x46497,0x2323B800,65536,1,24000,0x800,0x800,4629,2,0x1306;0x1307,mono_battle_voice_candidate,STRONG,mono stream in the battle-voice portion of GR3_STR.IDX
651,0x28C,0,0x46497,0x464AC,0x2324B800,43008,1,24000,0x800,0x800,2987,2,0x1308;0x1309,mono_battle_voice_candidate,STRONG,mono stream in the battle-voice portion of GR3_STR.IDX
652,0x28D,0,0x464AC,0x464D6,0x23256000,86016,1,24000,0x800,0x800,6123,2,0x130A;0x130B,mono_battle_voice_candidate,STRONG,mono stream in the battle-voice portion of GR3_STR.IDX
653,0x28E,0,0x464D6,0x46533,0x2326B000,190464,1,24000,0x800,0x800,13739,2,0x130C;0x130D,mono_battle_voice_candidate,STRONG,mono stream in the battle-voice portion of GR3_STR.IDX
654,0x28F,0,0x46533,0x465F1,0x23299800,389120,1,24000,0x800,0x800,28224,2,0x130E;0x130F,mono_battle_voice_candidate,STRONG,mono stream in the battle-voice portion of GR3_STR.IDX
655,0x290,0,0x465F1,0x46637,0x232F8800,143360,1,24000,0x800,0x800,10304,2,0x1310;0x1311,mono_battle_voice_candidate,STRONG,mono stream in the battle-voice portion of GR3_STR.IDX
656,0x291,0,0x46637,0x4667B,0x2331B800,139264,1,22050,0x800,0x800,10890,2,0x1312;0x1313,mono_battle_voice_candidate,STRONG,mono stream in the battle-voice portion of GR3_STR.IDX
657,0x292,0,0x4667B,0x466B0,0x2333D800,108544,1,24000,0x800,0x800,7765,2,0x1314;0x1315,mono_battle_voice_candidate,STRONG,mono stream in the battle-voice portion of GR3_STR.IDX
658,0x293,0,0x466B0,0x466D4,0x23358000,73728,1,24000,0x800,0x800,5227,2,0x1316;0x1317,mono_battle_voice_candidate,STRONG,mono stream in the battle-voice portion of GR3_STR.IDX
659,0x294,0,0x466D4,0x466F8,0x2336A000,73728,1,24000,0x800,0x800,5227,2,0x1318;0x1319,mono_battle_voice_candidate,STRONG,mono stream in the battle-voice portion of GR3_STR.IDX
660,0x295,0,0x466F8,0x4672A,0x2337C000,102400,1,24000,0x800,0x800,7317,2,0x131A;0x131B,mono_battle_voice_candidate,STRONG,mono stream in the battle-voice portion of GR3_STR.IDX
661,0x296,0,0x4672A,0x467DF,0x23395000,370688,1,24000,0x800,0x800,26880,2,0x131C;0x131D,mono_battle_voice_candidate,STRONG,mono stream in the battle-voice portion of GR3_STR.IDX
662,0x297,0,0x467DF,0x46851,0x233EF800,233472,1,22050,0x800,0x800,18367,2,0x131E;0x131F,mono_battle_voice_candidate,STRONG,mono stream in the battle-voice portion of GR3_STR.IDX
663,0x298,0,0x46851,0x46865,0x23428800,40960,1,24000,0x800,0x800,2837,2,0x1320;0x1321,mono_battle_voice_candidate,STRONG,mono stream in the battle-voice portion of GR3_STR.IDX
664,0x299,0,0x46865,0x46879,0x23432800,40960,1,22050,0x800,0x800,3088,2,0x137A;0x137B,mono_battle_voice_candidate,STRONG,mono stream in the battle-voice portion of GR3_STR.IDX
665,0x29A,0,0x46879,0x4688D,0x2343C800,40960,1,22050,0x800,0x800,3088,2,0x137C;0x137D,mono_battle_voice_candidate,STRONG,mono stream in the battle-voice portion of GR3_STR.IDX
666,0x29B,0,0x4688D,0x468A1,0x23446800,40960,1,22050,0x800,0x800,3088,2,0x137E;0x137F,mono_battle_voice_candidate,STRONG,mono stream in the battle-voice portion of GR3_STR.IDX
667,0x29C,0,0x468A1,0x468B5,0x23450800,40960,1,22050,0x800,0x800,3088,2,0x1380;0x1381,mono_battle_voice_candidate,STRONG,mono stream in the battle-voice portion of GR3_STR.IDX
668,0x29D,0,0x468B5,0x468C9,0x2345A800,40960,1,24000,0x800,0x800,2837,2,0x1382;0x1383,mono_battle_voice_candidate,STRONG,mono stream in the battle-voice portion of GR3_STR.IDX
669,0x29E,0,0x468C9,0x468DD,0x23464800,40960,1,24000,0x800,0x800,2837,2,0x1384;0x1385,mono_battle_voice_candidate,STRONG,mono stream in the battle-voice portion of GR3_STR.IDX
670,0x29F,0,0x468DD,0x468F1,0x2346E800,40960,1,24000,0x800,0x800,2837,2,0x1386;0x1387,mono_battle_voice_candidate,STRONG,mono stream in the battle-voice portion of GR3_STR.IDX
671,0xAA0,1,0x468F1,0x46978,0x23478800,276480,1,48000,0x800,0x800,10005,0,,mono_battle_voice_candidate,STRONG,mono stream in the battle-voice portion of GR3_STR.IDX
