id,category,sub_category,source_file,inner_file,record_id,scene_id,string_index,original_offset,pointer_offset,jp_raw_hex,jp_text,kr_text,kr_encoded_hex,speaker,control_codes,status,game_verified,translator_note,review_note
FIELD_RESOURCE_00000200_R00740000_M6000_0001,SCENARIO,field_resource_message,DATA/00000200.MDZ,DATA/00000200.MDT,0x00740000,00000200,0,0x001562ad,0x001562a8,21 08 12 00 61 69 48 66 69 7f 9b f1 5f f0 d6 f0 8a 92 08 21 0d ff 00,"<G0001>
<CTRL:12><CTRL:00><G0041>P・MPが全回復した
<G0001>","<G0001>
<CTRL:12><CTRL:00>HP·MP가 모두 회복됐다
<G0001>",41 08 12 00 61 69 48 66 69 6A 20 D2 AA 20 EC 20 F0 3B F8 92 08 41 0D FF 00,,"[{""offset"": -5, ""raw_hex"": ""80 0e 00 00 00"", ""kind"": ""MESSAGE_HEADER"", ""opcode"": 128, ""argument"": 0}, {""offset"": 1, ""raw_hex"": ""08"", ""kind"": ""LINE_BREAK""}, {""offset"": 2, ""raw_hex"": ""12"", ""kind"": ""UNKNOWN_CONTROL""}, {""offset"": 3, ""raw_hex"": ""00"", ""kind"": ""UNKNOWN_CONTROL""}, {""offset"": 18, ""raw_hex"": ""08"", ""kind"": ""LINE_BREAK""}, {""offset"": 20, ""raw_hex"": ""0d ff 00"", ""kind"": ""MESSAGE_END""}]",REVIEW_1,NO,필드 안내 런타임 신고 및 0x4000/0x6000 전수 조사 반영.,PROVEN: scenario field/tutorial message; member_type=0x6000.
FIELD_RESOURCE_00000200_R00740000_M6000_0002,SCENARIO,field_resource_message,DATA/00000200.MDZ,DATA/00000200.MDT,0x00740000,00000200,1,0x0015637f,0x0015637a,21 08 12 00 61 69 48 66 69 7f 9b f1 5f f0 d6 f0 8a 92 08 21 0d ff 00,"<G0001>
<CTRL:12><CTRL:00><G0041>P・MPが全回復した
<G0001>","<G0001>
<CTRL:12><CTRL:00>HP·MP가 모두 회복됐다
<G0001>",41 08 12 00 61 69 48 66 69 6A 20 D2 AA 20 EC 20 F0 3B F8 92 08 41 0D FF 00,,"[{""offset"": -5, ""raw_hex"": ""80 0e 00 00 00"", ""kind"": ""MESSAGE_HEADER"", ""opcode"": 128, ""argument"": 0}, {""offset"": 1, ""raw_hex"": ""08"", ""kind"": ""LINE_BREAK""}, {""offset"": 2, ""raw_hex"": ""12"", ""kind"": ""UNKNOWN_CONTROL""}, {""offset"": 3, ""raw_hex"": ""00"", ""kind"": ""UNKNOWN_CONTROL""}, {""offset"": 18, ""raw_hex"": ""08"", ""kind"": ""LINE_BREAK""}, {""offset"": 20, ""raw_hex"": ""0d ff 00"", ""kind"": ""MESSAGE_END""}]",REVIEW_1,NO,필드 안내 런타임 신고 및 0x4000/0x6000 전수 조사 반영.,PROVEN: scenario field/tutorial message; member_type=0x6000.
FIELD_RESOURCE_00000201_R00740000_M6000_0001,SCENARIO,field_resource_message,DATA/00000201.MDZ,DATA/00000201.MDT,0x00740000,00000201,2,0x001769ad,0x001769a8,21 08 12 00 61 69 48 66 69 7f 9b f1 5f f0 d6 f0 8a 92 08 21 0d ff 00,"<G0001>
<CTRL:12><CTRL:00><G0041>P・MPが全回復した
<G0001>","<G0001>
<CTRL:12><CTRL:00>HP·MP가 모두 회복됐다
<G0001>",41 08 12 00 61 69 48 66 69 6A 20 D2 AA 20 EC 20 F0 3B F8 92 08 41 0D FF 00,,"[{""offset"": -5, ""raw_hex"": ""80 0e 00 00 00"", ""kind"": ""MESSAGE_HEADER"", ""opcode"": 128, ""argument"": 0}, {""offset"": 1, ""raw_hex"": ""08"", ""kind"": ""LINE_BREAK""}, {""offset"": 2, ""raw_hex"": ""12"", ""kind"": ""UNKNOWN_CONTROL""}, {""offset"": 3, ""raw_hex"": ""00"", ""kind"": ""UNKNOWN_CONTROL""}, {""offset"": 18, ""raw_hex"": ""08"", ""kind"": ""LINE_BREAK""}, {""offset"": 20, ""raw_hex"": ""0d ff 00"", ""kind"": ""MESSAGE_END""}]",REVIEW_1,NO,필드 안내 런타임 신고 및 0x4000/0x6000 전수 조사 반영.,PROVEN: scenario field/tutorial message; member_type=0x6000.
FIELD_RESOURCE_00000201_R00740000_M6000_0002,SCENARIO,field_resource_message,DATA/00000201.MDZ,DATA/00000201.MDT,0x00740000,00000201,3,0x00176a7f,0x00176a7a,21 08 12 00 61 69 48 66 69 7f 9b f1 5f f0 d6 f0 8a 92 08 21 0d ff 00,"<G0001>
<CTRL:12><CTRL:00><G0041>P・MPが全回復した
<G0001>","<G0001>
<CTRL:12><CTRL:00>HP·MP가 모두 회복됐다
<G0001>",41 08 12 00 61 69 48 66 69 6A 20 D2 AA 20 EC 20 F0 3B F8 92 08 41 0D FF 00,,"[{""offset"": -5, ""raw_hex"": ""80 0e 00 00 00"", ""kind"": ""MESSAGE_HEADER"", ""opcode"": 128, ""argument"": 0}, {""offset"": 1, ""raw_hex"": ""08"", ""kind"": ""LINE_BREAK""}, {""offset"": 2, ""raw_hex"": ""12"", ""kind"": ""UNKNOWN_CONTROL""}, {""offset"": 3, ""raw_hex"": ""00"", ""kind"": ""UNKNOWN_CONTROL""}, {""offset"": 18, ""raw_hex"": ""08"", ""kind"": ""LINE_BREAK""}, {""offset"": 20, ""raw_hex"": ""0d ff 00"", ""kind"": ""MESSAGE_END""}]",REVIEW_1,NO,필드 안내 런타임 신고 및 0x4000/0x6000 전수 조사 반영.,PROVEN: scenario field/tutorial message; member_type=0x6000.
FIELD_RESOURCE_00008000_R00740000_M6000_0001,SCENARIO,field_resource_message,DATA/00008000.MDZ,DATA/00008000.MDT,0x00740000,00008000,4,0x000493cd,0x000493c8,21 08 12 00 61 69 48 66 69 7f 9b f1 5f f0 d6 f0 8a 92 08 21 0d ff 00,"<G0001>
<CTRL:12><CTRL:00><G0041>P・MPが全回復した
<G0001>","<G0001>
<CTRL:12><CTRL:00>HP·MP가 모두 회복됐다
<G0001>",41 08 12 00 61 69 48 66 69 6A 20 D2 AA 20 EC 20 F0 3B F8 92 08 41 0D FF 00,,"[{""offset"": -5, ""raw_hex"": ""80 0e 00 00 00"", ""kind"": ""MESSAGE_HEADER"", ""opcode"": 128, ""argument"": 0}, {""offset"": 1, ""raw_hex"": ""08"", ""kind"": ""LINE_BREAK""}, {""offset"": 2, ""raw_hex"": ""12"", ""kind"": ""UNKNOWN_CONTROL""}, {""offset"": 3, ""raw_hex"": ""00"", ""kind"": ""UNKNOWN_CONTROL""}, {""offset"": 18, ""raw_hex"": ""08"", ""kind"": ""LINE_BREAK""}, {""offset"": 20, ""raw_hex"": ""0d ff 00"", ""kind"": ""MESSAGE_END""}]",REVIEW_1,NO,필드 안내 런타임 신고 및 0x4000/0x6000 전수 조사 반영.,PROVEN: scenario field/tutorial message; member_type=0x6000.
FIELD_RESOURCE_00008000_R00740000_M6000_0002,SCENARIO,field_resource_message,DATA/00008000.MDZ,DATA/00008000.MDT,0x00740000,00008000,5,0x0004949f,0x0004949a,21 08 12 00 61 69 48 66 69 7f 9b f1 5f f0 d6 f0 8a 92 08 21 0d ff 00,"<G0001>
<CTRL:12><CTRL:00><G0041>P・MPが全回復した
<G0001>","<G0001>
<CTRL:12><CTRL:00>HP·MP가 모두 회복됐다
<G0001>",41 08 12 00 61 69 48 66 69 6A 20 D2 AA 20 EC 20 F0 3B F8 92 08 41 0D FF 00,,"[{""offset"": -5, ""raw_hex"": ""80 0e 00 00 00"", ""kind"": ""MESSAGE_HEADER"", ""opcode"": 128, ""argument"": 0}, {""offset"": 1, ""raw_hex"": ""08"", ""kind"": ""LINE_BREAK""}, {""offset"": 2, ""raw_hex"": ""12"", ""kind"": ""UNKNOWN_CONTROL""}, {""offset"": 3, ""raw_hex"": ""00"", ""kind"": ""UNKNOWN_CONTROL""}, {""offset"": 18, ""raw_hex"": ""08"", ""kind"": ""LINE_BREAK""}, {""offset"": 20, ""raw_hex"": ""0d ff 00"", ""kind"": ""MESSAGE_END""}]",REVIEW_1,NO,필드 안내 런타임 신고 및 0x4000/0x6000 전수 조사 반영.,PROVEN: scenario field/tutorial message; member_type=0x6000.
FIELD_RESOURCE_00030000_R00740000_M6000_0001,SCENARIO,field_resource_message,DATA/00030000.MDZ,DATA/00030000.MDT,0x00740000,00030000,6,0x008d0d5d,0x008d0d58,21 08 12 00 61 69 48 66 69 7f 9b f1 5f f0 d6 f0 8a 92 08 21 0d ff 00,"<G0001>
<CTRL:12><CTRL:00><G0041>P・MPが全回復した
<G0001>","<G0001>
<CTRL:12><CTRL:00>HP·MP가 모두 회복됐다
<G0001>",41 08 12 00 61 69 48 66 69 6A 20 D2 AA 20 EC 20 F0 3B F8 92 08 41 0D FF 00,,"[{""offset"": -5, ""raw_hex"": ""80 0e 00 00 00"", ""kind"": ""MESSAGE_HEADER"", ""opcode"": 128, ""argument"": 0}, {""offset"": 1, ""raw_hex"": ""08"", ""kind"": ""LINE_BREAK""}, {""offset"": 2, ""raw_hex"": ""12"", ""kind"": ""UNKNOWN_CONTROL""}, {""offset"": 3, ""raw_hex"": ""00"", ""kind"": ""UNKNOWN_CONTROL""}, {""offset"": 18, ""raw_hex"": ""08"", ""kind"": ""LINE_BREAK""}, {""offset"": 20, ""raw_hex"": ""0d ff 00"", ""kind"": ""MESSAGE_END""}]",REVIEW_1,NO,필드 안내 런타임 신고 및 0x4000/0x6000 전수 조사 반영.,PROVEN: scenario field/tutorial message; member_type=0x6000.
FIELD_RESOURCE_00030000_R00740000_M6000_0002,SCENARIO,field_resource_message,DATA/00030000.MDZ,DATA/00030000.MDT,0x00740000,00030000,7,0x008d0e2f,0x008d0e2a,21 08 12 00 61 69 48 66 69 7f 9b f1 5f f0 d6 f0 8a 92 08 21 0d ff 00,"<G0001>
<CTRL:12><CTRL:00><G0041>P・MPが全回復した
<G0001>","<G0001>
<CTRL:12><CTRL:00>HP·MP가 모두 회복됐다
<G0001>",41 08 12 00 61 69 48 66 69 6A 20 D2 AA 20 EC 20 F0 3B F8 92 08 41 0D FF 00,,"[{""offset"": -5, ""raw_hex"": ""80 0e 00 00 00"", ""kind"": ""MESSAGE_HEADER"", ""opcode"": 128, ""argument"": 0}, {""offset"": 1, ""raw_hex"": ""08"", ""kind"": ""LINE_BREAK""}, {""offset"": 2, ""raw_hex"": ""12"", ""kind"": ""UNKNOWN_CONTROL""}, {""offset"": 3, ""raw_hex"": ""00"", ""kind"": ""UNKNOWN_CONTROL""}, {""offset"": 18, ""raw_hex"": ""08"", ""kind"": ""LINE_BREAK""}, {""offset"": 20, ""raw_hex"": ""0d ff 00"", ""kind"": ""MESSAGE_END""}]",REVIEW_1,NO,필드 안내 런타임 신고 및 0x4000/0x6000 전수 조사 반영.,PROVEN: scenario field/tutorial message; member_type=0x6000.
FIELD_RESOURCE_00030100_R00740000_M6000_0001,SCENARIO,field_resource_message,DATA/00030100.MDZ,DATA/00030100.MDT,0x00740000,00030100,8,0x002a95dd,0x002a95d8,21 08 12 00 61 69 48 66 69 7f 9b f1 5f f0 d6 f0 8a 92 08 21 0d ff 00,"<G0001>
<CTRL:12><CTRL:00><G0041>P・MPが全回復した
<G0001>","<G0001>
<CTRL:12><CTRL:00>HP·MP가 모두 회복됐다
<G0001>",41 08 12 00 61 69 48 66 69 6A 20 D2 AA 20 EC 20 F0 3B F8 92 08 41 0D FF 00,,"[{""offset"": -5, ""raw_hex"": ""80 0e 00 00 00"", ""kind"": ""MESSAGE_HEADER"", ""opcode"": 128, ""argument"": 0}, {""offset"": 1, ""raw_hex"": ""08"", ""kind"": ""LINE_BREAK""}, {""offset"": 2, ""raw_hex"": ""12"", ""kind"": ""UNKNOWN_CONTROL""}, {""offset"": 3, ""raw_hex"": ""00"", ""kind"": ""UNKNOWN_CONTROL""}, {""offset"": 18, ""raw_hex"": ""08"", ""kind"": ""LINE_BREAK""}, {""offset"": 20, ""raw_hex"": ""0d ff 00"", ""kind"": ""MESSAGE_END""}]",REVIEW_1,NO,필드 안내 런타임 신고 및 0x4000/0x6000 전수 조사 반영.,PROVEN: scenario field/tutorial message; member_type=0x6000.
FIELD_RESOURCE_00030100_R00740000_M6000_0002,SCENARIO,field_resource_message,DATA/00030100.MDZ,DATA/00030100.MDT,0x00740000,00030100,9,0x002a96af,0x002a96aa,21 08 12 00 61 69 48 66 69 7f 9b f1 5f f0 d6 f0 8a 92 08 21 0d ff 00,"<G0001>
<CTRL:12><CTRL:00><G0041>P・MPが全回復した
<G0001>","<G0001>
<CTRL:12><CTRL:00>HP·MP가 모두 회복됐다
<G0001>",41 08 12 00 61 69 48 66 69 6A 20 D2 AA 20 EC 20 F0 3B F8 92 08 41 0D FF 00,,"[{""offset"": -5, ""raw_hex"": ""80 0e 00 00 00"", ""kind"": ""MESSAGE_HEADER"", ""opcode"": 128, ""argument"": 0}, {""offset"": 1, ""raw_hex"": ""08"", ""kind"": ""LINE_BREAK""}, {""offset"": 2, ""raw_hex"": ""12"", ""kind"": ""UNKNOWN_CONTROL""}, {""offset"": 3, ""raw_hex"": ""00"", ""kind"": ""UNKNOWN_CONTROL""}, {""offset"": 18, ""raw_hex"": ""08"", ""kind"": ""LINE_BREAK""}, {""offset"": 20, ""raw_hex"": ""0d ff 00"", ""kind"": ""MESSAGE_END""}]",REVIEW_1,NO,필드 안내 런타임 신고 및 0x4000/0x6000 전수 조사 반영.,PROVEN: scenario field/tutorial message; member_type=0x6000.
FIELD_RESOURCE_00030100_R00740000_M4000_0001,SCENARIO,field_resource_message,DATA/00030100.MDZ,DATA/00030100.MDT,0x00740000,00030100,10,0x002aa6af,0x002aa6aa,91 f0 92 f0 21 dd 47 27 f0 a1 88 f0 84 f1 b0 8e c2 0d ff 00,<G0141><G0142><G0001>セーブは出来ません,현재 저장할 수 없습니다,D6 F2 AE F9 20 9B A6 CD 20 AB 20 B1 49 F8 7B 92 0D FF 00,,"[{""offset"": -5, ""raw_hex"": ""80 0e 00 00 00"", ""kind"": ""MESSAGE_HEADER"", ""opcode"": 128, ""argument"": 0}, {""offset"": 17, ""raw_hex"": ""0d ff 00"", ""kind"": ""MESSAGE_END""}]",REVIEW_1,NO,필드 안내 런타임 신고 및 0x4000/0x6000 전수 조사 반영.,PROVEN: scenario field/tutorial message; member_type=0x4000.
FIELD_RESOURCE_00030200_R00740000_M6000_0001,SCENARIO,field_resource_message,DATA/00030200.MDZ,DATA/00030200.MDT,0x00740000,00030200,11,0x002f4f5d,0x002f4f58,21 08 12 00 61 69 48 66 69 7f 9b f1 5f f0 d6 f0 8a 92 08 21 0d ff 00,"<G0001>
<CTRL:12><CTRL:00><G0041>P・MPが全回復した
<G0001>","<G0001>
<CTRL:12><CTRL:00>HP·MP가 모두 회복됐다
<G0001>",41 08 12 00 61 69 48 66 69 6A 20 D2 AA 20 EC 20 F0 3B F8 92 08 41 0D FF 00,,"[{""offset"": -5, ""raw_hex"": ""80 0e 00 00 00"", ""kind"": ""MESSAGE_HEADER"", ""opcode"": 128, ""argument"": 0}, {""offset"": 1, ""raw_hex"": ""08"", ""kind"": ""LINE_BREAK""}, {""offset"": 2, ""raw_hex"": ""12"", ""kind"": ""UNKNOWN_CONTROL""}, {""offset"": 3, ""raw_hex"": ""00"", ""kind"": ""UNKNOWN_CONTROL""}, {""offset"": 18, ""raw_hex"": ""08"", ""kind"": ""LINE_BREAK""}, {""offset"": 20, ""raw_hex"": ""0d ff 00"", ""kind"": ""MESSAGE_END""}]",REVIEW_1,NO,필드 안내 런타임 신고 및 0x4000/0x6000 전수 조사 반영.,PROVEN: scenario field/tutorial message; member_type=0x6000.
FIELD_RESOURCE_00030200_R00740000_M6000_0002,SCENARIO,field_resource_message,DATA/00030200.MDZ,DATA/00030200.MDT,0x00740000,00030200,12,0x002f502f,0x002f502a,21 08 12 00 61 69 48 66 69 7f 9b f1 5f f0 d6 f0 8a 92 08 21 0d ff 00,"<G0001>
<CTRL:12><CTRL:00><G0041>P・MPが全回復した
<G0001>","<G0001>
<CTRL:12><CTRL:00>HP·MP가 모두 회복됐다
<G0001>",41 08 12 00 61 69 48 66 69 6A 20 D2 AA 20 EC 20 F0 3B F8 92 08 41 0D FF 00,,"[{""offset"": -5, ""raw_hex"": ""80 0e 00 00 00"", ""kind"": ""MESSAGE_HEADER"", ""opcode"": 128, ""argument"": 0}, {""offset"": 1, ""raw_hex"": ""08"", ""kind"": ""LINE_BREAK""}, {""offset"": 2, ""raw_hex"": ""12"", ""kind"": ""UNKNOWN_CONTROL""}, {""offset"": 3, ""raw_hex"": ""00"", ""kind"": ""UNKNOWN_CONTROL""}, {""offset"": 18, ""raw_hex"": ""08"", ""kind"": ""LINE_BREAK""}, {""offset"": 20, ""raw_hex"": ""0d ff 00"", ""kind"": ""MESSAGE_END""}]",REVIEW_1,NO,필드 안내 런타임 신고 및 0x4000/0x6000 전수 조사 반영.,PROVEN: scenario field/tutorial message; member_type=0x6000.
FIELD_RESOURCE_00030300_R00740000_M6000_0001,SCENARIO,field_resource_message,DATA/00030300.MDZ,DATA/00030300.MDT,0x00740000,00030300,13,0x001dda5d,0x001dda58,21 08 12 00 61 69 48 66 69 7f 9b f1 5f f0 d6 f0 8a 92 08 21 0d ff 00,"<G0001>
<CTRL:12><CTRL:00><G0041>P・MPが全回復した
<G0001>","<G0001>
<CTRL:12><CTRL:00>HP·MP가 모두 회복됐다
<G0001>",41 08 12 00 61 69 48 66 69 6A 20 D2 AA 20 EC 20 F0 3B F8 92 08 41 0D FF 00,,"[{""offset"": -5, ""raw_hex"": ""80 0e 00 00 00"", ""kind"": ""MESSAGE_HEADER"", ""opcode"": 128, ""argument"": 0}, {""offset"": 1, ""raw_hex"": ""08"", ""kind"": ""LINE_BREAK""}, {""offset"": 2, ""raw_hex"": ""12"", ""kind"": ""UNKNOWN_CONTROL""}, {""offset"": 3, ""raw_hex"": ""00"", ""kind"": ""UNKNOWN_CONTROL""}, {""offset"": 18, ""raw_hex"": ""08"", ""kind"": ""LINE_BREAK""}, {""offset"": 20, ""raw_hex"": ""0d ff 00"", ""kind"": ""MESSAGE_END""}]",REVIEW_1,NO,필드 안내 런타임 신고 및 0x4000/0x6000 전수 조사 반영.,PROVEN: scenario field/tutorial message; member_type=0x6000.
FIELD_RESOURCE_00030300_R00740000_M6000_0002,SCENARIO,field_resource_message,DATA/00030300.MDZ,DATA/00030300.MDT,0x00740000,00030300,14,0x001ddb2f,0x001ddb2a,21 08 12 00 61 69 48 66 69 7f 9b f1 5f f0 d6 f0 8a 92 08 21 0d ff 00,"<G0001>
<CTRL:12><CTRL:00><G0041>P・MPが全回復した
<G0001>","<G0001>
<CTRL:12><CTRL:00>HP·MP가 모두 회복됐다
<G0001>",41 08 12 00 61 69 48 66 69 6A 20 D2 AA 20 EC 20 F0 3B F8 92 08 41 0D FF 00,,"[{""offset"": -5, ""raw_hex"": ""80 0e 00 00 00"", ""kind"": ""MESSAGE_HEADER"", ""opcode"": 128, ""argument"": 0}, {""offset"": 1, ""raw_hex"": ""08"", ""kind"": ""LINE_BREAK""}, {""offset"": 2, ""raw_hex"": ""12"", ""kind"": ""UNKNOWN_CONTROL""}, {""offset"": 3, ""raw_hex"": ""00"", ""kind"": ""UNKNOWN_CONTROL""}, {""offset"": 18, ""raw_hex"": ""08"", ""kind"": ""LINE_BREAK""}, {""offset"": 20, ""raw_hex"": ""0d ff 00"", ""kind"": ""MESSAGE_END""}]",REVIEW_1,NO,필드 안내 런타임 신고 및 0x4000/0x6000 전수 조사 반영.,PROVEN: scenario field/tutorial message; member_type=0x6000.
FIELD_RESOURCE_00030400_R00740000_M6000_0001,SCENARIO,field_resource_message,DATA/00030400.MDZ,DATA/00030400.MDT,0x00740000,00030400,15,0x001357cd,0x001357c8,21 08 12 00 61 69 48 66 69 7f 9b f1 5f f0 d6 f0 8a 92 08 21 0d ff 00,"<G0001>
<CTRL:12><CTRL:00><G0041>P・MPが全回復した
<G0001>","<G0001>
<CTRL:12><CTRL:00>HP·MP가 모두 회복됐다
<G0001>",41 08 12 00 61 69 48 66 69 6A 20 D2 AA 20 EC 20 F0 3B F8 92 08 41 0D FF 00,,"[{""offset"": -5, ""raw_hex"": ""80 0e 00 00 00"", ""kind"": ""MESSAGE_HEADER"", ""opcode"": 128, ""argument"": 0}, {""offset"": 1, ""raw_hex"": ""08"", ""kind"": ""LINE_BREAK""}, {""offset"": 2, ""raw_hex"": ""12"", ""kind"": ""UNKNOWN_CONTROL""}, {""offset"": 3, ""raw_hex"": ""00"", ""kind"": ""UNKNOWN_CONTROL""}, {""offset"": 18, ""raw_hex"": ""08"", ""kind"": ""LINE_BREAK""}, {""offset"": 20, ""raw_hex"": ""0d ff 00"", ""kind"": ""MESSAGE_END""}]",REVIEW_1,NO,필드 안내 런타임 신고 및 0x4000/0x6000 전수 조사 반영.,PROVEN: scenario field/tutorial message; member_type=0x6000.
FIELD_RESOURCE_00030400_R00740000_M6000_0002,SCENARIO,field_resource_message,DATA/00030400.MDZ,DATA/00030400.MDT,0x00740000,00030400,16,0x0013589f,0x0013589a,21 08 12 00 61 69 48 66 69 7f 9b f1 5f f0 d6 f0 8a 92 08 21 0d ff 00,"<G0001>
<CTRL:12><CTRL:00><G0041>P・MPが全回復した
<G0001>","<G0001>
<CTRL:12><CTRL:00>HP·MP가 모두 회복됐다
<G0001>",41 08 12 00 61 69 48 66 69 6A 20 D2 AA 20 EC 20 F0 3B F8 92 08 41 0D FF 00,,"[{""offset"": -5, ""raw_hex"": ""80 0e 00 00 00"", ""kind"": ""MESSAGE_HEADER"", ""opcode"": 128, ""argument"": 0}, {""offset"": 1, ""raw_hex"": ""08"", ""kind"": ""LINE_BREAK""}, {""offset"": 2, ""raw_hex"": ""12"", ""kind"": ""UNKNOWN_CONTROL""}, {""offset"": 3, ""raw_hex"": ""00"", ""kind"": ""UNKNOWN_CONTROL""}, {""offset"": 18, ""raw_hex"": ""08"", ""kind"": ""LINE_BREAK""}, {""offset"": 20, ""raw_hex"": ""0d ff 00"", ""kind"": ""MESSAGE_END""}]",REVIEW_1,NO,필드 안내 런타임 신고 및 0x4000/0x6000 전수 조사 반영.,PROVEN: scenario field/tutorial message; member_type=0x6000.
FIELD_RESOURCE_00030500_R00740000_M6000_0001,SCENARIO,field_resource_message,DATA/00030500.MDZ,DATA/00030500.MDT,0x00740000,00030500,17,0x0028366d,0x00283668,21 08 12 00 61 69 48 66 69 7f 9b f1 5f f0 d6 f0 8a 92 08 21 0d ff 00,"<G0001>
<CTRL:12><CTRL:00><G0041>P・MPが全回復した
<G0001>","<G0001>
<CTRL:12><CTRL:00>HP·MP가 모두 회복됐다
<G0001>",41 08 12 00 61 69 48 66 69 6A 20 D2 AA 20 EC 20 F0 3B F8 92 08 41 0D FF 00,,"[{""offset"": -5, ""raw_hex"": ""80 0e 00 00 00"", ""kind"": ""MESSAGE_HEADER"", ""opcode"": 128, ""argument"": 0}, {""offset"": 1, ""raw_hex"": ""08"", ""kind"": ""LINE_BREAK""}, {""offset"": 2, ""raw_hex"": ""12"", ""kind"": ""UNKNOWN_CONTROL""}, {""offset"": 3, ""raw_hex"": ""00"", ""kind"": ""UNKNOWN_CONTROL""}, {""offset"": 18, ""raw_hex"": ""08"", ""kind"": ""LINE_BREAK""}, {""offset"": 20, ""raw_hex"": ""0d ff 00"", ""kind"": ""MESSAGE_END""}]",REVIEW_1,NO,필드 안내 런타임 신고 및 0x4000/0x6000 전수 조사 반영.,PROVEN: scenario field/tutorial message; member_type=0x6000.
FIELD_RESOURCE_00030500_R00740000_M6000_0002,SCENARIO,field_resource_message,DATA/00030500.MDZ,DATA/00030500.MDT,0x00740000,00030500,18,0x0028373f,0x0028373a,21 08 12 00 61 69 48 66 69 7f 9b f1 5f f0 d6 f0 8a 92 08 21 0d ff 00,"<G0001>
<CTRL:12><CTRL:00><G0041>P・MPが全回復した
<G0001>","<G0001>
<CTRL:12><CTRL:00>HP·MP가 모두 회복됐다
<G0001>",41 08 12 00 61 69 48 66 69 6A 20 D2 AA 20 EC 20 F0 3B F8 92 08 41 0D FF 00,,"[{""offset"": -5, ""raw_hex"": ""80 0e 00 00 00"", ""kind"": ""MESSAGE_HEADER"", ""opcode"": 128, ""argument"": 0}, {""offset"": 1, ""raw_hex"": ""08"", ""kind"": ""LINE_BREAK""}, {""offset"": 2, ""raw_hex"": ""12"", ""kind"": ""UNKNOWN_CONTROL""}, {""offset"": 3, ""raw_hex"": ""00"", ""kind"": ""UNKNOWN_CONTROL""}, {""offset"": 18, ""raw_hex"": ""08"", ""kind"": ""LINE_BREAK""}, {""offset"": 20, ""raw_hex"": ""0d ff 00"", ""kind"": ""MESSAGE_END""}]",REVIEW_1,NO,필드 안내 런타임 신고 및 0x4000/0x6000 전수 조사 반영.,PROVEN: scenario field/tutorial message; member_type=0x6000.
FIELD_RESOURCE_00030600_R00740000_M6000_0001,SCENARIO,field_resource_message,DATA/00030600.MDZ,DATA/00030600.MDT,0x00740000,00030600,19,0x0025d95d,0x0025d958,21 08 12 00 61 69 48 66 69 7f 9b f1 5f f0 d6 f0 8a 92 08 21 0d ff 00,"<G0001>
<CTRL:12><CTRL:00><G0041>P・MPが全回復した
<G0001>","<G0001>
<CTRL:12><CTRL:00>HP·MP가 모두 회복됐다
<G0001>",41 08 12 00 61 69 48 66 69 6A 20 D2 AA 20 EC 20 F0 3B F8 92 08 41 0D FF 00,,"[{""offset"": -5, ""raw_hex"": ""80 0e 00 00 00"", ""kind"": ""MESSAGE_HEADER"", ""opcode"": 128, ""argument"": 0}, {""offset"": 1, ""raw_hex"": ""08"", ""kind"": ""LINE_BREAK""}, {""offset"": 2, ""raw_hex"": ""12"", ""kind"": ""UNKNOWN_CONTROL""}, {""offset"": 3, ""raw_hex"": ""00"", ""kind"": ""UNKNOWN_CONTROL""}, {""offset"": 18, ""raw_hex"": ""08"", ""kind"": ""LINE_BREAK""}, {""offset"": 20, ""raw_hex"": ""0d ff 00"", ""kind"": ""MESSAGE_END""}]",REVIEW_1,NO,필드 안내 런타임 신고 및 0x4000/0x6000 전수 조사 반영.,PROVEN: scenario field/tutorial message; member_type=0x6000.
FIELD_RESOURCE_00030600_R00740000_M6000_0002,SCENARIO,field_resource_message,DATA/00030600.MDZ,DATA/00030600.MDT,0x00740000,00030600,20,0x0025da2f,0x0025da2a,21 08 12 00 61 69 48 66 69 7f 9b f1 5f f0 d6 f0 8a 92 08 21 0d ff 00,"<G0001>
<CTRL:12><CTRL:00><G0041>P・MPが全回復した
<G0001>","<G0001>
<CTRL:12><CTRL:00>HP·MP가 모두 회복됐다
<G0001>",41 08 12 00 61 69 48 66 69 6A 20 D2 AA 20 EC 20 F0 3B F8 92 08 41 0D FF 00,,"[{""offset"": -5, ""raw_hex"": ""80 0e 00 00 00"", ""kind"": ""MESSAGE_HEADER"", ""opcode"": 128, ""argument"": 0}, {""offset"": 1, ""raw_hex"": ""08"", ""kind"": ""LINE_BREAK""}, {""offset"": 2, ""raw_hex"": ""12"", ""kind"": ""UNKNOWN_CONTROL""}, {""offset"": 3, ""raw_hex"": ""00"", ""kind"": ""UNKNOWN_CONTROL""}, {""offset"": 18, ""raw_hex"": ""08"", ""kind"": ""LINE_BREAK""}, {""offset"": 20, ""raw_hex"": ""0d ff 00"", ""kind"": ""MESSAGE_END""}]",REVIEW_1,NO,필드 안내 런타임 신고 및 0x4000/0x6000 전수 조사 반영.,PROVEN: scenario field/tutorial message; member_type=0x6000.
FIELD_RESOURCE_00030800_R00740000_M6000_0001,SCENARIO,field_resource_message,DATA/00030800.MDZ,DATA/00030800.MDT,0x00740000,00030800,21,0x0029f16d,0x0029f168,21 08 12 00 61 69 48 66 69 7f 9b f1 5f f0 d6 f0 8a 92 08 21 0d ff 00,"<G0001>
<CTRL:12><CTRL:00><G0041>P・MPが全回復した
<G0001>","<G0001>
<CTRL:12><CTRL:00>HP·MP가 모두 회복됐다
<G0001>",41 08 12 00 61 69 48 66 69 6A 20 D2 AA 20 EC 20 F0 3B F8 92 08 41 0D FF 00,,"[{""offset"": -5, ""raw_hex"": ""80 0e 00 00 00"", ""kind"": ""MESSAGE_HEADER"", ""opcode"": 128, ""argument"": 0}, {""offset"": 1, ""raw_hex"": ""08"", ""kind"": ""LINE_BREAK""}, {""offset"": 2, ""raw_hex"": ""12"", ""kind"": ""UNKNOWN_CONTROL""}, {""offset"": 3, ""raw_hex"": ""00"", ""kind"": ""UNKNOWN_CONTROL""}, {""offset"": 18, ""raw_hex"": ""08"", ""kind"": ""LINE_BREAK""}, {""offset"": 20, ""raw_hex"": ""0d ff 00"", ""kind"": ""MESSAGE_END""}]",REVIEW_1,NO,필드 안내 런타임 신고 및 0x4000/0x6000 전수 조사 반영.,PROVEN: scenario field/tutorial message; member_type=0x6000.
FIELD_RESOURCE_00030800_R00740000_M6000_0002,SCENARIO,field_resource_message,DATA/00030800.MDZ,DATA/00030800.MDT,0x00740000,00030800,22,0x0029f23f,0x0029f23a,21 08 12 00 61 69 48 66 69 7f 9b f1 5f f0 d6 f0 8a 92 08 21 0d ff 00,"<G0001>
<CTRL:12><CTRL:00><G0041>P・MPが全回復した
<G0001>","<G0001>
<CTRL:12><CTRL:00>HP·MP가 모두 회복됐다
<G0001>",41 08 12 00 61 69 48 66 69 6A 20 D2 AA 20 EC 20 F0 3B F8 92 08 41 0D FF 00,,"[{""offset"": -5, ""raw_hex"": ""80 0e 00 00 00"", ""kind"": ""MESSAGE_HEADER"", ""opcode"": 128, ""argument"": 0}, {""offset"": 1, ""raw_hex"": ""08"", ""kind"": ""LINE_BREAK""}, {""offset"": 2, ""raw_hex"": ""12"", ""kind"": ""UNKNOWN_CONTROL""}, {""offset"": 3, ""raw_hex"": ""00"", ""kind"": ""UNKNOWN_CONTROL""}, {""offset"": 18, ""raw_hex"": ""08"", ""kind"": ""LINE_BREAK""}, {""offset"": 20, ""raw_hex"": ""0d ff 00"", ""kind"": ""MESSAGE_END""}]",REVIEW_1,NO,필드 안내 런타임 신고 및 0x4000/0x6000 전수 조사 반영.,PROVEN: scenario field/tutorial message; member_type=0x6000.
FIELD_RESOURCE_00030900_R00740000_M6000_0001,SCENARIO,field_resource_message,DATA/00030900.MDZ,DATA/00030900.MDT,0x00740000,00030900,23,0x001cb27d,0x001cb278,21 08 12 00 61 69 48 66 69 7f 9b f1 5f f0 d6 f0 8a 92 08 21 0d ff 00,"<G0001>
<CTRL:12><CTRL:00><G0041>P・MPが全回復した
<G0001>","<G0001>
<CTRL:12><CTRL:00>HP·MP가 모두 회복됐다
<G0001>",41 08 12 00 61 69 48 66 69 6A 20 D2 AA 20 EC 20 F0 3B F8 92 08 41 0D FF 00,,"[{""offset"": -5, ""raw_hex"": ""80 0e 00 00 00"", ""kind"": ""MESSAGE_HEADER"", ""opcode"": 128, ""argument"": 0}, {""offset"": 1, ""raw_hex"": ""08"", ""kind"": ""LINE_BREAK""}, {""offset"": 2, ""raw_hex"": ""12"", ""kind"": ""UNKNOWN_CONTROL""}, {""offset"": 3, ""raw_hex"": ""00"", ""kind"": ""UNKNOWN_CONTROL""}, {""offset"": 18, ""raw_hex"": ""08"", ""kind"": ""LINE_BREAK""}, {""offset"": 20, ""raw_hex"": ""0d ff 00"", ""kind"": ""MESSAGE_END""}]",REVIEW_1,NO,필드 안내 런타임 신고 및 0x4000/0x6000 전수 조사 반영.,PROVEN: scenario field/tutorial message; member_type=0x6000.
FIELD_RESOURCE_00030900_R00740000_M6000_0002,SCENARIO,field_resource_message,DATA/00030900.MDZ,DATA/00030900.MDT,0x00740000,00030900,24,0x001cb34f,0x001cb34a,21 08 12 00 61 69 48 66 69 7f 9b f1 5f f0 d6 f0 8a 92 08 21 0d ff 00,"<G0001>
<CTRL:12><CTRL:00><G0041>P・MPが全回復した
<G0001>","<G0001>
<CTRL:12><CTRL:00>HP·MP가 모두 회복됐다
<G0001>",41 08 12 00 61 69 48 66 69 6A 20 D2 AA 20 EC 20 F0 3B F8 92 08 41 0D FF 00,,"[{""offset"": -5, ""raw_hex"": ""80 0e 00 00 00"", ""kind"": ""MESSAGE_HEADER"", ""opcode"": 128, ""argument"": 0}, {""offset"": 1, ""raw_hex"": ""08"", ""kind"": ""LINE_BREAK""}, {""offset"": 2, ""raw_hex"": ""12"", ""kind"": ""UNKNOWN_CONTROL""}, {""offset"": 3, ""raw_hex"": ""00"", ""kind"": ""UNKNOWN_CONTROL""}, {""offset"": 18, ""raw_hex"": ""08"", ""kind"": ""LINE_BREAK""}, {""offset"": 20, ""raw_hex"": ""0d ff 00"", ""kind"": ""MESSAGE_END""}]",REVIEW_1,NO,필드 안내 런타임 신고 및 0x4000/0x6000 전수 조사 반영.,PROVEN: scenario field/tutorial message; member_type=0x6000.
FIELD_RESOURCE_00031100_R00740000_M6000_0001,SCENARIO,field_resource_message,DATA/00031100.MDZ,DATA/00031100.MDT,0x00740000,00031100,25,0x002594bd,0x002594b8,21 08 12 00 61 69 48 66 69 7f 9b f1 5f f0 d6 f0 8a 92 08 21 0d ff 00,"<G0001>
<CTRL:12><CTRL:00><G0041>P・MPが全回復した
<G0001>","<G0001>
<CTRL:12><CTRL:00>HP·MP가 모두 회복됐다
<G0001>",41 08 12 00 61 69 48 66 69 6A 20 D2 AA 20 EC 20 F0 3B F8 92 08 41 0D FF 00,,"[{""offset"": -5, ""raw_hex"": ""80 0e 00 00 00"", ""kind"": ""MESSAGE_HEADER"", ""opcode"": 128, ""argument"": 0}, {""offset"": 1, ""raw_hex"": ""08"", ""kind"": ""LINE_BREAK""}, {""offset"": 2, ""raw_hex"": ""12"", ""kind"": ""UNKNOWN_CONTROL""}, {""offset"": 3, ""raw_hex"": ""00"", ""kind"": ""UNKNOWN_CONTROL""}, {""offset"": 18, ""raw_hex"": ""08"", ""kind"": ""LINE_BREAK""}, {""offset"": 20, ""raw_hex"": ""0d ff 00"", ""kind"": ""MESSAGE_END""}]",REVIEW_1,NO,필드 안내 런타임 신고 및 0x4000/0x6000 전수 조사 반영.,PROVEN: scenario field/tutorial message; member_type=0x6000.
FIELD_RESOURCE_00031100_R00740000_M6000_0002,SCENARIO,field_resource_message,DATA/00031100.MDZ,DATA/00031100.MDT,0x00740000,00031100,26,0x0025958f,0x0025958a,21 08 12 00 61 69 48 66 69 7f 9b f1 5f f0 d6 f0 8a 92 08 21 0d ff 00,"<G0001>
<CTRL:12><CTRL:00><G0041>P・MPが全回復した
<G0001>","<G0001>
<CTRL:12><CTRL:00>HP·MP가 모두 회복됐다
<G0001>",41 08 12 00 61 69 48 66 69 6A 20 D2 AA 20 EC 20 F0 3B F8 92 08 41 0D FF 00,,"[{""offset"": -5, ""raw_hex"": ""80 0e 00 00 00"", ""kind"": ""MESSAGE_HEADER"", ""opcode"": 128, ""argument"": 0}, {""offset"": 1, ""raw_hex"": ""08"", ""kind"": ""LINE_BREAK""}, {""offset"": 2, ""raw_hex"": ""12"", ""kind"": ""UNKNOWN_CONTROL""}, {""offset"": 3, ""raw_hex"": ""00"", ""kind"": ""UNKNOWN_CONTROL""}, {""offset"": 18, ""raw_hex"": ""08"", ""kind"": ""LINE_BREAK""}, {""offset"": 20, ""raw_hex"": ""0d ff 00"", ""kind"": ""MESSAGE_END""}]",REVIEW_1,NO,필드 안내 런타임 신고 및 0x4000/0x6000 전수 조사 반영.,PROVEN: scenario field/tutorial message; member_type=0x6000.
FIELD_RESOURCE_00031200_R00740000_M6000_0001,SCENARIO,field_resource_message,DATA/00031200.MDZ,DATA/00031200.MDT,0x00740000,00031200,27,0x0021e5bd,0x0021e5b8,21 08 12 00 61 69 48 66 69 7f 9b f1 5f f0 d6 f0 8a 92 08 21 0d ff 00,"<G0001>
<CTRL:12><CTRL:00><G0041>P・MPが全回復した
<G0001>","<G0001>
<CTRL:12><CTRL:00>HP·MP가 모두 회복됐다
<G0001>",41 08 12 00 61 69 48 66 69 6A 20 D2 AA 20 EC 20 F0 3B F8 92 08 41 0D FF 00,,"[{""offset"": -5, ""raw_hex"": ""80 0e 00 00 00"", ""kind"": ""MESSAGE_HEADER"", ""opcode"": 128, ""argument"": 0}, {""offset"": 1, ""raw_hex"": ""08"", ""kind"": ""LINE_BREAK""}, {""offset"": 2, ""raw_hex"": ""12"", ""kind"": ""UNKNOWN_CONTROL""}, {""offset"": 3, ""raw_hex"": ""00"", ""kind"": ""UNKNOWN_CONTROL""}, {""offset"": 18, ""raw_hex"": ""08"", ""kind"": ""LINE_BREAK""}, {""offset"": 20, ""raw_hex"": ""0d ff 00"", ""kind"": ""MESSAGE_END""}]",REVIEW_1,NO,필드 안내 런타임 신고 및 0x4000/0x6000 전수 조사 반영.,PROVEN: scenario field/tutorial message; member_type=0x6000.
FIELD_RESOURCE_00031200_R00740000_M6000_0002,SCENARIO,field_resource_message,DATA/00031200.MDZ,DATA/00031200.MDT,0x00740000,00031200,28,0x0021e68f,0x0021e68a,21 08 12 00 61 69 48 66 69 7f 9b f1 5f f0 d6 f0 8a 92 08 21 0d ff 00,"<G0001>
<CTRL:12><CTRL:00><G0041>P・MPが全回復した
<G0001>","<G0001>
<CTRL:12><CTRL:00>HP·MP가 모두 회복됐다
<G0001>",41 08 12 00 61 69 48 66 69 6A 20 D2 AA 20 EC 20 F0 3B F8 92 08 41 0D FF 00,,"[{""offset"": -5, ""raw_hex"": ""80 0e 00 00 00"", ""kind"": ""MESSAGE_HEADER"", ""opcode"": 128, ""argument"": 0}, {""offset"": 1, ""raw_hex"": ""08"", ""kind"": ""LINE_BREAK""}, {""offset"": 2, ""raw_hex"": ""12"", ""kind"": ""UNKNOWN_CONTROL""}, {""offset"": 3, ""raw_hex"": ""00"", ""kind"": ""UNKNOWN_CONTROL""}, {""offset"": 18, ""raw_hex"": ""08"", ""kind"": ""LINE_BREAK""}, {""offset"": 20, ""raw_hex"": ""0d ff 00"", ""kind"": ""MESSAGE_END""}]",REVIEW_1,NO,필드 안내 런타임 신고 및 0x4000/0x6000 전수 조사 반영.,PROVEN: scenario field/tutorial message; member_type=0x6000.
FIELD_RESOURCE_00031300_R00740000_M6000_0001,SCENARIO,field_resource_message,DATA/00031300.MDZ,DATA/00031300.MDT,0x00740000,00031300,29,0x001e52dd,0x001e52d8,21 08 12 00 61 69 48 66 69 7f 9b f1 5f f0 d6 f0 8a 92 08 21 0d ff 00,"<G0001>
<CTRL:12><CTRL:00><G0041>P・MPが全回復した
<G0001>","<G0001>
<CTRL:12><CTRL:00>HP·MP가 모두 회복됐다
<G0001>",41 08 12 00 61 69 48 66 69 6A 20 D2 AA 20 EC 20 F0 3B F8 92 08 41 0D FF 00,,"[{""offset"": -5, ""raw_hex"": ""80 0e 00 00 00"", ""kind"": ""MESSAGE_HEADER"", ""opcode"": 128, ""argument"": 0}, {""offset"": 1, ""raw_hex"": ""08"", ""kind"": ""LINE_BREAK""}, {""offset"": 2, ""raw_hex"": ""12"", ""kind"": ""UNKNOWN_CONTROL""}, {""offset"": 3, ""raw_hex"": ""00"", ""kind"": ""UNKNOWN_CONTROL""}, {""offset"": 18, ""raw_hex"": ""08"", ""kind"": ""LINE_BREAK""}, {""offset"": 20, ""raw_hex"": ""0d ff 00"", ""kind"": ""MESSAGE_END""}]",REVIEW_1,NO,필드 안내 런타임 신고 및 0x4000/0x6000 전수 조사 반영.,PROVEN: scenario field/tutorial message; member_type=0x6000.
FIELD_RESOURCE_00031300_R00740000_M6000_0002,SCENARIO,field_resource_message,DATA/00031300.MDZ,DATA/00031300.MDT,0x00740000,00031300,30,0x001e53af,0x001e53aa,21 08 12 00 61 69 48 66 69 7f 9b f1 5f f0 d6 f0 8a 92 08 21 0d ff 00,"<G0001>
<CTRL:12><CTRL:00><G0041>P・MPが全回復した
<G0001>","<G0001>
<CTRL:12><CTRL:00>HP·MP가 모두 회복됐다
<G0001>",41 08 12 00 61 69 48 66 69 6A 20 D2 AA 20 EC 20 F0 3B F8 92 08 41 0D FF 00,,"[{""offset"": -5, ""raw_hex"": ""80 0e 00 00 00"", ""kind"": ""MESSAGE_HEADER"", ""opcode"": 128, ""argument"": 0}, {""offset"": 1, ""raw_hex"": ""08"", ""kind"": ""LINE_BREAK""}, {""offset"": 2, ""raw_hex"": ""12"", ""kind"": ""UNKNOWN_CONTROL""}, {""offset"": 3, ""raw_hex"": ""00"", ""kind"": ""UNKNOWN_CONTROL""}, {""offset"": 18, ""raw_hex"": ""08"", ""kind"": ""LINE_BREAK""}, {""offset"": 20, ""raw_hex"": ""0d ff 00"", ""kind"": ""MESSAGE_END""}]",REVIEW_1,NO,필드 안내 런타임 신고 및 0x4000/0x6000 전수 조사 반영.,PROVEN: scenario field/tutorial message; member_type=0x6000.
FIELD_RESOURCE_00037700_R00740000_M6000_0001,SCENARIO,field_resource_message,DATA/00037700.MDZ,DATA/00037700.MDT,0x00740000,00037700,31,0x0068012d,0x00680128,21 08 12 00 61 69 48 66 69 7f 9b f1 5f f0 d6 f0 8a 92 08 21 0d ff 00,"<G0001>
<CTRL:12><CTRL:00><G0041>P・MPが全回復した
<G0001>","<G0001>
<CTRL:12><CTRL:00>HP·MP가 모두 회복됐다
<G0001>",41 08 12 00 61 69 48 66 69 6A 20 D2 AA 20 EC 20 F0 3B F8 92 08 41 0D FF 00,,"[{""offset"": -5, ""raw_hex"": ""80 0e 00 00 00"", ""kind"": ""MESSAGE_HEADER"", ""opcode"": 128, ""argument"": 0}, {""offset"": 1, ""raw_hex"": ""08"", ""kind"": ""LINE_BREAK""}, {""offset"": 2, ""raw_hex"": ""12"", ""kind"": ""UNKNOWN_CONTROL""}, {""offset"": 3, ""raw_hex"": ""00"", ""kind"": ""UNKNOWN_CONTROL""}, {""offset"": 18, ""raw_hex"": ""08"", ""kind"": ""LINE_BREAK""}, {""offset"": 20, ""raw_hex"": ""0d ff 00"", ""kind"": ""MESSAGE_END""}]",REVIEW_1,NO,필드 안내 런타임 신고 및 0x4000/0x6000 전수 조사 반영.,PROVEN: scenario field/tutorial message; member_type=0x6000.
FIELD_RESOURCE_00037700_R00740000_M6000_0002,SCENARIO,field_resource_message,DATA/00037700.MDZ,DATA/00037700.MDT,0x00740000,00037700,32,0x006801ff,0x006801fa,21 08 12 00 61 69 48 66 69 7f 9b f1 5f f0 d6 f0 8a 92 08 21 0d ff 00,"<G0001>
<CTRL:12><CTRL:00><G0041>P・MPが全回復した
<G0001>","<G0001>
<CTRL:12><CTRL:00>HP·MP가 모두 회복됐다
<G0001>",41 08 12 00 61 69 48 66 69 6A 20 D2 AA 20 EC 20 F0 3B F8 92 08 41 0D FF 00,,"[{""offset"": -5, ""raw_hex"": ""80 0e 00 00 00"", ""kind"": ""MESSAGE_HEADER"", ""opcode"": 128, ""argument"": 0}, {""offset"": 1, ""raw_hex"": ""08"", ""kind"": ""LINE_BREAK""}, {""offset"": 2, ""raw_hex"": ""12"", ""kind"": ""UNKNOWN_CONTROL""}, {""offset"": 3, ""raw_hex"": ""00"", ""kind"": ""UNKNOWN_CONTROL""}, {""offset"": 18, ""raw_hex"": ""08"", ""kind"": ""LINE_BREAK""}, {""offset"": 20, ""raw_hex"": ""0d ff 00"", ""kind"": ""MESSAGE_END""}]",REVIEW_1,NO,필드 안내 런타임 신고 및 0x4000/0x6000 전수 조사 반영.,PROVEN: scenario field/tutorial message; member_type=0x6000.
FIELD_RESOURCE_00060000_R00740000_M6000_0001,SCENARIO,field_resource_message,DATA/00060000.MDZ,DATA/00060000.MDT,0x00740000,00060000,33,0x002e195d,0x002e1958,21 08 12 00 61 69 48 66 69 7f 9b f1 5f f0 d6 f0 8a 92 08 21 0d ff 00,"<G0001>
<CTRL:12><CTRL:00><G0041>P・MPが全回復した
<G0001>","<G0001>
<CTRL:12><CTRL:00>HP·MP가 모두 회복됐다
<G0001>",41 08 12 00 61 69 48 66 69 6A 20 D2 AA 20 EC 20 F0 3B F8 92 08 41 0D FF 00,,"[{""offset"": -5, ""raw_hex"": ""80 0e 00 00 00"", ""kind"": ""MESSAGE_HEADER"", ""opcode"": 128, ""argument"": 0}, {""offset"": 1, ""raw_hex"": ""08"", ""kind"": ""LINE_BREAK""}, {""offset"": 2, ""raw_hex"": ""12"", ""kind"": ""UNKNOWN_CONTROL""}, {""offset"": 3, ""raw_hex"": ""00"", ""kind"": ""UNKNOWN_CONTROL""}, {""offset"": 18, ""raw_hex"": ""08"", ""kind"": ""LINE_BREAK""}, {""offset"": 20, ""raw_hex"": ""0d ff 00"", ""kind"": ""MESSAGE_END""}]",REVIEW_1,NO,필드 안내 런타임 신고 및 0x4000/0x6000 전수 조사 반영.,PROVEN: scenario field/tutorial message; member_type=0x6000.
FIELD_RESOURCE_00060000_R00740000_M6000_0002,SCENARIO,field_resource_message,DATA/00060000.MDZ,DATA/00060000.MDT,0x00740000,00060000,34,0x002e1a2f,0x002e1a2a,21 08 12 00 61 69 48 66 69 7f 9b f1 5f f0 d6 f0 8a 92 08 21 0d ff 00,"<G0001>
<CTRL:12><CTRL:00><G0041>P・MPが全回復した
<G0001>","<G0001>
<CTRL:12><CTRL:00>HP·MP가 모두 회복됐다
<G0001>",41 08 12 00 61 69 48 66 69 6A 20 D2 AA 20 EC 20 F0 3B F8 92 08 41 0D FF 00,,"[{""offset"": -5, ""raw_hex"": ""80 0e 00 00 00"", ""kind"": ""MESSAGE_HEADER"", ""opcode"": 128, ""argument"": 0}, {""offset"": 1, ""raw_hex"": ""08"", ""kind"": ""LINE_BREAK""}, {""offset"": 2, ""raw_hex"": ""12"", ""kind"": ""UNKNOWN_CONTROL""}, {""offset"": 3, ""raw_hex"": ""00"", ""kind"": ""UNKNOWN_CONTROL""}, {""offset"": 18, ""raw_hex"": ""08"", ""kind"": ""LINE_BREAK""}, {""offset"": 20, ""raw_hex"": ""0d ff 00"", ""kind"": ""MESSAGE_END""}]",REVIEW_1,NO,필드 안내 런타임 신고 및 0x4000/0x6000 전수 조사 반영.,PROVEN: scenario field/tutorial message; member_type=0x6000.
FIELD_RESOURCE_00060000_R00740000_M4000_0001,SCENARIO,field_resource_message,DATA/00060000.MDZ,DATA/00060000.MDT,0x00740000,00060000,35,0x002e1cbf,0x002e1cba,ab f0 ac f0 c1 8e f3 84 bd 9d a1 08 ab f0 ac f0 a0 8f f2 60 f2 99 b6 f9 c1 08 7a f3 8a 98 82 93 88 77 0d ff 00,"宝<G015C>を開けるには
宝<G015C>の正面で<G08B6>を
押してください","보물상자를 열려면
보물상자 정면에서 <G08B6> 버튼을
누르세요",A9 3A F0 DD A1 A7 20 D5 F3 CB A0 08 A9 3A F0 DD A1 20 B3 A0 9D 8C 20 D6 F9 20 D3 5B F3 C1 08 A7 F7 E8 E6 72 0D FF 00,,"[{""offset"": -5, ""raw_hex"": ""80 0e 00 00 00"", ""kind"": ""MESSAGE_HEADER"", ""opcode"": 128, ""argument"": 0}, {""offset"": 11, ""raw_hex"": ""08"", ""kind"": ""LINE_BREAK""}, {""offset"": 25, ""raw_hex"": ""08"", ""kind"": ""LINE_BREAK""}, {""offset"": 34, ""raw_hex"": ""0d ff 00"", ""kind"": ""MESSAGE_END""}]",REVIEW_1,NO,필드 안내 런타임 신고 및 0x4000/0x6000 전수 조사 반영.,PROVEN: scenario field/tutorial message; member_type=0x4000.
FIELD_RESOURCE_00060000_R00740000_M4001_0001,SCENARIO,field_resource_message,DATA/00060000.MDZ,DATA/00060000.MDT,0x00740000,00060000,36,0x002e1cf7,0x002e1cf2,86 a0 d3 f1 cf f0 99 b6 f9 c1 7a f3 8c 9a 08 ab f0 ac f0 7f 8e f3 80 b0 8c 0d ff 00,"この位置で<G08B6>を押すと
宝<G015C>が開きます","이 위치에서 <G08B6> 버튼을 누르면
보물상자가 열립니다",8B 20 5F F7 5F F3 9D 8C 20 D6 F9 20 D3 5B F3 C1 20 A7 F7 E8 A0 08 A9 3A F0 DD A1 6A 20 D5 F3 B0 F1 7B 92 0D FF 00,,"[{""offset"": -5, ""raw_hex"": ""80 0e 00 00 00"", ""kind"": ""MESSAGE_HEADER"", ""opcode"": 128, ""argument"": 0}, {""offset"": 14, ""raw_hex"": ""08"", ""kind"": ""LINE_BREAK""}, {""offset"": 25, ""raw_hex"": ""0d ff 00"", ""kind"": ""MESSAGE_END""}]",REVIEW_1,NO,필드 안내 런타임 신고 및 0x4000/0x6000 전수 조사 반영.,PROVEN: scenario field/tutorial message; member_type=0x4001.
FIELD_RESOURCE_00060000_R00740000_M4002_0001,SCENARIO,field_resource_message,DATA/00060000.MDZ,DATA/00060000.MDT,0x00740000,00060000,37,0x002e1d27,0x002e1d22,ab f0 ac f0 7e bb 88 f0 91 f0 8a 92 c4 c6 e7 31 f0 a1 08 90 a0 5c f0 dd f2 9d 8f f1 97 82 9a 08 80 f0 7d f0 8c bd 86 9a 7f 99 80 b0 8c 0d ff 00,"宝<G015C>から出<G0141>したアイテムは
その方向に<G020F>づくと
入手することができます","보물상자에서 나온 아이템은
그 방향으로 다가가면
획득할 수 있습니다",A9 3A F0 DD A1 9D 8C 20 70 3C F5 20 90 8B 85 F1 7D 08 83 20 91 F9 C4 F9 A2 99 20 92 6A 6A A0 08 68 F9 52 F8 CD 20 AB 20 7E 49 F8 7B 92 0D FF 00,,"[{""offset"": -5, ""raw_hex"": ""80 0e 00 00 00"", ""kind"": ""MESSAGE_HEADER"", ""opcode"": 128, ""argument"": 0}, {""offset"": 18, ""raw_hex"": ""08"", ""kind"": ""LINE_BREAK""}, {""offset"": 31, ""raw_hex"": ""08"", ""kind"": ""LINE_BREAK""}, {""offset"": 45, ""raw_hex"": ""0d ff 00"", ""kind"": ""MESSAGE_END""}]",REVIEW_1,NO,필드 안내 런타임 신고 및 0x4000/0x6000 전수 조사 반영.,PROVEN: scenario field/tutorial message; member_type=0x4002.
FIELD_RESOURCE_00060000_R00740000_M4003_0001,SCENARIO,field_resource_message,DATA/00060000.MDZ,DATA/00060000.MDT,0x00740000,00060000,38,0x002e1d6f,0x002e1d6a,80 f0 7d f0 8a 92 c4 c6 e7 31 f0 a1 08 b8 f1 94 e3 f0 9d db e9 e4 d1 88 be b0 8c 07 82 f5 8b c4 c6 e7 31 f0 7f 59 7f f0 75 bd b1 f0 a3 f1 a1 08 80 f0 7d f0 8c bd 86 9a 7f 99 80 b0 8e c2 07 b8 f1 94 e3 f0 a1 b9 f9 c1 7a f3 8c 9a 8e f3 7e be bd 08 db e7 47 e1 db e0 f2 60 f2 99 94 f3 88 f5 99 80 b0 8c 0d ff 00,"入手したアイテムは
持ち物にストックされます<CTRL:07><G0542>じアイテムが<G0039><G012F>ある場合は
入手することができません<CTRL:07>持ち物は<G08B9>を押すと開かれる
ステータス<G0330>面で<G03B4><G0548>できます","획득한 아이템은
소지품에 보관됩니다<CTRL:07>같은 아이템을 이미 갖고 있으면
획득할 수 없습니다<CTRL:07>소지품은 <G08B9> 버튼을 누르면 열리는
상태 화면에서 확인할 수 있습니다",68 F9 52 F8 9A 20 90 8B 85 F1 7D 08 D4 8F 70 F7 9D 20 A9 45 F6 42 F8 7B 92 07 D5 7D 20 90 8B 85 F1 C1 20 8B BC 20 EC F2 63 20 7E A2 A0 08 68 F9 52 F8 CD 20 AB 20 B1 49 F8 7B 92 07 D4 8F 70 F7 7D 20 D9 F9 20 D3 5B F3 C1 20 A7 F7 E8 A0 20 D5 F3 8A 93 08 DD 23 F9 20 99 F4 A0 9D 8C 20 B2 F4 AC CD 20 AB 20 7E 49 F8 7B 92 0D FF 00,,"[{""offset"": -5, ""raw_hex"": ""80 0e 00 00 00"", ""kind"": ""MESSAGE_HEADER"", ""opcode"": 128, ""argument"": 0}, {""offset"": 12, ""raw_hex"": ""08"", ""kind"": ""LINE_BREAK""}, {""offset"": 27, ""raw_hex"": ""07"", ""kind"": ""UNKNOWN_CONTROL""}, {""offset"": 47, ""raw_hex"": ""08"", ""kind"": ""LINE_BREAK""}, {""offset"": 62, ""raw_hex"": ""07"", ""kind"": ""UNKNOWN_CONTROL""}, {""offset"": 81, ""raw_hex"": ""08"", ""kind"": ""LINE_BREAK""}, {""offset"": 100, ""raw_hex"": ""0d ff 00"", ""kind"": ""MESSAGE_END""}]",REVIEW_1,NO,필드 안내 런타임 신고 및 0x4000/0x6000 전수 조사 반영.,PROVEN: scenario field/tutorial message; member_type=0x4003.
FIELD_RESOURCE_00061000_R00740000_M6000_0001,SCENARIO,field_resource_message,DATA/00061000.MDZ,DATA/00061000.MDT,0x00740000,00061000,39,0x004486fd,0x004486f8,21 08 12 00 61 69 48 66 69 7f 9b f1 5f f0 d6 f0 8a 92 08 21 0d ff 00,"<G0001>
<CTRL:12><CTRL:00><G0041>P・MPが全回復した
<G0001>","<G0001>
<CTRL:12><CTRL:00>HP·MP가 모두 회복됐다
<G0001>",41 08 12 00 61 69 48 66 69 6A 20 D2 AA 20 EC 20 F0 3B F8 92 08 41 0D FF 00,,"[{""offset"": -5, ""raw_hex"": ""80 0e 00 00 00"", ""kind"": ""MESSAGE_HEADER"", ""opcode"": 128, ""argument"": 0}, {""offset"": 1, ""raw_hex"": ""08"", ""kind"": ""LINE_BREAK""}, {""offset"": 2, ""raw_hex"": ""12"", ""kind"": ""UNKNOWN_CONTROL""}, {""offset"": 3, ""raw_hex"": ""00"", ""kind"": ""UNKNOWN_CONTROL""}, {""offset"": 18, ""raw_hex"": ""08"", ""kind"": ""LINE_BREAK""}, {""offset"": 20, ""raw_hex"": ""0d ff 00"", ""kind"": ""MESSAGE_END""}]",REVIEW_1,NO,필드 안내 런타임 신고 및 0x4000/0x6000 전수 조사 반영.,PROVEN: scenario field/tutorial message; member_type=0x6000.
FIELD_RESOURCE_00061000_R00740000_M6000_0002,SCENARIO,field_resource_message,DATA/00061000.MDZ,DATA/00061000.MDT,0x00740000,00061000,40,0x004487cf,0x004487ca,21 08 12 00 61 69 48 66 69 7f 9b f1 5f f0 d6 f0 8a 92 08 21 0d ff 00,"<G0001>
<CTRL:12><CTRL:00><G0041>P・MPが全回復した
<G0001>","<G0001>
<CTRL:12><CTRL:00>HP·MP가 모두 회복됐다
<G0001>",41 08 12 00 61 69 48 66 69 6A 20 D2 AA 20 EC 20 F0 3B F8 92 08 41 0D FF 00,,"[{""offset"": -5, ""raw_hex"": ""80 0e 00 00 00"", ""kind"": ""MESSAGE_HEADER"", ""opcode"": 128, ""argument"": 0}, {""offset"": 1, ""raw_hex"": ""08"", ""kind"": ""LINE_BREAK""}, {""offset"": 2, ""raw_hex"": ""12"", ""kind"": ""UNKNOWN_CONTROL""}, {""offset"": 3, ""raw_hex"": ""00"", ""kind"": ""UNKNOWN_CONTROL""}, {""offset"": 18, ""raw_hex"": ""08"", ""kind"": ""LINE_BREAK""}, {""offset"": 20, ""raw_hex"": ""0d ff 00"", ""kind"": ""MESSAGE_END""}]",REVIEW_1,NO,필드 안내 런타임 신고 및 0x4000/0x6000 전수 조사 반영.,PROVEN: scenario field/tutorial message; member_type=0x6000.
FIELD_RESOURCE_00061000_R00740000_M4000_0001,SCENARIO,field_resource_message,DATA/00061000.MDZ,DATA/00061000.MDT,0x00740000,00061000,41,0x00448997,0x00448992,26 f0 c5 47 3d f0 ea c1 a7 f1 77 98 77 bd 9a 80 08 b8 f9 99 d3 f2 32 f1 d8 f0 52 f4 7f 42 f1 7b b0 8c 08 b8 f9 c1 7a f3 8a 98 b1 b0 8a b9 79 0d ff 00,"フィールドを歩いているとき
<G08B8>で周辺<G0188><G0442>が行えます
<G08B8>を押してみましょう","필드를 이동할 때
<G08B8> 버튼으로 주변을 검색할 수 있습니다
<G08B8> 버튼을 눌러 보세요",C1 F7 50 F8 A7 20 8B 37 F8 CD 20 E4 08 D8 F9 20 D3 5B F3 A2 99 20 C3 9C F9 C1 20 35 F4 7C F6 CD 20 AB 20 7E 49 F8 7B 92 08 D8 F9 20 D3 5B F3 C1 20 AB F7 C6 20 A9 E6 72 0D FF 00,,"[{""offset"": -5, ""raw_hex"": ""80 0e 00 00 00"", ""kind"": ""MESSAGE_HEADER"", ""opcode"": 128, ""argument"": 0}, {""offset"": 16, ""raw_hex"": ""08"", ""kind"": ""LINE_BREAK""}, {""offset"": 34, ""raw_hex"": ""08"", ""kind"": ""LINE_BREAK""}, {""offset"": 47, ""raw_hex"": ""0d ff 00"", ""kind"": ""MESSAGE_END""}]",REVIEW_1,NO,필드 안내 런타임 신고 및 0x4000/0x6000 전수 조사 반영.,PROVEN: scenario field/tutorial message; member_type=0x4000.
FIELD_RESOURCE_00061000_R00740000_M4001_0001,SCENARIO,field_resource_message,DATA/00061000.MDZ,DATA/00061000.MDT,0x00740000,00061000,42,0x004489df,0x004489da,d3 f2 32 f1 d8 f0 52 f4 c1 42 f1 79 9a 08 d7 47 e3 2e f0 c6 3a f0 e9 7f 22 f2 bc b0 8c 08 b0 c0 bc 99 9c 9d 7e 22 f2 95 92 bb 08 90 a0 b1 f0 28 f3 9d 42 f1 95 98 b1 b0 8a b9 79 0d ff 00,"周辺<G0188><G0442>を行うと
サーチポイントが光ります
まわりでなにか光ったら
その場<G0348>に行ってみましょう","주변 검색을 하면
서치 포인트가 빛납니다
주변에서 무언가 빛나면
그곳으로 가 보세요",C3 9C F9 20 35 F4 7C F6 C1 20 81 A0 08 8C 5F F3 20 23 F7 AC 22 F0 6A 20 4B F4 5B F7 7B 92 08 C3 9C F9 9D 8C 20 B7 AA F9 6A 20 4B F4 70 A0 08 83 BE F5 A2 99 20 6A 20 A9 E6 72 0D FF 00,,"[{""offset"": -5, ""raw_hex"": ""80 0e 00 00 00"", ""kind"": ""MESSAGE_HEADER"", ""opcode"": 128, ""argument"": 0}, {""offset"": 13, ""raw_hex"": ""08"", ""kind"": ""LINE_BREAK""}, {""offset"": 29, ""raw_hex"": ""08"", ""kind"": ""LINE_BREAK""}, {""offset"": 42, ""raw_hex"": ""08"", ""kind"": ""LINE_BREAK""}, {""offset"": 59, ""raw_hex"": ""0d ff 00"", ""kind"": ""MESSAGE_END""}]",REVIEW_1,NO,필드 안내 런타임 신고 및 0x4000/0x6000 전수 조사 반영.,PROVEN: scenario field/tutorial message; member_type=0x4001.
FIELD_RESOURCE_00061000_R00740000_M4002_0001,SCENARIO,field_resource_message,DATA/00061000.MDZ,DATA/00061000.MDT,0x00740000,00061000,43,0x00448a2f,0x00448a2a,d7 47 e3 2e f0 c6 3a f0 e9 99 a1 08 2d f0 e1 3a f0 9a c4 d1 d9 38 f0 3a f0 a0 86 f5 38 f6 7f 08 e0 f2 60 f2 5e f0 9d b9 f5 80 f4 88 be b0 8c 0d ff 00,"サーチポイントでは
ボタンとアクションの内<G05C8>が
<G0330>面<G010E>に<G0579><G0470>されます","서치 포인트에서는
버튼과 행동 내용이
화면 오른쪽에 표시됩니다",8C 5F F3 20 23 F7 AC 22 F0 9D 8C 93 08 D3 5B F3 3C F6 20 C5 37 F8 20 B9 C7 F6 8B 08 99 F4 A0 20 B0 CF F8 3F F7 9D 20 41 F7 A8 42 F8 7B 92 0D FF 00,,"[{""offset"": -5, ""raw_hex"": ""80 0e 00 00 00"", ""kind"": ""MESSAGE_HEADER"", ""opcode"": 128, ""argument"": 0}, {""offset"": 11, ""raw_hex"": ""08"", ""kind"": ""LINE_BREAK""}, {""offset"": 31, ""raw_hex"": ""08"", ""kind"": ""LINE_BREAK""}, {""offset"": 47, ""raw_hex"": ""0d ff 00"", ""kind"": ""MESSAGE_END""}]",REVIEW_1,NO,필드 안내 런타임 신고 및 0x4000/0x6000 전수 조사 반영.,PROVEN: scenario field/tutorial message; member_type=0x4002.
FIELD_RESOURCE_00061000_R00740000_M4003_0001,SCENARIO,field_resource_message,DATA/00061000.MDZ,DATA/00061000.MDT,0x00740000,00061000,44,0x00448a77,0x00448a72,b7 f9 c1 7a f3 8a 98 d5 f0 c1 41 f3 bd 86 9a 99 08 26 f0 c5 47 3d f0 ea a7 f0 9d 75 bd ba f4 90 f3 e3 f0 c1 08 41 f2 98 f0 8c bd 86 9a 7f 99 80 b0 8c 0d ff 00,"<G08B7>を押して剣を振ることで
フィールド上にある<G04AA><G03B0>物を
破壊することができます","<G08B7> 버튼을 눌러 검을 휘두르면
필드의 장애물을
파괴할 수 있습니다",D7 F9 20 D3 5B F3 C1 20 AB F7 C6 20 35 F4 C1 20 C7 F5 AA E8 A0 08 C1 F7 50 F8 95 20 A6 6F F9 3A F0 C1 08 77 F4 79 F6 CD 20 AB 20 7E 49 F8 7B 92 0D FF 00,,"[{""offset"": -5, ""raw_hex"": ""80 0e 00 00 00"", ""kind"": ""MESSAGE_HEADER"", ""opcode"": 128, ""argument"": 0}, {""offset"": 16, ""raw_hex"": ""08"", ""kind"": ""LINE_BREAK""}, {""offset"": 36, ""raw_hex"": ""08"", ""kind"": ""LINE_BREAK""}, {""offset"": 50, ""raw_hex"": ""0d ff 00"", ""kind"": ""MESSAGE_END""}]",REVIEW_1,NO,필드 안내 런타임 신고 및 0x4000/0x6000 전수 조사 반영.,PROVEN: scenario field/tutorial message; member_type=0x4003.
FIELD_RESOURCE_00061000_R00740000_M4004_0001,SCENARIO,field_resource_message,DATA/00061000.MDZ,DATA/00061000.MDT,0x00740000,00061000,45,0x00448abf,0x00448aba,86 a0 d3 f1 cf f0 99 b7 f9 c1 7a f3 8c 9a 08 7f f1 a0 c0 f0 9d 75 bd cf ef d5 c1 08 41 f2 98 f0 8c bd 86 9a 7f 99 80 b0 8c 0d ff 00,"この位置で<G08B7>を押すと
<G01FF>の<G0170>にあるキノコを
破壊することができます","이 위치에서 <G08B7> 버튼을 누르면
눈앞의 버섯을
파괴할 수 있습니다",8B 20 5F F7 5F F3 9D 8C 20 D7 F9 20 D3 5B F3 C1 20 A7 F7 E8 A0 08 A8 F7 6E F9 95 20 D3 EB F6 C1 08 77 F4 79 F6 CD 20 AB 20 7E 49 F8 7B 92 0D FF 00,,"[{""offset"": -5, ""raw_hex"": ""80 0e 00 00 00"", ""kind"": ""MESSAGE_HEADER"", ""opcode"": 128, ""argument"": 0}, {""offset"": 14, ""raw_hex"": ""08"", ""kind"": ""LINE_BREAK""}, {""offset"": 27, ""raw_hex"": ""08"", ""kind"": ""LINE_BREAK""}, {""offset"": 41, ""raw_hex"": ""0d ff 00"", ""kind"": ""MESSAGE_END""}]",REVIEW_1,NO,필드 안내 런타임 신고 및 0x4000/0x6000 전수 조사 반영.,PROVEN: scenario field/tutorial message; member_type=0x4004.
FIELD_RESOURCE_00061100_R00740000_M6000_0001,SCENARIO,field_resource_message,DATA/00061100.MDZ,DATA/00061100.MDT,0x00740000,00061100,46,0x0025606d,0x00256068,21 08 12 00 61 69 48 66 69 7f 9b f1 5f f0 d6 f0 8a 92 08 21 0d ff 00,"<G0001>
<CTRL:12><CTRL:00><G0041>P・MPが全回復した
<G0001>","<G0001>
<CTRL:12><CTRL:00>HP·MP가 모두 회복됐다
<G0001>",41 08 12 00 61 69 48 66 69 6A 20 D2 AA 20 EC 20 F0 3B F8 92 08 41 0D FF 00,,"[{""offset"": -5, ""raw_hex"": ""80 0e 00 00 00"", ""kind"": ""MESSAGE_HEADER"", ""opcode"": 128, ""argument"": 0}, {""offset"": 1, ""raw_hex"": ""08"", ""kind"": ""LINE_BREAK""}, {""offset"": 2, ""raw_hex"": ""12"", ""kind"": ""UNKNOWN_CONTROL""}, {""offset"": 3, ""raw_hex"": ""00"", ""kind"": ""UNKNOWN_CONTROL""}, {""offset"": 18, ""raw_hex"": ""08"", ""kind"": ""LINE_BREAK""}, {""offset"": 20, ""raw_hex"": ""0d ff 00"", ""kind"": ""MESSAGE_END""}]",REVIEW_1,NO,필드 안내 런타임 신고 및 0x4000/0x6000 전수 조사 반영.,PROVEN: scenario field/tutorial message; member_type=0x6000.
FIELD_RESOURCE_00061100_R00740000_M6000_0002,SCENARIO,field_resource_message,DATA/00061100.MDZ,DATA/00061100.MDT,0x00740000,00061100,47,0x0025613f,0x0025613a,21 08 12 00 61 69 48 66 69 7f 9b f1 5f f0 d6 f0 8a 92 08 21 0d ff 00,"<G0001>
<CTRL:12><CTRL:00><G0041>P・MPが全回復した
<G0001>","<G0001>
<CTRL:12><CTRL:00>HP·MP가 모두 회복됐다
<G0001>",41 08 12 00 61 69 48 66 69 6A 20 D2 AA 20 EC 20 F0 3B F8 92 08 41 0D FF 00,,"[{""offset"": -5, ""raw_hex"": ""80 0e 00 00 00"", ""kind"": ""MESSAGE_HEADER"", ""opcode"": 128, ""argument"": 0}, {""offset"": 1, ""raw_hex"": ""08"", ""kind"": ""LINE_BREAK""}, {""offset"": 2, ""raw_hex"": ""12"", ""kind"": ""UNKNOWN_CONTROL""}, {""offset"": 3, ""raw_hex"": ""00"", ""kind"": ""UNKNOWN_CONTROL""}, {""offset"": 18, ""raw_hex"": ""08"", ""kind"": ""LINE_BREAK""}, {""offset"": 20, ""raw_hex"": ""0d ff 00"", ""kind"": ""MESSAGE_END""}]",REVIEW_1,NO,필드 안내 런타임 신고 및 0x4000/0x6000 전수 조사 반영.,PROVEN: scenario field/tutorial message; member_type=0x6000.
FIELD_RESOURCE_00061100_R00740000_M4000_0001,SCENARIO,field_resource_message,DATA/00061100.MDZ,DATA/00061100.MDT,0x00740000,00061100,48,0x00256307,0x00256302,86 a0 ab f0 ac f0 a1 8e f3 80 b0 8e c2 0d ff 00,この宝<G015C>は開きません,이 보물상자는 열리지 않습니다,8B 20 A9 3A F0 DD A1 93 20 D5 F3 8A 8F 20 CE 49 F8 7B 92 0D FF 00,,"[{""offset"": -5, ""raw_hex"": ""80 0e 00 00 00"", ""kind"": ""MESSAGE_HEADER"", ""opcode"": 128, ""argument"": 0}, {""offset"": 13, ""raw_hex"": ""0d ff 00"", ""kind"": ""MESSAGE_END""}]",REVIEW_1,NO,필드 안내 런타임 신고 및 0x4000/0x6000 전수 조사 반영.,PROVEN: scenario field/tutorial message; member_type=0x4000.
FIELD_RESOURCE_00061100_R00740000_M4001_0001,SCENARIO,field_resource_message,DATA/00061100.MDZ,DATA/00061100.MDT,0x00740000,00061100,49,0x0025632f,0x0025632a,91 f0 92 f0 21 dd 47 27 f0 a1 88 f0 84 f1 b0 8e c2 0d ff 00,<G0141><G0142><G0001>セーブは出来ません,현재 저장할 수 없습니다,D6 F2 AE F9 20 9B A6 CD 20 AB 20 B1 49 F8 7B 92 0D FF 00,,"[{""offset"": -5, ""raw_hex"": ""80 0e 00 00 00"", ""kind"": ""MESSAGE_HEADER"", ""opcode"": 128, ""argument"": 0}, {""offset"": 17, ""raw_hex"": ""0d ff 00"", ""kind"": ""MESSAGE_END""}]",REVIEW_1,NO,필드 안내 런타임 신고 및 0x4000/0x6000 전수 조사 반영.,PROVEN: scenario field/tutorial message; member_type=0x4001.
FIELD_RESOURCE_00061300_R00740000_M6000_0001,SCENARIO,field_resource_message,DATA/00061300.MDZ,DATA/00061300.MDT,0x00740000,00061300,50,0x003e723d,0x003e7238,21 08 12 00 61 69 48 66 69 7f 9b f1 5f f0 d6 f0 8a 92 08 21 0d ff 00,"<G0001>
<CTRL:12><CTRL:00><G0041>P・MPが全回復した
<G0001>","<G0001>
<CTRL:12><CTRL:00>HP·MP가 모두 회복됐다
<G0001>",41 08 12 00 61 69 48 66 69 6A 20 D2 AA 20 EC 20 F0 3B F8 92 08 41 0D FF 00,,"[{""offset"": -5, ""raw_hex"": ""80 0e 00 00 00"", ""kind"": ""MESSAGE_HEADER"", ""opcode"": 128, ""argument"": 0}, {""offset"": 1, ""raw_hex"": ""08"", ""kind"": ""LINE_BREAK""}, {""offset"": 2, ""raw_hex"": ""12"", ""kind"": ""UNKNOWN_CONTROL""}, {""offset"": 3, ""raw_hex"": ""00"", ""kind"": ""UNKNOWN_CONTROL""}, {""offset"": 18, ""raw_hex"": ""08"", ""kind"": ""LINE_BREAK""}, {""offset"": 20, ""raw_hex"": ""0d ff 00"", ""kind"": ""MESSAGE_END""}]",REVIEW_1,NO,필드 안내 런타임 신고 및 0x4000/0x6000 전수 조사 반영.,PROVEN: scenario field/tutorial message; member_type=0x6000.
FIELD_RESOURCE_00061300_R00740000_M6000_0002,SCENARIO,field_resource_message,DATA/00061300.MDZ,DATA/00061300.MDT,0x00740000,00061300,51,0x003e730f,0x003e730a,21 08 12 00 61 69 48 66 69 7f 9b f1 5f f0 d6 f0 8a 92 08 21 0d ff 00,"<G0001>
<CTRL:12><CTRL:00><G0041>P・MPが全回復した
<G0001>","<G0001>
<CTRL:12><CTRL:00>HP·MP가 모두 회복됐다
<G0001>",41 08 12 00 61 69 48 66 69 6A 20 D2 AA 20 EC 20 F0 3B F8 92 08 41 0D FF 00,,"[{""offset"": -5, ""raw_hex"": ""80 0e 00 00 00"", ""kind"": ""MESSAGE_HEADER"", ""opcode"": 128, ""argument"": 0}, {""offset"": 1, ""raw_hex"": ""08"", ""kind"": ""LINE_BREAK""}, {""offset"": 2, ""raw_hex"": ""12"", ""kind"": ""UNKNOWN_CONTROL""}, {""offset"": 3, ""raw_hex"": ""00"", ""kind"": ""UNKNOWN_CONTROL""}, {""offset"": 18, ""raw_hex"": ""08"", ""kind"": ""LINE_BREAK""}, {""offset"": 20, ""raw_hex"": ""0d ff 00"", ""kind"": ""MESSAGE_END""}]",REVIEW_1,NO,필드 안내 런타임 신고 및 0x4000/0x6000 전수 조사 반영.,PROVEN: scenario field/tutorial message; member_type=0x6000.
FIELD_RESOURCE_00061300_R00740000_M4000_0001,SCENARIO,field_resource_message,DATA/00061300.MDZ,DATA/00061300.MDT,0x00740000,00061300,52,0x003e74d7,0x003e74d2,86 a0 ab f0 ac f0 a1 8e f3 80 b0 8e c2 0d ff 00,この宝<G015C>は開きません,이 보물상자는 열리지 않습니다,8B 20 A9 3A F0 DD A1 93 20 D5 F3 8A 8F 20 CE 49 F8 7B 92 0D FF 00,,"[{""offset"": -5, ""raw_hex"": ""80 0e 00 00 00"", ""kind"": ""MESSAGE_HEADER"", ""opcode"": 128, ""argument"": 0}, {""offset"": 13, ""raw_hex"": ""0d ff 00"", ""kind"": ""MESSAGE_END""}]",REVIEW_1,NO,필드 안내 런타임 신고 및 0x4000/0x6000 전수 조사 반영.,PROVEN: scenario field/tutorial message; member_type=0x4000.
FIELD_RESOURCE_00067700_R00740000_M6000_0001,SCENARIO,field_resource_message,DATA/00067700.MDZ,DATA/00067700.MDT,0x00740000,00067700,53,0x0013482d,0x00134828,21 08 12 00 61 69 48 66 69 7f 9b f1 5f f0 d6 f0 8a 92 08 21 0d ff 00,"<G0001>
<CTRL:12><CTRL:00><G0041>P・MPが全回復した
<G0001>","<G0001>
<CTRL:12><CTRL:00>HP·MP가 모두 회복됐다
<G0001>",41 08 12 00 61 69 48 66 69 6A 20 D2 AA 20 EC 20 F0 3B F8 92 08 41 0D FF 00,,"[{""offset"": -5, ""raw_hex"": ""80 0e 00 00 00"", ""kind"": ""MESSAGE_HEADER"", ""opcode"": 128, ""argument"": 0}, {""offset"": 1, ""raw_hex"": ""08"", ""kind"": ""LINE_BREAK""}, {""offset"": 2, ""raw_hex"": ""12"", ""kind"": ""UNKNOWN_CONTROL""}, {""offset"": 3, ""raw_hex"": ""00"", ""kind"": ""UNKNOWN_CONTROL""}, {""offset"": 18, ""raw_hex"": ""08"", ""kind"": ""LINE_BREAK""}, {""offset"": 20, ""raw_hex"": ""0d ff 00"", ""kind"": ""MESSAGE_END""}]",REVIEW_1,NO,필드 안내 런타임 신고 및 0x4000/0x6000 전수 조사 반영.,PROVEN: scenario field/tutorial message; member_type=0x6000.
FIELD_RESOURCE_00067700_R00740000_M6000_0002,SCENARIO,field_resource_message,DATA/00067700.MDZ,DATA/00067700.MDT,0x00740000,00067700,54,0x001348ff,0x001348fa,21 08 12 00 61 69 48 66 69 7f 9b f1 5f f0 d6 f0 8a 92 08 21 0d ff 00,"<G0001>
<CTRL:12><CTRL:00><G0041>P・MPが全回復した
<G0001>","<G0001>
<CTRL:12><CTRL:00>HP·MP가 모두 회복됐다
<G0001>",41 08 12 00 61 69 48 66 69 6A 20 D2 AA 20 EC 20 F0 3B F8 92 08 41 0D FF 00,,"[{""offset"": -5, ""raw_hex"": ""80 0e 00 00 00"", ""kind"": ""MESSAGE_HEADER"", ""opcode"": 128, ""argument"": 0}, {""offset"": 1, ""raw_hex"": ""08"", ""kind"": ""LINE_BREAK""}, {""offset"": 2, ""raw_hex"": ""12"", ""kind"": ""UNKNOWN_CONTROL""}, {""offset"": 3, ""raw_hex"": ""00"", ""kind"": ""UNKNOWN_CONTROL""}, {""offset"": 18, ""raw_hex"": ""08"", ""kind"": ""LINE_BREAK""}, {""offset"": 20, ""raw_hex"": ""0d ff 00"", ""kind"": ""MESSAGE_END""}]",REVIEW_1,NO,필드 안내 런타임 신고 및 0x4000/0x6000 전수 조사 반영.,PROVEN: scenario field/tutorial message; member_type=0x6000.
FIELD_RESOURCE_00067800_R00740000_M6000_0001,SCENARIO,field_resource_message,DATA/00067800.MDZ,DATA/00067800.MDT,0x00740000,00067800,55,0x001743ad,0x001743a8,21 08 12 00 61 69 48 66 69 7f 9b f1 5f f0 d6 f0 8a 92 08 21 0d ff 00,"<G0001>
<CTRL:12><CTRL:00><G0041>P・MPが全回復した
<G0001>","<G0001>
<CTRL:12><CTRL:00>HP·MP가 모두 회복됐다
<G0001>",41 08 12 00 61 69 48 66 69 6A 20 D2 AA 20 EC 20 F0 3B F8 92 08 41 0D FF 00,,"[{""offset"": -5, ""raw_hex"": ""80 0e 00 00 00"", ""kind"": ""MESSAGE_HEADER"", ""opcode"": 128, ""argument"": 0}, {""offset"": 1, ""raw_hex"": ""08"", ""kind"": ""LINE_BREAK""}, {""offset"": 2, ""raw_hex"": ""12"", ""kind"": ""UNKNOWN_CONTROL""}, {""offset"": 3, ""raw_hex"": ""00"", ""kind"": ""UNKNOWN_CONTROL""}, {""offset"": 18, ""raw_hex"": ""08"", ""kind"": ""LINE_BREAK""}, {""offset"": 20, ""raw_hex"": ""0d ff 00"", ""kind"": ""MESSAGE_END""}]",REVIEW_1,NO,필드 안내 런타임 신고 및 0x4000/0x6000 전수 조사 반영.,PROVEN: scenario field/tutorial message; member_type=0x6000.
FIELD_RESOURCE_00067800_R00740000_M6000_0002,SCENARIO,field_resource_message,DATA/00067800.MDZ,DATA/00067800.MDT,0x00740000,00067800,56,0x0017447f,0x0017447a,21 08 12 00 61 69 48 66 69 7f 9b f1 5f f0 d6 f0 8a 92 08 21 0d ff 00,"<G0001>
<CTRL:12><CTRL:00><G0041>P・MPが全回復した
<G0001>","<G0001>
<CTRL:12><CTRL:00>HP·MP가 모두 회복됐다
<G0001>",41 08 12 00 61 69 48 66 69 6A 20 D2 AA 20 EC 20 F0 3B F8 92 08 41 0D FF 00,,"[{""offset"": -5, ""raw_hex"": ""80 0e 00 00 00"", ""kind"": ""MESSAGE_HEADER"", ""opcode"": 128, ""argument"": 0}, {""offset"": 1, ""raw_hex"": ""08"", ""kind"": ""LINE_BREAK""}, {""offset"": 2, ""raw_hex"": ""12"", ""kind"": ""UNKNOWN_CONTROL""}, {""offset"": 3, ""raw_hex"": ""00"", ""kind"": ""UNKNOWN_CONTROL""}, {""offset"": 18, ""raw_hex"": ""08"", ""kind"": ""LINE_BREAK""}, {""offset"": 20, ""raw_hex"": ""0d ff 00"", ""kind"": ""MESSAGE_END""}]",REVIEW_1,NO,필드 안내 런타임 신고 및 0x4000/0x6000 전수 조사 반영.,PROVEN: scenario field/tutorial message; member_type=0x6000.
FIELD_RESOURCE_00090000_R00740000_M6000_0001,SCENARIO,field_resource_message,DATA/00090000.MDZ,DATA/00090000.MDT,0x00740000,00090000,57,0x002754bd,0x002754b8,21 08 12 00 61 69 48 66 69 7f 9b f1 5f f0 d6 f0 8a 92 08 21 0d ff 00,"<G0001>
<CTRL:12><CTRL:00><G0041>P・MPが全回復した
<G0001>","<G0001>
<CTRL:12><CTRL:00>HP·MP가 모두 회복됐다
<G0001>",41 08 12 00 61 69 48 66 69 6A 20 D2 AA 20 EC 20 F0 3B F8 92 08 41 0D FF 00,,"[{""offset"": -5, ""raw_hex"": ""80 0e 00 00 00"", ""kind"": ""MESSAGE_HEADER"", ""opcode"": 128, ""argument"": 0}, {""offset"": 1, ""raw_hex"": ""08"", ""kind"": ""LINE_BREAK""}, {""offset"": 2, ""raw_hex"": ""12"", ""kind"": ""UNKNOWN_CONTROL""}, {""offset"": 3, ""raw_hex"": ""00"", ""kind"": ""UNKNOWN_CONTROL""}, {""offset"": 18, ""raw_hex"": ""08"", ""kind"": ""LINE_BREAK""}, {""offset"": 20, ""raw_hex"": ""0d ff 00"", ""kind"": ""MESSAGE_END""}]",REVIEW_1,NO,필드 안내 런타임 신고 및 0x4000/0x6000 전수 조사 반영.,PROVEN: scenario field/tutorial message; member_type=0x6000.
FIELD_RESOURCE_00090000_R00740000_M6000_0002,SCENARIO,field_resource_message,DATA/00090000.MDZ,DATA/00090000.MDT,0x00740000,00090000,58,0x0027558f,0x0027558a,21 08 12 00 61 69 48 66 69 7f 9b f1 5f f0 d6 f0 8a 92 08 21 0d ff 00,"<G0001>
<CTRL:12><CTRL:00><G0041>P・MPが全回復した
<G0001>","<G0001>
<CTRL:12><CTRL:00>HP·MP가 모두 회복됐다
<G0001>",41 08 12 00 61 69 48 66 69 6A 20 D2 AA 20 EC 20 F0 3B F8 92 08 41 0D FF 00,,"[{""offset"": -5, ""raw_hex"": ""80 0e 00 00 00"", ""kind"": ""MESSAGE_HEADER"", ""opcode"": 128, ""argument"": 0}, {""offset"": 1, ""raw_hex"": ""08"", ""kind"": ""LINE_BREAK""}, {""offset"": 2, ""raw_hex"": ""12"", ""kind"": ""UNKNOWN_CONTROL""}, {""offset"": 3, ""raw_hex"": ""00"", ""kind"": ""UNKNOWN_CONTROL""}, {""offset"": 18, ""raw_hex"": ""08"", ""kind"": ""LINE_BREAK""}, {""offset"": 20, ""raw_hex"": ""0d ff 00"", ""kind"": ""MESSAGE_END""}]",REVIEW_1,NO,필드 안내 런타임 신고 및 0x4000/0x6000 전수 조사 반영.,PROVEN: scenario field/tutorial message; member_type=0x6000.
FIELD_RESOURCE_00090100_R00740000_M6000_0001,SCENARIO,field_resource_message,DATA/00090100.MDZ,DATA/00090100.MDT,0x00740000,00090100,59,0x0041a5ad,0x0041a5a8,21 08 12 00 61 69 48 66 69 7f 9b f1 5f f0 d6 f0 8a 92 08 21 0d ff 00,"<G0001>
<CTRL:12><CTRL:00><G0041>P・MPが全回復した
<G0001>","<G0001>
<CTRL:12><CTRL:00>HP·MP가 모두 회복됐다
<G0001>",41 08 12 00 61 69 48 66 69 6A 20 D2 AA 20 EC 20 F0 3B F8 92 08 41 0D FF 00,,"[{""offset"": -5, ""raw_hex"": ""80 0e 00 00 00"", ""kind"": ""MESSAGE_HEADER"", ""opcode"": 128, ""argument"": 0}, {""offset"": 1, ""raw_hex"": ""08"", ""kind"": ""LINE_BREAK""}, {""offset"": 2, ""raw_hex"": ""12"", ""kind"": ""UNKNOWN_CONTROL""}, {""offset"": 3, ""raw_hex"": ""00"", ""kind"": ""UNKNOWN_CONTROL""}, {""offset"": 18, ""raw_hex"": ""08"", ""kind"": ""LINE_BREAK""}, {""offset"": 20, ""raw_hex"": ""0d ff 00"", ""kind"": ""MESSAGE_END""}]",REVIEW_1,NO,필드 안내 런타임 신고 및 0x4000/0x6000 전수 조사 반영.,PROVEN: scenario field/tutorial message; member_type=0x6000.
FIELD_RESOURCE_00090100_R00740000_M6000_0002,SCENARIO,field_resource_message,DATA/00090100.MDZ,DATA/00090100.MDT,0x00740000,00090100,60,0x0041a67f,0x0041a67a,21 08 12 00 61 69 48 66 69 7f 9b f1 5f f0 d6 f0 8a 92 08 21 0d ff 00,"<G0001>
<CTRL:12><CTRL:00><G0041>P・MPが全回復した
<G0001>","<G0001>
<CTRL:12><CTRL:00>HP·MP가 모두 회복됐다
<G0001>",41 08 12 00 61 69 48 66 69 6A 20 D2 AA 20 EC 20 F0 3B F8 92 08 41 0D FF 00,,"[{""offset"": -5, ""raw_hex"": ""80 0e 00 00 00"", ""kind"": ""MESSAGE_HEADER"", ""opcode"": 128, ""argument"": 0}, {""offset"": 1, ""raw_hex"": ""08"", ""kind"": ""LINE_BREAK""}, {""offset"": 2, ""raw_hex"": ""12"", ""kind"": ""UNKNOWN_CONTROL""}, {""offset"": 3, ""raw_hex"": ""00"", ""kind"": ""UNKNOWN_CONTROL""}, {""offset"": 18, ""raw_hex"": ""08"", ""kind"": ""LINE_BREAK""}, {""offset"": 20, ""raw_hex"": ""0d ff 00"", ""kind"": ""MESSAGE_END""}]",REVIEW_1,NO,필드 안내 런타임 신고 및 0x4000/0x6000 전수 조사 반영.,PROVEN: scenario field/tutorial message; member_type=0x6000.
FIELD_RESOURCE_00120000_R00740000_M6000_0001,SCENARIO,field_resource_message,DATA/00120000.MDZ,DATA/00120000.MDT,0x00740000,00120000,61,0x0053087d,0x00530878,21 08 12 00 61 69 48 66 69 7f 9b f1 5f f0 d6 f0 8a 92 08 21 0d ff 00,"<G0001>
<CTRL:12><CTRL:00><G0041>P・MPが全回復した
<G0001>","<G0001>
<CTRL:12><CTRL:00>HP·MP가 모두 회복됐다
<G0001>",41 08 12 00 61 69 48 66 69 6A 20 D2 AA 20 EC 20 F0 3B F8 92 08 41 0D FF 00,,"[{""offset"": -5, ""raw_hex"": ""80 0e 00 00 00"", ""kind"": ""MESSAGE_HEADER"", ""opcode"": 128, ""argument"": 0}, {""offset"": 1, ""raw_hex"": ""08"", ""kind"": ""LINE_BREAK""}, {""offset"": 2, ""raw_hex"": ""12"", ""kind"": ""UNKNOWN_CONTROL""}, {""offset"": 3, ""raw_hex"": ""00"", ""kind"": ""UNKNOWN_CONTROL""}, {""offset"": 18, ""raw_hex"": ""08"", ""kind"": ""LINE_BREAK""}, {""offset"": 20, ""raw_hex"": ""0d ff 00"", ""kind"": ""MESSAGE_END""}]",REVIEW_1,NO,필드 안내 런타임 신고 및 0x4000/0x6000 전수 조사 반영.,PROVEN: scenario field/tutorial message; member_type=0x6000.
FIELD_RESOURCE_00120000_R00740000_M6000_0002,SCENARIO,field_resource_message,DATA/00120000.MDZ,DATA/00120000.MDT,0x00740000,00120000,62,0x0053094f,0x0053094a,21 08 12 00 61 69 48 66 69 7f 9b f1 5f f0 d6 f0 8a 92 08 21 0d ff 00,"<G0001>
<CTRL:12><CTRL:00><G0041>P・MPが全回復した
<G0001>","<G0001>
<CTRL:12><CTRL:00>HP·MP가 모두 회복됐다
<G0001>",41 08 12 00 61 69 48 66 69 6A 20 D2 AA 20 EC 20 F0 3B F8 92 08 41 0D FF 00,,"[{""offset"": -5, ""raw_hex"": ""80 0e 00 00 00"", ""kind"": ""MESSAGE_HEADER"", ""opcode"": 128, ""argument"": 0}, {""offset"": 1, ""raw_hex"": ""08"", ""kind"": ""LINE_BREAK""}, {""offset"": 2, ""raw_hex"": ""12"", ""kind"": ""UNKNOWN_CONTROL""}, {""offset"": 3, ""raw_hex"": ""00"", ""kind"": ""UNKNOWN_CONTROL""}, {""offset"": 18, ""raw_hex"": ""08"", ""kind"": ""LINE_BREAK""}, {""offset"": 20, ""raw_hex"": ""0d ff 00"", ""kind"": ""MESSAGE_END""}]",REVIEW_1,NO,필드 안내 런타임 신고 및 0x4000/0x6000 전수 조사 반영.,PROVEN: scenario field/tutorial message; member_type=0x6000.
FIELD_RESOURCE_00120100_R00740000_M6000_0001,SCENARIO,field_resource_message,DATA/00120100.MDZ,DATA/00120100.MDT,0x00740000,00120100,63,0x002e4aed,0x002e4ae8,21 08 12 00 61 69 48 66 69 7f 9b f1 5f f0 d6 f0 8a 92 08 21 0d ff 00,"<G0001>
<CTRL:12><CTRL:00><G0041>P・MPが全回復した
<G0001>","<G0001>
<CTRL:12><CTRL:00>HP·MP가 모두 회복됐다
<G0001>",41 08 12 00 61 69 48 66 69 6A 20 D2 AA 20 EC 20 F0 3B F8 92 08 41 0D FF 00,,"[{""offset"": -5, ""raw_hex"": ""80 0e 00 00 00"", ""kind"": ""MESSAGE_HEADER"", ""opcode"": 128, ""argument"": 0}, {""offset"": 1, ""raw_hex"": ""08"", ""kind"": ""LINE_BREAK""}, {""offset"": 2, ""raw_hex"": ""12"", ""kind"": ""UNKNOWN_CONTROL""}, {""offset"": 3, ""raw_hex"": ""00"", ""kind"": ""UNKNOWN_CONTROL""}, {""offset"": 18, ""raw_hex"": ""08"", ""kind"": ""LINE_BREAK""}, {""offset"": 20, ""raw_hex"": ""0d ff 00"", ""kind"": ""MESSAGE_END""}]",REVIEW_1,NO,필드 안내 런타임 신고 및 0x4000/0x6000 전수 조사 반영.,PROVEN: scenario field/tutorial message; member_type=0x6000.
FIELD_RESOURCE_00120100_R00740000_M6000_0002,SCENARIO,field_resource_message,DATA/00120100.MDZ,DATA/00120100.MDT,0x00740000,00120100,64,0x002e4bbf,0x002e4bba,21 08 12 00 61 69 48 66 69 7f 9b f1 5f f0 d6 f0 8a 92 08 21 0d ff 00,"<G0001>
<CTRL:12><CTRL:00><G0041>P・MPが全回復した
<G0001>","<G0001>
<CTRL:12><CTRL:00>HP·MP가 모두 회복됐다
<G0001>",41 08 12 00 61 69 48 66 69 6A 20 D2 AA 20 EC 20 F0 3B F8 92 08 41 0D FF 00,,"[{""offset"": -5, ""raw_hex"": ""80 0e 00 00 00"", ""kind"": ""MESSAGE_HEADER"", ""opcode"": 128, ""argument"": 0}, {""offset"": 1, ""raw_hex"": ""08"", ""kind"": ""LINE_BREAK""}, {""offset"": 2, ""raw_hex"": ""12"", ""kind"": ""UNKNOWN_CONTROL""}, {""offset"": 3, ""raw_hex"": ""00"", ""kind"": ""UNKNOWN_CONTROL""}, {""offset"": 18, ""raw_hex"": ""08"", ""kind"": ""LINE_BREAK""}, {""offset"": 20, ""raw_hex"": ""0d ff 00"", ""kind"": ""MESSAGE_END""}]",REVIEW_1,NO,필드 안내 런타임 신고 및 0x4000/0x6000 전수 조사 반영.,PROVEN: scenario field/tutorial message; member_type=0x6000.
FIELD_RESOURCE_00120200_R00740000_M6000_0001,SCENARIO,field_resource_message,DATA/00120200.MDZ,DATA/00120200.MDT,0x00740000,00120200,65,0x0025362d,0x00253628,21 08 12 00 61 69 48 66 69 7f 9b f1 5f f0 d6 f0 8a 92 08 21 0d ff 00,"<G0001>
<CTRL:12><CTRL:00><G0041>P・MPが全回復した
<G0001>","<G0001>
<CTRL:12><CTRL:00>HP·MP가 모두 회복됐다
<G0001>",41 08 12 00 61 69 48 66 69 6A 20 D2 AA 20 EC 20 F0 3B F8 92 08 41 0D FF 00,,"[{""offset"": -5, ""raw_hex"": ""80 0e 00 00 00"", ""kind"": ""MESSAGE_HEADER"", ""opcode"": 128, ""argument"": 0}, {""offset"": 1, ""raw_hex"": ""08"", ""kind"": ""LINE_BREAK""}, {""offset"": 2, ""raw_hex"": ""12"", ""kind"": ""UNKNOWN_CONTROL""}, {""offset"": 3, ""raw_hex"": ""00"", ""kind"": ""UNKNOWN_CONTROL""}, {""offset"": 18, ""raw_hex"": ""08"", ""kind"": ""LINE_BREAK""}, {""offset"": 20, ""raw_hex"": ""0d ff 00"", ""kind"": ""MESSAGE_END""}]",REVIEW_1,NO,필드 안내 런타임 신고 및 0x4000/0x6000 전수 조사 반영.,PROVEN: scenario field/tutorial message; member_type=0x6000.
FIELD_RESOURCE_00120200_R00740000_M6000_0002,SCENARIO,field_resource_message,DATA/00120200.MDZ,DATA/00120200.MDT,0x00740000,00120200,66,0x002536ff,0x002536fa,21 08 12 00 61 69 48 66 69 7f 9b f1 5f f0 d6 f0 8a 92 08 21 0d ff 00,"<G0001>
<CTRL:12><CTRL:00><G0041>P・MPが全回復した
<G0001>","<G0001>
<CTRL:12><CTRL:00>HP·MP가 모두 회복됐다
<G0001>",41 08 12 00 61 69 48 66 69 6A 20 D2 AA 20 EC 20 F0 3B F8 92 08 41 0D FF 00,,"[{""offset"": -5, ""raw_hex"": ""80 0e 00 00 00"", ""kind"": ""MESSAGE_HEADER"", ""opcode"": 128, ""argument"": 0}, {""offset"": 1, ""raw_hex"": ""08"", ""kind"": ""LINE_BREAK""}, {""offset"": 2, ""raw_hex"": ""12"", ""kind"": ""UNKNOWN_CONTROL""}, {""offset"": 3, ""raw_hex"": ""00"", ""kind"": ""UNKNOWN_CONTROL""}, {""offset"": 18, ""raw_hex"": ""08"", ""kind"": ""LINE_BREAK""}, {""offset"": 20, ""raw_hex"": ""0d ff 00"", ""kind"": ""MESSAGE_END""}]",REVIEW_1,NO,필드 안내 런타임 신고 및 0x4000/0x6000 전수 조사 반영.,PROVEN: scenario field/tutorial message; member_type=0x6000.
FIELD_RESOURCE_00150100_R00740000_M6000_0001,SCENARIO,field_resource_message,DATA/00150100.MDZ,DATA/00150100.MDT,0x00740000,00150100,67,0x003d62dd,0x003d62d8,21 08 12 00 61 69 48 66 69 7f 9b f1 5f f0 d6 f0 8a 92 08 21 0d ff 00,"<G0001>
<CTRL:12><CTRL:00><G0041>P・MPが全回復した
<G0001>","<G0001>
<CTRL:12><CTRL:00>HP·MP가 모두 회복됐다
<G0001>",41 08 12 00 61 69 48 66 69 6A 20 D2 AA 20 EC 20 F0 3B F8 92 08 41 0D FF 00,,"[{""offset"": -5, ""raw_hex"": ""80 0e 00 00 00"", ""kind"": ""MESSAGE_HEADER"", ""opcode"": 128, ""argument"": 0}, {""offset"": 1, ""raw_hex"": ""08"", ""kind"": ""LINE_BREAK""}, {""offset"": 2, ""raw_hex"": ""12"", ""kind"": ""UNKNOWN_CONTROL""}, {""offset"": 3, ""raw_hex"": ""00"", ""kind"": ""UNKNOWN_CONTROL""}, {""offset"": 18, ""raw_hex"": ""08"", ""kind"": ""LINE_BREAK""}, {""offset"": 20, ""raw_hex"": ""0d ff 00"", ""kind"": ""MESSAGE_END""}]",REVIEW_1,NO,필드 안내 런타임 신고 및 0x4000/0x6000 전수 조사 반영.,PROVEN: scenario field/tutorial message; member_type=0x6000.
FIELD_RESOURCE_00150100_R00740000_M6000_0002,SCENARIO,field_resource_message,DATA/00150100.MDZ,DATA/00150100.MDT,0x00740000,00150100,68,0x003d63af,0x003d63aa,21 08 12 00 61 69 48 66 69 7f 9b f1 5f f0 d6 f0 8a 92 08 21 0d ff 00,"<G0001>
<CTRL:12><CTRL:00><G0041>P・MPが全回復した
<G0001>","<G0001>
<CTRL:12><CTRL:00>HP·MP가 모두 회복됐다
<G0001>",41 08 12 00 61 69 48 66 69 6A 20 D2 AA 20 EC 20 F0 3B F8 92 08 41 0D FF 00,,"[{""offset"": -5, ""raw_hex"": ""80 0e 00 00 00"", ""kind"": ""MESSAGE_HEADER"", ""opcode"": 128, ""argument"": 0}, {""offset"": 1, ""raw_hex"": ""08"", ""kind"": ""LINE_BREAK""}, {""offset"": 2, ""raw_hex"": ""12"", ""kind"": ""UNKNOWN_CONTROL""}, {""offset"": 3, ""raw_hex"": ""00"", ""kind"": ""UNKNOWN_CONTROL""}, {""offset"": 18, ""raw_hex"": ""08"", ""kind"": ""LINE_BREAK""}, {""offset"": 20, ""raw_hex"": ""0d ff 00"", ""kind"": ""MESSAGE_END""}]",REVIEW_1,NO,필드 안내 런타임 신고 및 0x4000/0x6000 전수 조사 반영.,PROVEN: scenario field/tutorial message; member_type=0x6000.
FIELD_RESOURCE_00150200_R00740000_M6000_0001,SCENARIO,field_resource_message,DATA/00150200.MDZ,DATA/00150200.MDT,0x00740000,00150200,69,0x0025823d,0x00258238,21 08 12 00 61 69 48 66 69 7f 9b f1 5f f0 d6 f0 8a 92 08 21 0d ff 00,"<G0001>
<CTRL:12><CTRL:00><G0041>P・MPが全回復した
<G0001>","<G0001>
<CTRL:12><CTRL:00>HP·MP가 모두 회복됐다
<G0001>",41 08 12 00 61 69 48 66 69 6A 20 D2 AA 20 EC 20 F0 3B F8 92 08 41 0D FF 00,,"[{""offset"": -5, ""raw_hex"": ""80 0e 00 00 00"", ""kind"": ""MESSAGE_HEADER"", ""opcode"": 128, ""argument"": 0}, {""offset"": 1, ""raw_hex"": ""08"", ""kind"": ""LINE_BREAK""}, {""offset"": 2, ""raw_hex"": ""12"", ""kind"": ""UNKNOWN_CONTROL""}, {""offset"": 3, ""raw_hex"": ""00"", ""kind"": ""UNKNOWN_CONTROL""}, {""offset"": 18, ""raw_hex"": ""08"", ""kind"": ""LINE_BREAK""}, {""offset"": 20, ""raw_hex"": ""0d ff 00"", ""kind"": ""MESSAGE_END""}]",REVIEW_1,NO,필드 안내 런타임 신고 및 0x4000/0x6000 전수 조사 반영.,PROVEN: scenario field/tutorial message; member_type=0x6000.
FIELD_RESOURCE_00150200_R00740000_M6000_0002,SCENARIO,field_resource_message,DATA/00150200.MDZ,DATA/00150200.MDT,0x00740000,00150200,70,0x0025830f,0x0025830a,21 08 12 00 61 69 48 66 69 7f 9b f1 5f f0 d6 f0 8a 92 08 21 0d ff 00,"<G0001>
<CTRL:12><CTRL:00><G0041>P・MPが全回復した
<G0001>","<G0001>
<CTRL:12><CTRL:00>HP·MP가 모두 회복됐다
<G0001>",41 08 12 00 61 69 48 66 69 6A 20 D2 AA 20 EC 20 F0 3B F8 92 08 41 0D FF 00,,"[{""offset"": -5, ""raw_hex"": ""80 0e 00 00 00"", ""kind"": ""MESSAGE_HEADER"", ""opcode"": 128, ""argument"": 0}, {""offset"": 1, ""raw_hex"": ""08"", ""kind"": ""LINE_BREAK""}, {""offset"": 2, ""raw_hex"": ""12"", ""kind"": ""UNKNOWN_CONTROL""}, {""offset"": 3, ""raw_hex"": ""00"", ""kind"": ""UNKNOWN_CONTROL""}, {""offset"": 18, ""raw_hex"": ""08"", ""kind"": ""LINE_BREAK""}, {""offset"": 20, ""raw_hex"": ""0d ff 00"", ""kind"": ""MESSAGE_END""}]",REVIEW_1,NO,필드 안내 런타임 신고 및 0x4000/0x6000 전수 조사 반영.,PROVEN: scenario field/tutorial message; member_type=0x6000.
FIELD_RESOURCE_00151000_R00740000_M6000_0001,SCENARIO,field_resource_message,DATA/00151000.MDZ,DATA/00151000.MDT,0x00740000,00151000,71,0x002ee63d,0x002ee638,21 08 12 00 61 69 48 66 69 7f 9b f1 5f f0 d6 f0 8a 92 08 21 0d ff 00,"<G0001>
<CTRL:12><CTRL:00><G0041>P・MPが全回復した
<G0001>","<G0001>
<CTRL:12><CTRL:00>HP·MP 모두 회복
<G0001>",41 08 12 00 61 69 48 66 69 20 D2 AA 20 EC 20 F0 08 41 0D FF 00,,"[{""offset"": -5, ""raw_hex"": ""80 0e 00 00 00"", ""kind"": ""MESSAGE_HEADER"", ""opcode"": 128, ""argument"": 0}, {""offset"": 1, ""raw_hex"": ""08"", ""kind"": ""LINE_BREAK""}, {""offset"": 2, ""raw_hex"": ""12"", ""kind"": ""UNKNOWN_CONTROL""}, {""offset"": 3, ""raw_hex"": ""00"", ""kind"": ""UNKNOWN_CONTROL""}, {""offset"": 18, ""raw_hex"": ""08"", ""kind"": ""LINE_BREAK""}, {""offset"": 20, ""raw_hex"": ""0d ff 00"", ""kind"": ""MESSAGE_END""}]",REVIEW_1,NO,필드 안내 런타임 신고 및 0x4000/0x6000 전수 조사 반영.,PROVEN: scenario field/tutorial message; member_type=0x6000. | FIXED_STORAGE_SIZE=23
FIELD_RESOURCE_00151000_R00740000_M6000_0002,SCENARIO,field_resource_message,DATA/00151000.MDZ,DATA/00151000.MDT,0x00740000,00151000,72,0x002ee70f,0x002ee70a,21 08 12 00 61 69 48 66 69 7f 9b f1 5f f0 d6 f0 8a 92 08 21 0d ff 00,"<G0001>
<CTRL:12><CTRL:00><G0041>P・MPが全回復した
<G0001>","<G0001>
<CTRL:12><CTRL:00>HP·MP 모두 회복
<G0001>",41 08 12 00 61 69 48 66 69 20 D2 AA 20 EC 20 F0 08 41 0D FF 00,,"[{""offset"": -5, ""raw_hex"": ""80 0e 00 00 00"", ""kind"": ""MESSAGE_HEADER"", ""opcode"": 128, ""argument"": 0}, {""offset"": 1, ""raw_hex"": ""08"", ""kind"": ""LINE_BREAK""}, {""offset"": 2, ""raw_hex"": ""12"", ""kind"": ""UNKNOWN_CONTROL""}, {""offset"": 3, ""raw_hex"": ""00"", ""kind"": ""UNKNOWN_CONTROL""}, {""offset"": 18, ""raw_hex"": ""08"", ""kind"": ""LINE_BREAK""}, {""offset"": 20, ""raw_hex"": ""0d ff 00"", ""kind"": ""MESSAGE_END""}]",REVIEW_1,NO,필드 안내 런타임 신고 및 0x4000/0x6000 전수 조사 반영.,PROVEN: scenario field/tutorial message; member_type=0x6000. | FIXED_STORAGE_SIZE=23
FIELD_RESOURCE_00151100_R00740000_M6000_0001,SCENARIO,field_resource_message,DATA/00151100.MDZ,DATA/00151100.MDT,0x00740000,00151100,73,0x0016222d,0x00162228,21 08 12 00 61 69 48 66 69 7f 9b f1 5f f0 d6 f0 8a 92 08 21 0d ff 00,"<G0001>
<CTRL:12><CTRL:00><G0041>P・MPが全回復した
<G0001>","<G0001>
<CTRL:12><CTRL:00>HP·MP가 모두 회복됐다
<G0001>",41 08 12 00 61 69 48 66 69 6A 20 D2 AA 20 EC 20 F0 3B F8 92 08 41 0D FF 00,,"[{""offset"": -5, ""raw_hex"": ""80 0e 00 00 00"", ""kind"": ""MESSAGE_HEADER"", ""opcode"": 128, ""argument"": 0}, {""offset"": 1, ""raw_hex"": ""08"", ""kind"": ""LINE_BREAK""}, {""offset"": 2, ""raw_hex"": ""12"", ""kind"": ""UNKNOWN_CONTROL""}, {""offset"": 3, ""raw_hex"": ""00"", ""kind"": ""UNKNOWN_CONTROL""}, {""offset"": 18, ""raw_hex"": ""08"", ""kind"": ""LINE_BREAK""}, {""offset"": 20, ""raw_hex"": ""0d ff 00"", ""kind"": ""MESSAGE_END""}]",REVIEW_1,NO,필드 안내 런타임 신고 및 0x4000/0x6000 전수 조사 반영.,PROVEN: scenario field/tutorial message; member_type=0x6000.
FIELD_RESOURCE_00151100_R00740000_M6000_0002,SCENARIO,field_resource_message,DATA/00151100.MDZ,DATA/00151100.MDT,0x00740000,00151100,74,0x001622ff,0x001622fa,21 08 12 00 61 69 48 66 69 7f 9b f1 5f f0 d6 f0 8a 92 08 21 0d ff 00,"<G0001>
<CTRL:12><CTRL:00><G0041>P・MPが全回復した
<G0001>","<G0001>
<CTRL:12><CTRL:00>HP·MP가 모두 회복됐다
<G0001>",41 08 12 00 61 69 48 66 69 6A 20 D2 AA 20 EC 20 F0 3B F8 92 08 41 0D FF 00,,"[{""offset"": -5, ""raw_hex"": ""80 0e 00 00 00"", ""kind"": ""MESSAGE_HEADER"", ""opcode"": 128, ""argument"": 0}, {""offset"": 1, ""raw_hex"": ""08"", ""kind"": ""LINE_BREAK""}, {""offset"": 2, ""raw_hex"": ""12"", ""kind"": ""UNKNOWN_CONTROL""}, {""offset"": 3, ""raw_hex"": ""00"", ""kind"": ""UNKNOWN_CONTROL""}, {""offset"": 18, ""raw_hex"": ""08"", ""kind"": ""LINE_BREAK""}, {""offset"": 20, ""raw_hex"": ""0d ff 00"", ""kind"": ""MESSAGE_END""}]",REVIEW_1,NO,필드 안내 런타임 신고 및 0x4000/0x6000 전수 조사 반영.,PROVEN: scenario field/tutorial message; member_type=0x6000.
FIELD_RESOURCE_00151200_R00740000_M6000_0001,SCENARIO,field_resource_message,DATA/00151200.MDZ,DATA/00151200.MDT,0x00740000,00151200,75,0x0013e92d,0x0013e928,21 08 12 00 61 69 48 66 69 7f 9b f1 5f f0 d6 f0 8a 92 08 21 0d ff 00,"<G0001>
<CTRL:12><CTRL:00><G0041>P・MPが全回復した
<G0001>","<G0001>
<CTRL:12><CTRL:00>HP·MP가 모두 회복됐다
<G0001>",41 08 12 00 61 69 48 66 69 6A 20 D2 AA 20 EC 20 F0 3B F8 92 08 41 0D FF 00,,"[{""offset"": -5, ""raw_hex"": ""80 0e 00 00 00"", ""kind"": ""MESSAGE_HEADER"", ""opcode"": 128, ""argument"": 0}, {""offset"": 1, ""raw_hex"": ""08"", ""kind"": ""LINE_BREAK""}, {""offset"": 2, ""raw_hex"": ""12"", ""kind"": ""UNKNOWN_CONTROL""}, {""offset"": 3, ""raw_hex"": ""00"", ""kind"": ""UNKNOWN_CONTROL""}, {""offset"": 18, ""raw_hex"": ""08"", ""kind"": ""LINE_BREAK""}, {""offset"": 20, ""raw_hex"": ""0d ff 00"", ""kind"": ""MESSAGE_END""}]",REVIEW_1,NO,필드 안내 런타임 신고 및 0x4000/0x6000 전수 조사 반영.,PROVEN: scenario field/tutorial message; member_type=0x6000.
FIELD_RESOURCE_00151200_R00740000_M6000_0002,SCENARIO,field_resource_message,DATA/00151200.MDZ,DATA/00151200.MDT,0x00740000,00151200,76,0x0013e9ff,0x0013e9fa,21 08 12 00 61 69 48 66 69 7f 9b f1 5f f0 d6 f0 8a 92 08 21 0d ff 00,"<G0001>
<CTRL:12><CTRL:00><G0041>P・MPが全回復した
<G0001>","<G0001>
<CTRL:12><CTRL:00>HP·MP가 모두 회복됐다
<G0001>",41 08 12 00 61 69 48 66 69 6A 20 D2 AA 20 EC 20 F0 3B F8 92 08 41 0D FF 00,,"[{""offset"": -5, ""raw_hex"": ""80 0e 00 00 00"", ""kind"": ""MESSAGE_HEADER"", ""opcode"": 128, ""argument"": 0}, {""offset"": 1, ""raw_hex"": ""08"", ""kind"": ""LINE_BREAK""}, {""offset"": 2, ""raw_hex"": ""12"", ""kind"": ""UNKNOWN_CONTROL""}, {""offset"": 3, ""raw_hex"": ""00"", ""kind"": ""UNKNOWN_CONTROL""}, {""offset"": 18, ""raw_hex"": ""08"", ""kind"": ""LINE_BREAK""}, {""offset"": 20, ""raw_hex"": ""0d ff 00"", ""kind"": ""MESSAGE_END""}]",REVIEW_1,NO,필드 안내 런타임 신고 및 0x4000/0x6000 전수 조사 반영.,PROVEN: scenario field/tutorial message; member_type=0x6000.
FIELD_RESOURCE_00157700_R00740000_M6000_0001,SCENARIO,field_resource_message,DATA/00157700.MDZ,DATA/00157700.MDT,0x00740000,00157700,77,0x002a47ad,0x002a47a8,21 08 12 00 61 69 48 66 69 7f 9b f1 5f f0 d6 f0 8a 92 08 21 0d ff 00,"<G0001>
<CTRL:12><CTRL:00><G0041>P・MPが全回復した
<G0001>","<G0001>
<CTRL:12><CTRL:00>HP·MP가 모두 회복됐다
<G0001>",41 08 12 00 61 69 48 66 69 6A 20 D2 AA 20 EC 20 F0 3B F8 92 08 41 0D FF 00,,"[{""offset"": -5, ""raw_hex"": ""80 0e 00 00 00"", ""kind"": ""MESSAGE_HEADER"", ""opcode"": 128, ""argument"": 0}, {""offset"": 1, ""raw_hex"": ""08"", ""kind"": ""LINE_BREAK""}, {""offset"": 2, ""raw_hex"": ""12"", ""kind"": ""UNKNOWN_CONTROL""}, {""offset"": 3, ""raw_hex"": ""00"", ""kind"": ""UNKNOWN_CONTROL""}, {""offset"": 18, ""raw_hex"": ""08"", ""kind"": ""LINE_BREAK""}, {""offset"": 20, ""raw_hex"": ""0d ff 00"", ""kind"": ""MESSAGE_END""}]",REVIEW_1,NO,필드 안내 런타임 신고 및 0x4000/0x6000 전수 조사 반영.,PROVEN: scenario field/tutorial message; member_type=0x6000.
FIELD_RESOURCE_00157700_R00740000_M6000_0002,SCENARIO,field_resource_message,DATA/00157700.MDZ,DATA/00157700.MDT,0x00740000,00157700,78,0x002a487f,0x002a487a,21 08 12 00 61 69 48 66 69 7f 9b f1 5f f0 d6 f0 8a 92 08 21 0d ff 00,"<G0001>
<CTRL:12><CTRL:00><G0041>P・MPが全回復した
<G0001>","<G0001>
<CTRL:12><CTRL:00>HP·MP가 모두 회복됐다
<G0001>",41 08 12 00 61 69 48 66 69 6A 20 D2 AA 20 EC 20 F0 3B F8 92 08 41 0D FF 00,,"[{""offset"": -5, ""raw_hex"": ""80 0e 00 00 00"", ""kind"": ""MESSAGE_HEADER"", ""opcode"": 128, ""argument"": 0}, {""offset"": 1, ""raw_hex"": ""08"", ""kind"": ""LINE_BREAK""}, {""offset"": 2, ""raw_hex"": ""12"", ""kind"": ""UNKNOWN_CONTROL""}, {""offset"": 3, ""raw_hex"": ""00"", ""kind"": ""UNKNOWN_CONTROL""}, {""offset"": 18, ""raw_hex"": ""08"", ""kind"": ""LINE_BREAK""}, {""offset"": 20, ""raw_hex"": ""0d ff 00"", ""kind"": ""MESSAGE_END""}]",REVIEW_1,NO,필드 안내 런타임 신고 및 0x4000/0x6000 전수 조사 반영.,PROVEN: scenario field/tutorial message; member_type=0x6000.
FIELD_RESOURCE_00157800_R00740000_M6000_0001,SCENARIO,field_resource_message,DATA/00157800.MDZ,DATA/00157800.MDT,0x00740000,00157800,79,0x002a47ad,0x002a47a8,21 08 12 00 61 69 48 66 69 7f 9b f1 5f f0 d6 f0 8a 92 08 21 0d ff 00,"<G0001>
<CTRL:12><CTRL:00><G0041>P・MPが全回復した
<G0001>","<G0001>
<CTRL:12><CTRL:00>HP·MP가 모두 회복됐다
<G0001>",41 08 12 00 61 69 48 66 69 6A 20 D2 AA 20 EC 20 F0 3B F8 92 08 41 0D FF 00,,"[{""offset"": -5, ""raw_hex"": ""80 0e 00 00 00"", ""kind"": ""MESSAGE_HEADER"", ""opcode"": 128, ""argument"": 0}, {""offset"": 1, ""raw_hex"": ""08"", ""kind"": ""LINE_BREAK""}, {""offset"": 2, ""raw_hex"": ""12"", ""kind"": ""UNKNOWN_CONTROL""}, {""offset"": 3, ""raw_hex"": ""00"", ""kind"": ""UNKNOWN_CONTROL""}, {""offset"": 18, ""raw_hex"": ""08"", ""kind"": ""LINE_BREAK""}, {""offset"": 20, ""raw_hex"": ""0d ff 00"", ""kind"": ""MESSAGE_END""}]",REVIEW_1,NO,필드 안내 런타임 신고 및 0x4000/0x6000 전수 조사 반영.,PROVEN: scenario field/tutorial message; member_type=0x6000.
FIELD_RESOURCE_00157800_R00740000_M6000_0002,SCENARIO,field_resource_message,DATA/00157800.MDZ,DATA/00157800.MDT,0x00740000,00157800,80,0x002a487f,0x002a487a,21 08 12 00 61 69 48 66 69 7f 9b f1 5f f0 d6 f0 8a 92 08 21 0d ff 00,"<G0001>
<CTRL:12><CTRL:00><G0041>P・MPが全回復した
<G0001>","<G0001>
<CTRL:12><CTRL:00>HP·MP가 모두 회복됐다
<G0001>",41 08 12 00 61 69 48 66 69 6A 20 D2 AA 20 EC 20 F0 3B F8 92 08 41 0D FF 00,,"[{""offset"": -5, ""raw_hex"": ""80 0e 00 00 00"", ""kind"": ""MESSAGE_HEADER"", ""opcode"": 128, ""argument"": 0}, {""offset"": 1, ""raw_hex"": ""08"", ""kind"": ""LINE_BREAK""}, {""offset"": 2, ""raw_hex"": ""12"", ""kind"": ""UNKNOWN_CONTROL""}, {""offset"": 3, ""raw_hex"": ""00"", ""kind"": ""UNKNOWN_CONTROL""}, {""offset"": 18, ""raw_hex"": ""08"", ""kind"": ""LINE_BREAK""}, {""offset"": 20, ""raw_hex"": ""0d ff 00"", ""kind"": ""MESSAGE_END""}]",REVIEW_1,NO,필드 안내 런타임 신고 및 0x4000/0x6000 전수 조사 반영.,PROVEN: scenario field/tutorial message; member_type=0x6000.
FIELD_RESOURCE_00180100_R00740000_M6000_0001,SCENARIO,field_resource_message,DATA/00180100.MDZ,DATA/00180100.MDT,0x00740000,00180100,81,0x0028375d,0x00283758,21 08 12 00 61 69 48 66 69 7f 9b f1 5f f0 d6 f0 8a 92 08 21 0d ff 00,"<G0001>
<CTRL:12><CTRL:00><G0041>P・MPが全回復した
<G0001>","<G0001>
<CTRL:12><CTRL:00>HP·MP가 모두 회복됐다
<G0001>",41 08 12 00 61 69 48 66 69 6A 20 D2 AA 20 EC 20 F0 3B F8 92 08 41 0D FF 00,,"[{""offset"": -5, ""raw_hex"": ""80 0e 00 00 00"", ""kind"": ""MESSAGE_HEADER"", ""opcode"": 128, ""argument"": 0}, {""offset"": 1, ""raw_hex"": ""08"", ""kind"": ""LINE_BREAK""}, {""offset"": 2, ""raw_hex"": ""12"", ""kind"": ""UNKNOWN_CONTROL""}, {""offset"": 3, ""raw_hex"": ""00"", ""kind"": ""UNKNOWN_CONTROL""}, {""offset"": 18, ""raw_hex"": ""08"", ""kind"": ""LINE_BREAK""}, {""offset"": 20, ""raw_hex"": ""0d ff 00"", ""kind"": ""MESSAGE_END""}]",REVIEW_1,NO,필드 안내 런타임 신고 및 0x4000/0x6000 전수 조사 반영.,PROVEN: scenario field/tutorial message; member_type=0x6000.
FIELD_RESOURCE_00180100_R00740000_M6000_0002,SCENARIO,field_resource_message,DATA/00180100.MDZ,DATA/00180100.MDT,0x00740000,00180100,82,0x0028382f,0x0028382a,21 08 12 00 61 69 48 66 69 7f 9b f1 5f f0 d6 f0 8a 92 08 21 0d ff 00,"<G0001>
<CTRL:12><CTRL:00><G0041>P・MPが全回復した
<G0001>","<G0001>
<CTRL:12><CTRL:00>HP·MP가 모두 회복됐다
<G0001>",41 08 12 00 61 69 48 66 69 6A 20 D2 AA 20 EC 20 F0 3B F8 92 08 41 0D FF 00,,"[{""offset"": -5, ""raw_hex"": ""80 0e 00 00 00"", ""kind"": ""MESSAGE_HEADER"", ""opcode"": 128, ""argument"": 0}, {""offset"": 1, ""raw_hex"": ""08"", ""kind"": ""LINE_BREAK""}, {""offset"": 2, ""raw_hex"": ""12"", ""kind"": ""UNKNOWN_CONTROL""}, {""offset"": 3, ""raw_hex"": ""00"", ""kind"": ""UNKNOWN_CONTROL""}, {""offset"": 18, ""raw_hex"": ""08"", ""kind"": ""LINE_BREAK""}, {""offset"": 20, ""raw_hex"": ""0d ff 00"", ""kind"": ""MESSAGE_END""}]",REVIEW_1,NO,필드 안내 런타임 신고 및 0x4000/0x6000 전수 조사 반영.,PROVEN: scenario field/tutorial message; member_type=0x6000.
FIELD_RESOURCE_00180200_R00740000_M6000_0001,SCENARIO,field_resource_message,DATA/00180200.MDZ,DATA/00180200.MDT,0x00740000,00180200,83,0x00346cad,0x00346ca8,21 08 12 00 61 69 48 66 69 7f 9b f1 5f f0 d6 f0 8a 92 08 21 0d ff 00,"<G0001>
<CTRL:12><CTRL:00><G0041>P・MPが全回復した
<G0001>","<G0001>
<CTRL:12><CTRL:00>HP·MP가 모두 회복됐다
<G0001>",41 08 12 00 61 69 48 66 69 6A 20 D2 AA 20 EC 20 F0 3B F8 92 08 41 0D FF 00,,"[{""offset"": -5, ""raw_hex"": ""80 0e 00 00 00"", ""kind"": ""MESSAGE_HEADER"", ""opcode"": 128, ""argument"": 0}, {""offset"": 1, ""raw_hex"": ""08"", ""kind"": ""LINE_BREAK""}, {""offset"": 2, ""raw_hex"": ""12"", ""kind"": ""UNKNOWN_CONTROL""}, {""offset"": 3, ""raw_hex"": ""00"", ""kind"": ""UNKNOWN_CONTROL""}, {""offset"": 18, ""raw_hex"": ""08"", ""kind"": ""LINE_BREAK""}, {""offset"": 20, ""raw_hex"": ""0d ff 00"", ""kind"": ""MESSAGE_END""}]",REVIEW_1,NO,필드 안내 런타임 신고 및 0x4000/0x6000 전수 조사 반영.,PROVEN: scenario field/tutorial message; member_type=0x6000.
FIELD_RESOURCE_00180200_R00740000_M6000_0002,SCENARIO,field_resource_message,DATA/00180200.MDZ,DATA/00180200.MDT,0x00740000,00180200,84,0x00346d7f,0x00346d7a,21 08 12 00 61 69 48 66 69 7f 9b f1 5f f0 d6 f0 8a 92 08 21 0d ff 00,"<G0001>
<CTRL:12><CTRL:00><G0041>P・MPが全回復した
<G0001>","<G0001>
<CTRL:12><CTRL:00>HP·MP가 모두 회복됐다
<G0001>",41 08 12 00 61 69 48 66 69 6A 20 D2 AA 20 EC 20 F0 3B F8 92 08 41 0D FF 00,,"[{""offset"": -5, ""raw_hex"": ""80 0e 00 00 00"", ""kind"": ""MESSAGE_HEADER"", ""opcode"": 128, ""argument"": 0}, {""offset"": 1, ""raw_hex"": ""08"", ""kind"": ""LINE_BREAK""}, {""offset"": 2, ""raw_hex"": ""12"", ""kind"": ""UNKNOWN_CONTROL""}, {""offset"": 3, ""raw_hex"": ""00"", ""kind"": ""UNKNOWN_CONTROL""}, {""offset"": 18, ""raw_hex"": ""08"", ""kind"": ""LINE_BREAK""}, {""offset"": 20, ""raw_hex"": ""0d ff 00"", ""kind"": ""MESSAGE_END""}]",REVIEW_1,NO,필드 안내 런타임 신고 및 0x4000/0x6000 전수 조사 반영.,PROVEN: scenario field/tutorial message; member_type=0x6000.
FIELD_RESOURCE_00180400_R00740000_M6000_0001,SCENARIO,field_resource_message,DATA/00180400.MDZ,DATA/00180400.MDT,0x00740000,00180400,85,0x004f42bd,0x004f42b8,21 08 12 00 61 69 48 66 69 7f 9b f1 5f f0 d6 f0 8a 92 08 21 0d ff 00,"<G0001>
<CTRL:12><CTRL:00><G0041>P・MPが全回復した
<G0001>","<G0001>
<CTRL:12><CTRL:00>HP·MP가 모두 회복됐다
<G0001>",41 08 12 00 61 69 48 66 69 6A 20 D2 AA 20 EC 20 F0 3B F8 92 08 41 0D FF 00,,"[{""offset"": -5, ""raw_hex"": ""80 0e 00 00 00"", ""kind"": ""MESSAGE_HEADER"", ""opcode"": 128, ""argument"": 0}, {""offset"": 1, ""raw_hex"": ""08"", ""kind"": ""LINE_BREAK""}, {""offset"": 2, ""raw_hex"": ""12"", ""kind"": ""UNKNOWN_CONTROL""}, {""offset"": 3, ""raw_hex"": ""00"", ""kind"": ""UNKNOWN_CONTROL""}, {""offset"": 18, ""raw_hex"": ""08"", ""kind"": ""LINE_BREAK""}, {""offset"": 20, ""raw_hex"": ""0d ff 00"", ""kind"": ""MESSAGE_END""}]",REVIEW_1,NO,필드 안내 런타임 신고 및 0x4000/0x6000 전수 조사 반영.,PROVEN: scenario field/tutorial message; member_type=0x6000.
FIELD_RESOURCE_00180400_R00740000_M6000_0002,SCENARIO,field_resource_message,DATA/00180400.MDZ,DATA/00180400.MDT,0x00740000,00180400,86,0x004f438f,0x004f438a,21 08 12 00 61 69 48 66 69 7f 9b f1 5f f0 d6 f0 8a 92 08 21 0d ff 00,"<G0001>
<CTRL:12><CTRL:00><G0041>P・MPが全回復した
<G0001>","<G0001>
<CTRL:12><CTRL:00>HP·MP가 모두 회복됐다
<G0001>",41 08 12 00 61 69 48 66 69 6A 20 D2 AA 20 EC 20 F0 3B F8 92 08 41 0D FF 00,,"[{""offset"": -5, ""raw_hex"": ""80 0e 00 00 00"", ""kind"": ""MESSAGE_HEADER"", ""opcode"": 128, ""argument"": 0}, {""offset"": 1, ""raw_hex"": ""08"", ""kind"": ""LINE_BREAK""}, {""offset"": 2, ""raw_hex"": ""12"", ""kind"": ""UNKNOWN_CONTROL""}, {""offset"": 3, ""raw_hex"": ""00"", ""kind"": ""UNKNOWN_CONTROL""}, {""offset"": 18, ""raw_hex"": ""08"", ""kind"": ""LINE_BREAK""}, {""offset"": 20, ""raw_hex"": ""0d ff 00"", ""kind"": ""MESSAGE_END""}]",REVIEW_1,NO,필드 안내 런타임 신고 및 0x4000/0x6000 전수 조사 반영.,PROVEN: scenario field/tutorial message; member_type=0x6000.
FIELD_RESOURCE_00180500_R00740000_M6000_0001,SCENARIO,field_resource_message,DATA/00180500.MDZ,DATA/00180500.MDT,0x00740000,00180500,87,0x002da3ed,0x002da3e8,21 08 12 00 61 69 48 66 69 7f 9b f1 5f f0 d6 f0 8a 92 08 21 0d ff 00,"<G0001>
<CTRL:12><CTRL:00><G0041>P・MPが全回復した
<G0001>","<G0001>
<CTRL:12><CTRL:00>HP·MP가 모두 회복됐다
<G0001>",41 08 12 00 61 69 48 66 69 6A 20 D2 AA 20 EC 20 F0 3B F8 92 08 41 0D FF 00,,"[{""offset"": -5, ""raw_hex"": ""80 0e 00 00 00"", ""kind"": ""MESSAGE_HEADER"", ""opcode"": 128, ""argument"": 0}, {""offset"": 1, ""raw_hex"": ""08"", ""kind"": ""LINE_BREAK""}, {""offset"": 2, ""raw_hex"": ""12"", ""kind"": ""UNKNOWN_CONTROL""}, {""offset"": 3, ""raw_hex"": ""00"", ""kind"": ""UNKNOWN_CONTROL""}, {""offset"": 18, ""raw_hex"": ""08"", ""kind"": ""LINE_BREAK""}, {""offset"": 20, ""raw_hex"": ""0d ff 00"", ""kind"": ""MESSAGE_END""}]",REVIEW_1,NO,필드 안내 런타임 신고 및 0x4000/0x6000 전수 조사 반영.,PROVEN: scenario field/tutorial message; member_type=0x6000.
FIELD_RESOURCE_00180500_R00740000_M6000_0002,SCENARIO,field_resource_message,DATA/00180500.MDZ,DATA/00180500.MDT,0x00740000,00180500,88,0x002da4bf,0x002da4ba,21 08 12 00 61 69 48 66 69 7f 9b f1 5f f0 d6 f0 8a 92 08 21 0d ff 00,"<G0001>
<CTRL:12><CTRL:00><G0041>P・MPが全回復した
<G0001>","<G0001>
<CTRL:12><CTRL:00>HP·MP가 모두 회복됐다
<G0001>",41 08 12 00 61 69 48 66 69 6A 20 D2 AA 20 EC 20 F0 3B F8 92 08 41 0D FF 00,,"[{""offset"": -5, ""raw_hex"": ""80 0e 00 00 00"", ""kind"": ""MESSAGE_HEADER"", ""opcode"": 128, ""argument"": 0}, {""offset"": 1, ""raw_hex"": ""08"", ""kind"": ""LINE_BREAK""}, {""offset"": 2, ""raw_hex"": ""12"", ""kind"": ""UNKNOWN_CONTROL""}, {""offset"": 3, ""raw_hex"": ""00"", ""kind"": ""UNKNOWN_CONTROL""}, {""offset"": 18, ""raw_hex"": ""08"", ""kind"": ""LINE_BREAK""}, {""offset"": 20, ""raw_hex"": ""0d ff 00"", ""kind"": ""MESSAGE_END""}]",REVIEW_1,NO,필드 안내 런타임 신고 및 0x4000/0x6000 전수 조사 반영.,PROVEN: scenario field/tutorial message; member_type=0x6000.
FIELD_RESOURCE_00180600_R00740000_M6000_0001,SCENARIO,field_resource_message,DATA/00180600.MDZ,DATA/00180600.MDT,0x00740000,00180600,89,0x000aaaad,0x000aaaa8,21 08 12 00 61 69 48 66 69 7f 9b f1 5f f0 d6 f0 8a 92 08 21 0d ff 00,"<G0001>
<CTRL:12><CTRL:00><G0041>P・MPが全回復した
<G0001>","<G0001>
<CTRL:12><CTRL:00>HP·MP가 모두 회복됐다
<G0001>",41 08 12 00 61 69 48 66 69 6A 20 D2 AA 20 EC 20 F0 3B F8 92 08 41 0D FF 00,,"[{""offset"": -5, ""raw_hex"": ""80 0e 00 00 00"", ""kind"": ""MESSAGE_HEADER"", ""opcode"": 128, ""argument"": 0}, {""offset"": 1, ""raw_hex"": ""08"", ""kind"": ""LINE_BREAK""}, {""offset"": 2, ""raw_hex"": ""12"", ""kind"": ""UNKNOWN_CONTROL""}, {""offset"": 3, ""raw_hex"": ""00"", ""kind"": ""UNKNOWN_CONTROL""}, {""offset"": 18, ""raw_hex"": ""08"", ""kind"": ""LINE_BREAK""}, {""offset"": 20, ""raw_hex"": ""0d ff 00"", ""kind"": ""MESSAGE_END""}]",REVIEW_1,NO,필드 안내 런타임 신고 및 0x4000/0x6000 전수 조사 반영.,PROVEN: scenario field/tutorial message; member_type=0x6000.
FIELD_RESOURCE_00180600_R00740000_M6000_0002,SCENARIO,field_resource_message,DATA/00180600.MDZ,DATA/00180600.MDT,0x00740000,00180600,90,0x000aab7f,0x000aab7a,21 08 12 00 61 69 48 66 69 7f 9b f1 5f f0 d6 f0 8a 92 08 21 0d ff 00,"<G0001>
<CTRL:12><CTRL:00><G0041>P・MPが全回復した
<G0001>","<G0001>
<CTRL:12><CTRL:00>HP·MP가 모두 회복됐다
<G0001>",41 08 12 00 61 69 48 66 69 6A 20 D2 AA 20 EC 20 F0 3B F8 92 08 41 0D FF 00,,"[{""offset"": -5, ""raw_hex"": ""80 0e 00 00 00"", ""kind"": ""MESSAGE_HEADER"", ""opcode"": 128, ""argument"": 0}, {""offset"": 1, ""raw_hex"": ""08"", ""kind"": ""LINE_BREAK""}, {""offset"": 2, ""raw_hex"": ""12"", ""kind"": ""UNKNOWN_CONTROL""}, {""offset"": 3, ""raw_hex"": ""00"", ""kind"": ""UNKNOWN_CONTROL""}, {""offset"": 18, ""raw_hex"": ""08"", ""kind"": ""LINE_BREAK""}, {""offset"": 20, ""raw_hex"": ""0d ff 00"", ""kind"": ""MESSAGE_END""}]",REVIEW_1,NO,필드 안내 런타임 신고 및 0x4000/0x6000 전수 조사 반영.,PROVEN: scenario field/tutorial message; member_type=0x6000.
FIELD_RESOURCE_00180700_R00740000_M6000_0001,SCENARIO,field_resource_message,DATA/00180700.MDZ,DATA/00180700.MDT,0x00740000,00180700,91,0x002f36cd,0x002f36c8,21 08 12 00 61 69 48 66 69 7f 9b f1 5f f0 d6 f0 8a 92 08 21 0d ff 00,"<G0001>
<CTRL:12><CTRL:00><G0041>P・MPが全回復した
<G0001>","<G0001>
<CTRL:12><CTRL:00>HP·MP가 모두 회복됐다
<G0001>",41 08 12 00 61 69 48 66 69 6A 20 D2 AA 20 EC 20 F0 3B F8 92 08 41 0D FF 00,,"[{""offset"": -5, ""raw_hex"": ""80 0e 00 00 00"", ""kind"": ""MESSAGE_HEADER"", ""opcode"": 128, ""argument"": 0}, {""offset"": 1, ""raw_hex"": ""08"", ""kind"": ""LINE_BREAK""}, {""offset"": 2, ""raw_hex"": ""12"", ""kind"": ""UNKNOWN_CONTROL""}, {""offset"": 3, ""raw_hex"": ""00"", ""kind"": ""UNKNOWN_CONTROL""}, {""offset"": 18, ""raw_hex"": ""08"", ""kind"": ""LINE_BREAK""}, {""offset"": 20, ""raw_hex"": ""0d ff 00"", ""kind"": ""MESSAGE_END""}]",REVIEW_1,NO,필드 안내 런타임 신고 및 0x4000/0x6000 전수 조사 반영.,PROVEN: scenario field/tutorial message; member_type=0x6000.
FIELD_RESOURCE_00180700_R00740000_M6000_0002,SCENARIO,field_resource_message,DATA/00180700.MDZ,DATA/00180700.MDT,0x00740000,00180700,92,0x002f379f,0x002f379a,21 08 12 00 61 69 48 66 69 7f 9b f1 5f f0 d6 f0 8a 92 08 21 0d ff 00,"<G0001>
<CTRL:12><CTRL:00><G0041>P・MPが全回復した
<G0001>","<G0001>
<CTRL:12><CTRL:00>HP·MP가 모두 회복됐다
<G0001>",41 08 12 00 61 69 48 66 69 6A 20 D2 AA 20 EC 20 F0 3B F8 92 08 41 0D FF 00,,"[{""offset"": -5, ""raw_hex"": ""80 0e 00 00 00"", ""kind"": ""MESSAGE_HEADER"", ""opcode"": 128, ""argument"": 0}, {""offset"": 1, ""raw_hex"": ""08"", ""kind"": ""LINE_BREAK""}, {""offset"": 2, ""raw_hex"": ""12"", ""kind"": ""UNKNOWN_CONTROL""}, {""offset"": 3, ""raw_hex"": ""00"", ""kind"": ""UNKNOWN_CONTROL""}, {""offset"": 18, ""raw_hex"": ""08"", ""kind"": ""LINE_BREAK""}, {""offset"": 20, ""raw_hex"": ""0d ff 00"", ""kind"": ""MESSAGE_END""}]",REVIEW_1,NO,필드 안내 런타임 신고 및 0x4000/0x6000 전수 조사 반영.,PROVEN: scenario field/tutorial message; member_type=0x6000.
FIELD_RESOURCE_00180800_R00740000_M6000_0001,SCENARIO,field_resource_message,DATA/00180800.MDZ,DATA/00180800.MDT,0x00740000,00180800,93,0x002aac3d,0x002aac38,21 08 12 00 61 69 48 66 69 7f 9b f1 5f f0 d6 f0 8a 92 08 21 0d ff 00,"<G0001>
<CTRL:12><CTRL:00><G0041>P・MPが全回復した
<G0001>","<G0001>
<CTRL:12><CTRL:00>HP·MP가 모두 회복됐다
<G0001>",41 08 12 00 61 69 48 66 69 6A 20 D2 AA 20 EC 20 F0 3B F8 92 08 41 0D FF 00,,"[{""offset"": -5, ""raw_hex"": ""80 0e 00 00 00"", ""kind"": ""MESSAGE_HEADER"", ""opcode"": 128, ""argument"": 0}, {""offset"": 1, ""raw_hex"": ""08"", ""kind"": ""LINE_BREAK""}, {""offset"": 2, ""raw_hex"": ""12"", ""kind"": ""UNKNOWN_CONTROL""}, {""offset"": 3, ""raw_hex"": ""00"", ""kind"": ""UNKNOWN_CONTROL""}, {""offset"": 18, ""raw_hex"": ""08"", ""kind"": ""LINE_BREAK""}, {""offset"": 20, ""raw_hex"": ""0d ff 00"", ""kind"": ""MESSAGE_END""}]",REVIEW_1,NO,필드 안내 런타임 신고 및 0x4000/0x6000 전수 조사 반영.,PROVEN: scenario field/tutorial message; member_type=0x6000.
FIELD_RESOURCE_00180800_R00740000_M6000_0002,SCENARIO,field_resource_message,DATA/00180800.MDZ,DATA/00180800.MDT,0x00740000,00180800,94,0x002aad0f,0x002aad0a,21 08 12 00 61 69 48 66 69 7f 9b f1 5f f0 d6 f0 8a 92 08 21 0d ff 00,"<G0001>
<CTRL:12><CTRL:00><G0041>P・MPが全回復した
<G0001>","<G0001>
<CTRL:12><CTRL:00>HP·MP가 모두 회복됐다
<G0001>",41 08 12 00 61 69 48 66 69 6A 20 D2 AA 20 EC 20 F0 3B F8 92 08 41 0D FF 00,,"[{""offset"": -5, ""raw_hex"": ""80 0e 00 00 00"", ""kind"": ""MESSAGE_HEADER"", ""opcode"": 128, ""argument"": 0}, {""offset"": 1, ""raw_hex"": ""08"", ""kind"": ""LINE_BREAK""}, {""offset"": 2, ""raw_hex"": ""12"", ""kind"": ""UNKNOWN_CONTROL""}, {""offset"": 3, ""raw_hex"": ""00"", ""kind"": ""UNKNOWN_CONTROL""}, {""offset"": 18, ""raw_hex"": ""08"", ""kind"": ""LINE_BREAK""}, {""offset"": 20, ""raw_hex"": ""0d ff 00"", ""kind"": ""MESSAGE_END""}]",REVIEW_1,NO,필드 안내 런타임 신고 및 0x4000/0x6000 전수 조사 반영.,PROVEN: scenario field/tutorial message; member_type=0x6000.
FIELD_RESOURCE_00181000_R00740000_M6000_0001,SCENARIO,field_resource_message,DATA/00181000.MDZ,DATA/00181000.MDT,0x00740000,00181000,95,0x003ba9ad,0x003ba9a8,21 08 12 00 61 69 48 66 69 7f 9b f1 5f f0 d6 f0 8a 92 08 21 0d ff 00,"<G0001>
<CTRL:12><CTRL:00><G0041>P・MPが全回復した
<G0001>","<G0001>
<CTRL:12><CTRL:00>HP·MP가 모두 회복됐다
<G0001>",41 08 12 00 61 69 48 66 69 6A 20 D2 AA 20 EC 20 F0 3B F8 92 08 41 0D FF 00,,"[{""offset"": -5, ""raw_hex"": ""80 0e 00 00 00"", ""kind"": ""MESSAGE_HEADER"", ""opcode"": 128, ""argument"": 0}, {""offset"": 1, ""raw_hex"": ""08"", ""kind"": ""LINE_BREAK""}, {""offset"": 2, ""raw_hex"": ""12"", ""kind"": ""UNKNOWN_CONTROL""}, {""offset"": 3, ""raw_hex"": ""00"", ""kind"": ""UNKNOWN_CONTROL""}, {""offset"": 18, ""raw_hex"": ""08"", ""kind"": ""LINE_BREAK""}, {""offset"": 20, ""raw_hex"": ""0d ff 00"", ""kind"": ""MESSAGE_END""}]",REVIEW_1,NO,필드 안내 런타임 신고 및 0x4000/0x6000 전수 조사 반영.,PROVEN: scenario field/tutorial message; member_type=0x6000.
FIELD_RESOURCE_00181000_R00740000_M6000_0002,SCENARIO,field_resource_message,DATA/00181000.MDZ,DATA/00181000.MDT,0x00740000,00181000,96,0x003baa7f,0x003baa7a,21 08 12 00 61 69 48 66 69 7f 9b f1 5f f0 d6 f0 8a 92 08 21 0d ff 00,"<G0001>
<CTRL:12><CTRL:00><G0041>P・MPが全回復した
<G0001>","<G0001>
<CTRL:12><CTRL:00>HP·MP가 모두 회복됐다
<G0001>",41 08 12 00 61 69 48 66 69 6A 20 D2 AA 20 EC 20 F0 3B F8 92 08 41 0D FF 00,,"[{""offset"": -5, ""raw_hex"": ""80 0e 00 00 00"", ""kind"": ""MESSAGE_HEADER"", ""opcode"": 128, ""argument"": 0}, {""offset"": 1, ""raw_hex"": ""08"", ""kind"": ""LINE_BREAK""}, {""offset"": 2, ""raw_hex"": ""12"", ""kind"": ""UNKNOWN_CONTROL""}, {""offset"": 3, ""raw_hex"": ""00"", ""kind"": ""UNKNOWN_CONTROL""}, {""offset"": 18, ""raw_hex"": ""08"", ""kind"": ""LINE_BREAK""}, {""offset"": 20, ""raw_hex"": ""0d ff 00"", ""kind"": ""MESSAGE_END""}]",REVIEW_1,NO,필드 안내 런타임 신고 및 0x4000/0x6000 전수 조사 반영.,PROVEN: scenario field/tutorial message; member_type=0x6000.
FIELD_RESOURCE_00187700_R00740000_M6000_0001,SCENARIO,field_resource_message,DATA/00187700.MDZ,DATA/00187700.MDT,0x00740000,00187700,97,0x000cd52d,0x000cd528,21 08 12 00 61 69 48 66 69 7f 9b f1 5f f0 d6 f0 8a 92 08 21 0d ff 00,"<G0001>
<CTRL:12><CTRL:00><G0041>P・MPが全回復した
<G0001>","<G0001>
<CTRL:12><CTRL:00>HP·MP가 모두 회복됐다
<G0001>",41 08 12 00 61 69 48 66 69 6A 20 D2 AA 20 EC 20 F0 3B F8 92 08 41 0D FF 00,,"[{""offset"": -5, ""raw_hex"": ""80 0e 00 00 00"", ""kind"": ""MESSAGE_HEADER"", ""opcode"": 128, ""argument"": 0}, {""offset"": 1, ""raw_hex"": ""08"", ""kind"": ""LINE_BREAK""}, {""offset"": 2, ""raw_hex"": ""12"", ""kind"": ""UNKNOWN_CONTROL""}, {""offset"": 3, ""raw_hex"": ""00"", ""kind"": ""UNKNOWN_CONTROL""}, {""offset"": 18, ""raw_hex"": ""08"", ""kind"": ""LINE_BREAK""}, {""offset"": 20, ""raw_hex"": ""0d ff 00"", ""kind"": ""MESSAGE_END""}]",REVIEW_1,NO,필드 안내 런타임 신고 및 0x4000/0x6000 전수 조사 반영.,PROVEN: scenario field/tutorial message; member_type=0x6000.
FIELD_RESOURCE_00187700_R00740000_M6000_0002,SCENARIO,field_resource_message,DATA/00187700.MDZ,DATA/00187700.MDT,0x00740000,00187700,98,0x000cd5ff,0x000cd5fa,21 08 12 00 61 69 48 66 69 7f 9b f1 5f f0 d6 f0 8a 92 08 21 0d ff 00,"<G0001>
<CTRL:12><CTRL:00><G0041>P・MPが全回復した
<G0001>","<G0001>
<CTRL:12><CTRL:00>HP·MP가 모두 회복됐다
<G0001>",41 08 12 00 61 69 48 66 69 6A 20 D2 AA 20 EC 20 F0 3B F8 92 08 41 0D FF 00,,"[{""offset"": -5, ""raw_hex"": ""80 0e 00 00 00"", ""kind"": ""MESSAGE_HEADER"", ""opcode"": 128, ""argument"": 0}, {""offset"": 1, ""raw_hex"": ""08"", ""kind"": ""LINE_BREAK""}, {""offset"": 2, ""raw_hex"": ""12"", ""kind"": ""UNKNOWN_CONTROL""}, {""offset"": 3, ""raw_hex"": ""00"", ""kind"": ""UNKNOWN_CONTROL""}, {""offset"": 18, ""raw_hex"": ""08"", ""kind"": ""LINE_BREAK""}, {""offset"": 20, ""raw_hex"": ""0d ff 00"", ""kind"": ""MESSAGE_END""}]",REVIEW_1,NO,필드 안내 런타임 신고 및 0x4000/0x6000 전수 조사 반영.,PROVEN: scenario field/tutorial message; member_type=0x6000.
FIELD_RESOURCE_00211000_R00740000_M6000_0001,SCENARIO,field_resource_message,DATA/00211000.MDZ,DATA/00211000.MDT,0x00740000,00211000,99,0x006ea60d,0x006ea608,21 08 12 00 61 69 48 66 69 7f 9b f1 5f f0 d6 f0 8a 92 08 21 0d ff 00,"<G0001>
<CTRL:12><CTRL:00><G0041>P・MPが全回復した
<G0001>","<G0001>
<CTRL:12><CTRL:00>HP·MP가 모두 회복됐다
<G0001>",41 08 12 00 61 69 48 66 69 6A 20 D2 AA 20 EC 20 F0 3B F8 92 08 41 0D FF 00,,"[{""offset"": -5, ""raw_hex"": ""80 0e 00 00 00"", ""kind"": ""MESSAGE_HEADER"", ""opcode"": 128, ""argument"": 0}, {""offset"": 1, ""raw_hex"": ""08"", ""kind"": ""LINE_BREAK""}, {""offset"": 2, ""raw_hex"": ""12"", ""kind"": ""UNKNOWN_CONTROL""}, {""offset"": 3, ""raw_hex"": ""00"", ""kind"": ""UNKNOWN_CONTROL""}, {""offset"": 18, ""raw_hex"": ""08"", ""kind"": ""LINE_BREAK""}, {""offset"": 20, ""raw_hex"": ""0d ff 00"", ""kind"": ""MESSAGE_END""}]",REVIEW_1,NO,필드 안내 런타임 신고 및 0x4000/0x6000 전수 조사 반영.,PROVEN: scenario field/tutorial message; member_type=0x6000.
FIELD_RESOURCE_00211000_R00740000_M6000_0002,SCENARIO,field_resource_message,DATA/00211000.MDZ,DATA/00211000.MDT,0x00740000,00211000,100,0x006ea6df,0x006ea6da,21 08 12 00 61 69 48 66 69 7f 9b f1 5f f0 d6 f0 8a 92 08 21 0d ff 00,"<G0001>
<CTRL:12><CTRL:00><G0041>P・MPが全回復した
<G0001>","<G0001>
<CTRL:12><CTRL:00>HP·MP가 모두 회복됐다
<G0001>",41 08 12 00 61 69 48 66 69 6A 20 D2 AA 20 EC 20 F0 3B F8 92 08 41 0D FF 00,,"[{""offset"": -5, ""raw_hex"": ""80 0e 00 00 00"", ""kind"": ""MESSAGE_HEADER"", ""opcode"": 128, ""argument"": 0}, {""offset"": 1, ""raw_hex"": ""08"", ""kind"": ""LINE_BREAK""}, {""offset"": 2, ""raw_hex"": ""12"", ""kind"": ""UNKNOWN_CONTROL""}, {""offset"": 3, ""raw_hex"": ""00"", ""kind"": ""UNKNOWN_CONTROL""}, {""offset"": 18, ""raw_hex"": ""08"", ""kind"": ""LINE_BREAK""}, {""offset"": 20, ""raw_hex"": ""0d ff 00"", ""kind"": ""MESSAGE_END""}]",REVIEW_1,NO,필드 안내 런타임 신고 및 0x4000/0x6000 전수 조사 반영.,PROVEN: scenario field/tutorial message; member_type=0x6000.
FIELD_RESOURCE_00212000_R00740000_M6000_0001,SCENARIO,field_resource_message,DATA/00212000.MDZ,DATA/00212000.MDT,0x00740000,00212000,101,0x005365dd,0x005365d8,21 08 12 00 61 69 48 66 69 7f 9b f1 5f f0 d6 f0 8a 92 08 21 0d ff 00,"<G0001>
<CTRL:12><CTRL:00><G0041>P・MPが全回復した
<G0001>","<G0001>
<CTRL:12><CTRL:00>HP·MP가 모두 회복됐다
<G0001>",41 08 12 00 61 69 48 66 69 6A 20 D2 AA 20 EC 20 F0 3B F8 92 08 41 0D FF 00,,"[{""offset"": -5, ""raw_hex"": ""80 0e 00 00 00"", ""kind"": ""MESSAGE_HEADER"", ""opcode"": 128, ""argument"": 0}, {""offset"": 1, ""raw_hex"": ""08"", ""kind"": ""LINE_BREAK""}, {""offset"": 2, ""raw_hex"": ""12"", ""kind"": ""UNKNOWN_CONTROL""}, {""offset"": 3, ""raw_hex"": ""00"", ""kind"": ""UNKNOWN_CONTROL""}, {""offset"": 18, ""raw_hex"": ""08"", ""kind"": ""LINE_BREAK""}, {""offset"": 20, ""raw_hex"": ""0d ff 00"", ""kind"": ""MESSAGE_END""}]",REVIEW_1,NO,필드 안내 런타임 신고 및 0x4000/0x6000 전수 조사 반영.,PROVEN: scenario field/tutorial message; member_type=0x6000.
FIELD_RESOURCE_00212000_R00740000_M6000_0002,SCENARIO,field_resource_message,DATA/00212000.MDZ,DATA/00212000.MDT,0x00740000,00212000,102,0x005366af,0x005366aa,21 08 12 00 61 69 48 66 69 7f 9b f1 5f f0 d6 f0 8a 92 08 21 0d ff 00,"<G0001>
<CTRL:12><CTRL:00><G0041>P・MPが全回復した
<G0001>","<G0001>
<CTRL:12><CTRL:00>HP·MP가 모두 회복됐다
<G0001>",41 08 12 00 61 69 48 66 69 6A 20 D2 AA 20 EC 20 F0 3B F8 92 08 41 0D FF 00,,"[{""offset"": -5, ""raw_hex"": ""80 0e 00 00 00"", ""kind"": ""MESSAGE_HEADER"", ""opcode"": 128, ""argument"": 0}, {""offset"": 1, ""raw_hex"": ""08"", ""kind"": ""LINE_BREAK""}, {""offset"": 2, ""raw_hex"": ""12"", ""kind"": ""UNKNOWN_CONTROL""}, {""offset"": 3, ""raw_hex"": ""00"", ""kind"": ""UNKNOWN_CONTROL""}, {""offset"": 18, ""raw_hex"": ""08"", ""kind"": ""LINE_BREAK""}, {""offset"": 20, ""raw_hex"": ""0d ff 00"", ""kind"": ""MESSAGE_END""}]",REVIEW_1,NO,필드 안내 런타임 신고 및 0x4000/0x6000 전수 조사 반영.,PROVEN: scenario field/tutorial message; member_type=0x6000.
FIELD_RESOURCE_00212100_R00740000_M6000_0001,SCENARIO,field_resource_message,DATA/00212100.MDZ,DATA/00212100.MDT,0x00740000,00212100,103,0x0028584d,0x00285848,21 08 12 00 61 69 48 66 69 7f 9b f1 5f f0 d6 f0 8a 92 08 21 0d ff 00,"<G0001>
<CTRL:12><CTRL:00><G0041>P・MPが全回復した
<G0001>","<G0001>
<CTRL:12><CTRL:00>HP·MP가 모두 회복됐다
<G0001>",41 08 12 00 61 69 48 66 69 6A 20 D2 AA 20 EC 20 F0 3B F8 92 08 41 0D FF 00,,"[{""offset"": -5, ""raw_hex"": ""80 0e 00 00 00"", ""kind"": ""MESSAGE_HEADER"", ""opcode"": 128, ""argument"": 0}, {""offset"": 1, ""raw_hex"": ""08"", ""kind"": ""LINE_BREAK""}, {""offset"": 2, ""raw_hex"": ""12"", ""kind"": ""UNKNOWN_CONTROL""}, {""offset"": 3, ""raw_hex"": ""00"", ""kind"": ""UNKNOWN_CONTROL""}, {""offset"": 18, ""raw_hex"": ""08"", ""kind"": ""LINE_BREAK""}, {""offset"": 20, ""raw_hex"": ""0d ff 00"", ""kind"": ""MESSAGE_END""}]",REVIEW_1,NO,필드 안내 런타임 신고 및 0x4000/0x6000 전수 조사 반영.,PROVEN: scenario field/tutorial message; member_type=0x6000.
FIELD_RESOURCE_00212100_R00740000_M6000_0002,SCENARIO,field_resource_message,DATA/00212100.MDZ,DATA/00212100.MDT,0x00740000,00212100,104,0x0028591f,0x0028591a,21 08 12 00 61 69 48 66 69 7f 9b f1 5f f0 d6 f0 8a 92 08 21 0d ff 00,"<G0001>
<CTRL:12><CTRL:00><G0041>P・MPが全回復した
<G0001>","<G0001>
<CTRL:12><CTRL:00>HP·MP가 모두 회복됐다
<G0001>",41 08 12 00 61 69 48 66 69 6A 20 D2 AA 20 EC 20 F0 3B F8 92 08 41 0D FF 00,,"[{""offset"": -5, ""raw_hex"": ""80 0e 00 00 00"", ""kind"": ""MESSAGE_HEADER"", ""opcode"": 128, ""argument"": 0}, {""offset"": 1, ""raw_hex"": ""08"", ""kind"": ""LINE_BREAK""}, {""offset"": 2, ""raw_hex"": ""12"", ""kind"": ""UNKNOWN_CONTROL""}, {""offset"": 3, ""raw_hex"": ""00"", ""kind"": ""UNKNOWN_CONTROL""}, {""offset"": 18, ""raw_hex"": ""08"", ""kind"": ""LINE_BREAK""}, {""offset"": 20, ""raw_hex"": ""0d ff 00"", ""kind"": ""MESSAGE_END""}]",REVIEW_1,NO,필드 안내 런타임 신고 및 0x4000/0x6000 전수 조사 반영.,PROVEN: scenario field/tutorial message; member_type=0x6000.
FIELD_RESOURCE_00212200_R00740000_M6000_0001,SCENARIO,field_resource_message,DATA/00212200.MDZ,DATA/00212200.MDT,0x00740000,00212200,105,0x0021abfd,0x0021abf8,21 08 12 00 61 69 48 66 69 7f 9b f1 5f f0 d6 f0 8a 92 08 21 0d ff 00,"<G0001>
<CTRL:12><CTRL:00><G0041>P・MPが全回復した
<G0001>","<G0001>
<CTRL:12><CTRL:00>HP·MP가 모두 회복됐다
<G0001>",41 08 12 00 61 69 48 66 69 6A 20 D2 AA 20 EC 20 F0 3B F8 92 08 41 0D FF 00,,"[{""offset"": -5, ""raw_hex"": ""80 0e 00 00 00"", ""kind"": ""MESSAGE_HEADER"", ""opcode"": 128, ""argument"": 0}, {""offset"": 1, ""raw_hex"": ""08"", ""kind"": ""LINE_BREAK""}, {""offset"": 2, ""raw_hex"": ""12"", ""kind"": ""UNKNOWN_CONTROL""}, {""offset"": 3, ""raw_hex"": ""00"", ""kind"": ""UNKNOWN_CONTROL""}, {""offset"": 18, ""raw_hex"": ""08"", ""kind"": ""LINE_BREAK""}, {""offset"": 20, ""raw_hex"": ""0d ff 00"", ""kind"": ""MESSAGE_END""}]",REVIEW_1,NO,필드 안내 런타임 신고 및 0x4000/0x6000 전수 조사 반영.,PROVEN: scenario field/tutorial message; member_type=0x6000.
FIELD_RESOURCE_00212200_R00740000_M6000_0002,SCENARIO,field_resource_message,DATA/00212200.MDZ,DATA/00212200.MDT,0x00740000,00212200,106,0x0021accf,0x0021acca,21 08 12 00 61 69 48 66 69 7f 9b f1 5f f0 d6 f0 8a 92 08 21 0d ff 00,"<G0001>
<CTRL:12><CTRL:00><G0041>P・MPが全回復した
<G0001>","<G0001>
<CTRL:12><CTRL:00>HP·MP가 모두 회복됐다
<G0001>",41 08 12 00 61 69 48 66 69 6A 20 D2 AA 20 EC 20 F0 3B F8 92 08 41 0D FF 00,,"[{""offset"": -5, ""raw_hex"": ""80 0e 00 00 00"", ""kind"": ""MESSAGE_HEADER"", ""opcode"": 128, ""argument"": 0}, {""offset"": 1, ""raw_hex"": ""08"", ""kind"": ""LINE_BREAK""}, {""offset"": 2, ""raw_hex"": ""12"", ""kind"": ""UNKNOWN_CONTROL""}, {""offset"": 3, ""raw_hex"": ""00"", ""kind"": ""UNKNOWN_CONTROL""}, {""offset"": 18, ""raw_hex"": ""08"", ""kind"": ""LINE_BREAK""}, {""offset"": 20, ""raw_hex"": ""0d ff 00"", ""kind"": ""MESSAGE_END""}]",REVIEW_1,NO,필드 안내 런타임 신고 및 0x4000/0x6000 전수 조사 반영.,PROVEN: scenario field/tutorial message; member_type=0x6000.
FIELD_RESOURCE_00213100_R00740000_M6000_0001,SCENARIO,field_resource_message,DATA/00213100.MDZ,DATA/00213100.MDT,0x00740000,00213100,107,0x0026455d,0x00264558,21 08 12 00 61 69 48 66 69 7f 9b f1 5f f0 d6 f0 8a 92 08 21 0d ff 00,"<G0001>
<CTRL:12><CTRL:00><G0041>P・MPが全回復した
<G0001>","<G0001>
<CTRL:12><CTRL:00>HP·MP가 모두 회복됐다
<G0001>",41 08 12 00 61 69 48 66 69 6A 20 D2 AA 20 EC 20 F0 3B F8 92 08 41 0D FF 00,,"[{""offset"": -5, ""raw_hex"": ""80 0e 00 00 00"", ""kind"": ""MESSAGE_HEADER"", ""opcode"": 128, ""argument"": 0}, {""offset"": 1, ""raw_hex"": ""08"", ""kind"": ""LINE_BREAK""}, {""offset"": 2, ""raw_hex"": ""12"", ""kind"": ""UNKNOWN_CONTROL""}, {""offset"": 3, ""raw_hex"": ""00"", ""kind"": ""UNKNOWN_CONTROL""}, {""offset"": 18, ""raw_hex"": ""08"", ""kind"": ""LINE_BREAK""}, {""offset"": 20, ""raw_hex"": ""0d ff 00"", ""kind"": ""MESSAGE_END""}]",REVIEW_1,NO,필드 안내 런타임 신고 및 0x4000/0x6000 전수 조사 반영.,PROVEN: scenario field/tutorial message; member_type=0x6000.
FIELD_RESOURCE_00213100_R00740000_M6000_0002,SCENARIO,field_resource_message,DATA/00213100.MDZ,DATA/00213100.MDT,0x00740000,00213100,108,0x0026462f,0x0026462a,21 08 12 00 61 69 48 66 69 7f 9b f1 5f f0 d6 f0 8a 92 08 21 0d ff 00,"<G0001>
<CTRL:12><CTRL:00><G0041>P・MPが全回復した
<G0001>","<G0001>
<CTRL:12><CTRL:00>HP·MP가 모두 회복됐다
<G0001>",41 08 12 00 61 69 48 66 69 6A 20 D2 AA 20 EC 20 F0 3B F8 92 08 41 0D FF 00,,"[{""offset"": -5, ""raw_hex"": ""80 0e 00 00 00"", ""kind"": ""MESSAGE_HEADER"", ""opcode"": 128, ""argument"": 0}, {""offset"": 1, ""raw_hex"": ""08"", ""kind"": ""LINE_BREAK""}, {""offset"": 2, ""raw_hex"": ""12"", ""kind"": ""UNKNOWN_CONTROL""}, {""offset"": 3, ""raw_hex"": ""00"", ""kind"": ""UNKNOWN_CONTROL""}, {""offset"": 18, ""raw_hex"": ""08"", ""kind"": ""LINE_BREAK""}, {""offset"": 20, ""raw_hex"": ""0d ff 00"", ""kind"": ""MESSAGE_END""}]",REVIEW_1,NO,필드 안내 런타임 신고 및 0x4000/0x6000 전수 조사 반영.,PROVEN: scenario field/tutorial message; member_type=0x6000.
FIELD_RESOURCE_00214000_R00740000_M6000_0001,SCENARIO,field_resource_message,DATA/00214000.MDZ,DATA/00214000.MDT,0x00740000,00214000,109,0x00728e2d,0x00728e28,21 08 12 00 61 69 48 66 69 7f 9b f1 5f f0 d6 f0 8a 92 08 21 0d ff 00,"<G0001>
<CTRL:12><CTRL:00><G0041>P・MPが全回復した
<G0001>","<G0001>
<CTRL:12><CTRL:00>HP·MP가 모두 회복됐다
<G0001>",41 08 12 00 61 69 48 66 69 6A 20 D2 AA 20 EC 20 F0 3B F8 92 08 41 0D FF 00,,"[{""offset"": -5, ""raw_hex"": ""80 0e 00 00 00"", ""kind"": ""MESSAGE_HEADER"", ""opcode"": 128, ""argument"": 0}, {""offset"": 1, ""raw_hex"": ""08"", ""kind"": ""LINE_BREAK""}, {""offset"": 2, ""raw_hex"": ""12"", ""kind"": ""UNKNOWN_CONTROL""}, {""offset"": 3, ""raw_hex"": ""00"", ""kind"": ""UNKNOWN_CONTROL""}, {""offset"": 18, ""raw_hex"": ""08"", ""kind"": ""LINE_BREAK""}, {""offset"": 20, ""raw_hex"": ""0d ff 00"", ""kind"": ""MESSAGE_END""}]",REVIEW_1,NO,필드 안내 런타임 신고 및 0x4000/0x6000 전수 조사 반영.,PROVEN: scenario field/tutorial message; member_type=0x6000.
FIELD_RESOURCE_00214000_R00740000_M6000_0002,SCENARIO,field_resource_message,DATA/00214000.MDZ,DATA/00214000.MDT,0x00740000,00214000,110,0x00728eff,0x00728efa,21 08 12 00 61 69 48 66 69 7f 9b f1 5f f0 d6 f0 8a 92 08 21 0d ff 00,"<G0001>
<CTRL:12><CTRL:00><G0041>P・MPが全回復した
<G0001>","<G0001>
<CTRL:12><CTRL:00>HP·MP가 모두 회복됐다
<G0001>",41 08 12 00 61 69 48 66 69 6A 20 D2 AA 20 EC 20 F0 3B F8 92 08 41 0D FF 00,,"[{""offset"": -5, ""raw_hex"": ""80 0e 00 00 00"", ""kind"": ""MESSAGE_HEADER"", ""opcode"": 128, ""argument"": 0}, {""offset"": 1, ""raw_hex"": ""08"", ""kind"": ""LINE_BREAK""}, {""offset"": 2, ""raw_hex"": ""12"", ""kind"": ""UNKNOWN_CONTROL""}, {""offset"": 3, ""raw_hex"": ""00"", ""kind"": ""UNKNOWN_CONTROL""}, {""offset"": 18, ""raw_hex"": ""08"", ""kind"": ""LINE_BREAK""}, {""offset"": 20, ""raw_hex"": ""0d ff 00"", ""kind"": ""MESSAGE_END""}]",REVIEW_1,NO,필드 안내 런타임 신고 및 0x4000/0x6000 전수 조사 반영.,PROVEN: scenario field/tutorial message; member_type=0x6000.
FIELD_RESOURCE_00214100_R00740000_M6000_0001,SCENARIO,field_resource_message,DATA/00214100.MDZ,DATA/00214100.MDT,0x00740000,00214100,111,0x0037f4bd,0x0037f4b8,21 08 12 00 61 69 48 66 69 7f 9b f1 5f f0 d6 f0 8a 92 08 21 0d ff 00,"<G0001>
<CTRL:12><CTRL:00><G0041>P・MPが全回復した
<G0001>","<G0001>
<CTRL:12><CTRL:00>HP·MP가 모두 회복됐다
<G0001>",41 08 12 00 61 69 48 66 69 6A 20 D2 AA 20 EC 20 F0 3B F8 92 08 41 0D FF 00,,"[{""offset"": -5, ""raw_hex"": ""80 0e 00 00 00"", ""kind"": ""MESSAGE_HEADER"", ""opcode"": 128, ""argument"": 0}, {""offset"": 1, ""raw_hex"": ""08"", ""kind"": ""LINE_BREAK""}, {""offset"": 2, ""raw_hex"": ""12"", ""kind"": ""UNKNOWN_CONTROL""}, {""offset"": 3, ""raw_hex"": ""00"", ""kind"": ""UNKNOWN_CONTROL""}, {""offset"": 18, ""raw_hex"": ""08"", ""kind"": ""LINE_BREAK""}, {""offset"": 20, ""raw_hex"": ""0d ff 00"", ""kind"": ""MESSAGE_END""}]",REVIEW_1,NO,필드 안내 런타임 신고 및 0x4000/0x6000 전수 조사 반영.,PROVEN: scenario field/tutorial message; member_type=0x6000.
FIELD_RESOURCE_00214100_R00740000_M6000_0002,SCENARIO,field_resource_message,DATA/00214100.MDZ,DATA/00214100.MDT,0x00740000,00214100,112,0x0037f58f,0x0037f58a,21 08 12 00 61 69 48 66 69 7f 9b f1 5f f0 d6 f0 8a 92 08 21 0d ff 00,"<G0001>
<CTRL:12><CTRL:00><G0041>P・MPが全回復した
<G0001>","<G0001>
<CTRL:12><CTRL:00>HP·MP가 모두 회복됐다
<G0001>",41 08 12 00 61 69 48 66 69 6A 20 D2 AA 20 EC 20 F0 3B F8 92 08 41 0D FF 00,,"[{""offset"": -5, ""raw_hex"": ""80 0e 00 00 00"", ""kind"": ""MESSAGE_HEADER"", ""opcode"": 128, ""argument"": 0}, {""offset"": 1, ""raw_hex"": ""08"", ""kind"": ""LINE_BREAK""}, {""offset"": 2, ""raw_hex"": ""12"", ""kind"": ""UNKNOWN_CONTROL""}, {""offset"": 3, ""raw_hex"": ""00"", ""kind"": ""UNKNOWN_CONTROL""}, {""offset"": 18, ""raw_hex"": ""08"", ""kind"": ""LINE_BREAK""}, {""offset"": 20, ""raw_hex"": ""0d ff 00"", ""kind"": ""MESSAGE_END""}]",REVIEW_1,NO,필드 안내 런타임 신고 및 0x4000/0x6000 전수 조사 반영.,PROVEN: scenario field/tutorial message; member_type=0x6000.
FIELD_RESOURCE_00214200_R00740000_M6000_0001,SCENARIO,field_resource_message,DATA/00214200.MDZ,DATA/00214200.MDT,0x00740000,00214200,113,0x001f213d,0x001f2138,21 08 12 00 61 69 48 66 69 7f 9b f1 5f f0 d6 f0 8a 92 08 21 0d ff 00,"<G0001>
<CTRL:12><CTRL:00><G0041>P・MPが全回復した
<G0001>","<G0001>
<CTRL:12><CTRL:00>HP·MP가 모두 회복됐다
<G0001>",41 08 12 00 61 69 48 66 69 6A 20 D2 AA 20 EC 20 F0 3B F8 92 08 41 0D FF 00,,"[{""offset"": -5, ""raw_hex"": ""80 0e 00 00 00"", ""kind"": ""MESSAGE_HEADER"", ""opcode"": 128, ""argument"": 0}, {""offset"": 1, ""raw_hex"": ""08"", ""kind"": ""LINE_BREAK""}, {""offset"": 2, ""raw_hex"": ""12"", ""kind"": ""UNKNOWN_CONTROL""}, {""offset"": 3, ""raw_hex"": ""00"", ""kind"": ""UNKNOWN_CONTROL""}, {""offset"": 18, ""raw_hex"": ""08"", ""kind"": ""LINE_BREAK""}, {""offset"": 20, ""raw_hex"": ""0d ff 00"", ""kind"": ""MESSAGE_END""}]",REVIEW_1,NO,필드 안내 런타임 신고 및 0x4000/0x6000 전수 조사 반영.,PROVEN: scenario field/tutorial message; member_type=0x6000.
FIELD_RESOURCE_00214200_R00740000_M6000_0002,SCENARIO,field_resource_message,DATA/00214200.MDZ,DATA/00214200.MDT,0x00740000,00214200,114,0x001f220f,0x001f220a,21 08 12 00 61 69 48 66 69 7f 9b f1 5f f0 d6 f0 8a 92 08 21 0d ff 00,"<G0001>
<CTRL:12><CTRL:00><G0041>P・MPが全回復した
<G0001>","<G0001>
<CTRL:12><CTRL:00>HP·MP가 모두 회복됐다
<G0001>",41 08 12 00 61 69 48 66 69 6A 20 D2 AA 20 EC 20 F0 3B F8 92 08 41 0D FF 00,,"[{""offset"": -5, ""raw_hex"": ""80 0e 00 00 00"", ""kind"": ""MESSAGE_HEADER"", ""opcode"": 128, ""argument"": 0}, {""offset"": 1, ""raw_hex"": ""08"", ""kind"": ""LINE_BREAK""}, {""offset"": 2, ""raw_hex"": ""12"", ""kind"": ""UNKNOWN_CONTROL""}, {""offset"": 3, ""raw_hex"": ""00"", ""kind"": ""UNKNOWN_CONTROL""}, {""offset"": 18, ""raw_hex"": ""08"", ""kind"": ""LINE_BREAK""}, {""offset"": 20, ""raw_hex"": ""0d ff 00"", ""kind"": ""MESSAGE_END""}]",REVIEW_1,NO,필드 안내 런타임 신고 및 0x4000/0x6000 전수 조사 반영.,PROVEN: scenario field/tutorial message; member_type=0x6000.
FIELD_RESOURCE_00214300_R00740000_M6000_0001,SCENARIO,field_resource_message,DATA/00214300.MDZ,DATA/00214300.MDT,0x00740000,00214300,115,0x00275b6d,0x00275b68,21 08 12 00 61 69 48 66 69 7f 9b f1 5f f0 d6 f0 8a 92 08 21 0d ff 00,"<G0001>
<CTRL:12><CTRL:00><G0041>P・MPが全回復した
<G0001>","<G0001>
<CTRL:12><CTRL:00>HP·MP가 모두 회복됐다
<G0001>",41 08 12 00 61 69 48 66 69 6A 20 D2 AA 20 EC 20 F0 3B F8 92 08 41 0D FF 00,,"[{""offset"": -5, ""raw_hex"": ""80 0e 00 00 00"", ""kind"": ""MESSAGE_HEADER"", ""opcode"": 128, ""argument"": 0}, {""offset"": 1, ""raw_hex"": ""08"", ""kind"": ""LINE_BREAK""}, {""offset"": 2, ""raw_hex"": ""12"", ""kind"": ""UNKNOWN_CONTROL""}, {""offset"": 3, ""raw_hex"": ""00"", ""kind"": ""UNKNOWN_CONTROL""}, {""offset"": 18, ""raw_hex"": ""08"", ""kind"": ""LINE_BREAK""}, {""offset"": 20, ""raw_hex"": ""0d ff 00"", ""kind"": ""MESSAGE_END""}]",REVIEW_1,NO,필드 안내 런타임 신고 및 0x4000/0x6000 전수 조사 반영.,PROVEN: scenario field/tutorial message; member_type=0x6000.
FIELD_RESOURCE_00214300_R00740000_M6000_0002,SCENARIO,field_resource_message,DATA/00214300.MDZ,DATA/00214300.MDT,0x00740000,00214300,116,0x00275c3f,0x00275c3a,21 08 12 00 61 69 48 66 69 7f 9b f1 5f f0 d6 f0 8a 92 08 21 0d ff 00,"<G0001>
<CTRL:12><CTRL:00><G0041>P・MPが全回復した
<G0001>","<G0001>
<CTRL:12><CTRL:00>HP·MP가 모두 회복됐다
<G0001>",41 08 12 00 61 69 48 66 69 6A 20 D2 AA 20 EC 20 F0 3B F8 92 08 41 0D FF 00,,"[{""offset"": -5, ""raw_hex"": ""80 0e 00 00 00"", ""kind"": ""MESSAGE_HEADER"", ""opcode"": 128, ""argument"": 0}, {""offset"": 1, ""raw_hex"": ""08"", ""kind"": ""LINE_BREAK""}, {""offset"": 2, ""raw_hex"": ""12"", ""kind"": ""UNKNOWN_CONTROL""}, {""offset"": 3, ""raw_hex"": ""00"", ""kind"": ""UNKNOWN_CONTROL""}, {""offset"": 18, ""raw_hex"": ""08"", ""kind"": ""LINE_BREAK""}, {""offset"": 20, ""raw_hex"": ""0d ff 00"", ""kind"": ""MESSAGE_END""}]",REVIEW_1,NO,필드 안내 런타임 신고 및 0x4000/0x6000 전수 조사 반영.,PROVEN: scenario field/tutorial message; member_type=0x6000.
FIELD_RESOURCE_00215100_R00740000_M6000_0001,SCENARIO,field_resource_message,DATA/00215100.MDZ,DATA/00215100.MDT,0x00740000,00215100,117,0x00255d5d,0x00255d58,21 08 12 00 61 69 48 66 69 7f 9b f1 5f f0 d6 f0 8a 92 08 21 0d ff 00,"<G0001>
<CTRL:12><CTRL:00><G0041>P・MPが全回復した
<G0001>","<G0001>
<CTRL:12><CTRL:00>HP·MP가 모두 회복됐다
<G0001>",41 08 12 00 61 69 48 66 69 6A 20 D2 AA 20 EC 20 F0 3B F8 92 08 41 0D FF 00,,"[{""offset"": -5, ""raw_hex"": ""80 0e 00 00 00"", ""kind"": ""MESSAGE_HEADER"", ""opcode"": 128, ""argument"": 0}, {""offset"": 1, ""raw_hex"": ""08"", ""kind"": ""LINE_BREAK""}, {""offset"": 2, ""raw_hex"": ""12"", ""kind"": ""UNKNOWN_CONTROL""}, {""offset"": 3, ""raw_hex"": ""00"", ""kind"": ""UNKNOWN_CONTROL""}, {""offset"": 18, ""raw_hex"": ""08"", ""kind"": ""LINE_BREAK""}, {""offset"": 20, ""raw_hex"": ""0d ff 00"", ""kind"": ""MESSAGE_END""}]",REVIEW_1,NO,필드 안내 런타임 신고 및 0x4000/0x6000 전수 조사 반영.,PROVEN: scenario field/tutorial message; member_type=0x6000.
FIELD_RESOURCE_00215100_R00740000_M6000_0002,SCENARIO,field_resource_message,DATA/00215100.MDZ,DATA/00215100.MDT,0x00740000,00215100,118,0x00255e2f,0x00255e2a,21 08 12 00 61 69 48 66 69 7f 9b f1 5f f0 d6 f0 8a 92 08 21 0d ff 00,"<G0001>
<CTRL:12><CTRL:00><G0041>P・MPが全回復した
<G0001>","<G0001>
<CTRL:12><CTRL:00>HP·MP가 모두 회복됐다
<G0001>",41 08 12 00 61 69 48 66 69 6A 20 D2 AA 20 EC 20 F0 3B F8 92 08 41 0D FF 00,,"[{""offset"": -5, ""raw_hex"": ""80 0e 00 00 00"", ""kind"": ""MESSAGE_HEADER"", ""opcode"": 128, ""argument"": 0}, {""offset"": 1, ""raw_hex"": ""08"", ""kind"": ""LINE_BREAK""}, {""offset"": 2, ""raw_hex"": ""12"", ""kind"": ""UNKNOWN_CONTROL""}, {""offset"": 3, ""raw_hex"": ""00"", ""kind"": ""UNKNOWN_CONTROL""}, {""offset"": 18, ""raw_hex"": ""08"", ""kind"": ""LINE_BREAK""}, {""offset"": 20, ""raw_hex"": ""0d ff 00"", ""kind"": ""MESSAGE_END""}]",REVIEW_1,NO,필드 안내 런타임 신고 및 0x4000/0x6000 전수 조사 반영.,PROVEN: scenario field/tutorial message; member_type=0x6000.
FIELD_RESOURCE_00215200_R00740000_M6000_0001,SCENARIO,field_resource_message,DATA/00215200.MDZ,DATA/00215200.MDT,0x00740000,00215200,119,0x002507cd,0x002507c8,21 08 12 00 61 69 48 66 69 7f 9b f1 5f f0 d6 f0 8a 92 08 21 0d ff 00,"<G0001>
<CTRL:12><CTRL:00><G0041>P・MPが全回復した
<G0001>","<G0001>
<CTRL:12><CTRL:00>HP·MP가 모두 회복됐다
<G0001>",41 08 12 00 61 69 48 66 69 6A 20 D2 AA 20 EC 20 F0 3B F8 92 08 41 0D FF 00,,"[{""offset"": -5, ""raw_hex"": ""80 0e 00 00 00"", ""kind"": ""MESSAGE_HEADER"", ""opcode"": 128, ""argument"": 0}, {""offset"": 1, ""raw_hex"": ""08"", ""kind"": ""LINE_BREAK""}, {""offset"": 2, ""raw_hex"": ""12"", ""kind"": ""UNKNOWN_CONTROL""}, {""offset"": 3, ""raw_hex"": ""00"", ""kind"": ""UNKNOWN_CONTROL""}, {""offset"": 18, ""raw_hex"": ""08"", ""kind"": ""LINE_BREAK""}, {""offset"": 20, ""raw_hex"": ""0d ff 00"", ""kind"": ""MESSAGE_END""}]",REVIEW_1,NO,필드 안내 런타임 신고 및 0x4000/0x6000 전수 조사 반영.,PROVEN: scenario field/tutorial message; member_type=0x6000.
FIELD_RESOURCE_00215200_R00740000_M6000_0002,SCENARIO,field_resource_message,DATA/00215200.MDZ,DATA/00215200.MDT,0x00740000,00215200,120,0x0025089f,0x0025089a,21 08 12 00 61 69 48 66 69 7f 9b f1 5f f0 d6 f0 8a 92 08 21 0d ff 00,"<G0001>
<CTRL:12><CTRL:00><G0041>P・MPが全回復した
<G0001>","<G0001>
<CTRL:12><CTRL:00>HP·MP가 모두 회복됐다
<G0001>",41 08 12 00 61 69 48 66 69 6A 20 D2 AA 20 EC 20 F0 3B F8 92 08 41 0D FF 00,,"[{""offset"": -5, ""raw_hex"": ""80 0e 00 00 00"", ""kind"": ""MESSAGE_HEADER"", ""opcode"": 128, ""argument"": 0}, {""offset"": 1, ""raw_hex"": ""08"", ""kind"": ""LINE_BREAK""}, {""offset"": 2, ""raw_hex"": ""12"", ""kind"": ""UNKNOWN_CONTROL""}, {""offset"": 3, ""raw_hex"": ""00"", ""kind"": ""UNKNOWN_CONTROL""}, {""offset"": 18, ""raw_hex"": ""08"", ""kind"": ""LINE_BREAK""}, {""offset"": 20, ""raw_hex"": ""0d ff 00"", ""kind"": ""MESSAGE_END""}]",REVIEW_1,NO,필드 안내 런타임 신고 및 0x4000/0x6000 전수 조사 반영.,PROVEN: scenario field/tutorial message; member_type=0x6000.
FIELD_RESOURCE_00216000_R00740000_M6000_0001,SCENARIO,field_resource_message,DATA/00216000.MDZ,DATA/00216000.MDT,0x00740000,00216000,121,0x00509ffd,0x00509ff8,21 08 12 00 61 69 48 66 69 7f 9b f1 5f f0 d6 f0 8a 92 08 21 0d ff 00,"<G0001>
<CTRL:12><CTRL:00><G0041>P・MPが全回復した
<G0001>","<G0001>
<CTRL:12><CTRL:00>HP·MP가 모두 회복됐다
<G0001>",41 08 12 00 61 69 48 66 69 6A 20 D2 AA 20 EC 20 F0 3B F8 92 08 41 0D FF 00,,"[{""offset"": -5, ""raw_hex"": ""80 0e 00 00 00"", ""kind"": ""MESSAGE_HEADER"", ""opcode"": 128, ""argument"": 0}, {""offset"": 1, ""raw_hex"": ""08"", ""kind"": ""LINE_BREAK""}, {""offset"": 2, ""raw_hex"": ""12"", ""kind"": ""UNKNOWN_CONTROL""}, {""offset"": 3, ""raw_hex"": ""00"", ""kind"": ""UNKNOWN_CONTROL""}, {""offset"": 18, ""raw_hex"": ""08"", ""kind"": ""LINE_BREAK""}, {""offset"": 20, ""raw_hex"": ""0d ff 00"", ""kind"": ""MESSAGE_END""}]",REVIEW_1,NO,필드 안내 런타임 신고 및 0x4000/0x6000 전수 조사 반영.,PROVEN: scenario field/tutorial message; member_type=0x6000.
FIELD_RESOURCE_00216000_R00740000_M6000_0002,SCENARIO,field_resource_message,DATA/00216000.MDZ,DATA/00216000.MDT,0x00740000,00216000,122,0x0050a0cf,0x0050a0ca,21 08 12 00 61 69 48 66 69 7f 9b f1 5f f0 d6 f0 8a 92 08 21 0d ff 00,"<G0001>
<CTRL:12><CTRL:00><G0041>P・MPが全回復した
<G0001>","<G0001>
<CTRL:12><CTRL:00>HP·MP가 모두 회복됐다
<G0001>",41 08 12 00 61 69 48 66 69 6A 20 D2 AA 20 EC 20 F0 3B F8 92 08 41 0D FF 00,,"[{""offset"": -5, ""raw_hex"": ""80 0e 00 00 00"", ""kind"": ""MESSAGE_HEADER"", ""opcode"": 128, ""argument"": 0}, {""offset"": 1, ""raw_hex"": ""08"", ""kind"": ""LINE_BREAK""}, {""offset"": 2, ""raw_hex"": ""12"", ""kind"": ""UNKNOWN_CONTROL""}, {""offset"": 3, ""raw_hex"": ""00"", ""kind"": ""UNKNOWN_CONTROL""}, {""offset"": 18, ""raw_hex"": ""08"", ""kind"": ""LINE_BREAK""}, {""offset"": 20, ""raw_hex"": ""0d ff 00"", ""kind"": ""MESSAGE_END""}]",REVIEW_1,NO,필드 안내 런타임 신고 및 0x4000/0x6000 전수 조사 반영.,PROVEN: scenario field/tutorial message; member_type=0x6000.
FIELD_RESOURCE_00216100_R00740000_M6000_0001,SCENARIO,field_resource_message,DATA/00216100.MDZ,DATA/00216100.MDT,0x00740000,00216100,123,0x0043cc4d,0x0043cc48,21 08 12 00 61 69 48 66 69 7f 9b f1 5f f0 d6 f0 8a 92 08 21 0d ff 00,"<G0001>
<CTRL:12><CTRL:00><G0041>P・MPが全回復した
<G0001>","<G0001>
<CTRL:12><CTRL:00>HP·MP가 모두 회복됐다
<G0001>",41 08 12 00 61 69 48 66 69 6A 20 D2 AA 20 EC 20 F0 3B F8 92 08 41 0D FF 00,,"[{""offset"": -5, ""raw_hex"": ""80 0e 00 00 00"", ""kind"": ""MESSAGE_HEADER"", ""opcode"": 128, ""argument"": 0}, {""offset"": 1, ""raw_hex"": ""08"", ""kind"": ""LINE_BREAK""}, {""offset"": 2, ""raw_hex"": ""12"", ""kind"": ""UNKNOWN_CONTROL""}, {""offset"": 3, ""raw_hex"": ""00"", ""kind"": ""UNKNOWN_CONTROL""}, {""offset"": 18, ""raw_hex"": ""08"", ""kind"": ""LINE_BREAK""}, {""offset"": 20, ""raw_hex"": ""0d ff 00"", ""kind"": ""MESSAGE_END""}]",REVIEW_1,NO,필드 안내 런타임 신고 및 0x4000/0x6000 전수 조사 반영.,PROVEN: scenario field/tutorial message; member_type=0x6000.
FIELD_RESOURCE_00216100_R00740000_M6000_0002,SCENARIO,field_resource_message,DATA/00216100.MDZ,DATA/00216100.MDT,0x00740000,00216100,124,0x0043cd1f,0x0043cd1a,21 08 12 00 61 69 48 66 69 7f 9b f1 5f f0 d6 f0 8a 92 08 21 0d ff 00,"<G0001>
<CTRL:12><CTRL:00><G0041>P・MPが全回復した
<G0001>","<G0001>
<CTRL:12><CTRL:00>HP·MP가 모두 회복됐다
<G0001>",41 08 12 00 61 69 48 66 69 6A 20 D2 AA 20 EC 20 F0 3B F8 92 08 41 0D FF 00,,"[{""offset"": -5, ""raw_hex"": ""80 0e 00 00 00"", ""kind"": ""MESSAGE_HEADER"", ""opcode"": 128, ""argument"": 0}, {""offset"": 1, ""raw_hex"": ""08"", ""kind"": ""LINE_BREAK""}, {""offset"": 2, ""raw_hex"": ""12"", ""kind"": ""UNKNOWN_CONTROL""}, {""offset"": 3, ""raw_hex"": ""00"", ""kind"": ""UNKNOWN_CONTROL""}, {""offset"": 18, ""raw_hex"": ""08"", ""kind"": ""LINE_BREAK""}, {""offset"": 20, ""raw_hex"": ""0d ff 00"", ""kind"": ""MESSAGE_END""}]",REVIEW_1,NO,필드 안내 런타임 신고 및 0x4000/0x6000 전수 조사 반영.,PROVEN: scenario field/tutorial message; member_type=0x6000.
FIELD_RESOURCE_00217000_R00740000_M6000_0001,SCENARIO,field_resource_message,DATA/00217000.MDZ,DATA/00217000.MDT,0x00740000,00217000,125,0x003c747d,0x003c7478,21 08 12 00 61 69 48 66 69 7f 9b f1 5f f0 d6 f0 8a 92 08 21 0d ff 00,"<G0001>
<CTRL:12><CTRL:00><G0041>P・MPが全回復した
<G0001>","<G0001>
<CTRL:12><CTRL:00>HP·MP가 모두 회복됐다
<G0001>",41 08 12 00 61 69 48 66 69 6A 20 D2 AA 20 EC 20 F0 3B F8 92 08 41 0D FF 00,,"[{""offset"": -5, ""raw_hex"": ""80 0e 00 00 00"", ""kind"": ""MESSAGE_HEADER"", ""opcode"": 128, ""argument"": 0}, {""offset"": 1, ""raw_hex"": ""08"", ""kind"": ""LINE_BREAK""}, {""offset"": 2, ""raw_hex"": ""12"", ""kind"": ""UNKNOWN_CONTROL""}, {""offset"": 3, ""raw_hex"": ""00"", ""kind"": ""UNKNOWN_CONTROL""}, {""offset"": 18, ""raw_hex"": ""08"", ""kind"": ""LINE_BREAK""}, {""offset"": 20, ""raw_hex"": ""0d ff 00"", ""kind"": ""MESSAGE_END""}]",REVIEW_1,NO,필드 안내 런타임 신고 및 0x4000/0x6000 전수 조사 반영.,PROVEN: scenario field/tutorial message; member_type=0x6000.
FIELD_RESOURCE_00217000_R00740000_M6000_0002,SCENARIO,field_resource_message,DATA/00217000.MDZ,DATA/00217000.MDT,0x00740000,00217000,126,0x003c754f,0x003c754a,21 08 12 00 61 69 48 66 69 7f 9b f1 5f f0 d6 f0 8a 92 08 21 0d ff 00,"<G0001>
<CTRL:12><CTRL:00><G0041>P・MPが全回復した
<G0001>","<G0001>
<CTRL:12><CTRL:00>HP·MP가 모두 회복됐다
<G0001>",41 08 12 00 61 69 48 66 69 6A 20 D2 AA 20 EC 20 F0 3B F8 92 08 41 0D FF 00,,"[{""offset"": -5, ""raw_hex"": ""80 0e 00 00 00"", ""kind"": ""MESSAGE_HEADER"", ""opcode"": 128, ""argument"": 0}, {""offset"": 1, ""raw_hex"": ""08"", ""kind"": ""LINE_BREAK""}, {""offset"": 2, ""raw_hex"": ""12"", ""kind"": ""UNKNOWN_CONTROL""}, {""offset"": 3, ""raw_hex"": ""00"", ""kind"": ""UNKNOWN_CONTROL""}, {""offset"": 18, ""raw_hex"": ""08"", ""kind"": ""LINE_BREAK""}, {""offset"": 20, ""raw_hex"": ""0d ff 00"", ""kind"": ""MESSAGE_END""}]",REVIEW_1,NO,필드 안내 런타임 신고 및 0x4000/0x6000 전수 조사 반영.,PROVEN: scenario field/tutorial message; member_type=0x6000.
FIELD_RESOURCE_00240100_R00740000_M6000_0001,SCENARIO,field_resource_message,DATA/00240100.MDZ,DATA/00240100.MDT,0x00740000,00240100,127,0x003a3bed,0x003a3be8,21 08 12 00 61 69 48 66 69 7f 9b f1 5f f0 d6 f0 8a 92 08 21 0d ff 00,"<G0001>
<CTRL:12><CTRL:00><G0041>P・MPが全回復した
<G0001>","<G0001>
<CTRL:12><CTRL:00>HP·MP가 모두 회복됐다
<G0001>",41 08 12 00 61 69 48 66 69 6A 20 D2 AA 20 EC 20 F0 3B F8 92 08 41 0D FF 00,,"[{""offset"": -5, ""raw_hex"": ""80 0e 00 00 00"", ""kind"": ""MESSAGE_HEADER"", ""opcode"": 128, ""argument"": 0}, {""offset"": 1, ""raw_hex"": ""08"", ""kind"": ""LINE_BREAK""}, {""offset"": 2, ""raw_hex"": ""12"", ""kind"": ""UNKNOWN_CONTROL""}, {""offset"": 3, ""raw_hex"": ""00"", ""kind"": ""UNKNOWN_CONTROL""}, {""offset"": 18, ""raw_hex"": ""08"", ""kind"": ""LINE_BREAK""}, {""offset"": 20, ""raw_hex"": ""0d ff 00"", ""kind"": ""MESSAGE_END""}]",REVIEW_1,NO,필드 안내 런타임 신고 및 0x4000/0x6000 전수 조사 반영.,PROVEN: scenario field/tutorial message; member_type=0x6000.
FIELD_RESOURCE_00240100_R00740000_M6000_0002,SCENARIO,field_resource_message,DATA/00240100.MDZ,DATA/00240100.MDT,0x00740000,00240100,128,0x003a3cbf,0x003a3cba,21 08 12 00 61 69 48 66 69 7f 9b f1 5f f0 d6 f0 8a 92 08 21 0d ff 00,"<G0001>
<CTRL:12><CTRL:00><G0041>P・MPが全回復した
<G0001>","<G0001>
<CTRL:12><CTRL:00>HP·MP가 모두 회복됐다
<G0001>",41 08 12 00 61 69 48 66 69 6A 20 D2 AA 20 EC 20 F0 3B F8 92 08 41 0D FF 00,,"[{""offset"": -5, ""raw_hex"": ""80 0e 00 00 00"", ""kind"": ""MESSAGE_HEADER"", ""opcode"": 128, ""argument"": 0}, {""offset"": 1, ""raw_hex"": ""08"", ""kind"": ""LINE_BREAK""}, {""offset"": 2, ""raw_hex"": ""12"", ""kind"": ""UNKNOWN_CONTROL""}, {""offset"": 3, ""raw_hex"": ""00"", ""kind"": ""UNKNOWN_CONTROL""}, {""offset"": 18, ""raw_hex"": ""08"", ""kind"": ""LINE_BREAK""}, {""offset"": 20, ""raw_hex"": ""0d ff 00"", ""kind"": ""MESSAGE_END""}]",REVIEW_1,NO,필드 안내 런타임 신고 및 0x4000/0x6000 전수 조사 반영.,PROVEN: scenario field/tutorial message; member_type=0x6000.
FIELD_RESOURCE_00240200_R00740000_M6000_0001,SCENARIO,field_resource_message,DATA/00240200.MDZ,DATA/00240200.MDT,0x00740000,00240200,129,0x002913ad,0x002913a8,21 08 12 00 61 69 48 66 69 7f 9b f1 5f f0 d6 f0 8a 92 08 21 0d ff 00,"<G0001>
<CTRL:12><CTRL:00><G0041>P・MPが全回復した
<G0001>","<G0001>
<CTRL:12><CTRL:00>HP·MP가 모두 회복됐다
<G0001>",41 08 12 00 61 69 48 66 69 6A 20 D2 AA 20 EC 20 F0 3B F8 92 08 41 0D FF 00,,"[{""offset"": -5, ""raw_hex"": ""80 0e 00 00 00"", ""kind"": ""MESSAGE_HEADER"", ""opcode"": 128, ""argument"": 0}, {""offset"": 1, ""raw_hex"": ""08"", ""kind"": ""LINE_BREAK""}, {""offset"": 2, ""raw_hex"": ""12"", ""kind"": ""UNKNOWN_CONTROL""}, {""offset"": 3, ""raw_hex"": ""00"", ""kind"": ""UNKNOWN_CONTROL""}, {""offset"": 18, ""raw_hex"": ""08"", ""kind"": ""LINE_BREAK""}, {""offset"": 20, ""raw_hex"": ""0d ff 00"", ""kind"": ""MESSAGE_END""}]",REVIEW_1,NO,필드 안내 런타임 신고 및 0x4000/0x6000 전수 조사 반영.,PROVEN: scenario field/tutorial message; member_type=0x6000.
FIELD_RESOURCE_00240200_R00740000_M6000_0002,SCENARIO,field_resource_message,DATA/00240200.MDZ,DATA/00240200.MDT,0x00740000,00240200,130,0x0029147f,0x0029147a,21 08 12 00 61 69 48 66 69 7f 9b f1 5f f0 d6 f0 8a 92 08 21 0d ff 00,"<G0001>
<CTRL:12><CTRL:00><G0041>P・MPが全回復した
<G0001>","<G0001>
<CTRL:12><CTRL:00>HP·MP가 모두 회복됐다
<G0001>",41 08 12 00 61 69 48 66 69 6A 20 D2 AA 20 EC 20 F0 3B F8 92 08 41 0D FF 00,,"[{""offset"": -5, ""raw_hex"": ""80 0e 00 00 00"", ""kind"": ""MESSAGE_HEADER"", ""opcode"": 128, ""argument"": 0}, {""offset"": 1, ""raw_hex"": ""08"", ""kind"": ""LINE_BREAK""}, {""offset"": 2, ""raw_hex"": ""12"", ""kind"": ""UNKNOWN_CONTROL""}, {""offset"": 3, ""raw_hex"": ""00"", ""kind"": ""UNKNOWN_CONTROL""}, {""offset"": 18, ""raw_hex"": ""08"", ""kind"": ""LINE_BREAK""}, {""offset"": 20, ""raw_hex"": ""0d ff 00"", ""kind"": ""MESSAGE_END""}]",REVIEW_1,NO,필드 안내 런타임 신고 및 0x4000/0x6000 전수 조사 반영.,PROVEN: scenario field/tutorial message; member_type=0x6000.
FIELD_RESOURCE_00240300_R00740000_M6000_0001,SCENARIO,field_resource_message,DATA/00240300.MDZ,DATA/00240300.MDT,0x00740000,00240300,131,0x001e82bd,0x001e82b8,21 08 12 00 61 69 48 66 69 7f 9b f1 5f f0 d6 f0 8a 92 08 21 0d ff 00,"<G0001>
<CTRL:12><CTRL:00><G0041>P・MPが全回復した
<G0001>","<G0001>
<CTRL:12><CTRL:00>HP·MP가 모두 회복됐다
<G0001>",41 08 12 00 61 69 48 66 69 6A 20 D2 AA 20 EC 20 F0 3B F8 92 08 41 0D FF 00,,"[{""offset"": -5, ""raw_hex"": ""80 0e 00 00 00"", ""kind"": ""MESSAGE_HEADER"", ""opcode"": 128, ""argument"": 0}, {""offset"": 1, ""raw_hex"": ""08"", ""kind"": ""LINE_BREAK""}, {""offset"": 2, ""raw_hex"": ""12"", ""kind"": ""UNKNOWN_CONTROL""}, {""offset"": 3, ""raw_hex"": ""00"", ""kind"": ""UNKNOWN_CONTROL""}, {""offset"": 18, ""raw_hex"": ""08"", ""kind"": ""LINE_BREAK""}, {""offset"": 20, ""raw_hex"": ""0d ff 00"", ""kind"": ""MESSAGE_END""}]",REVIEW_1,NO,필드 안내 런타임 신고 및 0x4000/0x6000 전수 조사 반영.,PROVEN: scenario field/tutorial message; member_type=0x6000.
FIELD_RESOURCE_00240300_R00740000_M6000_0002,SCENARIO,field_resource_message,DATA/00240300.MDZ,DATA/00240300.MDT,0x00740000,00240300,132,0x001e838f,0x001e838a,21 08 12 00 61 69 48 66 69 7f 9b f1 5f f0 d6 f0 8a 92 08 21 0d ff 00,"<G0001>
<CTRL:12><CTRL:00><G0041>P・MPが全回復した
<G0001>","<G0001>
<CTRL:12><CTRL:00>HP·MP가 모두 회복됐다
<G0001>",41 08 12 00 61 69 48 66 69 6A 20 D2 AA 20 EC 20 F0 3B F8 92 08 41 0D FF 00,,"[{""offset"": -5, ""raw_hex"": ""80 0e 00 00 00"", ""kind"": ""MESSAGE_HEADER"", ""opcode"": 128, ""argument"": 0}, {""offset"": 1, ""raw_hex"": ""08"", ""kind"": ""LINE_BREAK""}, {""offset"": 2, ""raw_hex"": ""12"", ""kind"": ""UNKNOWN_CONTROL""}, {""offset"": 3, ""raw_hex"": ""00"", ""kind"": ""UNKNOWN_CONTROL""}, {""offset"": 18, ""raw_hex"": ""08"", ""kind"": ""LINE_BREAK""}, {""offset"": 20, ""raw_hex"": ""0d ff 00"", ""kind"": ""MESSAGE_END""}]",REVIEW_1,NO,필드 안내 런타임 신고 및 0x4000/0x6000 전수 조사 반영.,PROVEN: scenario field/tutorial message; member_type=0x6000.
FIELD_RESOURCE_00240400_R00740000_M6000_0001,SCENARIO,field_resource_message,DATA/00240400.MDZ,DATA/00240400.MDT,0x00740000,00240400,133,0x00284fcd,0x00284fc8,21 08 12 00 61 69 48 66 69 7f 9b f1 5f f0 d6 f0 8a 92 08 21 0d ff 00,"<G0001>
<CTRL:12><CTRL:00><G0041>P・MPが全回復した
<G0001>","<G0001>
<CTRL:12><CTRL:00>HP·MP가 모두 회복됐다
<G0001>",41 08 12 00 61 69 48 66 69 6A 20 D2 AA 20 EC 20 F0 3B F8 92 08 41 0D FF 00,,"[{""offset"": -5, ""raw_hex"": ""80 0e 00 00 00"", ""kind"": ""MESSAGE_HEADER"", ""opcode"": 128, ""argument"": 0}, {""offset"": 1, ""raw_hex"": ""08"", ""kind"": ""LINE_BREAK""}, {""offset"": 2, ""raw_hex"": ""12"", ""kind"": ""UNKNOWN_CONTROL""}, {""offset"": 3, ""raw_hex"": ""00"", ""kind"": ""UNKNOWN_CONTROL""}, {""offset"": 18, ""raw_hex"": ""08"", ""kind"": ""LINE_BREAK""}, {""offset"": 20, ""raw_hex"": ""0d ff 00"", ""kind"": ""MESSAGE_END""}]",REVIEW_1,NO,필드 안내 런타임 신고 및 0x4000/0x6000 전수 조사 반영.,PROVEN: scenario field/tutorial message; member_type=0x6000.
FIELD_RESOURCE_00240400_R00740000_M6000_0002,SCENARIO,field_resource_message,DATA/00240400.MDZ,DATA/00240400.MDT,0x00740000,00240400,134,0x0028509f,0x0028509a,21 08 12 00 61 69 48 66 69 7f 9b f1 5f f0 d6 f0 8a 92 08 21 0d ff 00,"<G0001>
<CTRL:12><CTRL:00><G0041>P・MPが全回復した
<G0001>","<G0001>
<CTRL:12><CTRL:00>HP·MP가 모두 회복됐다
<G0001>",41 08 12 00 61 69 48 66 69 6A 20 D2 AA 20 EC 20 F0 3B F8 92 08 41 0D FF 00,,"[{""offset"": -5, ""raw_hex"": ""80 0e 00 00 00"", ""kind"": ""MESSAGE_HEADER"", ""opcode"": 128, ""argument"": 0}, {""offset"": 1, ""raw_hex"": ""08"", ""kind"": ""LINE_BREAK""}, {""offset"": 2, ""raw_hex"": ""12"", ""kind"": ""UNKNOWN_CONTROL""}, {""offset"": 3, ""raw_hex"": ""00"", ""kind"": ""UNKNOWN_CONTROL""}, {""offset"": 18, ""raw_hex"": ""08"", ""kind"": ""LINE_BREAK""}, {""offset"": 20, ""raw_hex"": ""0d ff 00"", ""kind"": ""MESSAGE_END""}]",REVIEW_1,NO,필드 안내 런타임 신고 및 0x4000/0x6000 전수 조사 반영.,PROVEN: scenario field/tutorial message; member_type=0x6000.
FIELD_RESOURCE_00241000_R00740000_M6000_0001,SCENARIO,field_resource_message,DATA/00241000.MDZ,DATA/00241000.MDT,0x00740000,00241000,135,0x003fecad,0x003feca8,21 08 12 00 61 69 48 66 69 7f 9b f1 5f f0 d6 f0 8a 92 08 21 0d ff 00,"<G0001>
<CTRL:12><CTRL:00><G0041>P・MPが全回復した
<G0001>","<G0001>
<CTRL:12><CTRL:00>HP·MP가 모두 회복됐다
<G0001>",41 08 12 00 61 69 48 66 69 6A 20 D2 AA 20 EC 20 F0 3B F8 92 08 41 0D FF 00,,"[{""offset"": -5, ""raw_hex"": ""80 0e 00 00 00"", ""kind"": ""MESSAGE_HEADER"", ""opcode"": 128, ""argument"": 0}, {""offset"": 1, ""raw_hex"": ""08"", ""kind"": ""LINE_BREAK""}, {""offset"": 2, ""raw_hex"": ""12"", ""kind"": ""UNKNOWN_CONTROL""}, {""offset"": 3, ""raw_hex"": ""00"", ""kind"": ""UNKNOWN_CONTROL""}, {""offset"": 18, ""raw_hex"": ""08"", ""kind"": ""LINE_BREAK""}, {""offset"": 20, ""raw_hex"": ""0d ff 00"", ""kind"": ""MESSAGE_END""}]",REVIEW_1,NO,필드 안내 런타임 신고 및 0x4000/0x6000 전수 조사 반영.,PROVEN: scenario field/tutorial message; member_type=0x6000.
FIELD_RESOURCE_00241000_R00740000_M6000_0002,SCENARIO,field_resource_message,DATA/00241000.MDZ,DATA/00241000.MDT,0x00740000,00241000,136,0x003fed7f,0x003fed7a,21 08 12 00 61 69 48 66 69 7f 9b f1 5f f0 d6 f0 8a 92 08 21 0d ff 00,"<G0001>
<CTRL:12><CTRL:00><G0041>P・MPが全回復した
<G0001>","<G0001>
<CTRL:12><CTRL:00>HP·MP가 모두 회복됐다
<G0001>",41 08 12 00 61 69 48 66 69 6A 20 D2 AA 20 EC 20 F0 3B F8 92 08 41 0D FF 00,,"[{""offset"": -5, ""raw_hex"": ""80 0e 00 00 00"", ""kind"": ""MESSAGE_HEADER"", ""opcode"": 128, ""argument"": 0}, {""offset"": 1, ""raw_hex"": ""08"", ""kind"": ""LINE_BREAK""}, {""offset"": 2, ""raw_hex"": ""12"", ""kind"": ""UNKNOWN_CONTROL""}, {""offset"": 3, ""raw_hex"": ""00"", ""kind"": ""UNKNOWN_CONTROL""}, {""offset"": 18, ""raw_hex"": ""08"", ""kind"": ""LINE_BREAK""}, {""offset"": 20, ""raw_hex"": ""0d ff 00"", ""kind"": ""MESSAGE_END""}]",REVIEW_1,NO,필드 안내 런타임 신고 및 0x4000/0x6000 전수 조사 반영.,PROVEN: scenario field/tutorial message; member_type=0x6000.
FIELD_RESOURCE_00241100_R00740000_M6000_0001,SCENARIO,field_resource_message,DATA/00241100.MDZ,DATA/00241100.MDT,0x00740000,00241100,137,0x002e4acd,0x002e4ac8,21 08 12 00 61 69 48 66 69 7f 9b f1 5f f0 d6 f0 8a 92 08 21 0d ff 00,"<G0001>
<CTRL:12><CTRL:00><G0041>P・MPが全回復した
<G0001>","<G0001>
<CTRL:12><CTRL:00>HP·MP가 모두 회복됐다
<G0001>",41 08 12 00 61 69 48 66 69 6A 20 D2 AA 20 EC 20 F0 3B F8 92 08 41 0D FF 00,,"[{""offset"": -5, ""raw_hex"": ""80 0e 00 00 00"", ""kind"": ""MESSAGE_HEADER"", ""opcode"": 128, ""argument"": 0}, {""offset"": 1, ""raw_hex"": ""08"", ""kind"": ""LINE_BREAK""}, {""offset"": 2, ""raw_hex"": ""12"", ""kind"": ""UNKNOWN_CONTROL""}, {""offset"": 3, ""raw_hex"": ""00"", ""kind"": ""UNKNOWN_CONTROL""}, {""offset"": 18, ""raw_hex"": ""08"", ""kind"": ""LINE_BREAK""}, {""offset"": 20, ""raw_hex"": ""0d ff 00"", ""kind"": ""MESSAGE_END""}]",REVIEW_1,NO,필드 안내 런타임 신고 및 0x4000/0x6000 전수 조사 반영.,PROVEN: scenario field/tutorial message; member_type=0x6000.
FIELD_RESOURCE_00241100_R00740000_M6000_0002,SCENARIO,field_resource_message,DATA/00241100.MDZ,DATA/00241100.MDT,0x00740000,00241100,138,0x002e4b9f,0x002e4b9a,21 08 12 00 61 69 48 66 69 7f 9b f1 5f f0 d6 f0 8a 92 08 21 0d ff 00,"<G0001>
<CTRL:12><CTRL:00><G0041>P・MPが全回復した
<G0001>","<G0001>
<CTRL:12><CTRL:00>HP·MP가 모두 회복됐다
<G0001>",41 08 12 00 61 69 48 66 69 6A 20 D2 AA 20 EC 20 F0 3B F8 92 08 41 0D FF 00,,"[{""offset"": -5, ""raw_hex"": ""80 0e 00 00 00"", ""kind"": ""MESSAGE_HEADER"", ""opcode"": 128, ""argument"": 0}, {""offset"": 1, ""raw_hex"": ""08"", ""kind"": ""LINE_BREAK""}, {""offset"": 2, ""raw_hex"": ""12"", ""kind"": ""UNKNOWN_CONTROL""}, {""offset"": 3, ""raw_hex"": ""00"", ""kind"": ""UNKNOWN_CONTROL""}, {""offset"": 18, ""raw_hex"": ""08"", ""kind"": ""LINE_BREAK""}, {""offset"": 20, ""raw_hex"": ""0d ff 00"", ""kind"": ""MESSAGE_END""}]",REVIEW_1,NO,필드 안내 런타임 신고 및 0x4000/0x6000 전수 조사 반영.,PROVEN: scenario field/tutorial message; member_type=0x6000.
FIELD_RESOURCE_00241200_R00740000_M6000_0001,SCENARIO,field_resource_message,DATA/00241200.MDZ,DATA/00241200.MDT,0x00740000,00241200,139,0x00463d6d,0x00463d68,21 08 12 00 61 69 48 66 69 7f 9b f1 5f f0 d6 f0 8a 92 08 21 0d ff 00,"<G0001>
<CTRL:12><CTRL:00><G0041>P・MPが全回復した
<G0001>","<G0001>
<CTRL:12><CTRL:00>HP·MP가 모두 회복됐다
<G0001>",41 08 12 00 61 69 48 66 69 6A 20 D2 AA 20 EC 20 F0 3B F8 92 08 41 0D FF 00,,"[{""offset"": -5, ""raw_hex"": ""80 0e 00 00 00"", ""kind"": ""MESSAGE_HEADER"", ""opcode"": 128, ""argument"": 0}, {""offset"": 1, ""raw_hex"": ""08"", ""kind"": ""LINE_BREAK""}, {""offset"": 2, ""raw_hex"": ""12"", ""kind"": ""UNKNOWN_CONTROL""}, {""offset"": 3, ""raw_hex"": ""00"", ""kind"": ""UNKNOWN_CONTROL""}, {""offset"": 18, ""raw_hex"": ""08"", ""kind"": ""LINE_BREAK""}, {""offset"": 20, ""raw_hex"": ""0d ff 00"", ""kind"": ""MESSAGE_END""}]",REVIEW_1,NO,필드 안내 런타임 신고 및 0x4000/0x6000 전수 조사 반영.,PROVEN: scenario field/tutorial message; member_type=0x6000.
FIELD_RESOURCE_00241200_R00740000_M6000_0002,SCENARIO,field_resource_message,DATA/00241200.MDZ,DATA/00241200.MDT,0x00740000,00241200,140,0x00463e3f,0x00463e3a,21 08 12 00 61 69 48 66 69 7f 9b f1 5f f0 d6 f0 8a 92 08 21 0d ff 00,"<G0001>
<CTRL:12><CTRL:00><G0041>P・MPが全回復した
<G0001>","<G0001>
<CTRL:12><CTRL:00>HP·MP가 모두 회복됐다
<G0001>",41 08 12 00 61 69 48 66 69 6A 20 D2 AA 20 EC 20 F0 3B F8 92 08 41 0D FF 00,,"[{""offset"": -5, ""raw_hex"": ""80 0e 00 00 00"", ""kind"": ""MESSAGE_HEADER"", ""opcode"": 128, ""argument"": 0}, {""offset"": 1, ""raw_hex"": ""08"", ""kind"": ""LINE_BREAK""}, {""offset"": 2, ""raw_hex"": ""12"", ""kind"": ""UNKNOWN_CONTROL""}, {""offset"": 3, ""raw_hex"": ""00"", ""kind"": ""UNKNOWN_CONTROL""}, {""offset"": 18, ""raw_hex"": ""08"", ""kind"": ""LINE_BREAK""}, {""offset"": 20, ""raw_hex"": ""0d ff 00"", ""kind"": ""MESSAGE_END""}]",REVIEW_1,NO,필드 안내 런타임 신고 및 0x4000/0x6000 전수 조사 반영.,PROVEN: scenario field/tutorial message; member_type=0x6000.
FIELD_RESOURCE_00241300_R00740000_M6000_0001,SCENARIO,field_resource_message,DATA/00241300.MDZ,DATA/00241300.MDT,0x00740000,00241300,141,0x0028895d,0x00288958,21 08 12 00 61 69 48 66 69 7f 9b f1 5f f0 d6 f0 8a 92 08 21 0d ff 00,"<G0001>
<CTRL:12><CTRL:00><G0041>P・MPが全回復した
<G0001>","<G0001>
<CTRL:12><CTRL:00>HP·MP가 모두 회복됐다
<G0001>",41 08 12 00 61 69 48 66 69 6A 20 D2 AA 20 EC 20 F0 3B F8 92 08 41 0D FF 00,,"[{""offset"": -5, ""raw_hex"": ""80 0e 00 00 00"", ""kind"": ""MESSAGE_HEADER"", ""opcode"": 128, ""argument"": 0}, {""offset"": 1, ""raw_hex"": ""08"", ""kind"": ""LINE_BREAK""}, {""offset"": 2, ""raw_hex"": ""12"", ""kind"": ""UNKNOWN_CONTROL""}, {""offset"": 3, ""raw_hex"": ""00"", ""kind"": ""UNKNOWN_CONTROL""}, {""offset"": 18, ""raw_hex"": ""08"", ""kind"": ""LINE_BREAK""}, {""offset"": 20, ""raw_hex"": ""0d ff 00"", ""kind"": ""MESSAGE_END""}]",REVIEW_1,NO,필드 안내 런타임 신고 및 0x4000/0x6000 전수 조사 반영.,PROVEN: scenario field/tutorial message; member_type=0x6000.
FIELD_RESOURCE_00241300_R00740000_M6000_0002,SCENARIO,field_resource_message,DATA/00241300.MDZ,DATA/00241300.MDT,0x00740000,00241300,142,0x00288a2f,0x00288a2a,21 08 12 00 61 69 48 66 69 7f 9b f1 5f f0 d6 f0 8a 92 08 21 0d ff 00,"<G0001>
<CTRL:12><CTRL:00><G0041>P・MPが全回復した
<G0001>","<G0001>
<CTRL:12><CTRL:00>HP·MP가 모두 회복됐다
<G0001>",41 08 12 00 61 69 48 66 69 6A 20 D2 AA 20 EC 20 F0 3B F8 92 08 41 0D FF 00,,"[{""offset"": -5, ""raw_hex"": ""80 0e 00 00 00"", ""kind"": ""MESSAGE_HEADER"", ""opcode"": 128, ""argument"": 0}, {""offset"": 1, ""raw_hex"": ""08"", ""kind"": ""LINE_BREAK""}, {""offset"": 2, ""raw_hex"": ""12"", ""kind"": ""UNKNOWN_CONTROL""}, {""offset"": 3, ""raw_hex"": ""00"", ""kind"": ""UNKNOWN_CONTROL""}, {""offset"": 18, ""raw_hex"": ""08"", ""kind"": ""LINE_BREAK""}, {""offset"": 20, ""raw_hex"": ""0d ff 00"", ""kind"": ""MESSAGE_END""}]",REVIEW_1,NO,필드 안내 런타임 신고 및 0x4000/0x6000 전수 조사 반영.,PROVEN: scenario field/tutorial message; member_type=0x6000.
FIELD_RESOURCE_00241400_R00740000_M6000_0001,SCENARIO,field_resource_message,DATA/00241400.MDZ,DATA/00241400.MDT,0x00740000,00241400,143,0x00286f2d,0x00286f28,21 08 12 00 61 69 48 66 69 7f 9b f1 5f f0 d6 f0 8a 92 08 21 0d ff 00,"<G0001>
<CTRL:12><CTRL:00><G0041>P・MPが全回復した
<G0001>","<G0001>
<CTRL:12><CTRL:00>HP·MP가 모두 회복됐다
<G0001>",41 08 12 00 61 69 48 66 69 6A 20 D2 AA 20 EC 20 F0 3B F8 92 08 41 0D FF 00,,"[{""offset"": -5, ""raw_hex"": ""80 0e 00 00 00"", ""kind"": ""MESSAGE_HEADER"", ""opcode"": 128, ""argument"": 0}, {""offset"": 1, ""raw_hex"": ""08"", ""kind"": ""LINE_BREAK""}, {""offset"": 2, ""raw_hex"": ""12"", ""kind"": ""UNKNOWN_CONTROL""}, {""offset"": 3, ""raw_hex"": ""00"", ""kind"": ""UNKNOWN_CONTROL""}, {""offset"": 18, ""raw_hex"": ""08"", ""kind"": ""LINE_BREAK""}, {""offset"": 20, ""raw_hex"": ""0d ff 00"", ""kind"": ""MESSAGE_END""}]",REVIEW_1,NO,필드 안내 런타임 신고 및 0x4000/0x6000 전수 조사 반영.,PROVEN: scenario field/tutorial message; member_type=0x6000.
FIELD_RESOURCE_00241400_R00740000_M6000_0002,SCENARIO,field_resource_message,DATA/00241400.MDZ,DATA/00241400.MDT,0x00740000,00241400,144,0x00286fff,0x00286ffa,21 08 12 00 61 69 48 66 69 7f 9b f1 5f f0 d6 f0 8a 92 08 21 0d ff 00,"<G0001>
<CTRL:12><CTRL:00><G0041>P・MPが全回復した
<G0001>","<G0001>
<CTRL:12><CTRL:00>HP·MP가 모두 회복됐다
<G0001>",41 08 12 00 61 69 48 66 69 6A 20 D2 AA 20 EC 20 F0 3B F8 92 08 41 0D FF 00,,"[{""offset"": -5, ""raw_hex"": ""80 0e 00 00 00"", ""kind"": ""MESSAGE_HEADER"", ""opcode"": 128, ""argument"": 0}, {""offset"": 1, ""raw_hex"": ""08"", ""kind"": ""LINE_BREAK""}, {""offset"": 2, ""raw_hex"": ""12"", ""kind"": ""UNKNOWN_CONTROL""}, {""offset"": 3, ""raw_hex"": ""00"", ""kind"": ""UNKNOWN_CONTROL""}, {""offset"": 18, ""raw_hex"": ""08"", ""kind"": ""LINE_BREAK""}, {""offset"": 20, ""raw_hex"": ""0d ff 00"", ""kind"": ""MESSAGE_END""}]",REVIEW_1,NO,필드 안내 런타임 신고 및 0x4000/0x6000 전수 조사 반영.,PROVEN: scenario field/tutorial message; member_type=0x6000.
FIELD_RESOURCE_00241500_R00740000_M6000_0001,SCENARIO,field_resource_message,DATA/00241500.MDZ,DATA/00241500.MDT,0x00740000,00241500,145,0x0027313d,0x00273138,21 08 12 00 61 69 48 66 69 7f 9b f1 5f f0 d6 f0 8a 92 08 21 0d ff 00,"<G0001>
<CTRL:12><CTRL:00><G0041>P・MPが全回復した
<G0001>","<G0001>
<CTRL:12><CTRL:00>HP·MP가 모두 회복됐다
<G0001>",41 08 12 00 61 69 48 66 69 6A 20 D2 AA 20 EC 20 F0 3B F8 92 08 41 0D FF 00,,"[{""offset"": -5, ""raw_hex"": ""80 0e 00 00 00"", ""kind"": ""MESSAGE_HEADER"", ""opcode"": 128, ""argument"": 0}, {""offset"": 1, ""raw_hex"": ""08"", ""kind"": ""LINE_BREAK""}, {""offset"": 2, ""raw_hex"": ""12"", ""kind"": ""UNKNOWN_CONTROL""}, {""offset"": 3, ""raw_hex"": ""00"", ""kind"": ""UNKNOWN_CONTROL""}, {""offset"": 18, ""raw_hex"": ""08"", ""kind"": ""LINE_BREAK""}, {""offset"": 20, ""raw_hex"": ""0d ff 00"", ""kind"": ""MESSAGE_END""}]",REVIEW_1,NO,필드 안내 런타임 신고 및 0x4000/0x6000 전수 조사 반영.,PROVEN: scenario field/tutorial message; member_type=0x6000.
FIELD_RESOURCE_00241500_R00740000_M6000_0002,SCENARIO,field_resource_message,DATA/00241500.MDZ,DATA/00241500.MDT,0x00740000,00241500,146,0x0027320f,0x0027320a,21 08 12 00 61 69 48 66 69 7f 9b f1 5f f0 d6 f0 8a 92 08 21 0d ff 00,"<G0001>
<CTRL:12><CTRL:00><G0041>P・MPが全回復した
<G0001>","<G0001>
<CTRL:12><CTRL:00>HP·MP가 모두 회복됐다
<G0001>",41 08 12 00 61 69 48 66 69 6A 20 D2 AA 20 EC 20 F0 3B F8 92 08 41 0D FF 00,,"[{""offset"": -5, ""raw_hex"": ""80 0e 00 00 00"", ""kind"": ""MESSAGE_HEADER"", ""opcode"": 128, ""argument"": 0}, {""offset"": 1, ""raw_hex"": ""08"", ""kind"": ""LINE_BREAK""}, {""offset"": 2, ""raw_hex"": ""12"", ""kind"": ""UNKNOWN_CONTROL""}, {""offset"": 3, ""raw_hex"": ""00"", ""kind"": ""UNKNOWN_CONTROL""}, {""offset"": 18, ""raw_hex"": ""08"", ""kind"": ""LINE_BREAK""}, {""offset"": 20, ""raw_hex"": ""0d ff 00"", ""kind"": ""MESSAGE_END""}]",REVIEW_1,NO,필드 안내 런타임 신고 및 0x4000/0x6000 전수 조사 반영.,PROVEN: scenario field/tutorial message; member_type=0x6000.
FIELD_RESOURCE_00241600_R00740000_M6000_0001,SCENARIO,field_resource_message,DATA/00241600.MDZ,DATA/00241600.MDT,0x00740000,00241600,147,0x002eec4d,0x002eec48,21 08 12 00 61 69 48 66 69 7f 9b f1 5f f0 d6 f0 8a 92 08 21 0d ff 00,"<G0001>
<CTRL:12><CTRL:00><G0041>P・MPが全回復した
<G0001>","<G0001>
<CTRL:12><CTRL:00>HP·MP가 모두 회복됐다
<G0001>",41 08 12 00 61 69 48 66 69 6A 20 D2 AA 20 EC 20 F0 3B F8 92 08 41 0D FF 00,,"[{""offset"": -5, ""raw_hex"": ""80 0e 00 00 00"", ""kind"": ""MESSAGE_HEADER"", ""opcode"": 128, ""argument"": 0}, {""offset"": 1, ""raw_hex"": ""08"", ""kind"": ""LINE_BREAK""}, {""offset"": 2, ""raw_hex"": ""12"", ""kind"": ""UNKNOWN_CONTROL""}, {""offset"": 3, ""raw_hex"": ""00"", ""kind"": ""UNKNOWN_CONTROL""}, {""offset"": 18, ""raw_hex"": ""08"", ""kind"": ""LINE_BREAK""}, {""offset"": 20, ""raw_hex"": ""0d ff 00"", ""kind"": ""MESSAGE_END""}]",REVIEW_1,NO,필드 안내 런타임 신고 및 0x4000/0x6000 전수 조사 반영.,PROVEN: scenario field/tutorial message; member_type=0x6000.
FIELD_RESOURCE_00241600_R00740000_M6000_0002,SCENARIO,field_resource_message,DATA/00241600.MDZ,DATA/00241600.MDT,0x00740000,00241600,148,0x002eed1f,0x002eed1a,21 08 12 00 61 69 48 66 69 7f 9b f1 5f f0 d6 f0 8a 92 08 21 0d ff 00,"<G0001>
<CTRL:12><CTRL:00><G0041>P・MPが全回復した
<G0001>","<G0001>
<CTRL:12><CTRL:00>HP·MP가 모두 회복됐다
<G0001>",41 08 12 00 61 69 48 66 69 6A 20 D2 AA 20 EC 20 F0 3B F8 92 08 41 0D FF 00,,"[{""offset"": -5, ""raw_hex"": ""80 0e 00 00 00"", ""kind"": ""MESSAGE_HEADER"", ""opcode"": 128, ""argument"": 0}, {""offset"": 1, ""raw_hex"": ""08"", ""kind"": ""LINE_BREAK""}, {""offset"": 2, ""raw_hex"": ""12"", ""kind"": ""UNKNOWN_CONTROL""}, {""offset"": 3, ""raw_hex"": ""00"", ""kind"": ""UNKNOWN_CONTROL""}, {""offset"": 18, ""raw_hex"": ""08"", ""kind"": ""LINE_BREAK""}, {""offset"": 20, ""raw_hex"": ""0d ff 00"", ""kind"": ""MESSAGE_END""}]",REVIEW_1,NO,필드 안내 런타임 신고 및 0x4000/0x6000 전수 조사 반영.,PROVEN: scenario field/tutorial message; member_type=0x6000.
FIELD_RESOURCE_00241700_R00740000_M6000_0001,SCENARIO,field_resource_message,DATA/00241700.MDZ,DATA/00241700.MDT,0x00740000,00241700,149,0x003a241d,0x003a2418,21 08 12 00 61 69 48 66 69 7f 9b f1 5f f0 d6 f0 8a 92 08 21 0d ff 00,"<G0001>
<CTRL:12><CTRL:00><G0041>P・MPが全回復した
<G0001>","<G0001>
<CTRL:12><CTRL:00>HP·MP가 모두 회복됐다
<G0001>",41 08 12 00 61 69 48 66 69 6A 20 D2 AA 20 EC 20 F0 3B F8 92 08 41 0D FF 00,,"[{""offset"": -5, ""raw_hex"": ""80 0e 00 00 00"", ""kind"": ""MESSAGE_HEADER"", ""opcode"": 128, ""argument"": 0}, {""offset"": 1, ""raw_hex"": ""08"", ""kind"": ""LINE_BREAK""}, {""offset"": 2, ""raw_hex"": ""12"", ""kind"": ""UNKNOWN_CONTROL""}, {""offset"": 3, ""raw_hex"": ""00"", ""kind"": ""UNKNOWN_CONTROL""}, {""offset"": 18, ""raw_hex"": ""08"", ""kind"": ""LINE_BREAK""}, {""offset"": 20, ""raw_hex"": ""0d ff 00"", ""kind"": ""MESSAGE_END""}]",REVIEW_1,NO,필드 안내 런타임 신고 및 0x4000/0x6000 전수 조사 반영.,PROVEN: scenario field/tutorial message; member_type=0x6000.
FIELD_RESOURCE_00241700_R00740000_M6000_0002,SCENARIO,field_resource_message,DATA/00241700.MDZ,DATA/00241700.MDT,0x00740000,00241700,150,0x003a24ef,0x003a24ea,21 08 12 00 61 69 48 66 69 7f 9b f1 5f f0 d6 f0 8a 92 08 21 0d ff 00,"<G0001>
<CTRL:12><CTRL:00><G0041>P・MPが全回復した
<G0001>","<G0001>
<CTRL:12><CTRL:00>HP·MP가 모두 회복됐다
<G0001>",41 08 12 00 61 69 48 66 69 6A 20 D2 AA 20 EC 20 F0 3B F8 92 08 41 0D FF 00,,"[{""offset"": -5, ""raw_hex"": ""80 0e 00 00 00"", ""kind"": ""MESSAGE_HEADER"", ""opcode"": 128, ""argument"": 0}, {""offset"": 1, ""raw_hex"": ""08"", ""kind"": ""LINE_BREAK""}, {""offset"": 2, ""raw_hex"": ""12"", ""kind"": ""UNKNOWN_CONTROL""}, {""offset"": 3, ""raw_hex"": ""00"", ""kind"": ""UNKNOWN_CONTROL""}, {""offset"": 18, ""raw_hex"": ""08"", ""kind"": ""LINE_BREAK""}, {""offset"": 20, ""raw_hex"": ""0d ff 00"", ""kind"": ""MESSAGE_END""}]",REVIEW_1,NO,필드 안내 런타임 신고 및 0x4000/0x6000 전수 조사 반영.,PROVEN: scenario field/tutorial message; member_type=0x6000.
FIELD_RESOURCE_00241800_R00740000_M6000_0001,SCENARIO,field_resource_message,DATA/00241800.MDZ,DATA/00241800.MDT,0x00740000,00241800,151,0x0033d42d,0x0033d428,21 08 12 00 61 69 48 66 69 7f 9b f1 5f f0 d6 f0 8a 92 08 21 0d ff 00,"<G0001>
<CTRL:12><CTRL:00><G0041>P・MPが全回復した
<G0001>","<G0001>
<CTRL:12><CTRL:00>HP·MP가 모두 회복됐다
<G0001>",41 08 12 00 61 69 48 66 69 6A 20 D2 AA 20 EC 20 F0 3B F8 92 08 41 0D FF 00,,"[{""offset"": -5, ""raw_hex"": ""80 0e 00 00 00"", ""kind"": ""MESSAGE_HEADER"", ""opcode"": 128, ""argument"": 0}, {""offset"": 1, ""raw_hex"": ""08"", ""kind"": ""LINE_BREAK""}, {""offset"": 2, ""raw_hex"": ""12"", ""kind"": ""UNKNOWN_CONTROL""}, {""offset"": 3, ""raw_hex"": ""00"", ""kind"": ""UNKNOWN_CONTROL""}, {""offset"": 18, ""raw_hex"": ""08"", ""kind"": ""LINE_BREAK""}, {""offset"": 20, ""raw_hex"": ""0d ff 00"", ""kind"": ""MESSAGE_END""}]",REVIEW_1,NO,필드 안내 런타임 신고 및 0x4000/0x6000 전수 조사 반영.,PROVEN: scenario field/tutorial message; member_type=0x6000.
FIELD_RESOURCE_00241800_R00740000_M6000_0002,SCENARIO,field_resource_message,DATA/00241800.MDZ,DATA/00241800.MDT,0x00740000,00241800,152,0x0033d4ff,0x0033d4fa,21 08 12 00 61 69 48 66 69 7f 9b f1 5f f0 d6 f0 8a 92 08 21 0d ff 00,"<G0001>
<CTRL:12><CTRL:00><G0041>P・MPが全回復した
<G0001>","<G0001>
<CTRL:12><CTRL:00>HP·MP가 모두 회복됐다
<G0001>",41 08 12 00 61 69 48 66 69 6A 20 D2 AA 20 EC 20 F0 3B F8 92 08 41 0D FF 00,,"[{""offset"": -5, ""raw_hex"": ""80 0e 00 00 00"", ""kind"": ""MESSAGE_HEADER"", ""opcode"": 128, ""argument"": 0}, {""offset"": 1, ""raw_hex"": ""08"", ""kind"": ""LINE_BREAK""}, {""offset"": 2, ""raw_hex"": ""12"", ""kind"": ""UNKNOWN_CONTROL""}, {""offset"": 3, ""raw_hex"": ""00"", ""kind"": ""UNKNOWN_CONTROL""}, {""offset"": 18, ""raw_hex"": ""08"", ""kind"": ""LINE_BREAK""}, {""offset"": 20, ""raw_hex"": ""0d ff 00"", ""kind"": ""MESSAGE_END""}]",REVIEW_1,NO,필드 안내 런타임 신고 및 0x4000/0x6000 전수 조사 반영.,PROVEN: scenario field/tutorial message; member_type=0x6000.
FIELD_RESOURCE_00241900_R00740000_M6000_0001,SCENARIO,field_resource_message,DATA/00241900.MDZ,DATA/00241900.MDT,0x00740000,00241900,153,0x003a35ed,0x003a35e8,21 08 12 00 61 69 48 66 69 7f 9b f1 5f f0 d6 f0 8a 92 08 21 0d ff 00,"<G0001>
<CTRL:12><CTRL:00><G0041>P・MPが全回復した
<G0001>","<G0001>
<CTRL:12><CTRL:00>HP·MP가 모두 회복됐다
<G0001>",41 08 12 00 61 69 48 66 69 6A 20 D2 AA 20 EC 20 F0 3B F8 92 08 41 0D FF 00,,"[{""offset"": -5, ""raw_hex"": ""80 0e 00 00 00"", ""kind"": ""MESSAGE_HEADER"", ""opcode"": 128, ""argument"": 0}, {""offset"": 1, ""raw_hex"": ""08"", ""kind"": ""LINE_BREAK""}, {""offset"": 2, ""raw_hex"": ""12"", ""kind"": ""UNKNOWN_CONTROL""}, {""offset"": 3, ""raw_hex"": ""00"", ""kind"": ""UNKNOWN_CONTROL""}, {""offset"": 18, ""raw_hex"": ""08"", ""kind"": ""LINE_BREAK""}, {""offset"": 20, ""raw_hex"": ""0d ff 00"", ""kind"": ""MESSAGE_END""}]",REVIEW_1,NO,필드 안내 런타임 신고 및 0x4000/0x6000 전수 조사 반영.,PROVEN: scenario field/tutorial message; member_type=0x6000.
FIELD_RESOURCE_00241900_R00740000_M6000_0002,SCENARIO,field_resource_message,DATA/00241900.MDZ,DATA/00241900.MDT,0x00740000,00241900,154,0x003a36bf,0x003a36ba,21 08 12 00 61 69 48 66 69 7f 9b f1 5f f0 d6 f0 8a 92 08 21 0d ff 00,"<G0001>
<CTRL:12><CTRL:00><G0041>P・MPが全回復した
<G0001>","<G0001>
<CTRL:12><CTRL:00>HP·MP가 모두 회복됐다
<G0001>",41 08 12 00 61 69 48 66 69 6A 20 D2 AA 20 EC 20 F0 3B F8 92 08 41 0D FF 00,,"[{""offset"": -5, ""raw_hex"": ""80 0e 00 00 00"", ""kind"": ""MESSAGE_HEADER"", ""opcode"": 128, ""argument"": 0}, {""offset"": 1, ""raw_hex"": ""08"", ""kind"": ""LINE_BREAK""}, {""offset"": 2, ""raw_hex"": ""12"", ""kind"": ""UNKNOWN_CONTROL""}, {""offset"": 3, ""raw_hex"": ""00"", ""kind"": ""UNKNOWN_CONTROL""}, {""offset"": 18, ""raw_hex"": ""08"", ""kind"": ""LINE_BREAK""}, {""offset"": 20, ""raw_hex"": ""0d ff 00"", ""kind"": ""MESSAGE_END""}]",REVIEW_1,NO,필드 안내 런타임 신고 및 0x4000/0x6000 전수 조사 반영.,PROVEN: scenario field/tutorial message; member_type=0x6000.
FIELD_RESOURCE_00242000_R00740000_M6000_0001,SCENARIO,field_resource_message,DATA/00242000.MDZ,DATA/00242000.MDT,0x00740000,00242000,155,0x00394edd,0x00394ed8,21 08 12 00 61 69 48 66 69 7f 9b f1 5f f0 d6 f0 8a 92 08 21 0d ff 00,"<G0001>
<CTRL:12><CTRL:00><G0041>P・MPが全回復した
<G0001>","<G0001>
<CTRL:12><CTRL:00>HP·MP가 모두 회복됐다
<G0001>",41 08 12 00 61 69 48 66 69 6A 20 D2 AA 20 EC 20 F0 3B F8 92 08 41 0D FF 00,,"[{""offset"": -5, ""raw_hex"": ""80 0e 00 00 00"", ""kind"": ""MESSAGE_HEADER"", ""opcode"": 128, ""argument"": 0}, {""offset"": 1, ""raw_hex"": ""08"", ""kind"": ""LINE_BREAK""}, {""offset"": 2, ""raw_hex"": ""12"", ""kind"": ""UNKNOWN_CONTROL""}, {""offset"": 3, ""raw_hex"": ""00"", ""kind"": ""UNKNOWN_CONTROL""}, {""offset"": 18, ""raw_hex"": ""08"", ""kind"": ""LINE_BREAK""}, {""offset"": 20, ""raw_hex"": ""0d ff 00"", ""kind"": ""MESSAGE_END""}]",REVIEW_1,NO,필드 안내 런타임 신고 및 0x4000/0x6000 전수 조사 반영.,PROVEN: scenario field/tutorial message; member_type=0x6000.
FIELD_RESOURCE_00242000_R00740000_M6000_0002,SCENARIO,field_resource_message,DATA/00242000.MDZ,DATA/00242000.MDT,0x00740000,00242000,156,0x00394faf,0x00394faa,21 08 12 00 61 69 48 66 69 7f 9b f1 5f f0 d6 f0 8a 92 08 21 0d ff 00,"<G0001>
<CTRL:12><CTRL:00><G0041>P・MPが全回復した
<G0001>","<G0001>
<CTRL:12><CTRL:00>HP·MP가 모두 회복됐다
<G0001>",41 08 12 00 61 69 48 66 69 6A 20 D2 AA 20 EC 20 F0 3B F8 92 08 41 0D FF 00,,"[{""offset"": -5, ""raw_hex"": ""80 0e 00 00 00"", ""kind"": ""MESSAGE_HEADER"", ""opcode"": 128, ""argument"": 0}, {""offset"": 1, ""raw_hex"": ""08"", ""kind"": ""LINE_BREAK""}, {""offset"": 2, ""raw_hex"": ""12"", ""kind"": ""UNKNOWN_CONTROL""}, {""offset"": 3, ""raw_hex"": ""00"", ""kind"": ""UNKNOWN_CONTROL""}, {""offset"": 18, ""raw_hex"": ""08"", ""kind"": ""LINE_BREAK""}, {""offset"": 20, ""raw_hex"": ""0d ff 00"", ""kind"": ""MESSAGE_END""}]",REVIEW_1,NO,필드 안내 런타임 신고 및 0x4000/0x6000 전수 조사 반영.,PROVEN: scenario field/tutorial message; member_type=0x6000.
FIELD_RESOURCE_00242300_R00740000_M6000_0001,SCENARIO,field_resource_message,DATA/00242300.MDZ,DATA/00242300.MDT,0x00740000,00242300,157,0x0027ff7d,0x0027ff78,21 08 12 00 61 69 48 66 69 7f 9b f1 5f f0 d6 f0 8a 92 08 21 0d ff 00,"<G0001>
<CTRL:12><CTRL:00><G0041>P・MPが全回復した
<G0001>","<G0001>
<CTRL:12><CTRL:00>HP·MP가 모두 회복됐다
<G0001>",41 08 12 00 61 69 48 66 69 6A 20 D2 AA 20 EC 20 F0 3B F8 92 08 41 0D FF 00,,"[{""offset"": -5, ""raw_hex"": ""80 0e 00 00 00"", ""kind"": ""MESSAGE_HEADER"", ""opcode"": 128, ""argument"": 0}, {""offset"": 1, ""raw_hex"": ""08"", ""kind"": ""LINE_BREAK""}, {""offset"": 2, ""raw_hex"": ""12"", ""kind"": ""UNKNOWN_CONTROL""}, {""offset"": 3, ""raw_hex"": ""00"", ""kind"": ""UNKNOWN_CONTROL""}, {""offset"": 18, ""raw_hex"": ""08"", ""kind"": ""LINE_BREAK""}, {""offset"": 20, ""raw_hex"": ""0d ff 00"", ""kind"": ""MESSAGE_END""}]",REVIEW_1,NO,필드 안내 런타임 신고 및 0x4000/0x6000 전수 조사 반영.,PROVEN: scenario field/tutorial message; member_type=0x6000.
FIELD_RESOURCE_00242300_R00740000_M6000_0002,SCENARIO,field_resource_message,DATA/00242300.MDZ,DATA/00242300.MDT,0x00740000,00242300,158,0x0028004f,0x0028004a,21 08 12 00 61 69 48 66 69 7f 9b f1 5f f0 d6 f0 8a 92 08 21 0d ff 00,"<G0001>
<CTRL:12><CTRL:00><G0041>P・MPが全回復した
<G0001>","<G0001>
<CTRL:12><CTRL:00>HP·MP가 모두 회복됐다
<G0001>",41 08 12 00 61 69 48 66 69 6A 20 D2 AA 20 EC 20 F0 3B F8 92 08 41 0D FF 00,,"[{""offset"": -5, ""raw_hex"": ""80 0e 00 00 00"", ""kind"": ""MESSAGE_HEADER"", ""opcode"": 128, ""argument"": 0}, {""offset"": 1, ""raw_hex"": ""08"", ""kind"": ""LINE_BREAK""}, {""offset"": 2, ""raw_hex"": ""12"", ""kind"": ""UNKNOWN_CONTROL""}, {""offset"": 3, ""raw_hex"": ""00"", ""kind"": ""UNKNOWN_CONTROL""}, {""offset"": 18, ""raw_hex"": ""08"", ""kind"": ""LINE_BREAK""}, {""offset"": 20, ""raw_hex"": ""0d ff 00"", ""kind"": ""MESSAGE_END""}]",REVIEW_1,NO,필드 안내 런타임 신고 및 0x4000/0x6000 전수 조사 반영.,PROVEN: scenario field/tutorial message; member_type=0x6000.
FIELD_RESOURCE_00243100_R00740000_M6000_0001,SCENARIO,field_resource_message,DATA/00243100.MDZ,DATA/00243100.MDT,0x00740000,00243100,159,0x00266aad,0x00266aa8,21 08 12 00 61 69 48 66 69 7f 9b f1 5f f0 d6 f0 8a 92 08 21 0d ff 00,"<G0001>
<CTRL:12><CTRL:00><G0041>P・MPが全回復した
<G0001>","<G0001>
<CTRL:12><CTRL:00>HP·MP가 모두 회복됐다
<G0001>",41 08 12 00 61 69 48 66 69 6A 20 D2 AA 20 EC 20 F0 3B F8 92 08 41 0D FF 00,,"[{""offset"": -5, ""raw_hex"": ""80 0e 00 00 00"", ""kind"": ""MESSAGE_HEADER"", ""opcode"": 128, ""argument"": 0}, {""offset"": 1, ""raw_hex"": ""08"", ""kind"": ""LINE_BREAK""}, {""offset"": 2, ""raw_hex"": ""12"", ""kind"": ""UNKNOWN_CONTROL""}, {""offset"": 3, ""raw_hex"": ""00"", ""kind"": ""UNKNOWN_CONTROL""}, {""offset"": 18, ""raw_hex"": ""08"", ""kind"": ""LINE_BREAK""}, {""offset"": 20, ""raw_hex"": ""0d ff 00"", ""kind"": ""MESSAGE_END""}]",REVIEW_1,NO,필드 안내 런타임 신고 및 0x4000/0x6000 전수 조사 반영.,PROVEN: scenario field/tutorial message; member_type=0x6000.
FIELD_RESOURCE_00243100_R00740000_M6000_0002,SCENARIO,field_resource_message,DATA/00243100.MDZ,DATA/00243100.MDT,0x00740000,00243100,160,0x00266b7f,0x00266b7a,21 08 12 00 61 69 48 66 69 7f 9b f1 5f f0 d6 f0 8a 92 08 21 0d ff 00,"<G0001>
<CTRL:12><CTRL:00><G0041>P・MPが全回復した
<G0001>","<G0001>
<CTRL:12><CTRL:00>HP·MP가 모두 회복됐다
<G0001>",41 08 12 00 61 69 48 66 69 6A 20 D2 AA 20 EC 20 F0 3B F8 92 08 41 0D FF 00,,"[{""offset"": -5, ""raw_hex"": ""80 0e 00 00 00"", ""kind"": ""MESSAGE_HEADER"", ""opcode"": 128, ""argument"": 0}, {""offset"": 1, ""raw_hex"": ""08"", ""kind"": ""LINE_BREAK""}, {""offset"": 2, ""raw_hex"": ""12"", ""kind"": ""UNKNOWN_CONTROL""}, {""offset"": 3, ""raw_hex"": ""00"", ""kind"": ""UNKNOWN_CONTROL""}, {""offset"": 18, ""raw_hex"": ""08"", ""kind"": ""LINE_BREAK""}, {""offset"": 20, ""raw_hex"": ""0d ff 00"", ""kind"": ""MESSAGE_END""}]",REVIEW_1,NO,필드 안내 런타임 신고 및 0x4000/0x6000 전수 조사 반영.,PROVEN: scenario field/tutorial message; member_type=0x6000.
FIELD_RESOURCE_00243200_R00740000_M6000_0001,SCENARIO,field_resource_message,DATA/00243200.MDZ,DATA/00243200.MDT,0x00740000,00243200,161,0x004ce8cd,0x004ce8c8,21 08 12 00 61 69 48 66 69 7f 9b f1 5f f0 d6 f0 8a 92 08 21 0d ff 00,"<G0001>
<CTRL:12><CTRL:00><G0041>P・MPが全回復した
<G0001>","<G0001>
<CTRL:12><CTRL:00>HP·MP가 모두 회복됐다
<G0001>",41 08 12 00 61 69 48 66 69 6A 20 D2 AA 20 EC 20 F0 3B F8 92 08 41 0D FF 00,,"[{""offset"": -5, ""raw_hex"": ""80 0e 00 00 00"", ""kind"": ""MESSAGE_HEADER"", ""opcode"": 128, ""argument"": 0}, {""offset"": 1, ""raw_hex"": ""08"", ""kind"": ""LINE_BREAK""}, {""offset"": 2, ""raw_hex"": ""12"", ""kind"": ""UNKNOWN_CONTROL""}, {""offset"": 3, ""raw_hex"": ""00"", ""kind"": ""UNKNOWN_CONTROL""}, {""offset"": 18, ""raw_hex"": ""08"", ""kind"": ""LINE_BREAK""}, {""offset"": 20, ""raw_hex"": ""0d ff 00"", ""kind"": ""MESSAGE_END""}]",REVIEW_1,NO,필드 안내 런타임 신고 및 0x4000/0x6000 전수 조사 반영.,PROVEN: scenario field/tutorial message; member_type=0x6000.
FIELD_RESOURCE_00243200_R00740000_M6000_0002,SCENARIO,field_resource_message,DATA/00243200.MDZ,DATA/00243200.MDT,0x00740000,00243200,162,0x004ce99f,0x004ce99a,21 08 12 00 61 69 48 66 69 7f 9b f1 5f f0 d6 f0 8a 92 08 21 0d ff 00,"<G0001>
<CTRL:12><CTRL:00><G0041>P・MPが全回復した
<G0001>","<G0001>
<CTRL:12><CTRL:00>HP·MP가 모두 회복됐다
<G0001>",41 08 12 00 61 69 48 66 69 6A 20 D2 AA 20 EC 20 F0 3B F8 92 08 41 0D FF 00,,"[{""offset"": -5, ""raw_hex"": ""80 0e 00 00 00"", ""kind"": ""MESSAGE_HEADER"", ""opcode"": 128, ""argument"": 0}, {""offset"": 1, ""raw_hex"": ""08"", ""kind"": ""LINE_BREAK""}, {""offset"": 2, ""raw_hex"": ""12"", ""kind"": ""UNKNOWN_CONTROL""}, {""offset"": 3, ""raw_hex"": ""00"", ""kind"": ""UNKNOWN_CONTROL""}, {""offset"": 18, ""raw_hex"": ""08"", ""kind"": ""LINE_BREAK""}, {""offset"": 20, ""raw_hex"": ""0d ff 00"", ""kind"": ""MESSAGE_END""}]",REVIEW_1,NO,필드 안내 런타임 신고 및 0x4000/0x6000 전수 조사 반영.,PROVEN: scenario field/tutorial message; member_type=0x6000.
FIELD_RESOURCE_00243300_R00740000_M6000_0001,SCENARIO,field_resource_message,DATA/00243300.MDZ,DATA/00243300.MDT,0x00740000,00243300,163,0x00339e2d,0x00339e28,21 08 12 00 61 69 48 66 69 7f 9b f1 5f f0 d6 f0 8a 92 08 21 0d ff 00,"<G0001>
<CTRL:12><CTRL:00><G0041>P・MPが全回復した
<G0001>","<G0001>
<CTRL:12><CTRL:00>HP·MP가 모두 회복됐다
<G0001>",41 08 12 00 61 69 48 66 69 6A 20 D2 AA 20 EC 20 F0 3B F8 92 08 41 0D FF 00,,"[{""offset"": -5, ""raw_hex"": ""80 0e 00 00 00"", ""kind"": ""MESSAGE_HEADER"", ""opcode"": 128, ""argument"": 0}, {""offset"": 1, ""raw_hex"": ""08"", ""kind"": ""LINE_BREAK""}, {""offset"": 2, ""raw_hex"": ""12"", ""kind"": ""UNKNOWN_CONTROL""}, {""offset"": 3, ""raw_hex"": ""00"", ""kind"": ""UNKNOWN_CONTROL""}, {""offset"": 18, ""raw_hex"": ""08"", ""kind"": ""LINE_BREAK""}, {""offset"": 20, ""raw_hex"": ""0d ff 00"", ""kind"": ""MESSAGE_END""}]",REVIEW_1,NO,필드 안내 런타임 신고 및 0x4000/0x6000 전수 조사 반영.,PROVEN: scenario field/tutorial message; member_type=0x6000.
FIELD_RESOURCE_00243300_R00740000_M6000_0002,SCENARIO,field_resource_message,DATA/00243300.MDZ,DATA/00243300.MDT,0x00740000,00243300,164,0x00339eff,0x00339efa,21 08 12 00 61 69 48 66 69 7f 9b f1 5f f0 d6 f0 8a 92 08 21 0d ff 00,"<G0001>
<CTRL:12><CTRL:00><G0041>P・MPが全回復した
<G0001>","<G0001>
<CTRL:12><CTRL:00>HP·MP가 모두 회복됐다
<G0001>",41 08 12 00 61 69 48 66 69 6A 20 D2 AA 20 EC 20 F0 3B F8 92 08 41 0D FF 00,,"[{""offset"": -5, ""raw_hex"": ""80 0e 00 00 00"", ""kind"": ""MESSAGE_HEADER"", ""opcode"": 128, ""argument"": 0}, {""offset"": 1, ""raw_hex"": ""08"", ""kind"": ""LINE_BREAK""}, {""offset"": 2, ""raw_hex"": ""12"", ""kind"": ""UNKNOWN_CONTROL""}, {""offset"": 3, ""raw_hex"": ""00"", ""kind"": ""UNKNOWN_CONTROL""}, {""offset"": 18, ""raw_hex"": ""08"", ""kind"": ""LINE_BREAK""}, {""offset"": 20, ""raw_hex"": ""0d ff 00"", ""kind"": ""MESSAGE_END""}]",REVIEW_1,NO,필드 안내 런타임 신고 및 0x4000/0x6000 전수 조사 반영.,PROVEN: scenario field/tutorial message; member_type=0x6000.
FIELD_RESOURCE_00243400_R00740000_M6000_0001,SCENARIO,field_resource_message,DATA/00243400.MDZ,DATA/00243400.MDT,0x00740000,00243400,165,0x00341bad,0x00341ba8,21 08 12 00 61 69 48 66 69 7f 9b f1 5f f0 d6 f0 8a 92 08 21 0d ff 00,"<G0001>
<CTRL:12><CTRL:00><G0041>P・MPが全回復した
<G0001>","<G0001>
<CTRL:12><CTRL:00>HP·MP가 모두 회복됐다
<G0001>",41 08 12 00 61 69 48 66 69 6A 20 D2 AA 20 EC 20 F0 3B F8 92 08 41 0D FF 00,,"[{""offset"": -5, ""raw_hex"": ""80 0e 00 00 00"", ""kind"": ""MESSAGE_HEADER"", ""opcode"": 128, ""argument"": 0}, {""offset"": 1, ""raw_hex"": ""08"", ""kind"": ""LINE_BREAK""}, {""offset"": 2, ""raw_hex"": ""12"", ""kind"": ""UNKNOWN_CONTROL""}, {""offset"": 3, ""raw_hex"": ""00"", ""kind"": ""UNKNOWN_CONTROL""}, {""offset"": 18, ""raw_hex"": ""08"", ""kind"": ""LINE_BREAK""}, {""offset"": 20, ""raw_hex"": ""0d ff 00"", ""kind"": ""MESSAGE_END""}]",REVIEW_1,NO,필드 안내 런타임 신고 및 0x4000/0x6000 전수 조사 반영.,PROVEN: scenario field/tutorial message; member_type=0x6000.
FIELD_RESOURCE_00243400_R00740000_M6000_0002,SCENARIO,field_resource_message,DATA/00243400.MDZ,DATA/00243400.MDT,0x00740000,00243400,166,0x00341c7f,0x00341c7a,21 08 12 00 61 69 48 66 69 7f 9b f1 5f f0 d6 f0 8a 92 08 21 0d ff 00,"<G0001>
<CTRL:12><CTRL:00><G0041>P・MPが全回復した
<G0001>","<G0001>
<CTRL:12><CTRL:00>HP·MP가 모두 회복됐다
<G0001>",41 08 12 00 61 69 48 66 69 6A 20 D2 AA 20 EC 20 F0 3B F8 92 08 41 0D FF 00,,"[{""offset"": -5, ""raw_hex"": ""80 0e 00 00 00"", ""kind"": ""MESSAGE_HEADER"", ""opcode"": 128, ""argument"": 0}, {""offset"": 1, ""raw_hex"": ""08"", ""kind"": ""LINE_BREAK""}, {""offset"": 2, ""raw_hex"": ""12"", ""kind"": ""UNKNOWN_CONTROL""}, {""offset"": 3, ""raw_hex"": ""00"", ""kind"": ""UNKNOWN_CONTROL""}, {""offset"": 18, ""raw_hex"": ""08"", ""kind"": ""LINE_BREAK""}, {""offset"": 20, ""raw_hex"": ""0d ff 00"", ""kind"": ""MESSAGE_END""}]",REVIEW_1,NO,필드 안내 런타임 신고 및 0x4000/0x6000 전수 조사 반영.,PROVEN: scenario field/tutorial message; member_type=0x6000.
FIELD_RESOURCE_00243500_R00740000_M6000_0001,SCENARIO,field_resource_message,DATA/00243500.MDZ,DATA/00243500.MDT,0x00740000,00243500,167,0x00459abd,0x00459ab8,21 08 12 00 61 69 48 66 69 7f 9b f1 5f f0 d6 f0 8a 92 08 21 0d ff 00,"<G0001>
<CTRL:12><CTRL:00><G0041>P・MPが全回復した
<G0001>","<G0001>
<CTRL:12><CTRL:00>HP·MP가 모두 회복됐다
<G0001>",41 08 12 00 61 69 48 66 69 6A 20 D2 AA 20 EC 20 F0 3B F8 92 08 41 0D FF 00,,"[{""offset"": -5, ""raw_hex"": ""80 0e 00 00 00"", ""kind"": ""MESSAGE_HEADER"", ""opcode"": 128, ""argument"": 0}, {""offset"": 1, ""raw_hex"": ""08"", ""kind"": ""LINE_BREAK""}, {""offset"": 2, ""raw_hex"": ""12"", ""kind"": ""UNKNOWN_CONTROL""}, {""offset"": 3, ""raw_hex"": ""00"", ""kind"": ""UNKNOWN_CONTROL""}, {""offset"": 18, ""raw_hex"": ""08"", ""kind"": ""LINE_BREAK""}, {""offset"": 20, ""raw_hex"": ""0d ff 00"", ""kind"": ""MESSAGE_END""}]",REVIEW_1,NO,필드 안내 런타임 신고 및 0x4000/0x6000 전수 조사 반영.,PROVEN: scenario field/tutorial message; member_type=0x6000.
FIELD_RESOURCE_00243500_R00740000_M6000_0002,SCENARIO,field_resource_message,DATA/00243500.MDZ,DATA/00243500.MDT,0x00740000,00243500,168,0x00459b8f,0x00459b8a,21 08 12 00 61 69 48 66 69 7f 9b f1 5f f0 d6 f0 8a 92 08 21 0d ff 00,"<G0001>
<CTRL:12><CTRL:00><G0041>P・MPが全回復した
<G0001>","<G0001>
<CTRL:12><CTRL:00>HP·MP가 모두 회복됐다
<G0001>",41 08 12 00 61 69 48 66 69 6A 20 D2 AA 20 EC 20 F0 3B F8 92 08 41 0D FF 00,,"[{""offset"": -5, ""raw_hex"": ""80 0e 00 00 00"", ""kind"": ""MESSAGE_HEADER"", ""opcode"": 128, ""argument"": 0}, {""offset"": 1, ""raw_hex"": ""08"", ""kind"": ""LINE_BREAK""}, {""offset"": 2, ""raw_hex"": ""12"", ""kind"": ""UNKNOWN_CONTROL""}, {""offset"": 3, ""raw_hex"": ""00"", ""kind"": ""UNKNOWN_CONTROL""}, {""offset"": 18, ""raw_hex"": ""08"", ""kind"": ""LINE_BREAK""}, {""offset"": 20, ""raw_hex"": ""0d ff 00"", ""kind"": ""MESSAGE_END""}]",REVIEW_1,NO,필드 안내 런타임 신고 및 0x4000/0x6000 전수 조사 반영.,PROVEN: scenario field/tutorial message; member_type=0x6000.
FIELD_RESOURCE_00243600_R00740000_M6000_0001,SCENARIO,field_resource_message,DATA/00243600.MDZ,DATA/00243600.MDT,0x00740000,00243600,169,0x002e9d2d,0x002e9d28,21 08 12 00 61 69 48 66 69 7f 9b f1 5f f0 d6 f0 8a 92 08 21 0d ff 00,"<G0001>
<CTRL:12><CTRL:00><G0041>P・MPが全回復した
<G0001>","<G0001>
<CTRL:12><CTRL:00>HP·MP가 모두 회복됐다
<G0001>",41 08 12 00 61 69 48 66 69 6A 20 D2 AA 20 EC 20 F0 3B F8 92 08 41 0D FF 00,,"[{""offset"": -5, ""raw_hex"": ""80 0e 00 00 00"", ""kind"": ""MESSAGE_HEADER"", ""opcode"": 128, ""argument"": 0}, {""offset"": 1, ""raw_hex"": ""08"", ""kind"": ""LINE_BREAK""}, {""offset"": 2, ""raw_hex"": ""12"", ""kind"": ""UNKNOWN_CONTROL""}, {""offset"": 3, ""raw_hex"": ""00"", ""kind"": ""UNKNOWN_CONTROL""}, {""offset"": 18, ""raw_hex"": ""08"", ""kind"": ""LINE_BREAK""}, {""offset"": 20, ""raw_hex"": ""0d ff 00"", ""kind"": ""MESSAGE_END""}]",REVIEW_1,NO,필드 안내 런타임 신고 및 0x4000/0x6000 전수 조사 반영.,PROVEN: scenario field/tutorial message; member_type=0x6000.
FIELD_RESOURCE_00243600_R00740000_M6000_0002,SCENARIO,field_resource_message,DATA/00243600.MDZ,DATA/00243600.MDT,0x00740000,00243600,170,0x002e9dff,0x002e9dfa,21 08 12 00 61 69 48 66 69 7f 9b f1 5f f0 d6 f0 8a 92 08 21 0d ff 00,"<G0001>
<CTRL:12><CTRL:00><G0041>P・MPが全回復した
<G0001>","<G0001>
<CTRL:12><CTRL:00>HP·MP가 모두 회복됐다
<G0001>",41 08 12 00 61 69 48 66 69 6A 20 D2 AA 20 EC 20 F0 3B F8 92 08 41 0D FF 00,,"[{""offset"": -5, ""raw_hex"": ""80 0e 00 00 00"", ""kind"": ""MESSAGE_HEADER"", ""opcode"": 128, ""argument"": 0}, {""offset"": 1, ""raw_hex"": ""08"", ""kind"": ""LINE_BREAK""}, {""offset"": 2, ""raw_hex"": ""12"", ""kind"": ""UNKNOWN_CONTROL""}, {""offset"": 3, ""raw_hex"": ""00"", ""kind"": ""UNKNOWN_CONTROL""}, {""offset"": 18, ""raw_hex"": ""08"", ""kind"": ""LINE_BREAK""}, {""offset"": 20, ""raw_hex"": ""0d ff 00"", ""kind"": ""MESSAGE_END""}]",REVIEW_1,NO,필드 안내 런타임 신고 및 0x4000/0x6000 전수 조사 반영.,PROVEN: scenario field/tutorial message; member_type=0x6000.
FIELD_RESOURCE_00247700_R00740000_M6000_0001,SCENARIO,field_resource_message,DATA/00247700.MDZ,DATA/00247700.MDT,0x00740000,00247700,171,0x003f542d,0x003f5428,21 08 12 00 61 69 48 66 69 7f 9b f1 5f f0 d6 f0 8a 92 08 21 0d ff 00,"<G0001>
<CTRL:12><CTRL:00><G0041>P・MPが全回復した
<G0001>","<G0001>
<CTRL:12><CTRL:00>HP·MP가 모두 회복됐다
<G0001>",41 08 12 00 61 69 48 66 69 6A 20 D2 AA 20 EC 20 F0 3B F8 92 08 41 0D FF 00,,"[{""offset"": -5, ""raw_hex"": ""80 0e 00 00 00"", ""kind"": ""MESSAGE_HEADER"", ""opcode"": 128, ""argument"": 0}, {""offset"": 1, ""raw_hex"": ""08"", ""kind"": ""LINE_BREAK""}, {""offset"": 2, ""raw_hex"": ""12"", ""kind"": ""UNKNOWN_CONTROL""}, {""offset"": 3, ""raw_hex"": ""00"", ""kind"": ""UNKNOWN_CONTROL""}, {""offset"": 18, ""raw_hex"": ""08"", ""kind"": ""LINE_BREAK""}, {""offset"": 20, ""raw_hex"": ""0d ff 00"", ""kind"": ""MESSAGE_END""}]",REVIEW_1,NO,필드 안내 런타임 신고 및 0x4000/0x6000 전수 조사 반영.,PROVEN: scenario field/tutorial message; member_type=0x6000.
FIELD_RESOURCE_00247700_R00740000_M6000_0002,SCENARIO,field_resource_message,DATA/00247700.MDZ,DATA/00247700.MDT,0x00740000,00247700,172,0x003f54ff,0x003f54fa,21 08 12 00 61 69 48 66 69 7f 9b f1 5f f0 d6 f0 8a 92 08 21 0d ff 00,"<G0001>
<CTRL:12><CTRL:00><G0041>P・MPが全回復した
<G0001>","<G0001>
<CTRL:12><CTRL:00>HP·MP가 모두 회복됐다
<G0001>",41 08 12 00 61 69 48 66 69 6A 20 D2 AA 20 EC 20 F0 3B F8 92 08 41 0D FF 00,,"[{""offset"": -5, ""raw_hex"": ""80 0e 00 00 00"", ""kind"": ""MESSAGE_HEADER"", ""opcode"": 128, ""argument"": 0}, {""offset"": 1, ""raw_hex"": ""08"", ""kind"": ""LINE_BREAK""}, {""offset"": 2, ""raw_hex"": ""12"", ""kind"": ""UNKNOWN_CONTROL""}, {""offset"": 3, ""raw_hex"": ""00"", ""kind"": ""UNKNOWN_CONTROL""}, {""offset"": 18, ""raw_hex"": ""08"", ""kind"": ""LINE_BREAK""}, {""offset"": 20, ""raw_hex"": ""0d ff 00"", ""kind"": ""MESSAGE_END""}]",REVIEW_1,NO,필드 안내 런타임 신고 및 0x4000/0x6000 전수 조사 반영.,PROVEN: scenario field/tutorial message; member_type=0x6000.
FIELD_RESOURCE_00270100_R00740000_M6000_0001,SCENARIO,field_resource_message,DATA/00270100.MDZ,DATA/00270100.MDT,0x00740000,00270100,173,0x004475dd,0x004475d8,21 08 12 00 61 69 48 66 69 7f 9b f1 5f f0 d6 f0 8a 92 08 21 0d ff 00,"<G0001>
<CTRL:12><CTRL:00><G0041>P・MPが全回復した
<G0001>","<G0001>
<CTRL:12><CTRL:00>HP·MP가 모두 회복됐다
<G0001>",41 08 12 00 61 69 48 66 69 6A 20 D2 AA 20 EC 20 F0 3B F8 92 08 41 0D FF 00,,"[{""offset"": -5, ""raw_hex"": ""80 0e 00 00 00"", ""kind"": ""MESSAGE_HEADER"", ""opcode"": 128, ""argument"": 0}, {""offset"": 1, ""raw_hex"": ""08"", ""kind"": ""LINE_BREAK""}, {""offset"": 2, ""raw_hex"": ""12"", ""kind"": ""UNKNOWN_CONTROL""}, {""offset"": 3, ""raw_hex"": ""00"", ""kind"": ""UNKNOWN_CONTROL""}, {""offset"": 18, ""raw_hex"": ""08"", ""kind"": ""LINE_BREAK""}, {""offset"": 20, ""raw_hex"": ""0d ff 00"", ""kind"": ""MESSAGE_END""}]",REVIEW_1,NO,필드 안내 런타임 신고 및 0x4000/0x6000 전수 조사 반영.,PROVEN: scenario field/tutorial message; member_type=0x6000.
FIELD_RESOURCE_00270100_R00740000_M6000_0002,SCENARIO,field_resource_message,DATA/00270100.MDZ,DATA/00270100.MDT,0x00740000,00270100,174,0x004476af,0x004476aa,21 08 12 00 61 69 48 66 69 7f 9b f1 5f f0 d6 f0 8a 92 08 21 0d ff 00,"<G0001>
<CTRL:12><CTRL:00><G0041>P・MPが全回復した
<G0001>","<G0001>
<CTRL:12><CTRL:00>HP·MP가 모두 회복됐다
<G0001>",41 08 12 00 61 69 48 66 69 6A 20 D2 AA 20 EC 20 F0 3B F8 92 08 41 0D FF 00,,"[{""offset"": -5, ""raw_hex"": ""80 0e 00 00 00"", ""kind"": ""MESSAGE_HEADER"", ""opcode"": 128, ""argument"": 0}, {""offset"": 1, ""raw_hex"": ""08"", ""kind"": ""LINE_BREAK""}, {""offset"": 2, ""raw_hex"": ""12"", ""kind"": ""UNKNOWN_CONTROL""}, {""offset"": 3, ""raw_hex"": ""00"", ""kind"": ""UNKNOWN_CONTROL""}, {""offset"": 18, ""raw_hex"": ""08"", ""kind"": ""LINE_BREAK""}, {""offset"": 20, ""raw_hex"": ""0d ff 00"", ""kind"": ""MESSAGE_END""}]",REVIEW_1,NO,필드 안내 런타임 신고 및 0x4000/0x6000 전수 조사 반영.,PROVEN: scenario field/tutorial message; member_type=0x6000.
FIELD_RESOURCE_00270200_R00740000_M6000_0001,SCENARIO,field_resource_message,DATA/00270200.MDZ,DATA/00270200.MDT,0x00740000,00270200,175,0x003ef42d,0x003ef428,21 08 12 00 61 69 48 66 69 7f 9b f1 5f f0 d6 f0 8a 92 08 21 0d ff 00,"<G0001>
<CTRL:12><CTRL:00><G0041>P・MPが全回復した
<G0001>","<G0001>
<CTRL:12><CTRL:00>HP·MP가 모두 회복됐다
<G0001>",41 08 12 00 61 69 48 66 69 6A 20 D2 AA 20 EC 20 F0 3B F8 92 08 41 0D FF 00,,"[{""offset"": -5, ""raw_hex"": ""80 0e 00 00 00"", ""kind"": ""MESSAGE_HEADER"", ""opcode"": 128, ""argument"": 0}, {""offset"": 1, ""raw_hex"": ""08"", ""kind"": ""LINE_BREAK""}, {""offset"": 2, ""raw_hex"": ""12"", ""kind"": ""UNKNOWN_CONTROL""}, {""offset"": 3, ""raw_hex"": ""00"", ""kind"": ""UNKNOWN_CONTROL""}, {""offset"": 18, ""raw_hex"": ""08"", ""kind"": ""LINE_BREAK""}, {""offset"": 20, ""raw_hex"": ""0d ff 00"", ""kind"": ""MESSAGE_END""}]",REVIEW_1,NO,필드 안내 런타임 신고 및 0x4000/0x6000 전수 조사 반영.,PROVEN: scenario field/tutorial message; member_type=0x6000.
FIELD_RESOURCE_00270200_R00740000_M6000_0002,SCENARIO,field_resource_message,DATA/00270200.MDZ,DATA/00270200.MDT,0x00740000,00270200,176,0x003ef4ff,0x003ef4fa,21 08 12 00 61 69 48 66 69 7f 9b f1 5f f0 d6 f0 8a 92 08 21 0d ff 00,"<G0001>
<CTRL:12><CTRL:00><G0041>P・MPが全回復した
<G0001>","<G0001>
<CTRL:12><CTRL:00>HP·MP가 모두 회복됐다
<G0001>",41 08 12 00 61 69 48 66 69 6A 20 D2 AA 20 EC 20 F0 3B F8 92 08 41 0D FF 00,,"[{""offset"": -5, ""raw_hex"": ""80 0e 00 00 00"", ""kind"": ""MESSAGE_HEADER"", ""opcode"": 128, ""argument"": 0}, {""offset"": 1, ""raw_hex"": ""08"", ""kind"": ""LINE_BREAK""}, {""offset"": 2, ""raw_hex"": ""12"", ""kind"": ""UNKNOWN_CONTROL""}, {""offset"": 3, ""raw_hex"": ""00"", ""kind"": ""UNKNOWN_CONTROL""}, {""offset"": 18, ""raw_hex"": ""08"", ""kind"": ""LINE_BREAK""}, {""offset"": 20, ""raw_hex"": ""0d ff 00"", ""kind"": ""MESSAGE_END""}]",REVIEW_1,NO,필드 안내 런타임 신고 및 0x4000/0x6000 전수 조사 반영.,PROVEN: scenario field/tutorial message; member_type=0x6000.
FIELD_RESOURCE_00270300_R00740000_M6000_0001,SCENARIO,field_resource_message,DATA/00270300.MDZ,DATA/00270300.MDT,0x00740000,00270300,177,0x0049c9ad,0x0049c9a8,21 08 12 00 61 69 48 66 69 7f 9b f1 5f f0 d6 f0 8a 92 08 21 0d ff 00,"<G0001>
<CTRL:12><CTRL:00><G0041>P・MPが全回復した
<G0001>","<G0001>
<CTRL:12><CTRL:00>HP·MP가 모두 회복됐다
<G0001>",41 08 12 00 61 69 48 66 69 6A 20 D2 AA 20 EC 20 F0 3B F8 92 08 41 0D FF 00,,"[{""offset"": -5, ""raw_hex"": ""80 0e 00 00 00"", ""kind"": ""MESSAGE_HEADER"", ""opcode"": 128, ""argument"": 0}, {""offset"": 1, ""raw_hex"": ""08"", ""kind"": ""LINE_BREAK""}, {""offset"": 2, ""raw_hex"": ""12"", ""kind"": ""UNKNOWN_CONTROL""}, {""offset"": 3, ""raw_hex"": ""00"", ""kind"": ""UNKNOWN_CONTROL""}, {""offset"": 18, ""raw_hex"": ""08"", ""kind"": ""LINE_BREAK""}, {""offset"": 20, ""raw_hex"": ""0d ff 00"", ""kind"": ""MESSAGE_END""}]",REVIEW_1,NO,필드 안내 런타임 신고 및 0x4000/0x6000 전수 조사 반영.,PROVEN: scenario field/tutorial message; member_type=0x6000.
FIELD_RESOURCE_00270300_R00740000_M6000_0002,SCENARIO,field_resource_message,DATA/00270300.MDZ,DATA/00270300.MDT,0x00740000,00270300,178,0x0049ca7f,0x0049ca7a,21 08 12 00 61 69 48 66 69 7f 9b f1 5f f0 d6 f0 8a 92 08 21 0d ff 00,"<G0001>
<CTRL:12><CTRL:00><G0041>P・MPが全回復した
<G0001>","<G0001>
<CTRL:12><CTRL:00>HP·MP가 모두 회복됐다
<G0001>",41 08 12 00 61 69 48 66 69 6A 20 D2 AA 20 EC 20 F0 3B F8 92 08 41 0D FF 00,,"[{""offset"": -5, ""raw_hex"": ""80 0e 00 00 00"", ""kind"": ""MESSAGE_HEADER"", ""opcode"": 128, ""argument"": 0}, {""offset"": 1, ""raw_hex"": ""08"", ""kind"": ""LINE_BREAK""}, {""offset"": 2, ""raw_hex"": ""12"", ""kind"": ""UNKNOWN_CONTROL""}, {""offset"": 3, ""raw_hex"": ""00"", ""kind"": ""UNKNOWN_CONTROL""}, {""offset"": 18, ""raw_hex"": ""08"", ""kind"": ""LINE_BREAK""}, {""offset"": 20, ""raw_hex"": ""0d ff 00"", ""kind"": ""MESSAGE_END""}]",REVIEW_1,NO,필드 안내 런타임 신고 및 0x4000/0x6000 전수 조사 반영.,PROVEN: scenario field/tutorial message; member_type=0x6000.
FIELD_RESOURCE_00270400_R00740000_M6000_0001,SCENARIO,field_resource_message,DATA/00270400.MDZ,DATA/00270400.MDT,0x00740000,00270400,179,0x003f958d,0x003f9588,21 08 12 00 61 69 48 66 69 7f 9b f1 5f f0 d6 f0 8a 92 08 21 0d ff 00,"<G0001>
<CTRL:12><CTRL:00><G0041>P・MPが全回復した
<G0001>","<G0001>
<CTRL:12><CTRL:00>HP·MP가 모두 회복됐다
<G0001>",41 08 12 00 61 69 48 66 69 6A 20 D2 AA 20 EC 20 F0 3B F8 92 08 41 0D FF 00,,"[{""offset"": -5, ""raw_hex"": ""80 0e 00 00 00"", ""kind"": ""MESSAGE_HEADER"", ""opcode"": 128, ""argument"": 0}, {""offset"": 1, ""raw_hex"": ""08"", ""kind"": ""LINE_BREAK""}, {""offset"": 2, ""raw_hex"": ""12"", ""kind"": ""UNKNOWN_CONTROL""}, {""offset"": 3, ""raw_hex"": ""00"", ""kind"": ""UNKNOWN_CONTROL""}, {""offset"": 18, ""raw_hex"": ""08"", ""kind"": ""LINE_BREAK""}, {""offset"": 20, ""raw_hex"": ""0d ff 00"", ""kind"": ""MESSAGE_END""}]",REVIEW_1,NO,필드 안내 런타임 신고 및 0x4000/0x6000 전수 조사 반영.,PROVEN: scenario field/tutorial message; member_type=0x6000.
FIELD_RESOURCE_00270400_R00740000_M6000_0002,SCENARIO,field_resource_message,DATA/00270400.MDZ,DATA/00270400.MDT,0x00740000,00270400,180,0x003f965f,0x003f965a,21 08 12 00 61 69 48 66 69 7f 9b f1 5f f0 d6 f0 8a 92 08 21 0d ff 00,"<G0001>
<CTRL:12><CTRL:00><G0041>P・MPが全回復した
<G0001>","<G0001>
<CTRL:12><CTRL:00>HP·MP가 모두 회복됐다
<G0001>",41 08 12 00 61 69 48 66 69 6A 20 D2 AA 20 EC 20 F0 3B F8 92 08 41 0D FF 00,,"[{""offset"": -5, ""raw_hex"": ""80 0e 00 00 00"", ""kind"": ""MESSAGE_HEADER"", ""opcode"": 128, ""argument"": 0}, {""offset"": 1, ""raw_hex"": ""08"", ""kind"": ""LINE_BREAK""}, {""offset"": 2, ""raw_hex"": ""12"", ""kind"": ""UNKNOWN_CONTROL""}, {""offset"": 3, ""raw_hex"": ""00"", ""kind"": ""UNKNOWN_CONTROL""}, {""offset"": 18, ""raw_hex"": ""08"", ""kind"": ""LINE_BREAK""}, {""offset"": 20, ""raw_hex"": ""0d ff 00"", ""kind"": ""MESSAGE_END""}]",REVIEW_1,NO,필드 안내 런타임 신고 및 0x4000/0x6000 전수 조사 반영.,PROVEN: scenario field/tutorial message; member_type=0x6000.
FIELD_RESOURCE_00330100_R00740000_M6000_0001,SCENARIO,field_resource_message,DATA/00330100.MDZ,DATA/00330100.MDT,0x00740000,00330100,181,0x00433a2d,0x00433a28,21 08 12 00 61 69 48 66 69 7f 9b f1 5f f0 d6 f0 8a 92 08 21 0d ff 00,"<G0001>
<CTRL:12><CTRL:00><G0041>P・MPが全回復した
<G0001>","<G0001>
<CTRL:12><CTRL:00>HP·MP가 모두 회복됐다
<G0001>",41 08 12 00 61 69 48 66 69 6A 20 D2 AA 20 EC 20 F0 3B F8 92 08 41 0D FF 00,,"[{""offset"": -5, ""raw_hex"": ""80 0e 00 00 00"", ""kind"": ""MESSAGE_HEADER"", ""opcode"": 128, ""argument"": 0}, {""offset"": 1, ""raw_hex"": ""08"", ""kind"": ""LINE_BREAK""}, {""offset"": 2, ""raw_hex"": ""12"", ""kind"": ""UNKNOWN_CONTROL""}, {""offset"": 3, ""raw_hex"": ""00"", ""kind"": ""UNKNOWN_CONTROL""}, {""offset"": 18, ""raw_hex"": ""08"", ""kind"": ""LINE_BREAK""}, {""offset"": 20, ""raw_hex"": ""0d ff 00"", ""kind"": ""MESSAGE_END""}]",REVIEW_1,NO,필드 안내 런타임 신고 및 0x4000/0x6000 전수 조사 반영.,PROVEN: scenario field/tutorial message; member_type=0x6000.
FIELD_RESOURCE_00330100_R00740000_M6000_0002,SCENARIO,field_resource_message,DATA/00330100.MDZ,DATA/00330100.MDT,0x00740000,00330100,182,0x00433aff,0x00433afa,21 08 12 00 61 69 48 66 69 7f 9b f1 5f f0 d6 f0 8a 92 08 21 0d ff 00,"<G0001>
<CTRL:12><CTRL:00><G0041>P・MPが全回復した
<G0001>","<G0001>
<CTRL:12><CTRL:00>HP·MP가 모두 회복됐다
<G0001>",41 08 12 00 61 69 48 66 69 6A 20 D2 AA 20 EC 20 F0 3B F8 92 08 41 0D FF 00,,"[{""offset"": -5, ""raw_hex"": ""80 0e 00 00 00"", ""kind"": ""MESSAGE_HEADER"", ""opcode"": 128, ""argument"": 0}, {""offset"": 1, ""raw_hex"": ""08"", ""kind"": ""LINE_BREAK""}, {""offset"": 2, ""raw_hex"": ""12"", ""kind"": ""UNKNOWN_CONTROL""}, {""offset"": 3, ""raw_hex"": ""00"", ""kind"": ""UNKNOWN_CONTROL""}, {""offset"": 18, ""raw_hex"": ""08"", ""kind"": ""LINE_BREAK""}, {""offset"": 20, ""raw_hex"": ""0d ff 00"", ""kind"": ""MESSAGE_END""}]",REVIEW_1,NO,필드 안내 런타임 신고 및 0x4000/0x6000 전수 조사 반영.,PROVEN: scenario field/tutorial message; member_type=0x6000.
FIELD_RESOURCE_00330200_R00740000_M6000_0001,SCENARIO,field_resource_message,DATA/00330200.MDZ,DATA/00330200.MDT,0x00740000,00330200,183,0x0055533d,0x00555338,21 08 12 00 61 69 48 66 69 7f 9b f1 5f f0 d6 f0 8a 92 08 21 0d ff 00,"<G0001>
<CTRL:12><CTRL:00><G0041>P・MPが全回復した
<G0001>","<G0001>
<CTRL:12><CTRL:00>HP·MP가 모두 회복됐다
<G0001>",41 08 12 00 61 69 48 66 69 6A 20 D2 AA 20 EC 20 F0 3B F8 92 08 41 0D FF 00,,"[{""offset"": -5, ""raw_hex"": ""80 0e 00 00 00"", ""kind"": ""MESSAGE_HEADER"", ""opcode"": 128, ""argument"": 0}, {""offset"": 1, ""raw_hex"": ""08"", ""kind"": ""LINE_BREAK""}, {""offset"": 2, ""raw_hex"": ""12"", ""kind"": ""UNKNOWN_CONTROL""}, {""offset"": 3, ""raw_hex"": ""00"", ""kind"": ""UNKNOWN_CONTROL""}, {""offset"": 18, ""raw_hex"": ""08"", ""kind"": ""LINE_BREAK""}, {""offset"": 20, ""raw_hex"": ""0d ff 00"", ""kind"": ""MESSAGE_END""}]",REVIEW_1,NO,필드 안내 런타임 신고 및 0x4000/0x6000 전수 조사 반영.,PROVEN: scenario field/tutorial message; member_type=0x6000.
FIELD_RESOURCE_00330200_R00740000_M6000_0002,SCENARIO,field_resource_message,DATA/00330200.MDZ,DATA/00330200.MDT,0x00740000,00330200,184,0x0055540f,0x0055540a,21 08 12 00 61 69 48 66 69 7f 9b f1 5f f0 d6 f0 8a 92 08 21 0d ff 00,"<G0001>
<CTRL:12><CTRL:00><G0041>P・MPが全回復した
<G0001>","<G0001>
<CTRL:12><CTRL:00>HP·MP가 모두 회복됐다
<G0001>",41 08 12 00 61 69 48 66 69 6A 20 D2 AA 20 EC 20 F0 3B F8 92 08 41 0D FF 00,,"[{""offset"": -5, ""raw_hex"": ""80 0e 00 00 00"", ""kind"": ""MESSAGE_HEADER"", ""opcode"": 128, ""argument"": 0}, {""offset"": 1, ""raw_hex"": ""08"", ""kind"": ""LINE_BREAK""}, {""offset"": 2, ""raw_hex"": ""12"", ""kind"": ""UNKNOWN_CONTROL""}, {""offset"": 3, ""raw_hex"": ""00"", ""kind"": ""UNKNOWN_CONTROL""}, {""offset"": 18, ""raw_hex"": ""08"", ""kind"": ""LINE_BREAK""}, {""offset"": 20, ""raw_hex"": ""0d ff 00"", ""kind"": ""MESSAGE_END""}]",REVIEW_1,NO,필드 안내 런타임 신고 및 0x4000/0x6000 전수 조사 반영.,PROVEN: scenario field/tutorial message; member_type=0x6000.
FIELD_RESOURCE_00330300_R00740000_M6000_0001,SCENARIO,field_resource_message,DATA/00330300.MDZ,DATA/00330300.MDT,0x00740000,00330300,185,0x0023a0ad,0x0023a0a8,21 08 12 00 61 69 48 66 69 7f 9b f1 5f f0 d6 f0 8a 92 08 21 0d ff 00,"<G0001>
<CTRL:12><CTRL:00><G0041>P・MPが全回復した
<G0001>","<G0001>
<CTRL:12><CTRL:00>HP·MP가 모두 회복됐다
<G0001>",41 08 12 00 61 69 48 66 69 6A 20 D2 AA 20 EC 20 F0 3B F8 92 08 41 0D FF 00,,"[{""offset"": -5, ""raw_hex"": ""80 0e 00 00 00"", ""kind"": ""MESSAGE_HEADER"", ""opcode"": 128, ""argument"": 0}, {""offset"": 1, ""raw_hex"": ""08"", ""kind"": ""LINE_BREAK""}, {""offset"": 2, ""raw_hex"": ""12"", ""kind"": ""UNKNOWN_CONTROL""}, {""offset"": 3, ""raw_hex"": ""00"", ""kind"": ""UNKNOWN_CONTROL""}, {""offset"": 18, ""raw_hex"": ""08"", ""kind"": ""LINE_BREAK""}, {""offset"": 20, ""raw_hex"": ""0d ff 00"", ""kind"": ""MESSAGE_END""}]",REVIEW_1,NO,필드 안내 런타임 신고 및 0x4000/0x6000 전수 조사 반영.,PROVEN: scenario field/tutorial message; member_type=0x6000.
FIELD_RESOURCE_00330300_R00740000_M6000_0002,SCENARIO,field_resource_message,DATA/00330300.MDZ,DATA/00330300.MDT,0x00740000,00330300,186,0x0023a17f,0x0023a17a,21 08 12 00 61 69 48 66 69 7f 9b f1 5f f0 d6 f0 8a 92 08 21 0d ff 00,"<G0001>
<CTRL:12><CTRL:00><G0041>P・MPが全回復した
<G0001>","<G0001>
<CTRL:12><CTRL:00>HP·MP가 모두 회복됐다
<G0001>",41 08 12 00 61 69 48 66 69 6A 20 D2 AA 20 EC 20 F0 3B F8 92 08 41 0D FF 00,,"[{""offset"": -5, ""raw_hex"": ""80 0e 00 00 00"", ""kind"": ""MESSAGE_HEADER"", ""opcode"": 128, ""argument"": 0}, {""offset"": 1, ""raw_hex"": ""08"", ""kind"": ""LINE_BREAK""}, {""offset"": 2, ""raw_hex"": ""12"", ""kind"": ""UNKNOWN_CONTROL""}, {""offset"": 3, ""raw_hex"": ""00"", ""kind"": ""UNKNOWN_CONTROL""}, {""offset"": 18, ""raw_hex"": ""08"", ""kind"": ""LINE_BREAK""}, {""offset"": 20, ""raw_hex"": ""0d ff 00"", ""kind"": ""MESSAGE_END""}]",REVIEW_1,NO,필드 안내 런타임 신고 및 0x4000/0x6000 전수 조사 반영.,PROVEN: scenario field/tutorial message; member_type=0x6000.
FIELD_RESOURCE_00330400_R00740000_M6000_0001,SCENARIO,field_resource_message,DATA/00330400.MDZ,DATA/00330400.MDT,0x00740000,00330400,187,0x0036accd,0x0036acc8,21 08 12 00 61 69 48 66 69 7f 9b f1 5f f0 d6 f0 8a 92 08 21 0d ff 00,"<G0001>
<CTRL:12><CTRL:00><G0041>P・MPが全回復した
<G0001>","<G0001>
<CTRL:12><CTRL:00>HP·MP가 모두 회복됐다
<G0001>",41 08 12 00 61 69 48 66 69 6A 20 D2 AA 20 EC 20 F0 3B F8 92 08 41 0D FF 00,,"[{""offset"": -5, ""raw_hex"": ""80 0e 00 00 00"", ""kind"": ""MESSAGE_HEADER"", ""opcode"": 128, ""argument"": 0}, {""offset"": 1, ""raw_hex"": ""08"", ""kind"": ""LINE_BREAK""}, {""offset"": 2, ""raw_hex"": ""12"", ""kind"": ""UNKNOWN_CONTROL""}, {""offset"": 3, ""raw_hex"": ""00"", ""kind"": ""UNKNOWN_CONTROL""}, {""offset"": 18, ""raw_hex"": ""08"", ""kind"": ""LINE_BREAK""}, {""offset"": 20, ""raw_hex"": ""0d ff 00"", ""kind"": ""MESSAGE_END""}]",REVIEW_1,NO,필드 안내 런타임 신고 및 0x4000/0x6000 전수 조사 반영.,PROVEN: scenario field/tutorial message; member_type=0x6000.
FIELD_RESOURCE_00330400_R00740000_M6000_0002,SCENARIO,field_resource_message,DATA/00330400.MDZ,DATA/00330400.MDT,0x00740000,00330400,188,0x0036ad9f,0x0036ad9a,21 08 12 00 61 69 48 66 69 7f 9b f1 5f f0 d6 f0 8a 92 08 21 0d ff 00,"<G0001>
<CTRL:12><CTRL:00><G0041>P・MPが全回復した
<G0001>","<G0001>
<CTRL:12><CTRL:00>HP·MP가 모두 회복됐다
<G0001>",41 08 12 00 61 69 48 66 69 6A 20 D2 AA 20 EC 20 F0 3B F8 92 08 41 0D FF 00,,"[{""offset"": -5, ""raw_hex"": ""80 0e 00 00 00"", ""kind"": ""MESSAGE_HEADER"", ""opcode"": 128, ""argument"": 0}, {""offset"": 1, ""raw_hex"": ""08"", ""kind"": ""LINE_BREAK""}, {""offset"": 2, ""raw_hex"": ""12"", ""kind"": ""UNKNOWN_CONTROL""}, {""offset"": 3, ""raw_hex"": ""00"", ""kind"": ""UNKNOWN_CONTROL""}, {""offset"": 18, ""raw_hex"": ""08"", ""kind"": ""LINE_BREAK""}, {""offset"": 20, ""raw_hex"": ""0d ff 00"", ""kind"": ""MESSAGE_END""}]",REVIEW_1,NO,필드 안내 런타임 신고 및 0x4000/0x6000 전수 조사 반영.,PROVEN: scenario field/tutorial message; member_type=0x6000.
FIELD_RESOURCE_00360000_R00740000_M6000_0001,SCENARIO,field_resource_message,DATA/00360000.MDZ,DATA/00360000.MDT,0x00740000,00360000,189,0x005efdad,0x005efda8,21 08 12 00 61 69 48 66 69 7f 9b f1 5f f0 d6 f0 8a 92 08 21 0d ff 00,"<G0001>
<CTRL:12><CTRL:00><G0041>P・MPが全回復した
<G0001>","<G0001>
<CTRL:12><CTRL:00>HP·MP가 모두 회복됐다
<G0001>",41 08 12 00 61 69 48 66 69 6A 20 D2 AA 20 EC 20 F0 3B F8 92 08 41 0D FF 00,,"[{""offset"": -5, ""raw_hex"": ""80 0e 00 00 00"", ""kind"": ""MESSAGE_HEADER"", ""opcode"": 128, ""argument"": 0}, {""offset"": 1, ""raw_hex"": ""08"", ""kind"": ""LINE_BREAK""}, {""offset"": 2, ""raw_hex"": ""12"", ""kind"": ""UNKNOWN_CONTROL""}, {""offset"": 3, ""raw_hex"": ""00"", ""kind"": ""UNKNOWN_CONTROL""}, {""offset"": 18, ""raw_hex"": ""08"", ""kind"": ""LINE_BREAK""}, {""offset"": 20, ""raw_hex"": ""0d ff 00"", ""kind"": ""MESSAGE_END""}]",REVIEW_1,NO,필드 안내 런타임 신고 및 0x4000/0x6000 전수 조사 반영.,PROVEN: scenario field/tutorial message; member_type=0x6000.
FIELD_RESOURCE_00360000_R00740000_M6000_0002,SCENARIO,field_resource_message,DATA/00360000.MDZ,DATA/00360000.MDT,0x00740000,00360000,190,0x005efe7f,0x005efe7a,21 08 12 00 61 69 48 66 69 7f 9b f1 5f f0 d6 f0 8a 92 08 21 0d ff 00,"<G0001>
<CTRL:12><CTRL:00><G0041>P・MPが全回復した
<G0001>","<G0001>
<CTRL:12><CTRL:00>HP·MP가 모두 회복됐다
<G0001>",41 08 12 00 61 69 48 66 69 6A 20 D2 AA 20 EC 20 F0 3B F8 92 08 41 0D FF 00,,"[{""offset"": -5, ""raw_hex"": ""80 0e 00 00 00"", ""kind"": ""MESSAGE_HEADER"", ""opcode"": 128, ""argument"": 0}, {""offset"": 1, ""raw_hex"": ""08"", ""kind"": ""LINE_BREAK""}, {""offset"": 2, ""raw_hex"": ""12"", ""kind"": ""UNKNOWN_CONTROL""}, {""offset"": 3, ""raw_hex"": ""00"", ""kind"": ""UNKNOWN_CONTROL""}, {""offset"": 18, ""raw_hex"": ""08"", ""kind"": ""LINE_BREAK""}, {""offset"": 20, ""raw_hex"": ""0d ff 00"", ""kind"": ""MESSAGE_END""}]",REVIEW_1,NO,필드 안내 런타임 신고 및 0x4000/0x6000 전수 조사 반영.,PROVEN: scenario field/tutorial message; member_type=0x6000.
FIELD_RESOURCE_00360100_R00740000_M6000_0001,SCENARIO,field_resource_message,DATA/00360100.MDZ,DATA/00360100.MDT,0x00740000,00360100,191,0x001f73dd,0x001f73d8,21 08 12 00 61 69 48 66 69 7f 9b f1 5f f0 d6 f0 8a 92 08 21 0d ff 00,"<G0001>
<CTRL:12><CTRL:00><G0041>P・MPが全回復した
<G0001>","<G0001>
<CTRL:12><CTRL:00>HP·MP가 모두 회복됐다
<G0001>",41 08 12 00 61 69 48 66 69 6A 20 D2 AA 20 EC 20 F0 3B F8 92 08 41 0D FF 00,,"[{""offset"": -5, ""raw_hex"": ""80 0e 00 00 00"", ""kind"": ""MESSAGE_HEADER"", ""opcode"": 128, ""argument"": 0}, {""offset"": 1, ""raw_hex"": ""08"", ""kind"": ""LINE_BREAK""}, {""offset"": 2, ""raw_hex"": ""12"", ""kind"": ""UNKNOWN_CONTROL""}, {""offset"": 3, ""raw_hex"": ""00"", ""kind"": ""UNKNOWN_CONTROL""}, {""offset"": 18, ""raw_hex"": ""08"", ""kind"": ""LINE_BREAK""}, {""offset"": 20, ""raw_hex"": ""0d ff 00"", ""kind"": ""MESSAGE_END""}]",REVIEW_1,NO,필드 안내 런타임 신고 및 0x4000/0x6000 전수 조사 반영.,PROVEN: scenario field/tutorial message; member_type=0x6000.
FIELD_RESOURCE_00360100_R00740000_M6000_0002,SCENARIO,field_resource_message,DATA/00360100.MDZ,DATA/00360100.MDT,0x00740000,00360100,192,0x001f74af,0x001f74aa,21 08 12 00 61 69 48 66 69 7f 9b f1 5f f0 d6 f0 8a 92 08 21 0d ff 00,"<G0001>
<CTRL:12><CTRL:00><G0041>P・MPが全回復した
<G0001>","<G0001>
<CTRL:12><CTRL:00>HP·MP가 모두 회복됐다
<G0001>",41 08 12 00 61 69 48 66 69 6A 20 D2 AA 20 EC 20 F0 3B F8 92 08 41 0D FF 00,,"[{""offset"": -5, ""raw_hex"": ""80 0e 00 00 00"", ""kind"": ""MESSAGE_HEADER"", ""opcode"": 128, ""argument"": 0}, {""offset"": 1, ""raw_hex"": ""08"", ""kind"": ""LINE_BREAK""}, {""offset"": 2, ""raw_hex"": ""12"", ""kind"": ""UNKNOWN_CONTROL""}, {""offset"": 3, ""raw_hex"": ""00"", ""kind"": ""UNKNOWN_CONTROL""}, {""offset"": 18, ""raw_hex"": ""08"", ""kind"": ""LINE_BREAK""}, {""offset"": 20, ""raw_hex"": ""0d ff 00"", ""kind"": ""MESSAGE_END""}]",REVIEW_1,NO,필드 안내 런타임 신고 및 0x4000/0x6000 전수 조사 반영.,PROVEN: scenario field/tutorial message; member_type=0x6000.
FIELD_RESOURCE_00360200_R00740000_M6000_0001,SCENARIO,field_resource_message,DATA/00360200.MDZ,DATA/00360200.MDT,0x00740000,00360200,193,0x0019cbcd,0x0019cbc8,21 08 12 00 61 69 48 66 69 7f 9b f1 5f f0 d6 f0 8a 92 08 21 0d ff 00,"<G0001>
<CTRL:12><CTRL:00><G0041>P・MPが全回復した
<G0001>","<G0001>
<CTRL:12><CTRL:00>HP·MP가 모두 회복됐다
<G0001>",41 08 12 00 61 69 48 66 69 6A 20 D2 AA 20 EC 20 F0 3B F8 92 08 41 0D FF 00,,"[{""offset"": -5, ""raw_hex"": ""80 0e 00 00 00"", ""kind"": ""MESSAGE_HEADER"", ""opcode"": 128, ""argument"": 0}, {""offset"": 1, ""raw_hex"": ""08"", ""kind"": ""LINE_BREAK""}, {""offset"": 2, ""raw_hex"": ""12"", ""kind"": ""UNKNOWN_CONTROL""}, {""offset"": 3, ""raw_hex"": ""00"", ""kind"": ""UNKNOWN_CONTROL""}, {""offset"": 18, ""raw_hex"": ""08"", ""kind"": ""LINE_BREAK""}, {""offset"": 20, ""raw_hex"": ""0d ff 00"", ""kind"": ""MESSAGE_END""}]",REVIEW_1,NO,필드 안내 런타임 신고 및 0x4000/0x6000 전수 조사 반영.,PROVEN: scenario field/tutorial message; member_type=0x6000.
FIELD_RESOURCE_00360200_R00740000_M6000_0002,SCENARIO,field_resource_message,DATA/00360200.MDZ,DATA/00360200.MDT,0x00740000,00360200,194,0x0019cc9f,0x0019cc9a,21 08 12 00 61 69 48 66 69 7f 9b f1 5f f0 d6 f0 8a 92 08 21 0d ff 00,"<G0001>
<CTRL:12><CTRL:00><G0041>P・MPが全回復した
<G0001>","<G0001>
<CTRL:12><CTRL:00>HP·MP가 모두 회복됐다
<G0001>",41 08 12 00 61 69 48 66 69 6A 20 D2 AA 20 EC 20 F0 3B F8 92 08 41 0D FF 00,,"[{""offset"": -5, ""raw_hex"": ""80 0e 00 00 00"", ""kind"": ""MESSAGE_HEADER"", ""opcode"": 128, ""argument"": 0}, {""offset"": 1, ""raw_hex"": ""08"", ""kind"": ""LINE_BREAK""}, {""offset"": 2, ""raw_hex"": ""12"", ""kind"": ""UNKNOWN_CONTROL""}, {""offset"": 3, ""raw_hex"": ""00"", ""kind"": ""UNKNOWN_CONTROL""}, {""offset"": 18, ""raw_hex"": ""08"", ""kind"": ""LINE_BREAK""}, {""offset"": 20, ""raw_hex"": ""0d ff 00"", ""kind"": ""MESSAGE_END""}]",REVIEW_1,NO,필드 안내 런타임 신고 및 0x4000/0x6000 전수 조사 반영.,PROVEN: scenario field/tutorial message; member_type=0x6000.
FIELD_RESOURCE_00360300_R00740000_M6000_0001,SCENARIO,field_resource_message,DATA/00360300.MDZ,DATA/00360300.MDT,0x00740000,00360300,195,0x002c574d,0x002c5748,21 08 12 00 61 69 48 66 69 7f 9b f1 5f f0 d6 f0 8a 92 08 21 0d ff 00,"<G0001>
<CTRL:12><CTRL:00><G0041>P・MPが全回復した
<G0001>","<G0001>
<CTRL:12><CTRL:00>HP·MP가 모두 회복됐다
<G0001>",41 08 12 00 61 69 48 66 69 6A 20 D2 AA 20 EC 20 F0 3B F8 92 08 41 0D FF 00,,"[{""offset"": -5, ""raw_hex"": ""80 0e 00 00 00"", ""kind"": ""MESSAGE_HEADER"", ""opcode"": 128, ""argument"": 0}, {""offset"": 1, ""raw_hex"": ""08"", ""kind"": ""LINE_BREAK""}, {""offset"": 2, ""raw_hex"": ""12"", ""kind"": ""UNKNOWN_CONTROL""}, {""offset"": 3, ""raw_hex"": ""00"", ""kind"": ""UNKNOWN_CONTROL""}, {""offset"": 18, ""raw_hex"": ""08"", ""kind"": ""LINE_BREAK""}, {""offset"": 20, ""raw_hex"": ""0d ff 00"", ""kind"": ""MESSAGE_END""}]",REVIEW_1,NO,필드 안내 런타임 신고 및 0x4000/0x6000 전수 조사 반영.,PROVEN: scenario field/tutorial message; member_type=0x6000.
FIELD_RESOURCE_00360300_R00740000_M6000_0002,SCENARIO,field_resource_message,DATA/00360300.MDZ,DATA/00360300.MDT,0x00740000,00360300,196,0x002c581f,0x002c581a,21 08 12 00 61 69 48 66 69 7f 9b f1 5f f0 d6 f0 8a 92 08 21 0d ff 00,"<G0001>
<CTRL:12><CTRL:00><G0041>P・MPが全回復した
<G0001>","<G0001>
<CTRL:12><CTRL:00>HP·MP가 모두 회복됐다
<G0001>",41 08 12 00 61 69 48 66 69 6A 20 D2 AA 20 EC 20 F0 3B F8 92 08 41 0D FF 00,,"[{""offset"": -5, ""raw_hex"": ""80 0e 00 00 00"", ""kind"": ""MESSAGE_HEADER"", ""opcode"": 128, ""argument"": 0}, {""offset"": 1, ""raw_hex"": ""08"", ""kind"": ""LINE_BREAK""}, {""offset"": 2, ""raw_hex"": ""12"", ""kind"": ""UNKNOWN_CONTROL""}, {""offset"": 3, ""raw_hex"": ""00"", ""kind"": ""UNKNOWN_CONTROL""}, {""offset"": 18, ""raw_hex"": ""08"", ""kind"": ""LINE_BREAK""}, {""offset"": 20, ""raw_hex"": ""0d ff 00"", ""kind"": ""MESSAGE_END""}]",REVIEW_1,NO,필드 안내 런타임 신고 및 0x4000/0x6000 전수 조사 반영.,PROVEN: scenario field/tutorial message; member_type=0x6000.
FIELD_RESOURCE_00360400_R00740000_M6000_0001,SCENARIO,field_resource_message,DATA/00360400.MDZ,DATA/00360400.MDT,0x00740000,00360400,197,0x002395ad,0x002395a8,21 08 12 00 61 69 48 66 69 7f 9b f1 5f f0 d6 f0 8a 92 08 21 0d ff 00,"<G0001>
<CTRL:12><CTRL:00><G0041>P・MPが全回復した
<G0001>","<G0001>
<CTRL:12><CTRL:00>HP·MP가 모두 회복됐다
<G0001>",41 08 12 00 61 69 48 66 69 6A 20 D2 AA 20 EC 20 F0 3B F8 92 08 41 0D FF 00,,"[{""offset"": -5, ""raw_hex"": ""80 0e 00 00 00"", ""kind"": ""MESSAGE_HEADER"", ""opcode"": 128, ""argument"": 0}, {""offset"": 1, ""raw_hex"": ""08"", ""kind"": ""LINE_BREAK""}, {""offset"": 2, ""raw_hex"": ""12"", ""kind"": ""UNKNOWN_CONTROL""}, {""offset"": 3, ""raw_hex"": ""00"", ""kind"": ""UNKNOWN_CONTROL""}, {""offset"": 18, ""raw_hex"": ""08"", ""kind"": ""LINE_BREAK""}, {""offset"": 20, ""raw_hex"": ""0d ff 00"", ""kind"": ""MESSAGE_END""}]",REVIEW_1,NO,필드 안내 런타임 신고 및 0x4000/0x6000 전수 조사 반영.,PROVEN: scenario field/tutorial message; member_type=0x6000.
FIELD_RESOURCE_00360400_R00740000_M6000_0002,SCENARIO,field_resource_message,DATA/00360400.MDZ,DATA/00360400.MDT,0x00740000,00360400,198,0x0023967f,0x0023967a,21 08 12 00 61 69 48 66 69 7f 9b f1 5f f0 d6 f0 8a 92 08 21 0d ff 00,"<G0001>
<CTRL:12><CTRL:00><G0041>P・MPが全回復した
<G0001>","<G0001>
<CTRL:12><CTRL:00>HP·MP가 모두 회복됐다
<G0001>",41 08 12 00 61 69 48 66 69 6A 20 D2 AA 20 EC 20 F0 3B F8 92 08 41 0D FF 00,,"[{""offset"": -5, ""raw_hex"": ""80 0e 00 00 00"", ""kind"": ""MESSAGE_HEADER"", ""opcode"": 128, ""argument"": 0}, {""offset"": 1, ""raw_hex"": ""08"", ""kind"": ""LINE_BREAK""}, {""offset"": 2, ""raw_hex"": ""12"", ""kind"": ""UNKNOWN_CONTROL""}, {""offset"": 3, ""raw_hex"": ""00"", ""kind"": ""UNKNOWN_CONTROL""}, {""offset"": 18, ""raw_hex"": ""08"", ""kind"": ""LINE_BREAK""}, {""offset"": 20, ""raw_hex"": ""0d ff 00"", ""kind"": ""MESSAGE_END""}]",REVIEW_1,NO,필드 안내 런타임 신고 및 0x4000/0x6000 전수 조사 반영.,PROVEN: scenario field/tutorial message; member_type=0x6000.
FIELD_RESOURCE_00360500_R00740000_M6000_0001,SCENARIO,field_resource_message,DATA/00360500.MDZ,DATA/00360500.MDT,0x00740000,00360500,199,0x001d9f2d,0x001d9f28,21 08 12 00 61 69 48 66 69 7f 9b f1 5f f0 d6 f0 8a 92 08 21 0d ff 00,"<G0001>
<CTRL:12><CTRL:00><G0041>P・MPが全回復した
<G0001>","<G0001>
<CTRL:12><CTRL:00>HP·MP가 모두 회복됐다
<G0001>",41 08 12 00 61 69 48 66 69 6A 20 D2 AA 20 EC 20 F0 3B F8 92 08 41 0D FF 00,,"[{""offset"": -5, ""raw_hex"": ""80 0e 00 00 00"", ""kind"": ""MESSAGE_HEADER"", ""opcode"": 128, ""argument"": 0}, {""offset"": 1, ""raw_hex"": ""08"", ""kind"": ""LINE_BREAK""}, {""offset"": 2, ""raw_hex"": ""12"", ""kind"": ""UNKNOWN_CONTROL""}, {""offset"": 3, ""raw_hex"": ""00"", ""kind"": ""UNKNOWN_CONTROL""}, {""offset"": 18, ""raw_hex"": ""08"", ""kind"": ""LINE_BREAK""}, {""offset"": 20, ""raw_hex"": ""0d ff 00"", ""kind"": ""MESSAGE_END""}]",REVIEW_1,NO,필드 안내 런타임 신고 및 0x4000/0x6000 전수 조사 반영.,PROVEN: scenario field/tutorial message; member_type=0x6000.
FIELD_RESOURCE_00360500_R00740000_M6000_0002,SCENARIO,field_resource_message,DATA/00360500.MDZ,DATA/00360500.MDT,0x00740000,00360500,200,0x001d9fff,0x001d9ffa,21 08 12 00 61 69 48 66 69 7f 9b f1 5f f0 d6 f0 8a 92 08 21 0d ff 00,"<G0001>
<CTRL:12><CTRL:00><G0041>P・MPが全回復した
<G0001>","<G0001>
<CTRL:12><CTRL:00>HP·MP가 모두 회복됐다
<G0001>",41 08 12 00 61 69 48 66 69 6A 20 D2 AA 20 EC 20 F0 3B F8 92 08 41 0D FF 00,,"[{""offset"": -5, ""raw_hex"": ""80 0e 00 00 00"", ""kind"": ""MESSAGE_HEADER"", ""opcode"": 128, ""argument"": 0}, {""offset"": 1, ""raw_hex"": ""08"", ""kind"": ""LINE_BREAK""}, {""offset"": 2, ""raw_hex"": ""12"", ""kind"": ""UNKNOWN_CONTROL""}, {""offset"": 3, ""raw_hex"": ""00"", ""kind"": ""UNKNOWN_CONTROL""}, {""offset"": 18, ""raw_hex"": ""08"", ""kind"": ""LINE_BREAK""}, {""offset"": 20, ""raw_hex"": ""0d ff 00"", ""kind"": ""MESSAGE_END""}]",REVIEW_1,NO,필드 안내 런타임 신고 및 0x4000/0x6000 전수 조사 반영.,PROVEN: scenario field/tutorial message; member_type=0x6000.
FIELD_RESOURCE_00360600_R00740000_M6000_0001,SCENARIO,field_resource_message,DATA/00360600.MDZ,DATA/00360600.MDT,0x00740000,00360600,201,0x001e2aad,0x001e2aa8,21 08 12 00 61 69 48 66 69 7f 9b f1 5f f0 d6 f0 8a 92 08 21 0d ff 00,"<G0001>
<CTRL:12><CTRL:00><G0041>P・MPが全回復した
<G0001>","<G0001>
<CTRL:12><CTRL:00>HP·MP가 모두 회복됐다
<G0001>",41 08 12 00 61 69 48 66 69 6A 20 D2 AA 20 EC 20 F0 3B F8 92 08 41 0D FF 00,,"[{""offset"": -5, ""raw_hex"": ""80 0e 00 00 00"", ""kind"": ""MESSAGE_HEADER"", ""opcode"": 128, ""argument"": 0}, {""offset"": 1, ""raw_hex"": ""08"", ""kind"": ""LINE_BREAK""}, {""offset"": 2, ""raw_hex"": ""12"", ""kind"": ""UNKNOWN_CONTROL""}, {""offset"": 3, ""raw_hex"": ""00"", ""kind"": ""UNKNOWN_CONTROL""}, {""offset"": 18, ""raw_hex"": ""08"", ""kind"": ""LINE_BREAK""}, {""offset"": 20, ""raw_hex"": ""0d ff 00"", ""kind"": ""MESSAGE_END""}]",REVIEW_1,NO,필드 안내 런타임 신고 및 0x4000/0x6000 전수 조사 반영.,PROVEN: scenario field/tutorial message; member_type=0x6000.
FIELD_RESOURCE_00360600_R00740000_M6000_0002,SCENARIO,field_resource_message,DATA/00360600.MDZ,DATA/00360600.MDT,0x00740000,00360600,202,0x001e2b7f,0x001e2b7a,21 08 12 00 61 69 48 66 69 7f 9b f1 5f f0 d6 f0 8a 92 08 21 0d ff 00,"<G0001>
<CTRL:12><CTRL:00><G0041>P・MPが全回復した
<G0001>","<G0001>
<CTRL:12><CTRL:00>HP·MP가 모두 회복됐다
<G0001>",41 08 12 00 61 69 48 66 69 6A 20 D2 AA 20 EC 20 F0 3B F8 92 08 41 0D FF 00,,"[{""offset"": -5, ""raw_hex"": ""80 0e 00 00 00"", ""kind"": ""MESSAGE_HEADER"", ""opcode"": 128, ""argument"": 0}, {""offset"": 1, ""raw_hex"": ""08"", ""kind"": ""LINE_BREAK""}, {""offset"": 2, ""raw_hex"": ""12"", ""kind"": ""UNKNOWN_CONTROL""}, {""offset"": 3, ""raw_hex"": ""00"", ""kind"": ""UNKNOWN_CONTROL""}, {""offset"": 18, ""raw_hex"": ""08"", ""kind"": ""LINE_BREAK""}, {""offset"": 20, ""raw_hex"": ""0d ff 00"", ""kind"": ""MESSAGE_END""}]",REVIEW_1,NO,필드 안내 런타임 신고 및 0x4000/0x6000 전수 조사 반영.,PROVEN: scenario field/tutorial message; member_type=0x6000.
FIELD_RESOURCE_00360700_R00740000_M6000_0001,SCENARIO,field_resource_message,DATA/00360700.MDZ,DATA/00360700.MDT,0x00740000,00360700,203,0x002039bd,0x002039b8,21 08 12 00 61 69 48 66 69 7f 9b f1 5f f0 d6 f0 8a 92 08 21 0d ff 00,"<G0001>
<CTRL:12><CTRL:00><G0041>P・MPが全回復した
<G0001>","<G0001>
<CTRL:12><CTRL:00>HP·MP가 모두 회복됐다
<G0001>",41 08 12 00 61 69 48 66 69 6A 20 D2 AA 20 EC 20 F0 3B F8 92 08 41 0D FF 00,,"[{""offset"": -5, ""raw_hex"": ""80 0e 00 00 00"", ""kind"": ""MESSAGE_HEADER"", ""opcode"": 128, ""argument"": 0}, {""offset"": 1, ""raw_hex"": ""08"", ""kind"": ""LINE_BREAK""}, {""offset"": 2, ""raw_hex"": ""12"", ""kind"": ""UNKNOWN_CONTROL""}, {""offset"": 3, ""raw_hex"": ""00"", ""kind"": ""UNKNOWN_CONTROL""}, {""offset"": 18, ""raw_hex"": ""08"", ""kind"": ""LINE_BREAK""}, {""offset"": 20, ""raw_hex"": ""0d ff 00"", ""kind"": ""MESSAGE_END""}]",REVIEW_1,NO,필드 안내 런타임 신고 및 0x4000/0x6000 전수 조사 반영.,PROVEN: scenario field/tutorial message; member_type=0x6000.
FIELD_RESOURCE_00360700_R00740000_M6000_0002,SCENARIO,field_resource_message,DATA/00360700.MDZ,DATA/00360700.MDT,0x00740000,00360700,204,0x00203a8f,0x00203a8a,21 08 12 00 61 69 48 66 69 7f 9b f1 5f f0 d6 f0 8a 92 08 21 0d ff 00,"<G0001>
<CTRL:12><CTRL:00><G0041>P・MPが全回復した
<G0001>","<G0001>
<CTRL:12><CTRL:00>HP·MP가 모두 회복됐다
<G0001>",41 08 12 00 61 69 48 66 69 6A 20 D2 AA 20 EC 20 F0 3B F8 92 08 41 0D FF 00,,"[{""offset"": -5, ""raw_hex"": ""80 0e 00 00 00"", ""kind"": ""MESSAGE_HEADER"", ""opcode"": 128, ""argument"": 0}, {""offset"": 1, ""raw_hex"": ""08"", ""kind"": ""LINE_BREAK""}, {""offset"": 2, ""raw_hex"": ""12"", ""kind"": ""UNKNOWN_CONTROL""}, {""offset"": 3, ""raw_hex"": ""00"", ""kind"": ""UNKNOWN_CONTROL""}, {""offset"": 18, ""raw_hex"": ""08"", ""kind"": ""LINE_BREAK""}, {""offset"": 20, ""raw_hex"": ""0d ff 00"", ""kind"": ""MESSAGE_END""}]",REVIEW_1,NO,필드 안내 런타임 신고 및 0x4000/0x6000 전수 조사 반영.,PROVEN: scenario field/tutorial message; member_type=0x6000.
FIELD_RESOURCE_00360800_R00740000_M6000_0001,SCENARIO,field_resource_message,DATA/00360800.MDZ,DATA/00360800.MDT,0x00740000,00360800,205,0x002ba6dd,0x002ba6d8,21 08 12 00 61 69 48 66 69 7f 9b f1 5f f0 d6 f0 8a 92 08 21 0d ff 00,"<G0001>
<CTRL:12><CTRL:00><G0041>P・MPが全回復した
<G0001>","<G0001>
<CTRL:12><CTRL:00>HP·MP가 모두 회복됐다
<G0001>",41 08 12 00 61 69 48 66 69 6A 20 D2 AA 20 EC 20 F0 3B F8 92 08 41 0D FF 00,,"[{""offset"": -5, ""raw_hex"": ""80 0e 00 00 00"", ""kind"": ""MESSAGE_HEADER"", ""opcode"": 128, ""argument"": 0}, {""offset"": 1, ""raw_hex"": ""08"", ""kind"": ""LINE_BREAK""}, {""offset"": 2, ""raw_hex"": ""12"", ""kind"": ""UNKNOWN_CONTROL""}, {""offset"": 3, ""raw_hex"": ""00"", ""kind"": ""UNKNOWN_CONTROL""}, {""offset"": 18, ""raw_hex"": ""08"", ""kind"": ""LINE_BREAK""}, {""offset"": 20, ""raw_hex"": ""0d ff 00"", ""kind"": ""MESSAGE_END""}]",REVIEW_1,NO,필드 안내 런타임 신고 및 0x4000/0x6000 전수 조사 반영.,PROVEN: scenario field/tutorial message; member_type=0x6000.
FIELD_RESOURCE_00360800_R00740000_M6000_0002,SCENARIO,field_resource_message,DATA/00360800.MDZ,DATA/00360800.MDT,0x00740000,00360800,206,0x002ba7af,0x002ba7aa,21 08 12 00 61 69 48 66 69 7f 9b f1 5f f0 d6 f0 8a 92 08 21 0d ff 00,"<G0001>
<CTRL:12><CTRL:00><G0041>P・MPが全回復した
<G0001>","<G0001>
<CTRL:12><CTRL:00>HP·MP가 모두 회복됐다
<G0001>",41 08 12 00 61 69 48 66 69 6A 20 D2 AA 20 EC 20 F0 3B F8 92 08 41 0D FF 00,,"[{""offset"": -5, ""raw_hex"": ""80 0e 00 00 00"", ""kind"": ""MESSAGE_HEADER"", ""opcode"": 128, ""argument"": 0}, {""offset"": 1, ""raw_hex"": ""08"", ""kind"": ""LINE_BREAK""}, {""offset"": 2, ""raw_hex"": ""12"", ""kind"": ""UNKNOWN_CONTROL""}, {""offset"": 3, ""raw_hex"": ""00"", ""kind"": ""UNKNOWN_CONTROL""}, {""offset"": 18, ""raw_hex"": ""08"", ""kind"": ""LINE_BREAK""}, {""offset"": 20, ""raw_hex"": ""0d ff 00"", ""kind"": ""MESSAGE_END""}]",REVIEW_1,NO,필드 안내 런타임 신고 및 0x4000/0x6000 전수 조사 반영.,PROVEN: scenario field/tutorial message; member_type=0x6000.
FIELD_RESOURCE_00361000_R00740000_M6000_0001,SCENARIO,field_resource_message,DATA/00361000.MDZ,DATA/00361000.MDT,0x00740000,00361000,207,0x00259cbd,0x00259cb8,21 08 12 00 61 69 48 66 69 7f 9b f1 5f f0 d6 f0 8a 92 08 21 0d ff 00,"<G0001>
<CTRL:12><CTRL:00><G0041>P・MPが全回復した
<G0001>","<G0001>
<CTRL:12><CTRL:00>HP·MP가 모두 회복됐다
<G0001>",41 08 12 00 61 69 48 66 69 6A 20 D2 AA 20 EC 20 F0 3B F8 92 08 41 0D FF 00,,"[{""offset"": -5, ""raw_hex"": ""80 0e 00 00 00"", ""kind"": ""MESSAGE_HEADER"", ""opcode"": 128, ""argument"": 0}, {""offset"": 1, ""raw_hex"": ""08"", ""kind"": ""LINE_BREAK""}, {""offset"": 2, ""raw_hex"": ""12"", ""kind"": ""UNKNOWN_CONTROL""}, {""offset"": 3, ""raw_hex"": ""00"", ""kind"": ""UNKNOWN_CONTROL""}, {""offset"": 18, ""raw_hex"": ""08"", ""kind"": ""LINE_BREAK""}, {""offset"": 20, ""raw_hex"": ""0d ff 00"", ""kind"": ""MESSAGE_END""}]",REVIEW_1,NO,필드 안내 런타임 신고 및 0x4000/0x6000 전수 조사 반영.,PROVEN: scenario field/tutorial message; member_type=0x6000.
FIELD_RESOURCE_00361000_R00740000_M6000_0002,SCENARIO,field_resource_message,DATA/00361000.MDZ,DATA/00361000.MDT,0x00740000,00361000,208,0x00259d8f,0x00259d8a,21 08 12 00 61 69 48 66 69 7f 9b f1 5f f0 d6 f0 8a 92 08 21 0d ff 00,"<G0001>
<CTRL:12><CTRL:00><G0041>P・MPが全回復した
<G0001>","<G0001>
<CTRL:12><CTRL:00>HP·MP가 모두 회복됐다
<G0001>",41 08 12 00 61 69 48 66 69 6A 20 D2 AA 20 EC 20 F0 3B F8 92 08 41 0D FF 00,,"[{""offset"": -5, ""raw_hex"": ""80 0e 00 00 00"", ""kind"": ""MESSAGE_HEADER"", ""opcode"": 128, ""argument"": 0}, {""offset"": 1, ""raw_hex"": ""08"", ""kind"": ""LINE_BREAK""}, {""offset"": 2, ""raw_hex"": ""12"", ""kind"": ""UNKNOWN_CONTROL""}, {""offset"": 3, ""raw_hex"": ""00"", ""kind"": ""UNKNOWN_CONTROL""}, {""offset"": 18, ""raw_hex"": ""08"", ""kind"": ""LINE_BREAK""}, {""offset"": 20, ""raw_hex"": ""0d ff 00"", ""kind"": ""MESSAGE_END""}]",REVIEW_1,NO,필드 안내 런타임 신고 및 0x4000/0x6000 전수 조사 반영.,PROVEN: scenario field/tutorial message; member_type=0x6000.
FIELD_RESOURCE_00361100_R00740000_M6000_0001,SCENARIO,field_resource_message,DATA/00361100.MDZ,DATA/00361100.MDT,0x00740000,00361100,209,0x0025827d,0x00258278,21 08 12 00 61 69 48 66 69 7f 9b f1 5f f0 d6 f0 8a 92 08 21 0d ff 00,"<G0001>
<CTRL:12><CTRL:00><G0041>P・MPが全回復した
<G0001>","<G0001>
<CTRL:12><CTRL:00>HP·MP가 모두 회복됐다
<G0001>",41 08 12 00 61 69 48 66 69 6A 20 D2 AA 20 EC 20 F0 3B F8 92 08 41 0D FF 00,,"[{""offset"": -5, ""raw_hex"": ""80 0e 00 00 00"", ""kind"": ""MESSAGE_HEADER"", ""opcode"": 128, ""argument"": 0}, {""offset"": 1, ""raw_hex"": ""08"", ""kind"": ""LINE_BREAK""}, {""offset"": 2, ""raw_hex"": ""12"", ""kind"": ""UNKNOWN_CONTROL""}, {""offset"": 3, ""raw_hex"": ""00"", ""kind"": ""UNKNOWN_CONTROL""}, {""offset"": 18, ""raw_hex"": ""08"", ""kind"": ""LINE_BREAK""}, {""offset"": 20, ""raw_hex"": ""0d ff 00"", ""kind"": ""MESSAGE_END""}]",REVIEW_1,NO,필드 안내 런타임 신고 및 0x4000/0x6000 전수 조사 반영.,PROVEN: scenario field/tutorial message; member_type=0x6000.
FIELD_RESOURCE_00361100_R00740000_M6000_0002,SCENARIO,field_resource_message,DATA/00361100.MDZ,DATA/00361100.MDT,0x00740000,00361100,210,0x0025834f,0x0025834a,21 08 12 00 61 69 48 66 69 7f 9b f1 5f f0 d6 f0 8a 92 08 21 0d ff 00,"<G0001>
<CTRL:12><CTRL:00><G0041>P・MPが全回復した
<G0001>","<G0001>
<CTRL:12><CTRL:00>HP·MP가 모두 회복됐다
<G0001>",41 08 12 00 61 69 48 66 69 6A 20 D2 AA 20 EC 20 F0 3B F8 92 08 41 0D FF 00,,"[{""offset"": -5, ""raw_hex"": ""80 0e 00 00 00"", ""kind"": ""MESSAGE_HEADER"", ""opcode"": 128, ""argument"": 0}, {""offset"": 1, ""raw_hex"": ""08"", ""kind"": ""LINE_BREAK""}, {""offset"": 2, ""raw_hex"": ""12"", ""kind"": ""UNKNOWN_CONTROL""}, {""offset"": 3, ""raw_hex"": ""00"", ""kind"": ""UNKNOWN_CONTROL""}, {""offset"": 18, ""raw_hex"": ""08"", ""kind"": ""LINE_BREAK""}, {""offset"": 20, ""raw_hex"": ""0d ff 00"", ""kind"": ""MESSAGE_END""}]",REVIEW_1,NO,필드 안내 런타임 신고 및 0x4000/0x6000 전수 조사 반영.,PROVEN: scenario field/tutorial message; member_type=0x6000.
FIELD_RESOURCE_00361200_R00740000_M6000_0001,SCENARIO,field_resource_message,DATA/00361200.MDZ,DATA/00361200.MDT,0x00740000,00361200,211,0x002066dd,0x002066d8,21 08 12 00 61 69 48 66 69 7f 9b f1 5f f0 d6 f0 8a 92 08 21 0d ff 00,"<G0001>
<CTRL:12><CTRL:00><G0041>P・MPが全回復した
<G0001>","<G0001>
<CTRL:12><CTRL:00>HP·MP가 모두 회복됐다
<G0001>",41 08 12 00 61 69 48 66 69 6A 20 D2 AA 20 EC 20 F0 3B F8 92 08 41 0D FF 00,,"[{""offset"": -5, ""raw_hex"": ""80 0e 00 00 00"", ""kind"": ""MESSAGE_HEADER"", ""opcode"": 128, ""argument"": 0}, {""offset"": 1, ""raw_hex"": ""08"", ""kind"": ""LINE_BREAK""}, {""offset"": 2, ""raw_hex"": ""12"", ""kind"": ""UNKNOWN_CONTROL""}, {""offset"": 3, ""raw_hex"": ""00"", ""kind"": ""UNKNOWN_CONTROL""}, {""offset"": 18, ""raw_hex"": ""08"", ""kind"": ""LINE_BREAK""}, {""offset"": 20, ""raw_hex"": ""0d ff 00"", ""kind"": ""MESSAGE_END""}]",REVIEW_1,NO,필드 안내 런타임 신고 및 0x4000/0x6000 전수 조사 반영.,PROVEN: scenario field/tutorial message; member_type=0x6000.
FIELD_RESOURCE_00361200_R00740000_M6000_0002,SCENARIO,field_resource_message,DATA/00361200.MDZ,DATA/00361200.MDT,0x00740000,00361200,212,0x002067af,0x002067aa,21 08 12 00 61 69 48 66 69 7f 9b f1 5f f0 d6 f0 8a 92 08 21 0d ff 00,"<G0001>
<CTRL:12><CTRL:00><G0041>P・MPが全回復した
<G0001>","<G0001>
<CTRL:12><CTRL:00>HP·MP가 모두 회복됐다
<G0001>",41 08 12 00 61 69 48 66 69 6A 20 D2 AA 20 EC 20 F0 3B F8 92 08 41 0D FF 00,,"[{""offset"": -5, ""raw_hex"": ""80 0e 00 00 00"", ""kind"": ""MESSAGE_HEADER"", ""opcode"": 128, ""argument"": 0}, {""offset"": 1, ""raw_hex"": ""08"", ""kind"": ""LINE_BREAK""}, {""offset"": 2, ""raw_hex"": ""12"", ""kind"": ""UNKNOWN_CONTROL""}, {""offset"": 3, ""raw_hex"": ""00"", ""kind"": ""UNKNOWN_CONTROL""}, {""offset"": 18, ""raw_hex"": ""08"", ""kind"": ""LINE_BREAK""}, {""offset"": 20, ""raw_hex"": ""0d ff 00"", ""kind"": ""MESSAGE_END""}]",REVIEW_1,NO,필드 안내 런타임 신고 및 0x4000/0x6000 전수 조사 반영.,PROVEN: scenario field/tutorial message; member_type=0x6000.
FIELD_RESOURCE_00361300_R00740000_M6000_0001,SCENARIO,field_resource_message,DATA/00361300.MDZ,DATA/00361300.MDT,0x00740000,00361300,213,0x0045d6ad,0x0045d6a8,21 08 12 00 61 69 48 66 69 7f 9b f1 5f f0 d6 f0 8a 92 08 21 0d ff 00,"<G0001>
<CTRL:12><CTRL:00><G0041>P・MPが全回復した
<G0001>","<G0001>
<CTRL:12><CTRL:00>HP·MP가 모두 회복됐다
<G0001>",41 08 12 00 61 69 48 66 69 6A 20 D2 AA 20 EC 20 F0 3B F8 92 08 41 0D FF 00,,"[{""offset"": -5, ""raw_hex"": ""80 0e 00 00 00"", ""kind"": ""MESSAGE_HEADER"", ""opcode"": 128, ""argument"": 0}, {""offset"": 1, ""raw_hex"": ""08"", ""kind"": ""LINE_BREAK""}, {""offset"": 2, ""raw_hex"": ""12"", ""kind"": ""UNKNOWN_CONTROL""}, {""offset"": 3, ""raw_hex"": ""00"", ""kind"": ""UNKNOWN_CONTROL""}, {""offset"": 18, ""raw_hex"": ""08"", ""kind"": ""LINE_BREAK""}, {""offset"": 20, ""raw_hex"": ""0d ff 00"", ""kind"": ""MESSAGE_END""}]",REVIEW_1,NO,필드 안내 런타임 신고 및 0x4000/0x6000 전수 조사 반영.,PROVEN: scenario field/tutorial message; member_type=0x6000.
FIELD_RESOURCE_00361300_R00740000_M6000_0002,SCENARIO,field_resource_message,DATA/00361300.MDZ,DATA/00361300.MDT,0x00740000,00361300,214,0x0045d77f,0x0045d77a,21 08 12 00 61 69 48 66 69 7f 9b f1 5f f0 d6 f0 8a 92 08 21 0d ff 00,"<G0001>
<CTRL:12><CTRL:00><G0041>P・MPが全回復した
<G0001>","<G0001>
<CTRL:12><CTRL:00>HP·MP가 모두 회복됐다
<G0001>",41 08 12 00 61 69 48 66 69 6A 20 D2 AA 20 EC 20 F0 3B F8 92 08 41 0D FF 00,,"[{""offset"": -5, ""raw_hex"": ""80 0e 00 00 00"", ""kind"": ""MESSAGE_HEADER"", ""opcode"": 128, ""argument"": 0}, {""offset"": 1, ""raw_hex"": ""08"", ""kind"": ""LINE_BREAK""}, {""offset"": 2, ""raw_hex"": ""12"", ""kind"": ""UNKNOWN_CONTROL""}, {""offset"": 3, ""raw_hex"": ""00"", ""kind"": ""UNKNOWN_CONTROL""}, {""offset"": 18, ""raw_hex"": ""08"", ""kind"": ""LINE_BREAK""}, {""offset"": 20, ""raw_hex"": ""0d ff 00"", ""kind"": ""MESSAGE_END""}]",REVIEW_1,NO,필드 안내 런타임 신고 및 0x4000/0x6000 전수 조사 반영.,PROVEN: scenario field/tutorial message; member_type=0x6000.
FIELD_RESOURCE_00361400_R00740000_M6000_0001,SCENARIO,field_resource_message,DATA/00361400.MDZ,DATA/00361400.MDT,0x00740000,00361400,215,0x0027dced,0x0027dce8,21 08 12 00 61 69 48 66 69 7f 9b f1 5f f0 d6 f0 8a 92 08 21 0d ff 00,"<G0001>
<CTRL:12><CTRL:00><G0041>P・MPが全回復した
<G0001>","<G0001>
<CTRL:12><CTRL:00>HP·MP가 모두 회복됐다
<G0001>",41 08 12 00 61 69 48 66 69 6A 20 D2 AA 20 EC 20 F0 3B F8 92 08 41 0D FF 00,,"[{""offset"": -5, ""raw_hex"": ""80 0e 00 00 00"", ""kind"": ""MESSAGE_HEADER"", ""opcode"": 128, ""argument"": 0}, {""offset"": 1, ""raw_hex"": ""08"", ""kind"": ""LINE_BREAK""}, {""offset"": 2, ""raw_hex"": ""12"", ""kind"": ""UNKNOWN_CONTROL""}, {""offset"": 3, ""raw_hex"": ""00"", ""kind"": ""UNKNOWN_CONTROL""}, {""offset"": 18, ""raw_hex"": ""08"", ""kind"": ""LINE_BREAK""}, {""offset"": 20, ""raw_hex"": ""0d ff 00"", ""kind"": ""MESSAGE_END""}]",REVIEW_1,NO,필드 안내 런타임 신고 및 0x4000/0x6000 전수 조사 반영.,PROVEN: scenario field/tutorial message; member_type=0x6000.
FIELD_RESOURCE_00361400_R00740000_M6000_0002,SCENARIO,field_resource_message,DATA/00361400.MDZ,DATA/00361400.MDT,0x00740000,00361400,216,0x0027ddbf,0x0027ddba,21 08 12 00 61 69 48 66 69 7f 9b f1 5f f0 d6 f0 8a 92 08 21 0d ff 00,"<G0001>
<CTRL:12><CTRL:00><G0041>P・MPが全回復した
<G0001>","<G0001>
<CTRL:12><CTRL:00>HP·MP가 모두 회복됐다
<G0001>",41 08 12 00 61 69 48 66 69 6A 20 D2 AA 20 EC 20 F0 3B F8 92 08 41 0D FF 00,,"[{""offset"": -5, ""raw_hex"": ""80 0e 00 00 00"", ""kind"": ""MESSAGE_HEADER"", ""opcode"": 128, ""argument"": 0}, {""offset"": 1, ""raw_hex"": ""08"", ""kind"": ""LINE_BREAK""}, {""offset"": 2, ""raw_hex"": ""12"", ""kind"": ""UNKNOWN_CONTROL""}, {""offset"": 3, ""raw_hex"": ""00"", ""kind"": ""UNKNOWN_CONTROL""}, {""offset"": 18, ""raw_hex"": ""08"", ""kind"": ""LINE_BREAK""}, {""offset"": 20, ""raw_hex"": ""0d ff 00"", ""kind"": ""MESSAGE_END""}]",REVIEW_1,NO,필드 안내 런타임 신고 및 0x4000/0x6000 전수 조사 반영.,PROVEN: scenario field/tutorial message; member_type=0x6000.
FIELD_RESOURCE_00362100_R00740000_M6000_0001,SCENARIO,field_resource_message,DATA/00362100.MDZ,DATA/00362100.MDT,0x00740000,00362100,217,0x006f907d,0x006f9078,21 08 12 00 61 69 48 66 69 7f 9b f1 5f f0 d6 f0 8a 92 08 21 0d ff 00,"<G0001>
<CTRL:12><CTRL:00><G0041>P・MPが全回復した
<G0001>","<G0001>
<CTRL:12><CTRL:00>HP·MP가 모두 회복됐다
<G0001>",41 08 12 00 61 69 48 66 69 6A 20 D2 AA 20 EC 20 F0 3B F8 92 08 41 0D FF 00,,"[{""offset"": -5, ""raw_hex"": ""80 0e 00 00 00"", ""kind"": ""MESSAGE_HEADER"", ""opcode"": 128, ""argument"": 0}, {""offset"": 1, ""raw_hex"": ""08"", ""kind"": ""LINE_BREAK""}, {""offset"": 2, ""raw_hex"": ""12"", ""kind"": ""UNKNOWN_CONTROL""}, {""offset"": 3, ""raw_hex"": ""00"", ""kind"": ""UNKNOWN_CONTROL""}, {""offset"": 18, ""raw_hex"": ""08"", ""kind"": ""LINE_BREAK""}, {""offset"": 20, ""raw_hex"": ""0d ff 00"", ""kind"": ""MESSAGE_END""}]",REVIEW_1,NO,필드 안내 런타임 신고 및 0x4000/0x6000 전수 조사 반영.,PROVEN: scenario field/tutorial message; member_type=0x6000.
FIELD_RESOURCE_00362100_R00740000_M6000_0002,SCENARIO,field_resource_message,DATA/00362100.MDZ,DATA/00362100.MDT,0x00740000,00362100,218,0x006f914f,0x006f914a,21 08 12 00 61 69 48 66 69 7f 9b f1 5f f0 d6 f0 8a 92 08 21 0d ff 00,"<G0001>
<CTRL:12><CTRL:00><G0041>P・MPが全回復した
<G0001>","<G0001>
<CTRL:12><CTRL:00>HP·MP가 모두 회복됐다
<G0001>",41 08 12 00 61 69 48 66 69 6A 20 D2 AA 20 EC 20 F0 3B F8 92 08 41 0D FF 00,,"[{""offset"": -5, ""raw_hex"": ""80 0e 00 00 00"", ""kind"": ""MESSAGE_HEADER"", ""opcode"": 128, ""argument"": 0}, {""offset"": 1, ""raw_hex"": ""08"", ""kind"": ""LINE_BREAK""}, {""offset"": 2, ""raw_hex"": ""12"", ""kind"": ""UNKNOWN_CONTROL""}, {""offset"": 3, ""raw_hex"": ""00"", ""kind"": ""UNKNOWN_CONTROL""}, {""offset"": 18, ""raw_hex"": ""08"", ""kind"": ""LINE_BREAK""}, {""offset"": 20, ""raw_hex"": ""0d ff 00"", ""kind"": ""MESSAGE_END""}]",REVIEW_1,NO,필드 안내 런타임 신고 및 0x4000/0x6000 전수 조사 반영.,PROVEN: scenario field/tutorial message; member_type=0x6000.
FIELD_RESOURCE_00362400_R00740000_M6000_0001,SCENARIO,field_resource_message,DATA/00362400.MDZ,DATA/00362400.MDT,0x00740000,00362400,219,0x0023103d,0x00231038,21 08 12 00 61 69 48 66 69 7f 9b f1 5f f0 d6 f0 8a 92 08 21 0d ff 00,"<G0001>
<CTRL:12><CTRL:00><G0041>P・MPが全回復した
<G0001>","<G0001>
<CTRL:12><CTRL:00>HP·MP가 모두 회복됐다
<G0001>",41 08 12 00 61 69 48 66 69 6A 20 D2 AA 20 EC 20 F0 3B F8 92 08 41 0D FF 00,,"[{""offset"": -5, ""raw_hex"": ""80 0e 00 00 00"", ""kind"": ""MESSAGE_HEADER"", ""opcode"": 128, ""argument"": 0}, {""offset"": 1, ""raw_hex"": ""08"", ""kind"": ""LINE_BREAK""}, {""offset"": 2, ""raw_hex"": ""12"", ""kind"": ""UNKNOWN_CONTROL""}, {""offset"": 3, ""raw_hex"": ""00"", ""kind"": ""UNKNOWN_CONTROL""}, {""offset"": 18, ""raw_hex"": ""08"", ""kind"": ""LINE_BREAK""}, {""offset"": 20, ""raw_hex"": ""0d ff 00"", ""kind"": ""MESSAGE_END""}]",REVIEW_1,NO,필드 안내 런타임 신고 및 0x4000/0x6000 전수 조사 반영.,PROVEN: scenario field/tutorial message; member_type=0x6000.
FIELD_RESOURCE_00362400_R00740000_M6000_0002,SCENARIO,field_resource_message,DATA/00362400.MDZ,DATA/00362400.MDT,0x00740000,00362400,220,0x0023110f,0x0023110a,21 08 12 00 61 69 48 66 69 7f 9b f1 5f f0 d6 f0 8a 92 08 21 0d ff 00,"<G0001>
<CTRL:12><CTRL:00><G0041>P・MPが全回復した
<G0001>","<G0001>
<CTRL:12><CTRL:00>HP·MP가 모두 회복됐다
<G0001>",41 08 12 00 61 69 48 66 69 6A 20 D2 AA 20 EC 20 F0 3B F8 92 08 41 0D FF 00,,"[{""offset"": -5, ""raw_hex"": ""80 0e 00 00 00"", ""kind"": ""MESSAGE_HEADER"", ""opcode"": 128, ""argument"": 0}, {""offset"": 1, ""raw_hex"": ""08"", ""kind"": ""LINE_BREAK""}, {""offset"": 2, ""raw_hex"": ""12"", ""kind"": ""UNKNOWN_CONTROL""}, {""offset"": 3, ""raw_hex"": ""00"", ""kind"": ""UNKNOWN_CONTROL""}, {""offset"": 18, ""raw_hex"": ""08"", ""kind"": ""LINE_BREAK""}, {""offset"": 20, ""raw_hex"": ""0d ff 00"", ""kind"": ""MESSAGE_END""}]",REVIEW_1,NO,필드 안내 런타임 신고 및 0x4000/0x6000 전수 조사 반영.,PROVEN: scenario field/tutorial message; member_type=0x6000.
FIELD_RESOURCE_00390000_R00740000_M6000_0001,SCENARIO,field_resource_message,DATA/00390000.MDZ,DATA/00390000.MDT,0x00740000,00390000,221,0x005cdb2d,0x005cdb28,21 08 12 00 61 69 48 66 69 7f 9b f1 5f f0 d6 f0 8a 92 08 21 0d ff 00,"<G0001>
<CTRL:12><CTRL:00><G0041>P・MPが全回復した
<G0001>","<G0001>
<CTRL:12><CTRL:00>HP·MP가 모두 회복됐다
<G0001>",41 08 12 00 61 69 48 66 69 6A 20 D2 AA 20 EC 20 F0 3B F8 92 08 41 0D FF 00,,"[{""offset"": -5, ""raw_hex"": ""80 0e 00 00 00"", ""kind"": ""MESSAGE_HEADER"", ""opcode"": 128, ""argument"": 0}, {""offset"": 1, ""raw_hex"": ""08"", ""kind"": ""LINE_BREAK""}, {""offset"": 2, ""raw_hex"": ""12"", ""kind"": ""UNKNOWN_CONTROL""}, {""offset"": 3, ""raw_hex"": ""00"", ""kind"": ""UNKNOWN_CONTROL""}, {""offset"": 18, ""raw_hex"": ""08"", ""kind"": ""LINE_BREAK""}, {""offset"": 20, ""raw_hex"": ""0d ff 00"", ""kind"": ""MESSAGE_END""}]",REVIEW_1,NO,필드 안내 런타임 신고 및 0x4000/0x6000 전수 조사 반영.,PROVEN: scenario field/tutorial message; member_type=0x6000.
FIELD_RESOURCE_00390000_R00740000_M6000_0002,SCENARIO,field_resource_message,DATA/00390000.MDZ,DATA/00390000.MDT,0x00740000,00390000,222,0x005cdbff,0x005cdbfa,21 08 12 00 61 69 48 66 69 7f 9b f1 5f f0 d6 f0 8a 92 08 21 0d ff 00,"<G0001>
<CTRL:12><CTRL:00><G0041>P・MPが全回復した
<G0001>","<G0001>
<CTRL:12><CTRL:00>HP·MP가 모두 회복됐다
<G0001>",41 08 12 00 61 69 48 66 69 6A 20 D2 AA 20 EC 20 F0 3B F8 92 08 41 0D FF 00,,"[{""offset"": -5, ""raw_hex"": ""80 0e 00 00 00"", ""kind"": ""MESSAGE_HEADER"", ""opcode"": 128, ""argument"": 0}, {""offset"": 1, ""raw_hex"": ""08"", ""kind"": ""LINE_BREAK""}, {""offset"": 2, ""raw_hex"": ""12"", ""kind"": ""UNKNOWN_CONTROL""}, {""offset"": 3, ""raw_hex"": ""00"", ""kind"": ""UNKNOWN_CONTROL""}, {""offset"": 18, ""raw_hex"": ""08"", ""kind"": ""LINE_BREAK""}, {""offset"": 20, ""raw_hex"": ""0d ff 00"", ""kind"": ""MESSAGE_END""}]",REVIEW_1,NO,필드 안내 런타임 신고 및 0x4000/0x6000 전수 조사 반영.,PROVEN: scenario field/tutorial message; member_type=0x6000.
FIELD_RESOURCE_00390200_R00740000_M6000_0001,SCENARIO,field_resource_message,DATA/00390200.MDZ,DATA/00390200.MDT,0x00740000,00390200,223,0x006a4e2d,0x006a4e28,21 08 12 00 61 69 48 66 69 7f 9b f1 5f f0 d6 f0 8a 92 08 21 0d ff 00,"<G0001>
<CTRL:12><CTRL:00><G0041>P・MPが全回復した
<G0001>","<G0001>
<CTRL:12><CTRL:00>HP·MP가 모두 회복됐다
<G0001>",41 08 12 00 61 69 48 66 69 6A 20 D2 AA 20 EC 20 F0 3B F8 92 08 41 0D FF 00,,"[{""offset"": -5, ""raw_hex"": ""80 0e 00 00 00"", ""kind"": ""MESSAGE_HEADER"", ""opcode"": 128, ""argument"": 0}, {""offset"": 1, ""raw_hex"": ""08"", ""kind"": ""LINE_BREAK""}, {""offset"": 2, ""raw_hex"": ""12"", ""kind"": ""UNKNOWN_CONTROL""}, {""offset"": 3, ""raw_hex"": ""00"", ""kind"": ""UNKNOWN_CONTROL""}, {""offset"": 18, ""raw_hex"": ""08"", ""kind"": ""LINE_BREAK""}, {""offset"": 20, ""raw_hex"": ""0d ff 00"", ""kind"": ""MESSAGE_END""}]",REVIEW_1,NO,필드 안내 런타임 신고 및 0x4000/0x6000 전수 조사 반영.,PROVEN: scenario field/tutorial message; member_type=0x6000.
FIELD_RESOURCE_00390200_R00740000_M6000_0002,SCENARIO,field_resource_message,DATA/00390200.MDZ,DATA/00390200.MDT,0x00740000,00390200,224,0x006a4eff,0x006a4efa,21 08 12 00 61 69 48 66 69 7f 9b f1 5f f0 d6 f0 8a 92 08 21 0d ff 00,"<G0001>
<CTRL:12><CTRL:00><G0041>P・MPが全回復した
<G0001>","<G0001>
<CTRL:12><CTRL:00>HP·MP가 모두 회복됐다
<G0001>",41 08 12 00 61 69 48 66 69 6A 20 D2 AA 20 EC 20 F0 3B F8 92 08 41 0D FF 00,,"[{""offset"": -5, ""raw_hex"": ""80 0e 00 00 00"", ""kind"": ""MESSAGE_HEADER"", ""opcode"": 128, ""argument"": 0}, {""offset"": 1, ""raw_hex"": ""08"", ""kind"": ""LINE_BREAK""}, {""offset"": 2, ""raw_hex"": ""12"", ""kind"": ""UNKNOWN_CONTROL""}, {""offset"": 3, ""raw_hex"": ""00"", ""kind"": ""UNKNOWN_CONTROL""}, {""offset"": 18, ""raw_hex"": ""08"", ""kind"": ""LINE_BREAK""}, {""offset"": 20, ""raw_hex"": ""0d ff 00"", ""kind"": ""MESSAGE_END""}]",REVIEW_1,NO,필드 안내 런타임 신고 및 0x4000/0x6000 전수 조사 반영.,PROVEN: scenario field/tutorial message; member_type=0x6000.
FIELD_RESOURCE_00390300_R00740000_M6000_0001,SCENARIO,field_resource_message,DATA/00390300.MDZ,DATA/00390300.MDT,0x00740000,00390300,225,0x0050272d,0x00502728,21 08 12 00 61 69 48 66 69 7f 9b f1 5f f0 d6 f0 8a 92 08 21 0d ff 00,"<G0001>
<CTRL:12><CTRL:00><G0041>P・MPが全回復した
<G0001>","<G0001>
<CTRL:12><CTRL:00>HP·MP가 모두 회복됐다
<G0001>",41 08 12 00 61 69 48 66 69 6A 20 D2 AA 20 EC 20 F0 3B F8 92 08 41 0D FF 00,,"[{""offset"": -5, ""raw_hex"": ""80 0e 00 00 00"", ""kind"": ""MESSAGE_HEADER"", ""opcode"": 128, ""argument"": 0}, {""offset"": 1, ""raw_hex"": ""08"", ""kind"": ""LINE_BREAK""}, {""offset"": 2, ""raw_hex"": ""12"", ""kind"": ""UNKNOWN_CONTROL""}, {""offset"": 3, ""raw_hex"": ""00"", ""kind"": ""UNKNOWN_CONTROL""}, {""offset"": 18, ""raw_hex"": ""08"", ""kind"": ""LINE_BREAK""}, {""offset"": 20, ""raw_hex"": ""0d ff 00"", ""kind"": ""MESSAGE_END""}]",REVIEW_1,NO,필드 안내 런타임 신고 및 0x4000/0x6000 전수 조사 반영.,PROVEN: scenario field/tutorial message; member_type=0x6000.
FIELD_RESOURCE_00390300_R00740000_M6000_0002,SCENARIO,field_resource_message,DATA/00390300.MDZ,DATA/00390300.MDT,0x00740000,00390300,226,0x005027ff,0x005027fa,21 08 12 00 61 69 48 66 69 7f 9b f1 5f f0 d6 f0 8a 92 08 21 0d ff 00,"<G0001>
<CTRL:12><CTRL:00><G0041>P・MPが全回復した
<G0001>","<G0001>
<CTRL:12><CTRL:00>HP·MP가 모두 회복됐다
<G0001>",41 08 12 00 61 69 48 66 69 6A 20 D2 AA 20 EC 20 F0 3B F8 92 08 41 0D FF 00,,"[{""offset"": -5, ""raw_hex"": ""80 0e 00 00 00"", ""kind"": ""MESSAGE_HEADER"", ""opcode"": 128, ""argument"": 0}, {""offset"": 1, ""raw_hex"": ""08"", ""kind"": ""LINE_BREAK""}, {""offset"": 2, ""raw_hex"": ""12"", ""kind"": ""UNKNOWN_CONTROL""}, {""offset"": 3, ""raw_hex"": ""00"", ""kind"": ""UNKNOWN_CONTROL""}, {""offset"": 18, ""raw_hex"": ""08"", ""kind"": ""LINE_BREAK""}, {""offset"": 20, ""raw_hex"": ""0d ff 00"", ""kind"": ""MESSAGE_END""}]",REVIEW_1,NO,필드 안내 런타임 신고 및 0x4000/0x6000 전수 조사 반영.,PROVEN: scenario field/tutorial message; member_type=0x6000.
FIELD_RESOURCE_00390500_R00740000_M6000_0001,SCENARIO,field_resource_message,DATA/00390500.MDZ,DATA/00390500.MDT,0x00740000,00390500,227,0x0060cfed,0x0060cfe8,21 08 12 00 61 69 48 66 69 7f 9b f1 5f f0 d6 f0 8a 92 08 21 0d ff 00,"<G0001>
<CTRL:12><CTRL:00><G0041>P・MPが全回復した
<G0001>","<G0001>
<CTRL:12><CTRL:00>HP·MP가 모두 회복됐다
<G0001>",41 08 12 00 61 69 48 66 69 6A 20 D2 AA 20 EC 20 F0 3B F8 92 08 41 0D FF 00,,"[{""offset"": -5, ""raw_hex"": ""80 0e 00 00 00"", ""kind"": ""MESSAGE_HEADER"", ""opcode"": 128, ""argument"": 0}, {""offset"": 1, ""raw_hex"": ""08"", ""kind"": ""LINE_BREAK""}, {""offset"": 2, ""raw_hex"": ""12"", ""kind"": ""UNKNOWN_CONTROL""}, {""offset"": 3, ""raw_hex"": ""00"", ""kind"": ""UNKNOWN_CONTROL""}, {""offset"": 18, ""raw_hex"": ""08"", ""kind"": ""LINE_BREAK""}, {""offset"": 20, ""raw_hex"": ""0d ff 00"", ""kind"": ""MESSAGE_END""}]",REVIEW_1,NO,필드 안내 런타임 신고 및 0x4000/0x6000 전수 조사 반영.,PROVEN: scenario field/tutorial message; member_type=0x6000.
FIELD_RESOURCE_00390500_R00740000_M6000_0002,SCENARIO,field_resource_message,DATA/00390500.MDZ,DATA/00390500.MDT,0x00740000,00390500,228,0x0060d0bf,0x0060d0ba,21 08 12 00 61 69 48 66 69 7f 9b f1 5f f0 d6 f0 8a 92 08 21 0d ff 00,"<G0001>
<CTRL:12><CTRL:00><G0041>P・MPが全回復した
<G0001>","<G0001>
<CTRL:12><CTRL:00>HP·MP가 모두 회복됐다
<G0001>",41 08 12 00 61 69 48 66 69 6A 20 D2 AA 20 EC 20 F0 3B F8 92 08 41 0D FF 00,,"[{""offset"": -5, ""raw_hex"": ""80 0e 00 00 00"", ""kind"": ""MESSAGE_HEADER"", ""opcode"": 128, ""argument"": 0}, {""offset"": 1, ""raw_hex"": ""08"", ""kind"": ""LINE_BREAK""}, {""offset"": 2, ""raw_hex"": ""12"", ""kind"": ""UNKNOWN_CONTROL""}, {""offset"": 3, ""raw_hex"": ""00"", ""kind"": ""UNKNOWN_CONTROL""}, {""offset"": 18, ""raw_hex"": ""08"", ""kind"": ""LINE_BREAK""}, {""offset"": 20, ""raw_hex"": ""0d ff 00"", ""kind"": ""MESSAGE_END""}]",REVIEW_1,NO,필드 안내 런타임 신고 및 0x4000/0x6000 전수 조사 반영.,PROVEN: scenario field/tutorial message; member_type=0x6000.
FIELD_RESOURCE_00397700_R00740000_M6000_0001,SCENARIO,field_resource_message,DATA/00397700.MDZ,DATA/00397700.MDT,0x00740000,00397700,229,0x003ce02d,0x003ce028,21 08 12 00 61 69 48 66 69 7f 9b f1 5f f0 d6 f0 8a 92 08 21 0d ff 00,"<G0001>
<CTRL:12><CTRL:00><G0041>P・MPが全回復した
<G0001>","<G0001>
<CTRL:12><CTRL:00>HP·MP가 모두 회복됐다
<G0001>",41 08 12 00 61 69 48 66 69 6A 20 D2 AA 20 EC 20 F0 3B F8 92 08 41 0D FF 00,,"[{""offset"": -5, ""raw_hex"": ""80 0e 00 00 00"", ""kind"": ""MESSAGE_HEADER"", ""opcode"": 128, ""argument"": 0}, {""offset"": 1, ""raw_hex"": ""08"", ""kind"": ""LINE_BREAK""}, {""offset"": 2, ""raw_hex"": ""12"", ""kind"": ""UNKNOWN_CONTROL""}, {""offset"": 3, ""raw_hex"": ""00"", ""kind"": ""UNKNOWN_CONTROL""}, {""offset"": 18, ""raw_hex"": ""08"", ""kind"": ""LINE_BREAK""}, {""offset"": 20, ""raw_hex"": ""0d ff 00"", ""kind"": ""MESSAGE_END""}]",REVIEW_1,NO,필드 안내 런타임 신고 및 0x4000/0x6000 전수 조사 반영.,PROVEN: scenario field/tutorial message; member_type=0x6000.
FIELD_RESOURCE_00397700_R00740000_M6000_0002,SCENARIO,field_resource_message,DATA/00397700.MDZ,DATA/00397700.MDT,0x00740000,00397700,230,0x003ce0ff,0x003ce0fa,21 08 12 00 61 69 48 66 69 7f 9b f1 5f f0 d6 f0 8a 92 08 21 0d ff 00,"<G0001>
<CTRL:12><CTRL:00><G0041>P・MPが全回復した
<G0001>","<G0001>
<CTRL:12><CTRL:00>HP·MP가 모두 회복됐다
<G0001>",41 08 12 00 61 69 48 66 69 6A 20 D2 AA 20 EC 20 F0 3B F8 92 08 41 0D FF 00,,"[{""offset"": -5, ""raw_hex"": ""80 0e 00 00 00"", ""kind"": ""MESSAGE_HEADER"", ""opcode"": 128, ""argument"": 0}, {""offset"": 1, ""raw_hex"": ""08"", ""kind"": ""LINE_BREAK""}, {""offset"": 2, ""raw_hex"": ""12"", ""kind"": ""UNKNOWN_CONTROL""}, {""offset"": 3, ""raw_hex"": ""00"", ""kind"": ""UNKNOWN_CONTROL""}, {""offset"": 18, ""raw_hex"": ""08"", ""kind"": ""LINE_BREAK""}, {""offset"": 20, ""raw_hex"": ""0d ff 00"", ""kind"": ""MESSAGE_END""}]",REVIEW_1,NO,필드 안내 런타임 신고 및 0x4000/0x6000 전수 조사 반영.,PROVEN: scenario field/tutorial message; member_type=0x6000.
FIELD_RESOURCE_00420000_R00740000_M6000_0001,SCENARIO,field_resource_message,DATA/00420000.MDZ,DATA/00420000.MDT,0x00740000,00420000,231,0x0020ffad,0x0020ffa8,21 08 12 00 61 69 48 66 69 7f 9b f1 5f f0 d6 f0 8a 92 08 21 0d ff 00,"<G0001>
<CTRL:12><CTRL:00><G0041>P・MPが全回復した
<G0001>","<G0001>
<CTRL:12><CTRL:00>HP·MP가 모두 회복됐다
<G0001>",41 08 12 00 61 69 48 66 69 6A 20 D2 AA 20 EC 20 F0 3B F8 92 08 41 0D FF 00,,"[{""offset"": -5, ""raw_hex"": ""80 0e 00 00 00"", ""kind"": ""MESSAGE_HEADER"", ""opcode"": 128, ""argument"": 0}, {""offset"": 1, ""raw_hex"": ""08"", ""kind"": ""LINE_BREAK""}, {""offset"": 2, ""raw_hex"": ""12"", ""kind"": ""UNKNOWN_CONTROL""}, {""offset"": 3, ""raw_hex"": ""00"", ""kind"": ""UNKNOWN_CONTROL""}, {""offset"": 18, ""raw_hex"": ""08"", ""kind"": ""LINE_BREAK""}, {""offset"": 20, ""raw_hex"": ""0d ff 00"", ""kind"": ""MESSAGE_END""}]",REVIEW_1,NO,필드 안내 런타임 신고 및 0x4000/0x6000 전수 조사 반영.,PROVEN: scenario field/tutorial message; member_type=0x6000.
FIELD_RESOURCE_00420000_R00740000_M6000_0002,SCENARIO,field_resource_message,DATA/00420000.MDZ,DATA/00420000.MDT,0x00740000,00420000,232,0x0021007f,0x0021007a,21 08 12 00 61 69 48 66 69 7f 9b f1 5f f0 d6 f0 8a 92 08 21 0d ff 00,"<G0001>
<CTRL:12><CTRL:00><G0041>P・MPが全回復した
<G0001>","<G0001>
<CTRL:12><CTRL:00>HP·MP가 모두 회복됐다
<G0001>",41 08 12 00 61 69 48 66 69 6A 20 D2 AA 20 EC 20 F0 3B F8 92 08 41 0D FF 00,,"[{""offset"": -5, ""raw_hex"": ""80 0e 00 00 00"", ""kind"": ""MESSAGE_HEADER"", ""opcode"": 128, ""argument"": 0}, {""offset"": 1, ""raw_hex"": ""08"", ""kind"": ""LINE_BREAK""}, {""offset"": 2, ""raw_hex"": ""12"", ""kind"": ""UNKNOWN_CONTROL""}, {""offset"": 3, ""raw_hex"": ""00"", ""kind"": ""UNKNOWN_CONTROL""}, {""offset"": 18, ""raw_hex"": ""08"", ""kind"": ""LINE_BREAK""}, {""offset"": 20, ""raw_hex"": ""0d ff 00"", ""kind"": ""MESSAGE_END""}]",REVIEW_1,NO,필드 안내 런타임 신고 및 0x4000/0x6000 전수 조사 반영.,PROVEN: scenario field/tutorial message; member_type=0x6000.
FIELD_RESOURCE_00420100_R00740000_M6000_0001,SCENARIO,field_resource_message,DATA/00420100.MDZ,DATA/00420100.MDT,0x00740000,00420100,233,0x0059fd2d,0x0059fd28,21 08 12 00 61 69 48 66 69 7f 9b f1 5f f0 d6 f0 8a 92 08 21 0d ff 00,"<G0001>
<CTRL:12><CTRL:00><G0041>P・MPが全回復した
<G0001>","<G0001>
<CTRL:12><CTRL:00>HP·MP가 모두 회복됐다
<G0001>",41 08 12 00 61 69 48 66 69 6A 20 D2 AA 20 EC 20 F0 3B F8 92 08 41 0D FF 00,,"[{""offset"": -5, ""raw_hex"": ""80 0e 00 00 00"", ""kind"": ""MESSAGE_HEADER"", ""opcode"": 128, ""argument"": 0}, {""offset"": 1, ""raw_hex"": ""08"", ""kind"": ""LINE_BREAK""}, {""offset"": 2, ""raw_hex"": ""12"", ""kind"": ""UNKNOWN_CONTROL""}, {""offset"": 3, ""raw_hex"": ""00"", ""kind"": ""UNKNOWN_CONTROL""}, {""offset"": 18, ""raw_hex"": ""08"", ""kind"": ""LINE_BREAK""}, {""offset"": 20, ""raw_hex"": ""0d ff 00"", ""kind"": ""MESSAGE_END""}]",REVIEW_1,NO,필드 안내 런타임 신고 및 0x4000/0x6000 전수 조사 반영.,PROVEN: scenario field/tutorial message; member_type=0x6000.
FIELD_RESOURCE_00420100_R00740000_M6000_0002,SCENARIO,field_resource_message,DATA/00420100.MDZ,DATA/00420100.MDT,0x00740000,00420100,234,0x0059fdff,0x0059fdfa,21 08 12 00 61 69 48 66 69 7f 9b f1 5f f0 d6 f0 8a 92 08 21 0d ff 00,"<G0001>
<CTRL:12><CTRL:00><G0041>P・MPが全回復した
<G0001>","<G0001>
<CTRL:12><CTRL:00>HP·MP가 모두 회복됐다
<G0001>",41 08 12 00 61 69 48 66 69 6A 20 D2 AA 20 EC 20 F0 3B F8 92 08 41 0D FF 00,,"[{""offset"": -5, ""raw_hex"": ""80 0e 00 00 00"", ""kind"": ""MESSAGE_HEADER"", ""opcode"": 128, ""argument"": 0}, {""offset"": 1, ""raw_hex"": ""08"", ""kind"": ""LINE_BREAK""}, {""offset"": 2, ""raw_hex"": ""12"", ""kind"": ""UNKNOWN_CONTROL""}, {""offset"": 3, ""raw_hex"": ""00"", ""kind"": ""UNKNOWN_CONTROL""}, {""offset"": 18, ""raw_hex"": ""08"", ""kind"": ""LINE_BREAK""}, {""offset"": 20, ""raw_hex"": ""0d ff 00"", ""kind"": ""MESSAGE_END""}]",REVIEW_1,NO,필드 안내 런타임 신고 및 0x4000/0x6000 전수 조사 반영.,PROVEN: scenario field/tutorial message; member_type=0x6000.
FIELD_RESOURCE_00420200_R00740000_M6000_0001,SCENARIO,field_resource_message,DATA/00420200.MDZ,DATA/00420200.MDT,0x00740000,00420200,235,0x0053392d,0x00533928,21 08 12 00 61 69 48 66 69 7f 9b f1 5f f0 d6 f0 8a 92 08 21 0d ff 00,"<G0001>
<CTRL:12><CTRL:00><G0041>P・MPが全回復した
<G0001>","<G0001>
<CTRL:12><CTRL:00>HP·MP가 모두 회복됐다
<G0001>",41 08 12 00 61 69 48 66 69 6A 20 D2 AA 20 EC 20 F0 3B F8 92 08 41 0D FF 00,,"[{""offset"": -5, ""raw_hex"": ""80 0e 00 00 00"", ""kind"": ""MESSAGE_HEADER"", ""opcode"": 128, ""argument"": 0}, {""offset"": 1, ""raw_hex"": ""08"", ""kind"": ""LINE_BREAK""}, {""offset"": 2, ""raw_hex"": ""12"", ""kind"": ""UNKNOWN_CONTROL""}, {""offset"": 3, ""raw_hex"": ""00"", ""kind"": ""UNKNOWN_CONTROL""}, {""offset"": 18, ""raw_hex"": ""08"", ""kind"": ""LINE_BREAK""}, {""offset"": 20, ""raw_hex"": ""0d ff 00"", ""kind"": ""MESSAGE_END""}]",REVIEW_1,NO,필드 안내 런타임 신고 및 0x4000/0x6000 전수 조사 반영.,PROVEN: scenario field/tutorial message; member_type=0x6000.
FIELD_RESOURCE_00420200_R00740000_M6000_0002,SCENARIO,field_resource_message,DATA/00420200.MDZ,DATA/00420200.MDT,0x00740000,00420200,236,0x005339ff,0x005339fa,21 08 12 00 61 69 48 66 69 7f 9b f1 5f f0 d6 f0 8a 92 08 21 0d ff 00,"<G0001>
<CTRL:12><CTRL:00><G0041>P・MPが全回復した
<G0001>","<G0001>
<CTRL:12><CTRL:00>HP·MP가 모두 회복됐다
<G0001>",41 08 12 00 61 69 48 66 69 6A 20 D2 AA 20 EC 20 F0 3B F8 92 08 41 0D FF 00,,"[{""offset"": -5, ""raw_hex"": ""80 0e 00 00 00"", ""kind"": ""MESSAGE_HEADER"", ""opcode"": 128, ""argument"": 0}, {""offset"": 1, ""raw_hex"": ""08"", ""kind"": ""LINE_BREAK""}, {""offset"": 2, ""raw_hex"": ""12"", ""kind"": ""UNKNOWN_CONTROL""}, {""offset"": 3, ""raw_hex"": ""00"", ""kind"": ""UNKNOWN_CONTROL""}, {""offset"": 18, ""raw_hex"": ""08"", ""kind"": ""LINE_BREAK""}, {""offset"": 20, ""raw_hex"": ""0d ff 00"", ""kind"": ""MESSAGE_END""}]",REVIEW_1,NO,필드 안내 런타임 신고 및 0x4000/0x6000 전수 조사 반영.,PROVEN: scenario field/tutorial message; member_type=0x6000.
FIELD_RESOURCE_00420300_R00740000_M6000_0001,SCENARIO,field_resource_message,DATA/00420300.MDZ,DATA/00420300.MDT,0x00740000,00420300,237,0x004b2a2d,0x004b2a28,21 08 12 00 61 69 48 66 69 7f 9b f1 5f f0 d6 f0 8a 92 08 21 0d ff 00,"<G0001>
<CTRL:12><CTRL:00><G0041>P・MPが全回復した
<G0001>","<G0001>
<CTRL:12><CTRL:00>HP·MP가 모두 회복됐다
<G0001>",41 08 12 00 61 69 48 66 69 6A 20 D2 AA 20 EC 20 F0 3B F8 92 08 41 0D FF 00,,"[{""offset"": -5, ""raw_hex"": ""80 0e 00 00 00"", ""kind"": ""MESSAGE_HEADER"", ""opcode"": 128, ""argument"": 0}, {""offset"": 1, ""raw_hex"": ""08"", ""kind"": ""LINE_BREAK""}, {""offset"": 2, ""raw_hex"": ""12"", ""kind"": ""UNKNOWN_CONTROL""}, {""offset"": 3, ""raw_hex"": ""00"", ""kind"": ""UNKNOWN_CONTROL""}, {""offset"": 18, ""raw_hex"": ""08"", ""kind"": ""LINE_BREAK""}, {""offset"": 20, ""raw_hex"": ""0d ff 00"", ""kind"": ""MESSAGE_END""}]",REVIEW_1,NO,필드 안내 런타임 신고 및 0x4000/0x6000 전수 조사 반영.,PROVEN: scenario field/tutorial message; member_type=0x6000.
FIELD_RESOURCE_00420300_R00740000_M6000_0002,SCENARIO,field_resource_message,DATA/00420300.MDZ,DATA/00420300.MDT,0x00740000,00420300,238,0x004b2aff,0x004b2afa,21 08 12 00 61 69 48 66 69 7f 9b f1 5f f0 d6 f0 8a 92 08 21 0d ff 00,"<G0001>
<CTRL:12><CTRL:00><G0041>P・MPが全回復した
<G0001>","<G0001>
<CTRL:12><CTRL:00>HP·MP가 모두 회복됐다
<G0001>",41 08 12 00 61 69 48 66 69 6A 20 D2 AA 20 EC 20 F0 3B F8 92 08 41 0D FF 00,,"[{""offset"": -5, ""raw_hex"": ""80 0e 00 00 00"", ""kind"": ""MESSAGE_HEADER"", ""opcode"": 128, ""argument"": 0}, {""offset"": 1, ""raw_hex"": ""08"", ""kind"": ""LINE_BREAK""}, {""offset"": 2, ""raw_hex"": ""12"", ""kind"": ""UNKNOWN_CONTROL""}, {""offset"": 3, ""raw_hex"": ""00"", ""kind"": ""UNKNOWN_CONTROL""}, {""offset"": 18, ""raw_hex"": ""08"", ""kind"": ""LINE_BREAK""}, {""offset"": 20, ""raw_hex"": ""0d ff 00"", ""kind"": ""MESSAGE_END""}]",REVIEW_1,NO,필드 안내 런타임 신고 및 0x4000/0x6000 전수 조사 반영.,PROVEN: scenario field/tutorial message; member_type=0x6000.
FIELD_RESOURCE_00420400_R00740000_M6000_0001,SCENARIO,field_resource_message,DATA/00420400.MDZ,DATA/00420400.MDT,0x00740000,00420400,239,0x0075832d,0x00758328,21 08 12 00 61 69 48 66 69 7f 9b f1 5f f0 d6 f0 8a 92 08 21 0d ff 00,"<G0001>
<CTRL:12><CTRL:00><G0041>P・MPが全回復した
<G0001>","<G0001>
<CTRL:12><CTRL:00>HP·MP가 모두 회복됐다
<G0001>",41 08 12 00 61 69 48 66 69 6A 20 D2 AA 20 EC 20 F0 3B F8 92 08 41 0D FF 00,,"[{""offset"": -5, ""raw_hex"": ""80 0e 00 00 00"", ""kind"": ""MESSAGE_HEADER"", ""opcode"": 128, ""argument"": 0}, {""offset"": 1, ""raw_hex"": ""08"", ""kind"": ""LINE_BREAK""}, {""offset"": 2, ""raw_hex"": ""12"", ""kind"": ""UNKNOWN_CONTROL""}, {""offset"": 3, ""raw_hex"": ""00"", ""kind"": ""UNKNOWN_CONTROL""}, {""offset"": 18, ""raw_hex"": ""08"", ""kind"": ""LINE_BREAK""}, {""offset"": 20, ""raw_hex"": ""0d ff 00"", ""kind"": ""MESSAGE_END""}]",REVIEW_1,NO,필드 안내 런타임 신고 및 0x4000/0x6000 전수 조사 반영.,PROVEN: scenario field/tutorial message; member_type=0x6000.
FIELD_RESOURCE_00420400_R00740000_M6000_0002,SCENARIO,field_resource_message,DATA/00420400.MDZ,DATA/00420400.MDT,0x00740000,00420400,240,0x007583ff,0x007583fa,21 08 12 00 61 69 48 66 69 7f 9b f1 5f f0 d6 f0 8a 92 08 21 0d ff 00,"<G0001>
<CTRL:12><CTRL:00><G0041>P・MPが全回復した
<G0001>","<G0001>
<CTRL:12><CTRL:00>HP·MP가 모두 회복됐다
<G0001>",41 08 12 00 61 69 48 66 69 6A 20 D2 AA 20 EC 20 F0 3B F8 92 08 41 0D FF 00,,"[{""offset"": -5, ""raw_hex"": ""80 0e 00 00 00"", ""kind"": ""MESSAGE_HEADER"", ""opcode"": 128, ""argument"": 0}, {""offset"": 1, ""raw_hex"": ""08"", ""kind"": ""LINE_BREAK""}, {""offset"": 2, ""raw_hex"": ""12"", ""kind"": ""UNKNOWN_CONTROL""}, {""offset"": 3, ""raw_hex"": ""00"", ""kind"": ""UNKNOWN_CONTROL""}, {""offset"": 18, ""raw_hex"": ""08"", ""kind"": ""LINE_BREAK""}, {""offset"": 20, ""raw_hex"": ""0d ff 00"", ""kind"": ""MESSAGE_END""}]",REVIEW_1,NO,필드 안내 런타임 신고 및 0x4000/0x6000 전수 조사 반영.,PROVEN: scenario field/tutorial message; member_type=0x6000.
FIELD_RESOURCE_00420500_R00740000_M6000_0001,SCENARIO,field_resource_message,DATA/00420500.MDZ,DATA/00420500.MDT,0x00740000,00420500,241,0x004226bd,0x004226b8,21 08 12 00 61 69 48 66 69 7f 9b f1 5f f0 d6 f0 8a 92 08 21 0d ff 00,"<G0001>
<CTRL:12><CTRL:00><G0041>P・MPが全回復した
<G0001>","<G0001>
<CTRL:12><CTRL:00>HP·MP가 모두 회복됐다
<G0001>",41 08 12 00 61 69 48 66 69 6A 20 D2 AA 20 EC 20 F0 3B F8 92 08 41 0D FF 00,,"[{""offset"": -5, ""raw_hex"": ""80 0e 00 00 00"", ""kind"": ""MESSAGE_HEADER"", ""opcode"": 128, ""argument"": 0}, {""offset"": 1, ""raw_hex"": ""08"", ""kind"": ""LINE_BREAK""}, {""offset"": 2, ""raw_hex"": ""12"", ""kind"": ""UNKNOWN_CONTROL""}, {""offset"": 3, ""raw_hex"": ""00"", ""kind"": ""UNKNOWN_CONTROL""}, {""offset"": 18, ""raw_hex"": ""08"", ""kind"": ""LINE_BREAK""}, {""offset"": 20, ""raw_hex"": ""0d ff 00"", ""kind"": ""MESSAGE_END""}]",REVIEW_1,NO,필드 안내 런타임 신고 및 0x4000/0x6000 전수 조사 반영.,PROVEN: scenario field/tutorial message; member_type=0x6000.
FIELD_RESOURCE_00420500_R00740000_M6000_0002,SCENARIO,field_resource_message,DATA/00420500.MDZ,DATA/00420500.MDT,0x00740000,00420500,242,0x0042278f,0x0042278a,21 08 12 00 61 69 48 66 69 7f 9b f1 5f f0 d6 f0 8a 92 08 21 0d ff 00,"<G0001>
<CTRL:12><CTRL:00><G0041>P・MPが全回復した
<G0001>","<G0001>
<CTRL:12><CTRL:00>HP·MP가 모두 회복됐다
<G0001>",41 08 12 00 61 69 48 66 69 6A 20 D2 AA 20 EC 20 F0 3B F8 92 08 41 0D FF 00,,"[{""offset"": -5, ""raw_hex"": ""80 0e 00 00 00"", ""kind"": ""MESSAGE_HEADER"", ""opcode"": 128, ""argument"": 0}, {""offset"": 1, ""raw_hex"": ""08"", ""kind"": ""LINE_BREAK""}, {""offset"": 2, ""raw_hex"": ""12"", ""kind"": ""UNKNOWN_CONTROL""}, {""offset"": 3, ""raw_hex"": ""00"", ""kind"": ""UNKNOWN_CONTROL""}, {""offset"": 18, ""raw_hex"": ""08"", ""kind"": ""LINE_BREAK""}, {""offset"": 20, ""raw_hex"": ""0d ff 00"", ""kind"": ""MESSAGE_END""}]",REVIEW_1,NO,필드 안내 런타임 신고 및 0x4000/0x6000 전수 조사 반영.,PROVEN: scenario field/tutorial message; member_type=0x6000.
FIELD_RESOURCE_00450000_R00740000_M6000_0001,SCENARIO,field_resource_message,DATA/00450000.MDZ,DATA/00450000.MDT,0x00740000,00450000,243,0x0071e46d,0x0071e468,21 08 12 00 61 69 48 66 69 7f 9b f1 5f f0 d6 f0 8a 92 08 21 0d ff 00,"<G0001>
<CTRL:12><CTRL:00><G0041>P・MPが全回復した
<G0001>","<G0001>
<CTRL:12><CTRL:00>HP·MP가 모두 회복됐다
<G0001>",41 08 12 00 61 69 48 66 69 6A 20 D2 AA 20 EC 20 F0 3B F8 92 08 41 0D FF 00,,"[{""offset"": -5, ""raw_hex"": ""80 0e 00 00 00"", ""kind"": ""MESSAGE_HEADER"", ""opcode"": 128, ""argument"": 0}, {""offset"": 1, ""raw_hex"": ""08"", ""kind"": ""LINE_BREAK""}, {""offset"": 2, ""raw_hex"": ""12"", ""kind"": ""UNKNOWN_CONTROL""}, {""offset"": 3, ""raw_hex"": ""00"", ""kind"": ""UNKNOWN_CONTROL""}, {""offset"": 18, ""raw_hex"": ""08"", ""kind"": ""LINE_BREAK""}, {""offset"": 20, ""raw_hex"": ""0d ff 00"", ""kind"": ""MESSAGE_END""}]",REVIEW_1,NO,필드 안내 런타임 신고 및 0x4000/0x6000 전수 조사 반영.,PROVEN: scenario field/tutorial message; member_type=0x6000.
FIELD_RESOURCE_00450000_R00740000_M6000_0002,SCENARIO,field_resource_message,DATA/00450000.MDZ,DATA/00450000.MDT,0x00740000,00450000,244,0x0071e53f,0x0071e53a,21 08 12 00 61 69 48 66 69 7f 9b f1 5f f0 d6 f0 8a 92 08 21 0d ff 00,"<G0001>
<CTRL:12><CTRL:00><G0041>P・MPが全回復した
<G0001>","<G0001>
<CTRL:12><CTRL:00>HP·MP가 모두 회복됐다
<G0001>",41 08 12 00 61 69 48 66 69 6A 20 D2 AA 20 EC 20 F0 3B F8 92 08 41 0D FF 00,,"[{""offset"": -5, ""raw_hex"": ""80 0e 00 00 00"", ""kind"": ""MESSAGE_HEADER"", ""opcode"": 128, ""argument"": 0}, {""offset"": 1, ""raw_hex"": ""08"", ""kind"": ""LINE_BREAK""}, {""offset"": 2, ""raw_hex"": ""12"", ""kind"": ""UNKNOWN_CONTROL""}, {""offset"": 3, ""raw_hex"": ""00"", ""kind"": ""UNKNOWN_CONTROL""}, {""offset"": 18, ""raw_hex"": ""08"", ""kind"": ""LINE_BREAK""}, {""offset"": 20, ""raw_hex"": ""0d ff 00"", ""kind"": ""MESSAGE_END""}]",REVIEW_1,NO,필드 안내 런타임 신고 및 0x4000/0x6000 전수 조사 반영.,PROVEN: scenario field/tutorial message; member_type=0x6000.
FIELD_RESOURCE_00450200_R00740000_M6000_0001,SCENARIO,field_resource_message,DATA/00450200.MDZ,DATA/00450200.MDT,0x00740000,00450200,245,0x002f6e0d,0x002f6e08,21 08 12 00 61 69 48 66 69 7f 9b f1 5f f0 d6 f0 8a 92 08 21 0d ff 00,"<G0001>
<CTRL:12><CTRL:00><G0041>P・MPが全回復した
<G0001>","<G0001>
<CTRL:12><CTRL:00>HP·MP가 모두 회복됐다
<G0001>",41 08 12 00 61 69 48 66 69 6A 20 D2 AA 20 EC 20 F0 3B F8 92 08 41 0D FF 00,,"[{""offset"": -5, ""raw_hex"": ""80 0e 00 00 00"", ""kind"": ""MESSAGE_HEADER"", ""opcode"": 128, ""argument"": 0}, {""offset"": 1, ""raw_hex"": ""08"", ""kind"": ""LINE_BREAK""}, {""offset"": 2, ""raw_hex"": ""12"", ""kind"": ""UNKNOWN_CONTROL""}, {""offset"": 3, ""raw_hex"": ""00"", ""kind"": ""UNKNOWN_CONTROL""}, {""offset"": 18, ""raw_hex"": ""08"", ""kind"": ""LINE_BREAK""}, {""offset"": 20, ""raw_hex"": ""0d ff 00"", ""kind"": ""MESSAGE_END""}]",REVIEW_1,NO,필드 안내 런타임 신고 및 0x4000/0x6000 전수 조사 반영.,PROVEN: scenario field/tutorial message; member_type=0x6000.
FIELD_RESOURCE_00450200_R00740000_M6000_0002,SCENARIO,field_resource_message,DATA/00450200.MDZ,DATA/00450200.MDT,0x00740000,00450200,246,0x002f6edf,0x002f6eda,21 08 12 00 61 69 48 66 69 7f 9b f1 5f f0 d6 f0 8a 92 08 21 0d ff 00,"<G0001>
<CTRL:12><CTRL:00><G0041>P・MPが全回復した
<G0001>","<G0001>
<CTRL:12><CTRL:00>HP·MP가 모두 회복됐다
<G0001>",41 08 12 00 61 69 48 66 69 6A 20 D2 AA 20 EC 20 F0 3B F8 92 08 41 0D FF 00,,"[{""offset"": -5, ""raw_hex"": ""80 0e 00 00 00"", ""kind"": ""MESSAGE_HEADER"", ""opcode"": 128, ""argument"": 0}, {""offset"": 1, ""raw_hex"": ""08"", ""kind"": ""LINE_BREAK""}, {""offset"": 2, ""raw_hex"": ""12"", ""kind"": ""UNKNOWN_CONTROL""}, {""offset"": 3, ""raw_hex"": ""00"", ""kind"": ""UNKNOWN_CONTROL""}, {""offset"": 18, ""raw_hex"": ""08"", ""kind"": ""LINE_BREAK""}, {""offset"": 20, ""raw_hex"": ""0d ff 00"", ""kind"": ""MESSAGE_END""}]",REVIEW_1,NO,필드 안내 런타임 신고 및 0x4000/0x6000 전수 조사 반영.,PROVEN: scenario field/tutorial message; member_type=0x6000.
FIELD_RESOURCE_00450300_R00740000_M6000_0001,SCENARIO,field_resource_message,DATA/00450300.MDZ,DATA/00450300.MDT,0x00740000,00450300,247,0x002ca43d,0x002ca438,21 08 12 00 61 69 48 66 69 7f 9b f1 5f f0 d6 f0 8a 92 08 21 0d ff 00,"<G0001>
<CTRL:12><CTRL:00><G0041>P・MPが全回復した
<G0001>","<G0001>
<CTRL:12><CTRL:00>HP·MP가 모두 회복됐다
<G0001>",41 08 12 00 61 69 48 66 69 6A 20 D2 AA 20 EC 20 F0 3B F8 92 08 41 0D FF 00,,"[{""offset"": -5, ""raw_hex"": ""80 0e 00 00 00"", ""kind"": ""MESSAGE_HEADER"", ""opcode"": 128, ""argument"": 0}, {""offset"": 1, ""raw_hex"": ""08"", ""kind"": ""LINE_BREAK""}, {""offset"": 2, ""raw_hex"": ""12"", ""kind"": ""UNKNOWN_CONTROL""}, {""offset"": 3, ""raw_hex"": ""00"", ""kind"": ""UNKNOWN_CONTROL""}, {""offset"": 18, ""raw_hex"": ""08"", ""kind"": ""LINE_BREAK""}, {""offset"": 20, ""raw_hex"": ""0d ff 00"", ""kind"": ""MESSAGE_END""}]",REVIEW_1,NO,필드 안내 런타임 신고 및 0x4000/0x6000 전수 조사 반영.,PROVEN: scenario field/tutorial message; member_type=0x6000.
FIELD_RESOURCE_00450300_R00740000_M6000_0002,SCENARIO,field_resource_message,DATA/00450300.MDZ,DATA/00450300.MDT,0x00740000,00450300,248,0x002ca50f,0x002ca50a,21 08 12 00 61 69 48 66 69 7f 9b f1 5f f0 d6 f0 8a 92 08 21 0d ff 00,"<G0001>
<CTRL:12><CTRL:00><G0041>P・MPが全回復した
<G0001>","<G0001>
<CTRL:12><CTRL:00>HP·MP가 모두 회복됐다
<G0001>",41 08 12 00 61 69 48 66 69 6A 20 D2 AA 20 EC 20 F0 3B F8 92 08 41 0D FF 00,,"[{""offset"": -5, ""raw_hex"": ""80 0e 00 00 00"", ""kind"": ""MESSAGE_HEADER"", ""opcode"": 128, ""argument"": 0}, {""offset"": 1, ""raw_hex"": ""08"", ""kind"": ""LINE_BREAK""}, {""offset"": 2, ""raw_hex"": ""12"", ""kind"": ""UNKNOWN_CONTROL""}, {""offset"": 3, ""raw_hex"": ""00"", ""kind"": ""UNKNOWN_CONTROL""}, {""offset"": 18, ""raw_hex"": ""08"", ""kind"": ""LINE_BREAK""}, {""offset"": 20, ""raw_hex"": ""0d ff 00"", ""kind"": ""MESSAGE_END""}]",REVIEW_1,NO,필드 안내 런타임 신고 및 0x4000/0x6000 전수 조사 반영.,PROVEN: scenario field/tutorial message; member_type=0x6000.
FIELD_RESOURCE_00450400_R00740000_M6000_0001,SCENARIO,field_resource_message,DATA/00450400.MDZ,DATA/00450400.MDT,0x00740000,00450400,249,0x00337dbd,0x00337db8,21 08 12 00 61 69 48 66 69 7f 9b f1 5f f0 d6 f0 8a 92 08 21 0d ff 00,"<G0001>
<CTRL:12><CTRL:00><G0041>P・MPが全回復した
<G0001>","<G0001>
<CTRL:12><CTRL:00>HP·MP가 모두 회복됐다
<G0001>",41 08 12 00 61 69 48 66 69 6A 20 D2 AA 20 EC 20 F0 3B F8 92 08 41 0D FF 00,,"[{""offset"": -5, ""raw_hex"": ""80 0e 00 00 00"", ""kind"": ""MESSAGE_HEADER"", ""opcode"": 128, ""argument"": 0}, {""offset"": 1, ""raw_hex"": ""08"", ""kind"": ""LINE_BREAK""}, {""offset"": 2, ""raw_hex"": ""12"", ""kind"": ""UNKNOWN_CONTROL""}, {""offset"": 3, ""raw_hex"": ""00"", ""kind"": ""UNKNOWN_CONTROL""}, {""offset"": 18, ""raw_hex"": ""08"", ""kind"": ""LINE_BREAK""}, {""offset"": 20, ""raw_hex"": ""0d ff 00"", ""kind"": ""MESSAGE_END""}]",REVIEW_1,NO,필드 안내 런타임 신고 및 0x4000/0x6000 전수 조사 반영.,PROVEN: scenario field/tutorial message; member_type=0x6000.
FIELD_RESOURCE_00450400_R00740000_M6000_0002,SCENARIO,field_resource_message,DATA/00450400.MDZ,DATA/00450400.MDT,0x00740000,00450400,250,0x00337e8f,0x00337e8a,21 08 12 00 61 69 48 66 69 7f 9b f1 5f f0 d6 f0 8a 92 08 21 0d ff 00,"<G0001>
<CTRL:12><CTRL:00><G0041>P・MPが全回復した
<G0001>","<G0001>
<CTRL:12><CTRL:00>HP·MP가 모두 회복됐다
<G0001>",41 08 12 00 61 69 48 66 69 6A 20 D2 AA 20 EC 20 F0 3B F8 92 08 41 0D FF 00,,"[{""offset"": -5, ""raw_hex"": ""80 0e 00 00 00"", ""kind"": ""MESSAGE_HEADER"", ""opcode"": 128, ""argument"": 0}, {""offset"": 1, ""raw_hex"": ""08"", ""kind"": ""LINE_BREAK""}, {""offset"": 2, ""raw_hex"": ""12"", ""kind"": ""UNKNOWN_CONTROL""}, {""offset"": 3, ""raw_hex"": ""00"", ""kind"": ""UNKNOWN_CONTROL""}, {""offset"": 18, ""raw_hex"": ""08"", ""kind"": ""LINE_BREAK""}, {""offset"": 20, ""raw_hex"": ""0d ff 00"", ""kind"": ""MESSAGE_END""}]",REVIEW_1,NO,필드 안내 런타임 신고 및 0x4000/0x6000 전수 조사 반영.,PROVEN: scenario field/tutorial message; member_type=0x6000.
FIELD_RESOURCE_00450500_R00740000_M6000_0001,SCENARIO,field_resource_message,DATA/00450500.MDZ,DATA/00450500.MDT,0x00740000,00450500,251,0x002a513d,0x002a5138,21 08 12 00 61 69 48 66 69 7f 9b f1 5f f0 d6 f0 8a 92 08 21 0d ff 00,"<G0001>
<CTRL:12><CTRL:00><G0041>P・MPが全回復した
<G0001>","<G0001>
<CTRL:12><CTRL:00>HP·MP가 모두 회복됐다
<G0001>",41 08 12 00 61 69 48 66 69 6A 20 D2 AA 20 EC 20 F0 3B F8 92 08 41 0D FF 00,,"[{""offset"": -5, ""raw_hex"": ""80 0e 00 00 00"", ""kind"": ""MESSAGE_HEADER"", ""opcode"": 128, ""argument"": 0}, {""offset"": 1, ""raw_hex"": ""08"", ""kind"": ""LINE_BREAK""}, {""offset"": 2, ""raw_hex"": ""12"", ""kind"": ""UNKNOWN_CONTROL""}, {""offset"": 3, ""raw_hex"": ""00"", ""kind"": ""UNKNOWN_CONTROL""}, {""offset"": 18, ""raw_hex"": ""08"", ""kind"": ""LINE_BREAK""}, {""offset"": 20, ""raw_hex"": ""0d ff 00"", ""kind"": ""MESSAGE_END""}]",REVIEW_1,NO,필드 안내 런타임 신고 및 0x4000/0x6000 전수 조사 반영.,PROVEN: scenario field/tutorial message; member_type=0x6000.
FIELD_RESOURCE_00450500_R00740000_M6000_0002,SCENARIO,field_resource_message,DATA/00450500.MDZ,DATA/00450500.MDT,0x00740000,00450500,252,0x002a520f,0x002a520a,21 08 12 00 61 69 48 66 69 7f 9b f1 5f f0 d6 f0 8a 92 08 21 0d ff 00,"<G0001>
<CTRL:12><CTRL:00><G0041>P・MPが全回復した
<G0001>","<G0001>
<CTRL:12><CTRL:00>HP·MP가 모두 회복됐다
<G0001>",41 08 12 00 61 69 48 66 69 6A 20 D2 AA 20 EC 20 F0 3B F8 92 08 41 0D FF 00,,"[{""offset"": -5, ""raw_hex"": ""80 0e 00 00 00"", ""kind"": ""MESSAGE_HEADER"", ""opcode"": 128, ""argument"": 0}, {""offset"": 1, ""raw_hex"": ""08"", ""kind"": ""LINE_BREAK""}, {""offset"": 2, ""raw_hex"": ""12"", ""kind"": ""UNKNOWN_CONTROL""}, {""offset"": 3, ""raw_hex"": ""00"", ""kind"": ""UNKNOWN_CONTROL""}, {""offset"": 18, ""raw_hex"": ""08"", ""kind"": ""LINE_BREAK""}, {""offset"": 20, ""raw_hex"": ""0d ff 00"", ""kind"": ""MESSAGE_END""}]",REVIEW_1,NO,필드 안내 런타임 신고 및 0x4000/0x6000 전수 조사 반영.,PROVEN: scenario field/tutorial message; member_type=0x6000.
FIELD_RESOURCE_00450600_R00740000_M6000_0001,SCENARIO,field_resource_message,DATA/00450600.MDZ,DATA/00450600.MDT,0x00740000,00450600,253,0x002129bd,0x002129b8,21 08 12 00 61 69 48 66 69 7f 9b f1 5f f0 d6 f0 8a 92 08 21 0d ff 00,"<G0001>
<CTRL:12><CTRL:00><G0041>P・MPが全回復した
<G0001>","<G0001>
<CTRL:12><CTRL:00>HP·MP가 모두 회복됐다
<G0001>",41 08 12 00 61 69 48 66 69 6A 20 D2 AA 20 EC 20 F0 3B F8 92 08 41 0D FF 00,,"[{""offset"": -5, ""raw_hex"": ""80 0e 00 00 00"", ""kind"": ""MESSAGE_HEADER"", ""opcode"": 128, ""argument"": 0}, {""offset"": 1, ""raw_hex"": ""08"", ""kind"": ""LINE_BREAK""}, {""offset"": 2, ""raw_hex"": ""12"", ""kind"": ""UNKNOWN_CONTROL""}, {""offset"": 3, ""raw_hex"": ""00"", ""kind"": ""UNKNOWN_CONTROL""}, {""offset"": 18, ""raw_hex"": ""08"", ""kind"": ""LINE_BREAK""}, {""offset"": 20, ""raw_hex"": ""0d ff 00"", ""kind"": ""MESSAGE_END""}]",REVIEW_1,NO,필드 안내 런타임 신고 및 0x4000/0x6000 전수 조사 반영.,PROVEN: scenario field/tutorial message; member_type=0x6000.
FIELD_RESOURCE_00450600_R00740000_M6000_0002,SCENARIO,field_resource_message,DATA/00450600.MDZ,DATA/00450600.MDT,0x00740000,00450600,254,0x00212a8f,0x00212a8a,21 08 12 00 61 69 48 66 69 7f 9b f1 5f f0 d6 f0 8a 92 08 21 0d ff 00,"<G0001>
<CTRL:12><CTRL:00><G0041>P・MPが全回復した
<G0001>","<G0001>
<CTRL:12><CTRL:00>HP·MP가 모두 회복됐다
<G0001>",41 08 12 00 61 69 48 66 69 6A 20 D2 AA 20 EC 20 F0 3B F8 92 08 41 0D FF 00,,"[{""offset"": -5, ""raw_hex"": ""80 0e 00 00 00"", ""kind"": ""MESSAGE_HEADER"", ""opcode"": 128, ""argument"": 0}, {""offset"": 1, ""raw_hex"": ""08"", ""kind"": ""LINE_BREAK""}, {""offset"": 2, ""raw_hex"": ""12"", ""kind"": ""UNKNOWN_CONTROL""}, {""offset"": 3, ""raw_hex"": ""00"", ""kind"": ""UNKNOWN_CONTROL""}, {""offset"": 18, ""raw_hex"": ""08"", ""kind"": ""LINE_BREAK""}, {""offset"": 20, ""raw_hex"": ""0d ff 00"", ""kind"": ""MESSAGE_END""}]",REVIEW_1,NO,필드 안내 런타임 신고 및 0x4000/0x6000 전수 조사 반영.,PROVEN: scenario field/tutorial message; member_type=0x6000.
FIELD_RESOURCE_00450700_R00740000_M6000_0001,SCENARIO,field_resource_message,DATA/00450700.MDZ,DATA/00450700.MDT,0x00740000,00450700,255,0x001c1cbd,0x001c1cb8,21 08 12 00 61 69 48 66 69 7f 9b f1 5f f0 d6 f0 8a 92 08 21 0d ff 00,"<G0001>
<CTRL:12><CTRL:00><G0041>P・MPが全回復した
<G0001>","<G0001>
<CTRL:12><CTRL:00>HP·MP가 모두 회복됐다
<G0001>",41 08 12 00 61 69 48 66 69 6A 20 D2 AA 20 EC 20 F0 3B F8 92 08 41 0D FF 00,,"[{""offset"": -5, ""raw_hex"": ""80 0e 00 00 00"", ""kind"": ""MESSAGE_HEADER"", ""opcode"": 128, ""argument"": 0}, {""offset"": 1, ""raw_hex"": ""08"", ""kind"": ""LINE_BREAK""}, {""offset"": 2, ""raw_hex"": ""12"", ""kind"": ""UNKNOWN_CONTROL""}, {""offset"": 3, ""raw_hex"": ""00"", ""kind"": ""UNKNOWN_CONTROL""}, {""offset"": 18, ""raw_hex"": ""08"", ""kind"": ""LINE_BREAK""}, {""offset"": 20, ""raw_hex"": ""0d ff 00"", ""kind"": ""MESSAGE_END""}]",REVIEW_1,NO,필드 안내 런타임 신고 및 0x4000/0x6000 전수 조사 반영.,PROVEN: scenario field/tutorial message; member_type=0x6000.
FIELD_RESOURCE_00450700_R00740000_M6000_0002,SCENARIO,field_resource_message,DATA/00450700.MDZ,DATA/00450700.MDT,0x00740000,00450700,256,0x001c1d8f,0x001c1d8a,21 08 12 00 61 69 48 66 69 7f 9b f1 5f f0 d6 f0 8a 92 08 21 0d ff 00,"<G0001>
<CTRL:12><CTRL:00><G0041>P・MPが全回復した
<G0001>","<G0001>
<CTRL:12><CTRL:00>HP·MP가 모두 회복됐다
<G0001>",41 08 12 00 61 69 48 66 69 6A 20 D2 AA 20 EC 20 F0 3B F8 92 08 41 0D FF 00,,"[{""offset"": -5, ""raw_hex"": ""80 0e 00 00 00"", ""kind"": ""MESSAGE_HEADER"", ""opcode"": 128, ""argument"": 0}, {""offset"": 1, ""raw_hex"": ""08"", ""kind"": ""LINE_BREAK""}, {""offset"": 2, ""raw_hex"": ""12"", ""kind"": ""UNKNOWN_CONTROL""}, {""offset"": 3, ""raw_hex"": ""00"", ""kind"": ""UNKNOWN_CONTROL""}, {""offset"": 18, ""raw_hex"": ""08"", ""kind"": ""LINE_BREAK""}, {""offset"": 20, ""raw_hex"": ""0d ff 00"", ""kind"": ""MESSAGE_END""}]",REVIEW_1,NO,필드 안내 런타임 신고 및 0x4000/0x6000 전수 조사 반영.,PROVEN: scenario field/tutorial message; member_type=0x6000.
FIELD_RESOURCE_00450800_R00740000_M6000_0001,SCENARIO,field_resource_message,DATA/00450800.MDZ,DATA/00450800.MDT,0x00740000,00450800,257,0x002ad3bd,0x002ad3b8,21 08 12 00 61 69 48 66 69 7f 9b f1 5f f0 d6 f0 8a 92 08 21 0d ff 00,"<G0001>
<CTRL:12><CTRL:00><G0041>P・MPが全回復した
<G0001>","<G0001>
<CTRL:12><CTRL:00>HP·MP가 모두 회복됐다
<G0001>",41 08 12 00 61 69 48 66 69 6A 20 D2 AA 20 EC 20 F0 3B F8 92 08 41 0D FF 00,,"[{""offset"": -5, ""raw_hex"": ""80 0e 00 00 00"", ""kind"": ""MESSAGE_HEADER"", ""opcode"": 128, ""argument"": 0}, {""offset"": 1, ""raw_hex"": ""08"", ""kind"": ""LINE_BREAK""}, {""offset"": 2, ""raw_hex"": ""12"", ""kind"": ""UNKNOWN_CONTROL""}, {""offset"": 3, ""raw_hex"": ""00"", ""kind"": ""UNKNOWN_CONTROL""}, {""offset"": 18, ""raw_hex"": ""08"", ""kind"": ""LINE_BREAK""}, {""offset"": 20, ""raw_hex"": ""0d ff 00"", ""kind"": ""MESSAGE_END""}]",REVIEW_1,NO,필드 안내 런타임 신고 및 0x4000/0x6000 전수 조사 반영.,PROVEN: scenario field/tutorial message; member_type=0x6000.
FIELD_RESOURCE_00450800_R00740000_M6000_0002,SCENARIO,field_resource_message,DATA/00450800.MDZ,DATA/00450800.MDT,0x00740000,00450800,258,0x002ad48f,0x002ad48a,21 08 12 00 61 69 48 66 69 7f 9b f1 5f f0 d6 f0 8a 92 08 21 0d ff 00,"<G0001>
<CTRL:12><CTRL:00><G0041>P・MPが全回復した
<G0001>","<G0001>
<CTRL:12><CTRL:00>HP·MP가 모두 회복됐다
<G0001>",41 08 12 00 61 69 48 66 69 6A 20 D2 AA 20 EC 20 F0 3B F8 92 08 41 0D FF 00,,"[{""offset"": -5, ""raw_hex"": ""80 0e 00 00 00"", ""kind"": ""MESSAGE_HEADER"", ""opcode"": 128, ""argument"": 0}, {""offset"": 1, ""raw_hex"": ""08"", ""kind"": ""LINE_BREAK""}, {""offset"": 2, ""raw_hex"": ""12"", ""kind"": ""UNKNOWN_CONTROL""}, {""offset"": 3, ""raw_hex"": ""00"", ""kind"": ""UNKNOWN_CONTROL""}, {""offset"": 18, ""raw_hex"": ""08"", ""kind"": ""LINE_BREAK""}, {""offset"": 20, ""raw_hex"": ""0d ff 00"", ""kind"": ""MESSAGE_END""}]",REVIEW_1,NO,필드 안내 런타임 신고 및 0x4000/0x6000 전수 조사 반영.,PROVEN: scenario field/tutorial message; member_type=0x6000.
FIELD_RESOURCE_00450900_R00740000_M6000_0001,SCENARIO,field_resource_message,DATA/00450900.MDZ,DATA/00450900.MDT,0x00740000,00450900,259,0x002fcc5d,0x002fcc58,21 08 12 00 61 69 48 66 69 7f 9b f1 5f f0 d6 f0 8a 92 08 21 0d ff 00,"<G0001>
<CTRL:12><CTRL:00><G0041>P・MPが全回復した
<G0001>","<G0001>
<CTRL:12><CTRL:00>HP·MP가 모두 회복됐다
<G0001>",41 08 12 00 61 69 48 66 69 6A 20 D2 AA 20 EC 20 F0 3B F8 92 08 41 0D FF 00,,"[{""offset"": -5, ""raw_hex"": ""80 0e 00 00 00"", ""kind"": ""MESSAGE_HEADER"", ""opcode"": 128, ""argument"": 0}, {""offset"": 1, ""raw_hex"": ""08"", ""kind"": ""LINE_BREAK""}, {""offset"": 2, ""raw_hex"": ""12"", ""kind"": ""UNKNOWN_CONTROL""}, {""offset"": 3, ""raw_hex"": ""00"", ""kind"": ""UNKNOWN_CONTROL""}, {""offset"": 18, ""raw_hex"": ""08"", ""kind"": ""LINE_BREAK""}, {""offset"": 20, ""raw_hex"": ""0d ff 00"", ""kind"": ""MESSAGE_END""}]",REVIEW_1,NO,필드 안내 런타임 신고 및 0x4000/0x6000 전수 조사 반영.,PROVEN: scenario field/tutorial message; member_type=0x6000.
FIELD_RESOURCE_00450900_R00740000_M6000_0002,SCENARIO,field_resource_message,DATA/00450900.MDZ,DATA/00450900.MDT,0x00740000,00450900,260,0x002fcd2f,0x002fcd2a,21 08 12 00 61 69 48 66 69 7f 9b f1 5f f0 d6 f0 8a 92 08 21 0d ff 00,"<G0001>
<CTRL:12><CTRL:00><G0041>P・MPが全回復した
<G0001>","<G0001>
<CTRL:12><CTRL:00>HP·MP가 모두 회복됐다
<G0001>",41 08 12 00 61 69 48 66 69 6A 20 D2 AA 20 EC 20 F0 3B F8 92 08 41 0D FF 00,,"[{""offset"": -5, ""raw_hex"": ""80 0e 00 00 00"", ""kind"": ""MESSAGE_HEADER"", ""opcode"": 128, ""argument"": 0}, {""offset"": 1, ""raw_hex"": ""08"", ""kind"": ""LINE_BREAK""}, {""offset"": 2, ""raw_hex"": ""12"", ""kind"": ""UNKNOWN_CONTROL""}, {""offset"": 3, ""raw_hex"": ""00"", ""kind"": ""UNKNOWN_CONTROL""}, {""offset"": 18, ""raw_hex"": ""08"", ""kind"": ""LINE_BREAK""}, {""offset"": 20, ""raw_hex"": ""0d ff 00"", ""kind"": ""MESSAGE_END""}]",REVIEW_1,NO,필드 안내 런타임 신고 및 0x4000/0x6000 전수 조사 반영.,PROVEN: scenario field/tutorial message; member_type=0x6000.
FIELD_RESOURCE_00480000_R00740000_M6000_0001,SCENARIO,field_resource_message,DATA/00480000.MDZ,DATA/00480000.MDT,0x00740000,00480000,261,0x00326cdd,0x00326cd8,21 08 12 00 61 69 48 66 69 7f 9b f1 5f f0 d6 f0 8a 92 08 21 0d ff 00,"<G0001>
<CTRL:12><CTRL:00><G0041>P・MPが全回復した
<G0001>","<G0001>
<CTRL:12><CTRL:00>HP·MP가 모두 회복됐다
<G0001>",41 08 12 00 61 69 48 66 69 6A 20 D2 AA 20 EC 20 F0 3B F8 92 08 41 0D FF 00,,"[{""offset"": -5, ""raw_hex"": ""80 0e 00 00 00"", ""kind"": ""MESSAGE_HEADER"", ""opcode"": 128, ""argument"": 0}, {""offset"": 1, ""raw_hex"": ""08"", ""kind"": ""LINE_BREAK""}, {""offset"": 2, ""raw_hex"": ""12"", ""kind"": ""UNKNOWN_CONTROL""}, {""offset"": 3, ""raw_hex"": ""00"", ""kind"": ""UNKNOWN_CONTROL""}, {""offset"": 18, ""raw_hex"": ""08"", ""kind"": ""LINE_BREAK""}, {""offset"": 20, ""raw_hex"": ""0d ff 00"", ""kind"": ""MESSAGE_END""}]",REVIEW_1,NO,필드 안내 런타임 신고 및 0x4000/0x6000 전수 조사 반영.,PROVEN: scenario field/tutorial message; member_type=0x6000.
FIELD_RESOURCE_00480000_R00740000_M6000_0002,SCENARIO,field_resource_message,DATA/00480000.MDZ,DATA/00480000.MDT,0x00740000,00480000,262,0x00326daf,0x00326daa,21 08 12 00 61 69 48 66 69 7f 9b f1 5f f0 d6 f0 8a 92 08 21 0d ff 00,"<G0001>
<CTRL:12><CTRL:00><G0041>P・MPが全回復した
<G0001>","<G0001>
<CTRL:12><CTRL:00>HP·MP가 모두 회복됐다
<G0001>",41 08 12 00 61 69 48 66 69 6A 20 D2 AA 20 EC 20 F0 3B F8 92 08 41 0D FF 00,,"[{""offset"": -5, ""raw_hex"": ""80 0e 00 00 00"", ""kind"": ""MESSAGE_HEADER"", ""opcode"": 128, ""argument"": 0}, {""offset"": 1, ""raw_hex"": ""08"", ""kind"": ""LINE_BREAK""}, {""offset"": 2, ""raw_hex"": ""12"", ""kind"": ""UNKNOWN_CONTROL""}, {""offset"": 3, ""raw_hex"": ""00"", ""kind"": ""UNKNOWN_CONTROL""}, {""offset"": 18, ""raw_hex"": ""08"", ""kind"": ""LINE_BREAK""}, {""offset"": 20, ""raw_hex"": ""0d ff 00"", ""kind"": ""MESSAGE_END""}]",REVIEW_1,NO,필드 안내 런타임 신고 및 0x4000/0x6000 전수 조사 반영.,PROVEN: scenario field/tutorial message; member_type=0x6000.
FIELD_RESOURCE_00480200_R00740000_M6000_0001,SCENARIO,field_resource_message,DATA/00480200.MDZ,DATA/00480200.MDT,0x00740000,00480200,263,0x004c275d,0x004c2758,21 08 12 00 61 69 48 66 69 7f 9b f1 5f f0 d6 f0 8a 92 08 21 0d ff 00,"<G0001>
<CTRL:12><CTRL:00><G0041>P・MPが全回復した
<G0001>","<G0001>
<CTRL:12><CTRL:00>HP·MP가 모두 회복됐다
<G0001>",41 08 12 00 61 69 48 66 69 6A 20 D2 AA 20 EC 20 F0 3B F8 92 08 41 0D FF 00,,"[{""offset"": -5, ""raw_hex"": ""80 0e 00 00 00"", ""kind"": ""MESSAGE_HEADER"", ""opcode"": 128, ""argument"": 0}, {""offset"": 1, ""raw_hex"": ""08"", ""kind"": ""LINE_BREAK""}, {""offset"": 2, ""raw_hex"": ""12"", ""kind"": ""UNKNOWN_CONTROL""}, {""offset"": 3, ""raw_hex"": ""00"", ""kind"": ""UNKNOWN_CONTROL""}, {""offset"": 18, ""raw_hex"": ""08"", ""kind"": ""LINE_BREAK""}, {""offset"": 20, ""raw_hex"": ""0d ff 00"", ""kind"": ""MESSAGE_END""}]",REVIEW_1,NO,필드 안내 런타임 신고 및 0x4000/0x6000 전수 조사 반영.,PROVEN: scenario field/tutorial message; member_type=0x6000.
FIELD_RESOURCE_00480200_R00740000_M6000_0002,SCENARIO,field_resource_message,DATA/00480200.MDZ,DATA/00480200.MDT,0x00740000,00480200,264,0x004c282f,0x004c282a,21 08 12 00 61 69 48 66 69 7f 9b f1 5f f0 d6 f0 8a 92 08 21 0d ff 00,"<G0001>
<CTRL:12><CTRL:00><G0041>P・MPが全回復した
<G0001>","<G0001>
<CTRL:12><CTRL:00>HP·MP가 모두 회복됐다
<G0001>",41 08 12 00 61 69 48 66 69 6A 20 D2 AA 20 EC 20 F0 3B F8 92 08 41 0D FF 00,,"[{""offset"": -5, ""raw_hex"": ""80 0e 00 00 00"", ""kind"": ""MESSAGE_HEADER"", ""opcode"": 128, ""argument"": 0}, {""offset"": 1, ""raw_hex"": ""08"", ""kind"": ""LINE_BREAK""}, {""offset"": 2, ""raw_hex"": ""12"", ""kind"": ""UNKNOWN_CONTROL""}, {""offset"": 3, ""raw_hex"": ""00"", ""kind"": ""UNKNOWN_CONTROL""}, {""offset"": 18, ""raw_hex"": ""08"", ""kind"": ""LINE_BREAK""}, {""offset"": 20, ""raw_hex"": ""0d ff 00"", ""kind"": ""MESSAGE_END""}]",REVIEW_1,NO,필드 안내 런타임 신고 및 0x4000/0x6000 전수 조사 반영.,PROVEN: scenario field/tutorial message; member_type=0x6000.
FIELD_RESOURCE_00480300_R00740000_M6000_0001,SCENARIO,field_resource_message,DATA/00480300.MDZ,DATA/00480300.MDT,0x00740000,00480300,265,0x003611ed,0x003611e8,21 08 12 00 61 69 48 66 69 7f 9b f1 5f f0 d6 f0 8a 92 08 21 0d ff 00,"<G0001>
<CTRL:12><CTRL:00><G0041>P・MPが全回復した
<G0001>","<G0001>
<CTRL:12><CTRL:00>HP·MP가 모두 회복됐다
<G0001>",41 08 12 00 61 69 48 66 69 6A 20 D2 AA 20 EC 20 F0 3B F8 92 08 41 0D FF 00,,"[{""offset"": -5, ""raw_hex"": ""80 0e 00 00 00"", ""kind"": ""MESSAGE_HEADER"", ""opcode"": 128, ""argument"": 0}, {""offset"": 1, ""raw_hex"": ""08"", ""kind"": ""LINE_BREAK""}, {""offset"": 2, ""raw_hex"": ""12"", ""kind"": ""UNKNOWN_CONTROL""}, {""offset"": 3, ""raw_hex"": ""00"", ""kind"": ""UNKNOWN_CONTROL""}, {""offset"": 18, ""raw_hex"": ""08"", ""kind"": ""LINE_BREAK""}, {""offset"": 20, ""raw_hex"": ""0d ff 00"", ""kind"": ""MESSAGE_END""}]",REVIEW_1,NO,필드 안내 런타임 신고 및 0x4000/0x6000 전수 조사 반영.,PROVEN: scenario field/tutorial message; member_type=0x6000.
FIELD_RESOURCE_00480300_R00740000_M6000_0002,SCENARIO,field_resource_message,DATA/00480300.MDZ,DATA/00480300.MDT,0x00740000,00480300,266,0x003612bf,0x003612ba,21 08 12 00 61 69 48 66 69 7f 9b f1 5f f0 d6 f0 8a 92 08 21 0d ff 00,"<G0001>
<CTRL:12><CTRL:00><G0041>P・MPが全回復した
<G0001>","<G0001>
<CTRL:12><CTRL:00>HP·MP가 모두 회복됐다
<G0001>",41 08 12 00 61 69 48 66 69 6A 20 D2 AA 20 EC 20 F0 3B F8 92 08 41 0D FF 00,,"[{""offset"": -5, ""raw_hex"": ""80 0e 00 00 00"", ""kind"": ""MESSAGE_HEADER"", ""opcode"": 128, ""argument"": 0}, {""offset"": 1, ""raw_hex"": ""08"", ""kind"": ""LINE_BREAK""}, {""offset"": 2, ""raw_hex"": ""12"", ""kind"": ""UNKNOWN_CONTROL""}, {""offset"": 3, ""raw_hex"": ""00"", ""kind"": ""UNKNOWN_CONTROL""}, {""offset"": 18, ""raw_hex"": ""08"", ""kind"": ""LINE_BREAK""}, {""offset"": 20, ""raw_hex"": ""0d ff 00"", ""kind"": ""MESSAGE_END""}]",REVIEW_1,NO,필드 안내 런타임 신고 및 0x4000/0x6000 전수 조사 반영.,PROVEN: scenario field/tutorial message; member_type=0x6000.
FIELD_RESOURCE_00510000_R00740000_M6000_0001,SCENARIO,field_resource_message,DATA/00510000.MDZ,DATA/00510000.MDT,0x00740000,00510000,267,0x001d2dbd,0x001d2db8,21 08 12 00 61 69 48 66 69 7f 9b f1 5f f0 d6 f0 8a 92 08 21 0d ff 00,"<G0001>
<CTRL:12><CTRL:00><G0041>P・MPが全回復した
<G0001>","<G0001>
<CTRL:12><CTRL:00>HP·MP가 모두 회복됐다
<G0001>",41 08 12 00 61 69 48 66 69 6A 20 D2 AA 20 EC 20 F0 3B F8 92 08 41 0D FF 00,,"[{""offset"": -5, ""raw_hex"": ""80 0e 00 00 00"", ""kind"": ""MESSAGE_HEADER"", ""opcode"": 128, ""argument"": 0}, {""offset"": 1, ""raw_hex"": ""08"", ""kind"": ""LINE_BREAK""}, {""offset"": 2, ""raw_hex"": ""12"", ""kind"": ""UNKNOWN_CONTROL""}, {""offset"": 3, ""raw_hex"": ""00"", ""kind"": ""UNKNOWN_CONTROL""}, {""offset"": 18, ""raw_hex"": ""08"", ""kind"": ""LINE_BREAK""}, {""offset"": 20, ""raw_hex"": ""0d ff 00"", ""kind"": ""MESSAGE_END""}]",REVIEW_1,NO,필드 안내 런타임 신고 및 0x4000/0x6000 전수 조사 반영.,PROVEN: scenario field/tutorial message; member_type=0x6000.
FIELD_RESOURCE_00510000_R00740000_M6000_0002,SCENARIO,field_resource_message,DATA/00510000.MDZ,DATA/00510000.MDT,0x00740000,00510000,268,0x001d2e8f,0x001d2e8a,21 08 12 00 61 69 48 66 69 7f 9b f1 5f f0 d6 f0 8a 92 08 21 0d ff 00,"<G0001>
<CTRL:12><CTRL:00><G0041>P・MPが全回復した
<G0001>","<G0001>
<CTRL:12><CTRL:00>HP·MP가 모두 회복됐다
<G0001>",41 08 12 00 61 69 48 66 69 6A 20 D2 AA 20 EC 20 F0 3B F8 92 08 41 0D FF 00,,"[{""offset"": -5, ""raw_hex"": ""80 0e 00 00 00"", ""kind"": ""MESSAGE_HEADER"", ""opcode"": 128, ""argument"": 0}, {""offset"": 1, ""raw_hex"": ""08"", ""kind"": ""LINE_BREAK""}, {""offset"": 2, ""raw_hex"": ""12"", ""kind"": ""UNKNOWN_CONTROL""}, {""offset"": 3, ""raw_hex"": ""00"", ""kind"": ""UNKNOWN_CONTROL""}, {""offset"": 18, ""raw_hex"": ""08"", ""kind"": ""LINE_BREAK""}, {""offset"": 20, ""raw_hex"": ""0d ff 00"", ""kind"": ""MESSAGE_END""}]",REVIEW_1,NO,필드 안내 런타임 신고 및 0x4000/0x6000 전수 조사 반영.,PROVEN: scenario field/tutorial message; member_type=0x6000.
FIELD_RESOURCE_00510100_R00740000_M6000_0001,SCENARIO,field_resource_message,DATA/00510100.MDZ,DATA/00510100.MDT,0x00740000,00510100,269,0x002fcc2d,0x002fcc28,21 08 12 00 61 69 48 66 69 7f 9b f1 5f f0 d6 f0 8a 92 08 21 0d ff 00,"<G0001>
<CTRL:12><CTRL:00><G0041>P・MPが全回復した
<G0001>","<G0001>
<CTRL:12><CTRL:00>HP·MP가 모두 회복됐다
<G0001>",41 08 12 00 61 69 48 66 69 6A 20 D2 AA 20 EC 20 F0 3B F8 92 08 41 0D FF 00,,"[{""offset"": -5, ""raw_hex"": ""80 0e 00 00 00"", ""kind"": ""MESSAGE_HEADER"", ""opcode"": 128, ""argument"": 0}, {""offset"": 1, ""raw_hex"": ""08"", ""kind"": ""LINE_BREAK""}, {""offset"": 2, ""raw_hex"": ""12"", ""kind"": ""UNKNOWN_CONTROL""}, {""offset"": 3, ""raw_hex"": ""00"", ""kind"": ""UNKNOWN_CONTROL""}, {""offset"": 18, ""raw_hex"": ""08"", ""kind"": ""LINE_BREAK""}, {""offset"": 20, ""raw_hex"": ""0d ff 00"", ""kind"": ""MESSAGE_END""}]",REVIEW_1,NO,필드 안내 런타임 신고 및 0x4000/0x6000 전수 조사 반영.,PROVEN: scenario field/tutorial message; member_type=0x6000.
FIELD_RESOURCE_00510100_R00740000_M6000_0002,SCENARIO,field_resource_message,DATA/00510100.MDZ,DATA/00510100.MDT,0x00740000,00510100,270,0x002fccff,0x002fccfa,21 08 12 00 61 69 48 66 69 7f 9b f1 5f f0 d6 f0 8a 92 08 21 0d ff 00,"<G0001>
<CTRL:12><CTRL:00><G0041>P・MPが全回復した
<G0001>","<G0001>
<CTRL:12><CTRL:00>HP·MP가 모두 회복됐다
<G0001>",41 08 12 00 61 69 48 66 69 6A 20 D2 AA 20 EC 20 F0 3B F8 92 08 41 0D FF 00,,"[{""offset"": -5, ""raw_hex"": ""80 0e 00 00 00"", ""kind"": ""MESSAGE_HEADER"", ""opcode"": 128, ""argument"": 0}, {""offset"": 1, ""raw_hex"": ""08"", ""kind"": ""LINE_BREAK""}, {""offset"": 2, ""raw_hex"": ""12"", ""kind"": ""UNKNOWN_CONTROL""}, {""offset"": 3, ""raw_hex"": ""00"", ""kind"": ""UNKNOWN_CONTROL""}, {""offset"": 18, ""raw_hex"": ""08"", ""kind"": ""LINE_BREAK""}, {""offset"": 20, ""raw_hex"": ""0d ff 00"", ""kind"": ""MESSAGE_END""}]",REVIEW_1,NO,필드 안내 런타임 신고 및 0x4000/0x6000 전수 조사 반영.,PROVEN: scenario field/tutorial message; member_type=0x6000.
FIELD_RESOURCE_00510200_R00740000_M6000_0001,SCENARIO,field_resource_message,DATA/00510200.MDZ,DATA/00510200.MDT,0x00740000,00510200,271,0x004adf2d,0x004adf28,21 08 12 00 61 69 48 66 69 7f 9b f1 5f f0 d6 f0 8a 92 08 21 0d ff 00,"<G0001>
<CTRL:12><CTRL:00><G0041>P・MPが全回復した
<G0001>","<G0001>
<CTRL:12><CTRL:00>HP·MP가 모두 회복됐다
<G0001>",41 08 12 00 61 69 48 66 69 6A 20 D2 AA 20 EC 20 F0 3B F8 92 08 41 0D FF 00,,"[{""offset"": -5, ""raw_hex"": ""80 0e 00 00 00"", ""kind"": ""MESSAGE_HEADER"", ""opcode"": 128, ""argument"": 0}, {""offset"": 1, ""raw_hex"": ""08"", ""kind"": ""LINE_BREAK""}, {""offset"": 2, ""raw_hex"": ""12"", ""kind"": ""UNKNOWN_CONTROL""}, {""offset"": 3, ""raw_hex"": ""00"", ""kind"": ""UNKNOWN_CONTROL""}, {""offset"": 18, ""raw_hex"": ""08"", ""kind"": ""LINE_BREAK""}, {""offset"": 20, ""raw_hex"": ""0d ff 00"", ""kind"": ""MESSAGE_END""}]",REVIEW_1,NO,필드 안내 런타임 신고 및 0x4000/0x6000 전수 조사 반영.,PROVEN: scenario field/tutorial message; member_type=0x6000.
FIELD_RESOURCE_00510200_R00740000_M6000_0002,SCENARIO,field_resource_message,DATA/00510200.MDZ,DATA/00510200.MDT,0x00740000,00510200,272,0x004adfff,0x004adffa,21 08 12 00 61 69 48 66 69 7f 9b f1 5f f0 d6 f0 8a 92 08 21 0d ff 00,"<G0001>
<CTRL:12><CTRL:00><G0041>P・MPが全回復した
<G0001>","<G0001>
<CTRL:12><CTRL:00>HP·MP가 모두 회복됐다
<G0001>",41 08 12 00 61 69 48 66 69 6A 20 D2 AA 20 EC 20 F0 3B F8 92 08 41 0D FF 00,,"[{""offset"": -5, ""raw_hex"": ""80 0e 00 00 00"", ""kind"": ""MESSAGE_HEADER"", ""opcode"": 128, ""argument"": 0}, {""offset"": 1, ""raw_hex"": ""08"", ""kind"": ""LINE_BREAK""}, {""offset"": 2, ""raw_hex"": ""12"", ""kind"": ""UNKNOWN_CONTROL""}, {""offset"": 3, ""raw_hex"": ""00"", ""kind"": ""UNKNOWN_CONTROL""}, {""offset"": 18, ""raw_hex"": ""08"", ""kind"": ""LINE_BREAK""}, {""offset"": 20, ""raw_hex"": ""0d ff 00"", ""kind"": ""MESSAGE_END""}]",REVIEW_1,NO,필드 안내 런타임 신고 및 0x4000/0x6000 전수 조사 반영.,PROVEN: scenario field/tutorial message; member_type=0x6000.
FIELD_RESOURCE_00510300_R00740000_M6000_0001,SCENARIO,field_resource_message,DATA/00510300.MDZ,DATA/00510300.MDT,0x00740000,00510300,273,0x0047763d,0x00477638,21 08 12 00 61 69 48 66 69 7f 9b f1 5f f0 d6 f0 8a 92 08 21 0d ff 00,"<G0001>
<CTRL:12><CTRL:00><G0041>P・MPが全回復した
<G0001>","<G0001>
<CTRL:12><CTRL:00>HP·MP가 모두 회복됐다
<G0001>",41 08 12 00 61 69 48 66 69 6A 20 D2 AA 20 EC 20 F0 3B F8 92 08 41 0D FF 00,,"[{""offset"": -5, ""raw_hex"": ""80 0e 00 00 00"", ""kind"": ""MESSAGE_HEADER"", ""opcode"": 128, ""argument"": 0}, {""offset"": 1, ""raw_hex"": ""08"", ""kind"": ""LINE_BREAK""}, {""offset"": 2, ""raw_hex"": ""12"", ""kind"": ""UNKNOWN_CONTROL""}, {""offset"": 3, ""raw_hex"": ""00"", ""kind"": ""UNKNOWN_CONTROL""}, {""offset"": 18, ""raw_hex"": ""08"", ""kind"": ""LINE_BREAK""}, {""offset"": 20, ""raw_hex"": ""0d ff 00"", ""kind"": ""MESSAGE_END""}]",REVIEW_1,NO,필드 안내 런타임 신고 및 0x4000/0x6000 전수 조사 반영.,PROVEN: scenario field/tutorial message; member_type=0x6000.
FIELD_RESOURCE_00510300_R00740000_M6000_0002,SCENARIO,field_resource_message,DATA/00510300.MDZ,DATA/00510300.MDT,0x00740000,00510300,274,0x0047770f,0x0047770a,21 08 12 00 61 69 48 66 69 7f 9b f1 5f f0 d6 f0 8a 92 08 21 0d ff 00,"<G0001>
<CTRL:12><CTRL:00><G0041>P・MPが全回復した
<G0001>","<G0001>
<CTRL:12><CTRL:00>HP·MP가 모두 회복됐다
<G0001>",41 08 12 00 61 69 48 66 69 6A 20 D2 AA 20 EC 20 F0 3B F8 92 08 41 0D FF 00,,"[{""offset"": -5, ""raw_hex"": ""80 0e 00 00 00"", ""kind"": ""MESSAGE_HEADER"", ""opcode"": 128, ""argument"": 0}, {""offset"": 1, ""raw_hex"": ""08"", ""kind"": ""LINE_BREAK""}, {""offset"": 2, ""raw_hex"": ""12"", ""kind"": ""UNKNOWN_CONTROL""}, {""offset"": 3, ""raw_hex"": ""00"", ""kind"": ""UNKNOWN_CONTROL""}, {""offset"": 18, ""raw_hex"": ""08"", ""kind"": ""LINE_BREAK""}, {""offset"": 20, ""raw_hex"": ""0d ff 00"", ""kind"": ""MESSAGE_END""}]",REVIEW_1,NO,필드 안내 런타임 신고 및 0x4000/0x6000 전수 조사 반영.,PROVEN: scenario field/tutorial message; member_type=0x6000.
FIELD_RESOURCE_00510400_R00740000_M6000_0001,SCENARIO,field_resource_message,DATA/00510400.MDZ,DATA/00510400.MDT,0x00740000,00510400,275,0x005d84ad,0x005d84a8,21 08 12 00 61 69 48 66 69 7f 9b f1 5f f0 d6 f0 8a 92 08 21 0d ff 00,"<G0001>
<CTRL:12><CTRL:00><G0041>P・MPが全回復した
<G0001>","<G0001>
<CTRL:12><CTRL:00>HP·MP가 모두 회복됐다
<G0001>",41 08 12 00 61 69 48 66 69 6A 20 D2 AA 20 EC 20 F0 3B F8 92 08 41 0D FF 00,,"[{""offset"": -5, ""raw_hex"": ""80 0e 00 00 00"", ""kind"": ""MESSAGE_HEADER"", ""opcode"": 128, ""argument"": 0}, {""offset"": 1, ""raw_hex"": ""08"", ""kind"": ""LINE_BREAK""}, {""offset"": 2, ""raw_hex"": ""12"", ""kind"": ""UNKNOWN_CONTROL""}, {""offset"": 3, ""raw_hex"": ""00"", ""kind"": ""UNKNOWN_CONTROL""}, {""offset"": 18, ""raw_hex"": ""08"", ""kind"": ""LINE_BREAK""}, {""offset"": 20, ""raw_hex"": ""0d ff 00"", ""kind"": ""MESSAGE_END""}]",REVIEW_1,NO,필드 안내 런타임 신고 및 0x4000/0x6000 전수 조사 반영.,PROVEN: scenario field/tutorial message; member_type=0x6000.
FIELD_RESOURCE_00510400_R00740000_M6000_0002,SCENARIO,field_resource_message,DATA/00510400.MDZ,DATA/00510400.MDT,0x00740000,00510400,276,0x005d857f,0x005d857a,21 08 12 00 61 69 48 66 69 7f 9b f1 5f f0 d6 f0 8a 92 08 21 0d ff 00,"<G0001>
<CTRL:12><CTRL:00><G0041>P・MPが全回復した
<G0001>","<G0001>
<CTRL:12><CTRL:00>HP·MP가 모두 회복됐다
<G0001>",41 08 12 00 61 69 48 66 69 6A 20 D2 AA 20 EC 20 F0 3B F8 92 08 41 0D FF 00,,"[{""offset"": -5, ""raw_hex"": ""80 0e 00 00 00"", ""kind"": ""MESSAGE_HEADER"", ""opcode"": 128, ""argument"": 0}, {""offset"": 1, ""raw_hex"": ""08"", ""kind"": ""LINE_BREAK""}, {""offset"": 2, ""raw_hex"": ""12"", ""kind"": ""UNKNOWN_CONTROL""}, {""offset"": 3, ""raw_hex"": ""00"", ""kind"": ""UNKNOWN_CONTROL""}, {""offset"": 18, ""raw_hex"": ""08"", ""kind"": ""LINE_BREAK""}, {""offset"": 20, ""raw_hex"": ""0d ff 00"", ""kind"": ""MESSAGE_END""}]",REVIEW_1,NO,필드 안내 런타임 신고 및 0x4000/0x6000 전수 조사 반영.,PROVEN: scenario field/tutorial message; member_type=0x6000.
FIELD_RESOURCE_00517700_R00740000_M6000_0001,SCENARIO,field_resource_message,DATA/00517700.MDZ,DATA/00517700.MDT,0x00740000,00517700,277,0x0025442d,0x00254428,21 08 12 00 61 69 48 66 69 7f 9b f1 5f f0 d6 f0 8a 92 08 21 0d ff 00,"<G0001>
<CTRL:12><CTRL:00><G0041>P・MPが全回復した
<G0001>","<G0001>
<CTRL:12><CTRL:00>HP·MP가 모두 회복됐다
<G0001>",41 08 12 00 61 69 48 66 69 6A 20 D2 AA 20 EC 20 F0 3B F8 92 08 41 0D FF 00,,"[{""offset"": -5, ""raw_hex"": ""80 0e 00 00 00"", ""kind"": ""MESSAGE_HEADER"", ""opcode"": 128, ""argument"": 0}, {""offset"": 1, ""raw_hex"": ""08"", ""kind"": ""LINE_BREAK""}, {""offset"": 2, ""raw_hex"": ""12"", ""kind"": ""UNKNOWN_CONTROL""}, {""offset"": 3, ""raw_hex"": ""00"", ""kind"": ""UNKNOWN_CONTROL""}, {""offset"": 18, ""raw_hex"": ""08"", ""kind"": ""LINE_BREAK""}, {""offset"": 20, ""raw_hex"": ""0d ff 00"", ""kind"": ""MESSAGE_END""}]",REVIEW_1,NO,필드 안내 런타임 신고 및 0x4000/0x6000 전수 조사 반영.,PROVEN: scenario field/tutorial message; member_type=0x6000.
FIELD_RESOURCE_00517700_R00740000_M6000_0002,SCENARIO,field_resource_message,DATA/00517700.MDZ,DATA/00517700.MDT,0x00740000,00517700,278,0x002544ff,0x002544fa,21 08 12 00 61 69 48 66 69 7f 9b f1 5f f0 d6 f0 8a 92 08 21 0d ff 00,"<G0001>
<CTRL:12><CTRL:00><G0041>P・MPが全回復した
<G0001>","<G0001>
<CTRL:12><CTRL:00>HP·MP가 모두 회복됐다
<G0001>",41 08 12 00 61 69 48 66 69 6A 20 D2 AA 20 EC 20 F0 3B F8 92 08 41 0D FF 00,,"[{""offset"": -5, ""raw_hex"": ""80 0e 00 00 00"", ""kind"": ""MESSAGE_HEADER"", ""opcode"": 128, ""argument"": 0}, {""offset"": 1, ""raw_hex"": ""08"", ""kind"": ""LINE_BREAK""}, {""offset"": 2, ""raw_hex"": ""12"", ""kind"": ""UNKNOWN_CONTROL""}, {""offset"": 3, ""raw_hex"": ""00"", ""kind"": ""UNKNOWN_CONTROL""}, {""offset"": 18, ""raw_hex"": ""08"", ""kind"": ""LINE_BREAK""}, {""offset"": 20, ""raw_hex"": ""0d ff 00"", ""kind"": ""MESSAGE_END""}]",REVIEW_1,NO,필드 안내 런타임 신고 및 0x4000/0x6000 전수 조사 반영.,PROVEN: scenario field/tutorial message; member_type=0x6000.
FIELD_RESOURCE_00540000_R00740000_M6000_0001,SCENARIO,field_resource_message,DATA/00540000.MDZ,DATA/00540000.MDT,0x00740000,00540000,279,0x006906ad,0x006906a8,21 08 12 00 61 69 48 66 69 7f 9b f1 5f f0 d6 f0 8a 92 08 21 0d ff 00,"<G0001>
<CTRL:12><CTRL:00><G0041>P・MPが全回復した
<G0001>","<G0001>
<CTRL:12><CTRL:00>HP·MP가 모두 회복됐다
<G0001>",41 08 12 00 61 69 48 66 69 6A 20 D2 AA 20 EC 20 F0 3B F8 92 08 41 0D FF 00,,"[{""offset"": -5, ""raw_hex"": ""80 0e 00 00 00"", ""kind"": ""MESSAGE_HEADER"", ""opcode"": 128, ""argument"": 0}, {""offset"": 1, ""raw_hex"": ""08"", ""kind"": ""LINE_BREAK""}, {""offset"": 2, ""raw_hex"": ""12"", ""kind"": ""UNKNOWN_CONTROL""}, {""offset"": 3, ""raw_hex"": ""00"", ""kind"": ""UNKNOWN_CONTROL""}, {""offset"": 18, ""raw_hex"": ""08"", ""kind"": ""LINE_BREAK""}, {""offset"": 20, ""raw_hex"": ""0d ff 00"", ""kind"": ""MESSAGE_END""}]",REVIEW_1,NO,필드 안내 런타임 신고 및 0x4000/0x6000 전수 조사 반영.,PROVEN: scenario field/tutorial message; member_type=0x6000.
FIELD_RESOURCE_00540000_R00740000_M6000_0002,SCENARIO,field_resource_message,DATA/00540000.MDZ,DATA/00540000.MDT,0x00740000,00540000,280,0x0069077f,0x0069077a,21 08 12 00 61 69 48 66 69 7f 9b f1 5f f0 d6 f0 8a 92 08 21 0d ff 00,"<G0001>
<CTRL:12><CTRL:00><G0041>P・MPが全回復した
<G0001>","<G0001>
<CTRL:12><CTRL:00>HP·MP가 모두 회복됐다
<G0001>",41 08 12 00 61 69 48 66 69 6A 20 D2 AA 20 EC 20 F0 3B F8 92 08 41 0D FF 00,,"[{""offset"": -5, ""raw_hex"": ""80 0e 00 00 00"", ""kind"": ""MESSAGE_HEADER"", ""opcode"": 128, ""argument"": 0}, {""offset"": 1, ""raw_hex"": ""08"", ""kind"": ""LINE_BREAK""}, {""offset"": 2, ""raw_hex"": ""12"", ""kind"": ""UNKNOWN_CONTROL""}, {""offset"": 3, ""raw_hex"": ""00"", ""kind"": ""UNKNOWN_CONTROL""}, {""offset"": 18, ""raw_hex"": ""08"", ""kind"": ""LINE_BREAK""}, {""offset"": 20, ""raw_hex"": ""0d ff 00"", ""kind"": ""MESSAGE_END""}]",REVIEW_1,NO,필드 안내 런타임 신고 및 0x4000/0x6000 전수 조사 반영.,PROVEN: scenario field/tutorial message; member_type=0x6000.
FIELD_RESOURCE_00540100_R00740000_M6000_0001,SCENARIO,field_resource_message,DATA/00540100.MDZ,DATA/00540100.MDT,0x00740000,00540100,281,0x004c34ad,0x004c34a8,21 08 12 00 61 69 48 66 69 7f 9b f1 5f f0 d6 f0 8a 92 08 21 0d ff 00,"<G0001>
<CTRL:12><CTRL:00><G0041>P・MPが全回復した
<G0001>","<G0001>
<CTRL:12><CTRL:00>HP·MP가 모두 회복됐다
<G0001>",41 08 12 00 61 69 48 66 69 6A 20 D2 AA 20 EC 20 F0 3B F8 92 08 41 0D FF 00,,"[{""offset"": -5, ""raw_hex"": ""80 0e 00 00 00"", ""kind"": ""MESSAGE_HEADER"", ""opcode"": 128, ""argument"": 0}, {""offset"": 1, ""raw_hex"": ""08"", ""kind"": ""LINE_BREAK""}, {""offset"": 2, ""raw_hex"": ""12"", ""kind"": ""UNKNOWN_CONTROL""}, {""offset"": 3, ""raw_hex"": ""00"", ""kind"": ""UNKNOWN_CONTROL""}, {""offset"": 18, ""raw_hex"": ""08"", ""kind"": ""LINE_BREAK""}, {""offset"": 20, ""raw_hex"": ""0d ff 00"", ""kind"": ""MESSAGE_END""}]",REVIEW_1,NO,필드 안내 런타임 신고 및 0x4000/0x6000 전수 조사 반영.,PROVEN: scenario field/tutorial message; member_type=0x6000.
FIELD_RESOURCE_00540100_R00740000_M6000_0002,SCENARIO,field_resource_message,DATA/00540100.MDZ,DATA/00540100.MDT,0x00740000,00540100,282,0x004c357f,0x004c357a,21 08 12 00 61 69 48 66 69 7f 9b f1 5f f0 d6 f0 8a 92 08 21 0d ff 00,"<G0001>
<CTRL:12><CTRL:00><G0041>P・MPが全回復した
<G0001>","<G0001>
<CTRL:12><CTRL:00>HP·MP가 모두 회복됐다
<G0001>",41 08 12 00 61 69 48 66 69 6A 20 D2 AA 20 EC 20 F0 3B F8 92 08 41 0D FF 00,,"[{""offset"": -5, ""raw_hex"": ""80 0e 00 00 00"", ""kind"": ""MESSAGE_HEADER"", ""opcode"": 128, ""argument"": 0}, {""offset"": 1, ""raw_hex"": ""08"", ""kind"": ""LINE_BREAK""}, {""offset"": 2, ""raw_hex"": ""12"", ""kind"": ""UNKNOWN_CONTROL""}, {""offset"": 3, ""raw_hex"": ""00"", ""kind"": ""UNKNOWN_CONTROL""}, {""offset"": 18, ""raw_hex"": ""08"", ""kind"": ""LINE_BREAK""}, {""offset"": 20, ""raw_hex"": ""0d ff 00"", ""kind"": ""MESSAGE_END""}]",REVIEW_1,NO,필드 안내 런타임 신고 및 0x4000/0x6000 전수 조사 반영.,PROVEN: scenario field/tutorial message; member_type=0x6000.
FIELD_RESOURCE_00540200_R00740000_M6000_0001,SCENARIO,field_resource_message,DATA/00540200.MDZ,DATA/00540200.MDT,0x00740000,00540200,283,0x00771a2d,0x00771a28,21 08 12 00 61 69 48 66 69 7f 9b f1 5f f0 d6 f0 8a 92 08 21 0d ff 00,"<G0001>
<CTRL:12><CTRL:00><G0041>P・MPが全回復した
<G0001>","<G0001>
<CTRL:12><CTRL:00>HP·MP가 모두 회복됐다
<G0001>",41 08 12 00 61 69 48 66 69 6A 20 D2 AA 20 EC 20 F0 3B F8 92 08 41 0D FF 00,,"[{""offset"": -5, ""raw_hex"": ""80 0e 00 00 00"", ""kind"": ""MESSAGE_HEADER"", ""opcode"": 128, ""argument"": 0}, {""offset"": 1, ""raw_hex"": ""08"", ""kind"": ""LINE_BREAK""}, {""offset"": 2, ""raw_hex"": ""12"", ""kind"": ""UNKNOWN_CONTROL""}, {""offset"": 3, ""raw_hex"": ""00"", ""kind"": ""UNKNOWN_CONTROL""}, {""offset"": 18, ""raw_hex"": ""08"", ""kind"": ""LINE_BREAK""}, {""offset"": 20, ""raw_hex"": ""0d ff 00"", ""kind"": ""MESSAGE_END""}]",REVIEW_1,NO,필드 안내 런타임 신고 및 0x4000/0x6000 전수 조사 반영.,PROVEN: scenario field/tutorial message; member_type=0x6000.
FIELD_RESOURCE_00540200_R00740000_M6000_0002,SCENARIO,field_resource_message,DATA/00540200.MDZ,DATA/00540200.MDT,0x00740000,00540200,284,0x00771aff,0x00771afa,21 08 12 00 61 69 48 66 69 7f 9b f1 5f f0 d6 f0 8a 92 08 21 0d ff 00,"<G0001>
<CTRL:12><CTRL:00><G0041>P・MPが全回復した
<G0001>","<G0001>
<CTRL:12><CTRL:00>HP·MP가 모두 회복됐다
<G0001>",41 08 12 00 61 69 48 66 69 6A 20 D2 AA 20 EC 20 F0 3B F8 92 08 41 0D FF 00,,"[{""offset"": -5, ""raw_hex"": ""80 0e 00 00 00"", ""kind"": ""MESSAGE_HEADER"", ""opcode"": 128, ""argument"": 0}, {""offset"": 1, ""raw_hex"": ""08"", ""kind"": ""LINE_BREAK""}, {""offset"": 2, ""raw_hex"": ""12"", ""kind"": ""UNKNOWN_CONTROL""}, {""offset"": 3, ""raw_hex"": ""00"", ""kind"": ""UNKNOWN_CONTROL""}, {""offset"": 18, ""raw_hex"": ""08"", ""kind"": ""LINE_BREAK""}, {""offset"": 20, ""raw_hex"": ""0d ff 00"", ""kind"": ""MESSAGE_END""}]",REVIEW_1,NO,필드 안내 런타임 신고 및 0x4000/0x6000 전수 조사 반영.,PROVEN: scenario field/tutorial message; member_type=0x6000.
FIELD_RESOURCE_00540300_R00740000_M6000_0001,SCENARIO,field_resource_message,DATA/00540300.MDZ,DATA/00540300.MDT,0x00740000,00540300,285,0x005e232d,0x005e2328,21 08 12 00 61 69 48 66 69 7f 9b f1 5f f0 d6 f0 8a 92 08 21 0d ff 00,"<G0001>
<CTRL:12><CTRL:00><G0041>P・MPが全回復した
<G0001>","<G0001>
<CTRL:12><CTRL:00>HP·MP가 모두 회복됐다
<G0001>",41 08 12 00 61 69 48 66 69 6A 20 D2 AA 20 EC 20 F0 3B F8 92 08 41 0D FF 00,,"[{""offset"": -5, ""raw_hex"": ""80 0e 00 00 00"", ""kind"": ""MESSAGE_HEADER"", ""opcode"": 128, ""argument"": 0}, {""offset"": 1, ""raw_hex"": ""08"", ""kind"": ""LINE_BREAK""}, {""offset"": 2, ""raw_hex"": ""12"", ""kind"": ""UNKNOWN_CONTROL""}, {""offset"": 3, ""raw_hex"": ""00"", ""kind"": ""UNKNOWN_CONTROL""}, {""offset"": 18, ""raw_hex"": ""08"", ""kind"": ""LINE_BREAK""}, {""offset"": 20, ""raw_hex"": ""0d ff 00"", ""kind"": ""MESSAGE_END""}]",REVIEW_1,NO,필드 안내 런타임 신고 및 0x4000/0x6000 전수 조사 반영.,PROVEN: scenario field/tutorial message; member_type=0x6000.
FIELD_RESOURCE_00540300_R00740000_M6000_0002,SCENARIO,field_resource_message,DATA/00540300.MDZ,DATA/00540300.MDT,0x00740000,00540300,286,0x005e23ff,0x005e23fa,21 08 12 00 61 69 48 66 69 7f 9b f1 5f f0 d6 f0 8a 92 08 21 0d ff 00,"<G0001>
<CTRL:12><CTRL:00><G0041>P・MPが全回復した
<G0001>","<G0001>
<CTRL:12><CTRL:00>HP·MP가 모두 회복됐다
<G0001>",41 08 12 00 61 69 48 66 69 6A 20 D2 AA 20 EC 20 F0 3B F8 92 08 41 0D FF 00,,"[{""offset"": -5, ""raw_hex"": ""80 0e 00 00 00"", ""kind"": ""MESSAGE_HEADER"", ""opcode"": 128, ""argument"": 0}, {""offset"": 1, ""raw_hex"": ""08"", ""kind"": ""LINE_BREAK""}, {""offset"": 2, ""raw_hex"": ""12"", ""kind"": ""UNKNOWN_CONTROL""}, {""offset"": 3, ""raw_hex"": ""00"", ""kind"": ""UNKNOWN_CONTROL""}, {""offset"": 18, ""raw_hex"": ""08"", ""kind"": ""LINE_BREAK""}, {""offset"": 20, ""raw_hex"": ""0d ff 00"", ""kind"": ""MESSAGE_END""}]",REVIEW_1,NO,필드 안내 런타임 신고 및 0x4000/0x6000 전수 조사 반영.,PROVEN: scenario field/tutorial message; member_type=0x6000.
FIELD_RESOURCE_00540400_R00740000_M6000_0001,SCENARIO,field_resource_message,DATA/00540400.MDZ,DATA/00540400.MDT,0x00740000,00540400,287,0x004839ad,0x004839a8,21 08 12 00 61 69 48 66 69 7f 9b f1 5f f0 d6 f0 8a 92 08 21 0d ff 00,"<G0001>
<CTRL:12><CTRL:00><G0041>P・MPが全回復した
<G0001>","<G0001>
<CTRL:12><CTRL:00>HP·MP가 모두 회복됐다
<G0001>",41 08 12 00 61 69 48 66 69 6A 20 D2 AA 20 EC 20 F0 3B F8 92 08 41 0D FF 00,,"[{""offset"": -5, ""raw_hex"": ""80 0e 00 00 00"", ""kind"": ""MESSAGE_HEADER"", ""opcode"": 128, ""argument"": 0}, {""offset"": 1, ""raw_hex"": ""08"", ""kind"": ""LINE_BREAK""}, {""offset"": 2, ""raw_hex"": ""12"", ""kind"": ""UNKNOWN_CONTROL""}, {""offset"": 3, ""raw_hex"": ""00"", ""kind"": ""UNKNOWN_CONTROL""}, {""offset"": 18, ""raw_hex"": ""08"", ""kind"": ""LINE_BREAK""}, {""offset"": 20, ""raw_hex"": ""0d ff 00"", ""kind"": ""MESSAGE_END""}]",REVIEW_1,NO,필드 안내 런타임 신고 및 0x4000/0x6000 전수 조사 반영.,PROVEN: scenario field/tutorial message; member_type=0x6000.
FIELD_RESOURCE_00540400_R00740000_M6000_0002,SCENARIO,field_resource_message,DATA/00540400.MDZ,DATA/00540400.MDT,0x00740000,00540400,288,0x00483a7f,0x00483a7a,21 08 12 00 61 69 48 66 69 7f 9b f1 5f f0 d6 f0 8a 92 08 21 0d ff 00,"<G0001>
<CTRL:12><CTRL:00><G0041>P・MPが全回復した
<G0001>","<G0001>
<CTRL:12><CTRL:00>HP·MP가 모두 회복됐다
<G0001>",41 08 12 00 61 69 48 66 69 6A 20 D2 AA 20 EC 20 F0 3B F8 92 08 41 0D FF 00,,"[{""offset"": -5, ""raw_hex"": ""80 0e 00 00 00"", ""kind"": ""MESSAGE_HEADER"", ""opcode"": 128, ""argument"": 0}, {""offset"": 1, ""raw_hex"": ""08"", ""kind"": ""LINE_BREAK""}, {""offset"": 2, ""raw_hex"": ""12"", ""kind"": ""UNKNOWN_CONTROL""}, {""offset"": 3, ""raw_hex"": ""00"", ""kind"": ""UNKNOWN_CONTROL""}, {""offset"": 18, ""raw_hex"": ""08"", ""kind"": ""LINE_BREAK""}, {""offset"": 20, ""raw_hex"": ""0d ff 00"", ""kind"": ""MESSAGE_END""}]",REVIEW_1,NO,필드 안내 런타임 신고 및 0x4000/0x6000 전수 조사 반영.,PROVEN: scenario field/tutorial message; member_type=0x6000.
FIELD_RESOURCE_00540500_R00740000_M6000_0001,SCENARIO,field_resource_message,DATA/00540500.MDZ,DATA/00540500.MDT,0x00740000,00540500,289,0x002c3a5d,0x002c3a58,21 08 12 00 61 69 48 66 69 7f 9b f1 5f f0 d6 f0 8a 92 08 21 0d ff 00,"<G0001>
<CTRL:12><CTRL:00><G0041>P・MPが全回復した
<G0001>","<G0001>
<CTRL:12><CTRL:00>HP·MP가 모두 회복됐다
<G0001>",41 08 12 00 61 69 48 66 69 6A 20 D2 AA 20 EC 20 F0 3B F8 92 08 41 0D FF 00,,"[{""offset"": -5, ""raw_hex"": ""80 0e 00 00 00"", ""kind"": ""MESSAGE_HEADER"", ""opcode"": 128, ""argument"": 0}, {""offset"": 1, ""raw_hex"": ""08"", ""kind"": ""LINE_BREAK""}, {""offset"": 2, ""raw_hex"": ""12"", ""kind"": ""UNKNOWN_CONTROL""}, {""offset"": 3, ""raw_hex"": ""00"", ""kind"": ""UNKNOWN_CONTROL""}, {""offset"": 18, ""raw_hex"": ""08"", ""kind"": ""LINE_BREAK""}, {""offset"": 20, ""raw_hex"": ""0d ff 00"", ""kind"": ""MESSAGE_END""}]",REVIEW_1,NO,필드 안내 런타임 신고 및 0x4000/0x6000 전수 조사 반영.,PROVEN: scenario field/tutorial message; member_type=0x6000.
FIELD_RESOURCE_00540500_R00740000_M6000_0002,SCENARIO,field_resource_message,DATA/00540500.MDZ,DATA/00540500.MDT,0x00740000,00540500,290,0x002c3b2f,0x002c3b2a,21 08 12 00 61 69 48 66 69 7f 9b f1 5f f0 d6 f0 8a 92 08 21 0d ff 00,"<G0001>
<CTRL:12><CTRL:00><G0041>P・MPが全回復した
<G0001>","<G0001>
<CTRL:12><CTRL:00>HP·MP가 모두 회복됐다
<G0001>",41 08 12 00 61 69 48 66 69 6A 20 D2 AA 20 EC 20 F0 3B F8 92 08 41 0D FF 00,,"[{""offset"": -5, ""raw_hex"": ""80 0e 00 00 00"", ""kind"": ""MESSAGE_HEADER"", ""opcode"": 128, ""argument"": 0}, {""offset"": 1, ""raw_hex"": ""08"", ""kind"": ""LINE_BREAK""}, {""offset"": 2, ""raw_hex"": ""12"", ""kind"": ""UNKNOWN_CONTROL""}, {""offset"": 3, ""raw_hex"": ""00"", ""kind"": ""UNKNOWN_CONTROL""}, {""offset"": 18, ""raw_hex"": ""08"", ""kind"": ""LINE_BREAK""}, {""offset"": 20, ""raw_hex"": ""0d ff 00"", ""kind"": ""MESSAGE_END""}]",REVIEW_1,NO,필드 안내 런타임 신고 및 0x4000/0x6000 전수 조사 반영.,PROVEN: scenario field/tutorial message; member_type=0x6000.
FIELD_RESOURCE_00540600_R00740000_M6000_0001,SCENARIO,field_resource_message,DATA/00540600.MDZ,DATA/00540600.MDT,0x00740000,00540600,291,0x00499c2d,0x00499c28,21 08 12 00 61 69 48 66 69 7f 9b f1 5f f0 d6 f0 8a 92 08 21 0d ff 00,"<G0001>
<CTRL:12><CTRL:00><G0041>P・MPが全回復した
<G0001>","<G0001>
<CTRL:12><CTRL:00>HP·MP가 모두 회복됐다
<G0001>",41 08 12 00 61 69 48 66 69 6A 20 D2 AA 20 EC 20 F0 3B F8 92 08 41 0D FF 00,,"[{""offset"": -5, ""raw_hex"": ""80 0e 00 00 00"", ""kind"": ""MESSAGE_HEADER"", ""opcode"": 128, ""argument"": 0}, {""offset"": 1, ""raw_hex"": ""08"", ""kind"": ""LINE_BREAK""}, {""offset"": 2, ""raw_hex"": ""12"", ""kind"": ""UNKNOWN_CONTROL""}, {""offset"": 3, ""raw_hex"": ""00"", ""kind"": ""UNKNOWN_CONTROL""}, {""offset"": 18, ""raw_hex"": ""08"", ""kind"": ""LINE_BREAK""}, {""offset"": 20, ""raw_hex"": ""0d ff 00"", ""kind"": ""MESSAGE_END""}]",REVIEW_1,NO,필드 안내 런타임 신고 및 0x4000/0x6000 전수 조사 반영.,PROVEN: scenario field/tutorial message; member_type=0x6000.
FIELD_RESOURCE_00540600_R00740000_M6000_0002,SCENARIO,field_resource_message,DATA/00540600.MDZ,DATA/00540600.MDT,0x00740000,00540600,292,0x00499cff,0x00499cfa,21 08 12 00 61 69 48 66 69 7f 9b f1 5f f0 d6 f0 8a 92 08 21 0d ff 00,"<G0001>
<CTRL:12><CTRL:00><G0041>P・MPが全回復した
<G0001>","<G0001>
<CTRL:12><CTRL:00>HP·MP가 모두 회복됐다
<G0001>",41 08 12 00 61 69 48 66 69 6A 20 D2 AA 20 EC 20 F0 3B F8 92 08 41 0D FF 00,,"[{""offset"": -5, ""raw_hex"": ""80 0e 00 00 00"", ""kind"": ""MESSAGE_HEADER"", ""opcode"": 128, ""argument"": 0}, {""offset"": 1, ""raw_hex"": ""08"", ""kind"": ""LINE_BREAK""}, {""offset"": 2, ""raw_hex"": ""12"", ""kind"": ""UNKNOWN_CONTROL""}, {""offset"": 3, ""raw_hex"": ""00"", ""kind"": ""UNKNOWN_CONTROL""}, {""offset"": 18, ""raw_hex"": ""08"", ""kind"": ""LINE_BREAK""}, {""offset"": 20, ""raw_hex"": ""0d ff 00"", ""kind"": ""MESSAGE_END""}]",REVIEW_1,NO,필드 안내 런타임 신고 및 0x4000/0x6000 전수 조사 반영.,PROVEN: scenario field/tutorial message; member_type=0x6000.
FIELD_RESOURCE_00540700_R00740000_M6000_0001,SCENARIO,field_resource_message,DATA/00540700.MDZ,DATA/00540700.MDT,0x00740000,00540700,293,0x003ed35d,0x003ed358,21 08 12 00 61 69 48 66 69 7f 9b f1 5f f0 d6 f0 8a 92 08 21 0d ff 00,"<G0001>
<CTRL:12><CTRL:00><G0041>P・MPが全回復した
<G0001>","<G0001>
<CTRL:12><CTRL:00>HP·MP가 모두 회복됐다
<G0001>",41 08 12 00 61 69 48 66 69 6A 20 D2 AA 20 EC 20 F0 3B F8 92 08 41 0D FF 00,,"[{""offset"": -5, ""raw_hex"": ""80 0e 00 00 00"", ""kind"": ""MESSAGE_HEADER"", ""opcode"": 128, ""argument"": 0}, {""offset"": 1, ""raw_hex"": ""08"", ""kind"": ""LINE_BREAK""}, {""offset"": 2, ""raw_hex"": ""12"", ""kind"": ""UNKNOWN_CONTROL""}, {""offset"": 3, ""raw_hex"": ""00"", ""kind"": ""UNKNOWN_CONTROL""}, {""offset"": 18, ""raw_hex"": ""08"", ""kind"": ""LINE_BREAK""}, {""offset"": 20, ""raw_hex"": ""0d ff 00"", ""kind"": ""MESSAGE_END""}]",REVIEW_1,NO,필드 안내 런타임 신고 및 0x4000/0x6000 전수 조사 반영.,PROVEN: scenario field/tutorial message; member_type=0x6000.
FIELD_RESOURCE_00540700_R00740000_M6000_0002,SCENARIO,field_resource_message,DATA/00540700.MDZ,DATA/00540700.MDT,0x00740000,00540700,294,0x003ed42f,0x003ed42a,21 08 12 00 61 69 48 66 69 7f 9b f1 5f f0 d6 f0 8a 92 08 21 0d ff 00,"<G0001>
<CTRL:12><CTRL:00><G0041>P・MPが全回復した
<G0001>","<G0001>
<CTRL:12><CTRL:00>HP·MP가 모두 회복됐다
<G0001>",41 08 12 00 61 69 48 66 69 6A 20 D2 AA 20 EC 20 F0 3B F8 92 08 41 0D FF 00,,"[{""offset"": -5, ""raw_hex"": ""80 0e 00 00 00"", ""kind"": ""MESSAGE_HEADER"", ""opcode"": 128, ""argument"": 0}, {""offset"": 1, ""raw_hex"": ""08"", ""kind"": ""LINE_BREAK""}, {""offset"": 2, ""raw_hex"": ""12"", ""kind"": ""UNKNOWN_CONTROL""}, {""offset"": 3, ""raw_hex"": ""00"", ""kind"": ""UNKNOWN_CONTROL""}, {""offset"": 18, ""raw_hex"": ""08"", ""kind"": ""LINE_BREAK""}, {""offset"": 20, ""raw_hex"": ""0d ff 00"", ""kind"": ""MESSAGE_END""}]",REVIEW_1,NO,필드 안내 런타임 신고 및 0x4000/0x6000 전수 조사 반영.,PROVEN: scenario field/tutorial message; member_type=0x6000.
FIELD_RESOURCE_00570000_R00740000_M6000_0001,SCENARIO,field_resource_message,DATA/00570000.MDZ,DATA/00570000.MDT,0x00740000,00570000,295,0x0056f4cd,0x0056f4c8,21 08 12 00 61 69 48 66 69 7f 9b f1 5f f0 d6 f0 8a 92 08 21 0d ff 00,"<G0001>
<CTRL:12><CTRL:00><G0041>P・MPが全回復した
<G0001>","<G0001>
<CTRL:12><CTRL:00>HP·MP가 모두 회복됐다
<G0001>",41 08 12 00 61 69 48 66 69 6A 20 D2 AA 20 EC 20 F0 3B F8 92 08 41 0D FF 00,,"[{""offset"": -5, ""raw_hex"": ""80 0e 00 00 00"", ""kind"": ""MESSAGE_HEADER"", ""opcode"": 128, ""argument"": 0}, {""offset"": 1, ""raw_hex"": ""08"", ""kind"": ""LINE_BREAK""}, {""offset"": 2, ""raw_hex"": ""12"", ""kind"": ""UNKNOWN_CONTROL""}, {""offset"": 3, ""raw_hex"": ""00"", ""kind"": ""UNKNOWN_CONTROL""}, {""offset"": 18, ""raw_hex"": ""08"", ""kind"": ""LINE_BREAK""}, {""offset"": 20, ""raw_hex"": ""0d ff 00"", ""kind"": ""MESSAGE_END""}]",REVIEW_1,NO,필드 안내 런타임 신고 및 0x4000/0x6000 전수 조사 반영.,PROVEN: scenario field/tutorial message; member_type=0x6000.
FIELD_RESOURCE_00570000_R00740000_M6000_0002,SCENARIO,field_resource_message,DATA/00570000.MDZ,DATA/00570000.MDT,0x00740000,00570000,296,0x0056f59f,0x0056f59a,21 08 12 00 61 69 48 66 69 7f 9b f1 5f f0 d6 f0 8a 92 08 21 0d ff 00,"<G0001>
<CTRL:12><CTRL:00><G0041>P・MPが全回復した
<G0001>","<G0001>
<CTRL:12><CTRL:00>HP·MP가 모두 회복됐다
<G0001>",41 08 12 00 61 69 48 66 69 6A 20 D2 AA 20 EC 20 F0 3B F8 92 08 41 0D FF 00,,"[{""offset"": -5, ""raw_hex"": ""80 0e 00 00 00"", ""kind"": ""MESSAGE_HEADER"", ""opcode"": 128, ""argument"": 0}, {""offset"": 1, ""raw_hex"": ""08"", ""kind"": ""LINE_BREAK""}, {""offset"": 2, ""raw_hex"": ""12"", ""kind"": ""UNKNOWN_CONTROL""}, {""offset"": 3, ""raw_hex"": ""00"", ""kind"": ""UNKNOWN_CONTROL""}, {""offset"": 18, ""raw_hex"": ""08"", ""kind"": ""LINE_BREAK""}, {""offset"": 20, ""raw_hex"": ""0d ff 00"", ""kind"": ""MESSAGE_END""}]",REVIEW_1,NO,필드 안내 런타임 신고 및 0x4000/0x6000 전수 조사 반영.,PROVEN: scenario field/tutorial message; member_type=0x6000.
FIELD_RESOURCE_00570100_R00740000_M6000_0001,SCENARIO,field_resource_message,DATA/00570100.MDZ,DATA/00570100.MDT,0x00740000,00570100,297,0x004085bd,0x004085b8,21 08 12 00 61 69 48 66 69 7f 9b f1 5f f0 d6 f0 8a 92 08 21 0d ff 00,"<G0001>
<CTRL:12><CTRL:00><G0041>P・MPが全回復した
<G0001>","<G0001>
<CTRL:12><CTRL:00>HP·MP가 모두 회복됐다
<G0001>",41 08 12 00 61 69 48 66 69 6A 20 D2 AA 20 EC 20 F0 3B F8 92 08 41 0D FF 00,,"[{""offset"": -5, ""raw_hex"": ""80 0e 00 00 00"", ""kind"": ""MESSAGE_HEADER"", ""opcode"": 128, ""argument"": 0}, {""offset"": 1, ""raw_hex"": ""08"", ""kind"": ""LINE_BREAK""}, {""offset"": 2, ""raw_hex"": ""12"", ""kind"": ""UNKNOWN_CONTROL""}, {""offset"": 3, ""raw_hex"": ""00"", ""kind"": ""UNKNOWN_CONTROL""}, {""offset"": 18, ""raw_hex"": ""08"", ""kind"": ""LINE_BREAK""}, {""offset"": 20, ""raw_hex"": ""0d ff 00"", ""kind"": ""MESSAGE_END""}]",REVIEW_1,NO,필드 안내 런타임 신고 및 0x4000/0x6000 전수 조사 반영.,PROVEN: scenario field/tutorial message; member_type=0x6000.
FIELD_RESOURCE_00570100_R00740000_M6000_0002,SCENARIO,field_resource_message,DATA/00570100.MDZ,DATA/00570100.MDT,0x00740000,00570100,298,0x0040868f,0x0040868a,21 08 12 00 61 69 48 66 69 7f 9b f1 5f f0 d6 f0 8a 92 08 21 0d ff 00,"<G0001>
<CTRL:12><CTRL:00><G0041>P・MPが全回復した
<G0001>","<G0001>
<CTRL:12><CTRL:00>HP·MP가 모두 회복됐다
<G0001>",41 08 12 00 61 69 48 66 69 6A 20 D2 AA 20 EC 20 F0 3B F8 92 08 41 0D FF 00,,"[{""offset"": -5, ""raw_hex"": ""80 0e 00 00 00"", ""kind"": ""MESSAGE_HEADER"", ""opcode"": 128, ""argument"": 0}, {""offset"": 1, ""raw_hex"": ""08"", ""kind"": ""LINE_BREAK""}, {""offset"": 2, ""raw_hex"": ""12"", ""kind"": ""UNKNOWN_CONTROL""}, {""offset"": 3, ""raw_hex"": ""00"", ""kind"": ""UNKNOWN_CONTROL""}, {""offset"": 18, ""raw_hex"": ""08"", ""kind"": ""LINE_BREAK""}, {""offset"": 20, ""raw_hex"": ""0d ff 00"", ""kind"": ""MESSAGE_END""}]",REVIEW_1,NO,필드 안내 런타임 신고 및 0x4000/0x6000 전수 조사 반영.,PROVEN: scenario field/tutorial message; member_type=0x6000.
FIELD_RESOURCE_00570200_R00740000_M6000_0001,SCENARIO,field_resource_message,DATA/00570200.MDZ,DATA/00570200.MDT,0x00740000,00570200,299,0x0057992d,0x00579928,21 08 12 00 61 69 48 66 69 7f 9b f1 5f f0 d6 f0 8a 92 08 21 0d ff 00,"<G0001>
<CTRL:12><CTRL:00><G0041>P・MPが全回復した
<G0001>","<G0001>
<CTRL:12><CTRL:00>HP·MP가 모두 회복됐다
<G0001>",41 08 12 00 61 69 48 66 69 6A 20 D2 AA 20 EC 20 F0 3B F8 92 08 41 0D FF 00,,"[{""offset"": -5, ""raw_hex"": ""80 0e 00 00 00"", ""kind"": ""MESSAGE_HEADER"", ""opcode"": 128, ""argument"": 0}, {""offset"": 1, ""raw_hex"": ""08"", ""kind"": ""LINE_BREAK""}, {""offset"": 2, ""raw_hex"": ""12"", ""kind"": ""UNKNOWN_CONTROL""}, {""offset"": 3, ""raw_hex"": ""00"", ""kind"": ""UNKNOWN_CONTROL""}, {""offset"": 18, ""raw_hex"": ""08"", ""kind"": ""LINE_BREAK""}, {""offset"": 20, ""raw_hex"": ""0d ff 00"", ""kind"": ""MESSAGE_END""}]",REVIEW_1,NO,필드 안내 런타임 신고 및 0x4000/0x6000 전수 조사 반영.,PROVEN: scenario field/tutorial message; member_type=0x6000.
FIELD_RESOURCE_00570200_R00740000_M6000_0002,SCENARIO,field_resource_message,DATA/00570200.MDZ,DATA/00570200.MDT,0x00740000,00570200,300,0x005799ff,0x005799fa,21 08 12 00 61 69 48 66 69 7f 9b f1 5f f0 d6 f0 8a 92 08 21 0d ff 00,"<G0001>
<CTRL:12><CTRL:00><G0041>P・MPが全回復した
<G0001>","<G0001>
<CTRL:12><CTRL:00>HP·MP가 모두 회복됐다
<G0001>",41 08 12 00 61 69 48 66 69 6A 20 D2 AA 20 EC 20 F0 3B F8 92 08 41 0D FF 00,,"[{""offset"": -5, ""raw_hex"": ""80 0e 00 00 00"", ""kind"": ""MESSAGE_HEADER"", ""opcode"": 128, ""argument"": 0}, {""offset"": 1, ""raw_hex"": ""08"", ""kind"": ""LINE_BREAK""}, {""offset"": 2, ""raw_hex"": ""12"", ""kind"": ""UNKNOWN_CONTROL""}, {""offset"": 3, ""raw_hex"": ""00"", ""kind"": ""UNKNOWN_CONTROL""}, {""offset"": 18, ""raw_hex"": ""08"", ""kind"": ""LINE_BREAK""}, {""offset"": 20, ""raw_hex"": ""0d ff 00"", ""kind"": ""MESSAGE_END""}]",REVIEW_1,NO,필드 안내 런타임 신고 및 0x4000/0x6000 전수 조사 반영.,PROVEN: scenario field/tutorial message; member_type=0x6000.
FIELD_RESOURCE_00570300_R00740000_M6000_0001,SCENARIO,field_resource_message,DATA/00570300.MDZ,DATA/00570300.MDT,0x00740000,00570300,301,0x0069dd2d,0x0069dd28,21 08 12 00 61 69 48 66 69 7f 9b f1 5f f0 d6 f0 8a 92 08 21 0d ff 00,"<G0001>
<CTRL:12><CTRL:00><G0041>P・MPが全回復した
<G0001>","<G0001>
<CTRL:12><CTRL:00>HP·MP가 모두 회복됐다
<G0001>",41 08 12 00 61 69 48 66 69 6A 20 D2 AA 20 EC 20 F0 3B F8 92 08 41 0D FF 00,,"[{""offset"": -5, ""raw_hex"": ""80 0e 00 00 00"", ""kind"": ""MESSAGE_HEADER"", ""opcode"": 128, ""argument"": 0}, {""offset"": 1, ""raw_hex"": ""08"", ""kind"": ""LINE_BREAK""}, {""offset"": 2, ""raw_hex"": ""12"", ""kind"": ""UNKNOWN_CONTROL""}, {""offset"": 3, ""raw_hex"": ""00"", ""kind"": ""UNKNOWN_CONTROL""}, {""offset"": 18, ""raw_hex"": ""08"", ""kind"": ""LINE_BREAK""}, {""offset"": 20, ""raw_hex"": ""0d ff 00"", ""kind"": ""MESSAGE_END""}]",REVIEW_1,NO,필드 안내 런타임 신고 및 0x4000/0x6000 전수 조사 반영.,PROVEN: scenario field/tutorial message; member_type=0x6000.
FIELD_RESOURCE_00570300_R00740000_M6000_0002,SCENARIO,field_resource_message,DATA/00570300.MDZ,DATA/00570300.MDT,0x00740000,00570300,302,0x0069ddff,0x0069ddfa,21 08 12 00 61 69 48 66 69 7f 9b f1 5f f0 d6 f0 8a 92 08 21 0d ff 00,"<G0001>
<CTRL:12><CTRL:00><G0041>P・MPが全回復した
<G0001>","<G0001>
<CTRL:12><CTRL:00>HP·MP가 모두 회복됐다
<G0001>",41 08 12 00 61 69 48 66 69 6A 20 D2 AA 20 EC 20 F0 3B F8 92 08 41 0D FF 00,,"[{""offset"": -5, ""raw_hex"": ""80 0e 00 00 00"", ""kind"": ""MESSAGE_HEADER"", ""opcode"": 128, ""argument"": 0}, {""offset"": 1, ""raw_hex"": ""08"", ""kind"": ""LINE_BREAK""}, {""offset"": 2, ""raw_hex"": ""12"", ""kind"": ""UNKNOWN_CONTROL""}, {""offset"": 3, ""raw_hex"": ""00"", ""kind"": ""UNKNOWN_CONTROL""}, {""offset"": 18, ""raw_hex"": ""08"", ""kind"": ""LINE_BREAK""}, {""offset"": 20, ""raw_hex"": ""0d ff 00"", ""kind"": ""MESSAGE_END""}]",REVIEW_1,NO,필드 안내 런타임 신고 및 0x4000/0x6000 전수 조사 반영.,PROVEN: scenario field/tutorial message; member_type=0x6000.
FIELD_RESOURCE_00570500_R00740000_M6000_0001,SCENARIO,field_resource_message,DATA/00570500.MDZ,DATA/00570500.MDT,0x00740000,00570500,303,0x004a8ead,0x004a8ea8,21 08 12 00 61 69 48 66 69 7f 9b f1 5f f0 d6 f0 8a 92 08 21 0d ff 00,"<G0001>
<CTRL:12><CTRL:00><G0041>P・MPが全回復した
<G0001>","<G0001>
<CTRL:12><CTRL:00>HP·MP가 모두 회복됐다
<G0001>",41 08 12 00 61 69 48 66 69 6A 20 D2 AA 20 EC 20 F0 3B F8 92 08 41 0D FF 00,,"[{""offset"": -5, ""raw_hex"": ""80 0e 00 00 00"", ""kind"": ""MESSAGE_HEADER"", ""opcode"": 128, ""argument"": 0}, {""offset"": 1, ""raw_hex"": ""08"", ""kind"": ""LINE_BREAK""}, {""offset"": 2, ""raw_hex"": ""12"", ""kind"": ""UNKNOWN_CONTROL""}, {""offset"": 3, ""raw_hex"": ""00"", ""kind"": ""UNKNOWN_CONTROL""}, {""offset"": 18, ""raw_hex"": ""08"", ""kind"": ""LINE_BREAK""}, {""offset"": 20, ""raw_hex"": ""0d ff 00"", ""kind"": ""MESSAGE_END""}]",REVIEW_1,NO,필드 안내 런타임 신고 및 0x4000/0x6000 전수 조사 반영.,PROVEN: scenario field/tutorial message; member_type=0x6000.
FIELD_RESOURCE_00570500_R00740000_M6000_0002,SCENARIO,field_resource_message,DATA/00570500.MDZ,DATA/00570500.MDT,0x00740000,00570500,304,0x004a8f7f,0x004a8f7a,21 08 12 00 61 69 48 66 69 7f 9b f1 5f f0 d6 f0 8a 92 08 21 0d ff 00,"<G0001>
<CTRL:12><CTRL:00><G0041>P・MPが全回復した
<G0001>","<G0001>
<CTRL:12><CTRL:00>HP·MP가 모두 회복됐다
<G0001>",41 08 12 00 61 69 48 66 69 6A 20 D2 AA 20 EC 20 F0 3B F8 92 08 41 0D FF 00,,"[{""offset"": -5, ""raw_hex"": ""80 0e 00 00 00"", ""kind"": ""MESSAGE_HEADER"", ""opcode"": 128, ""argument"": 0}, {""offset"": 1, ""raw_hex"": ""08"", ""kind"": ""LINE_BREAK""}, {""offset"": 2, ""raw_hex"": ""12"", ""kind"": ""UNKNOWN_CONTROL""}, {""offset"": 3, ""raw_hex"": ""00"", ""kind"": ""UNKNOWN_CONTROL""}, {""offset"": 18, ""raw_hex"": ""08"", ""kind"": ""LINE_BREAK""}, {""offset"": 20, ""raw_hex"": ""0d ff 00"", ""kind"": ""MESSAGE_END""}]",REVIEW_1,NO,필드 안내 런타임 신고 및 0x4000/0x6000 전수 조사 반영.,PROVEN: scenario field/tutorial message; member_type=0x6000.
FIELD_RESOURCE_00570600_R00740000_M6000_0001,SCENARIO,field_resource_message,DATA/00570600.MDZ,DATA/00570600.MDT,0x00740000,00570600,305,0x003572ad,0x003572a8,21 08 12 00 61 69 48 66 69 7f 9b f1 5f f0 d6 f0 8a 92 08 21 0d ff 00,"<G0001>
<CTRL:12><CTRL:00><G0041>P・MPが全回復した
<G0001>","<G0001>
<CTRL:12><CTRL:00>HP·MP가 모두 회복됐다
<G0001>",41 08 12 00 61 69 48 66 69 6A 20 D2 AA 20 EC 20 F0 3B F8 92 08 41 0D FF 00,,"[{""offset"": -5, ""raw_hex"": ""80 0e 00 00 00"", ""kind"": ""MESSAGE_HEADER"", ""opcode"": 128, ""argument"": 0}, {""offset"": 1, ""raw_hex"": ""08"", ""kind"": ""LINE_BREAK""}, {""offset"": 2, ""raw_hex"": ""12"", ""kind"": ""UNKNOWN_CONTROL""}, {""offset"": 3, ""raw_hex"": ""00"", ""kind"": ""UNKNOWN_CONTROL""}, {""offset"": 18, ""raw_hex"": ""08"", ""kind"": ""LINE_BREAK""}, {""offset"": 20, ""raw_hex"": ""0d ff 00"", ""kind"": ""MESSAGE_END""}]",REVIEW_1,NO,필드 안내 런타임 신고 및 0x4000/0x6000 전수 조사 반영.,PROVEN: scenario field/tutorial message; member_type=0x6000.
FIELD_RESOURCE_00570600_R00740000_M6000_0002,SCENARIO,field_resource_message,DATA/00570600.MDZ,DATA/00570600.MDT,0x00740000,00570600,306,0x0035737f,0x0035737a,21 08 12 00 61 69 48 66 69 7f 9b f1 5f f0 d6 f0 8a 92 08 21 0d ff 00,"<G0001>
<CTRL:12><CTRL:00><G0041>P・MPが全回復した
<G0001>","<G0001>
<CTRL:12><CTRL:00>HP·MP가 모두 회복됐다
<G0001>",41 08 12 00 61 69 48 66 69 6A 20 D2 AA 20 EC 20 F0 3B F8 92 08 41 0D FF 00,,"[{""offset"": -5, ""raw_hex"": ""80 0e 00 00 00"", ""kind"": ""MESSAGE_HEADER"", ""opcode"": 128, ""argument"": 0}, {""offset"": 1, ""raw_hex"": ""08"", ""kind"": ""LINE_BREAK""}, {""offset"": 2, ""raw_hex"": ""12"", ""kind"": ""UNKNOWN_CONTROL""}, {""offset"": 3, ""raw_hex"": ""00"", ""kind"": ""UNKNOWN_CONTROL""}, {""offset"": 18, ""raw_hex"": ""08"", ""kind"": ""LINE_BREAK""}, {""offset"": 20, ""raw_hex"": ""0d ff 00"", ""kind"": ""MESSAGE_END""}]",REVIEW_1,NO,필드 안내 런타임 신고 및 0x4000/0x6000 전수 조사 반영.,PROVEN: scenario field/tutorial message; member_type=0x6000.
FIELD_RESOURCE_00570700_R00740000_M6000_0001,SCENARIO,field_resource_message,DATA/00570700.MDZ,DATA/00570700.MDT,0x00740000,00570700,307,0x00210bbd,0x00210bb8,21 08 12 00 61 69 48 66 69 7f 9b f1 5f f0 d6 f0 8a 92 08 21 0d ff 00,"<G0001>
<CTRL:12><CTRL:00><G0041>P・MPが全回復した
<G0001>","<G0001>
<CTRL:12><CTRL:00>HP·MP가 모두 회복됐다
<G0001>",41 08 12 00 61 69 48 66 69 6A 20 D2 AA 20 EC 20 F0 3B F8 92 08 41 0D FF 00,,"[{""offset"": -5, ""raw_hex"": ""80 0e 00 00 00"", ""kind"": ""MESSAGE_HEADER"", ""opcode"": 128, ""argument"": 0}, {""offset"": 1, ""raw_hex"": ""08"", ""kind"": ""LINE_BREAK""}, {""offset"": 2, ""raw_hex"": ""12"", ""kind"": ""UNKNOWN_CONTROL""}, {""offset"": 3, ""raw_hex"": ""00"", ""kind"": ""UNKNOWN_CONTROL""}, {""offset"": 18, ""raw_hex"": ""08"", ""kind"": ""LINE_BREAK""}, {""offset"": 20, ""raw_hex"": ""0d ff 00"", ""kind"": ""MESSAGE_END""}]",REVIEW_1,NO,필드 안내 런타임 신고 및 0x4000/0x6000 전수 조사 반영.,PROVEN: scenario field/tutorial message; member_type=0x6000.
FIELD_RESOURCE_00570700_R00740000_M6000_0002,SCENARIO,field_resource_message,DATA/00570700.MDZ,DATA/00570700.MDT,0x00740000,00570700,308,0x00210c8f,0x00210c8a,21 08 12 00 61 69 48 66 69 7f 9b f1 5f f0 d6 f0 8a 92 08 21 0d ff 00,"<G0001>
<CTRL:12><CTRL:00><G0041>P・MPが全回復した
<G0001>","<G0001>
<CTRL:12><CTRL:00>HP·MP가 모두 회복됐다
<G0001>",41 08 12 00 61 69 48 66 69 6A 20 D2 AA 20 EC 20 F0 3B F8 92 08 41 0D FF 00,,"[{""offset"": -5, ""raw_hex"": ""80 0e 00 00 00"", ""kind"": ""MESSAGE_HEADER"", ""opcode"": 128, ""argument"": 0}, {""offset"": 1, ""raw_hex"": ""08"", ""kind"": ""LINE_BREAK""}, {""offset"": 2, ""raw_hex"": ""12"", ""kind"": ""UNKNOWN_CONTROL""}, {""offset"": 3, ""raw_hex"": ""00"", ""kind"": ""UNKNOWN_CONTROL""}, {""offset"": 18, ""raw_hex"": ""08"", ""kind"": ""LINE_BREAK""}, {""offset"": 20, ""raw_hex"": ""0d ff 00"", ""kind"": ""MESSAGE_END""}]",REVIEW_1,NO,필드 안내 런타임 신고 및 0x4000/0x6000 전수 조사 반영.,PROVEN: scenario field/tutorial message; member_type=0x6000.
FIELD_RESOURCE_00600000_R00740000_M6000_0001,SCENARIO,field_resource_message,DATA/00600000.MDZ,DATA/00600000.MDT,0x00740000,00600000,309,0x003e1ded,0x003e1de8,21 08 12 00 61 69 48 66 69 7f 9b f1 5f f0 d6 f0 8a 92 08 21 0d ff 00,"<G0001>
<CTRL:12><CTRL:00><G0041>P・MPが全回復した
<G0001>","<G0001>
<CTRL:12><CTRL:00>HP·MP가 모두 회복됐다
<G0001>",41 08 12 00 61 69 48 66 69 6A 20 D2 AA 20 EC 20 F0 3B F8 92 08 41 0D FF 00,,"[{""offset"": -5, ""raw_hex"": ""80 0e 00 00 00"", ""kind"": ""MESSAGE_HEADER"", ""opcode"": 128, ""argument"": 0}, {""offset"": 1, ""raw_hex"": ""08"", ""kind"": ""LINE_BREAK""}, {""offset"": 2, ""raw_hex"": ""12"", ""kind"": ""UNKNOWN_CONTROL""}, {""offset"": 3, ""raw_hex"": ""00"", ""kind"": ""UNKNOWN_CONTROL""}, {""offset"": 18, ""raw_hex"": ""08"", ""kind"": ""LINE_BREAK""}, {""offset"": 20, ""raw_hex"": ""0d ff 00"", ""kind"": ""MESSAGE_END""}]",REVIEW_1,NO,필드 안내 런타임 신고 및 0x4000/0x6000 전수 조사 반영.,PROVEN: scenario field/tutorial message; member_type=0x6000.
FIELD_RESOURCE_00600000_R00740000_M6000_0002,SCENARIO,field_resource_message,DATA/00600000.MDZ,DATA/00600000.MDT,0x00740000,00600000,310,0x003e1ebf,0x003e1eba,21 08 12 00 61 69 48 66 69 7f 9b f1 5f f0 d6 f0 8a 92 08 21 0d ff 00,"<G0001>
<CTRL:12><CTRL:00><G0041>P・MPが全回復した
<G0001>","<G0001>
<CTRL:12><CTRL:00>HP·MP가 모두 회복됐다
<G0001>",41 08 12 00 61 69 48 66 69 6A 20 D2 AA 20 EC 20 F0 3B F8 92 08 41 0D FF 00,,"[{""offset"": -5, ""raw_hex"": ""80 0e 00 00 00"", ""kind"": ""MESSAGE_HEADER"", ""opcode"": 128, ""argument"": 0}, {""offset"": 1, ""raw_hex"": ""08"", ""kind"": ""LINE_BREAK""}, {""offset"": 2, ""raw_hex"": ""12"", ""kind"": ""UNKNOWN_CONTROL""}, {""offset"": 3, ""raw_hex"": ""00"", ""kind"": ""UNKNOWN_CONTROL""}, {""offset"": 18, ""raw_hex"": ""08"", ""kind"": ""LINE_BREAK""}, {""offset"": 20, ""raw_hex"": ""0d ff 00"", ""kind"": ""MESSAGE_END""}]",REVIEW_1,NO,필드 안내 런타임 신고 및 0x4000/0x6000 전수 조사 반영.,PROVEN: scenario field/tutorial message; member_type=0x6000.
FIELD_RESOURCE_00600100_R00740000_M6000_0001,SCENARIO,field_resource_message,DATA/00600100.MDZ,DATA/00600100.MDT,0x00740000,00600100,311,0x002df02d,0x002df028,21 08 12 00 61 69 48 66 69 7f 9b f1 5f f0 d6 f0 8a 92 08 21 0d ff 00,"<G0001>
<CTRL:12><CTRL:00><G0041>P・MPが全回復した
<G0001>","<G0001>
<CTRL:12><CTRL:00>HP·MP가 모두 회복됐다
<G0001>",41 08 12 00 61 69 48 66 69 6A 20 D2 AA 20 EC 20 F0 3B F8 92 08 41 0D FF 00,,"[{""offset"": -5, ""raw_hex"": ""80 0e 00 00 00"", ""kind"": ""MESSAGE_HEADER"", ""opcode"": 128, ""argument"": 0}, {""offset"": 1, ""raw_hex"": ""08"", ""kind"": ""LINE_BREAK""}, {""offset"": 2, ""raw_hex"": ""12"", ""kind"": ""UNKNOWN_CONTROL""}, {""offset"": 3, ""raw_hex"": ""00"", ""kind"": ""UNKNOWN_CONTROL""}, {""offset"": 18, ""raw_hex"": ""08"", ""kind"": ""LINE_BREAK""}, {""offset"": 20, ""raw_hex"": ""0d ff 00"", ""kind"": ""MESSAGE_END""}]",REVIEW_1,NO,필드 안내 런타임 신고 및 0x4000/0x6000 전수 조사 반영.,PROVEN: scenario field/tutorial message; member_type=0x6000.
FIELD_RESOURCE_00600100_R00740000_M6000_0002,SCENARIO,field_resource_message,DATA/00600100.MDZ,DATA/00600100.MDT,0x00740000,00600100,312,0x002df0ff,0x002df0fa,21 08 12 00 61 69 48 66 69 7f 9b f1 5f f0 d6 f0 8a 92 08 21 0d ff 00,"<G0001>
<CTRL:12><CTRL:00><G0041>P・MPが全回復した
<G0001>","<G0001>
<CTRL:12><CTRL:00>HP·MP가 모두 회복됐다
<G0001>",41 08 12 00 61 69 48 66 69 6A 20 D2 AA 20 EC 20 F0 3B F8 92 08 41 0D FF 00,,"[{""offset"": -5, ""raw_hex"": ""80 0e 00 00 00"", ""kind"": ""MESSAGE_HEADER"", ""opcode"": 128, ""argument"": 0}, {""offset"": 1, ""raw_hex"": ""08"", ""kind"": ""LINE_BREAK""}, {""offset"": 2, ""raw_hex"": ""12"", ""kind"": ""UNKNOWN_CONTROL""}, {""offset"": 3, ""raw_hex"": ""00"", ""kind"": ""UNKNOWN_CONTROL""}, {""offset"": 18, ""raw_hex"": ""08"", ""kind"": ""LINE_BREAK""}, {""offset"": 20, ""raw_hex"": ""0d ff 00"", ""kind"": ""MESSAGE_END""}]",REVIEW_1,NO,필드 안내 런타임 신고 및 0x4000/0x6000 전수 조사 반영.,PROVEN: scenario field/tutorial message; member_type=0x6000.
FIELD_RESOURCE_00600200_R00740000_M6000_0001,SCENARIO,field_resource_message,DATA/00600200.MDZ,DATA/00600200.MDT,0x00740000,00600200,313,0x002ab42d,0x002ab428,21 08 12 00 61 69 48 66 69 7f 9b f1 5f f0 d6 f0 8a 92 08 21 0d ff 00,"<G0001>
<CTRL:12><CTRL:00><G0041>P・MPが全回復した
<G0001>","<G0001>
<CTRL:12><CTRL:00>HP·MP가 모두 회복됐다
<G0001>",41 08 12 00 61 69 48 66 69 6A 20 D2 AA 20 EC 20 F0 3B F8 92 08 41 0D FF 00,,"[{""offset"": -5, ""raw_hex"": ""80 0e 00 00 00"", ""kind"": ""MESSAGE_HEADER"", ""opcode"": 128, ""argument"": 0}, {""offset"": 1, ""raw_hex"": ""08"", ""kind"": ""LINE_BREAK""}, {""offset"": 2, ""raw_hex"": ""12"", ""kind"": ""UNKNOWN_CONTROL""}, {""offset"": 3, ""raw_hex"": ""00"", ""kind"": ""UNKNOWN_CONTROL""}, {""offset"": 18, ""raw_hex"": ""08"", ""kind"": ""LINE_BREAK""}, {""offset"": 20, ""raw_hex"": ""0d ff 00"", ""kind"": ""MESSAGE_END""}]",REVIEW_1,NO,필드 안내 런타임 신고 및 0x4000/0x6000 전수 조사 반영.,PROVEN: scenario field/tutorial message; member_type=0x6000.
FIELD_RESOURCE_00600200_R00740000_M6000_0002,SCENARIO,field_resource_message,DATA/00600200.MDZ,DATA/00600200.MDT,0x00740000,00600200,314,0x002ab4ff,0x002ab4fa,21 08 12 00 61 69 48 66 69 7f 9b f1 5f f0 d6 f0 8a 92 08 21 0d ff 00,"<G0001>
<CTRL:12><CTRL:00><G0041>P・MPが全回復した
<G0001>","<G0001>
<CTRL:12><CTRL:00>HP·MP가 모두 회복됐다
<G0001>",41 08 12 00 61 69 48 66 69 6A 20 D2 AA 20 EC 20 F0 3B F8 92 08 41 0D FF 00,,"[{""offset"": -5, ""raw_hex"": ""80 0e 00 00 00"", ""kind"": ""MESSAGE_HEADER"", ""opcode"": 128, ""argument"": 0}, {""offset"": 1, ""raw_hex"": ""08"", ""kind"": ""LINE_BREAK""}, {""offset"": 2, ""raw_hex"": ""12"", ""kind"": ""UNKNOWN_CONTROL""}, {""offset"": 3, ""raw_hex"": ""00"", ""kind"": ""UNKNOWN_CONTROL""}, {""offset"": 18, ""raw_hex"": ""08"", ""kind"": ""LINE_BREAK""}, {""offset"": 20, ""raw_hex"": ""0d ff 00"", ""kind"": ""MESSAGE_END""}]",REVIEW_1,NO,필드 안내 런타임 신고 및 0x4000/0x6000 전수 조사 반영.,PROVEN: scenario field/tutorial message; member_type=0x6000.
FIELD_RESOURCE_00605000_R00740000_M6000_0001,SCENARIO,field_resource_message,DATA/00605000.MDZ,DATA/00605000.MDT,0x00740000,00605000,315,0x00451dad,0x00451da8,21 08 12 00 61 69 48 66 69 7f 9b f1 5f f0 d6 f0 8a 92 08 21 0d ff 00,"<G0001>
<CTRL:12><CTRL:00><G0041>P・MPが全回復した
<G0001>","<G0001>
<CTRL:12><CTRL:00>HP·MP가 모두 회복됐다
<G0001>",41 08 12 00 61 69 48 66 69 6A 20 D2 AA 20 EC 20 F0 3B F8 92 08 41 0D FF 00,,"[{""offset"": -5, ""raw_hex"": ""80 0e 00 00 00"", ""kind"": ""MESSAGE_HEADER"", ""opcode"": 128, ""argument"": 0}, {""offset"": 1, ""raw_hex"": ""08"", ""kind"": ""LINE_BREAK""}, {""offset"": 2, ""raw_hex"": ""12"", ""kind"": ""UNKNOWN_CONTROL""}, {""offset"": 3, ""raw_hex"": ""00"", ""kind"": ""UNKNOWN_CONTROL""}, {""offset"": 18, ""raw_hex"": ""08"", ""kind"": ""LINE_BREAK""}, {""offset"": 20, ""raw_hex"": ""0d ff 00"", ""kind"": ""MESSAGE_END""}]",REVIEW_1,NO,필드 안내 런타임 신고 및 0x4000/0x6000 전수 조사 반영.,PROVEN: scenario field/tutorial message; member_type=0x6000.
FIELD_RESOURCE_00605000_R00740000_M6000_0002,SCENARIO,field_resource_message,DATA/00605000.MDZ,DATA/00605000.MDT,0x00740000,00605000,316,0x00451e7f,0x00451e7a,21 08 12 00 61 69 48 66 69 7f 9b f1 5f f0 d6 f0 8a 92 08 21 0d ff 00,"<G0001>
<CTRL:12><CTRL:00><G0041>P・MPが全回復した
<G0001>","<G0001>
<CTRL:12><CTRL:00>HP·MP가 모두 회복됐다
<G0001>",41 08 12 00 61 69 48 66 69 6A 20 D2 AA 20 EC 20 F0 3B F8 92 08 41 0D FF 00,,"[{""offset"": -5, ""raw_hex"": ""80 0e 00 00 00"", ""kind"": ""MESSAGE_HEADER"", ""opcode"": 128, ""argument"": 0}, {""offset"": 1, ""raw_hex"": ""08"", ""kind"": ""LINE_BREAK""}, {""offset"": 2, ""raw_hex"": ""12"", ""kind"": ""UNKNOWN_CONTROL""}, {""offset"": 3, ""raw_hex"": ""00"", ""kind"": ""UNKNOWN_CONTROL""}, {""offset"": 18, ""raw_hex"": ""08"", ""kind"": ""LINE_BREAK""}, {""offset"": 20, ""raw_hex"": ""0d ff 00"", ""kind"": ""MESSAGE_END""}]",REVIEW_1,NO,필드 안내 런타임 신고 및 0x4000/0x6000 전수 조사 반영.,PROVEN: scenario field/tutorial message; member_type=0x6000.
FIELD_RESOURCE_00605100_R00740000_M6000_0001,SCENARIO,field_resource_message,DATA/00605100.MDZ,DATA/00605100.MDT,0x00740000,00605100,317,0x002d4c2d,0x002d4c28,21 08 12 00 61 69 48 66 69 7f 9b f1 5f f0 d6 f0 8a 92 08 21 0d ff 00,"<G0001>
<CTRL:12><CTRL:00><G0041>P・MPが全回復した
<G0001>","<G0001>
<CTRL:12><CTRL:00>HP·MP가 모두 회복됐다
<G0001>",41 08 12 00 61 69 48 66 69 6A 20 D2 AA 20 EC 20 F0 3B F8 92 08 41 0D FF 00,,"[{""offset"": -5, ""raw_hex"": ""80 0e 00 00 00"", ""kind"": ""MESSAGE_HEADER"", ""opcode"": 128, ""argument"": 0}, {""offset"": 1, ""raw_hex"": ""08"", ""kind"": ""LINE_BREAK""}, {""offset"": 2, ""raw_hex"": ""12"", ""kind"": ""UNKNOWN_CONTROL""}, {""offset"": 3, ""raw_hex"": ""00"", ""kind"": ""UNKNOWN_CONTROL""}, {""offset"": 18, ""raw_hex"": ""08"", ""kind"": ""LINE_BREAK""}, {""offset"": 20, ""raw_hex"": ""0d ff 00"", ""kind"": ""MESSAGE_END""}]",REVIEW_1,NO,필드 안내 런타임 신고 및 0x4000/0x6000 전수 조사 반영.,PROVEN: scenario field/tutorial message; member_type=0x6000.
FIELD_RESOURCE_00605100_R00740000_M6000_0002,SCENARIO,field_resource_message,DATA/00605100.MDZ,DATA/00605100.MDT,0x00740000,00605100,318,0x002d4cff,0x002d4cfa,21 08 12 00 61 69 48 66 69 7f 9b f1 5f f0 d6 f0 8a 92 08 21 0d ff 00,"<G0001>
<CTRL:12><CTRL:00><G0041>P・MPが全回復した
<G0001>","<G0001>
<CTRL:12><CTRL:00>HP·MP가 모두 회복됐다
<G0001>",41 08 12 00 61 69 48 66 69 6A 20 D2 AA 20 EC 20 F0 3B F8 92 08 41 0D FF 00,,"[{""offset"": -5, ""raw_hex"": ""80 0e 00 00 00"", ""kind"": ""MESSAGE_HEADER"", ""opcode"": 128, ""argument"": 0}, {""offset"": 1, ""raw_hex"": ""08"", ""kind"": ""LINE_BREAK""}, {""offset"": 2, ""raw_hex"": ""12"", ""kind"": ""UNKNOWN_CONTROL""}, {""offset"": 3, ""raw_hex"": ""00"", ""kind"": ""UNKNOWN_CONTROL""}, {""offset"": 18, ""raw_hex"": ""08"", ""kind"": ""LINE_BREAK""}, {""offset"": 20, ""raw_hex"": ""0d ff 00"", ""kind"": ""MESSAGE_END""}]",REVIEW_1,NO,필드 안내 런타임 신고 및 0x4000/0x6000 전수 조사 반영.,PROVEN: scenario field/tutorial message; member_type=0x6000.
FIELD_RESOURCE_00605200_R00740000_M6000_0001,SCENARIO,field_resource_message,DATA/00605200.MDZ,DATA/00605200.MDT,0x00740000,00605200,319,0x0030ca3d,0x0030ca38,21 08 12 00 61 69 48 66 69 7f 9b f1 5f f0 d6 f0 8a 92 08 21 0d ff 00,"<G0001>
<CTRL:12><CTRL:00><G0041>P・MPが全回復した
<G0001>","<G0001>
<CTRL:12><CTRL:00>HP·MP가 모두 회복됐다
<G0001>",41 08 12 00 61 69 48 66 69 6A 20 D2 AA 20 EC 20 F0 3B F8 92 08 41 0D FF 00,,"[{""offset"": -5, ""raw_hex"": ""80 0e 00 00 00"", ""kind"": ""MESSAGE_HEADER"", ""opcode"": 128, ""argument"": 0}, {""offset"": 1, ""raw_hex"": ""08"", ""kind"": ""LINE_BREAK""}, {""offset"": 2, ""raw_hex"": ""12"", ""kind"": ""UNKNOWN_CONTROL""}, {""offset"": 3, ""raw_hex"": ""00"", ""kind"": ""UNKNOWN_CONTROL""}, {""offset"": 18, ""raw_hex"": ""08"", ""kind"": ""LINE_BREAK""}, {""offset"": 20, ""raw_hex"": ""0d ff 00"", ""kind"": ""MESSAGE_END""}]",REVIEW_1,NO,필드 안내 런타임 신고 및 0x4000/0x6000 전수 조사 반영.,PROVEN: scenario field/tutorial message; member_type=0x6000.
FIELD_RESOURCE_00605200_R00740000_M6000_0002,SCENARIO,field_resource_message,DATA/00605200.MDZ,DATA/00605200.MDT,0x00740000,00605200,320,0x0030cb0f,0x0030cb0a,21 08 12 00 61 69 48 66 69 7f 9b f1 5f f0 d6 f0 8a 92 08 21 0d ff 00,"<G0001>
<CTRL:12><CTRL:00><G0041>P・MPが全回復した
<G0001>","<G0001>
<CTRL:12><CTRL:00>HP·MP가 모두 회복됐다
<G0001>",41 08 12 00 61 69 48 66 69 6A 20 D2 AA 20 EC 20 F0 3B F8 92 08 41 0D FF 00,,"[{""offset"": -5, ""raw_hex"": ""80 0e 00 00 00"", ""kind"": ""MESSAGE_HEADER"", ""opcode"": 128, ""argument"": 0}, {""offset"": 1, ""raw_hex"": ""08"", ""kind"": ""LINE_BREAK""}, {""offset"": 2, ""raw_hex"": ""12"", ""kind"": ""UNKNOWN_CONTROL""}, {""offset"": 3, ""raw_hex"": ""00"", ""kind"": ""UNKNOWN_CONTROL""}, {""offset"": 18, ""raw_hex"": ""08"", ""kind"": ""LINE_BREAK""}, {""offset"": 20, ""raw_hex"": ""0d ff 00"", ""kind"": ""MESSAGE_END""}]",REVIEW_1,NO,필드 안내 런타임 신고 및 0x4000/0x6000 전수 조사 반영.,PROVEN: scenario field/tutorial message; member_type=0x6000.
FIELD_RESOURCE_00630000_R00740000_M6000_0001,SCENARIO,field_resource_message,DATA/00630000.MDZ,DATA/00630000.MDT,0x00740000,00630000,321,0x006fc6dd,0x006fc6d8,21 08 12 00 61 69 48 66 69 7f 9b f1 5f f0 d6 f0 8a 92 08 21 0d ff 00,"<G0001>
<CTRL:12><CTRL:00><G0041>P・MPが全回復した
<G0001>","<G0001>
<CTRL:12><CTRL:00>HP·MP가 모두 회복됐다
<G0001>",41 08 12 00 61 69 48 66 69 6A 20 D2 AA 20 EC 20 F0 3B F8 92 08 41 0D FF 00,,"[{""offset"": -5, ""raw_hex"": ""80 0e 00 00 00"", ""kind"": ""MESSAGE_HEADER"", ""opcode"": 128, ""argument"": 0}, {""offset"": 1, ""raw_hex"": ""08"", ""kind"": ""LINE_BREAK""}, {""offset"": 2, ""raw_hex"": ""12"", ""kind"": ""UNKNOWN_CONTROL""}, {""offset"": 3, ""raw_hex"": ""00"", ""kind"": ""UNKNOWN_CONTROL""}, {""offset"": 18, ""raw_hex"": ""08"", ""kind"": ""LINE_BREAK""}, {""offset"": 20, ""raw_hex"": ""0d ff 00"", ""kind"": ""MESSAGE_END""}]",REVIEW_1,NO,필드 안내 런타임 신고 및 0x4000/0x6000 전수 조사 반영.,PROVEN: scenario field/tutorial message; member_type=0x6000.
FIELD_RESOURCE_00630000_R00740000_M6000_0002,SCENARIO,field_resource_message,DATA/00630000.MDZ,DATA/00630000.MDT,0x00740000,00630000,322,0x006fc7af,0x006fc7aa,21 08 12 00 61 69 48 66 69 7f 9b f1 5f f0 d6 f0 8a 92 08 21 0d ff 00,"<G0001>
<CTRL:12><CTRL:00><G0041>P・MPが全回復した
<G0001>","<G0001>
<CTRL:12><CTRL:00>HP·MP가 모두 회복됐다
<G0001>",41 08 12 00 61 69 48 66 69 6A 20 D2 AA 20 EC 20 F0 3B F8 92 08 41 0D FF 00,,"[{""offset"": -5, ""raw_hex"": ""80 0e 00 00 00"", ""kind"": ""MESSAGE_HEADER"", ""opcode"": 128, ""argument"": 0}, {""offset"": 1, ""raw_hex"": ""08"", ""kind"": ""LINE_BREAK""}, {""offset"": 2, ""raw_hex"": ""12"", ""kind"": ""UNKNOWN_CONTROL""}, {""offset"": 3, ""raw_hex"": ""00"", ""kind"": ""UNKNOWN_CONTROL""}, {""offset"": 18, ""raw_hex"": ""08"", ""kind"": ""LINE_BREAK""}, {""offset"": 20, ""raw_hex"": ""0d ff 00"", ""kind"": ""MESSAGE_END""}]",REVIEW_1,NO,필드 안내 런타임 신고 및 0x4000/0x6000 전수 조사 반영.,PROVEN: scenario field/tutorial message; member_type=0x6000.
FIELD_RESOURCE_00630100_R00740000_M6000_0001,SCENARIO,field_resource_message,DATA/00630100.MDZ,DATA/00630100.MDT,0x00740000,00630100,323,0x0037317d,0x00373178,21 08 12 00 61 69 48 66 69 7f 9b f1 5f f0 d6 f0 8a 92 08 21 0d ff 00,"<G0001>
<CTRL:12><CTRL:00><G0041>P・MPが全回復した
<G0001>","<G0001>
<CTRL:12><CTRL:00>HP·MP가 모두 회복됐다
<G0001>",41 08 12 00 61 69 48 66 69 6A 20 D2 AA 20 EC 20 F0 3B F8 92 08 41 0D FF 00,,"[{""offset"": -5, ""raw_hex"": ""80 0e 00 00 00"", ""kind"": ""MESSAGE_HEADER"", ""opcode"": 128, ""argument"": 0}, {""offset"": 1, ""raw_hex"": ""08"", ""kind"": ""LINE_BREAK""}, {""offset"": 2, ""raw_hex"": ""12"", ""kind"": ""UNKNOWN_CONTROL""}, {""offset"": 3, ""raw_hex"": ""00"", ""kind"": ""UNKNOWN_CONTROL""}, {""offset"": 18, ""raw_hex"": ""08"", ""kind"": ""LINE_BREAK""}, {""offset"": 20, ""raw_hex"": ""0d ff 00"", ""kind"": ""MESSAGE_END""}]",REVIEW_1,NO,필드 안내 런타임 신고 및 0x4000/0x6000 전수 조사 반영.,PROVEN: scenario field/tutorial message; member_type=0x6000.
FIELD_RESOURCE_00630100_R00740000_M6000_0002,SCENARIO,field_resource_message,DATA/00630100.MDZ,DATA/00630100.MDT,0x00740000,00630100,324,0x0037324f,0x0037324a,21 08 12 00 61 69 48 66 69 7f 9b f1 5f f0 d6 f0 8a 92 08 21 0d ff 00,"<G0001>
<CTRL:12><CTRL:00><G0041>P・MPが全回復した
<G0001>","<G0001>
<CTRL:12><CTRL:00>HP·MP가 모두 회복됐다
<G0001>",41 08 12 00 61 69 48 66 69 6A 20 D2 AA 20 EC 20 F0 3B F8 92 08 41 0D FF 00,,"[{""offset"": -5, ""raw_hex"": ""80 0e 00 00 00"", ""kind"": ""MESSAGE_HEADER"", ""opcode"": 128, ""argument"": 0}, {""offset"": 1, ""raw_hex"": ""08"", ""kind"": ""LINE_BREAK""}, {""offset"": 2, ""raw_hex"": ""12"", ""kind"": ""UNKNOWN_CONTROL""}, {""offset"": 3, ""raw_hex"": ""00"", ""kind"": ""UNKNOWN_CONTROL""}, {""offset"": 18, ""raw_hex"": ""08"", ""kind"": ""LINE_BREAK""}, {""offset"": 20, ""raw_hex"": ""0d ff 00"", ""kind"": ""MESSAGE_END""}]",REVIEW_1,NO,필드 안내 런타임 신고 및 0x4000/0x6000 전수 조사 반영.,PROVEN: scenario field/tutorial message; member_type=0x6000.
FIELD_RESOURCE_00630200_R00740000_M6000_0001,SCENARIO,field_resource_message,DATA/00630200.MDZ,DATA/00630200.MDT,0x00740000,00630200,325,0x001cedfd,0x001cedf8,21 08 12 00 61 69 48 66 69 7f 9b f1 5f f0 d6 f0 8a 92 08 21 0d ff 00,"<G0001>
<CTRL:12><CTRL:00><G0041>P・MPが全回復した
<G0001>","<G0001>
<CTRL:12><CTRL:00>HP·MP가 모두 회복됐다
<G0001>",41 08 12 00 61 69 48 66 69 6A 20 D2 AA 20 EC 20 F0 3B F8 92 08 41 0D FF 00,,"[{""offset"": -5, ""raw_hex"": ""80 0e 00 00 00"", ""kind"": ""MESSAGE_HEADER"", ""opcode"": 128, ""argument"": 0}, {""offset"": 1, ""raw_hex"": ""08"", ""kind"": ""LINE_BREAK""}, {""offset"": 2, ""raw_hex"": ""12"", ""kind"": ""UNKNOWN_CONTROL""}, {""offset"": 3, ""raw_hex"": ""00"", ""kind"": ""UNKNOWN_CONTROL""}, {""offset"": 18, ""raw_hex"": ""08"", ""kind"": ""LINE_BREAK""}, {""offset"": 20, ""raw_hex"": ""0d ff 00"", ""kind"": ""MESSAGE_END""}]",REVIEW_1,NO,필드 안내 런타임 신고 및 0x4000/0x6000 전수 조사 반영.,PROVEN: scenario field/tutorial message; member_type=0x6000.
FIELD_RESOURCE_00630200_R00740000_M6000_0002,SCENARIO,field_resource_message,DATA/00630200.MDZ,DATA/00630200.MDT,0x00740000,00630200,326,0x001ceecf,0x001ceeca,21 08 12 00 61 69 48 66 69 7f 9b f1 5f f0 d6 f0 8a 92 08 21 0d ff 00,"<G0001>
<CTRL:12><CTRL:00><G0041>P・MPが全回復した
<G0001>","<G0001>
<CTRL:12><CTRL:00>HP·MP가 모두 회복됐다
<G0001>",41 08 12 00 61 69 48 66 69 6A 20 D2 AA 20 EC 20 F0 3B F8 92 08 41 0D FF 00,,"[{""offset"": -5, ""raw_hex"": ""80 0e 00 00 00"", ""kind"": ""MESSAGE_HEADER"", ""opcode"": 128, ""argument"": 0}, {""offset"": 1, ""raw_hex"": ""08"", ""kind"": ""LINE_BREAK""}, {""offset"": 2, ""raw_hex"": ""12"", ""kind"": ""UNKNOWN_CONTROL""}, {""offset"": 3, ""raw_hex"": ""00"", ""kind"": ""UNKNOWN_CONTROL""}, {""offset"": 18, ""raw_hex"": ""08"", ""kind"": ""LINE_BREAK""}, {""offset"": 20, ""raw_hex"": ""0d ff 00"", ""kind"": ""MESSAGE_END""}]",REVIEW_1,NO,필드 안내 런타임 신고 및 0x4000/0x6000 전수 조사 반영.,PROVEN: scenario field/tutorial message; member_type=0x6000.
FIELD_RESOURCE_00630300_R00740000_M6000_0001,SCENARIO,field_resource_message,DATA/00630300.MDZ,DATA/00630300.MDT,0x00740000,00630300,327,0x00244aad,0x00244aa8,21 08 12 00 61 69 48 66 69 7f 9b f1 5f f0 d6 f0 8a 92 08 21 0d ff 00,"<G0001>
<CTRL:12><CTRL:00><G0041>P・MPが全回復した
<G0001>","<G0001>
<CTRL:12><CTRL:00>HP·MP가 모두 회복됐다
<G0001>",41 08 12 00 61 69 48 66 69 6A 20 D2 AA 20 EC 20 F0 3B F8 92 08 41 0D FF 00,,"[{""offset"": -5, ""raw_hex"": ""80 0e 00 00 00"", ""kind"": ""MESSAGE_HEADER"", ""opcode"": 128, ""argument"": 0}, {""offset"": 1, ""raw_hex"": ""08"", ""kind"": ""LINE_BREAK""}, {""offset"": 2, ""raw_hex"": ""12"", ""kind"": ""UNKNOWN_CONTROL""}, {""offset"": 3, ""raw_hex"": ""00"", ""kind"": ""UNKNOWN_CONTROL""}, {""offset"": 18, ""raw_hex"": ""08"", ""kind"": ""LINE_BREAK""}, {""offset"": 20, ""raw_hex"": ""0d ff 00"", ""kind"": ""MESSAGE_END""}]",REVIEW_1,NO,필드 안내 런타임 신고 및 0x4000/0x6000 전수 조사 반영.,PROVEN: scenario field/tutorial message; member_type=0x6000.
FIELD_RESOURCE_00630300_R00740000_M6000_0002,SCENARIO,field_resource_message,DATA/00630300.MDZ,DATA/00630300.MDT,0x00740000,00630300,328,0x00244b7f,0x00244b7a,21 08 12 00 61 69 48 66 69 7f 9b f1 5f f0 d6 f0 8a 92 08 21 0d ff 00,"<G0001>
<CTRL:12><CTRL:00><G0041>P・MPが全回復した
<G0001>","<G0001>
<CTRL:12><CTRL:00>HP·MP가 모두 회복됐다
<G0001>",41 08 12 00 61 69 48 66 69 6A 20 D2 AA 20 EC 20 F0 3B F8 92 08 41 0D FF 00,,"[{""offset"": -5, ""raw_hex"": ""80 0e 00 00 00"", ""kind"": ""MESSAGE_HEADER"", ""opcode"": 128, ""argument"": 0}, {""offset"": 1, ""raw_hex"": ""08"", ""kind"": ""LINE_BREAK""}, {""offset"": 2, ""raw_hex"": ""12"", ""kind"": ""UNKNOWN_CONTROL""}, {""offset"": 3, ""raw_hex"": ""00"", ""kind"": ""UNKNOWN_CONTROL""}, {""offset"": 18, ""raw_hex"": ""08"", ""kind"": ""LINE_BREAK""}, {""offset"": 20, ""raw_hex"": ""0d ff 00"", ""kind"": ""MESSAGE_END""}]",REVIEW_1,NO,필드 안내 런타임 신고 및 0x4000/0x6000 전수 조사 반영.,PROVEN: scenario field/tutorial message; member_type=0x6000.
FIELD_RESOURCE_00630400_R00740000_M6000_0001,SCENARIO,field_resource_message,DATA/00630400.MDZ,DATA/00630400.MDT,0x00740000,00630400,329,0x0024f33d,0x0024f338,21 08 12 00 61 69 48 66 69 7f 9b f1 5f f0 d6 f0 8a 92 08 21 0d ff 00,"<G0001>
<CTRL:12><CTRL:00><G0041>P・MPが全回復した
<G0001>","<G0001>
<CTRL:12><CTRL:00>HP·MP가 모두 회복됐다
<G0001>",41 08 12 00 61 69 48 66 69 6A 20 D2 AA 20 EC 20 F0 3B F8 92 08 41 0D FF 00,,"[{""offset"": -5, ""raw_hex"": ""80 0e 00 00 00"", ""kind"": ""MESSAGE_HEADER"", ""opcode"": 128, ""argument"": 0}, {""offset"": 1, ""raw_hex"": ""08"", ""kind"": ""LINE_BREAK""}, {""offset"": 2, ""raw_hex"": ""12"", ""kind"": ""UNKNOWN_CONTROL""}, {""offset"": 3, ""raw_hex"": ""00"", ""kind"": ""UNKNOWN_CONTROL""}, {""offset"": 18, ""raw_hex"": ""08"", ""kind"": ""LINE_BREAK""}, {""offset"": 20, ""raw_hex"": ""0d ff 00"", ""kind"": ""MESSAGE_END""}]",REVIEW_1,NO,필드 안내 런타임 신고 및 0x4000/0x6000 전수 조사 반영.,PROVEN: scenario field/tutorial message; member_type=0x6000.
FIELD_RESOURCE_00630400_R00740000_M6000_0002,SCENARIO,field_resource_message,DATA/00630400.MDZ,DATA/00630400.MDT,0x00740000,00630400,330,0x0024f40f,0x0024f40a,21 08 12 00 61 69 48 66 69 7f 9b f1 5f f0 d6 f0 8a 92 08 21 0d ff 00,"<G0001>
<CTRL:12><CTRL:00><G0041>P・MPが全回復した
<G0001>","<G0001>
<CTRL:12><CTRL:00>HP·MP가 모두 회복됐다
<G0001>",41 08 12 00 61 69 48 66 69 6A 20 D2 AA 20 EC 20 F0 3B F8 92 08 41 0D FF 00,,"[{""offset"": -5, ""raw_hex"": ""80 0e 00 00 00"", ""kind"": ""MESSAGE_HEADER"", ""opcode"": 128, ""argument"": 0}, {""offset"": 1, ""raw_hex"": ""08"", ""kind"": ""LINE_BREAK""}, {""offset"": 2, ""raw_hex"": ""12"", ""kind"": ""UNKNOWN_CONTROL""}, {""offset"": 3, ""raw_hex"": ""00"", ""kind"": ""UNKNOWN_CONTROL""}, {""offset"": 18, ""raw_hex"": ""08"", ""kind"": ""LINE_BREAK""}, {""offset"": 20, ""raw_hex"": ""0d ff 00"", ""kind"": ""MESSAGE_END""}]",REVIEW_1,NO,필드 안내 런타임 신고 및 0x4000/0x6000 전수 조사 반영.,PROVEN: scenario field/tutorial message; member_type=0x6000.
FIELD_RESOURCE_00630500_R00740000_M6000_0001,SCENARIO,field_resource_message,DATA/00630500.MDZ,DATA/00630500.MDT,0x00740000,00630500,331,0x0035083d,0x00350838,21 08 12 00 61 69 48 66 69 7f 9b f1 5f f0 d6 f0 8a 92 08 21 0d ff 00,"<G0001>
<CTRL:12><CTRL:00><G0041>P・MPが全回復した
<G0001>","<G0001>
<CTRL:12><CTRL:00>HP·MP가 모두 회복됐다
<G0001>",41 08 12 00 61 69 48 66 69 6A 20 D2 AA 20 EC 20 F0 3B F8 92 08 41 0D FF 00,,"[{""offset"": -5, ""raw_hex"": ""80 0e 00 00 00"", ""kind"": ""MESSAGE_HEADER"", ""opcode"": 128, ""argument"": 0}, {""offset"": 1, ""raw_hex"": ""08"", ""kind"": ""LINE_BREAK""}, {""offset"": 2, ""raw_hex"": ""12"", ""kind"": ""UNKNOWN_CONTROL""}, {""offset"": 3, ""raw_hex"": ""00"", ""kind"": ""UNKNOWN_CONTROL""}, {""offset"": 18, ""raw_hex"": ""08"", ""kind"": ""LINE_BREAK""}, {""offset"": 20, ""raw_hex"": ""0d ff 00"", ""kind"": ""MESSAGE_END""}]",REVIEW_1,NO,필드 안내 런타임 신고 및 0x4000/0x6000 전수 조사 반영.,PROVEN: scenario field/tutorial message; member_type=0x6000.
FIELD_RESOURCE_00630500_R00740000_M6000_0002,SCENARIO,field_resource_message,DATA/00630500.MDZ,DATA/00630500.MDT,0x00740000,00630500,332,0x0035090f,0x0035090a,21 08 12 00 61 69 48 66 69 7f 9b f1 5f f0 d6 f0 8a 92 08 21 0d ff 00,"<G0001>
<CTRL:12><CTRL:00><G0041>P・MPが全回復した
<G0001>","<G0001>
<CTRL:12><CTRL:00>HP·MP가 모두 회복됐다
<G0001>",41 08 12 00 61 69 48 66 69 6A 20 D2 AA 20 EC 20 F0 3B F8 92 08 41 0D FF 00,,"[{""offset"": -5, ""raw_hex"": ""80 0e 00 00 00"", ""kind"": ""MESSAGE_HEADER"", ""opcode"": 128, ""argument"": 0}, {""offset"": 1, ""raw_hex"": ""08"", ""kind"": ""LINE_BREAK""}, {""offset"": 2, ""raw_hex"": ""12"", ""kind"": ""UNKNOWN_CONTROL""}, {""offset"": 3, ""raw_hex"": ""00"", ""kind"": ""UNKNOWN_CONTROL""}, {""offset"": 18, ""raw_hex"": ""08"", ""kind"": ""LINE_BREAK""}, {""offset"": 20, ""raw_hex"": ""0d ff 00"", ""kind"": ""MESSAGE_END""}]",REVIEW_1,NO,필드 안내 런타임 신고 및 0x4000/0x6000 전수 조사 반영.,PROVEN: scenario field/tutorial message; member_type=0x6000.
FIELD_RESOURCE_00630600_R00740000_M6000_0001,SCENARIO,field_resource_message,DATA/00630600.MDZ,DATA/00630600.MDT,0x00740000,00630600,333,0x002603bd,0x002603b8,21 08 12 00 61 69 48 66 69 7f 9b f1 5f f0 d6 f0 8a 92 08 21 0d ff 00,"<G0001>
<CTRL:12><CTRL:00><G0041>P・MPが全回復した
<G0001>","<G0001>
<CTRL:12><CTRL:00>HP·MP가 모두 회복됐다
<G0001>",41 08 12 00 61 69 48 66 69 6A 20 D2 AA 20 EC 20 F0 3B F8 92 08 41 0D FF 00,,"[{""offset"": -5, ""raw_hex"": ""80 0e 00 00 00"", ""kind"": ""MESSAGE_HEADER"", ""opcode"": 128, ""argument"": 0}, {""offset"": 1, ""raw_hex"": ""08"", ""kind"": ""LINE_BREAK""}, {""offset"": 2, ""raw_hex"": ""12"", ""kind"": ""UNKNOWN_CONTROL""}, {""offset"": 3, ""raw_hex"": ""00"", ""kind"": ""UNKNOWN_CONTROL""}, {""offset"": 18, ""raw_hex"": ""08"", ""kind"": ""LINE_BREAK""}, {""offset"": 20, ""raw_hex"": ""0d ff 00"", ""kind"": ""MESSAGE_END""}]",REVIEW_1,NO,필드 안내 런타임 신고 및 0x4000/0x6000 전수 조사 반영.,PROVEN: scenario field/tutorial message; member_type=0x6000.
FIELD_RESOURCE_00630600_R00740000_M6000_0002,SCENARIO,field_resource_message,DATA/00630600.MDZ,DATA/00630600.MDT,0x00740000,00630600,334,0x0026048f,0x0026048a,21 08 12 00 61 69 48 66 69 7f 9b f1 5f f0 d6 f0 8a 92 08 21 0d ff 00,"<G0001>
<CTRL:12><CTRL:00><G0041>P・MPが全回復した
<G0001>","<G0001>
<CTRL:12><CTRL:00>HP·MP가 모두 회복됐다
<G0001>",41 08 12 00 61 69 48 66 69 6A 20 D2 AA 20 EC 20 F0 3B F8 92 08 41 0D FF 00,,"[{""offset"": -5, ""raw_hex"": ""80 0e 00 00 00"", ""kind"": ""MESSAGE_HEADER"", ""opcode"": 128, ""argument"": 0}, {""offset"": 1, ""raw_hex"": ""08"", ""kind"": ""LINE_BREAK""}, {""offset"": 2, ""raw_hex"": ""12"", ""kind"": ""UNKNOWN_CONTROL""}, {""offset"": 3, ""raw_hex"": ""00"", ""kind"": ""UNKNOWN_CONTROL""}, {""offset"": 18, ""raw_hex"": ""08"", ""kind"": ""LINE_BREAK""}, {""offset"": 20, ""raw_hex"": ""0d ff 00"", ""kind"": ""MESSAGE_END""}]",REVIEW_1,NO,필드 안내 런타임 신고 및 0x4000/0x6000 전수 조사 반영.,PROVEN: scenario field/tutorial message; member_type=0x6000.
FIELD_RESOURCE_00630700_R00740000_M6000_0001,SCENARIO,field_resource_message,DATA/00630700.MDZ,DATA/00630700.MDT,0x00740000,00630700,335,0x0033eded,0x0033ede8,21 08 12 00 61 69 48 66 69 7f 9b f1 5f f0 d6 f0 8a 92 08 21 0d ff 00,"<G0001>
<CTRL:12><CTRL:00><G0041>P・MPが全回復した
<G0001>","<G0001>
<CTRL:12><CTRL:00>HP·MP가 모두 회복됐다
<G0001>",41 08 12 00 61 69 48 66 69 6A 20 D2 AA 20 EC 20 F0 3B F8 92 08 41 0D FF 00,,"[{""offset"": -5, ""raw_hex"": ""80 0e 00 00 00"", ""kind"": ""MESSAGE_HEADER"", ""opcode"": 128, ""argument"": 0}, {""offset"": 1, ""raw_hex"": ""08"", ""kind"": ""LINE_BREAK""}, {""offset"": 2, ""raw_hex"": ""12"", ""kind"": ""UNKNOWN_CONTROL""}, {""offset"": 3, ""raw_hex"": ""00"", ""kind"": ""UNKNOWN_CONTROL""}, {""offset"": 18, ""raw_hex"": ""08"", ""kind"": ""LINE_BREAK""}, {""offset"": 20, ""raw_hex"": ""0d ff 00"", ""kind"": ""MESSAGE_END""}]",REVIEW_1,NO,필드 안내 런타임 신고 및 0x4000/0x6000 전수 조사 반영.,PROVEN: scenario field/tutorial message; member_type=0x6000.
FIELD_RESOURCE_00630700_R00740000_M6000_0002,SCENARIO,field_resource_message,DATA/00630700.MDZ,DATA/00630700.MDT,0x00740000,00630700,336,0x0033eebf,0x0033eeba,21 08 12 00 61 69 48 66 69 7f 9b f1 5f f0 d6 f0 8a 92 08 21 0d ff 00,"<G0001>
<CTRL:12><CTRL:00><G0041>P・MPが全回復した
<G0001>","<G0001>
<CTRL:12><CTRL:00>HP·MP가 모두 회복됐다
<G0001>",41 08 12 00 61 69 48 66 69 6A 20 D2 AA 20 EC 20 F0 3B F8 92 08 41 0D FF 00,,"[{""offset"": -5, ""raw_hex"": ""80 0e 00 00 00"", ""kind"": ""MESSAGE_HEADER"", ""opcode"": 128, ""argument"": 0}, {""offset"": 1, ""raw_hex"": ""08"", ""kind"": ""LINE_BREAK""}, {""offset"": 2, ""raw_hex"": ""12"", ""kind"": ""UNKNOWN_CONTROL""}, {""offset"": 3, ""raw_hex"": ""00"", ""kind"": ""UNKNOWN_CONTROL""}, {""offset"": 18, ""raw_hex"": ""08"", ""kind"": ""LINE_BREAK""}, {""offset"": 20, ""raw_hex"": ""0d ff 00"", ""kind"": ""MESSAGE_END""}]",REVIEW_1,NO,필드 안내 런타임 신고 및 0x4000/0x6000 전수 조사 반영.,PROVEN: scenario field/tutorial message; member_type=0x6000.
FIELD_RESOURCE_00630800_R00740000_M6000_0001,SCENARIO,field_resource_message,DATA/00630800.MDZ,DATA/00630800.MDT,0x00740000,00630800,337,0x0035177d,0x00351778,21 08 12 00 61 69 48 66 69 7f 9b f1 5f f0 d6 f0 8a 92 08 21 0d ff 00,"<G0001>
<CTRL:12><CTRL:00><G0041>P・MPが全回復した
<G0001>","<G0001>
<CTRL:12><CTRL:00>HP·MP가 모두 회복됐다
<G0001>",41 08 12 00 61 69 48 66 69 6A 20 D2 AA 20 EC 20 F0 3B F8 92 08 41 0D FF 00,,"[{""offset"": -5, ""raw_hex"": ""80 0e 00 00 00"", ""kind"": ""MESSAGE_HEADER"", ""opcode"": 128, ""argument"": 0}, {""offset"": 1, ""raw_hex"": ""08"", ""kind"": ""LINE_BREAK""}, {""offset"": 2, ""raw_hex"": ""12"", ""kind"": ""UNKNOWN_CONTROL""}, {""offset"": 3, ""raw_hex"": ""00"", ""kind"": ""UNKNOWN_CONTROL""}, {""offset"": 18, ""raw_hex"": ""08"", ""kind"": ""LINE_BREAK""}, {""offset"": 20, ""raw_hex"": ""0d ff 00"", ""kind"": ""MESSAGE_END""}]",REVIEW_1,NO,필드 안내 런타임 신고 및 0x4000/0x6000 전수 조사 반영.,PROVEN: scenario field/tutorial message; member_type=0x6000.
FIELD_RESOURCE_00630800_R00740000_M6000_0002,SCENARIO,field_resource_message,DATA/00630800.MDZ,DATA/00630800.MDT,0x00740000,00630800,338,0x0035184f,0x0035184a,21 08 12 00 61 69 48 66 69 7f 9b f1 5f f0 d6 f0 8a 92 08 21 0d ff 00,"<G0001>
<CTRL:12><CTRL:00><G0041>P・MPが全回復した
<G0001>","<G0001>
<CTRL:12><CTRL:00>HP·MP가 모두 회복됐다
<G0001>",41 08 12 00 61 69 48 66 69 6A 20 D2 AA 20 EC 20 F0 3B F8 92 08 41 0D FF 00,,"[{""offset"": -5, ""raw_hex"": ""80 0e 00 00 00"", ""kind"": ""MESSAGE_HEADER"", ""opcode"": 128, ""argument"": 0}, {""offset"": 1, ""raw_hex"": ""08"", ""kind"": ""LINE_BREAK""}, {""offset"": 2, ""raw_hex"": ""12"", ""kind"": ""UNKNOWN_CONTROL""}, {""offset"": 3, ""raw_hex"": ""00"", ""kind"": ""UNKNOWN_CONTROL""}, {""offset"": 18, ""raw_hex"": ""08"", ""kind"": ""LINE_BREAK""}, {""offset"": 20, ""raw_hex"": ""0d ff 00"", ""kind"": ""MESSAGE_END""}]",REVIEW_1,NO,필드 안내 런타임 신고 및 0x4000/0x6000 전수 조사 반영.,PROVEN: scenario field/tutorial message; member_type=0x6000.
FIELD_RESOURCE_00630900_R00740000_M6000_0001,SCENARIO,field_resource_message,DATA/00630900.MDZ,DATA/00630900.MDT,0x00740000,00630900,339,0x0034140d,0x00341408,21 08 12 00 61 69 48 66 69 7f 9b f1 5f f0 d6 f0 8a 92 08 21 0d ff 00,"<G0001>
<CTRL:12><CTRL:00><G0041>P・MPが全回復した
<G0001>","<G0001>
<CTRL:12><CTRL:00>HP·MP가 모두 회복됐다
<G0001>",41 08 12 00 61 69 48 66 69 6A 20 D2 AA 20 EC 20 F0 3B F8 92 08 41 0D FF 00,,"[{""offset"": -5, ""raw_hex"": ""80 0e 00 00 00"", ""kind"": ""MESSAGE_HEADER"", ""opcode"": 128, ""argument"": 0}, {""offset"": 1, ""raw_hex"": ""08"", ""kind"": ""LINE_BREAK""}, {""offset"": 2, ""raw_hex"": ""12"", ""kind"": ""UNKNOWN_CONTROL""}, {""offset"": 3, ""raw_hex"": ""00"", ""kind"": ""UNKNOWN_CONTROL""}, {""offset"": 18, ""raw_hex"": ""08"", ""kind"": ""LINE_BREAK""}, {""offset"": 20, ""raw_hex"": ""0d ff 00"", ""kind"": ""MESSAGE_END""}]",REVIEW_1,NO,필드 안내 런타임 신고 및 0x4000/0x6000 전수 조사 반영.,PROVEN: scenario field/tutorial message; member_type=0x6000.
FIELD_RESOURCE_00630900_R00740000_M6000_0002,SCENARIO,field_resource_message,DATA/00630900.MDZ,DATA/00630900.MDT,0x00740000,00630900,340,0x003414df,0x003414da,21 08 12 00 61 69 48 66 69 7f 9b f1 5f f0 d6 f0 8a 92 08 21 0d ff 00,"<G0001>
<CTRL:12><CTRL:00><G0041>P・MPが全回復した
<G0001>","<G0001>
<CTRL:12><CTRL:00>HP·MP가 모두 회복됐다
<G0001>",41 08 12 00 61 69 48 66 69 6A 20 D2 AA 20 EC 20 F0 3B F8 92 08 41 0D FF 00,,"[{""offset"": -5, ""raw_hex"": ""80 0e 00 00 00"", ""kind"": ""MESSAGE_HEADER"", ""opcode"": 128, ""argument"": 0}, {""offset"": 1, ""raw_hex"": ""08"", ""kind"": ""LINE_BREAK""}, {""offset"": 2, ""raw_hex"": ""12"", ""kind"": ""UNKNOWN_CONTROL""}, {""offset"": 3, ""raw_hex"": ""00"", ""kind"": ""UNKNOWN_CONTROL""}, {""offset"": 18, ""raw_hex"": ""08"", ""kind"": ""LINE_BREAK""}, {""offset"": 20, ""raw_hex"": ""0d ff 00"", ""kind"": ""MESSAGE_END""}]",REVIEW_1,NO,필드 안내 런타임 신고 및 0x4000/0x6000 전수 조사 반영.,PROVEN: scenario field/tutorial message; member_type=0x6000.
FIELD_RESOURCE_00635000_R00740000_M6000_0001,SCENARIO,field_resource_message,DATA/00635000.MDZ,DATA/00635000.MDT,0x00740000,00635000,341,0x0082fb1d,0x0082fb18,21 08 12 00 61 69 48 66 69 7f 9b f1 5f f0 d6 f0 8a 92 08 21 0d ff 00,"<G0001>
<CTRL:12><CTRL:00><G0041>P・MPが全回復した
<G0001>","<G0001>
<CTRL:12><CTRL:00>HP·MP가 모두 회복됐다
<G0001>",41 08 12 00 61 69 48 66 69 6A 20 D2 AA 20 EC 20 F0 3B F8 92 08 41 0D FF 00,,"[{""offset"": -5, ""raw_hex"": ""80 0e 00 00 00"", ""kind"": ""MESSAGE_HEADER"", ""opcode"": 128, ""argument"": 0}, {""offset"": 1, ""raw_hex"": ""08"", ""kind"": ""LINE_BREAK""}, {""offset"": 2, ""raw_hex"": ""12"", ""kind"": ""UNKNOWN_CONTROL""}, {""offset"": 3, ""raw_hex"": ""00"", ""kind"": ""UNKNOWN_CONTROL""}, {""offset"": 18, ""raw_hex"": ""08"", ""kind"": ""LINE_BREAK""}, {""offset"": 20, ""raw_hex"": ""0d ff 00"", ""kind"": ""MESSAGE_END""}]",REVIEW_1,NO,필드 안내 런타임 신고 및 0x4000/0x6000 전수 조사 반영.,PROVEN: scenario field/tutorial message; member_type=0x6000.
FIELD_RESOURCE_00635000_R00740000_M6000_0002,SCENARIO,field_resource_message,DATA/00635000.MDZ,DATA/00635000.MDT,0x00740000,00635000,342,0x0082fbef,0x0082fbea,21 08 12 00 61 69 48 66 69 7f 9b f1 5f f0 d6 f0 8a 92 08 21 0d ff 00,"<G0001>
<CTRL:12><CTRL:00><G0041>P・MPが全回復した
<G0001>","<G0001>
<CTRL:12><CTRL:00>HP·MP가 모두 회복됐다
<G0001>",41 08 12 00 61 69 48 66 69 6A 20 D2 AA 20 EC 20 F0 3B F8 92 08 41 0D FF 00,,"[{""offset"": -5, ""raw_hex"": ""80 0e 00 00 00"", ""kind"": ""MESSAGE_HEADER"", ""opcode"": 128, ""argument"": 0}, {""offset"": 1, ""raw_hex"": ""08"", ""kind"": ""LINE_BREAK""}, {""offset"": 2, ""raw_hex"": ""12"", ""kind"": ""UNKNOWN_CONTROL""}, {""offset"": 3, ""raw_hex"": ""00"", ""kind"": ""UNKNOWN_CONTROL""}, {""offset"": 18, ""raw_hex"": ""08"", ""kind"": ""LINE_BREAK""}, {""offset"": 20, ""raw_hex"": ""0d ff 00"", ""kind"": ""MESSAGE_END""}]",REVIEW_1,NO,필드 안내 런타임 신고 및 0x4000/0x6000 전수 조사 반영.,PROVEN: scenario field/tutorial message; member_type=0x6000.
FIELD_RESOURCE_00660000_R00740000_M6000_0001,SCENARIO,field_resource_message,DATA/00660000.MDZ,DATA/00660000.MDT,0x00740000,00660000,343,0x0019566d,0x00195668,21 08 12 00 61 69 48 66 69 7f 9b f1 5f f0 d6 f0 8a 92 08 21 0d ff 00,"<G0001>
<CTRL:12><CTRL:00><G0041>P・MPが全回復した
<G0001>","<G0001>
<CTRL:12><CTRL:00>HP·MP가 모두 회복됐다
<G0001>",41 08 12 00 61 69 48 66 69 6A 20 D2 AA 20 EC 20 F0 3B F8 92 08 41 0D FF 00,,"[{""offset"": -5, ""raw_hex"": ""80 0e 00 00 00"", ""kind"": ""MESSAGE_HEADER"", ""opcode"": 128, ""argument"": 0}, {""offset"": 1, ""raw_hex"": ""08"", ""kind"": ""LINE_BREAK""}, {""offset"": 2, ""raw_hex"": ""12"", ""kind"": ""UNKNOWN_CONTROL""}, {""offset"": 3, ""raw_hex"": ""00"", ""kind"": ""UNKNOWN_CONTROL""}, {""offset"": 18, ""raw_hex"": ""08"", ""kind"": ""LINE_BREAK""}, {""offset"": 20, ""raw_hex"": ""0d ff 00"", ""kind"": ""MESSAGE_END""}]",REVIEW_1,NO,필드 안내 런타임 신고 및 0x4000/0x6000 전수 조사 반영.,PROVEN: scenario field/tutorial message; member_type=0x6000.
FIELD_RESOURCE_00660000_R00740000_M6000_0002,SCENARIO,field_resource_message,DATA/00660000.MDZ,DATA/00660000.MDT,0x00740000,00660000,344,0x0019573f,0x0019573a,21 08 12 00 61 69 48 66 69 7f 9b f1 5f f0 d6 f0 8a 92 08 21 0d ff 00,"<G0001>
<CTRL:12><CTRL:00><G0041>P・MPが全回復した
<G0001>","<G0001>
<CTRL:12><CTRL:00>HP·MP가 모두 회복됐다
<G0001>",41 08 12 00 61 69 48 66 69 6A 20 D2 AA 20 EC 20 F0 3B F8 92 08 41 0D FF 00,,"[{""offset"": -5, ""raw_hex"": ""80 0e 00 00 00"", ""kind"": ""MESSAGE_HEADER"", ""opcode"": 128, ""argument"": 0}, {""offset"": 1, ""raw_hex"": ""08"", ""kind"": ""LINE_BREAK""}, {""offset"": 2, ""raw_hex"": ""12"", ""kind"": ""UNKNOWN_CONTROL""}, {""offset"": 3, ""raw_hex"": ""00"", ""kind"": ""UNKNOWN_CONTROL""}, {""offset"": 18, ""raw_hex"": ""08"", ""kind"": ""LINE_BREAK""}, {""offset"": 20, ""raw_hex"": ""0d ff 00"", ""kind"": ""MESSAGE_END""}]",REVIEW_1,NO,필드 안내 런타임 신고 및 0x4000/0x6000 전수 조사 반영.,PROVEN: scenario field/tutorial message; member_type=0x6000.
FIELD_RESOURCE_00660100_R00740000_M6000_0001,SCENARIO,field_resource_message,DATA/00660100.MDZ,DATA/00660100.MDT,0x00740000,00660100,345,0x003dfdad,0x003dfda8,21 08 12 00 61 69 48 66 69 7f 9b f1 5f f0 d6 f0 8a 92 08 21 0d ff 00,"<G0001>
<CTRL:12><CTRL:00><G0041>P・MPが全回復した
<G0001>","<G0001>
<CTRL:12><CTRL:00>HP·MP가 모두 회복됐다
<G0001>",41 08 12 00 61 69 48 66 69 6A 20 D2 AA 20 EC 20 F0 3B F8 92 08 41 0D FF 00,,"[{""offset"": -5, ""raw_hex"": ""80 0e 00 00 00"", ""kind"": ""MESSAGE_HEADER"", ""opcode"": 128, ""argument"": 0}, {""offset"": 1, ""raw_hex"": ""08"", ""kind"": ""LINE_BREAK""}, {""offset"": 2, ""raw_hex"": ""12"", ""kind"": ""UNKNOWN_CONTROL""}, {""offset"": 3, ""raw_hex"": ""00"", ""kind"": ""UNKNOWN_CONTROL""}, {""offset"": 18, ""raw_hex"": ""08"", ""kind"": ""LINE_BREAK""}, {""offset"": 20, ""raw_hex"": ""0d ff 00"", ""kind"": ""MESSAGE_END""}]",REVIEW_1,NO,필드 안내 런타임 신고 및 0x4000/0x6000 전수 조사 반영.,PROVEN: scenario field/tutorial message; member_type=0x6000.
FIELD_RESOURCE_00660100_R00740000_M6000_0002,SCENARIO,field_resource_message,DATA/00660100.MDZ,DATA/00660100.MDT,0x00740000,00660100,346,0x003dfe7f,0x003dfe7a,21 08 12 00 61 69 48 66 69 7f 9b f1 5f f0 d6 f0 8a 92 08 21 0d ff 00,"<G0001>
<CTRL:12><CTRL:00><G0041>P・MPが全回復した
<G0001>","<G0001>
<CTRL:12><CTRL:00>HP·MP가 모두 회복됐다
<G0001>",41 08 12 00 61 69 48 66 69 6A 20 D2 AA 20 EC 20 F0 3B F8 92 08 41 0D FF 00,,"[{""offset"": -5, ""raw_hex"": ""80 0e 00 00 00"", ""kind"": ""MESSAGE_HEADER"", ""opcode"": 128, ""argument"": 0}, {""offset"": 1, ""raw_hex"": ""08"", ""kind"": ""LINE_BREAK""}, {""offset"": 2, ""raw_hex"": ""12"", ""kind"": ""UNKNOWN_CONTROL""}, {""offset"": 3, ""raw_hex"": ""00"", ""kind"": ""UNKNOWN_CONTROL""}, {""offset"": 18, ""raw_hex"": ""08"", ""kind"": ""LINE_BREAK""}, {""offset"": 20, ""raw_hex"": ""0d ff 00"", ""kind"": ""MESSAGE_END""}]",REVIEW_1,NO,필드 안내 런타임 신고 및 0x4000/0x6000 전수 조사 반영.,PROVEN: scenario field/tutorial message; member_type=0x6000.
FIELD_RESOURCE_00660200_R00740000_M6000_0001,SCENARIO,field_resource_message,DATA/00660200.MDZ,DATA/00660200.MDT,0x00740000,00660200,347,0x003ce1cd,0x003ce1c8,21 08 12 00 61 69 48 66 69 7f 9b f1 5f f0 d6 f0 8a 92 08 21 0d ff 00,"<G0001>
<CTRL:12><CTRL:00><G0041>P・MPが全回復した
<G0001>","<G0001>
<CTRL:12><CTRL:00>HP·MP가 모두 회복됐다
<G0001>",41 08 12 00 61 69 48 66 69 6A 20 D2 AA 20 EC 20 F0 3B F8 92 08 41 0D FF 00,,"[{""offset"": -5, ""raw_hex"": ""80 0e 00 00 00"", ""kind"": ""MESSAGE_HEADER"", ""opcode"": 128, ""argument"": 0}, {""offset"": 1, ""raw_hex"": ""08"", ""kind"": ""LINE_BREAK""}, {""offset"": 2, ""raw_hex"": ""12"", ""kind"": ""UNKNOWN_CONTROL""}, {""offset"": 3, ""raw_hex"": ""00"", ""kind"": ""UNKNOWN_CONTROL""}, {""offset"": 18, ""raw_hex"": ""08"", ""kind"": ""LINE_BREAK""}, {""offset"": 20, ""raw_hex"": ""0d ff 00"", ""kind"": ""MESSAGE_END""}]",REVIEW_1,NO,필드 안내 런타임 신고 및 0x4000/0x6000 전수 조사 반영.,PROVEN: scenario field/tutorial message; member_type=0x6000.
FIELD_RESOURCE_00660200_R00740000_M6000_0002,SCENARIO,field_resource_message,DATA/00660200.MDZ,DATA/00660200.MDT,0x00740000,00660200,348,0x003ce29f,0x003ce29a,21 08 12 00 61 69 48 66 69 7f 9b f1 5f f0 d6 f0 8a 92 08 21 0d ff 00,"<G0001>
<CTRL:12><CTRL:00><G0041>P・MPが全回復した
<G0001>","<G0001>
<CTRL:12><CTRL:00>HP·MP가 모두 회복됐다
<G0001>",41 08 12 00 61 69 48 66 69 6A 20 D2 AA 20 EC 20 F0 3B F8 92 08 41 0D FF 00,,"[{""offset"": -5, ""raw_hex"": ""80 0e 00 00 00"", ""kind"": ""MESSAGE_HEADER"", ""opcode"": 128, ""argument"": 0}, {""offset"": 1, ""raw_hex"": ""08"", ""kind"": ""LINE_BREAK""}, {""offset"": 2, ""raw_hex"": ""12"", ""kind"": ""UNKNOWN_CONTROL""}, {""offset"": 3, ""raw_hex"": ""00"", ""kind"": ""UNKNOWN_CONTROL""}, {""offset"": 18, ""raw_hex"": ""08"", ""kind"": ""LINE_BREAK""}, {""offset"": 20, ""raw_hex"": ""0d ff 00"", ""kind"": ""MESSAGE_END""}]",REVIEW_1,NO,필드 안내 런타임 신고 및 0x4000/0x6000 전수 조사 반영.,PROVEN: scenario field/tutorial message; member_type=0x6000.
FIELD_RESOURCE_00660300_R00740000_M6000_0001,SCENARIO,field_resource_message,DATA/00660300.MDZ,DATA/00660300.MDT,0x00740000,00660300,349,0x006cb82d,0x006cb828,21 08 12 00 61 69 48 66 69 7f 9b f1 5f f0 d6 f0 8a 92 08 21 0d ff 00,"<G0001>
<CTRL:12><CTRL:00><G0041>P・MPが全回復した
<G0001>","<G0001>
<CTRL:12><CTRL:00>HP·MP가 모두 회복됐다
<G0001>",41 08 12 00 61 69 48 66 69 6A 20 D2 AA 20 EC 20 F0 3B F8 92 08 41 0D FF 00,,"[{""offset"": -5, ""raw_hex"": ""80 0e 00 00 00"", ""kind"": ""MESSAGE_HEADER"", ""opcode"": 128, ""argument"": 0}, {""offset"": 1, ""raw_hex"": ""08"", ""kind"": ""LINE_BREAK""}, {""offset"": 2, ""raw_hex"": ""12"", ""kind"": ""UNKNOWN_CONTROL""}, {""offset"": 3, ""raw_hex"": ""00"", ""kind"": ""UNKNOWN_CONTROL""}, {""offset"": 18, ""raw_hex"": ""08"", ""kind"": ""LINE_BREAK""}, {""offset"": 20, ""raw_hex"": ""0d ff 00"", ""kind"": ""MESSAGE_END""}]",REVIEW_1,NO,필드 안내 런타임 신고 및 0x4000/0x6000 전수 조사 반영.,PROVEN: scenario field/tutorial message; member_type=0x6000.
FIELD_RESOURCE_00660300_R00740000_M6000_0002,SCENARIO,field_resource_message,DATA/00660300.MDZ,DATA/00660300.MDT,0x00740000,00660300,350,0x006cb8ff,0x006cb8fa,21 08 12 00 61 69 48 66 69 7f 9b f1 5f f0 d6 f0 8a 92 08 21 0d ff 00,"<G0001>
<CTRL:12><CTRL:00><G0041>P・MPが全回復した
<G0001>","<G0001>
<CTRL:12><CTRL:00>HP·MP가 모두 회복됐다
<G0001>",41 08 12 00 61 69 48 66 69 6A 20 D2 AA 20 EC 20 F0 3B F8 92 08 41 0D FF 00,,"[{""offset"": -5, ""raw_hex"": ""80 0e 00 00 00"", ""kind"": ""MESSAGE_HEADER"", ""opcode"": 128, ""argument"": 0}, {""offset"": 1, ""raw_hex"": ""08"", ""kind"": ""LINE_BREAK""}, {""offset"": 2, ""raw_hex"": ""12"", ""kind"": ""UNKNOWN_CONTROL""}, {""offset"": 3, ""raw_hex"": ""00"", ""kind"": ""UNKNOWN_CONTROL""}, {""offset"": 18, ""raw_hex"": ""08"", ""kind"": ""LINE_BREAK""}, {""offset"": 20, ""raw_hex"": ""0d ff 00"", ""kind"": ""MESSAGE_END""}]",REVIEW_1,NO,필드 안내 런타임 신고 및 0x4000/0x6000 전수 조사 반영.,PROVEN: scenario field/tutorial message; member_type=0x6000.
FIELD_RESOURCE_00660400_R00740000_M6000_0001,SCENARIO,field_resource_message,DATA/00660400.MDZ,DATA/00660400.MDT,0x00740000,00660400,351,0x0045af2d,0x0045af28,21 08 12 00 61 69 48 66 69 7f 9b f1 5f f0 d6 f0 8a 92 08 21 0d ff 00,"<G0001>
<CTRL:12><CTRL:00><G0041>P・MPが全回復した
<G0001>","<G0001>
<CTRL:12><CTRL:00>HP·MP가 모두 회복됐다
<G0001>",41 08 12 00 61 69 48 66 69 6A 20 D2 AA 20 EC 20 F0 3B F8 92 08 41 0D FF 00,,"[{""offset"": -5, ""raw_hex"": ""80 0e 00 00 00"", ""kind"": ""MESSAGE_HEADER"", ""opcode"": 128, ""argument"": 0}, {""offset"": 1, ""raw_hex"": ""08"", ""kind"": ""LINE_BREAK""}, {""offset"": 2, ""raw_hex"": ""12"", ""kind"": ""UNKNOWN_CONTROL""}, {""offset"": 3, ""raw_hex"": ""00"", ""kind"": ""UNKNOWN_CONTROL""}, {""offset"": 18, ""raw_hex"": ""08"", ""kind"": ""LINE_BREAK""}, {""offset"": 20, ""raw_hex"": ""0d ff 00"", ""kind"": ""MESSAGE_END""}]",REVIEW_1,NO,필드 안내 런타임 신고 및 0x4000/0x6000 전수 조사 반영.,PROVEN: scenario field/tutorial message; member_type=0x6000.
FIELD_RESOURCE_00660400_R00740000_M6000_0002,SCENARIO,field_resource_message,DATA/00660400.MDZ,DATA/00660400.MDT,0x00740000,00660400,352,0x0045afff,0x0045affa,21 08 12 00 61 69 48 66 69 7f 9b f1 5f f0 d6 f0 8a 92 08 21 0d ff 00,"<G0001>
<CTRL:12><CTRL:00><G0041>P・MPが全回復した
<G0001>","<G0001>
<CTRL:12><CTRL:00>HP·MP가 모두 회복됐다
<G0001>",41 08 12 00 61 69 48 66 69 6A 20 D2 AA 20 EC 20 F0 3B F8 92 08 41 0D FF 00,,"[{""offset"": -5, ""raw_hex"": ""80 0e 00 00 00"", ""kind"": ""MESSAGE_HEADER"", ""opcode"": 128, ""argument"": 0}, {""offset"": 1, ""raw_hex"": ""08"", ""kind"": ""LINE_BREAK""}, {""offset"": 2, ""raw_hex"": ""12"", ""kind"": ""UNKNOWN_CONTROL""}, {""offset"": 3, ""raw_hex"": ""00"", ""kind"": ""UNKNOWN_CONTROL""}, {""offset"": 18, ""raw_hex"": ""08"", ""kind"": ""LINE_BREAK""}, {""offset"": 20, ""raw_hex"": ""0d ff 00"", ""kind"": ""MESSAGE_END""}]",REVIEW_1,NO,필드 안내 런타임 신고 및 0x4000/0x6000 전수 조사 반영.,PROVEN: scenario field/tutorial message; member_type=0x6000.
FIELD_RESOURCE_00660500_R00740000_M6000_0001,SCENARIO,field_resource_message,DATA/00660500.MDZ,DATA/00660500.MDT,0x00740000,00660500,353,0x004374ad,0x004374a8,21 08 12 00 61 69 48 66 69 7f 9b f1 5f f0 d6 f0 8a 92 08 21 0d ff 00,"<G0001>
<CTRL:12><CTRL:00><G0041>P・MPが全回復した
<G0001>","<G0001>
<CTRL:12><CTRL:00>HP·MP가 모두 회복됐다
<G0001>",41 08 12 00 61 69 48 66 69 6A 20 D2 AA 20 EC 20 F0 3B F8 92 08 41 0D FF 00,,"[{""offset"": -5, ""raw_hex"": ""80 0e 00 00 00"", ""kind"": ""MESSAGE_HEADER"", ""opcode"": 128, ""argument"": 0}, {""offset"": 1, ""raw_hex"": ""08"", ""kind"": ""LINE_BREAK""}, {""offset"": 2, ""raw_hex"": ""12"", ""kind"": ""UNKNOWN_CONTROL""}, {""offset"": 3, ""raw_hex"": ""00"", ""kind"": ""UNKNOWN_CONTROL""}, {""offset"": 18, ""raw_hex"": ""08"", ""kind"": ""LINE_BREAK""}, {""offset"": 20, ""raw_hex"": ""0d ff 00"", ""kind"": ""MESSAGE_END""}]",REVIEW_1,NO,필드 안내 런타임 신고 및 0x4000/0x6000 전수 조사 반영.,PROVEN: scenario field/tutorial message; member_type=0x6000.
FIELD_RESOURCE_00660500_R00740000_M6000_0002,SCENARIO,field_resource_message,DATA/00660500.MDZ,DATA/00660500.MDT,0x00740000,00660500,354,0x0043757f,0x0043757a,21 08 12 00 61 69 48 66 69 7f 9b f1 5f f0 d6 f0 8a 92 08 21 0d ff 00,"<G0001>
<CTRL:12><CTRL:00><G0041>P・MPが全回復した
<G0001>","<G0001>
<CTRL:12><CTRL:00>HP·MP가 모두 회복됐다
<G0001>",41 08 12 00 61 69 48 66 69 6A 20 D2 AA 20 EC 20 F0 3B F8 92 08 41 0D FF 00,,"[{""offset"": -5, ""raw_hex"": ""80 0e 00 00 00"", ""kind"": ""MESSAGE_HEADER"", ""opcode"": 128, ""argument"": 0}, {""offset"": 1, ""raw_hex"": ""08"", ""kind"": ""LINE_BREAK""}, {""offset"": 2, ""raw_hex"": ""12"", ""kind"": ""UNKNOWN_CONTROL""}, {""offset"": 3, ""raw_hex"": ""00"", ""kind"": ""UNKNOWN_CONTROL""}, {""offset"": 18, ""raw_hex"": ""08"", ""kind"": ""LINE_BREAK""}, {""offset"": 20, ""raw_hex"": ""0d ff 00"", ""kind"": ""MESSAGE_END""}]",REVIEW_1,NO,필드 안내 런타임 신고 및 0x4000/0x6000 전수 조사 반영.,PROVEN: scenario field/tutorial message; member_type=0x6000.
FIELD_RESOURCE_00660700_R00740000_M6000_0001,SCENARIO,field_resource_message,DATA/00660700.MDZ,DATA/00660700.MDT,0x00740000,00660700,355,0x00435bad,0x00435ba8,21 08 12 00 61 69 48 66 69 7f 9b f1 5f f0 d6 f0 8a 92 08 21 0d ff 00,"<G0001>
<CTRL:12><CTRL:00><G0041>P・MPが全回復した
<G0001>","<G0001>
<CTRL:12><CTRL:00>HP·MP가 모두 회복됐다
<G0001>",41 08 12 00 61 69 48 66 69 6A 20 D2 AA 20 EC 20 F0 3B F8 92 08 41 0D FF 00,,"[{""offset"": -5, ""raw_hex"": ""80 0e 00 00 00"", ""kind"": ""MESSAGE_HEADER"", ""opcode"": 128, ""argument"": 0}, {""offset"": 1, ""raw_hex"": ""08"", ""kind"": ""LINE_BREAK""}, {""offset"": 2, ""raw_hex"": ""12"", ""kind"": ""UNKNOWN_CONTROL""}, {""offset"": 3, ""raw_hex"": ""00"", ""kind"": ""UNKNOWN_CONTROL""}, {""offset"": 18, ""raw_hex"": ""08"", ""kind"": ""LINE_BREAK""}, {""offset"": 20, ""raw_hex"": ""0d ff 00"", ""kind"": ""MESSAGE_END""}]",REVIEW_1,NO,필드 안내 런타임 신고 및 0x4000/0x6000 전수 조사 반영.,PROVEN: scenario field/tutorial message; member_type=0x6000.
FIELD_RESOURCE_00660700_R00740000_M6000_0002,SCENARIO,field_resource_message,DATA/00660700.MDZ,DATA/00660700.MDT,0x00740000,00660700,356,0x00435c7f,0x00435c7a,21 08 12 00 61 69 48 66 69 7f 9b f1 5f f0 d6 f0 8a 92 08 21 0d ff 00,"<G0001>
<CTRL:12><CTRL:00><G0041>P・MPが全回復した
<G0001>","<G0001>
<CTRL:12><CTRL:00>HP·MP가 모두 회복됐다
<G0001>",41 08 12 00 61 69 48 66 69 6A 20 D2 AA 20 EC 20 F0 3B F8 92 08 41 0D FF 00,,"[{""offset"": -5, ""raw_hex"": ""80 0e 00 00 00"", ""kind"": ""MESSAGE_HEADER"", ""opcode"": 128, ""argument"": 0}, {""offset"": 1, ""raw_hex"": ""08"", ""kind"": ""LINE_BREAK""}, {""offset"": 2, ""raw_hex"": ""12"", ""kind"": ""UNKNOWN_CONTROL""}, {""offset"": 3, ""raw_hex"": ""00"", ""kind"": ""UNKNOWN_CONTROL""}, {""offset"": 18, ""raw_hex"": ""08"", ""kind"": ""LINE_BREAK""}, {""offset"": 20, ""raw_hex"": ""0d ff 00"", ""kind"": ""MESSAGE_END""}]",REVIEW_1,NO,필드 안내 런타임 신고 및 0x4000/0x6000 전수 조사 반영.,PROVEN: scenario field/tutorial message; member_type=0x6000.
FIELD_RESOURCE_00667700_R00740000_M6000_0001,SCENARIO,field_resource_message,DATA/00667700.MDZ,DATA/00667700.MDT,0x00740000,00667700,357,0x0041752d,0x00417528,21 08 12 00 61 69 48 66 69 7f 9b f1 5f f0 d6 f0 8a 92 08 21 0d ff 00,"<G0001>
<CTRL:12><CTRL:00><G0041>P・MPが全回復した
<G0001>","<G0001>
<CTRL:12><CTRL:00>HP·MP가 모두 회복됐다
<G0001>",41 08 12 00 61 69 48 66 69 6A 20 D2 AA 20 EC 20 F0 3B F8 92 08 41 0D FF 00,,"[{""offset"": -5, ""raw_hex"": ""80 0e 00 00 00"", ""kind"": ""MESSAGE_HEADER"", ""opcode"": 128, ""argument"": 0}, {""offset"": 1, ""raw_hex"": ""08"", ""kind"": ""LINE_BREAK""}, {""offset"": 2, ""raw_hex"": ""12"", ""kind"": ""UNKNOWN_CONTROL""}, {""offset"": 3, ""raw_hex"": ""00"", ""kind"": ""UNKNOWN_CONTROL""}, {""offset"": 18, ""raw_hex"": ""08"", ""kind"": ""LINE_BREAK""}, {""offset"": 20, ""raw_hex"": ""0d ff 00"", ""kind"": ""MESSAGE_END""}]",REVIEW_1,NO,필드 안내 런타임 신고 및 0x4000/0x6000 전수 조사 반영.,PROVEN: scenario field/tutorial message; member_type=0x6000.
FIELD_RESOURCE_00667700_R00740000_M6000_0002,SCENARIO,field_resource_message,DATA/00667700.MDZ,DATA/00667700.MDT,0x00740000,00667700,358,0x004175ff,0x004175fa,21 08 12 00 61 69 48 66 69 7f 9b f1 5f f0 d6 f0 8a 92 08 21 0d ff 00,"<G0001>
<CTRL:12><CTRL:00><G0041>P・MPが全回復した
<G0001>","<G0001>
<CTRL:12><CTRL:00>HP·MP가 모두 회복됐다
<G0001>",41 08 12 00 61 69 48 66 69 6A 20 D2 AA 20 EC 20 F0 3B F8 92 08 41 0D FF 00,,"[{""offset"": -5, ""raw_hex"": ""80 0e 00 00 00"", ""kind"": ""MESSAGE_HEADER"", ""opcode"": 128, ""argument"": 0}, {""offset"": 1, ""raw_hex"": ""08"", ""kind"": ""LINE_BREAK""}, {""offset"": 2, ""raw_hex"": ""12"", ""kind"": ""UNKNOWN_CONTROL""}, {""offset"": 3, ""raw_hex"": ""00"", ""kind"": ""UNKNOWN_CONTROL""}, {""offset"": 18, ""raw_hex"": ""08"", ""kind"": ""LINE_BREAK""}, {""offset"": 20, ""raw_hex"": ""0d ff 00"", ""kind"": ""MESSAGE_END""}]",REVIEW_1,NO,필드 안내 런타임 신고 및 0x4000/0x6000 전수 조사 반영.,PROVEN: scenario field/tutorial message; member_type=0x6000.
FIELD_RESOURCE_00667800_R00740000_M6000_0001,SCENARIO,field_resource_message,DATA/00667800.MDZ,DATA/00667800.MDT,0x00740000,00667800,359,0x002c74ad,0x002c74a8,21 08 12 00 61 69 48 66 69 7f 9b f1 5f f0 d6 f0 8a 92 08 21 0d ff 00,"<G0001>
<CTRL:12><CTRL:00><G0041>P・MPが全回復した
<G0001>","<G0001>
<CTRL:12><CTRL:00>HP·MP가 모두 회복됐다
<G0001>",41 08 12 00 61 69 48 66 69 6A 20 D2 AA 20 EC 20 F0 3B F8 92 08 41 0D FF 00,,"[{""offset"": -5, ""raw_hex"": ""80 0e 00 00 00"", ""kind"": ""MESSAGE_HEADER"", ""opcode"": 128, ""argument"": 0}, {""offset"": 1, ""raw_hex"": ""08"", ""kind"": ""LINE_BREAK""}, {""offset"": 2, ""raw_hex"": ""12"", ""kind"": ""UNKNOWN_CONTROL""}, {""offset"": 3, ""raw_hex"": ""00"", ""kind"": ""UNKNOWN_CONTROL""}, {""offset"": 18, ""raw_hex"": ""08"", ""kind"": ""LINE_BREAK""}, {""offset"": 20, ""raw_hex"": ""0d ff 00"", ""kind"": ""MESSAGE_END""}]",REVIEW_1,NO,필드 안내 런타임 신고 및 0x4000/0x6000 전수 조사 반영.,PROVEN: scenario field/tutorial message; member_type=0x6000.
FIELD_RESOURCE_00667800_R00740000_M6000_0002,SCENARIO,field_resource_message,DATA/00667800.MDZ,DATA/00667800.MDT,0x00740000,00667800,360,0x002c757f,0x002c757a,21 08 12 00 61 69 48 66 69 7f 9b f1 5f f0 d6 f0 8a 92 08 21 0d ff 00,"<G0001>
<CTRL:12><CTRL:00><G0041>P・MPが全回復した
<G0001>","<G0001>
<CTRL:12><CTRL:00>HP·MP가 모두 회복됐다
<G0001>",41 08 12 00 61 69 48 66 69 6A 20 D2 AA 20 EC 20 F0 3B F8 92 08 41 0D FF 00,,"[{""offset"": -5, ""raw_hex"": ""80 0e 00 00 00"", ""kind"": ""MESSAGE_HEADER"", ""opcode"": 128, ""argument"": 0}, {""offset"": 1, ""raw_hex"": ""08"", ""kind"": ""LINE_BREAK""}, {""offset"": 2, ""raw_hex"": ""12"", ""kind"": ""UNKNOWN_CONTROL""}, {""offset"": 3, ""raw_hex"": ""00"", ""kind"": ""UNKNOWN_CONTROL""}, {""offset"": 18, ""raw_hex"": ""08"", ""kind"": ""LINE_BREAK""}, {""offset"": 20, ""raw_hex"": ""0d ff 00"", ""kind"": ""MESSAGE_END""}]",REVIEW_1,NO,필드 안내 런타임 신고 및 0x4000/0x6000 전수 조사 반영.,PROVEN: scenario field/tutorial message; member_type=0x6000.
FIELD_RESOURCE_00690000_R00740000_M6000_0001,SCENARIO,field_resource_message,DATA/00690000.MDZ,DATA/00690000.MDT,0x00740000,00690000,361,0x0071a74d,0x0071a748,21 08 12 00 61 69 48 66 69 7f 9b f1 5f f0 d6 f0 8a 92 08 21 0d ff 00,"<G0001>
<CTRL:12><CTRL:00><G0041>P・MPが全回復した
<G0001>","<G0001>
<CTRL:12><CTRL:00>HP·MP가 모두 회복됐다
<G0001>",41 08 12 00 61 69 48 66 69 6A 20 D2 AA 20 EC 20 F0 3B F8 92 08 41 0D FF 00,,"[{""offset"": -5, ""raw_hex"": ""80 0e 00 00 00"", ""kind"": ""MESSAGE_HEADER"", ""opcode"": 128, ""argument"": 0}, {""offset"": 1, ""raw_hex"": ""08"", ""kind"": ""LINE_BREAK""}, {""offset"": 2, ""raw_hex"": ""12"", ""kind"": ""UNKNOWN_CONTROL""}, {""offset"": 3, ""raw_hex"": ""00"", ""kind"": ""UNKNOWN_CONTROL""}, {""offset"": 18, ""raw_hex"": ""08"", ""kind"": ""LINE_BREAK""}, {""offset"": 20, ""raw_hex"": ""0d ff 00"", ""kind"": ""MESSAGE_END""}]",REVIEW_1,NO,필드 안내 런타임 신고 및 0x4000/0x6000 전수 조사 반영.,PROVEN: scenario field/tutorial message; member_type=0x6000.
FIELD_RESOURCE_00690000_R00740000_M6000_0002,SCENARIO,field_resource_message,DATA/00690000.MDZ,DATA/00690000.MDT,0x00740000,00690000,362,0x0071a81f,0x0071a81a,21 08 12 00 61 69 48 66 69 7f 9b f1 5f f0 d6 f0 8a 92 08 21 0d ff 00,"<G0001>
<CTRL:12><CTRL:00><G0041>P・MPが全回復した
<G0001>","<G0001>
<CTRL:12><CTRL:00>HP·MP가 모두 회복됐다
<G0001>",41 08 12 00 61 69 48 66 69 6A 20 D2 AA 20 EC 20 F0 3B F8 92 08 41 0D FF 00,,"[{""offset"": -5, ""raw_hex"": ""80 0e 00 00 00"", ""kind"": ""MESSAGE_HEADER"", ""opcode"": 128, ""argument"": 0}, {""offset"": 1, ""raw_hex"": ""08"", ""kind"": ""LINE_BREAK""}, {""offset"": 2, ""raw_hex"": ""12"", ""kind"": ""UNKNOWN_CONTROL""}, {""offset"": 3, ""raw_hex"": ""00"", ""kind"": ""UNKNOWN_CONTROL""}, {""offset"": 18, ""raw_hex"": ""08"", ""kind"": ""LINE_BREAK""}, {""offset"": 20, ""raw_hex"": ""0d ff 00"", ""kind"": ""MESSAGE_END""}]",REVIEW_1,NO,필드 안내 런타임 신고 및 0x4000/0x6000 전수 조사 반영.,PROVEN: scenario field/tutorial message; member_type=0x6000.
FIELD_RESOURCE_00690200_R00740000_M6000_0001,SCENARIO,field_resource_message,DATA/00690200.MDZ,DATA/00690200.MDT,0x00740000,00690200,363,0x006b553d,0x006b5538,21 08 12 00 61 69 48 66 69 7f 9b f1 5f f0 d6 f0 8a 92 08 21 0d ff 00,"<G0001>
<CTRL:12><CTRL:00><G0041>P・MPが全回復した
<G0001>","<G0001>
<CTRL:12><CTRL:00>HP·MP가 모두 회복됐다
<G0001>",41 08 12 00 61 69 48 66 69 6A 20 D2 AA 20 EC 20 F0 3B F8 92 08 41 0D FF 00,,"[{""offset"": -5, ""raw_hex"": ""80 0e 00 00 00"", ""kind"": ""MESSAGE_HEADER"", ""opcode"": 128, ""argument"": 0}, {""offset"": 1, ""raw_hex"": ""08"", ""kind"": ""LINE_BREAK""}, {""offset"": 2, ""raw_hex"": ""12"", ""kind"": ""UNKNOWN_CONTROL""}, {""offset"": 3, ""raw_hex"": ""00"", ""kind"": ""UNKNOWN_CONTROL""}, {""offset"": 18, ""raw_hex"": ""08"", ""kind"": ""LINE_BREAK""}, {""offset"": 20, ""raw_hex"": ""0d ff 00"", ""kind"": ""MESSAGE_END""}]",REVIEW_1,NO,필드 안내 런타임 신고 및 0x4000/0x6000 전수 조사 반영.,PROVEN: scenario field/tutorial message; member_type=0x6000.
FIELD_RESOURCE_00690200_R00740000_M6000_0002,SCENARIO,field_resource_message,DATA/00690200.MDZ,DATA/00690200.MDT,0x00740000,00690200,364,0x006b560f,0x006b560a,21 08 12 00 61 69 48 66 69 7f 9b f1 5f f0 d6 f0 8a 92 08 21 0d ff 00,"<G0001>
<CTRL:12><CTRL:00><G0041>P・MPが全回復した
<G0001>","<G0001>
<CTRL:12><CTRL:00>HP·MP가 모두 회복됐다
<G0001>",41 08 12 00 61 69 48 66 69 6A 20 D2 AA 20 EC 20 F0 3B F8 92 08 41 0D FF 00,,"[{""offset"": -5, ""raw_hex"": ""80 0e 00 00 00"", ""kind"": ""MESSAGE_HEADER"", ""opcode"": 128, ""argument"": 0}, {""offset"": 1, ""raw_hex"": ""08"", ""kind"": ""LINE_BREAK""}, {""offset"": 2, ""raw_hex"": ""12"", ""kind"": ""UNKNOWN_CONTROL""}, {""offset"": 3, ""raw_hex"": ""00"", ""kind"": ""UNKNOWN_CONTROL""}, {""offset"": 18, ""raw_hex"": ""08"", ""kind"": ""LINE_BREAK""}, {""offset"": 20, ""raw_hex"": ""0d ff 00"", ""kind"": ""MESSAGE_END""}]",REVIEW_1,NO,필드 안내 런타임 신고 및 0x4000/0x6000 전수 조사 반영.,PROVEN: scenario field/tutorial message; member_type=0x6000.
FIELD_RESOURCE_00690300_R00740000_M6000_0001,SCENARIO,field_resource_message,DATA/00690300.MDZ,DATA/00690300.MDT,0x00740000,00690300,365,0x006e722d,0x006e7228,21 08 12 00 61 69 48 66 69 7f 9b f1 5f f0 d6 f0 8a 92 08 21 0d ff 00,"<G0001>
<CTRL:12><CTRL:00><G0041>P・MPが全回復した
<G0001>","<G0001>
<CTRL:12><CTRL:00>HP·MP가 모두 회복됐다
<G0001>",41 08 12 00 61 69 48 66 69 6A 20 D2 AA 20 EC 20 F0 3B F8 92 08 41 0D FF 00,,"[{""offset"": -5, ""raw_hex"": ""80 0e 00 00 00"", ""kind"": ""MESSAGE_HEADER"", ""opcode"": 128, ""argument"": 0}, {""offset"": 1, ""raw_hex"": ""08"", ""kind"": ""LINE_BREAK""}, {""offset"": 2, ""raw_hex"": ""12"", ""kind"": ""UNKNOWN_CONTROL""}, {""offset"": 3, ""raw_hex"": ""00"", ""kind"": ""UNKNOWN_CONTROL""}, {""offset"": 18, ""raw_hex"": ""08"", ""kind"": ""LINE_BREAK""}, {""offset"": 20, ""raw_hex"": ""0d ff 00"", ""kind"": ""MESSAGE_END""}]",REVIEW_1,NO,필드 안내 런타임 신고 및 0x4000/0x6000 전수 조사 반영.,PROVEN: scenario field/tutorial message; member_type=0x6000.
FIELD_RESOURCE_00690300_R00740000_M6000_0002,SCENARIO,field_resource_message,DATA/00690300.MDZ,DATA/00690300.MDT,0x00740000,00690300,366,0x006e72ff,0x006e72fa,21 08 12 00 61 69 48 66 69 7f 9b f1 5f f0 d6 f0 8a 92 08 21 0d ff 00,"<G0001>
<CTRL:12><CTRL:00><G0041>P・MPが全回復した
<G0001>","<G0001>
<CTRL:12><CTRL:00>HP·MP가 모두 회복됐다
<G0001>",41 08 12 00 61 69 48 66 69 6A 20 D2 AA 20 EC 20 F0 3B F8 92 08 41 0D FF 00,,"[{""offset"": -5, ""raw_hex"": ""80 0e 00 00 00"", ""kind"": ""MESSAGE_HEADER"", ""opcode"": 128, ""argument"": 0}, {""offset"": 1, ""raw_hex"": ""08"", ""kind"": ""LINE_BREAK""}, {""offset"": 2, ""raw_hex"": ""12"", ""kind"": ""UNKNOWN_CONTROL""}, {""offset"": 3, ""raw_hex"": ""00"", ""kind"": ""UNKNOWN_CONTROL""}, {""offset"": 18, ""raw_hex"": ""08"", ""kind"": ""LINE_BREAK""}, {""offset"": 20, ""raw_hex"": ""0d ff 00"", ""kind"": ""MESSAGE_END""}]",REVIEW_1,NO,필드 안내 런타임 신고 및 0x4000/0x6000 전수 조사 반영.,PROVEN: scenario field/tutorial message; member_type=0x6000.
FIELD_RESOURCE_00690400_R00740000_M6000_0001,SCENARIO,field_resource_message,DATA/00690400.MDZ,DATA/00690400.MDT,0x00740000,00690400,367,0x005cb9ad,0x005cb9a8,21 08 12 00 61 69 48 66 69 7f 9b f1 5f f0 d6 f0 8a 92 08 21 0d ff 00,"<G0001>
<CTRL:12><CTRL:00><G0041>P・MPが全回復した
<G0001>","<G0001>
<CTRL:12><CTRL:00>HP·MP가 모두 회복됐다
<G0001>",41 08 12 00 61 69 48 66 69 6A 20 D2 AA 20 EC 20 F0 3B F8 92 08 41 0D FF 00,,"[{""offset"": -5, ""raw_hex"": ""80 0e 00 00 00"", ""kind"": ""MESSAGE_HEADER"", ""opcode"": 128, ""argument"": 0}, {""offset"": 1, ""raw_hex"": ""08"", ""kind"": ""LINE_BREAK""}, {""offset"": 2, ""raw_hex"": ""12"", ""kind"": ""UNKNOWN_CONTROL""}, {""offset"": 3, ""raw_hex"": ""00"", ""kind"": ""UNKNOWN_CONTROL""}, {""offset"": 18, ""raw_hex"": ""08"", ""kind"": ""LINE_BREAK""}, {""offset"": 20, ""raw_hex"": ""0d ff 00"", ""kind"": ""MESSAGE_END""}]",REVIEW_1,NO,필드 안내 런타임 신고 및 0x4000/0x6000 전수 조사 반영.,PROVEN: scenario field/tutorial message; member_type=0x6000.
FIELD_RESOURCE_00690400_R00740000_M6000_0002,SCENARIO,field_resource_message,DATA/00690400.MDZ,DATA/00690400.MDT,0x00740000,00690400,368,0x005cba7f,0x005cba7a,21 08 12 00 61 69 48 66 69 7f 9b f1 5f f0 d6 f0 8a 92 08 21 0d ff 00,"<G0001>
<CTRL:12><CTRL:00><G0041>P・MPが全回復した
<G0001>","<G0001>
<CTRL:12><CTRL:00>HP·MP가 모두 회복됐다
<G0001>",41 08 12 00 61 69 48 66 69 6A 20 D2 AA 20 EC 20 F0 3B F8 92 08 41 0D FF 00,,"[{""offset"": -5, ""raw_hex"": ""80 0e 00 00 00"", ""kind"": ""MESSAGE_HEADER"", ""opcode"": 128, ""argument"": 0}, {""offset"": 1, ""raw_hex"": ""08"", ""kind"": ""LINE_BREAK""}, {""offset"": 2, ""raw_hex"": ""12"", ""kind"": ""UNKNOWN_CONTROL""}, {""offset"": 3, ""raw_hex"": ""00"", ""kind"": ""UNKNOWN_CONTROL""}, {""offset"": 18, ""raw_hex"": ""08"", ""kind"": ""LINE_BREAK""}, {""offset"": 20, ""raw_hex"": ""0d ff 00"", ""kind"": ""MESSAGE_END""}]",REVIEW_1,NO,필드 안내 런타임 신고 및 0x4000/0x6000 전수 조사 반영.,PROVEN: scenario field/tutorial message; member_type=0x6000.
FIELD_RESOURCE_00690500_R00740000_M6000_0001,SCENARIO,field_resource_message,DATA/00690500.MDZ,DATA/00690500.MDT,0x00740000,00690500,369,0x0057662d,0x00576628,21 08 12 00 61 69 48 66 69 7f 9b f1 5f f0 d6 f0 8a 92 08 21 0d ff 00,"<G0001>
<CTRL:12><CTRL:00><G0041>P・MPが全回復した
<G0001>","<G0001>
<CTRL:12><CTRL:00>HP·MP가 모두 회복됐다
<G0001>",41 08 12 00 61 69 48 66 69 6A 20 D2 AA 20 EC 20 F0 3B F8 92 08 41 0D FF 00,,"[{""offset"": -5, ""raw_hex"": ""80 0e 00 00 00"", ""kind"": ""MESSAGE_HEADER"", ""opcode"": 128, ""argument"": 0}, {""offset"": 1, ""raw_hex"": ""08"", ""kind"": ""LINE_BREAK""}, {""offset"": 2, ""raw_hex"": ""12"", ""kind"": ""UNKNOWN_CONTROL""}, {""offset"": 3, ""raw_hex"": ""00"", ""kind"": ""UNKNOWN_CONTROL""}, {""offset"": 18, ""raw_hex"": ""08"", ""kind"": ""LINE_BREAK""}, {""offset"": 20, ""raw_hex"": ""0d ff 00"", ""kind"": ""MESSAGE_END""}]",REVIEW_1,NO,필드 안내 런타임 신고 및 0x4000/0x6000 전수 조사 반영.,PROVEN: scenario field/tutorial message; member_type=0x6000.
FIELD_RESOURCE_00690500_R00740000_M6000_0002,SCENARIO,field_resource_message,DATA/00690500.MDZ,DATA/00690500.MDT,0x00740000,00690500,370,0x005766ff,0x005766fa,21 08 12 00 61 69 48 66 69 7f 9b f1 5f f0 d6 f0 8a 92 08 21 0d ff 00,"<G0001>
<CTRL:12><CTRL:00><G0041>P・MPが全回復した
<G0001>","<G0001>
<CTRL:12><CTRL:00>HP·MP가 모두 회복됐다
<G0001>",41 08 12 00 61 69 48 66 69 6A 20 D2 AA 20 EC 20 F0 3B F8 92 08 41 0D FF 00,,"[{""offset"": -5, ""raw_hex"": ""80 0e 00 00 00"", ""kind"": ""MESSAGE_HEADER"", ""opcode"": 128, ""argument"": 0}, {""offset"": 1, ""raw_hex"": ""08"", ""kind"": ""LINE_BREAK""}, {""offset"": 2, ""raw_hex"": ""12"", ""kind"": ""UNKNOWN_CONTROL""}, {""offset"": 3, ""raw_hex"": ""00"", ""kind"": ""UNKNOWN_CONTROL""}, {""offset"": 18, ""raw_hex"": ""08"", ""kind"": ""LINE_BREAK""}, {""offset"": 20, ""raw_hex"": ""0d ff 00"", ""kind"": ""MESSAGE_END""}]",REVIEW_1,NO,필드 안내 런타임 신고 및 0x4000/0x6000 전수 조사 반영.,PROVEN: scenario field/tutorial message; member_type=0x6000.
FIELD_RESOURCE_00690600_R00740000_M6000_0001,SCENARIO,field_resource_message,DATA/00690600.MDZ,DATA/00690600.MDT,0x00740000,00690600,371,0x006c9f6d,0x006c9f68,21 08 12 00 61 69 48 66 69 7f 9b f1 5f f0 d6 f0 8a 92 08 21 0d ff 00,"<G0001>
<CTRL:12><CTRL:00><G0041>P・MPが全回復した
<G0001>","<G0001>
<CTRL:12><CTRL:00>HP·MP가 모두 회복됐다
<G0001>",41 08 12 00 61 69 48 66 69 6A 20 D2 AA 20 EC 20 F0 3B F8 92 08 41 0D FF 00,,"[{""offset"": -5, ""raw_hex"": ""80 0e 00 00 00"", ""kind"": ""MESSAGE_HEADER"", ""opcode"": 128, ""argument"": 0}, {""offset"": 1, ""raw_hex"": ""08"", ""kind"": ""LINE_BREAK""}, {""offset"": 2, ""raw_hex"": ""12"", ""kind"": ""UNKNOWN_CONTROL""}, {""offset"": 3, ""raw_hex"": ""00"", ""kind"": ""UNKNOWN_CONTROL""}, {""offset"": 18, ""raw_hex"": ""08"", ""kind"": ""LINE_BREAK""}, {""offset"": 20, ""raw_hex"": ""0d ff 00"", ""kind"": ""MESSAGE_END""}]",REVIEW_1,NO,필드 안내 런타임 신고 및 0x4000/0x6000 전수 조사 반영.,PROVEN: scenario field/tutorial message; member_type=0x6000.
FIELD_RESOURCE_00690600_R00740000_M6000_0002,SCENARIO,field_resource_message,DATA/00690600.MDZ,DATA/00690600.MDT,0x00740000,00690600,372,0x006ca03f,0x006ca03a,21 08 12 00 61 69 48 66 69 7f 9b f1 5f f0 d6 f0 8a 92 08 21 0d ff 00,"<G0001>
<CTRL:12><CTRL:00><G0041>P・MPが全回復した
<G0001>","<G0001>
<CTRL:12><CTRL:00>HP·MP가 모두 회복됐다
<G0001>",41 08 12 00 61 69 48 66 69 6A 20 D2 AA 20 EC 20 F0 3B F8 92 08 41 0D FF 00,,"[{""offset"": -5, ""raw_hex"": ""80 0e 00 00 00"", ""kind"": ""MESSAGE_HEADER"", ""opcode"": 128, ""argument"": 0}, {""offset"": 1, ""raw_hex"": ""08"", ""kind"": ""LINE_BREAK""}, {""offset"": 2, ""raw_hex"": ""12"", ""kind"": ""UNKNOWN_CONTROL""}, {""offset"": 3, ""raw_hex"": ""00"", ""kind"": ""UNKNOWN_CONTROL""}, {""offset"": 18, ""raw_hex"": ""08"", ""kind"": ""LINE_BREAK""}, {""offset"": 20, ""raw_hex"": ""0d ff 00"", ""kind"": ""MESSAGE_END""}]",REVIEW_1,NO,필드 안내 런타임 신고 및 0x4000/0x6000 전수 조사 반영.,PROVEN: scenario field/tutorial message; member_type=0x6000.
FIELD_RESOURCE_00690700_R00740000_M6000_0001,SCENARIO,field_resource_message,DATA/00690700.MDZ,DATA/00690700.MDT,0x00740000,00690700,373,0x001d36ad,0x001d36a8,21 08 12 00 61 69 48 66 69 7f 9b f1 5f f0 d6 f0 8a 92 08 21 0d ff 00,"<G0001>
<CTRL:12><CTRL:00><G0041>P・MPが全回復した
<G0001>","<G0001>
<CTRL:12><CTRL:00>HP·MP가 모두 회복됐다
<G0001>",41 08 12 00 61 69 48 66 69 6A 20 D2 AA 20 EC 20 F0 3B F8 92 08 41 0D FF 00,,"[{""offset"": -5, ""raw_hex"": ""80 0e 00 00 00"", ""kind"": ""MESSAGE_HEADER"", ""opcode"": 128, ""argument"": 0}, {""offset"": 1, ""raw_hex"": ""08"", ""kind"": ""LINE_BREAK""}, {""offset"": 2, ""raw_hex"": ""12"", ""kind"": ""UNKNOWN_CONTROL""}, {""offset"": 3, ""raw_hex"": ""00"", ""kind"": ""UNKNOWN_CONTROL""}, {""offset"": 18, ""raw_hex"": ""08"", ""kind"": ""LINE_BREAK""}, {""offset"": 20, ""raw_hex"": ""0d ff 00"", ""kind"": ""MESSAGE_END""}]",REVIEW_1,NO,필드 안내 런타임 신고 및 0x4000/0x6000 전수 조사 반영.,PROVEN: scenario field/tutorial message; member_type=0x6000.
FIELD_RESOURCE_00690700_R00740000_M6000_0002,SCENARIO,field_resource_message,DATA/00690700.MDZ,DATA/00690700.MDT,0x00740000,00690700,374,0x001d377f,0x001d377a,21 08 12 00 61 69 48 66 69 7f 9b f1 5f f0 d6 f0 8a 92 08 21 0d ff 00,"<G0001>
<CTRL:12><CTRL:00><G0041>P・MPが全回復した
<G0001>","<G0001>
<CTRL:12><CTRL:00>HP·MP가 모두 회복됐다
<G0001>",41 08 12 00 61 69 48 66 69 6A 20 D2 AA 20 EC 20 F0 3B F8 92 08 41 0D FF 00,,"[{""offset"": -5, ""raw_hex"": ""80 0e 00 00 00"", ""kind"": ""MESSAGE_HEADER"", ""opcode"": 128, ""argument"": 0}, {""offset"": 1, ""raw_hex"": ""08"", ""kind"": ""LINE_BREAK""}, {""offset"": 2, ""raw_hex"": ""12"", ""kind"": ""UNKNOWN_CONTROL""}, {""offset"": 3, ""raw_hex"": ""00"", ""kind"": ""UNKNOWN_CONTROL""}, {""offset"": 18, ""raw_hex"": ""08"", ""kind"": ""LINE_BREAK""}, {""offset"": 20, ""raw_hex"": ""0d ff 00"", ""kind"": ""MESSAGE_END""}]",REVIEW_1,NO,필드 안내 런타임 신고 및 0x4000/0x6000 전수 조사 반영.,PROVEN: scenario field/tutorial message; member_type=0x6000.
FIELD_RESOURCE_00695000_R00740000_M6000_0001,SCENARIO,field_resource_message,DATA/00695000.MDZ,DATA/00695000.MDT,0x00740000,00695000,375,0x006636cd,0x006636c8,21 08 12 00 61 69 48 66 69 7f 9b f1 5f f0 d6 f0 8a 92 08 21 0d ff 00,"<G0001>
<CTRL:12><CTRL:00><G0041>P・MPが全回復した
<G0001>","<G0001>
<CTRL:12><CTRL:00>HP·MP가 모두 회복됐다
<G0001>",41 08 12 00 61 69 48 66 69 6A 20 D2 AA 20 EC 20 F0 3B F8 92 08 41 0D FF 00,,"[{""offset"": -5, ""raw_hex"": ""80 0e 00 00 00"", ""kind"": ""MESSAGE_HEADER"", ""opcode"": 128, ""argument"": 0}, {""offset"": 1, ""raw_hex"": ""08"", ""kind"": ""LINE_BREAK""}, {""offset"": 2, ""raw_hex"": ""12"", ""kind"": ""UNKNOWN_CONTROL""}, {""offset"": 3, ""raw_hex"": ""00"", ""kind"": ""UNKNOWN_CONTROL""}, {""offset"": 18, ""raw_hex"": ""08"", ""kind"": ""LINE_BREAK""}, {""offset"": 20, ""raw_hex"": ""0d ff 00"", ""kind"": ""MESSAGE_END""}]",REVIEW_1,NO,필드 안내 런타임 신고 및 0x4000/0x6000 전수 조사 반영.,PROVEN: scenario field/tutorial message; member_type=0x6000.
FIELD_RESOURCE_00695000_R00740000_M6000_0002,SCENARIO,field_resource_message,DATA/00695000.MDZ,DATA/00695000.MDT,0x00740000,00695000,376,0x0066379f,0x0066379a,21 08 12 00 61 69 48 66 69 7f 9b f1 5f f0 d6 f0 8a 92 08 21 0d ff 00,"<G0001>
<CTRL:12><CTRL:00><G0041>P・MPが全回復した
<G0001>","<G0001>
<CTRL:12><CTRL:00>HP·MP가 모두 회복됐다
<G0001>",41 08 12 00 61 69 48 66 69 6A 20 D2 AA 20 EC 20 F0 3B F8 92 08 41 0D FF 00,,"[{""offset"": -5, ""raw_hex"": ""80 0e 00 00 00"", ""kind"": ""MESSAGE_HEADER"", ""opcode"": 128, ""argument"": 0}, {""offset"": 1, ""raw_hex"": ""08"", ""kind"": ""LINE_BREAK""}, {""offset"": 2, ""raw_hex"": ""12"", ""kind"": ""UNKNOWN_CONTROL""}, {""offset"": 3, ""raw_hex"": ""00"", ""kind"": ""UNKNOWN_CONTROL""}, {""offset"": 18, ""raw_hex"": ""08"", ""kind"": ""LINE_BREAK""}, {""offset"": 20, ""raw_hex"": ""0d ff 00"", ""kind"": ""MESSAGE_END""}]",REVIEW_1,NO,필드 안내 런타임 신고 및 0x4000/0x6000 전수 조사 반영.,PROVEN: scenario field/tutorial message; member_type=0x6000.
FIELD_RESOURCE_00695200_R00740000_M6000_0001,SCENARIO,field_resource_message,DATA/00695200.MDZ,DATA/00695200.MDT,0x00740000,00695200,377,0x005c2bbd,0x005c2bb8,21 08 12 00 61 69 48 66 69 7f 9b f1 5f f0 d6 f0 8a 92 08 21 0d ff 00,"<G0001>
<CTRL:12><CTRL:00><G0041>P・MPが全回復した
<G0001>","<G0001>
<CTRL:12><CTRL:00>HP·MP가 모두 회복됐다
<G0001>",41 08 12 00 61 69 48 66 69 6A 20 D2 AA 20 EC 20 F0 3B F8 92 08 41 0D FF 00,,"[{""offset"": -5, ""raw_hex"": ""80 0e 00 00 00"", ""kind"": ""MESSAGE_HEADER"", ""opcode"": 128, ""argument"": 0}, {""offset"": 1, ""raw_hex"": ""08"", ""kind"": ""LINE_BREAK""}, {""offset"": 2, ""raw_hex"": ""12"", ""kind"": ""UNKNOWN_CONTROL""}, {""offset"": 3, ""raw_hex"": ""00"", ""kind"": ""UNKNOWN_CONTROL""}, {""offset"": 18, ""raw_hex"": ""08"", ""kind"": ""LINE_BREAK""}, {""offset"": 20, ""raw_hex"": ""0d ff 00"", ""kind"": ""MESSAGE_END""}]",REVIEW_1,NO,필드 안내 런타임 신고 및 0x4000/0x6000 전수 조사 반영.,PROVEN: scenario field/tutorial message; member_type=0x6000.
FIELD_RESOURCE_00695200_R00740000_M6000_0002,SCENARIO,field_resource_message,DATA/00695200.MDZ,DATA/00695200.MDT,0x00740000,00695200,378,0x005c2c8f,0x005c2c8a,21 08 12 00 61 69 48 66 69 7f 9b f1 5f f0 d6 f0 8a 92 08 21 0d ff 00,"<G0001>
<CTRL:12><CTRL:00><G0041>P・MPが全回復した
<G0001>","<G0001>
<CTRL:12><CTRL:00>HP·MP가 모두 회복됐다
<G0001>",41 08 12 00 61 69 48 66 69 6A 20 D2 AA 20 EC 20 F0 3B F8 92 08 41 0D FF 00,,"[{""offset"": -5, ""raw_hex"": ""80 0e 00 00 00"", ""kind"": ""MESSAGE_HEADER"", ""opcode"": 128, ""argument"": 0}, {""offset"": 1, ""raw_hex"": ""08"", ""kind"": ""LINE_BREAK""}, {""offset"": 2, ""raw_hex"": ""12"", ""kind"": ""UNKNOWN_CONTROL""}, {""offset"": 3, ""raw_hex"": ""00"", ""kind"": ""UNKNOWN_CONTROL""}, {""offset"": 18, ""raw_hex"": ""08"", ""kind"": ""LINE_BREAK""}, {""offset"": 20, ""raw_hex"": ""0d ff 00"", ""kind"": ""MESSAGE_END""}]",REVIEW_1,NO,필드 안내 런타임 신고 및 0x4000/0x6000 전수 조사 반영.,PROVEN: scenario field/tutorial message; member_type=0x6000.
FIELD_RESOURCE_00697700_R00740000_M6000_0001,SCENARIO,field_resource_message,DATA/00697700.MDZ,DATA/00697700.MDT,0x00740000,00697700,379,0x001303ad,0x001303a8,21 08 12 00 61 69 48 66 69 7f 9b f1 5f f0 d6 f0 8a 92 08 21 0d ff 00,"<G0001>
<CTRL:12><CTRL:00><G0041>P・MPが全回復した
<G0001>","<G0001>
<CTRL:12><CTRL:00>HP·MP가 모두 회복됐다
<G0001>",41 08 12 00 61 69 48 66 69 6A 20 D2 AA 20 EC 20 F0 3B F8 92 08 41 0D FF 00,,"[{""offset"": -5, ""raw_hex"": ""80 0e 00 00 00"", ""kind"": ""MESSAGE_HEADER"", ""opcode"": 128, ""argument"": 0}, {""offset"": 1, ""raw_hex"": ""08"", ""kind"": ""LINE_BREAK""}, {""offset"": 2, ""raw_hex"": ""12"", ""kind"": ""UNKNOWN_CONTROL""}, {""offset"": 3, ""raw_hex"": ""00"", ""kind"": ""UNKNOWN_CONTROL""}, {""offset"": 18, ""raw_hex"": ""08"", ""kind"": ""LINE_BREAK""}, {""offset"": 20, ""raw_hex"": ""0d ff 00"", ""kind"": ""MESSAGE_END""}]",REVIEW_1,NO,필드 안내 런타임 신고 및 0x4000/0x6000 전수 조사 반영.,PROVEN: scenario field/tutorial message; member_type=0x6000.
FIELD_RESOURCE_00697700_R00740000_M6000_0002,SCENARIO,field_resource_message,DATA/00697700.MDZ,DATA/00697700.MDT,0x00740000,00697700,380,0x0013047f,0x0013047a,21 08 12 00 61 69 48 66 69 7f 9b f1 5f f0 d6 f0 8a 92 08 21 0d ff 00,"<G0001>
<CTRL:12><CTRL:00><G0041>P・MPが全回復した
<G0001>","<G0001>
<CTRL:12><CTRL:00>HP·MP가 모두 회복됐다
<G0001>",41 08 12 00 61 69 48 66 69 6A 20 D2 AA 20 EC 20 F0 3B F8 92 08 41 0D FF 00,,"[{""offset"": -5, ""raw_hex"": ""80 0e 00 00 00"", ""kind"": ""MESSAGE_HEADER"", ""opcode"": 128, ""argument"": 0}, {""offset"": 1, ""raw_hex"": ""08"", ""kind"": ""LINE_BREAK""}, {""offset"": 2, ""raw_hex"": ""12"", ""kind"": ""UNKNOWN_CONTROL""}, {""offset"": 3, ""raw_hex"": ""00"", ""kind"": ""UNKNOWN_CONTROL""}, {""offset"": 18, ""raw_hex"": ""08"", ""kind"": ""LINE_BREAK""}, {""offset"": 20, ""raw_hex"": ""0d ff 00"", ""kind"": ""MESSAGE_END""}]",REVIEW_1,NO,필드 안내 런타임 신고 및 0x4000/0x6000 전수 조사 반영.,PROVEN: scenario field/tutorial message; member_type=0x6000.
FIELD_RESOURCE_00700100_R00740000_M6000_0001,SCENARIO,field_resource_message,DATA/00700100.MDZ,DATA/00700100.MDT,0x00740000,00700100,381,0x002418ad,0x002418a8,21 08 12 00 61 69 48 66 69 7f 9b f1 5f f0 d6 f0 8a 92 08 21 0d ff 00,"<G0001>
<CTRL:12><CTRL:00><G0041>P・MPが全回復した
<G0001>","<G0001>
<CTRL:12><CTRL:00>HP·MP가 모두 회복됐다
<G0001>",41 08 12 00 61 69 48 66 69 6A 20 D2 AA 20 EC 20 F0 3B F8 92 08 41 0D FF 00,,"[{""offset"": -5, ""raw_hex"": ""80 0e 00 00 00"", ""kind"": ""MESSAGE_HEADER"", ""opcode"": 128, ""argument"": 0}, {""offset"": 1, ""raw_hex"": ""08"", ""kind"": ""LINE_BREAK""}, {""offset"": 2, ""raw_hex"": ""12"", ""kind"": ""UNKNOWN_CONTROL""}, {""offset"": 3, ""raw_hex"": ""00"", ""kind"": ""UNKNOWN_CONTROL""}, {""offset"": 18, ""raw_hex"": ""08"", ""kind"": ""LINE_BREAK""}, {""offset"": 20, ""raw_hex"": ""0d ff 00"", ""kind"": ""MESSAGE_END""}]",REVIEW_1,NO,필드 안내 런타임 신고 및 0x4000/0x6000 전수 조사 반영.,PROVEN: scenario field/tutorial message; member_type=0x6000.
FIELD_RESOURCE_00700100_R00740000_M6000_0002,SCENARIO,field_resource_message,DATA/00700100.MDZ,DATA/00700100.MDT,0x00740000,00700100,382,0x0024197f,0x0024197a,21 08 12 00 61 69 48 66 69 7f 9b f1 5f f0 d6 f0 8a 92 08 21 0d ff 00,"<G0001>
<CTRL:12><CTRL:00><G0041>P・MPが全回復した
<G0001>","<G0001>
<CTRL:12><CTRL:00>HP·MP가 모두 회복됐다
<G0001>",41 08 12 00 61 69 48 66 69 6A 20 D2 AA 20 EC 20 F0 3B F8 92 08 41 0D FF 00,,"[{""offset"": -5, ""raw_hex"": ""80 0e 00 00 00"", ""kind"": ""MESSAGE_HEADER"", ""opcode"": 128, ""argument"": 0}, {""offset"": 1, ""raw_hex"": ""08"", ""kind"": ""LINE_BREAK""}, {""offset"": 2, ""raw_hex"": ""12"", ""kind"": ""UNKNOWN_CONTROL""}, {""offset"": 3, ""raw_hex"": ""00"", ""kind"": ""UNKNOWN_CONTROL""}, {""offset"": 18, ""raw_hex"": ""08"", ""kind"": ""LINE_BREAK""}, {""offset"": 20, ""raw_hex"": ""0d ff 00"", ""kind"": ""MESSAGE_END""}]",REVIEW_1,NO,필드 안내 런타임 신고 및 0x4000/0x6000 전수 조사 반영.,PROVEN: scenario field/tutorial message; member_type=0x6000.
FIELD_RESOURCE_01010104_R00740000_M6000_0001,SCENARIO,field_resource_message,DATA/01010104.MDZ,DATA/01010104.MDT,0x00740000,01010104,383,0x0093ae2d,0x0093ae28,21 08 12 00 61 69 48 66 69 7f 9b f1 5f f0 d6 f0 8a 92 08 21 0d ff 00,"<G0001>
<CTRL:12><CTRL:00><G0041>P・MPが全回復した
<G0001>","<G0001>
<CTRL:12><CTRL:00>HP·MP가 모두 회복됐다
<G0001>",41 08 12 00 61 69 48 66 69 6A 20 D2 AA 20 EC 20 F0 3B F8 92 08 41 0D FF 00,,"[{""offset"": -5, ""raw_hex"": ""80 0e 00 00 00"", ""kind"": ""MESSAGE_HEADER"", ""opcode"": 128, ""argument"": 0}, {""offset"": 1, ""raw_hex"": ""08"", ""kind"": ""LINE_BREAK""}, {""offset"": 2, ""raw_hex"": ""12"", ""kind"": ""UNKNOWN_CONTROL""}, {""offset"": 3, ""raw_hex"": ""00"", ""kind"": ""UNKNOWN_CONTROL""}, {""offset"": 18, ""raw_hex"": ""08"", ""kind"": ""LINE_BREAK""}, {""offset"": 20, ""raw_hex"": ""0d ff 00"", ""kind"": ""MESSAGE_END""}]",REVIEW_1,NO,필드 안내 런타임 신고 및 0x4000/0x6000 전수 조사 반영.,PROVEN: scenario field/tutorial message; member_type=0x6000.
FIELD_RESOURCE_01010104_R00740000_M6000_0002,SCENARIO,field_resource_message,DATA/01010104.MDZ,DATA/01010104.MDT,0x00740000,01010104,384,0x0093aeff,0x0093aefa,21 08 12 00 61 69 48 66 69 7f 9b f1 5f f0 d6 f0 8a 92 08 21 0d ff 00,"<G0001>
<CTRL:12><CTRL:00><G0041>P・MPが全回復した
<G0001>","<G0001>
<CTRL:12><CTRL:00>HP·MP가 모두 회복됐다
<G0001>",41 08 12 00 61 69 48 66 69 6A 20 D2 AA 20 EC 20 F0 3B F8 92 08 41 0D FF 00,,"[{""offset"": -5, ""raw_hex"": ""80 0e 00 00 00"", ""kind"": ""MESSAGE_HEADER"", ""opcode"": 128, ""argument"": 0}, {""offset"": 1, ""raw_hex"": ""08"", ""kind"": ""LINE_BREAK""}, {""offset"": 2, ""raw_hex"": ""12"", ""kind"": ""UNKNOWN_CONTROL""}, {""offset"": 3, ""raw_hex"": ""00"", ""kind"": ""UNKNOWN_CONTROL""}, {""offset"": 18, ""raw_hex"": ""08"", ""kind"": ""LINE_BREAK""}, {""offset"": 20, ""raw_hex"": ""0d ff 00"", ""kind"": ""MESSAGE_END""}]",REVIEW_1,NO,필드 안내 런타임 신고 및 0x4000/0x6000 전수 조사 반영.,PROVEN: scenario field/tutorial message; member_type=0x6000.
FIELD_RESOURCE_01010105_R00740000_M6000_0001,SCENARIO,field_resource_message,DATA/01010105.MDZ,DATA/01010105.MDT,0x00740000,01010105,385,0x0043a1ad,0x0043a1a8,21 08 12 00 61 69 48 66 69 7f 9b f1 5f f0 d6 f0 8a 92 08 21 0d ff 00,"<G0001>
<CTRL:12><CTRL:00><G0041>P・MPが全回復した
<G0001>","<G0001>
<CTRL:12><CTRL:00>HP·MP가 모두 회복됐다
<G0001>",41 08 12 00 61 69 48 66 69 6A 20 D2 AA 20 EC 20 F0 3B F8 92 08 41 0D FF 00,,"[{""offset"": -5, ""raw_hex"": ""80 0e 00 00 00"", ""kind"": ""MESSAGE_HEADER"", ""opcode"": 128, ""argument"": 0}, {""offset"": 1, ""raw_hex"": ""08"", ""kind"": ""LINE_BREAK""}, {""offset"": 2, ""raw_hex"": ""12"", ""kind"": ""UNKNOWN_CONTROL""}, {""offset"": 3, ""raw_hex"": ""00"", ""kind"": ""UNKNOWN_CONTROL""}, {""offset"": 18, ""raw_hex"": ""08"", ""kind"": ""LINE_BREAK""}, {""offset"": 20, ""raw_hex"": ""0d ff 00"", ""kind"": ""MESSAGE_END""}]",REVIEW_1,NO,필드 안내 런타임 신고 및 0x4000/0x6000 전수 조사 반영.,PROVEN: scenario field/tutorial message; member_type=0x6000.
FIELD_RESOURCE_01010105_R00740000_M6000_0002,SCENARIO,field_resource_message,DATA/01010105.MDZ,DATA/01010105.MDT,0x00740000,01010105,386,0x0043a27f,0x0043a27a,21 08 12 00 61 69 48 66 69 7f 9b f1 5f f0 d6 f0 8a 92 08 21 0d ff 00,"<G0001>
<CTRL:12><CTRL:00><G0041>P・MPが全回復した
<G0001>","<G0001>
<CTRL:12><CTRL:00>HP·MP가 모두 회복됐다
<G0001>",41 08 12 00 61 69 48 66 69 6A 20 D2 AA 20 EC 20 F0 3B F8 92 08 41 0D FF 00,,"[{""offset"": -5, ""raw_hex"": ""80 0e 00 00 00"", ""kind"": ""MESSAGE_HEADER"", ""opcode"": 128, ""argument"": 0}, {""offset"": 1, ""raw_hex"": ""08"", ""kind"": ""LINE_BREAK""}, {""offset"": 2, ""raw_hex"": ""12"", ""kind"": ""UNKNOWN_CONTROL""}, {""offset"": 3, ""raw_hex"": ""00"", ""kind"": ""UNKNOWN_CONTROL""}, {""offset"": 18, ""raw_hex"": ""08"", ""kind"": ""LINE_BREAK""}, {""offset"": 20, ""raw_hex"": ""0d ff 00"", ""kind"": ""MESSAGE_END""}]",REVIEW_1,NO,필드 안내 런타임 신고 및 0x4000/0x6000 전수 조사 반영.,PROVEN: scenario field/tutorial message; member_type=0x6000.
FIELD_RESOURCE_01010201_R00740000_M6000_0001,SCENARIO,field_resource_message,DATA/01010201.MDZ,DATA/01010201.MDT,0x00740000,01010201,387,0x00651aad,0x00651aa8,21 08 12 00 61 69 48 66 69 7f 9b f1 5f f0 d6 f0 8a 92 08 21 0d ff 00,"<G0001>
<CTRL:12><CTRL:00><G0041>P・MPが全回復した
<G0001>","<G0001>
<CTRL:12><CTRL:00>HP·MP가 모두 회복됐다
<G0001>",41 08 12 00 61 69 48 66 69 6A 20 D2 AA 20 EC 20 F0 3B F8 92 08 41 0D FF 00,,"[{""offset"": -5, ""raw_hex"": ""80 0e 00 00 00"", ""kind"": ""MESSAGE_HEADER"", ""opcode"": 128, ""argument"": 0}, {""offset"": 1, ""raw_hex"": ""08"", ""kind"": ""LINE_BREAK""}, {""offset"": 2, ""raw_hex"": ""12"", ""kind"": ""UNKNOWN_CONTROL""}, {""offset"": 3, ""raw_hex"": ""00"", ""kind"": ""UNKNOWN_CONTROL""}, {""offset"": 18, ""raw_hex"": ""08"", ""kind"": ""LINE_BREAK""}, {""offset"": 20, ""raw_hex"": ""0d ff 00"", ""kind"": ""MESSAGE_END""}]",REVIEW_1,NO,필드 안내 런타임 신고 및 0x4000/0x6000 전수 조사 반영.,PROVEN: scenario field/tutorial message; member_type=0x6000.
FIELD_RESOURCE_01010201_R00740000_M6000_0002,SCENARIO,field_resource_message,DATA/01010201.MDZ,DATA/01010201.MDT,0x00740000,01010201,388,0x00651b7f,0x00651b7a,21 08 12 00 61 69 48 66 69 7f 9b f1 5f f0 d6 f0 8a 92 08 21 0d ff 00,"<G0001>
<CTRL:12><CTRL:00><G0041>P・MPが全回復した
<G0001>","<G0001>
<CTRL:12><CTRL:00>HP·MP가 모두 회복됐다
<G0001>",41 08 12 00 61 69 48 66 69 6A 20 D2 AA 20 EC 20 F0 3B F8 92 08 41 0D FF 00,,"[{""offset"": -5, ""raw_hex"": ""80 0e 00 00 00"", ""kind"": ""MESSAGE_HEADER"", ""opcode"": 128, ""argument"": 0}, {""offset"": 1, ""raw_hex"": ""08"", ""kind"": ""LINE_BREAK""}, {""offset"": 2, ""raw_hex"": ""12"", ""kind"": ""UNKNOWN_CONTROL""}, {""offset"": 3, ""raw_hex"": ""00"", ""kind"": ""UNKNOWN_CONTROL""}, {""offset"": 18, ""raw_hex"": ""08"", ""kind"": ""LINE_BREAK""}, {""offset"": 20, ""raw_hex"": ""0d ff 00"", ""kind"": ""MESSAGE_END""}]",REVIEW_1,NO,필드 안내 런타임 신고 및 0x4000/0x6000 전수 조사 반영.,PROVEN: scenario field/tutorial message; member_type=0x6000.
FIELD_RESOURCE_01010502_R00740000_M6000_0001,SCENARIO,field_resource_message,DATA/01010502.MDZ,DATA/01010502.MDT,0x00740000,01010502,389,0x00ad9b2d,0x00ad9b28,21 08 12 00 61 69 48 66 69 7f 9b f1 5f f0 d6 f0 8a 92 08 21 0d ff 00,"<G0001>
<CTRL:12><CTRL:00><G0041>P・MPが全回復した
<G0001>","<G0001>
<CTRL:12><CTRL:00>HP·MP가 모두 회복됐다
<G0001>",41 08 12 00 61 69 48 66 69 6A 20 D2 AA 20 EC 20 F0 3B F8 92 08 41 0D FF 00,,"[{""offset"": -5, ""raw_hex"": ""80 0e 00 00 00"", ""kind"": ""MESSAGE_HEADER"", ""opcode"": 128, ""argument"": 0}, {""offset"": 1, ""raw_hex"": ""08"", ""kind"": ""LINE_BREAK""}, {""offset"": 2, ""raw_hex"": ""12"", ""kind"": ""UNKNOWN_CONTROL""}, {""offset"": 3, ""raw_hex"": ""00"", ""kind"": ""UNKNOWN_CONTROL""}, {""offset"": 18, ""raw_hex"": ""08"", ""kind"": ""LINE_BREAK""}, {""offset"": 20, ""raw_hex"": ""0d ff 00"", ""kind"": ""MESSAGE_END""}]",REVIEW_1,NO,필드 안내 런타임 신고 및 0x4000/0x6000 전수 조사 반영.,PROVEN: scenario field/tutorial message; member_type=0x6000.
FIELD_RESOURCE_01010502_R00740000_M6000_0002,SCENARIO,field_resource_message,DATA/01010502.MDZ,DATA/01010502.MDT,0x00740000,01010502,390,0x00ad9bff,0x00ad9bfa,21 08 12 00 61 69 48 66 69 7f 9b f1 5f f0 d6 f0 8a 92 08 21 0d ff 00,"<G0001>
<CTRL:12><CTRL:00><G0041>P・MPが全回復した
<G0001>","<G0001>
<CTRL:12><CTRL:00>HP·MP가 모두 회복됐다
<G0001>",41 08 12 00 61 69 48 66 69 6A 20 D2 AA 20 EC 20 F0 3B F8 92 08 41 0D FF 00,,"[{""offset"": -5, ""raw_hex"": ""80 0e 00 00 00"", ""kind"": ""MESSAGE_HEADER"", ""opcode"": 128, ""argument"": 0}, {""offset"": 1, ""raw_hex"": ""08"", ""kind"": ""LINE_BREAK""}, {""offset"": 2, ""raw_hex"": ""12"", ""kind"": ""UNKNOWN_CONTROL""}, {""offset"": 3, ""raw_hex"": ""00"", ""kind"": ""UNKNOWN_CONTROL""}, {""offset"": 18, ""raw_hex"": ""08"", ""kind"": ""LINE_BREAK""}, {""offset"": 20, ""raw_hex"": ""0d ff 00"", ""kind"": ""MESSAGE_END""}]",REVIEW_1,NO,필드 안내 런타임 신고 및 0x4000/0x6000 전수 조사 반영.,PROVEN: scenario field/tutorial message; member_type=0x6000.
FIELD_RESOURCE_01020101_R00740000_M6000_0001,SCENARIO,field_resource_message,DATA/01020101.MDZ,DATA/01020101.MDT,0x00740000,01020101,391,0x0043e1ad,0x0043e1a8,21 08 12 00 61 69 48 66 69 7f 9b f1 5f f0 d6 f0 8a 92 08 21 0d ff 00,"<G0001>
<CTRL:12><CTRL:00><G0041>P・MPが全回復した
<G0001>","<G0001>
<CTRL:12><CTRL:00>HP·MP가 모두 회복됐다
<G0001>",41 08 12 00 61 69 48 66 69 6A 20 D2 AA 20 EC 20 F0 3B F8 92 08 41 0D FF 00,,"[{""offset"": -5, ""raw_hex"": ""80 0e 00 00 00"", ""kind"": ""MESSAGE_HEADER"", ""opcode"": 128, ""argument"": 0}, {""offset"": 1, ""raw_hex"": ""08"", ""kind"": ""LINE_BREAK""}, {""offset"": 2, ""raw_hex"": ""12"", ""kind"": ""UNKNOWN_CONTROL""}, {""offset"": 3, ""raw_hex"": ""00"", ""kind"": ""UNKNOWN_CONTROL""}, {""offset"": 18, ""raw_hex"": ""08"", ""kind"": ""LINE_BREAK""}, {""offset"": 20, ""raw_hex"": ""0d ff 00"", ""kind"": ""MESSAGE_END""}]",REVIEW_1,NO,필드 안내 런타임 신고 및 0x4000/0x6000 전수 조사 반영.,PROVEN: scenario field/tutorial message; member_type=0x6000.
FIELD_RESOURCE_01020101_R00740000_M6000_0002,SCENARIO,field_resource_message,DATA/01020101.MDZ,DATA/01020101.MDT,0x00740000,01020101,392,0x0043e27f,0x0043e27a,21 08 12 00 61 69 48 66 69 7f 9b f1 5f f0 d6 f0 8a 92 08 21 0d ff 00,"<G0001>
<CTRL:12><CTRL:00><G0041>P・MPが全回復した
<G0001>","<G0001>
<CTRL:12><CTRL:00>HP·MP가 모두 회복됐다
<G0001>",41 08 12 00 61 69 48 66 69 6A 20 D2 AA 20 EC 20 F0 3B F8 92 08 41 0D FF 00,,"[{""offset"": -5, ""raw_hex"": ""80 0e 00 00 00"", ""kind"": ""MESSAGE_HEADER"", ""opcode"": 128, ""argument"": 0}, {""offset"": 1, ""raw_hex"": ""08"", ""kind"": ""LINE_BREAK""}, {""offset"": 2, ""raw_hex"": ""12"", ""kind"": ""UNKNOWN_CONTROL""}, {""offset"": 3, ""raw_hex"": ""00"", ""kind"": ""UNKNOWN_CONTROL""}, {""offset"": 18, ""raw_hex"": ""08"", ""kind"": ""LINE_BREAK""}, {""offset"": 20, ""raw_hex"": ""0d ff 00"", ""kind"": ""MESSAGE_END""}]",REVIEW_1,NO,필드 안내 런타임 신고 및 0x4000/0x6000 전수 조사 반영.,PROVEN: scenario field/tutorial message; member_type=0x6000.
FIELD_RESOURCE_01020201_R00740000_M6000_0001,SCENARIO,field_resource_message,DATA/01020201.MDZ,DATA/01020201.MDT,0x00740000,01020201,393,0x003f56ad,0x003f56a8,21 08 12 00 61 69 48 66 69 7f 9b f1 5f f0 d6 f0 8a 92 08 21 0d ff 00,"<G0001>
<CTRL:12><CTRL:00><G0041>P・MPが全回復した
<G0001>","<G0001>
<CTRL:12><CTRL:00>HP·MP가 모두 회복됐다
<G0001>",41 08 12 00 61 69 48 66 69 6A 20 D2 AA 20 EC 20 F0 3B F8 92 08 41 0D FF 00,,"[{""offset"": -5, ""raw_hex"": ""80 0e 00 00 00"", ""kind"": ""MESSAGE_HEADER"", ""opcode"": 128, ""argument"": 0}, {""offset"": 1, ""raw_hex"": ""08"", ""kind"": ""LINE_BREAK""}, {""offset"": 2, ""raw_hex"": ""12"", ""kind"": ""UNKNOWN_CONTROL""}, {""offset"": 3, ""raw_hex"": ""00"", ""kind"": ""UNKNOWN_CONTROL""}, {""offset"": 18, ""raw_hex"": ""08"", ""kind"": ""LINE_BREAK""}, {""offset"": 20, ""raw_hex"": ""0d ff 00"", ""kind"": ""MESSAGE_END""}]",REVIEW_1,NO,필드 안내 런타임 신고 및 0x4000/0x6000 전수 조사 반영.,PROVEN: scenario field/tutorial message; member_type=0x6000.
FIELD_RESOURCE_01020201_R00740000_M6000_0002,SCENARIO,field_resource_message,DATA/01020201.MDZ,DATA/01020201.MDT,0x00740000,01020201,394,0x003f577f,0x003f577a,21 08 12 00 61 69 48 66 69 7f 9b f1 5f f0 d6 f0 8a 92 08 21 0d ff 00,"<G0001>
<CTRL:12><CTRL:00><G0041>P・MPが全回復した
<G0001>","<G0001>
<CTRL:12><CTRL:00>HP·MP가 모두 회복됐다
<G0001>",41 08 12 00 61 69 48 66 69 6A 20 D2 AA 20 EC 20 F0 3B F8 92 08 41 0D FF 00,,"[{""offset"": -5, ""raw_hex"": ""80 0e 00 00 00"", ""kind"": ""MESSAGE_HEADER"", ""opcode"": 128, ""argument"": 0}, {""offset"": 1, ""raw_hex"": ""08"", ""kind"": ""LINE_BREAK""}, {""offset"": 2, ""raw_hex"": ""12"", ""kind"": ""UNKNOWN_CONTROL""}, {""offset"": 3, ""raw_hex"": ""00"", ""kind"": ""UNKNOWN_CONTROL""}, {""offset"": 18, ""raw_hex"": ""08"", ""kind"": ""LINE_BREAK""}, {""offset"": 20, ""raw_hex"": ""0d ff 00"", ""kind"": ""MESSAGE_END""}]",REVIEW_1,NO,필드 안내 런타임 신고 및 0x4000/0x6000 전수 조사 반영.,PROVEN: scenario field/tutorial message; member_type=0x6000.
FIELD_RESOURCE_01020301_R00740000_M6000_0001,SCENARIO,field_resource_message,DATA/01020301.MDZ,DATA/01020301.MDT,0x00740000,01020301,395,0x005043ad,0x005043a8,21 08 12 00 61 69 48 66 69 7f 9b f1 5f f0 d6 f0 8a 92 08 21 0d ff 00,"<G0001>
<CTRL:12><CTRL:00><G0041>P・MPが全回復した
<G0001>","<G0001>
<CTRL:12><CTRL:00>HP·MP가 모두 회복됐다
<G0001>",41 08 12 00 61 69 48 66 69 6A 20 D2 AA 20 EC 20 F0 3B F8 92 08 41 0D FF 00,,"[{""offset"": -5, ""raw_hex"": ""80 0e 00 00 00"", ""kind"": ""MESSAGE_HEADER"", ""opcode"": 128, ""argument"": 0}, {""offset"": 1, ""raw_hex"": ""08"", ""kind"": ""LINE_BREAK""}, {""offset"": 2, ""raw_hex"": ""12"", ""kind"": ""UNKNOWN_CONTROL""}, {""offset"": 3, ""raw_hex"": ""00"", ""kind"": ""UNKNOWN_CONTROL""}, {""offset"": 18, ""raw_hex"": ""08"", ""kind"": ""LINE_BREAK""}, {""offset"": 20, ""raw_hex"": ""0d ff 00"", ""kind"": ""MESSAGE_END""}]",REVIEW_1,NO,필드 안내 런타임 신고 및 0x4000/0x6000 전수 조사 반영.,PROVEN: scenario field/tutorial message; member_type=0x6000.
FIELD_RESOURCE_01020301_R00740000_M6000_0002,SCENARIO,field_resource_message,DATA/01020301.MDZ,DATA/01020301.MDT,0x00740000,01020301,396,0x0050447f,0x0050447a,21 08 12 00 61 69 48 66 69 7f 9b f1 5f f0 d6 f0 8a 92 08 21 0d ff 00,"<G0001>
<CTRL:12><CTRL:00><G0041>P・MPが全回復した
<G0001>","<G0001>
<CTRL:12><CTRL:00>HP·MP가 모두 회복됐다
<G0001>",41 08 12 00 61 69 48 66 69 6A 20 D2 AA 20 EC 20 F0 3B F8 92 08 41 0D FF 00,,"[{""offset"": -5, ""raw_hex"": ""80 0e 00 00 00"", ""kind"": ""MESSAGE_HEADER"", ""opcode"": 128, ""argument"": 0}, {""offset"": 1, ""raw_hex"": ""08"", ""kind"": ""LINE_BREAK""}, {""offset"": 2, ""raw_hex"": ""12"", ""kind"": ""UNKNOWN_CONTROL""}, {""offset"": 3, ""raw_hex"": ""00"", ""kind"": ""UNKNOWN_CONTROL""}, {""offset"": 18, ""raw_hex"": ""08"", ""kind"": ""LINE_BREAK""}, {""offset"": 20, ""raw_hex"": ""0d ff 00"", ""kind"": ""MESSAGE_END""}]",REVIEW_1,NO,필드 안내 런타임 신고 및 0x4000/0x6000 전수 조사 반영.,PROVEN: scenario field/tutorial message; member_type=0x6000.
FIELD_RESOURCE_01020801_R00740000_M6000_0001,SCENARIO,field_resource_message,DATA/01020801.MDZ,DATA/01020801.MDT,0x00740000,01020801,397,0x0071692d,0x00716928,21 08 12 00 61 69 48 66 69 7f 9b f1 5f f0 d6 f0 8a 92 08 21 0d ff 00,"<G0001>
<CTRL:12><CTRL:00><G0041>P・MPが全回復した
<G0001>","<G0001>
<CTRL:12><CTRL:00>HP·MP가 모두 회복됐다
<G0001>",41 08 12 00 61 69 48 66 69 6A 20 D2 AA 20 EC 20 F0 3B F8 92 08 41 0D FF 00,,"[{""offset"": -5, ""raw_hex"": ""80 0e 00 00 00"", ""kind"": ""MESSAGE_HEADER"", ""opcode"": 128, ""argument"": 0}, {""offset"": 1, ""raw_hex"": ""08"", ""kind"": ""LINE_BREAK""}, {""offset"": 2, ""raw_hex"": ""12"", ""kind"": ""UNKNOWN_CONTROL""}, {""offset"": 3, ""raw_hex"": ""00"", ""kind"": ""UNKNOWN_CONTROL""}, {""offset"": 18, ""raw_hex"": ""08"", ""kind"": ""LINE_BREAK""}, {""offset"": 20, ""raw_hex"": ""0d ff 00"", ""kind"": ""MESSAGE_END""}]",REVIEW_1,NO,필드 안내 런타임 신고 및 0x4000/0x6000 전수 조사 반영.,PROVEN: scenario field/tutorial message; member_type=0x6000.
FIELD_RESOURCE_01020801_R00740000_M6000_0002,SCENARIO,field_resource_message,DATA/01020801.MDZ,DATA/01020801.MDT,0x00740000,01020801,398,0x007169ff,0x007169fa,21 08 12 00 61 69 48 66 69 7f 9b f1 5f f0 d6 f0 8a 92 08 21 0d ff 00,"<G0001>
<CTRL:12><CTRL:00><G0041>P・MPが全回復した
<G0001>","<G0001>
<CTRL:12><CTRL:00>HP·MP가 모두 회복됐다
<G0001>",41 08 12 00 61 69 48 66 69 6A 20 D2 AA 20 EC 20 F0 3B F8 92 08 41 0D FF 00,,"[{""offset"": -5, ""raw_hex"": ""80 0e 00 00 00"", ""kind"": ""MESSAGE_HEADER"", ""opcode"": 128, ""argument"": 0}, {""offset"": 1, ""raw_hex"": ""08"", ""kind"": ""LINE_BREAK""}, {""offset"": 2, ""raw_hex"": ""12"", ""kind"": ""UNKNOWN_CONTROL""}, {""offset"": 3, ""raw_hex"": ""00"", ""kind"": ""UNKNOWN_CONTROL""}, {""offset"": 18, ""raw_hex"": ""08"", ""kind"": ""LINE_BREAK""}, {""offset"": 20, ""raw_hex"": ""0d ff 00"", ""kind"": ""MESSAGE_END""}]",REVIEW_1,NO,필드 안내 런타임 신고 및 0x4000/0x6000 전수 조사 반영.,PROVEN: scenario field/tutorial message; member_type=0x6000.
FIELD_RESOURCE_01020901_R00740000_M6000_0001,SCENARIO,field_resource_message,DATA/01020901.MDZ,DATA/01020901.MDT,0x00740000,01020901,399,0x002bfb2d,0x002bfb28,21 08 12 00 61 69 48 66 69 7f 9b f1 5f f0 d6 f0 8a 92 08 21 0d ff 00,"<G0001>
<CTRL:12><CTRL:00><G0041>P・MPが全回復した
<G0001>","<G0001>
<CTRL:12><CTRL:00>HP·MP가 모두 회복됐다
<G0001>",41 08 12 00 61 69 48 66 69 6A 20 D2 AA 20 EC 20 F0 3B F8 92 08 41 0D FF 00,,"[{""offset"": -5, ""raw_hex"": ""80 0e 00 00 00"", ""kind"": ""MESSAGE_HEADER"", ""opcode"": 128, ""argument"": 0}, {""offset"": 1, ""raw_hex"": ""08"", ""kind"": ""LINE_BREAK""}, {""offset"": 2, ""raw_hex"": ""12"", ""kind"": ""UNKNOWN_CONTROL""}, {""offset"": 3, ""raw_hex"": ""00"", ""kind"": ""UNKNOWN_CONTROL""}, {""offset"": 18, ""raw_hex"": ""08"", ""kind"": ""LINE_BREAK""}, {""offset"": 20, ""raw_hex"": ""0d ff 00"", ""kind"": ""MESSAGE_END""}]",REVIEW_1,NO,필드 안내 런타임 신고 및 0x4000/0x6000 전수 조사 반영.,PROVEN: scenario field/tutorial message; member_type=0x6000.
FIELD_RESOURCE_01020901_R00740000_M6000_0002,SCENARIO,field_resource_message,DATA/01020901.MDZ,DATA/01020901.MDT,0x00740000,01020901,400,0x002bfbff,0x002bfbfa,21 08 12 00 61 69 48 66 69 7f 9b f1 5f f0 d6 f0 8a 92 08 21 0d ff 00,"<G0001>
<CTRL:12><CTRL:00><G0041>P・MPが全回復した
<G0001>","<G0001>
<CTRL:12><CTRL:00>HP·MP가 모두 회복됐다
<G0001>",41 08 12 00 61 69 48 66 69 6A 20 D2 AA 20 EC 20 F0 3B F8 92 08 41 0D FF 00,,"[{""offset"": -5, ""raw_hex"": ""80 0e 00 00 00"", ""kind"": ""MESSAGE_HEADER"", ""opcode"": 128, ""argument"": 0}, {""offset"": 1, ""raw_hex"": ""08"", ""kind"": ""LINE_BREAK""}, {""offset"": 2, ""raw_hex"": ""12"", ""kind"": ""UNKNOWN_CONTROL""}, {""offset"": 3, ""raw_hex"": ""00"", ""kind"": ""UNKNOWN_CONTROL""}, {""offset"": 18, ""raw_hex"": ""08"", ""kind"": ""LINE_BREAK""}, {""offset"": 20, ""raw_hex"": ""0d ff 00"", ""kind"": ""MESSAGE_END""}]",REVIEW_1,NO,필드 안내 런타임 신고 및 0x4000/0x6000 전수 조사 반영.,PROVEN: scenario field/tutorial message; member_type=0x6000.
FIELD_RESOURCE_01021001_R00740000_M6000_0001,SCENARIO,field_resource_message,DATA/01021001.MDZ,DATA/01021001.MDT,0x00740000,01021001,401,0x004e3e2d,0x004e3e28,21 08 12 00 61 69 48 66 69 7f 9b f1 5f f0 d6 f0 8a 92 08 21 0d ff 00,"<G0001>
<CTRL:12><CTRL:00><G0041>P・MPが全回復した
<G0001>","<G0001>
<CTRL:12><CTRL:00>HP·MP가 모두 회복됐다
<G0001>",41 08 12 00 61 69 48 66 69 6A 20 D2 AA 20 EC 20 F0 3B F8 92 08 41 0D FF 00,,"[{""offset"": -5, ""raw_hex"": ""80 0e 00 00 00"", ""kind"": ""MESSAGE_HEADER"", ""opcode"": 128, ""argument"": 0}, {""offset"": 1, ""raw_hex"": ""08"", ""kind"": ""LINE_BREAK""}, {""offset"": 2, ""raw_hex"": ""12"", ""kind"": ""UNKNOWN_CONTROL""}, {""offset"": 3, ""raw_hex"": ""00"", ""kind"": ""UNKNOWN_CONTROL""}, {""offset"": 18, ""raw_hex"": ""08"", ""kind"": ""LINE_BREAK""}, {""offset"": 20, ""raw_hex"": ""0d ff 00"", ""kind"": ""MESSAGE_END""}]",REVIEW_1,NO,필드 안내 런타임 신고 및 0x4000/0x6000 전수 조사 반영.,PROVEN: scenario field/tutorial message; member_type=0x6000.
FIELD_RESOURCE_01021001_R00740000_M6000_0002,SCENARIO,field_resource_message,DATA/01021001.MDZ,DATA/01021001.MDT,0x00740000,01021001,402,0x004e3eff,0x004e3efa,21 08 12 00 61 69 48 66 69 7f 9b f1 5f f0 d6 f0 8a 92 08 21 0d ff 00,"<G0001>
<CTRL:12><CTRL:00><G0041>P・MPが全回復した
<G0001>","<G0001>
<CTRL:12><CTRL:00>HP·MP가 모두 회복됐다
<G0001>",41 08 12 00 61 69 48 66 69 6A 20 D2 AA 20 EC 20 F0 3B F8 92 08 41 0D FF 00,,"[{""offset"": -5, ""raw_hex"": ""80 0e 00 00 00"", ""kind"": ""MESSAGE_HEADER"", ""opcode"": 128, ""argument"": 0}, {""offset"": 1, ""raw_hex"": ""08"", ""kind"": ""LINE_BREAK""}, {""offset"": 2, ""raw_hex"": ""12"", ""kind"": ""UNKNOWN_CONTROL""}, {""offset"": 3, ""raw_hex"": ""00"", ""kind"": ""UNKNOWN_CONTROL""}, {""offset"": 18, ""raw_hex"": ""08"", ""kind"": ""LINE_BREAK""}, {""offset"": 20, ""raw_hex"": ""0d ff 00"", ""kind"": ""MESSAGE_END""}]",REVIEW_1,NO,필드 안내 런타임 신고 및 0x4000/0x6000 전수 조사 반영.,PROVEN: scenario field/tutorial message; member_type=0x6000.
FIELD_RESOURCE_01021002_R00740000_M6000_0001,SCENARIO,field_resource_message,DATA/01021002.MDZ,DATA/01021002.MDT,0x00740000,01021002,403,0x007a5dad,0x007a5da8,21 08 12 00 61 69 48 66 69 7f 9b f1 5f f0 d6 f0 8a 92 08 21 0d ff 00,"<G0001>
<CTRL:12><CTRL:00><G0041>P・MPが全回復した
<G0001>","<G0001>
<CTRL:12><CTRL:00>HP·MP가 모두 회복됐다
<G0001>",41 08 12 00 61 69 48 66 69 6A 20 D2 AA 20 EC 20 F0 3B F8 92 08 41 0D FF 00,,"[{""offset"": -5, ""raw_hex"": ""80 0e 00 00 00"", ""kind"": ""MESSAGE_HEADER"", ""opcode"": 128, ""argument"": 0}, {""offset"": 1, ""raw_hex"": ""08"", ""kind"": ""LINE_BREAK""}, {""offset"": 2, ""raw_hex"": ""12"", ""kind"": ""UNKNOWN_CONTROL""}, {""offset"": 3, ""raw_hex"": ""00"", ""kind"": ""UNKNOWN_CONTROL""}, {""offset"": 18, ""raw_hex"": ""08"", ""kind"": ""LINE_BREAK""}, {""offset"": 20, ""raw_hex"": ""0d ff 00"", ""kind"": ""MESSAGE_END""}]",REVIEW_1,NO,필드 안내 런타임 신고 및 0x4000/0x6000 전수 조사 반영.,PROVEN: scenario field/tutorial message; member_type=0x6000.
FIELD_RESOURCE_01021002_R00740000_M6000_0002,SCENARIO,field_resource_message,DATA/01021002.MDZ,DATA/01021002.MDT,0x00740000,01021002,404,0x007a5e7f,0x007a5e7a,21 08 12 00 61 69 48 66 69 7f 9b f1 5f f0 d6 f0 8a 92 08 21 0d ff 00,"<G0001>
<CTRL:12><CTRL:00><G0041>P・MPが全回復した
<G0001>","<G0001>
<CTRL:12><CTRL:00>HP·MP가 모두 회복됐다
<G0001>",41 08 12 00 61 69 48 66 69 6A 20 D2 AA 20 EC 20 F0 3B F8 92 08 41 0D FF 00,,"[{""offset"": -5, ""raw_hex"": ""80 0e 00 00 00"", ""kind"": ""MESSAGE_HEADER"", ""opcode"": 128, ""argument"": 0}, {""offset"": 1, ""raw_hex"": ""08"", ""kind"": ""LINE_BREAK""}, {""offset"": 2, ""raw_hex"": ""12"", ""kind"": ""UNKNOWN_CONTROL""}, {""offset"": 3, ""raw_hex"": ""00"", ""kind"": ""UNKNOWN_CONTROL""}, {""offset"": 18, ""raw_hex"": ""08"", ""kind"": ""LINE_BREAK""}, {""offset"": 20, ""raw_hex"": ""0d ff 00"", ""kind"": ""MESSAGE_END""}]",REVIEW_1,NO,필드 안내 런타임 신고 및 0x4000/0x6000 전수 조사 반영.,PROVEN: scenario field/tutorial message; member_type=0x6000.
FIELD_RESOURCE_01021301_R00740000_M6000_0001,SCENARIO,field_resource_message,DATA/01021301.MDZ,DATA/01021301.MDT,0x00740000,01021301,405,0x0082f12d,0x0082f128,21 08 12 00 61 69 48 66 69 7f 9b f1 5f f0 d6 f0 8a 92 08 21 0d ff 00,"<G0001>
<CTRL:12><CTRL:00><G0041>P・MPが全回復した
<G0001>","<G0001>
<CTRL:12><CTRL:00>HP·MP가 모두 회복됐다
<G0001>",41 08 12 00 61 69 48 66 69 6A 20 D2 AA 20 EC 20 F0 3B F8 92 08 41 0D FF 00,,"[{""offset"": -5, ""raw_hex"": ""80 0e 00 00 00"", ""kind"": ""MESSAGE_HEADER"", ""opcode"": 128, ""argument"": 0}, {""offset"": 1, ""raw_hex"": ""08"", ""kind"": ""LINE_BREAK""}, {""offset"": 2, ""raw_hex"": ""12"", ""kind"": ""UNKNOWN_CONTROL""}, {""offset"": 3, ""raw_hex"": ""00"", ""kind"": ""UNKNOWN_CONTROL""}, {""offset"": 18, ""raw_hex"": ""08"", ""kind"": ""LINE_BREAK""}, {""offset"": 20, ""raw_hex"": ""0d ff 00"", ""kind"": ""MESSAGE_END""}]",REVIEW_1,NO,필드 안내 런타임 신고 및 0x4000/0x6000 전수 조사 반영.,PROVEN: scenario field/tutorial message; member_type=0x6000.
FIELD_RESOURCE_01021301_R00740000_M6000_0002,SCENARIO,field_resource_message,DATA/01021301.MDZ,DATA/01021301.MDT,0x00740000,01021301,406,0x0082f1ff,0x0082f1fa,21 08 12 00 61 69 48 66 69 7f 9b f1 5f f0 d6 f0 8a 92 08 21 0d ff 00,"<G0001>
<CTRL:12><CTRL:00><G0041>P・MPが全回復した
<G0001>","<G0001>
<CTRL:12><CTRL:00>HP·MP가 모두 회복됐다
<G0001>",41 08 12 00 61 69 48 66 69 6A 20 D2 AA 20 EC 20 F0 3B F8 92 08 41 0D FF 00,,"[{""offset"": -5, ""raw_hex"": ""80 0e 00 00 00"", ""kind"": ""MESSAGE_HEADER"", ""opcode"": 128, ""argument"": 0}, {""offset"": 1, ""raw_hex"": ""08"", ""kind"": ""LINE_BREAK""}, {""offset"": 2, ""raw_hex"": ""12"", ""kind"": ""UNKNOWN_CONTROL""}, {""offset"": 3, ""raw_hex"": ""00"", ""kind"": ""UNKNOWN_CONTROL""}, {""offset"": 18, ""raw_hex"": ""08"", ""kind"": ""LINE_BREAK""}, {""offset"": 20, ""raw_hex"": ""0d ff 00"", ""kind"": ""MESSAGE_END""}]",REVIEW_1,NO,필드 안내 런타임 신고 및 0x4000/0x6000 전수 조사 반영.,PROVEN: scenario field/tutorial message; member_type=0x6000.
FIELD_RESOURCE_01030201_R00740000_M6000_0001,SCENARIO,field_resource_message,DATA/01030201.MDZ,DATA/01030201.MDT,0x00740000,01030201,407,0x00821c2d,0x00821c28,21 08 12 00 61 69 48 66 69 7f 9b f1 5f f0 d6 f0 8a 92 08 21 0d ff 00,"<G0001>
<CTRL:12><CTRL:00><G0041>P・MPが全回復した
<G0001>","<G0001>
<CTRL:12><CTRL:00>HP·MP가 모두 회복됐다
<G0001>",41 08 12 00 61 69 48 66 69 6A 20 D2 AA 20 EC 20 F0 3B F8 92 08 41 0D FF 00,,"[{""offset"": -5, ""raw_hex"": ""80 0e 00 00 00"", ""kind"": ""MESSAGE_HEADER"", ""opcode"": 128, ""argument"": 0}, {""offset"": 1, ""raw_hex"": ""08"", ""kind"": ""LINE_BREAK""}, {""offset"": 2, ""raw_hex"": ""12"", ""kind"": ""UNKNOWN_CONTROL""}, {""offset"": 3, ""raw_hex"": ""00"", ""kind"": ""UNKNOWN_CONTROL""}, {""offset"": 18, ""raw_hex"": ""08"", ""kind"": ""LINE_BREAK""}, {""offset"": 20, ""raw_hex"": ""0d ff 00"", ""kind"": ""MESSAGE_END""}]",REVIEW_1,NO,필드 안내 런타임 신고 및 0x4000/0x6000 전수 조사 반영.,PROVEN: scenario field/tutorial message; member_type=0x6000.
FIELD_RESOURCE_01030201_R00740000_M6000_0002,SCENARIO,field_resource_message,DATA/01030201.MDZ,DATA/01030201.MDT,0x00740000,01030201,408,0x00821cff,0x00821cfa,21 08 12 00 61 69 48 66 69 7f 9b f1 5f f0 d6 f0 8a 92 08 21 0d ff 00,"<G0001>
<CTRL:12><CTRL:00><G0041>P・MPが全回復した
<G0001>","<G0001>
<CTRL:12><CTRL:00>HP·MP가 모두 회복됐다
<G0001>",41 08 12 00 61 69 48 66 69 6A 20 D2 AA 20 EC 20 F0 3B F8 92 08 41 0D FF 00,,"[{""offset"": -5, ""raw_hex"": ""80 0e 00 00 00"", ""kind"": ""MESSAGE_HEADER"", ""opcode"": 128, ""argument"": 0}, {""offset"": 1, ""raw_hex"": ""08"", ""kind"": ""LINE_BREAK""}, {""offset"": 2, ""raw_hex"": ""12"", ""kind"": ""UNKNOWN_CONTROL""}, {""offset"": 3, ""raw_hex"": ""00"", ""kind"": ""UNKNOWN_CONTROL""}, {""offset"": 18, ""raw_hex"": ""08"", ""kind"": ""LINE_BREAK""}, {""offset"": 20, ""raw_hex"": ""0d ff 00"", ""kind"": ""MESSAGE_END""}]",REVIEW_1,NO,필드 안내 런타임 신고 및 0x4000/0x6000 전수 조사 반영.,PROVEN: scenario field/tutorial message; member_type=0x6000.
FIELD_RESOURCE_01030401_R00740000_M6000_0001,SCENARIO,field_resource_message,DATA/01030401.MDZ,DATA/01030401.MDT,0x00740000,01030401,409,0x003644fd,0x003644f8,21 08 12 00 61 69 48 66 69 7f 9b f1 5f f0 d6 f0 8a 92 08 21 0d ff 00,"<G0001>
<CTRL:12><CTRL:00><G0041>P・MPが全回復した
<G0001>","<G0001>
<CTRL:12><CTRL:00>HP·MP가 모두 회복됐다
<G0001>",41 08 12 00 61 69 48 66 69 6A 20 D2 AA 20 EC 20 F0 3B F8 92 08 41 0D FF 00,,"[{""offset"": -5, ""raw_hex"": ""80 0e 00 00 00"", ""kind"": ""MESSAGE_HEADER"", ""opcode"": 128, ""argument"": 0}, {""offset"": 1, ""raw_hex"": ""08"", ""kind"": ""LINE_BREAK""}, {""offset"": 2, ""raw_hex"": ""12"", ""kind"": ""UNKNOWN_CONTROL""}, {""offset"": 3, ""raw_hex"": ""00"", ""kind"": ""UNKNOWN_CONTROL""}, {""offset"": 18, ""raw_hex"": ""08"", ""kind"": ""LINE_BREAK""}, {""offset"": 20, ""raw_hex"": ""0d ff 00"", ""kind"": ""MESSAGE_END""}]",REVIEW_1,NO,필드 안내 런타임 신고 및 0x4000/0x6000 전수 조사 반영.,PROVEN: scenario field/tutorial message; member_type=0x6000.
FIELD_RESOURCE_01030401_R00740000_M6000_0002,SCENARIO,field_resource_message,DATA/01030401.MDZ,DATA/01030401.MDT,0x00740000,01030401,410,0x003645cf,0x003645ca,21 08 12 00 61 69 48 66 69 7f 9b f1 5f f0 d6 f0 8a 92 08 21 0d ff 00,"<G0001>
<CTRL:12><CTRL:00><G0041>P・MPが全回復した
<G0001>","<G0001>
<CTRL:12><CTRL:00>HP·MP가 모두 회복됐다
<G0001>",41 08 12 00 61 69 48 66 69 6A 20 D2 AA 20 EC 20 F0 3B F8 92 08 41 0D FF 00,,"[{""offset"": -5, ""raw_hex"": ""80 0e 00 00 00"", ""kind"": ""MESSAGE_HEADER"", ""opcode"": 128, ""argument"": 0}, {""offset"": 1, ""raw_hex"": ""08"", ""kind"": ""LINE_BREAK""}, {""offset"": 2, ""raw_hex"": ""12"", ""kind"": ""UNKNOWN_CONTROL""}, {""offset"": 3, ""raw_hex"": ""00"", ""kind"": ""UNKNOWN_CONTROL""}, {""offset"": 18, ""raw_hex"": ""08"", ""kind"": ""LINE_BREAK""}, {""offset"": 20, ""raw_hex"": ""0d ff 00"", ""kind"": ""MESSAGE_END""}]",REVIEW_1,NO,필드 안내 런타임 신고 및 0x4000/0x6000 전수 조사 반영.,PROVEN: scenario field/tutorial message; member_type=0x6000.
FIELD_RESOURCE_01030501_R00740000_M6000_0001,SCENARIO,field_resource_message,DATA/01030501.MDZ,DATA/01030501.MDT,0x00740000,01030501,411,0x004d09ad,0x004d09a8,21 08 12 00 61 69 48 66 69 7f 9b f1 5f f0 d6 f0 8a 92 08 21 0d ff 00,"<G0001>
<CTRL:12><CTRL:00><G0041>P・MPが全回復した
<G0001>","<G0001>
<CTRL:12><CTRL:00>HP·MP가 모두 회복됐다
<G0001>",41 08 12 00 61 69 48 66 69 6A 20 D2 AA 20 EC 20 F0 3B F8 92 08 41 0D FF 00,,"[{""offset"": -5, ""raw_hex"": ""80 0e 00 00 00"", ""kind"": ""MESSAGE_HEADER"", ""opcode"": 128, ""argument"": 0}, {""offset"": 1, ""raw_hex"": ""08"", ""kind"": ""LINE_BREAK""}, {""offset"": 2, ""raw_hex"": ""12"", ""kind"": ""UNKNOWN_CONTROL""}, {""offset"": 3, ""raw_hex"": ""00"", ""kind"": ""UNKNOWN_CONTROL""}, {""offset"": 18, ""raw_hex"": ""08"", ""kind"": ""LINE_BREAK""}, {""offset"": 20, ""raw_hex"": ""0d ff 00"", ""kind"": ""MESSAGE_END""}]",REVIEW_1,NO,필드 안내 런타임 신고 및 0x4000/0x6000 전수 조사 반영.,PROVEN: scenario field/tutorial message; member_type=0x6000.
FIELD_RESOURCE_01030501_R00740000_M6000_0002,SCENARIO,field_resource_message,DATA/01030501.MDZ,DATA/01030501.MDT,0x00740000,01030501,412,0x004d0a7f,0x004d0a7a,21 08 12 00 61 69 48 66 69 7f 9b f1 5f f0 d6 f0 8a 92 08 21 0d ff 00,"<G0001>
<CTRL:12><CTRL:00><G0041>P・MPが全回復した
<G0001>","<G0001>
<CTRL:12><CTRL:00>HP·MP가 모두 회복됐다
<G0001>",41 08 12 00 61 69 48 66 69 6A 20 D2 AA 20 EC 20 F0 3B F8 92 08 41 0D FF 00,,"[{""offset"": -5, ""raw_hex"": ""80 0e 00 00 00"", ""kind"": ""MESSAGE_HEADER"", ""opcode"": 128, ""argument"": 0}, {""offset"": 1, ""raw_hex"": ""08"", ""kind"": ""LINE_BREAK""}, {""offset"": 2, ""raw_hex"": ""12"", ""kind"": ""UNKNOWN_CONTROL""}, {""offset"": 3, ""raw_hex"": ""00"", ""kind"": ""UNKNOWN_CONTROL""}, {""offset"": 18, ""raw_hex"": ""08"", ""kind"": ""LINE_BREAK""}, {""offset"": 20, ""raw_hex"": ""0d ff 00"", ""kind"": ""MESSAGE_END""}]",REVIEW_1,NO,필드 안내 런타임 신고 및 0x4000/0x6000 전수 조사 반영.,PROVEN: scenario field/tutorial message; member_type=0x6000.
FIELD_RESOURCE_01030502_R00740000_M6000_0001,SCENARIO,field_resource_message,DATA/01030502.MDZ,DATA/01030502.MDT,0x00740000,01030502,413,0x008320ad,0x008320a8,21 08 12 00 61 69 48 66 69 7f 9b f1 5f f0 d6 f0 8a 92 08 21 0d ff 00,"<G0001>
<CTRL:12><CTRL:00><G0041>P・MPが全回復した
<G0001>","<G0001>
<CTRL:12><CTRL:00>HP·MP가 모두 회복됐다
<G0001>",41 08 12 00 61 69 48 66 69 6A 20 D2 AA 20 EC 20 F0 3B F8 92 08 41 0D FF 00,,"[{""offset"": -5, ""raw_hex"": ""80 0e 00 00 00"", ""kind"": ""MESSAGE_HEADER"", ""opcode"": 128, ""argument"": 0}, {""offset"": 1, ""raw_hex"": ""08"", ""kind"": ""LINE_BREAK""}, {""offset"": 2, ""raw_hex"": ""12"", ""kind"": ""UNKNOWN_CONTROL""}, {""offset"": 3, ""raw_hex"": ""00"", ""kind"": ""UNKNOWN_CONTROL""}, {""offset"": 18, ""raw_hex"": ""08"", ""kind"": ""LINE_BREAK""}, {""offset"": 20, ""raw_hex"": ""0d ff 00"", ""kind"": ""MESSAGE_END""}]",REVIEW_1,NO,필드 안내 런타임 신고 및 0x4000/0x6000 전수 조사 반영.,PROVEN: scenario field/tutorial message; member_type=0x6000.
FIELD_RESOURCE_01030502_R00740000_M6000_0002,SCENARIO,field_resource_message,DATA/01030502.MDZ,DATA/01030502.MDT,0x00740000,01030502,414,0x0083217f,0x0083217a,21 08 12 00 61 69 48 66 69 7f 9b f1 5f f0 d6 f0 8a 92 08 21 0d ff 00,"<G0001>
<CTRL:12><CTRL:00><G0041>P・MPが全回復した
<G0001>","<G0001>
<CTRL:12><CTRL:00>HP·MP가 모두 회복됐다
<G0001>",41 08 12 00 61 69 48 66 69 6A 20 D2 AA 20 EC 20 F0 3B F8 92 08 41 0D FF 00,,"[{""offset"": -5, ""raw_hex"": ""80 0e 00 00 00"", ""kind"": ""MESSAGE_HEADER"", ""opcode"": 128, ""argument"": 0}, {""offset"": 1, ""raw_hex"": ""08"", ""kind"": ""LINE_BREAK""}, {""offset"": 2, ""raw_hex"": ""12"", ""kind"": ""UNKNOWN_CONTROL""}, {""offset"": 3, ""raw_hex"": ""00"", ""kind"": ""UNKNOWN_CONTROL""}, {""offset"": 18, ""raw_hex"": ""08"", ""kind"": ""LINE_BREAK""}, {""offset"": 20, ""raw_hex"": ""0d ff 00"", ""kind"": ""MESSAGE_END""}]",REVIEW_1,NO,필드 안내 런타임 신고 및 0x4000/0x6000 전수 조사 반영.,PROVEN: scenario field/tutorial message; member_type=0x6000.
FIELD_RESOURCE_01030601_R00740000_M6000_0001,SCENARIO,field_resource_message,DATA/01030601.MDZ,DATA/01030601.MDT,0x00740000,01030601,415,0x00717bad,0x00717ba8,21 08 12 00 61 69 48 66 69 7f 9b f1 5f f0 d6 f0 8a 92 08 21 0d ff 00,"<G0001>
<CTRL:12><CTRL:00><G0041>P・MPが全回復した
<G0001>","<G0001>
<CTRL:12><CTRL:00>HP·MP가 모두 회복됐다
<G0001>",41 08 12 00 61 69 48 66 69 6A 20 D2 AA 20 EC 20 F0 3B F8 92 08 41 0D FF 00,,"[{""offset"": -5, ""raw_hex"": ""80 0e 00 00 00"", ""kind"": ""MESSAGE_HEADER"", ""opcode"": 128, ""argument"": 0}, {""offset"": 1, ""raw_hex"": ""08"", ""kind"": ""LINE_BREAK""}, {""offset"": 2, ""raw_hex"": ""12"", ""kind"": ""UNKNOWN_CONTROL""}, {""offset"": 3, ""raw_hex"": ""00"", ""kind"": ""UNKNOWN_CONTROL""}, {""offset"": 18, ""raw_hex"": ""08"", ""kind"": ""LINE_BREAK""}, {""offset"": 20, ""raw_hex"": ""0d ff 00"", ""kind"": ""MESSAGE_END""}]",REVIEW_1,NO,필드 안내 런타임 신고 및 0x4000/0x6000 전수 조사 반영.,PROVEN: scenario field/tutorial message; member_type=0x6000.
FIELD_RESOURCE_01030601_R00740000_M6000_0002,SCENARIO,field_resource_message,DATA/01030601.MDZ,DATA/01030601.MDT,0x00740000,01030601,416,0x00717c7f,0x00717c7a,21 08 12 00 61 69 48 66 69 7f 9b f1 5f f0 d6 f0 8a 92 08 21 0d ff 00,"<G0001>
<CTRL:12><CTRL:00><G0041>P・MPが全回復した
<G0001>","<G0001>
<CTRL:12><CTRL:00>HP·MP가 모두 회복됐다
<G0001>",41 08 12 00 61 69 48 66 69 6A 20 D2 AA 20 EC 20 F0 3B F8 92 08 41 0D FF 00,,"[{""offset"": -5, ""raw_hex"": ""80 0e 00 00 00"", ""kind"": ""MESSAGE_HEADER"", ""opcode"": 128, ""argument"": 0}, {""offset"": 1, ""raw_hex"": ""08"", ""kind"": ""LINE_BREAK""}, {""offset"": 2, ""raw_hex"": ""12"", ""kind"": ""UNKNOWN_CONTROL""}, {""offset"": 3, ""raw_hex"": ""00"", ""kind"": ""UNKNOWN_CONTROL""}, {""offset"": 18, ""raw_hex"": ""08"", ""kind"": ""LINE_BREAK""}, {""offset"": 20, ""raw_hex"": ""0d ff 00"", ""kind"": ""MESSAGE_END""}]",REVIEW_1,NO,필드 안내 런타임 신고 및 0x4000/0x6000 전수 조사 반영.,PROVEN: scenario field/tutorial message; member_type=0x6000.
FIELD_RESOURCE_01030801_R00740000_M6000_0001,SCENARIO,field_resource_message,DATA/01030801.MDZ,DATA/01030801.MDT,0x00740000,01030801,417,0x0057d1ad,0x0057d1a8,21 08 12 00 61 69 48 66 69 7f 9b f1 5f f0 d6 f0 8a 92 08 21 0d ff 00,"<G0001>
<CTRL:12><CTRL:00><G0041>P・MPが全回復した
<G0001>","<G0001>
<CTRL:12><CTRL:00>HP·MP가 모두 회복됐다
<G0001>",41 08 12 00 61 69 48 66 69 6A 20 D2 AA 20 EC 20 F0 3B F8 92 08 41 0D FF 00,,"[{""offset"": -5, ""raw_hex"": ""80 0e 00 00 00"", ""kind"": ""MESSAGE_HEADER"", ""opcode"": 128, ""argument"": 0}, {""offset"": 1, ""raw_hex"": ""08"", ""kind"": ""LINE_BREAK""}, {""offset"": 2, ""raw_hex"": ""12"", ""kind"": ""UNKNOWN_CONTROL""}, {""offset"": 3, ""raw_hex"": ""00"", ""kind"": ""UNKNOWN_CONTROL""}, {""offset"": 18, ""raw_hex"": ""08"", ""kind"": ""LINE_BREAK""}, {""offset"": 20, ""raw_hex"": ""0d ff 00"", ""kind"": ""MESSAGE_END""}]",REVIEW_1,NO,필드 안내 런타임 신고 및 0x4000/0x6000 전수 조사 반영.,PROVEN: scenario field/tutorial message; member_type=0x6000.
FIELD_RESOURCE_01030801_R00740000_M6000_0002,SCENARIO,field_resource_message,DATA/01030801.MDZ,DATA/01030801.MDT,0x00740000,01030801,418,0x0057d27f,0x0057d27a,21 08 12 00 61 69 48 66 69 7f 9b f1 5f f0 d6 f0 8a 92 08 21 0d ff 00,"<G0001>
<CTRL:12><CTRL:00><G0041>P・MPが全回復した
<G0001>","<G0001>
<CTRL:12><CTRL:00>HP·MP가 모두 회복됐다
<G0001>",41 08 12 00 61 69 48 66 69 6A 20 D2 AA 20 EC 20 F0 3B F8 92 08 41 0D FF 00,,"[{""offset"": -5, ""raw_hex"": ""80 0e 00 00 00"", ""kind"": ""MESSAGE_HEADER"", ""opcode"": 128, ""argument"": 0}, {""offset"": 1, ""raw_hex"": ""08"", ""kind"": ""LINE_BREAK""}, {""offset"": 2, ""raw_hex"": ""12"", ""kind"": ""UNKNOWN_CONTROL""}, {""offset"": 3, ""raw_hex"": ""00"", ""kind"": ""UNKNOWN_CONTROL""}, {""offset"": 18, ""raw_hex"": ""08"", ""kind"": ""LINE_BREAK""}, {""offset"": 20, ""raw_hex"": ""0d ff 00"", ""kind"": ""MESSAGE_END""}]",REVIEW_1,NO,필드 안내 런타임 신고 및 0x4000/0x6000 전수 조사 반영.,PROVEN: scenario field/tutorial message; member_type=0x6000.
FIELD_RESOURCE_01040102_R00740000_M6000_0001,SCENARIO,field_resource_message,DATA/01040102.MDZ,DATA/01040102.MDT,0x00740000,01040102,419,0x008781ad,0x008781a8,21 08 12 00 61 69 48 66 69 7f 9b f1 5f f0 d6 f0 8a 92 08 21 0d ff 00,"<G0001>
<CTRL:12><CTRL:00><G0041>P・MPが全回復した
<G0001>","<G0001>
<CTRL:12><CTRL:00>HP·MP가 모두 회복됐다
<G0001>",41 08 12 00 61 69 48 66 69 6A 20 D2 AA 20 EC 20 F0 3B F8 92 08 41 0D FF 00,,"[{""offset"": -5, ""raw_hex"": ""80 0e 00 00 00"", ""kind"": ""MESSAGE_HEADER"", ""opcode"": 128, ""argument"": 0}, {""offset"": 1, ""raw_hex"": ""08"", ""kind"": ""LINE_BREAK""}, {""offset"": 2, ""raw_hex"": ""12"", ""kind"": ""UNKNOWN_CONTROL""}, {""offset"": 3, ""raw_hex"": ""00"", ""kind"": ""UNKNOWN_CONTROL""}, {""offset"": 18, ""raw_hex"": ""08"", ""kind"": ""LINE_BREAK""}, {""offset"": 20, ""raw_hex"": ""0d ff 00"", ""kind"": ""MESSAGE_END""}]",REVIEW_1,NO,필드 안내 런타임 신고 및 0x4000/0x6000 전수 조사 반영.,PROVEN: scenario field/tutorial message; member_type=0x6000.
FIELD_RESOURCE_01040102_R00740000_M6000_0002,SCENARIO,field_resource_message,DATA/01040102.MDZ,DATA/01040102.MDT,0x00740000,01040102,420,0x0087827f,0x0087827a,21 08 12 00 61 69 48 66 69 7f 9b f1 5f f0 d6 f0 8a 92 08 21 0d ff 00,"<G0001>
<CTRL:12><CTRL:00><G0041>P・MPが全回復した
<G0001>","<G0001>
<CTRL:12><CTRL:00>HP·MP가 모두 회복됐다
<G0001>",41 08 12 00 61 69 48 66 69 6A 20 D2 AA 20 EC 20 F0 3B F8 92 08 41 0D FF 00,,"[{""offset"": -5, ""raw_hex"": ""80 0e 00 00 00"", ""kind"": ""MESSAGE_HEADER"", ""opcode"": 128, ""argument"": 0}, {""offset"": 1, ""raw_hex"": ""08"", ""kind"": ""LINE_BREAK""}, {""offset"": 2, ""raw_hex"": ""12"", ""kind"": ""UNKNOWN_CONTROL""}, {""offset"": 3, ""raw_hex"": ""00"", ""kind"": ""UNKNOWN_CONTROL""}, {""offset"": 18, ""raw_hex"": ""08"", ""kind"": ""LINE_BREAK""}, {""offset"": 20, ""raw_hex"": ""0d ff 00"", ""kind"": ""MESSAGE_END""}]",REVIEW_1,NO,필드 안내 런타임 신고 및 0x4000/0x6000 전수 조사 반영.,PROVEN: scenario field/tutorial message; member_type=0x6000.
FIELD_RESOURCE_01040501_R00740000_M6000_0001,SCENARIO,field_resource_message,DATA/01040501.MDZ,DATA/01040501.MDT,0x00740000,01040501,421,0x00ab112d,0x00ab1128,21 08 12 00 61 69 48 66 69 7f 9b f1 5f f0 d6 f0 8a 92 08 21 0d ff 00,"<G0001>
<CTRL:12><CTRL:00><G0041>P・MPが全回復した
<G0001>","<G0001>
<CTRL:12><CTRL:00>HP·MP가 모두 회복됐다
<G0001>",41 08 12 00 61 69 48 66 69 6A 20 D2 AA 20 EC 20 F0 3B F8 92 08 41 0D FF 00,,"[{""offset"": -5, ""raw_hex"": ""80 0e 00 00 00"", ""kind"": ""MESSAGE_HEADER"", ""opcode"": 128, ""argument"": 0}, {""offset"": 1, ""raw_hex"": ""08"", ""kind"": ""LINE_BREAK""}, {""offset"": 2, ""raw_hex"": ""12"", ""kind"": ""UNKNOWN_CONTROL""}, {""offset"": 3, ""raw_hex"": ""00"", ""kind"": ""UNKNOWN_CONTROL""}, {""offset"": 18, ""raw_hex"": ""08"", ""kind"": ""LINE_BREAK""}, {""offset"": 20, ""raw_hex"": ""0d ff 00"", ""kind"": ""MESSAGE_END""}]",REVIEW_1,NO,필드 안내 런타임 신고 및 0x4000/0x6000 전수 조사 반영.,PROVEN: scenario field/tutorial message; member_type=0x6000.
FIELD_RESOURCE_01040501_R00740000_M6000_0002,SCENARIO,field_resource_message,DATA/01040501.MDZ,DATA/01040501.MDT,0x00740000,01040501,422,0x00ab11ff,0x00ab11fa,21 08 12 00 61 69 48 66 69 7f 9b f1 5f f0 d6 f0 8a 92 08 21 0d ff 00,"<G0001>
<CTRL:12><CTRL:00><G0041>P・MPが全回復した
<G0001>","<G0001>
<CTRL:12><CTRL:00>HP·MP가 모두 회복됐다
<G0001>",41 08 12 00 61 69 48 66 69 6A 20 D2 AA 20 EC 20 F0 3B F8 92 08 41 0D FF 00,,"[{""offset"": -5, ""raw_hex"": ""80 0e 00 00 00"", ""kind"": ""MESSAGE_HEADER"", ""opcode"": 128, ""argument"": 0}, {""offset"": 1, ""raw_hex"": ""08"", ""kind"": ""LINE_BREAK""}, {""offset"": 2, ""raw_hex"": ""12"", ""kind"": ""UNKNOWN_CONTROL""}, {""offset"": 3, ""raw_hex"": ""00"", ""kind"": ""UNKNOWN_CONTROL""}, {""offset"": 18, ""raw_hex"": ""08"", ""kind"": ""LINE_BREAK""}, {""offset"": 20, ""raw_hex"": ""0d ff 00"", ""kind"": ""MESSAGE_END""}]",REVIEW_1,NO,필드 안내 런타임 신고 및 0x4000/0x6000 전수 조사 반영.,PROVEN: scenario field/tutorial message; member_type=0x6000.
FIELD_RESOURCE_01040701_R00740000_M6000_0001,SCENARIO,field_resource_message,DATA/01040701.MDZ,DATA/01040701.MDT,0x00740000,01040701,423,0x00c85a2d,0x00c85a28,21 08 12 00 61 69 48 66 69 7f 9b f1 5f f0 d6 f0 8a 92 08 21 0d ff 00,"<G0001>
<CTRL:12><CTRL:00><G0041>P・MPが全回復した
<G0001>","<G0001>
<CTRL:12><CTRL:00>HP·MP가 모두 회복됐다
<G0001>",41 08 12 00 61 69 48 66 69 6A 20 D2 AA 20 EC 20 F0 3B F8 92 08 41 0D FF 00,,"[{""offset"": -5, ""raw_hex"": ""80 0e 00 00 00"", ""kind"": ""MESSAGE_HEADER"", ""opcode"": 128, ""argument"": 0}, {""offset"": 1, ""raw_hex"": ""08"", ""kind"": ""LINE_BREAK""}, {""offset"": 2, ""raw_hex"": ""12"", ""kind"": ""UNKNOWN_CONTROL""}, {""offset"": 3, ""raw_hex"": ""00"", ""kind"": ""UNKNOWN_CONTROL""}, {""offset"": 18, ""raw_hex"": ""08"", ""kind"": ""LINE_BREAK""}, {""offset"": 20, ""raw_hex"": ""0d ff 00"", ""kind"": ""MESSAGE_END""}]",REVIEW_1,NO,필드 안내 런타임 신고 및 0x4000/0x6000 전수 조사 반영.,PROVEN: scenario field/tutorial message; member_type=0x6000.
FIELD_RESOURCE_01040701_R00740000_M6000_0002,SCENARIO,field_resource_message,DATA/01040701.MDZ,DATA/01040701.MDT,0x00740000,01040701,424,0x00c85aff,0x00c85afa,21 08 12 00 61 69 48 66 69 7f 9b f1 5f f0 d6 f0 8a 92 08 21 0d ff 00,"<G0001>
<CTRL:12><CTRL:00><G0041>P・MPが全回復した
<G0001>","<G0001>
<CTRL:12><CTRL:00>HP·MP가 모두 회복됐다
<G0001>",41 08 12 00 61 69 48 66 69 6A 20 D2 AA 20 EC 20 F0 3B F8 92 08 41 0D FF 00,,"[{""offset"": -5, ""raw_hex"": ""80 0e 00 00 00"", ""kind"": ""MESSAGE_HEADER"", ""opcode"": 128, ""argument"": 0}, {""offset"": 1, ""raw_hex"": ""08"", ""kind"": ""LINE_BREAK""}, {""offset"": 2, ""raw_hex"": ""12"", ""kind"": ""UNKNOWN_CONTROL""}, {""offset"": 3, ""raw_hex"": ""00"", ""kind"": ""UNKNOWN_CONTROL""}, {""offset"": 18, ""raw_hex"": ""08"", ""kind"": ""LINE_BREAK""}, {""offset"": 20, ""raw_hex"": ""0d ff 00"", ""kind"": ""MESSAGE_END""}]",REVIEW_1,NO,필드 안내 런타임 신고 및 0x4000/0x6000 전수 조사 반영.,PROVEN: scenario field/tutorial message; member_type=0x6000.
FIELD_RESOURCE_01040901_R00740000_M6000_0001,SCENARIO,field_resource_message,DATA/01040901.MDZ,DATA/01040901.MDT,0x00740000,01040901,425,0x00b1c42d,0x00b1c428,21 08 12 00 61 69 48 66 69 7f 9b f1 5f f0 d6 f0 8a 92 08 21 0d ff 00,"<G0001>
<CTRL:12><CTRL:00><G0041>P・MPが全回復した
<G0001>","<G0001>
<CTRL:12><CTRL:00>HP·MP가 모두 회복됐다
<G0001>",41 08 12 00 61 69 48 66 69 6A 20 D2 AA 20 EC 20 F0 3B F8 92 08 41 0D FF 00,,"[{""offset"": -5, ""raw_hex"": ""80 0e 00 00 00"", ""kind"": ""MESSAGE_HEADER"", ""opcode"": 128, ""argument"": 0}, {""offset"": 1, ""raw_hex"": ""08"", ""kind"": ""LINE_BREAK""}, {""offset"": 2, ""raw_hex"": ""12"", ""kind"": ""UNKNOWN_CONTROL""}, {""offset"": 3, ""raw_hex"": ""00"", ""kind"": ""UNKNOWN_CONTROL""}, {""offset"": 18, ""raw_hex"": ""08"", ""kind"": ""LINE_BREAK""}, {""offset"": 20, ""raw_hex"": ""0d ff 00"", ""kind"": ""MESSAGE_END""}]",REVIEW_1,NO,필드 안내 런타임 신고 및 0x4000/0x6000 전수 조사 반영.,PROVEN: scenario field/tutorial message; member_type=0x6000.
FIELD_RESOURCE_01040901_R00740000_M6000_0002,SCENARIO,field_resource_message,DATA/01040901.MDZ,DATA/01040901.MDT,0x00740000,01040901,426,0x00b1c4ff,0x00b1c4fa,21 08 12 00 61 69 48 66 69 7f 9b f1 5f f0 d6 f0 8a 92 08 21 0d ff 00,"<G0001>
<CTRL:12><CTRL:00><G0041>P・MPが全回復した
<G0001>","<G0001>
<CTRL:12><CTRL:00>HP·MP가 모두 회복됐다
<G0001>",41 08 12 00 61 69 48 66 69 6A 20 D2 AA 20 EC 20 F0 3B F8 92 08 41 0D FF 00,,"[{""offset"": -5, ""raw_hex"": ""80 0e 00 00 00"", ""kind"": ""MESSAGE_HEADER"", ""opcode"": 128, ""argument"": 0}, {""offset"": 1, ""raw_hex"": ""08"", ""kind"": ""LINE_BREAK""}, {""offset"": 2, ""raw_hex"": ""12"", ""kind"": ""UNKNOWN_CONTROL""}, {""offset"": 3, ""raw_hex"": ""00"", ""kind"": ""UNKNOWN_CONTROL""}, {""offset"": 18, ""raw_hex"": ""08"", ""kind"": ""LINE_BREAK""}, {""offset"": 20, ""raw_hex"": ""0d ff 00"", ""kind"": ""MESSAGE_END""}]",REVIEW_1,NO,필드 안내 런타임 신고 및 0x4000/0x6000 전수 조사 반영.,PROVEN: scenario field/tutorial message; member_type=0x6000.
FIELD_RESOURCE_01040902_R00740000_M6000_0001,SCENARIO,field_resource_message,DATA/01040902.MDZ,DATA/01040902.MDT,0x00740000,01040902,427,0x006972ad,0x006972a8,21 08 12 00 61 69 48 66 69 7f 9b f1 5f f0 d6 f0 8a 92 08 21 0d ff 00,"<G0001>
<CTRL:12><CTRL:00><G0041>P・MPが全回復した
<G0001>","<G0001>
<CTRL:12><CTRL:00>HP·MP가 모두 회복됐다
<G0001>",41 08 12 00 61 69 48 66 69 6A 20 D2 AA 20 EC 20 F0 3B F8 92 08 41 0D FF 00,,"[{""offset"": -5, ""raw_hex"": ""80 0e 00 00 00"", ""kind"": ""MESSAGE_HEADER"", ""opcode"": 128, ""argument"": 0}, {""offset"": 1, ""raw_hex"": ""08"", ""kind"": ""LINE_BREAK""}, {""offset"": 2, ""raw_hex"": ""12"", ""kind"": ""UNKNOWN_CONTROL""}, {""offset"": 3, ""raw_hex"": ""00"", ""kind"": ""UNKNOWN_CONTROL""}, {""offset"": 18, ""raw_hex"": ""08"", ""kind"": ""LINE_BREAK""}, {""offset"": 20, ""raw_hex"": ""0d ff 00"", ""kind"": ""MESSAGE_END""}]",REVIEW_1,NO,필드 안내 런타임 신고 및 0x4000/0x6000 전수 조사 반영.,PROVEN: scenario field/tutorial message; member_type=0x6000.
FIELD_RESOURCE_01040902_R00740000_M6000_0002,SCENARIO,field_resource_message,DATA/01040902.MDZ,DATA/01040902.MDT,0x00740000,01040902,428,0x0069737f,0x0069737a,21 08 12 00 61 69 48 66 69 7f 9b f1 5f f0 d6 f0 8a 92 08 21 0d ff 00,"<G0001>
<CTRL:12><CTRL:00><G0041>P・MPが全回復した
<G0001>","<G0001>
<CTRL:12><CTRL:00>HP·MP가 모두 회복됐다
<G0001>",41 08 12 00 61 69 48 66 69 6A 20 D2 AA 20 EC 20 F0 3B F8 92 08 41 0D FF 00,,"[{""offset"": -5, ""raw_hex"": ""80 0e 00 00 00"", ""kind"": ""MESSAGE_HEADER"", ""opcode"": 128, ""argument"": 0}, {""offset"": 1, ""raw_hex"": ""08"", ""kind"": ""LINE_BREAK""}, {""offset"": 2, ""raw_hex"": ""12"", ""kind"": ""UNKNOWN_CONTROL""}, {""offset"": 3, ""raw_hex"": ""00"", ""kind"": ""UNKNOWN_CONTROL""}, {""offset"": 18, ""raw_hex"": ""08"", ""kind"": ""LINE_BREAK""}, {""offset"": 20, ""raw_hex"": ""0d ff 00"", ""kind"": ""MESSAGE_END""}]",REVIEW_1,NO,필드 안내 런타임 신고 및 0x4000/0x6000 전수 조사 반영.,PROVEN: scenario field/tutorial message; member_type=0x6000.
FIELD_RESOURCE_01050301_R00740000_M6000_0001,SCENARIO,field_resource_message,DATA/01050301.MDZ,DATA/01050301.MDT,0x00740000,01050301,429,0x0078f62d,0x0078f628,21 08 12 00 61 69 48 66 69 7f 9b f1 5f f0 d6 f0 8a 92 08 21 0d ff 00,"<G0001>
<CTRL:12><CTRL:00><G0041>P・MPが全回復した
<G0001>","<G0001>
<CTRL:12><CTRL:00>HP·MP가 모두 회복됐다
<G0001>",41 08 12 00 61 69 48 66 69 6A 20 D2 AA 20 EC 20 F0 3B F8 92 08 41 0D FF 00,,"[{""offset"": -5, ""raw_hex"": ""80 0e 00 00 00"", ""kind"": ""MESSAGE_HEADER"", ""opcode"": 128, ""argument"": 0}, {""offset"": 1, ""raw_hex"": ""08"", ""kind"": ""LINE_BREAK""}, {""offset"": 2, ""raw_hex"": ""12"", ""kind"": ""UNKNOWN_CONTROL""}, {""offset"": 3, ""raw_hex"": ""00"", ""kind"": ""UNKNOWN_CONTROL""}, {""offset"": 18, ""raw_hex"": ""08"", ""kind"": ""LINE_BREAK""}, {""offset"": 20, ""raw_hex"": ""0d ff 00"", ""kind"": ""MESSAGE_END""}]",REVIEW_1,NO,필드 안내 런타임 신고 및 0x4000/0x6000 전수 조사 반영.,PROVEN: scenario field/tutorial message; member_type=0x6000.
FIELD_RESOURCE_01050301_R00740000_M6000_0002,SCENARIO,field_resource_message,DATA/01050301.MDZ,DATA/01050301.MDT,0x00740000,01050301,430,0x0078f6ff,0x0078f6fa,21 08 12 00 61 69 48 66 69 7f 9b f1 5f f0 d6 f0 8a 92 08 21 0d ff 00,"<G0001>
<CTRL:12><CTRL:00><G0041>P・MPが全回復した
<G0001>","<G0001>
<CTRL:12><CTRL:00>HP·MP가 모두 회복됐다
<G0001>",41 08 12 00 61 69 48 66 69 6A 20 D2 AA 20 EC 20 F0 3B F8 92 08 41 0D FF 00,,"[{""offset"": -5, ""raw_hex"": ""80 0e 00 00 00"", ""kind"": ""MESSAGE_HEADER"", ""opcode"": 128, ""argument"": 0}, {""offset"": 1, ""raw_hex"": ""08"", ""kind"": ""LINE_BREAK""}, {""offset"": 2, ""raw_hex"": ""12"", ""kind"": ""UNKNOWN_CONTROL""}, {""offset"": 3, ""raw_hex"": ""00"", ""kind"": ""UNKNOWN_CONTROL""}, {""offset"": 18, ""raw_hex"": ""08"", ""kind"": ""LINE_BREAK""}, {""offset"": 20, ""raw_hex"": ""0d ff 00"", ""kind"": ""MESSAGE_END""}]",REVIEW_1,NO,필드 안내 런타임 신고 및 0x4000/0x6000 전수 조사 반영.,PROVEN: scenario field/tutorial message; member_type=0x6000.
FIELD_RESOURCE_01050501_R00740000_M6000_0001,SCENARIO,field_resource_message,DATA/01050501.MDZ,DATA/01050501.MDT,0x00740000,01050501,431,0x004d8aad,0x004d8aa8,21 08 12 00 61 69 48 66 69 7f 9b f1 5f f0 d6 f0 8a 92 08 21 0d ff 00,"<G0001>
<CTRL:12><CTRL:00><G0041>P・MPが全回復した
<G0001>","<G0001>
<CTRL:12><CTRL:00>HP·MP가 모두 회복됐다
<G0001>",41 08 12 00 61 69 48 66 69 6A 20 D2 AA 20 EC 20 F0 3B F8 92 08 41 0D FF 00,,"[{""offset"": -5, ""raw_hex"": ""80 0e 00 00 00"", ""kind"": ""MESSAGE_HEADER"", ""opcode"": 128, ""argument"": 0}, {""offset"": 1, ""raw_hex"": ""08"", ""kind"": ""LINE_BREAK""}, {""offset"": 2, ""raw_hex"": ""12"", ""kind"": ""UNKNOWN_CONTROL""}, {""offset"": 3, ""raw_hex"": ""00"", ""kind"": ""UNKNOWN_CONTROL""}, {""offset"": 18, ""raw_hex"": ""08"", ""kind"": ""LINE_BREAK""}, {""offset"": 20, ""raw_hex"": ""0d ff 00"", ""kind"": ""MESSAGE_END""}]",REVIEW_1,NO,필드 안내 런타임 신고 및 0x4000/0x6000 전수 조사 반영.,PROVEN: scenario field/tutorial message; member_type=0x6000.
FIELD_RESOURCE_01050501_R00740000_M6000_0002,SCENARIO,field_resource_message,DATA/01050501.MDZ,DATA/01050501.MDT,0x00740000,01050501,432,0x004d8b7f,0x004d8b7a,21 08 12 00 61 69 48 66 69 7f 9b f1 5f f0 d6 f0 8a 92 08 21 0d ff 00,"<G0001>
<CTRL:12><CTRL:00><G0041>P・MPが全回復した
<G0001>","<G0001>
<CTRL:12><CTRL:00>HP·MP가 모두 회복됐다
<G0001>",41 08 12 00 61 69 48 66 69 6A 20 D2 AA 20 EC 20 F0 3B F8 92 08 41 0D FF 00,,"[{""offset"": -5, ""raw_hex"": ""80 0e 00 00 00"", ""kind"": ""MESSAGE_HEADER"", ""opcode"": 128, ""argument"": 0}, {""offset"": 1, ""raw_hex"": ""08"", ""kind"": ""LINE_BREAK""}, {""offset"": 2, ""raw_hex"": ""12"", ""kind"": ""UNKNOWN_CONTROL""}, {""offset"": 3, ""raw_hex"": ""00"", ""kind"": ""UNKNOWN_CONTROL""}, {""offset"": 18, ""raw_hex"": ""08"", ""kind"": ""LINE_BREAK""}, {""offset"": 20, ""raw_hex"": ""0d ff 00"", ""kind"": ""MESSAGE_END""}]",REVIEW_1,NO,필드 안내 런타임 신고 및 0x4000/0x6000 전수 조사 반영.,PROVEN: scenario field/tutorial message; member_type=0x6000.
FIELD_RESOURCE_01050701_R00740000_M6000_0001,SCENARIO,field_resource_message,DATA/01050701.MDZ,DATA/01050701.MDT,0x00740000,01050701,433,0x004689ad,0x004689a8,21 08 12 00 61 69 48 66 69 7f 9b f1 5f f0 d6 f0 8a 92 08 21 0d ff 00,"<G0001>
<CTRL:12><CTRL:00><G0041>P・MPが全回復した
<G0001>","<G0001>
<CTRL:12><CTRL:00>HP·MP가 모두 회복됐다
<G0001>",41 08 12 00 61 69 48 66 69 6A 20 D2 AA 20 EC 20 F0 3B F8 92 08 41 0D FF 00,,"[{""offset"": -5, ""raw_hex"": ""80 0e 00 00 00"", ""kind"": ""MESSAGE_HEADER"", ""opcode"": 128, ""argument"": 0}, {""offset"": 1, ""raw_hex"": ""08"", ""kind"": ""LINE_BREAK""}, {""offset"": 2, ""raw_hex"": ""12"", ""kind"": ""UNKNOWN_CONTROL""}, {""offset"": 3, ""raw_hex"": ""00"", ""kind"": ""UNKNOWN_CONTROL""}, {""offset"": 18, ""raw_hex"": ""08"", ""kind"": ""LINE_BREAK""}, {""offset"": 20, ""raw_hex"": ""0d ff 00"", ""kind"": ""MESSAGE_END""}]",REVIEW_1,NO,필드 안내 런타임 신고 및 0x4000/0x6000 전수 조사 반영.,PROVEN: scenario field/tutorial message; member_type=0x6000.
FIELD_RESOURCE_01050701_R00740000_M6000_0002,SCENARIO,field_resource_message,DATA/01050701.MDZ,DATA/01050701.MDT,0x00740000,01050701,434,0x00468a7f,0x00468a7a,21 08 12 00 61 69 48 66 69 7f 9b f1 5f f0 d6 f0 8a 92 08 21 0d ff 00,"<G0001>
<CTRL:12><CTRL:00><G0041>P・MPが全回復した
<G0001>","<G0001>
<CTRL:12><CTRL:00>HP·MP가 모두 회복됐다
<G0001>",41 08 12 00 61 69 48 66 69 6A 20 D2 AA 20 EC 20 F0 3B F8 92 08 41 0D FF 00,,"[{""offset"": -5, ""raw_hex"": ""80 0e 00 00 00"", ""kind"": ""MESSAGE_HEADER"", ""opcode"": 128, ""argument"": 0}, {""offset"": 1, ""raw_hex"": ""08"", ""kind"": ""LINE_BREAK""}, {""offset"": 2, ""raw_hex"": ""12"", ""kind"": ""UNKNOWN_CONTROL""}, {""offset"": 3, ""raw_hex"": ""00"", ""kind"": ""UNKNOWN_CONTROL""}, {""offset"": 18, ""raw_hex"": ""08"", ""kind"": ""LINE_BREAK""}, {""offset"": 20, ""raw_hex"": ""0d ff 00"", ""kind"": ""MESSAGE_END""}]",REVIEW_1,NO,필드 안내 런타임 신고 및 0x4000/0x6000 전수 조사 반영.,PROVEN: scenario field/tutorial message; member_type=0x6000.
FIELD_RESOURCE_01050901_R00740000_M6000_0001,SCENARIO,field_resource_message,DATA/01050901.MDZ,DATA/01050901.MDT,0x00740000,01050901,435,0x006edaad,0x006edaa8,21 08 12 00 61 69 48 66 69 7f 9b f1 5f f0 d6 f0 8a 92 08 21 0d ff 00,"<G0001>
<CTRL:12><CTRL:00><G0041>P・MPが全回復した
<G0001>","<G0001>
<CTRL:12><CTRL:00>HP·MP가 모두 회복됐다
<G0001>",41 08 12 00 61 69 48 66 69 6A 20 D2 AA 20 EC 20 F0 3B F8 92 08 41 0D FF 00,,"[{""offset"": -5, ""raw_hex"": ""80 0e 00 00 00"", ""kind"": ""MESSAGE_HEADER"", ""opcode"": 128, ""argument"": 0}, {""offset"": 1, ""raw_hex"": ""08"", ""kind"": ""LINE_BREAK""}, {""offset"": 2, ""raw_hex"": ""12"", ""kind"": ""UNKNOWN_CONTROL""}, {""offset"": 3, ""raw_hex"": ""00"", ""kind"": ""UNKNOWN_CONTROL""}, {""offset"": 18, ""raw_hex"": ""08"", ""kind"": ""LINE_BREAK""}, {""offset"": 20, ""raw_hex"": ""0d ff 00"", ""kind"": ""MESSAGE_END""}]",REVIEW_1,NO,필드 안내 런타임 신고 및 0x4000/0x6000 전수 조사 반영.,PROVEN: scenario field/tutorial message; member_type=0x6000.
FIELD_RESOURCE_01050901_R00740000_M6000_0002,SCENARIO,field_resource_message,DATA/01050901.MDZ,DATA/01050901.MDT,0x00740000,01050901,436,0x006edb7f,0x006edb7a,21 08 12 00 61 69 48 66 69 7f 9b f1 5f f0 d6 f0 8a 92 08 21 0d ff 00,"<G0001>
<CTRL:12><CTRL:00><G0041>P・MPが全回復した
<G0001>","<G0001>
<CTRL:12><CTRL:00>HP·MP가 모두 회복됐다
<G0001>",41 08 12 00 61 69 48 66 69 6A 20 D2 AA 20 EC 20 F0 3B F8 92 08 41 0D FF 00,,"[{""offset"": -5, ""raw_hex"": ""80 0e 00 00 00"", ""kind"": ""MESSAGE_HEADER"", ""opcode"": 128, ""argument"": 0}, {""offset"": 1, ""raw_hex"": ""08"", ""kind"": ""LINE_BREAK""}, {""offset"": 2, ""raw_hex"": ""12"", ""kind"": ""UNKNOWN_CONTROL""}, {""offset"": 3, ""raw_hex"": ""00"", ""kind"": ""UNKNOWN_CONTROL""}, {""offset"": 18, ""raw_hex"": ""08"", ""kind"": ""LINE_BREAK""}, {""offset"": 20, ""raw_hex"": ""0d ff 00"", ""kind"": ""MESSAGE_END""}]",REVIEW_1,NO,필드 안내 런타임 신고 및 0x4000/0x6000 전수 조사 반영.,PROVEN: scenario field/tutorial message; member_type=0x6000.
FIELD_RESOURCE_01050902_R00740000_M6000_0001,SCENARIO,field_resource_message,DATA/01050902.MDZ,DATA/01050902.MDT,0x00740000,01050902,437,0x0082f42d,0x0082f428,21 08 12 00 61 69 48 66 69 7f 9b f1 5f f0 d6 f0 8a 92 08 21 0d ff 00,"<G0001>
<CTRL:12><CTRL:00><G0041>P・MPが全回復した
<G0001>","<G0001>
<CTRL:12><CTRL:00>HP·MP가 모두 회복됐다
<G0001>",41 08 12 00 61 69 48 66 69 6A 20 D2 AA 20 EC 20 F0 3B F8 92 08 41 0D FF 00,,"[{""offset"": -5, ""raw_hex"": ""80 0e 00 00 00"", ""kind"": ""MESSAGE_HEADER"", ""opcode"": 128, ""argument"": 0}, {""offset"": 1, ""raw_hex"": ""08"", ""kind"": ""LINE_BREAK""}, {""offset"": 2, ""raw_hex"": ""12"", ""kind"": ""UNKNOWN_CONTROL""}, {""offset"": 3, ""raw_hex"": ""00"", ""kind"": ""UNKNOWN_CONTROL""}, {""offset"": 18, ""raw_hex"": ""08"", ""kind"": ""LINE_BREAK""}, {""offset"": 20, ""raw_hex"": ""0d ff 00"", ""kind"": ""MESSAGE_END""}]",REVIEW_1,NO,필드 안내 런타임 신고 및 0x4000/0x6000 전수 조사 반영.,PROVEN: scenario field/tutorial message; member_type=0x6000.
FIELD_RESOURCE_01050902_R00740000_M6000_0002,SCENARIO,field_resource_message,DATA/01050902.MDZ,DATA/01050902.MDT,0x00740000,01050902,438,0x0082f4ff,0x0082f4fa,21 08 12 00 61 69 48 66 69 7f 9b f1 5f f0 d6 f0 8a 92 08 21 0d ff 00,"<G0001>
<CTRL:12><CTRL:00><G0041>P・MPが全回復した
<G0001>","<G0001>
<CTRL:12><CTRL:00>HP·MP가 모두 회복됐다
<G0001>",41 08 12 00 61 69 48 66 69 6A 20 D2 AA 20 EC 20 F0 3B F8 92 08 41 0D FF 00,,"[{""offset"": -5, ""raw_hex"": ""80 0e 00 00 00"", ""kind"": ""MESSAGE_HEADER"", ""opcode"": 128, ""argument"": 0}, {""offset"": 1, ""raw_hex"": ""08"", ""kind"": ""LINE_BREAK""}, {""offset"": 2, ""raw_hex"": ""12"", ""kind"": ""UNKNOWN_CONTROL""}, {""offset"": 3, ""raw_hex"": ""00"", ""kind"": ""UNKNOWN_CONTROL""}, {""offset"": 18, ""raw_hex"": ""08"", ""kind"": ""LINE_BREAK""}, {""offset"": 20, ""raw_hex"": ""0d ff 00"", ""kind"": ""MESSAGE_END""}]",REVIEW_1,NO,필드 안내 런타임 신고 및 0x4000/0x6000 전수 조사 반영.,PROVEN: scenario field/tutorial message; member_type=0x6000.
FIELD_RESOURCE_01051101_R00740000_M6000_0001,SCENARIO,field_resource_message,DATA/01051101.MDZ,DATA/01051101.MDT,0x00740000,01051101,439,0x003fd53d,0x003fd538,21 08 12 00 61 69 48 66 69 7f 9b f1 5f f0 d6 f0 8a 92 08 21 0d ff 00,"<G0001>
<CTRL:12><CTRL:00><G0041>P・MPが全回復した
<G0001>","<G0001>
<CTRL:12><CTRL:00>HP·MP 모두 회복
<G0001>",41 08 12 00 61 69 48 66 69 20 D2 AA 20 EC 20 F0 08 41 0D FF 00,,"[{""offset"": -5, ""raw_hex"": ""80 0e 00 00 00"", ""kind"": ""MESSAGE_HEADER"", ""opcode"": 128, ""argument"": 0}, {""offset"": 1, ""raw_hex"": ""08"", ""kind"": ""LINE_BREAK""}, {""offset"": 2, ""raw_hex"": ""12"", ""kind"": ""UNKNOWN_CONTROL""}, {""offset"": 3, ""raw_hex"": ""00"", ""kind"": ""UNKNOWN_CONTROL""}, {""offset"": 18, ""raw_hex"": ""08"", ""kind"": ""LINE_BREAK""}, {""offset"": 20, ""raw_hex"": ""0d ff 00"", ""kind"": ""MESSAGE_END""}]",REVIEW_1,NO,필드 안내 런타임 신고 및 0x4000/0x6000 전수 조사 반영.,PROVEN: scenario field/tutorial message; member_type=0x6000. | FIXED_STORAGE_SIZE=23
FIELD_RESOURCE_01051101_R00740000_M6000_0002,SCENARIO,field_resource_message,DATA/01051101.MDZ,DATA/01051101.MDT,0x00740000,01051101,440,0x003fd60f,0x003fd60a,21 08 12 00 61 69 48 66 69 7f 9b f1 5f f0 d6 f0 8a 92 08 21 0d ff 00,"<G0001>
<CTRL:12><CTRL:00><G0041>P・MPが全回復した
<G0001>","<G0001>
<CTRL:12><CTRL:00>HP·MP 모두 회복
<G0001>",41 08 12 00 61 69 48 66 69 20 D2 AA 20 EC 20 F0 08 41 0D FF 00,,"[{""offset"": -5, ""raw_hex"": ""80 0e 00 00 00"", ""kind"": ""MESSAGE_HEADER"", ""opcode"": 128, ""argument"": 0}, {""offset"": 1, ""raw_hex"": ""08"", ""kind"": ""LINE_BREAK""}, {""offset"": 2, ""raw_hex"": ""12"", ""kind"": ""UNKNOWN_CONTROL""}, {""offset"": 3, ""raw_hex"": ""00"", ""kind"": ""UNKNOWN_CONTROL""}, {""offset"": 18, ""raw_hex"": ""08"", ""kind"": ""LINE_BREAK""}, {""offset"": 20, ""raw_hex"": ""0d ff 00"", ""kind"": ""MESSAGE_END""}]",REVIEW_1,NO,필드 안내 런타임 신고 및 0x4000/0x6000 전수 조사 반영.,PROVEN: scenario field/tutorial message; member_type=0x6000. | FIXED_STORAGE_SIZE=23
FIELD_RESOURCE_01051201_R00740000_M6000_0001,SCENARIO,field_resource_message,DATA/01051201.MDZ,DATA/01051201.MDT,0x00740000,01051201,441,0x006154ad,0x006154a8,21 08 12 00 61 69 48 66 69 7f 9b f1 5f f0 d6 f0 8a 92 08 21 0d ff 00,"<G0001>
<CTRL:12><CTRL:00><G0041>P・MPが全回復した
<G0001>","<G0001>
<CTRL:12><CTRL:00>HP·MP가 모두 회복됐다
<G0001>",41 08 12 00 61 69 48 66 69 6A 20 D2 AA 20 EC 20 F0 3B F8 92 08 41 0D FF 00,,"[{""offset"": -5, ""raw_hex"": ""80 0e 00 00 00"", ""kind"": ""MESSAGE_HEADER"", ""opcode"": 128, ""argument"": 0}, {""offset"": 1, ""raw_hex"": ""08"", ""kind"": ""LINE_BREAK""}, {""offset"": 2, ""raw_hex"": ""12"", ""kind"": ""UNKNOWN_CONTROL""}, {""offset"": 3, ""raw_hex"": ""00"", ""kind"": ""UNKNOWN_CONTROL""}, {""offset"": 18, ""raw_hex"": ""08"", ""kind"": ""LINE_BREAK""}, {""offset"": 20, ""raw_hex"": ""0d ff 00"", ""kind"": ""MESSAGE_END""}]",REVIEW_1,NO,필드 안내 런타임 신고 및 0x4000/0x6000 전수 조사 반영.,PROVEN: scenario field/tutorial message; member_type=0x6000.
FIELD_RESOURCE_01051201_R00740000_M6000_0002,SCENARIO,field_resource_message,DATA/01051201.MDZ,DATA/01051201.MDT,0x00740000,01051201,442,0x0061557f,0x0061557a,21 08 12 00 61 69 48 66 69 7f 9b f1 5f f0 d6 f0 8a 92 08 21 0d ff 00,"<G0001>
<CTRL:12><CTRL:00><G0041>P・MPが全回復した
<G0001>","<G0001>
<CTRL:12><CTRL:00>HP·MP가 모두 회복됐다
<G0001>",41 08 12 00 61 69 48 66 69 6A 20 D2 AA 20 EC 20 F0 3B F8 92 08 41 0D FF 00,,"[{""offset"": -5, ""raw_hex"": ""80 0e 00 00 00"", ""kind"": ""MESSAGE_HEADER"", ""opcode"": 128, ""argument"": 0}, {""offset"": 1, ""raw_hex"": ""08"", ""kind"": ""LINE_BREAK""}, {""offset"": 2, ""raw_hex"": ""12"", ""kind"": ""UNKNOWN_CONTROL""}, {""offset"": 3, ""raw_hex"": ""00"", ""kind"": ""UNKNOWN_CONTROL""}, {""offset"": 18, ""raw_hex"": ""08"", ""kind"": ""LINE_BREAK""}, {""offset"": 20, ""raw_hex"": ""0d ff 00"", ""kind"": ""MESSAGE_END""}]",REVIEW_1,NO,필드 안내 런타임 신고 및 0x4000/0x6000 전수 조사 반영.,PROVEN: scenario field/tutorial message; member_type=0x6000.
FIELD_RESOURCE_01060101_R00740000_M6000_0001,SCENARIO,field_resource_message,DATA/01060101.MDZ,DATA/01060101.MDT,0x00740000,01060101,443,0x00531aad,0x00531aa8,21 08 12 00 61 69 48 66 69 7f 9b f1 5f f0 d6 f0 8a 92 08 21 0d ff 00,"<G0001>
<CTRL:12><CTRL:00><G0041>P・MPが全回復した
<G0001>","<G0001>
<CTRL:12><CTRL:00>HP·MP가 모두 회복됐다
<G0001>",41 08 12 00 61 69 48 66 69 6A 20 D2 AA 20 EC 20 F0 3B F8 92 08 41 0D FF 00,,"[{""offset"": -5, ""raw_hex"": ""80 0e 00 00 00"", ""kind"": ""MESSAGE_HEADER"", ""opcode"": 128, ""argument"": 0}, {""offset"": 1, ""raw_hex"": ""08"", ""kind"": ""LINE_BREAK""}, {""offset"": 2, ""raw_hex"": ""12"", ""kind"": ""UNKNOWN_CONTROL""}, {""offset"": 3, ""raw_hex"": ""00"", ""kind"": ""UNKNOWN_CONTROL""}, {""offset"": 18, ""raw_hex"": ""08"", ""kind"": ""LINE_BREAK""}, {""offset"": 20, ""raw_hex"": ""0d ff 00"", ""kind"": ""MESSAGE_END""}]",REVIEW_1,NO,필드 안내 런타임 신고 및 0x4000/0x6000 전수 조사 반영.,PROVEN: scenario field/tutorial message; member_type=0x6000.
FIELD_RESOURCE_01060101_R00740000_M6000_0002,SCENARIO,field_resource_message,DATA/01060101.MDZ,DATA/01060101.MDT,0x00740000,01060101,444,0x00531b7f,0x00531b7a,21 08 12 00 61 69 48 66 69 7f 9b f1 5f f0 d6 f0 8a 92 08 21 0d ff 00,"<G0001>
<CTRL:12><CTRL:00><G0041>P・MPが全回復した
<G0001>","<G0001>
<CTRL:12><CTRL:00>HP·MP가 모두 회복됐다
<G0001>",41 08 12 00 61 69 48 66 69 6A 20 D2 AA 20 EC 20 F0 3B F8 92 08 41 0D FF 00,,"[{""offset"": -5, ""raw_hex"": ""80 0e 00 00 00"", ""kind"": ""MESSAGE_HEADER"", ""opcode"": 128, ""argument"": 0}, {""offset"": 1, ""raw_hex"": ""08"", ""kind"": ""LINE_BREAK""}, {""offset"": 2, ""raw_hex"": ""12"", ""kind"": ""UNKNOWN_CONTROL""}, {""offset"": 3, ""raw_hex"": ""00"", ""kind"": ""UNKNOWN_CONTROL""}, {""offset"": 18, ""raw_hex"": ""08"", ""kind"": ""LINE_BREAK""}, {""offset"": 20, ""raw_hex"": ""0d ff 00"", ""kind"": ""MESSAGE_END""}]",REVIEW_1,NO,필드 안내 런타임 신고 및 0x4000/0x6000 전수 조사 반영.,PROVEN: scenario field/tutorial message; member_type=0x6000.
FIELD_RESOURCE_01060601_R00740000_M6000_0001,SCENARIO,field_resource_message,DATA/01060601.MDZ,DATA/01060601.MDT,0x00740000,01060601,445,0x00518b2d,0x00518b28,21 08 12 00 61 69 48 66 69 7f 9b f1 5f f0 d6 f0 8a 92 08 21 0d ff 00,"<G0001>
<CTRL:12><CTRL:00><G0041>P・MPが全回復した
<G0001>","<G0001>
<CTRL:12><CTRL:00>HP·MP가 모두 회복됐다
<G0001>",41 08 12 00 61 69 48 66 69 6A 20 D2 AA 20 EC 20 F0 3B F8 92 08 41 0D FF 00,,"[{""offset"": -5, ""raw_hex"": ""80 0e 00 00 00"", ""kind"": ""MESSAGE_HEADER"", ""opcode"": 128, ""argument"": 0}, {""offset"": 1, ""raw_hex"": ""08"", ""kind"": ""LINE_BREAK""}, {""offset"": 2, ""raw_hex"": ""12"", ""kind"": ""UNKNOWN_CONTROL""}, {""offset"": 3, ""raw_hex"": ""00"", ""kind"": ""UNKNOWN_CONTROL""}, {""offset"": 18, ""raw_hex"": ""08"", ""kind"": ""LINE_BREAK""}, {""offset"": 20, ""raw_hex"": ""0d ff 00"", ""kind"": ""MESSAGE_END""}]",REVIEW_1,NO,필드 안내 런타임 신고 및 0x4000/0x6000 전수 조사 반영.,PROVEN: scenario field/tutorial message; member_type=0x6000.
FIELD_RESOURCE_01060601_R00740000_M6000_0002,SCENARIO,field_resource_message,DATA/01060601.MDZ,DATA/01060601.MDT,0x00740000,01060601,446,0x00518bff,0x00518bfa,21 08 12 00 61 69 48 66 69 7f 9b f1 5f f0 d6 f0 8a 92 08 21 0d ff 00,"<G0001>
<CTRL:12><CTRL:00><G0041>P・MPが全回復した
<G0001>","<G0001>
<CTRL:12><CTRL:00>HP·MP가 모두 회복됐다
<G0001>",41 08 12 00 61 69 48 66 69 6A 20 D2 AA 20 EC 20 F0 3B F8 92 08 41 0D FF 00,,"[{""offset"": -5, ""raw_hex"": ""80 0e 00 00 00"", ""kind"": ""MESSAGE_HEADER"", ""opcode"": 128, ""argument"": 0}, {""offset"": 1, ""raw_hex"": ""08"", ""kind"": ""LINE_BREAK""}, {""offset"": 2, ""raw_hex"": ""12"", ""kind"": ""UNKNOWN_CONTROL""}, {""offset"": 3, ""raw_hex"": ""00"", ""kind"": ""UNKNOWN_CONTROL""}, {""offset"": 18, ""raw_hex"": ""08"", ""kind"": ""LINE_BREAK""}, {""offset"": 20, ""raw_hex"": ""0d ff 00"", ""kind"": ""MESSAGE_END""}]",REVIEW_1,NO,필드 안내 런타임 신고 및 0x4000/0x6000 전수 조사 반영.,PROVEN: scenario field/tutorial message; member_type=0x6000.
FIELD_RESOURCE_01060701_R00740000_M6000_0001,SCENARIO,field_resource_message,DATA/01060701.MDZ,DATA/01060701.MDT,0x00740000,01060701,447,0x007d2c2d,0x007d2c28,21 08 12 00 61 69 48 66 69 7f 9b f1 5f f0 d6 f0 8a 92 08 21 0d ff 00,"<G0001>
<CTRL:12><CTRL:00><G0041>P・MPが全回復した
<G0001>","<G0001>
<CTRL:12><CTRL:00>HP·MP가 모두 회복됐다
<G0001>",41 08 12 00 61 69 48 66 69 6A 20 D2 AA 20 EC 20 F0 3B F8 92 08 41 0D FF 00,,"[{""offset"": -5, ""raw_hex"": ""80 0e 00 00 00"", ""kind"": ""MESSAGE_HEADER"", ""opcode"": 128, ""argument"": 0}, {""offset"": 1, ""raw_hex"": ""08"", ""kind"": ""LINE_BREAK""}, {""offset"": 2, ""raw_hex"": ""12"", ""kind"": ""UNKNOWN_CONTROL""}, {""offset"": 3, ""raw_hex"": ""00"", ""kind"": ""UNKNOWN_CONTROL""}, {""offset"": 18, ""raw_hex"": ""08"", ""kind"": ""LINE_BREAK""}, {""offset"": 20, ""raw_hex"": ""0d ff 00"", ""kind"": ""MESSAGE_END""}]",REVIEW_1,NO,필드 안내 런타임 신고 및 0x4000/0x6000 전수 조사 반영.,PROVEN: scenario field/tutorial message; member_type=0x6000.
FIELD_RESOURCE_01060701_R00740000_M6000_0002,SCENARIO,field_resource_message,DATA/01060701.MDZ,DATA/01060701.MDT,0x00740000,01060701,448,0x007d2cff,0x007d2cfa,21 08 12 00 61 69 48 66 69 7f 9b f1 5f f0 d6 f0 8a 92 08 21 0d ff 00,"<G0001>
<CTRL:12><CTRL:00><G0041>P・MPが全回復した
<G0001>","<G0001>
<CTRL:12><CTRL:00>HP·MP가 모두 회복됐다
<G0001>",41 08 12 00 61 69 48 66 69 6A 20 D2 AA 20 EC 20 F0 3B F8 92 08 41 0D FF 00,,"[{""offset"": -5, ""raw_hex"": ""80 0e 00 00 00"", ""kind"": ""MESSAGE_HEADER"", ""opcode"": 128, ""argument"": 0}, {""offset"": 1, ""raw_hex"": ""08"", ""kind"": ""LINE_BREAK""}, {""offset"": 2, ""raw_hex"": ""12"", ""kind"": ""UNKNOWN_CONTROL""}, {""offset"": 3, ""raw_hex"": ""00"", ""kind"": ""UNKNOWN_CONTROL""}, {""offset"": 18, ""raw_hex"": ""08"", ""kind"": ""LINE_BREAK""}, {""offset"": 20, ""raw_hex"": ""0d ff 00"", ""kind"": ""MESSAGE_END""}]",REVIEW_1,NO,필드 안내 런타임 신고 및 0x4000/0x6000 전수 조사 반영.,PROVEN: scenario field/tutorial message; member_type=0x6000.
FIELD_RESOURCE_01060801_R00740000_M6000_0001,SCENARIO,field_resource_message,DATA/01060801.MDZ,DATA/01060801.MDT,0x00740000,01060801,449,0x009f9e2d,0x009f9e28,21 08 12 00 61 69 48 66 69 7f 9b f1 5f f0 d6 f0 8a 92 08 21 0d ff 00,"<G0001>
<CTRL:12><CTRL:00><G0041>P・MPが全回復した
<G0001>","<G0001>
<CTRL:12><CTRL:00>HP·MP가 모두 회복됐다
<G0001>",41 08 12 00 61 69 48 66 69 6A 20 D2 AA 20 EC 20 F0 3B F8 92 08 41 0D FF 00,,"[{""offset"": -5, ""raw_hex"": ""80 0e 00 00 00"", ""kind"": ""MESSAGE_HEADER"", ""opcode"": 128, ""argument"": 0}, {""offset"": 1, ""raw_hex"": ""08"", ""kind"": ""LINE_BREAK""}, {""offset"": 2, ""raw_hex"": ""12"", ""kind"": ""UNKNOWN_CONTROL""}, {""offset"": 3, ""raw_hex"": ""00"", ""kind"": ""UNKNOWN_CONTROL""}, {""offset"": 18, ""raw_hex"": ""08"", ""kind"": ""LINE_BREAK""}, {""offset"": 20, ""raw_hex"": ""0d ff 00"", ""kind"": ""MESSAGE_END""}]",REVIEW_1,NO,필드 안내 런타임 신고 및 0x4000/0x6000 전수 조사 반영.,PROVEN: scenario field/tutorial message; member_type=0x6000.
FIELD_RESOURCE_01060801_R00740000_M6000_0002,SCENARIO,field_resource_message,DATA/01060801.MDZ,DATA/01060801.MDT,0x00740000,01060801,450,0x009f9eff,0x009f9efa,21 08 12 00 61 69 48 66 69 7f 9b f1 5f f0 d6 f0 8a 92 08 21 0d ff 00,"<G0001>
<CTRL:12><CTRL:00><G0041>P・MPが全回復した
<G0001>","<G0001>
<CTRL:12><CTRL:00>HP·MP가 모두 회복됐다
<G0001>",41 08 12 00 61 69 48 66 69 6A 20 D2 AA 20 EC 20 F0 3B F8 92 08 41 0D FF 00,,"[{""offset"": -5, ""raw_hex"": ""80 0e 00 00 00"", ""kind"": ""MESSAGE_HEADER"", ""opcode"": 128, ""argument"": 0}, {""offset"": 1, ""raw_hex"": ""08"", ""kind"": ""LINE_BREAK""}, {""offset"": 2, ""raw_hex"": ""12"", ""kind"": ""UNKNOWN_CONTROL""}, {""offset"": 3, ""raw_hex"": ""00"", ""kind"": ""UNKNOWN_CONTROL""}, {""offset"": 18, ""raw_hex"": ""08"", ""kind"": ""LINE_BREAK""}, {""offset"": 20, ""raw_hex"": ""0d ff 00"", ""kind"": ""MESSAGE_END""}]",REVIEW_1,NO,필드 안내 런타임 신고 및 0x4000/0x6000 전수 조사 반영.,PROVEN: scenario field/tutorial message; member_type=0x6000.
FIELD_RESOURCE_01060901_R00740000_M6000_0001,SCENARIO,field_resource_message,DATA/01060901.MDZ,DATA/01060901.MDT,0x00740000,01060901,451,0x00236c2d,0x00236c28,21 08 12 00 61 69 48 66 69 7f 9b f1 5f f0 d6 f0 8a 92 08 21 0d ff 00,"<G0001>
<CTRL:12><CTRL:00><G0041>P・MPが全回復した
<G0001>","<G0001>
<CTRL:12><CTRL:00>HP·MP가 모두 회복됐다
<G0001>",41 08 12 00 61 69 48 66 69 6A 20 D2 AA 20 EC 20 F0 3B F8 92 08 41 0D FF 00,,"[{""offset"": -5, ""raw_hex"": ""80 0e 00 00 00"", ""kind"": ""MESSAGE_HEADER"", ""opcode"": 128, ""argument"": 0}, {""offset"": 1, ""raw_hex"": ""08"", ""kind"": ""LINE_BREAK""}, {""offset"": 2, ""raw_hex"": ""12"", ""kind"": ""UNKNOWN_CONTROL""}, {""offset"": 3, ""raw_hex"": ""00"", ""kind"": ""UNKNOWN_CONTROL""}, {""offset"": 18, ""raw_hex"": ""08"", ""kind"": ""LINE_BREAK""}, {""offset"": 20, ""raw_hex"": ""0d ff 00"", ""kind"": ""MESSAGE_END""}]",REVIEW_1,NO,필드 안내 런타임 신고 및 0x4000/0x6000 전수 조사 반영.,PROVEN: scenario field/tutorial message; member_type=0x6000.
FIELD_RESOURCE_01060901_R00740000_M6000_0002,SCENARIO,field_resource_message,DATA/01060901.MDZ,DATA/01060901.MDT,0x00740000,01060901,452,0x00236cff,0x00236cfa,21 08 12 00 61 69 48 66 69 7f 9b f1 5f f0 d6 f0 8a 92 08 21 0d ff 00,"<G0001>
<CTRL:12><CTRL:00><G0041>P・MPが全回復した
<G0001>","<G0001>
<CTRL:12><CTRL:00>HP·MP가 모두 회복됐다
<G0001>",41 08 12 00 61 69 48 66 69 6A 20 D2 AA 20 EC 20 F0 3B F8 92 08 41 0D FF 00,,"[{""offset"": -5, ""raw_hex"": ""80 0e 00 00 00"", ""kind"": ""MESSAGE_HEADER"", ""opcode"": 128, ""argument"": 0}, {""offset"": 1, ""raw_hex"": ""08"", ""kind"": ""LINE_BREAK""}, {""offset"": 2, ""raw_hex"": ""12"", ""kind"": ""UNKNOWN_CONTROL""}, {""offset"": 3, ""raw_hex"": ""00"", ""kind"": ""UNKNOWN_CONTROL""}, {""offset"": 18, ""raw_hex"": ""08"", ""kind"": ""LINE_BREAK""}, {""offset"": 20, ""raw_hex"": ""0d ff 00"", ""kind"": ""MESSAGE_END""}]",REVIEW_1,NO,필드 안내 런타임 신고 및 0x4000/0x6000 전수 조사 반영.,PROVEN: scenario field/tutorial message; member_type=0x6000.
FIELD_RESOURCE_01070101_R00740000_M6000_0001,SCENARIO,field_resource_message,DATA/01070101.MDZ,DATA/01070101.MDT,0x00740000,01070101,453,0x0068002d,0x00680028,21 08 12 00 61 69 48 66 69 7f 9b f1 5f f0 d6 f0 8a 92 08 21 0d ff 00,"<G0001>
<CTRL:12><CTRL:00><G0041>P・MPが全回復した
<G0001>","<G0001>
<CTRL:12><CTRL:00>HP·MP가 모두 회복됐다
<G0001>",41 08 12 00 61 69 48 66 69 6A 20 D2 AA 20 EC 20 F0 3B F8 92 08 41 0D FF 00,,"[{""offset"": -5, ""raw_hex"": ""80 0e 00 00 00"", ""kind"": ""MESSAGE_HEADER"", ""opcode"": 128, ""argument"": 0}, {""offset"": 1, ""raw_hex"": ""08"", ""kind"": ""LINE_BREAK""}, {""offset"": 2, ""raw_hex"": ""12"", ""kind"": ""UNKNOWN_CONTROL""}, {""offset"": 3, ""raw_hex"": ""00"", ""kind"": ""UNKNOWN_CONTROL""}, {""offset"": 18, ""raw_hex"": ""08"", ""kind"": ""LINE_BREAK""}, {""offset"": 20, ""raw_hex"": ""0d ff 00"", ""kind"": ""MESSAGE_END""}]",REVIEW_1,NO,필드 안내 런타임 신고 및 0x4000/0x6000 전수 조사 반영.,PROVEN: scenario field/tutorial message; member_type=0x6000.
FIELD_RESOURCE_01070101_R00740000_M6000_0002,SCENARIO,field_resource_message,DATA/01070101.MDZ,DATA/01070101.MDT,0x00740000,01070101,454,0x006800ff,0x006800fa,21 08 12 00 61 69 48 66 69 7f 9b f1 5f f0 d6 f0 8a 92 08 21 0d ff 00,"<G0001>
<CTRL:12><CTRL:00><G0041>P・MPが全回復した
<G0001>","<G0001>
<CTRL:12><CTRL:00>HP·MP가 모두 회복됐다
<G0001>",41 08 12 00 61 69 48 66 69 6A 20 D2 AA 20 EC 20 F0 3B F8 92 08 41 0D FF 00,,"[{""offset"": -5, ""raw_hex"": ""80 0e 00 00 00"", ""kind"": ""MESSAGE_HEADER"", ""opcode"": 128, ""argument"": 0}, {""offset"": 1, ""raw_hex"": ""08"", ""kind"": ""LINE_BREAK""}, {""offset"": 2, ""raw_hex"": ""12"", ""kind"": ""UNKNOWN_CONTROL""}, {""offset"": 3, ""raw_hex"": ""00"", ""kind"": ""UNKNOWN_CONTROL""}, {""offset"": 18, ""raw_hex"": ""08"", ""kind"": ""LINE_BREAK""}, {""offset"": 20, ""raw_hex"": ""0d ff 00"", ""kind"": ""MESSAGE_END""}]",REVIEW_1,NO,필드 안내 런타임 신고 및 0x4000/0x6000 전수 조사 반영.,PROVEN: scenario field/tutorial message; member_type=0x6000.
FIELD_RESOURCE_01070301_R00740000_M6000_0001,SCENARIO,field_resource_message,DATA/01070301.MDZ,DATA/01070301.MDT,0x00740000,01070301,455,0x008191ad,0x008191a8,21 08 12 00 61 69 48 66 69 7f 9b f1 5f f0 d6 f0 8a 92 08 21 0d ff 00,"<G0001>
<CTRL:12><CTRL:00><G0041>P・MPが全回復した
<G0001>","<G0001>
<CTRL:12><CTRL:00>HP·MP가 모두 회복됐다
<G0001>",41 08 12 00 61 69 48 66 69 6A 20 D2 AA 20 EC 20 F0 3B F8 92 08 41 0D FF 00,,"[{""offset"": -5, ""raw_hex"": ""80 0e 00 00 00"", ""kind"": ""MESSAGE_HEADER"", ""opcode"": 128, ""argument"": 0}, {""offset"": 1, ""raw_hex"": ""08"", ""kind"": ""LINE_BREAK""}, {""offset"": 2, ""raw_hex"": ""12"", ""kind"": ""UNKNOWN_CONTROL""}, {""offset"": 3, ""raw_hex"": ""00"", ""kind"": ""UNKNOWN_CONTROL""}, {""offset"": 18, ""raw_hex"": ""08"", ""kind"": ""LINE_BREAK""}, {""offset"": 20, ""raw_hex"": ""0d ff 00"", ""kind"": ""MESSAGE_END""}]",REVIEW_1,NO,필드 안내 런타임 신고 및 0x4000/0x6000 전수 조사 반영.,PROVEN: scenario field/tutorial message; member_type=0x6000.
FIELD_RESOURCE_01070301_R00740000_M6000_0002,SCENARIO,field_resource_message,DATA/01070301.MDZ,DATA/01070301.MDT,0x00740000,01070301,456,0x0081927f,0x0081927a,21 08 12 00 61 69 48 66 69 7f 9b f1 5f f0 d6 f0 8a 92 08 21 0d ff 00,"<G0001>
<CTRL:12><CTRL:00><G0041>P・MPが全回復した
<G0001>","<G0001>
<CTRL:12><CTRL:00>HP·MP가 모두 회복됐다
<G0001>",41 08 12 00 61 69 48 66 69 6A 20 D2 AA 20 EC 20 F0 3B F8 92 08 41 0D FF 00,,"[{""offset"": -5, ""raw_hex"": ""80 0e 00 00 00"", ""kind"": ""MESSAGE_HEADER"", ""opcode"": 128, ""argument"": 0}, {""offset"": 1, ""raw_hex"": ""08"", ""kind"": ""LINE_BREAK""}, {""offset"": 2, ""raw_hex"": ""12"", ""kind"": ""UNKNOWN_CONTROL""}, {""offset"": 3, ""raw_hex"": ""00"", ""kind"": ""UNKNOWN_CONTROL""}, {""offset"": 18, ""raw_hex"": ""08"", ""kind"": ""LINE_BREAK""}, {""offset"": 20, ""raw_hex"": ""0d ff 00"", ""kind"": ""MESSAGE_END""}]",REVIEW_1,NO,필드 안내 런타임 신고 및 0x4000/0x6000 전수 조사 반영.,PROVEN: scenario field/tutorial message; member_type=0x6000.
FIELD_RESOURCE_01070401_R00740000_M6000_0001,SCENARIO,field_resource_message,DATA/01070401.MDZ,DATA/01070401.MDT,0x00740000,01070401,457,0x003eff3d,0x003eff38,21 08 12 00 61 69 48 66 69 7f 9b f1 5f f0 d6 f0 8a 92 08 21 0d ff 00,"<G0001>
<CTRL:12><CTRL:00><G0041>P・MPが全回復した
<G0001>","<G0001>
<CTRL:12><CTRL:00>HP·MP 모두 회복
<G0001>",41 08 12 00 61 69 48 66 69 20 D2 AA 20 EC 20 F0 08 41 0D FF 00,,"[{""offset"": -5, ""raw_hex"": ""80 0e 00 00 00"", ""kind"": ""MESSAGE_HEADER"", ""opcode"": 128, ""argument"": 0}, {""offset"": 1, ""raw_hex"": ""08"", ""kind"": ""LINE_BREAK""}, {""offset"": 2, ""raw_hex"": ""12"", ""kind"": ""UNKNOWN_CONTROL""}, {""offset"": 3, ""raw_hex"": ""00"", ""kind"": ""UNKNOWN_CONTROL""}, {""offset"": 18, ""raw_hex"": ""08"", ""kind"": ""LINE_BREAK""}, {""offset"": 20, ""raw_hex"": ""0d ff 00"", ""kind"": ""MESSAGE_END""}]",REVIEW_1,NO,필드 안내 런타임 신고 및 0x4000/0x6000 전수 조사 반영.,PROVEN: scenario field/tutorial message; member_type=0x6000. | FIXED_STORAGE_SIZE=23
FIELD_RESOURCE_01070401_R00740000_M6000_0002,SCENARIO,field_resource_message,DATA/01070401.MDZ,DATA/01070401.MDT,0x00740000,01070401,458,0x003f000f,0x003f000a,21 08 12 00 61 69 48 66 69 7f 9b f1 5f f0 d6 f0 8a 92 08 21 0d ff 00,"<G0001>
<CTRL:12><CTRL:00><G0041>P・MPが全回復した
<G0001>","<G0001>
<CTRL:12><CTRL:00>HP·MP 모두 회복
<G0001>",41 08 12 00 61 69 48 66 69 20 D2 AA 20 EC 20 F0 08 41 0D FF 00,,"[{""offset"": -5, ""raw_hex"": ""80 0e 00 00 00"", ""kind"": ""MESSAGE_HEADER"", ""opcode"": 128, ""argument"": 0}, {""offset"": 1, ""raw_hex"": ""08"", ""kind"": ""LINE_BREAK""}, {""offset"": 2, ""raw_hex"": ""12"", ""kind"": ""UNKNOWN_CONTROL""}, {""offset"": 3, ""raw_hex"": ""00"", ""kind"": ""UNKNOWN_CONTROL""}, {""offset"": 18, ""raw_hex"": ""08"", ""kind"": ""LINE_BREAK""}, {""offset"": 20, ""raw_hex"": ""0d ff 00"", ""kind"": ""MESSAGE_END""}]",REVIEW_1,NO,필드 안내 런타임 신고 및 0x4000/0x6000 전수 조사 반영.,PROVEN: scenario field/tutorial message; member_type=0x6000. | FIXED_STORAGE_SIZE=23
FIELD_RESOURCE_01070501_R00740000_M6000_0001,SCENARIO,field_resource_message,DATA/01070501.MDZ,DATA/01070501.MDT,0x00740000,01070501,459,0x008126ad,0x008126a8,21 08 12 00 61 69 48 66 69 7f 9b f1 5f f0 d6 f0 8a 92 08 21 0d ff 00,"<G0001>
<CTRL:12><CTRL:00><G0041>P・MPが全回復した
<G0001>","<G0001>
<CTRL:12><CTRL:00>HP·MP가 모두 회복됐다
<G0001>",41 08 12 00 61 69 48 66 69 6A 20 D2 AA 20 EC 20 F0 3B F8 92 08 41 0D FF 00,,"[{""offset"": -5, ""raw_hex"": ""80 0e 00 00 00"", ""kind"": ""MESSAGE_HEADER"", ""opcode"": 128, ""argument"": 0}, {""offset"": 1, ""raw_hex"": ""08"", ""kind"": ""LINE_BREAK""}, {""offset"": 2, ""raw_hex"": ""12"", ""kind"": ""UNKNOWN_CONTROL""}, {""offset"": 3, ""raw_hex"": ""00"", ""kind"": ""UNKNOWN_CONTROL""}, {""offset"": 18, ""raw_hex"": ""08"", ""kind"": ""LINE_BREAK""}, {""offset"": 20, ""raw_hex"": ""0d ff 00"", ""kind"": ""MESSAGE_END""}]",REVIEW_1,NO,필드 안내 런타임 신고 및 0x4000/0x6000 전수 조사 반영.,PROVEN: scenario field/tutorial message; member_type=0x6000.
FIELD_RESOURCE_01070501_R00740000_M6000_0002,SCENARIO,field_resource_message,DATA/01070501.MDZ,DATA/01070501.MDT,0x00740000,01070501,460,0x0081277f,0x0081277a,21 08 12 00 61 69 48 66 69 7f 9b f1 5f f0 d6 f0 8a 92 08 21 0d ff 00,"<G0001>
<CTRL:12><CTRL:00><G0041>P・MPが全回復した
<G0001>","<G0001>
<CTRL:12><CTRL:00>HP·MP가 모두 회복됐다
<G0001>",41 08 12 00 61 69 48 66 69 6A 20 D2 AA 20 EC 20 F0 3B F8 92 08 41 0D FF 00,,"[{""offset"": -5, ""raw_hex"": ""80 0e 00 00 00"", ""kind"": ""MESSAGE_HEADER"", ""opcode"": 128, ""argument"": 0}, {""offset"": 1, ""raw_hex"": ""08"", ""kind"": ""LINE_BREAK""}, {""offset"": 2, ""raw_hex"": ""12"", ""kind"": ""UNKNOWN_CONTROL""}, {""offset"": 3, ""raw_hex"": ""00"", ""kind"": ""UNKNOWN_CONTROL""}, {""offset"": 18, ""raw_hex"": ""08"", ""kind"": ""LINE_BREAK""}, {""offset"": 20, ""raw_hex"": ""0d ff 00"", ""kind"": ""MESSAGE_END""}]",REVIEW_1,NO,필드 안내 런타임 신고 및 0x4000/0x6000 전수 조사 반영.,PROVEN: scenario field/tutorial message; member_type=0x6000.
FIELD_RESOURCE_01080101_R00740000_M6000_0001,SCENARIO,field_resource_message,DATA/01080101.MDZ,DATA/01080101.MDT,0x00740000,01080101,461,0x009a95ad,0x009a95a8,21 08 12 00 61 69 48 66 69 7f 9b f1 5f f0 d6 f0 8a 92 08 21 0d ff 00,"<G0001>
<CTRL:12><CTRL:00><G0041>P・MPが全回復した
<G0001>","<G0001>
<CTRL:12><CTRL:00>HP·MP가 모두 회복됐다
<G0001>",41 08 12 00 61 69 48 66 69 6A 20 D2 AA 20 EC 20 F0 3B F8 92 08 41 0D FF 00,,"[{""offset"": -5, ""raw_hex"": ""80 0e 00 00 00"", ""kind"": ""MESSAGE_HEADER"", ""opcode"": 128, ""argument"": 0}, {""offset"": 1, ""raw_hex"": ""08"", ""kind"": ""LINE_BREAK""}, {""offset"": 2, ""raw_hex"": ""12"", ""kind"": ""UNKNOWN_CONTROL""}, {""offset"": 3, ""raw_hex"": ""00"", ""kind"": ""UNKNOWN_CONTROL""}, {""offset"": 18, ""raw_hex"": ""08"", ""kind"": ""LINE_BREAK""}, {""offset"": 20, ""raw_hex"": ""0d ff 00"", ""kind"": ""MESSAGE_END""}]",REVIEW_1,NO,필드 안내 런타임 신고 및 0x4000/0x6000 전수 조사 반영.,PROVEN: scenario field/tutorial message; member_type=0x6000.
FIELD_RESOURCE_01080101_R00740000_M6000_0002,SCENARIO,field_resource_message,DATA/01080101.MDZ,DATA/01080101.MDT,0x00740000,01080101,462,0x009a967f,0x009a967a,21 08 12 00 61 69 48 66 69 7f 9b f1 5f f0 d6 f0 8a 92 08 21 0d ff 00,"<G0001>
<CTRL:12><CTRL:00><G0041>P・MPが全回復した
<G0001>","<G0001>
<CTRL:12><CTRL:00>HP·MP가 모두 회복됐다
<G0001>",41 08 12 00 61 69 48 66 69 6A 20 D2 AA 20 EC 20 F0 3B F8 92 08 41 0D FF 00,,"[{""offset"": -5, ""raw_hex"": ""80 0e 00 00 00"", ""kind"": ""MESSAGE_HEADER"", ""opcode"": 128, ""argument"": 0}, {""offset"": 1, ""raw_hex"": ""08"", ""kind"": ""LINE_BREAK""}, {""offset"": 2, ""raw_hex"": ""12"", ""kind"": ""UNKNOWN_CONTROL""}, {""offset"": 3, ""raw_hex"": ""00"", ""kind"": ""UNKNOWN_CONTROL""}, {""offset"": 18, ""raw_hex"": ""08"", ""kind"": ""LINE_BREAK""}, {""offset"": 20, ""raw_hex"": ""0d ff 00"", ""kind"": ""MESSAGE_END""}]",REVIEW_1,NO,필드 안내 런타임 신고 및 0x4000/0x6000 전수 조사 반영.,PROVEN: scenario field/tutorial message; member_type=0x6000.
FIELD_RESOURCE_01080303_R00740000_M6000_0001,SCENARIO,field_resource_message,DATA/01080303.MDZ,DATA/01080303.MDT,0x00740000,01080303,463,0x005ce4ad,0x005ce4a8,21 08 12 00 61 69 48 66 69 7f 9b f1 5f f0 d6 f0 8a 92 08 21 0d ff 00,"<G0001>
<CTRL:12><CTRL:00><G0041>P・MPが全回復した
<G0001>","<G0001>
<CTRL:12><CTRL:00>HP·MP가 모두 회복됐다
<G0001>",41 08 12 00 61 69 48 66 69 6A 20 D2 AA 20 EC 20 F0 3B F8 92 08 41 0D FF 00,,"[{""offset"": -5, ""raw_hex"": ""80 0e 00 00 00"", ""kind"": ""MESSAGE_HEADER"", ""opcode"": 128, ""argument"": 0}, {""offset"": 1, ""raw_hex"": ""08"", ""kind"": ""LINE_BREAK""}, {""offset"": 2, ""raw_hex"": ""12"", ""kind"": ""UNKNOWN_CONTROL""}, {""offset"": 3, ""raw_hex"": ""00"", ""kind"": ""UNKNOWN_CONTROL""}, {""offset"": 18, ""raw_hex"": ""08"", ""kind"": ""LINE_BREAK""}, {""offset"": 20, ""raw_hex"": ""0d ff 00"", ""kind"": ""MESSAGE_END""}]",REVIEW_1,NO,필드 안내 런타임 신고 및 0x4000/0x6000 전수 조사 반영.,PROVEN: scenario field/tutorial message; member_type=0x6000.
FIELD_RESOURCE_01080303_R00740000_M6000_0002,SCENARIO,field_resource_message,DATA/01080303.MDZ,DATA/01080303.MDT,0x00740000,01080303,464,0x005ce57f,0x005ce57a,21 08 12 00 61 69 48 66 69 7f 9b f1 5f f0 d6 f0 8a 92 08 21 0d ff 00,"<G0001>
<CTRL:12><CTRL:00><G0041>P・MPが全回復した
<G0001>","<G0001>
<CTRL:12><CTRL:00>HP·MP가 모두 회복됐다
<G0001>",41 08 12 00 61 69 48 66 69 6A 20 D2 AA 20 EC 20 F0 3B F8 92 08 41 0D FF 00,,"[{""offset"": -5, ""raw_hex"": ""80 0e 00 00 00"", ""kind"": ""MESSAGE_HEADER"", ""opcode"": 128, ""argument"": 0}, {""offset"": 1, ""raw_hex"": ""08"", ""kind"": ""LINE_BREAK""}, {""offset"": 2, ""raw_hex"": ""12"", ""kind"": ""UNKNOWN_CONTROL""}, {""offset"": 3, ""raw_hex"": ""00"", ""kind"": ""UNKNOWN_CONTROL""}, {""offset"": 18, ""raw_hex"": ""08"", ""kind"": ""LINE_BREAK""}, {""offset"": 20, ""raw_hex"": ""0d ff 00"", ""kind"": ""MESSAGE_END""}]",REVIEW_1,NO,필드 안내 런타임 신고 및 0x4000/0x6000 전수 조사 반영.,PROVEN: scenario field/tutorial message; member_type=0x6000.
FIELD_RESOURCE_01080501_R00740000_M6000_0001,SCENARIO,field_resource_message,DATA/01080501.MDZ,DATA/01080501.MDT,0x00740000,01080501,465,0x0087412d,0x00874128,21 08 12 00 61 69 48 66 69 7f 9b f1 5f f0 d6 f0 8a 92 08 21 0d ff 00,"<G0001>
<CTRL:12><CTRL:00><G0041>P・MPが全回復した
<G0001>","<G0001>
<CTRL:12><CTRL:00>HP·MP가 모두 회복됐다
<G0001>",41 08 12 00 61 69 48 66 69 6A 20 D2 AA 20 EC 20 F0 3B F8 92 08 41 0D FF 00,,"[{""offset"": -5, ""raw_hex"": ""80 0e 00 00 00"", ""kind"": ""MESSAGE_HEADER"", ""opcode"": 128, ""argument"": 0}, {""offset"": 1, ""raw_hex"": ""08"", ""kind"": ""LINE_BREAK""}, {""offset"": 2, ""raw_hex"": ""12"", ""kind"": ""UNKNOWN_CONTROL""}, {""offset"": 3, ""raw_hex"": ""00"", ""kind"": ""UNKNOWN_CONTROL""}, {""offset"": 18, ""raw_hex"": ""08"", ""kind"": ""LINE_BREAK""}, {""offset"": 20, ""raw_hex"": ""0d ff 00"", ""kind"": ""MESSAGE_END""}]",REVIEW_1,NO,필드 안내 런타임 신고 및 0x4000/0x6000 전수 조사 반영.,PROVEN: scenario field/tutorial message; member_type=0x6000.
FIELD_RESOURCE_01080501_R00740000_M6000_0002,SCENARIO,field_resource_message,DATA/01080501.MDZ,DATA/01080501.MDT,0x00740000,01080501,466,0x008741ff,0x008741fa,21 08 12 00 61 69 48 66 69 7f 9b f1 5f f0 d6 f0 8a 92 08 21 0d ff 00,"<G0001>
<CTRL:12><CTRL:00><G0041>P・MPが全回復した
<G0001>","<G0001>
<CTRL:12><CTRL:00>HP·MP가 모두 회복됐다
<G0001>",41 08 12 00 61 69 48 66 69 6A 20 D2 AA 20 EC 20 F0 3B F8 92 08 41 0D FF 00,,"[{""offset"": -5, ""raw_hex"": ""80 0e 00 00 00"", ""kind"": ""MESSAGE_HEADER"", ""opcode"": 128, ""argument"": 0}, {""offset"": 1, ""raw_hex"": ""08"", ""kind"": ""LINE_BREAK""}, {""offset"": 2, ""raw_hex"": ""12"", ""kind"": ""UNKNOWN_CONTROL""}, {""offset"": 3, ""raw_hex"": ""00"", ""kind"": ""UNKNOWN_CONTROL""}, {""offset"": 18, ""raw_hex"": ""08"", ""kind"": ""LINE_BREAK""}, {""offset"": 20, ""raw_hex"": ""0d ff 00"", ""kind"": ""MESSAGE_END""}]",REVIEW_1,NO,필드 안내 런타임 신고 및 0x4000/0x6000 전수 조사 반영.,PROVEN: scenario field/tutorial message; member_type=0x6000.
FIELD_RESOURCE_01080502_R00740000_M6000_0001,SCENARIO,field_resource_message,DATA/01080502.MDZ,DATA/01080502.MDT,0x00740000,01080502,467,0x00521bad,0x00521ba8,21 08 12 00 61 69 48 66 69 7f 9b f1 5f f0 d6 f0 8a 92 08 21 0d ff 00,"<G0001>
<CTRL:12><CTRL:00><G0041>P・MPが全回復した
<G0001>","<G0001>
<CTRL:12><CTRL:00>HP·MP가 모두 회복됐다
<G0001>",41 08 12 00 61 69 48 66 69 6A 20 D2 AA 20 EC 20 F0 3B F8 92 08 41 0D FF 00,,"[{""offset"": -5, ""raw_hex"": ""80 0e 00 00 00"", ""kind"": ""MESSAGE_HEADER"", ""opcode"": 128, ""argument"": 0}, {""offset"": 1, ""raw_hex"": ""08"", ""kind"": ""LINE_BREAK""}, {""offset"": 2, ""raw_hex"": ""12"", ""kind"": ""UNKNOWN_CONTROL""}, {""offset"": 3, ""raw_hex"": ""00"", ""kind"": ""UNKNOWN_CONTROL""}, {""offset"": 18, ""raw_hex"": ""08"", ""kind"": ""LINE_BREAK""}, {""offset"": 20, ""raw_hex"": ""0d ff 00"", ""kind"": ""MESSAGE_END""}]",REVIEW_1,NO,필드 안내 런타임 신고 및 0x4000/0x6000 전수 조사 반영.,PROVEN: scenario field/tutorial message; member_type=0x6000.
FIELD_RESOURCE_01080502_R00740000_M6000_0002,SCENARIO,field_resource_message,DATA/01080502.MDZ,DATA/01080502.MDT,0x00740000,01080502,468,0x00521c7f,0x00521c7a,21 08 12 00 61 69 48 66 69 7f 9b f1 5f f0 d6 f0 8a 92 08 21 0d ff 00,"<G0001>
<CTRL:12><CTRL:00><G0041>P・MPが全回復した
<G0001>","<G0001>
<CTRL:12><CTRL:00>HP·MP가 모두 회복됐다
<G0001>",41 08 12 00 61 69 48 66 69 6A 20 D2 AA 20 EC 20 F0 3B F8 92 08 41 0D FF 00,,"[{""offset"": -5, ""raw_hex"": ""80 0e 00 00 00"", ""kind"": ""MESSAGE_HEADER"", ""opcode"": 128, ""argument"": 0}, {""offset"": 1, ""raw_hex"": ""08"", ""kind"": ""LINE_BREAK""}, {""offset"": 2, ""raw_hex"": ""12"", ""kind"": ""UNKNOWN_CONTROL""}, {""offset"": 3, ""raw_hex"": ""00"", ""kind"": ""UNKNOWN_CONTROL""}, {""offset"": 18, ""raw_hex"": ""08"", ""kind"": ""LINE_BREAK""}, {""offset"": 20, ""raw_hex"": ""0d ff 00"", ""kind"": ""MESSAGE_END""}]",REVIEW_1,NO,필드 안내 런타임 신고 및 0x4000/0x6000 전수 조사 반영.,PROVEN: scenario field/tutorial message; member_type=0x6000.
FIELD_RESOURCE_01080503_R00740000_M6000_0001,SCENARIO,field_resource_message,DATA/01080503.MDZ,DATA/01080503.MDT,0x00740000,01080503,469,0x0061d32d,0x0061d328,21 08 12 00 61 69 48 66 69 7f 9b f1 5f f0 d6 f0 8a 92 08 21 0d ff 00,"<G0001>
<CTRL:12><CTRL:00><G0041>P・MPが全回復した
<G0001>","<G0001>
<CTRL:12><CTRL:00>HP·MP가 모두 회복됐다
<G0001>",41 08 12 00 61 69 48 66 69 6A 20 D2 AA 20 EC 20 F0 3B F8 92 08 41 0D FF 00,,"[{""offset"": -5, ""raw_hex"": ""80 0e 00 00 00"", ""kind"": ""MESSAGE_HEADER"", ""opcode"": 128, ""argument"": 0}, {""offset"": 1, ""raw_hex"": ""08"", ""kind"": ""LINE_BREAK""}, {""offset"": 2, ""raw_hex"": ""12"", ""kind"": ""UNKNOWN_CONTROL""}, {""offset"": 3, ""raw_hex"": ""00"", ""kind"": ""UNKNOWN_CONTROL""}, {""offset"": 18, ""raw_hex"": ""08"", ""kind"": ""LINE_BREAK""}, {""offset"": 20, ""raw_hex"": ""0d ff 00"", ""kind"": ""MESSAGE_END""}]",REVIEW_1,NO,필드 안내 런타임 신고 및 0x4000/0x6000 전수 조사 반영.,PROVEN: scenario field/tutorial message; member_type=0x6000.
FIELD_RESOURCE_01080503_R00740000_M6000_0002,SCENARIO,field_resource_message,DATA/01080503.MDZ,DATA/01080503.MDT,0x00740000,01080503,470,0x0061d3ff,0x0061d3fa,21 08 12 00 61 69 48 66 69 7f 9b f1 5f f0 d6 f0 8a 92 08 21 0d ff 00,"<G0001>
<CTRL:12><CTRL:00><G0041>P・MPが全回復した
<G0001>","<G0001>
<CTRL:12><CTRL:00>HP·MP가 모두 회복됐다
<G0001>",41 08 12 00 61 69 48 66 69 6A 20 D2 AA 20 EC 20 F0 3B F8 92 08 41 0D FF 00,,"[{""offset"": -5, ""raw_hex"": ""80 0e 00 00 00"", ""kind"": ""MESSAGE_HEADER"", ""opcode"": 128, ""argument"": 0}, {""offset"": 1, ""raw_hex"": ""08"", ""kind"": ""LINE_BREAK""}, {""offset"": 2, ""raw_hex"": ""12"", ""kind"": ""UNKNOWN_CONTROL""}, {""offset"": 3, ""raw_hex"": ""00"", ""kind"": ""UNKNOWN_CONTROL""}, {""offset"": 18, ""raw_hex"": ""08"", ""kind"": ""LINE_BREAK""}, {""offset"": 20, ""raw_hex"": ""0d ff 00"", ""kind"": ""MESSAGE_END""}]",REVIEW_1,NO,필드 안내 런타임 신고 및 0x4000/0x6000 전수 조사 반영.,PROVEN: scenario field/tutorial message; member_type=0x6000.
FIELD_RESOURCE_01080504_R00740000_M6000_0001,SCENARIO,field_resource_message,DATA/01080504.MDZ,DATA/01080504.MDT,0x00740000,01080504,471,0x005acbad,0x005acba8,21 08 12 00 61 69 48 66 69 7f 9b f1 5f f0 d6 f0 8a 92 08 21 0d ff 00,"<G0001>
<CTRL:12><CTRL:00><G0041>P・MPが全回復した
<G0001>","<G0001>
<CTRL:12><CTRL:00>HP·MP가 모두 회복됐다
<G0001>",41 08 12 00 61 69 48 66 69 6A 20 D2 AA 20 EC 20 F0 3B F8 92 08 41 0D FF 00,,"[{""offset"": -5, ""raw_hex"": ""80 0e 00 00 00"", ""kind"": ""MESSAGE_HEADER"", ""opcode"": 128, ""argument"": 0}, {""offset"": 1, ""raw_hex"": ""08"", ""kind"": ""LINE_BREAK""}, {""offset"": 2, ""raw_hex"": ""12"", ""kind"": ""UNKNOWN_CONTROL""}, {""offset"": 3, ""raw_hex"": ""00"", ""kind"": ""UNKNOWN_CONTROL""}, {""offset"": 18, ""raw_hex"": ""08"", ""kind"": ""LINE_BREAK""}, {""offset"": 20, ""raw_hex"": ""0d ff 00"", ""kind"": ""MESSAGE_END""}]",REVIEW_1,NO,필드 안내 런타임 신고 및 0x4000/0x6000 전수 조사 반영.,PROVEN: scenario field/tutorial message; member_type=0x6000.
FIELD_RESOURCE_01080504_R00740000_M6000_0002,SCENARIO,field_resource_message,DATA/01080504.MDZ,DATA/01080504.MDT,0x00740000,01080504,472,0x005acc7f,0x005acc7a,21 08 12 00 61 69 48 66 69 7f 9b f1 5f f0 d6 f0 8a 92 08 21 0d ff 00,"<G0001>
<CTRL:12><CTRL:00><G0041>P・MPが全回復した
<G0001>","<G0001>
<CTRL:12><CTRL:00>HP·MP가 모두 회복됐다
<G0001>",41 08 12 00 61 69 48 66 69 6A 20 D2 AA 20 EC 20 F0 3B F8 92 08 41 0D FF 00,,"[{""offset"": -5, ""raw_hex"": ""80 0e 00 00 00"", ""kind"": ""MESSAGE_HEADER"", ""opcode"": 128, ""argument"": 0}, {""offset"": 1, ""raw_hex"": ""08"", ""kind"": ""LINE_BREAK""}, {""offset"": 2, ""raw_hex"": ""12"", ""kind"": ""UNKNOWN_CONTROL""}, {""offset"": 3, ""raw_hex"": ""00"", ""kind"": ""UNKNOWN_CONTROL""}, {""offset"": 18, ""raw_hex"": ""08"", ""kind"": ""LINE_BREAK""}, {""offset"": 20, ""raw_hex"": ""0d ff 00"", ""kind"": ""MESSAGE_END""}]",REVIEW_1,NO,필드 안내 런타임 신고 및 0x4000/0x6000 전수 조사 반영.,PROVEN: scenario field/tutorial message; member_type=0x6000.
FIELD_RESOURCE_01080505_R00740000_M6000_0001,SCENARIO,field_resource_message,DATA/01080505.MDZ,DATA/01080505.MDT,0x00740000,01080505,473,0x006dc32d,0x006dc328,21 08 12 00 61 69 48 66 69 7f 9b f1 5f f0 d6 f0 8a 92 08 21 0d ff 00,"<G0001>
<CTRL:12><CTRL:00><G0041>P・MPが全回復した
<G0001>","<G0001>
<CTRL:12><CTRL:00>HP·MP가 모두 회복됐다
<G0001>",41 08 12 00 61 69 48 66 69 6A 20 D2 AA 20 EC 20 F0 3B F8 92 08 41 0D FF 00,,"[{""offset"": -5, ""raw_hex"": ""80 0e 00 00 00"", ""kind"": ""MESSAGE_HEADER"", ""opcode"": 128, ""argument"": 0}, {""offset"": 1, ""raw_hex"": ""08"", ""kind"": ""LINE_BREAK""}, {""offset"": 2, ""raw_hex"": ""12"", ""kind"": ""UNKNOWN_CONTROL""}, {""offset"": 3, ""raw_hex"": ""00"", ""kind"": ""UNKNOWN_CONTROL""}, {""offset"": 18, ""raw_hex"": ""08"", ""kind"": ""LINE_BREAK""}, {""offset"": 20, ""raw_hex"": ""0d ff 00"", ""kind"": ""MESSAGE_END""}]",REVIEW_1,NO,필드 안내 런타임 신고 및 0x4000/0x6000 전수 조사 반영.,PROVEN: scenario field/tutorial message; member_type=0x6000.
FIELD_RESOURCE_01080505_R00740000_M6000_0002,SCENARIO,field_resource_message,DATA/01080505.MDZ,DATA/01080505.MDT,0x00740000,01080505,474,0x006dc3ff,0x006dc3fa,21 08 12 00 61 69 48 66 69 7f 9b f1 5f f0 d6 f0 8a 92 08 21 0d ff 00,"<G0001>
<CTRL:12><CTRL:00><G0041>P・MPが全回復した
<G0001>","<G0001>
<CTRL:12><CTRL:00>HP·MP가 모두 회복됐다
<G0001>",41 08 12 00 61 69 48 66 69 6A 20 D2 AA 20 EC 20 F0 3B F8 92 08 41 0D FF 00,,"[{""offset"": -5, ""raw_hex"": ""80 0e 00 00 00"", ""kind"": ""MESSAGE_HEADER"", ""opcode"": 128, ""argument"": 0}, {""offset"": 1, ""raw_hex"": ""08"", ""kind"": ""LINE_BREAK""}, {""offset"": 2, ""raw_hex"": ""12"", ""kind"": ""UNKNOWN_CONTROL""}, {""offset"": 3, ""raw_hex"": ""00"", ""kind"": ""UNKNOWN_CONTROL""}, {""offset"": 18, ""raw_hex"": ""08"", ""kind"": ""LINE_BREAK""}, {""offset"": 20, ""raw_hex"": ""0d ff 00"", ""kind"": ""MESSAGE_END""}]",REVIEW_1,NO,필드 안내 런타임 신고 및 0x4000/0x6000 전수 조사 반영.,PROVEN: scenario field/tutorial message; member_type=0x6000.
FIELD_RESOURCE_01080701_R00740000_M6000_0001,SCENARIO,field_resource_message,DATA/01080701.MDZ,DATA/01080701.MDT,0x00740000,01080701,475,0x002c30bd,0x002c30b8,21 08 12 00 61 69 48 66 69 7f 9b f1 5f f0 d6 f0 8a 92 08 21 0d ff 00,"<G0001>
<CTRL:12><CTRL:00><G0041>P・MPが全回復した
<G0001>","<G0001>
<CTRL:12><CTRL:00>HP·MP 모두 회복
<G0001>",41 08 12 00 61 69 48 66 69 20 D2 AA 20 EC 20 F0 08 41 0D FF 00,,"[{""offset"": -5, ""raw_hex"": ""80 0e 00 00 00"", ""kind"": ""MESSAGE_HEADER"", ""opcode"": 128, ""argument"": 0}, {""offset"": 1, ""raw_hex"": ""08"", ""kind"": ""LINE_BREAK""}, {""offset"": 2, ""raw_hex"": ""12"", ""kind"": ""UNKNOWN_CONTROL""}, {""offset"": 3, ""raw_hex"": ""00"", ""kind"": ""UNKNOWN_CONTROL""}, {""offset"": 18, ""raw_hex"": ""08"", ""kind"": ""LINE_BREAK""}, {""offset"": 20, ""raw_hex"": ""0d ff 00"", ""kind"": ""MESSAGE_END""}]",REVIEW_1,NO,필드 안내 런타임 신고 및 0x4000/0x6000 전수 조사 반영.,PROVEN: scenario field/tutorial message; member_type=0x6000. | FIXED_STORAGE_SIZE=23
FIELD_RESOURCE_01080701_R00740000_M6000_0002,SCENARIO,field_resource_message,DATA/01080701.MDZ,DATA/01080701.MDT,0x00740000,01080701,476,0x002c318f,0x002c318a,21 08 12 00 61 69 48 66 69 7f 9b f1 5f f0 d6 f0 8a 92 08 21 0d ff 00,"<G0001>
<CTRL:12><CTRL:00><G0041>P・MPが全回復した
<G0001>","<G0001>
<CTRL:12><CTRL:00>HP·MP 모두 회복
<G0001>",41 08 12 00 61 69 48 66 69 20 D2 AA 20 EC 20 F0 08 41 0D FF 00,,"[{""offset"": -5, ""raw_hex"": ""80 0e 00 00 00"", ""kind"": ""MESSAGE_HEADER"", ""opcode"": 128, ""argument"": 0}, {""offset"": 1, ""raw_hex"": ""08"", ""kind"": ""LINE_BREAK""}, {""offset"": 2, ""raw_hex"": ""12"", ""kind"": ""UNKNOWN_CONTROL""}, {""offset"": 3, ""raw_hex"": ""00"", ""kind"": ""UNKNOWN_CONTROL""}, {""offset"": 18, ""raw_hex"": ""08"", ""kind"": ""LINE_BREAK""}, {""offset"": 20, ""raw_hex"": ""0d ff 00"", ""kind"": ""MESSAGE_END""}]",REVIEW_1,NO,필드 안내 런타임 신고 및 0x4000/0x6000 전수 조사 반영.,PROVEN: scenario field/tutorial message; member_type=0x6000. | FIXED_STORAGE_SIZE=23
FIELD_RESOURCE_01080801_R00740000_M6000_0001,SCENARIO,field_resource_message,DATA/01080801.MDZ,DATA/01080801.MDT,0x00740000,01080801,477,0x00446fbd,0x00446fb8,21 08 12 00 61 69 48 66 69 7f 9b f1 5f f0 d6 f0 8a 92 08 21 0d ff 00,"<G0001>
<CTRL:12><CTRL:00><G0041>P・MPが全回復した
<G0001>","<G0001>
<CTRL:12><CTRL:00>HP·MP 모두 회복
<G0001>",41 08 12 00 61 69 48 66 69 20 D2 AA 20 EC 20 F0 08 41 0D FF 00,,"[{""offset"": -5, ""raw_hex"": ""80 0e 00 00 00"", ""kind"": ""MESSAGE_HEADER"", ""opcode"": 128, ""argument"": 0}, {""offset"": 1, ""raw_hex"": ""08"", ""kind"": ""LINE_BREAK""}, {""offset"": 2, ""raw_hex"": ""12"", ""kind"": ""UNKNOWN_CONTROL""}, {""offset"": 3, ""raw_hex"": ""00"", ""kind"": ""UNKNOWN_CONTROL""}, {""offset"": 18, ""raw_hex"": ""08"", ""kind"": ""LINE_BREAK""}, {""offset"": 20, ""raw_hex"": ""0d ff 00"", ""kind"": ""MESSAGE_END""}]",REVIEW_1,NO,필드 안내 런타임 신고 및 0x4000/0x6000 전수 조사 반영.,PROVEN: scenario field/tutorial message; member_type=0x6000. | FIXED_STORAGE_SIZE=23
FIELD_RESOURCE_01080801_R00740000_M6000_0002,SCENARIO,field_resource_message,DATA/01080801.MDZ,DATA/01080801.MDT,0x00740000,01080801,478,0x0044708f,0x0044708a,21 08 12 00 61 69 48 66 69 7f 9b f1 5f f0 d6 f0 8a 92 08 21 0d ff 00,"<G0001>
<CTRL:12><CTRL:00><G0041>P・MPが全回復した
<G0001>","<G0001>
<CTRL:12><CTRL:00>HP·MP 모두 회복
<G0001>",41 08 12 00 61 69 48 66 69 20 D2 AA 20 EC 20 F0 08 41 0D FF 00,,"[{""offset"": -5, ""raw_hex"": ""80 0e 00 00 00"", ""kind"": ""MESSAGE_HEADER"", ""opcode"": 128, ""argument"": 0}, {""offset"": 1, ""raw_hex"": ""08"", ""kind"": ""LINE_BREAK""}, {""offset"": 2, ""raw_hex"": ""12"", ""kind"": ""UNKNOWN_CONTROL""}, {""offset"": 3, ""raw_hex"": ""00"", ""kind"": ""UNKNOWN_CONTROL""}, {""offset"": 18, ""raw_hex"": ""08"", ""kind"": ""LINE_BREAK""}, {""offset"": 20, ""raw_hex"": ""0d ff 00"", ""kind"": ""MESSAGE_END""}]",REVIEW_1,NO,필드 안내 런타임 신고 및 0x4000/0x6000 전수 조사 반영.,PROVEN: scenario field/tutorial message; member_type=0x6000. | FIXED_STORAGE_SIZE=23
FIELD_RESOURCE_01080901_R00740000_M6000_0001,SCENARIO,field_resource_message,DATA/01080901.MDZ,DATA/01080901.MDT,0x00740000,01080901,479,0x00a7412d,0x00a74128,21 08 12 00 61 69 48 66 69 7f 9b f1 5f f0 d6 f0 8a 92 08 21 0d ff 00,"<G0001>
<CTRL:12><CTRL:00><G0041>P・MPが全回復した
<G0001>","<G0001>
<CTRL:12><CTRL:00>HP·MP가 모두 회복됐다
<G0001>",41 08 12 00 61 69 48 66 69 6A 20 D2 AA 20 EC 20 F0 3B F8 92 08 41 0D FF 00,,"[{""offset"": -5, ""raw_hex"": ""80 0e 00 00 00"", ""kind"": ""MESSAGE_HEADER"", ""opcode"": 128, ""argument"": 0}, {""offset"": 1, ""raw_hex"": ""08"", ""kind"": ""LINE_BREAK""}, {""offset"": 2, ""raw_hex"": ""12"", ""kind"": ""UNKNOWN_CONTROL""}, {""offset"": 3, ""raw_hex"": ""00"", ""kind"": ""UNKNOWN_CONTROL""}, {""offset"": 18, ""raw_hex"": ""08"", ""kind"": ""LINE_BREAK""}, {""offset"": 20, ""raw_hex"": ""0d ff 00"", ""kind"": ""MESSAGE_END""}]",REVIEW_1,NO,필드 안내 런타임 신고 및 0x4000/0x6000 전수 조사 반영.,PROVEN: scenario field/tutorial message; member_type=0x6000.
FIELD_RESOURCE_01080901_R00740000_M6000_0002,SCENARIO,field_resource_message,DATA/01080901.MDZ,DATA/01080901.MDT,0x00740000,01080901,480,0x00a741ff,0x00a741fa,21 08 12 00 61 69 48 66 69 7f 9b f1 5f f0 d6 f0 8a 92 08 21 0d ff 00,"<G0001>
<CTRL:12><CTRL:00><G0041>P・MPが全回復した
<G0001>","<G0001>
<CTRL:12><CTRL:00>HP·MP가 모두 회복됐다
<G0001>",41 08 12 00 61 69 48 66 69 6A 20 D2 AA 20 EC 20 F0 3B F8 92 08 41 0D FF 00,,"[{""offset"": -5, ""raw_hex"": ""80 0e 00 00 00"", ""kind"": ""MESSAGE_HEADER"", ""opcode"": 128, ""argument"": 0}, {""offset"": 1, ""raw_hex"": ""08"", ""kind"": ""LINE_BREAK""}, {""offset"": 2, ""raw_hex"": ""12"", ""kind"": ""UNKNOWN_CONTROL""}, {""offset"": 3, ""raw_hex"": ""00"", ""kind"": ""UNKNOWN_CONTROL""}, {""offset"": 18, ""raw_hex"": ""08"", ""kind"": ""LINE_BREAK""}, {""offset"": 20, ""raw_hex"": ""0d ff 00"", ""kind"": ""MESSAGE_END""}]",REVIEW_1,NO,필드 안내 런타임 신고 및 0x4000/0x6000 전수 조사 반영.,PROVEN: scenario field/tutorial message; member_type=0x6000.
FIELD_RESOURCE_01081002_R00740000_M6000_0001,SCENARIO,field_resource_message,DATA/01081002.MDZ,DATA/01081002.MDT,0x00740000,01081002,481,0x008caaad,0x008caaa8,21 08 12 00 61 69 48 66 69 7f 9b f1 5f f0 d6 f0 8a 92 08 21 0d ff 00,"<G0001>
<CTRL:12><CTRL:00><G0041>P・MPが全回復した
<G0001>","<G0001>
<CTRL:12><CTRL:00>HP·MP가 모두 회복됐다
<G0001>",41 08 12 00 61 69 48 66 69 6A 20 D2 AA 20 EC 20 F0 3B F8 92 08 41 0D FF 00,,"[{""offset"": -5, ""raw_hex"": ""80 0e 00 00 00"", ""kind"": ""MESSAGE_HEADER"", ""opcode"": 128, ""argument"": 0}, {""offset"": 1, ""raw_hex"": ""08"", ""kind"": ""LINE_BREAK""}, {""offset"": 2, ""raw_hex"": ""12"", ""kind"": ""UNKNOWN_CONTROL""}, {""offset"": 3, ""raw_hex"": ""00"", ""kind"": ""UNKNOWN_CONTROL""}, {""offset"": 18, ""raw_hex"": ""08"", ""kind"": ""LINE_BREAK""}, {""offset"": 20, ""raw_hex"": ""0d ff 00"", ""kind"": ""MESSAGE_END""}]",REVIEW_1,NO,필드 안내 런타임 신고 및 0x4000/0x6000 전수 조사 반영.,PROVEN: scenario field/tutorial message; member_type=0x6000.
FIELD_RESOURCE_01081002_R00740000_M6000_0002,SCENARIO,field_resource_message,DATA/01081002.MDZ,DATA/01081002.MDT,0x00740000,01081002,482,0x008cab7f,0x008cab7a,21 08 12 00 61 69 48 66 69 7f 9b f1 5f f0 d6 f0 8a 92 08 21 0d ff 00,"<G0001>
<CTRL:12><CTRL:00><G0041>P・MPが全回復した
<G0001>","<G0001>
<CTRL:12><CTRL:00>HP·MP가 모두 회복됐다
<G0001>",41 08 12 00 61 69 48 66 69 6A 20 D2 AA 20 EC 20 F0 3B F8 92 08 41 0D FF 00,,"[{""offset"": -5, ""raw_hex"": ""80 0e 00 00 00"", ""kind"": ""MESSAGE_HEADER"", ""opcode"": 128, ""argument"": 0}, {""offset"": 1, ""raw_hex"": ""08"", ""kind"": ""LINE_BREAK""}, {""offset"": 2, ""raw_hex"": ""12"", ""kind"": ""UNKNOWN_CONTROL""}, {""offset"": 3, ""raw_hex"": ""00"", ""kind"": ""UNKNOWN_CONTROL""}, {""offset"": 18, ""raw_hex"": ""08"", ""kind"": ""LINE_BREAK""}, {""offset"": 20, ""raw_hex"": ""0d ff 00"", ""kind"": ""MESSAGE_END""}]",REVIEW_1,NO,필드 안내 런타임 신고 및 0x4000/0x6000 전수 조사 반영.,PROVEN: scenario field/tutorial message; member_type=0x6000.
FIELD_RESOURCE_01090401_R00740000_M6000_0001,SCENARIO,field_resource_message,DATA/01090401.MDZ,DATA/01090401.MDT,0x00740000,01090401,483,0x001b4ebd,0x001b4eb8,21 08 12 00 61 69 48 66 69 7f 9b f1 5f f0 d6 f0 8a 92 08 21 0d ff 00,"<G0001>
<CTRL:12><CTRL:00><G0041>P・MPが全回復した
<G0001>","<G0001>
<CTRL:12><CTRL:00>HP·MP가 모두 회복됐다
<G0001>",41 08 12 00 61 69 48 66 69 6A 20 D2 AA 20 EC 20 F0 3B F8 92 08 41 0D FF 00,,"[{""offset"": -5, ""raw_hex"": ""80 0e 00 00 00"", ""kind"": ""MESSAGE_HEADER"", ""opcode"": 128, ""argument"": 0}, {""offset"": 1, ""raw_hex"": ""08"", ""kind"": ""LINE_BREAK""}, {""offset"": 2, ""raw_hex"": ""12"", ""kind"": ""UNKNOWN_CONTROL""}, {""offset"": 3, ""raw_hex"": ""00"", ""kind"": ""UNKNOWN_CONTROL""}, {""offset"": 18, ""raw_hex"": ""08"", ""kind"": ""LINE_BREAK""}, {""offset"": 20, ""raw_hex"": ""0d ff 00"", ""kind"": ""MESSAGE_END""}]",REVIEW_1,NO,필드 안내 런타임 신고 및 0x4000/0x6000 전수 조사 반영.,PROVEN: scenario field/tutorial message; member_type=0x6000.
FIELD_RESOURCE_01090401_R00740000_M6000_0002,SCENARIO,field_resource_message,DATA/01090401.MDZ,DATA/01090401.MDT,0x00740000,01090401,484,0x001b4f8f,0x001b4f8a,21 08 12 00 61 69 48 66 69 7f 9b f1 5f f0 d6 f0 8a 92 08 21 0d ff 00,"<G0001>
<CTRL:12><CTRL:00><G0041>P・MPが全回復した
<G0001>","<G0001>
<CTRL:12><CTRL:00>HP·MP가 모두 회복됐다
<G0001>",41 08 12 00 61 69 48 66 69 6A 20 D2 AA 20 EC 20 F0 3B F8 92 08 41 0D FF 00,,"[{""offset"": -5, ""raw_hex"": ""80 0e 00 00 00"", ""kind"": ""MESSAGE_HEADER"", ""opcode"": 128, ""argument"": 0}, {""offset"": 1, ""raw_hex"": ""08"", ""kind"": ""LINE_BREAK""}, {""offset"": 2, ""raw_hex"": ""12"", ""kind"": ""UNKNOWN_CONTROL""}, {""offset"": 3, ""raw_hex"": ""00"", ""kind"": ""UNKNOWN_CONTROL""}, {""offset"": 18, ""raw_hex"": ""08"", ""kind"": ""LINE_BREAK""}, {""offset"": 20, ""raw_hex"": ""0d ff 00"", ""kind"": ""MESSAGE_END""}]",REVIEW_1,NO,필드 안내 런타임 신고 및 0x4000/0x6000 전수 조사 반영.,PROVEN: scenario field/tutorial message; member_type=0x6000.
FIELD_RESOURCE_01090701_R00740000_M6000_0001,SCENARIO,field_resource_message,DATA/01090701.MDZ,DATA/01090701.MDT,0x00740000,01090701,485,0x0099532d,0x00995328,21 08 12 00 61 69 48 66 69 7f 9b f1 5f f0 d6 f0 8a 92 08 21 0d ff 00,"<G0001>
<CTRL:12><CTRL:00><G0041>P・MPが全回復した
<G0001>","<G0001>
<CTRL:12><CTRL:00>HP·MP가 모두 회복됐다
<G0001>",41 08 12 00 61 69 48 66 69 6A 20 D2 AA 20 EC 20 F0 3B F8 92 08 41 0D FF 00,,"[{""offset"": -5, ""raw_hex"": ""80 0e 00 00 00"", ""kind"": ""MESSAGE_HEADER"", ""opcode"": 128, ""argument"": 0}, {""offset"": 1, ""raw_hex"": ""08"", ""kind"": ""LINE_BREAK""}, {""offset"": 2, ""raw_hex"": ""12"", ""kind"": ""UNKNOWN_CONTROL""}, {""offset"": 3, ""raw_hex"": ""00"", ""kind"": ""UNKNOWN_CONTROL""}, {""offset"": 18, ""raw_hex"": ""08"", ""kind"": ""LINE_BREAK""}, {""offset"": 20, ""raw_hex"": ""0d ff 00"", ""kind"": ""MESSAGE_END""}]",REVIEW_1,NO,필드 안내 런타임 신고 및 0x4000/0x6000 전수 조사 반영.,PROVEN: scenario field/tutorial message; member_type=0x6000.
FIELD_RESOURCE_01090701_R00740000_M6000_0002,SCENARIO,field_resource_message,DATA/01090701.MDZ,DATA/01090701.MDT,0x00740000,01090701,486,0x009953ff,0x009953fa,21 08 12 00 61 69 48 66 69 7f 9b f1 5f f0 d6 f0 8a 92 08 21 0d ff 00,"<G0001>
<CTRL:12><CTRL:00><G0041>P・MPが全回復した
<G0001>","<G0001>
<CTRL:12><CTRL:00>HP·MP가 모두 회복됐다
<G0001>",41 08 12 00 61 69 48 66 69 6A 20 D2 AA 20 EC 20 F0 3B F8 92 08 41 0D FF 00,,"[{""offset"": -5, ""raw_hex"": ""80 0e 00 00 00"", ""kind"": ""MESSAGE_HEADER"", ""opcode"": 128, ""argument"": 0}, {""offset"": 1, ""raw_hex"": ""08"", ""kind"": ""LINE_BREAK""}, {""offset"": 2, ""raw_hex"": ""12"", ""kind"": ""UNKNOWN_CONTROL""}, {""offset"": 3, ""raw_hex"": ""00"", ""kind"": ""UNKNOWN_CONTROL""}, {""offset"": 18, ""raw_hex"": ""08"", ""kind"": ""LINE_BREAK""}, {""offset"": 20, ""raw_hex"": ""0d ff 00"", ""kind"": ""MESSAGE_END""}]",REVIEW_1,NO,필드 안내 런타임 신고 및 0x4000/0x6000 전수 조사 반영.,PROVEN: scenario field/tutorial message; member_type=0x6000.
FIELD_RESOURCE_01090702_R00740000_M6000_0001,SCENARIO,field_resource_message,DATA/01090702.MDZ,DATA/01090702.MDT,0x00740000,01090702,487,0x0082ed2d,0x0082ed28,21 08 12 00 61 69 48 66 69 7f 9b f1 5f f0 d6 f0 8a 92 08 21 0d ff 00,"<G0001>
<CTRL:12><CTRL:00><G0041>P・MPが全回復した
<G0001>","<G0001>
<CTRL:12><CTRL:00>HP·MP가 모두 회복됐다
<G0001>",41 08 12 00 61 69 48 66 69 6A 20 D2 AA 20 EC 20 F0 3B F8 92 08 41 0D FF 00,,"[{""offset"": -5, ""raw_hex"": ""80 0e 00 00 00"", ""kind"": ""MESSAGE_HEADER"", ""opcode"": 128, ""argument"": 0}, {""offset"": 1, ""raw_hex"": ""08"", ""kind"": ""LINE_BREAK""}, {""offset"": 2, ""raw_hex"": ""12"", ""kind"": ""UNKNOWN_CONTROL""}, {""offset"": 3, ""raw_hex"": ""00"", ""kind"": ""UNKNOWN_CONTROL""}, {""offset"": 18, ""raw_hex"": ""08"", ""kind"": ""LINE_BREAK""}, {""offset"": 20, ""raw_hex"": ""0d ff 00"", ""kind"": ""MESSAGE_END""}]",REVIEW_1,NO,필드 안내 런타임 신고 및 0x4000/0x6000 전수 조사 반영.,PROVEN: scenario field/tutorial message; member_type=0x6000.
FIELD_RESOURCE_01090702_R00740000_M6000_0002,SCENARIO,field_resource_message,DATA/01090702.MDZ,DATA/01090702.MDT,0x00740000,01090702,488,0x0082edff,0x0082edfa,21 08 12 00 61 69 48 66 69 7f 9b f1 5f f0 d6 f0 8a 92 08 21 0d ff 00,"<G0001>
<CTRL:12><CTRL:00><G0041>P・MPが全回復した
<G0001>","<G0001>
<CTRL:12><CTRL:00>HP·MP가 모두 회복됐다
<G0001>",41 08 12 00 61 69 48 66 69 6A 20 D2 AA 20 EC 20 F0 3B F8 92 08 41 0D FF 00,,"[{""offset"": -5, ""raw_hex"": ""80 0e 00 00 00"", ""kind"": ""MESSAGE_HEADER"", ""opcode"": 128, ""argument"": 0}, {""offset"": 1, ""raw_hex"": ""08"", ""kind"": ""LINE_BREAK""}, {""offset"": 2, ""raw_hex"": ""12"", ""kind"": ""UNKNOWN_CONTROL""}, {""offset"": 3, ""raw_hex"": ""00"", ""kind"": ""UNKNOWN_CONTROL""}, {""offset"": 18, ""raw_hex"": ""08"", ""kind"": ""LINE_BREAK""}, {""offset"": 20, ""raw_hex"": ""0d ff 00"", ""kind"": ""MESSAGE_END""}]",REVIEW_1,NO,필드 안내 런타임 신고 및 0x4000/0x6000 전수 조사 반영.,PROVEN: scenario field/tutorial message; member_type=0x6000.
FIELD_RESOURCE_01090901_R00740000_M6000_0001,SCENARIO,field_resource_message,DATA/01090901.MDZ,DATA/01090901.MDT,0x00740000,01090901,489,0x00566ead,0x00566ea8,21 08 12 00 61 69 48 66 69 7f 9b f1 5f f0 d6 f0 8a 92 08 21 0d ff 00,"<G0001>
<CTRL:12><CTRL:00><G0041>P・MPが全回復した
<G0001>","<G0001>
<CTRL:12><CTRL:00>HP·MP가 모두 회복됐다
<G0001>",41 08 12 00 61 69 48 66 69 6A 20 D2 AA 20 EC 20 F0 3B F8 92 08 41 0D FF 00,,"[{""offset"": -5, ""raw_hex"": ""80 0e 00 00 00"", ""kind"": ""MESSAGE_HEADER"", ""opcode"": 128, ""argument"": 0}, {""offset"": 1, ""raw_hex"": ""08"", ""kind"": ""LINE_BREAK""}, {""offset"": 2, ""raw_hex"": ""12"", ""kind"": ""UNKNOWN_CONTROL""}, {""offset"": 3, ""raw_hex"": ""00"", ""kind"": ""UNKNOWN_CONTROL""}, {""offset"": 18, ""raw_hex"": ""08"", ""kind"": ""LINE_BREAK""}, {""offset"": 20, ""raw_hex"": ""0d ff 00"", ""kind"": ""MESSAGE_END""}]",REVIEW_1,NO,필드 안내 런타임 신고 및 0x4000/0x6000 전수 조사 반영.,PROVEN: scenario field/tutorial message; member_type=0x6000.
FIELD_RESOURCE_01090901_R00740000_M6000_0002,SCENARIO,field_resource_message,DATA/01090901.MDZ,DATA/01090901.MDT,0x00740000,01090901,490,0x00566f7f,0x00566f7a,21 08 12 00 61 69 48 66 69 7f 9b f1 5f f0 d6 f0 8a 92 08 21 0d ff 00,"<G0001>
<CTRL:12><CTRL:00><G0041>P・MPが全回復した
<G0001>","<G0001>
<CTRL:12><CTRL:00>HP·MP가 모두 회복됐다
<G0001>",41 08 12 00 61 69 48 66 69 6A 20 D2 AA 20 EC 20 F0 3B F8 92 08 41 0D FF 00,,"[{""offset"": -5, ""raw_hex"": ""80 0e 00 00 00"", ""kind"": ""MESSAGE_HEADER"", ""opcode"": 128, ""argument"": 0}, {""offset"": 1, ""raw_hex"": ""08"", ""kind"": ""LINE_BREAK""}, {""offset"": 2, ""raw_hex"": ""12"", ""kind"": ""UNKNOWN_CONTROL""}, {""offset"": 3, ""raw_hex"": ""00"", ""kind"": ""UNKNOWN_CONTROL""}, {""offset"": 18, ""raw_hex"": ""08"", ""kind"": ""LINE_BREAK""}, {""offset"": 20, ""raw_hex"": ""0d ff 00"", ""kind"": ""MESSAGE_END""}]",REVIEW_1,NO,필드 안내 런타임 신고 및 0x4000/0x6000 전수 조사 반영.,PROVEN: scenario field/tutorial message; member_type=0x6000.
FIELD_RESOURCE_01091001_R00740000_M6000_0001,SCENARIO,field_resource_message,DATA/01091001.MDZ,DATA/01091001.MDT,0x00740000,01091001,491,0x00467b2d,0x00467b28,21 08 12 00 61 69 48 66 69 7f 9b f1 5f f0 d6 f0 8a 92 08 21 0d ff 00,"<G0001>
<CTRL:12><CTRL:00><G0041>P・MPが全回復した
<G0001>","<G0001>
<CTRL:12><CTRL:00>HP·MP가 모두 회복됐다
<G0001>",41 08 12 00 61 69 48 66 69 6A 20 D2 AA 20 EC 20 F0 3B F8 92 08 41 0D FF 00,,"[{""offset"": -5, ""raw_hex"": ""80 0e 00 00 00"", ""kind"": ""MESSAGE_HEADER"", ""opcode"": 128, ""argument"": 0}, {""offset"": 1, ""raw_hex"": ""08"", ""kind"": ""LINE_BREAK""}, {""offset"": 2, ""raw_hex"": ""12"", ""kind"": ""UNKNOWN_CONTROL""}, {""offset"": 3, ""raw_hex"": ""00"", ""kind"": ""UNKNOWN_CONTROL""}, {""offset"": 18, ""raw_hex"": ""08"", ""kind"": ""LINE_BREAK""}, {""offset"": 20, ""raw_hex"": ""0d ff 00"", ""kind"": ""MESSAGE_END""}]",REVIEW_1,NO,필드 안내 런타임 신고 및 0x4000/0x6000 전수 조사 반영.,PROVEN: scenario field/tutorial message; member_type=0x6000.
FIELD_RESOURCE_01091001_R00740000_M6000_0002,SCENARIO,field_resource_message,DATA/01091001.MDZ,DATA/01091001.MDT,0x00740000,01091001,492,0x00467bff,0x00467bfa,21 08 12 00 61 69 48 66 69 7f 9b f1 5f f0 d6 f0 8a 92 08 21 0d ff 00,"<G0001>
<CTRL:12><CTRL:00><G0041>P・MPが全回復した
<G0001>","<G0001>
<CTRL:12><CTRL:00>HP·MP가 모두 회복됐다
<G0001>",41 08 12 00 61 69 48 66 69 6A 20 D2 AA 20 EC 20 F0 3B F8 92 08 41 0D FF 00,,"[{""offset"": -5, ""raw_hex"": ""80 0e 00 00 00"", ""kind"": ""MESSAGE_HEADER"", ""opcode"": 128, ""argument"": 0}, {""offset"": 1, ""raw_hex"": ""08"", ""kind"": ""LINE_BREAK""}, {""offset"": 2, ""raw_hex"": ""12"", ""kind"": ""UNKNOWN_CONTROL""}, {""offset"": 3, ""raw_hex"": ""00"", ""kind"": ""UNKNOWN_CONTROL""}, {""offset"": 18, ""raw_hex"": ""08"", ""kind"": ""LINE_BREAK""}, {""offset"": 20, ""raw_hex"": ""0d ff 00"", ""kind"": ""MESSAGE_END""}]",REVIEW_1,NO,필드 안내 런타임 신고 및 0x4000/0x6000 전수 조사 반영.,PROVEN: scenario field/tutorial message; member_type=0x6000.
FIELD_RESOURCE_01100101_R00740000_M6000_0001,SCENARIO,field_resource_message,DATA/01100101.MDZ,DATA/01100101.MDT,0x00740000,01100101,493,0x00941dad,0x00941da8,21 08 12 00 61 69 48 66 69 7f 9b f1 5f f0 d6 f0 8a 92 08 21 0d ff 00,"<G0001>
<CTRL:12><CTRL:00><G0041>P・MPが全回復した
<G0001>","<G0001>
<CTRL:12><CTRL:00>HP·MP가 모두 회복됐다
<G0001>",41 08 12 00 61 69 48 66 69 6A 20 D2 AA 20 EC 20 F0 3B F8 92 08 41 0D FF 00,,"[{""offset"": -5, ""raw_hex"": ""80 0e 00 00 00"", ""kind"": ""MESSAGE_HEADER"", ""opcode"": 128, ""argument"": 0}, {""offset"": 1, ""raw_hex"": ""08"", ""kind"": ""LINE_BREAK""}, {""offset"": 2, ""raw_hex"": ""12"", ""kind"": ""UNKNOWN_CONTROL""}, {""offset"": 3, ""raw_hex"": ""00"", ""kind"": ""UNKNOWN_CONTROL""}, {""offset"": 18, ""raw_hex"": ""08"", ""kind"": ""LINE_BREAK""}, {""offset"": 20, ""raw_hex"": ""0d ff 00"", ""kind"": ""MESSAGE_END""}]",REVIEW_1,NO,필드 안내 런타임 신고 및 0x4000/0x6000 전수 조사 반영.,PROVEN: scenario field/tutorial message; member_type=0x6000.
FIELD_RESOURCE_01100101_R00740000_M6000_0002,SCENARIO,field_resource_message,DATA/01100101.MDZ,DATA/01100101.MDT,0x00740000,01100101,494,0x00941e7f,0x00941e7a,21 08 12 00 61 69 48 66 69 7f 9b f1 5f f0 d6 f0 8a 92 08 21 0d ff 00,"<G0001>
<CTRL:12><CTRL:00><G0041>P・MPが全回復した
<G0001>","<G0001>
<CTRL:12><CTRL:00>HP·MP가 모두 회복됐다
<G0001>",41 08 12 00 61 69 48 66 69 6A 20 D2 AA 20 EC 20 F0 3B F8 92 08 41 0D FF 00,,"[{""offset"": -5, ""raw_hex"": ""80 0e 00 00 00"", ""kind"": ""MESSAGE_HEADER"", ""opcode"": 128, ""argument"": 0}, {""offset"": 1, ""raw_hex"": ""08"", ""kind"": ""LINE_BREAK""}, {""offset"": 2, ""raw_hex"": ""12"", ""kind"": ""UNKNOWN_CONTROL""}, {""offset"": 3, ""raw_hex"": ""00"", ""kind"": ""UNKNOWN_CONTROL""}, {""offset"": 18, ""raw_hex"": ""08"", ""kind"": ""LINE_BREAK""}, {""offset"": 20, ""raw_hex"": ""0d ff 00"", ""kind"": ""MESSAGE_END""}]",REVIEW_1,NO,필드 안내 런타임 신고 및 0x4000/0x6000 전수 조사 반영.,PROVEN: scenario field/tutorial message; member_type=0x6000.
FIELD_RESOURCE_01100301_R00740000_M6000_0001,SCENARIO,field_resource_message,DATA/01100301.MDZ,DATA/01100301.MDT,0x00740000,01100301,495,0x0058532d,0x00585328,21 08 12 00 61 69 48 66 69 7f 9b f1 5f f0 d6 f0 8a 92 08 21 0d ff 00,"<G0001>
<CTRL:12><CTRL:00><G0041>P・MPが全回復した
<G0001>","<G0001>
<CTRL:12><CTRL:00>HP·MP가 모두 회복됐다
<G0001>",41 08 12 00 61 69 48 66 69 6A 20 D2 AA 20 EC 20 F0 3B F8 92 08 41 0D FF 00,,"[{""offset"": -5, ""raw_hex"": ""80 0e 00 00 00"", ""kind"": ""MESSAGE_HEADER"", ""opcode"": 128, ""argument"": 0}, {""offset"": 1, ""raw_hex"": ""08"", ""kind"": ""LINE_BREAK""}, {""offset"": 2, ""raw_hex"": ""12"", ""kind"": ""UNKNOWN_CONTROL""}, {""offset"": 3, ""raw_hex"": ""00"", ""kind"": ""UNKNOWN_CONTROL""}, {""offset"": 18, ""raw_hex"": ""08"", ""kind"": ""LINE_BREAK""}, {""offset"": 20, ""raw_hex"": ""0d ff 00"", ""kind"": ""MESSAGE_END""}]",REVIEW_1,NO,필드 안내 런타임 신고 및 0x4000/0x6000 전수 조사 반영.,PROVEN: scenario field/tutorial message; member_type=0x6000.
FIELD_RESOURCE_01100301_R00740000_M6000_0002,SCENARIO,field_resource_message,DATA/01100301.MDZ,DATA/01100301.MDT,0x00740000,01100301,496,0x005853ff,0x005853fa,21 08 12 00 61 69 48 66 69 7f 9b f1 5f f0 d6 f0 8a 92 08 21 0d ff 00,"<G0001>
<CTRL:12><CTRL:00><G0041>P・MPが全回復した
<G0001>","<G0001>
<CTRL:12><CTRL:00>HP·MP가 모두 회복됐다
<G0001>",41 08 12 00 61 69 48 66 69 6A 20 D2 AA 20 EC 20 F0 3B F8 92 08 41 0D FF 00,,"[{""offset"": -5, ""raw_hex"": ""80 0e 00 00 00"", ""kind"": ""MESSAGE_HEADER"", ""opcode"": 128, ""argument"": 0}, {""offset"": 1, ""raw_hex"": ""08"", ""kind"": ""LINE_BREAK""}, {""offset"": 2, ""raw_hex"": ""12"", ""kind"": ""UNKNOWN_CONTROL""}, {""offset"": 3, ""raw_hex"": ""00"", ""kind"": ""UNKNOWN_CONTROL""}, {""offset"": 18, ""raw_hex"": ""08"", ""kind"": ""LINE_BREAK""}, {""offset"": 20, ""raw_hex"": ""0d ff 00"", ""kind"": ""MESSAGE_END""}]",REVIEW_1,NO,필드 안내 런타임 신고 및 0x4000/0x6000 전수 조사 반영.,PROVEN: scenario field/tutorial message; member_type=0x6000.
FIELD_RESOURCE_01100401_R00740000_M6000_0001,SCENARIO,field_resource_message,DATA/01100401.MDZ,DATA/01100401.MDT,0x00740000,01100401,497,0x0054c22d,0x0054c228,21 08 12 00 61 69 48 66 69 7f 9b f1 5f f0 d6 f0 8a 92 08 21 0d ff 00,"<G0001>
<CTRL:12><CTRL:00><G0041>P・MPが全回復した
<G0001>","<G0001>
<CTRL:12><CTRL:00>HP·MP가 모두 회복됐다
<G0001>",41 08 12 00 61 69 48 66 69 6A 20 D2 AA 20 EC 20 F0 3B F8 92 08 41 0D FF 00,,"[{""offset"": -5, ""raw_hex"": ""80 0e 00 00 00"", ""kind"": ""MESSAGE_HEADER"", ""opcode"": 128, ""argument"": 0}, {""offset"": 1, ""raw_hex"": ""08"", ""kind"": ""LINE_BREAK""}, {""offset"": 2, ""raw_hex"": ""12"", ""kind"": ""UNKNOWN_CONTROL""}, {""offset"": 3, ""raw_hex"": ""00"", ""kind"": ""UNKNOWN_CONTROL""}, {""offset"": 18, ""raw_hex"": ""08"", ""kind"": ""LINE_BREAK""}, {""offset"": 20, ""raw_hex"": ""0d ff 00"", ""kind"": ""MESSAGE_END""}]",REVIEW_1,NO,필드 안내 런타임 신고 및 0x4000/0x6000 전수 조사 반영.,PROVEN: scenario field/tutorial message; member_type=0x6000.
FIELD_RESOURCE_01100401_R00740000_M6000_0002,SCENARIO,field_resource_message,DATA/01100401.MDZ,DATA/01100401.MDT,0x00740000,01100401,498,0x0054c2ff,0x0054c2fa,21 08 12 00 61 69 48 66 69 7f 9b f1 5f f0 d6 f0 8a 92 08 21 0d ff 00,"<G0001>
<CTRL:12><CTRL:00><G0041>P・MPが全回復した
<G0001>","<G0001>
<CTRL:12><CTRL:00>HP·MP가 모두 회복됐다
<G0001>",41 08 12 00 61 69 48 66 69 6A 20 D2 AA 20 EC 20 F0 3B F8 92 08 41 0D FF 00,,"[{""offset"": -5, ""raw_hex"": ""80 0e 00 00 00"", ""kind"": ""MESSAGE_HEADER"", ""opcode"": 128, ""argument"": 0}, {""offset"": 1, ""raw_hex"": ""08"", ""kind"": ""LINE_BREAK""}, {""offset"": 2, ""raw_hex"": ""12"", ""kind"": ""UNKNOWN_CONTROL""}, {""offset"": 3, ""raw_hex"": ""00"", ""kind"": ""UNKNOWN_CONTROL""}, {""offset"": 18, ""raw_hex"": ""08"", ""kind"": ""LINE_BREAK""}, {""offset"": 20, ""raw_hex"": ""0d ff 00"", ""kind"": ""MESSAGE_END""}]",REVIEW_1,NO,필드 안내 런타임 신고 및 0x4000/0x6000 전수 조사 반영.,PROVEN: scenario field/tutorial message; member_type=0x6000.
FIELD_RESOURCE_01100501_R00740000_M6000_0001,SCENARIO,field_resource_message,DATA/01100501.MDZ,DATA/01100501.MDT,0x00740000,01100501,499,0x0073b32d,0x0073b328,21 08 12 00 61 69 48 66 69 7f 9b f1 5f f0 d6 f0 8a 92 08 21 0d ff 00,"<G0001>
<CTRL:12><CTRL:00><G0041>P・MPが全回復した
<G0001>","<G0001>
<CTRL:12><CTRL:00>HP·MP가 모두 회복됐다
<G0001>",41 08 12 00 61 69 48 66 69 6A 20 D2 AA 20 EC 20 F0 3B F8 92 08 41 0D FF 00,,"[{""offset"": -5, ""raw_hex"": ""80 0e 00 00 00"", ""kind"": ""MESSAGE_HEADER"", ""opcode"": 128, ""argument"": 0}, {""offset"": 1, ""raw_hex"": ""08"", ""kind"": ""LINE_BREAK""}, {""offset"": 2, ""raw_hex"": ""12"", ""kind"": ""UNKNOWN_CONTROL""}, {""offset"": 3, ""raw_hex"": ""00"", ""kind"": ""UNKNOWN_CONTROL""}, {""offset"": 18, ""raw_hex"": ""08"", ""kind"": ""LINE_BREAK""}, {""offset"": 20, ""raw_hex"": ""0d ff 00"", ""kind"": ""MESSAGE_END""}]",REVIEW_1,NO,필드 안내 런타임 신고 및 0x4000/0x6000 전수 조사 반영.,PROVEN: scenario field/tutorial message; member_type=0x6000.
FIELD_RESOURCE_01100501_R00740000_M6000_0002,SCENARIO,field_resource_message,DATA/01100501.MDZ,DATA/01100501.MDT,0x00740000,01100501,500,0x0073b3ff,0x0073b3fa,21 08 12 00 61 69 48 66 69 7f 9b f1 5f f0 d6 f0 8a 92 08 21 0d ff 00,"<G0001>
<CTRL:12><CTRL:00><G0041>P・MPが全回復した
<G0001>","<G0001>
<CTRL:12><CTRL:00>HP·MP가 모두 회복됐다
<G0001>",41 08 12 00 61 69 48 66 69 6A 20 D2 AA 20 EC 20 F0 3B F8 92 08 41 0D FF 00,,"[{""offset"": -5, ""raw_hex"": ""80 0e 00 00 00"", ""kind"": ""MESSAGE_HEADER"", ""opcode"": 128, ""argument"": 0}, {""offset"": 1, ""raw_hex"": ""08"", ""kind"": ""LINE_BREAK""}, {""offset"": 2, ""raw_hex"": ""12"", ""kind"": ""UNKNOWN_CONTROL""}, {""offset"": 3, ""raw_hex"": ""00"", ""kind"": ""UNKNOWN_CONTROL""}, {""offset"": 18, ""raw_hex"": ""08"", ""kind"": ""LINE_BREAK""}, {""offset"": 20, ""raw_hex"": ""0d ff 00"", ""kind"": ""MESSAGE_END""}]",REVIEW_1,NO,필드 안내 런타임 신고 및 0x4000/0x6000 전수 조사 반영.,PROVEN: scenario field/tutorial message; member_type=0x6000.
FIELD_RESOURCE_01110401_R00740000_M6000_0001,SCENARIO,field_resource_message,DATA/01110401.MDZ,DATA/01110401.MDT,0x00740000,01110401,501,0x0059282d,0x00592828,21 08 12 00 61 69 48 66 69 7f 9b f1 5f f0 d6 f0 8a 92 08 21 0d ff 00,"<G0001>
<CTRL:12><CTRL:00><G0041>P・MPが全回復した
<G0001>","<G0001>
<CTRL:12><CTRL:00>HP·MP가 모두 회복됐다
<G0001>",41 08 12 00 61 69 48 66 69 6A 20 D2 AA 20 EC 20 F0 3B F8 92 08 41 0D FF 00,,"[{""offset"": -5, ""raw_hex"": ""80 0e 00 00 00"", ""kind"": ""MESSAGE_HEADER"", ""opcode"": 128, ""argument"": 0}, {""offset"": 1, ""raw_hex"": ""08"", ""kind"": ""LINE_BREAK""}, {""offset"": 2, ""raw_hex"": ""12"", ""kind"": ""UNKNOWN_CONTROL""}, {""offset"": 3, ""raw_hex"": ""00"", ""kind"": ""UNKNOWN_CONTROL""}, {""offset"": 18, ""raw_hex"": ""08"", ""kind"": ""LINE_BREAK""}, {""offset"": 20, ""raw_hex"": ""0d ff 00"", ""kind"": ""MESSAGE_END""}]",REVIEW_1,NO,필드 안내 런타임 신고 및 0x4000/0x6000 전수 조사 반영.,PROVEN: scenario field/tutorial message; member_type=0x6000.
FIELD_RESOURCE_01110401_R00740000_M6000_0002,SCENARIO,field_resource_message,DATA/01110401.MDZ,DATA/01110401.MDT,0x00740000,01110401,502,0x005928ff,0x005928fa,21 08 12 00 61 69 48 66 69 7f 9b f1 5f f0 d6 f0 8a 92 08 21 0d ff 00,"<G0001>
<CTRL:12><CTRL:00><G0041>P・MPが全回復した
<G0001>","<G0001>
<CTRL:12><CTRL:00>HP·MP가 모두 회복됐다
<G0001>",41 08 12 00 61 69 48 66 69 6A 20 D2 AA 20 EC 20 F0 3B F8 92 08 41 0D FF 00,,"[{""offset"": -5, ""raw_hex"": ""80 0e 00 00 00"", ""kind"": ""MESSAGE_HEADER"", ""opcode"": 128, ""argument"": 0}, {""offset"": 1, ""raw_hex"": ""08"", ""kind"": ""LINE_BREAK""}, {""offset"": 2, ""raw_hex"": ""12"", ""kind"": ""UNKNOWN_CONTROL""}, {""offset"": 3, ""raw_hex"": ""00"", ""kind"": ""UNKNOWN_CONTROL""}, {""offset"": 18, ""raw_hex"": ""08"", ""kind"": ""LINE_BREAK""}, {""offset"": 20, ""raw_hex"": ""0d ff 00"", ""kind"": ""MESSAGE_END""}]",REVIEW_1,NO,필드 안내 런타임 신고 및 0x4000/0x6000 전수 조사 반영.,PROVEN: scenario field/tutorial message; member_type=0x6000.
FIELD_RESOURCE_01110701_R00740000_M6000_0001,SCENARIO,field_resource_message,DATA/01110701.MDZ,DATA/01110701.MDT,0x00740000,01110701,503,0x00682a2d,0x00682a28,21 08 12 00 61 69 48 66 69 7f 9b f1 5f f0 d6 f0 8a 92 08 21 0d ff 00,"<G0001>
<CTRL:12><CTRL:00><G0041>P・MPが全回復した
<G0001>","<G0001>
<CTRL:12><CTRL:00>HP·MP가 모두 회복됐다
<G0001>",41 08 12 00 61 69 48 66 69 6A 20 D2 AA 20 EC 20 F0 3B F8 92 08 41 0D FF 00,,"[{""offset"": -5, ""raw_hex"": ""80 0e 00 00 00"", ""kind"": ""MESSAGE_HEADER"", ""opcode"": 128, ""argument"": 0}, {""offset"": 1, ""raw_hex"": ""08"", ""kind"": ""LINE_BREAK""}, {""offset"": 2, ""raw_hex"": ""12"", ""kind"": ""UNKNOWN_CONTROL""}, {""offset"": 3, ""raw_hex"": ""00"", ""kind"": ""UNKNOWN_CONTROL""}, {""offset"": 18, ""raw_hex"": ""08"", ""kind"": ""LINE_BREAK""}, {""offset"": 20, ""raw_hex"": ""0d ff 00"", ""kind"": ""MESSAGE_END""}]",REVIEW_1,NO,필드 안내 런타임 신고 및 0x4000/0x6000 전수 조사 반영.,PROVEN: scenario field/tutorial message; member_type=0x6000.
FIELD_RESOURCE_01110701_R00740000_M6000_0002,SCENARIO,field_resource_message,DATA/01110701.MDZ,DATA/01110701.MDT,0x00740000,01110701,504,0x00682aff,0x00682afa,21 08 12 00 61 69 48 66 69 7f 9b f1 5f f0 d6 f0 8a 92 08 21 0d ff 00,"<G0001>
<CTRL:12><CTRL:00><G0041>P・MPが全回復した
<G0001>","<G0001>
<CTRL:12><CTRL:00>HP·MP가 모두 회복됐다
<G0001>",41 08 12 00 61 69 48 66 69 6A 20 D2 AA 20 EC 20 F0 3B F8 92 08 41 0D FF 00,,"[{""offset"": -5, ""raw_hex"": ""80 0e 00 00 00"", ""kind"": ""MESSAGE_HEADER"", ""opcode"": 128, ""argument"": 0}, {""offset"": 1, ""raw_hex"": ""08"", ""kind"": ""LINE_BREAK""}, {""offset"": 2, ""raw_hex"": ""12"", ""kind"": ""UNKNOWN_CONTROL""}, {""offset"": 3, ""raw_hex"": ""00"", ""kind"": ""UNKNOWN_CONTROL""}, {""offset"": 18, ""raw_hex"": ""08"", ""kind"": ""LINE_BREAK""}, {""offset"": 20, ""raw_hex"": ""0d ff 00"", ""kind"": ""MESSAGE_END""}]",REVIEW_1,NO,필드 안내 런타임 신고 및 0x4000/0x6000 전수 조사 반영.,PROVEN: scenario field/tutorial message; member_type=0x6000.
FIELD_RESOURCE_01110801_R00740000_M6000_0001,SCENARIO,field_resource_message,DATA/01110801.MDZ,DATA/01110801.MDT,0x00740000,01110801,505,0x0099b02d,0x0099b028,21 08 12 00 61 69 48 66 69 7f 9b f1 5f f0 d6 f0 8a 92 08 21 0d ff 00,"<G0001>
<CTRL:12><CTRL:00><G0041>P・MPが全回復した
<G0001>","<G0001>
<CTRL:12><CTRL:00>HP·MP가 모두 회복됐다
<G0001>",41 08 12 00 61 69 48 66 69 6A 20 D2 AA 20 EC 20 F0 3B F8 92 08 41 0D FF 00,,"[{""offset"": -5, ""raw_hex"": ""80 0e 00 00 00"", ""kind"": ""MESSAGE_HEADER"", ""opcode"": 128, ""argument"": 0}, {""offset"": 1, ""raw_hex"": ""08"", ""kind"": ""LINE_BREAK""}, {""offset"": 2, ""raw_hex"": ""12"", ""kind"": ""UNKNOWN_CONTROL""}, {""offset"": 3, ""raw_hex"": ""00"", ""kind"": ""UNKNOWN_CONTROL""}, {""offset"": 18, ""raw_hex"": ""08"", ""kind"": ""LINE_BREAK""}, {""offset"": 20, ""raw_hex"": ""0d ff 00"", ""kind"": ""MESSAGE_END""}]",REVIEW_1,NO,필드 안내 런타임 신고 및 0x4000/0x6000 전수 조사 반영.,PROVEN: scenario field/tutorial message; member_type=0x6000.
FIELD_RESOURCE_01110801_R00740000_M6000_0002,SCENARIO,field_resource_message,DATA/01110801.MDZ,DATA/01110801.MDT,0x00740000,01110801,506,0x0099b0ff,0x0099b0fa,21 08 12 00 61 69 48 66 69 7f 9b f1 5f f0 d6 f0 8a 92 08 21 0d ff 00,"<G0001>
<CTRL:12><CTRL:00><G0041>P・MPが全回復した
<G0001>","<G0001>
<CTRL:12><CTRL:00>HP·MP가 모두 회복됐다
<G0001>",41 08 12 00 61 69 48 66 69 6A 20 D2 AA 20 EC 20 F0 3B F8 92 08 41 0D FF 00,,"[{""offset"": -5, ""raw_hex"": ""80 0e 00 00 00"", ""kind"": ""MESSAGE_HEADER"", ""opcode"": 128, ""argument"": 0}, {""offset"": 1, ""raw_hex"": ""08"", ""kind"": ""LINE_BREAK""}, {""offset"": 2, ""raw_hex"": ""12"", ""kind"": ""UNKNOWN_CONTROL""}, {""offset"": 3, ""raw_hex"": ""00"", ""kind"": ""UNKNOWN_CONTROL""}, {""offset"": 18, ""raw_hex"": ""08"", ""kind"": ""LINE_BREAK""}, {""offset"": 20, ""raw_hex"": ""0d ff 00"", ""kind"": ""MESSAGE_END""}]",REVIEW_1,NO,필드 안내 런타임 신고 및 0x4000/0x6000 전수 조사 반영.,PROVEN: scenario field/tutorial message; member_type=0x6000.
FIELD_RESOURCE_01110802_R00740000_M6000_0001,SCENARIO,field_resource_message,DATA/01110802.MDZ,DATA/01110802.MDT,0x00740000,01110802,507,0x00293e2d,0x00293e28,21 08 12 00 61 69 48 66 69 7f 9b f1 5f f0 d6 f0 8a 92 08 21 0d ff 00,"<G0001>
<CTRL:12><CTRL:00><G0041>P・MPが全回復した
<G0001>","<G0001>
<CTRL:12><CTRL:00>HP·MP가 모두 회복됐다
<G0001>",41 08 12 00 61 69 48 66 69 6A 20 D2 AA 20 EC 20 F0 3B F8 92 08 41 0D FF 00,,"[{""offset"": -5, ""raw_hex"": ""80 0e 00 00 00"", ""kind"": ""MESSAGE_HEADER"", ""opcode"": 128, ""argument"": 0}, {""offset"": 1, ""raw_hex"": ""08"", ""kind"": ""LINE_BREAK""}, {""offset"": 2, ""raw_hex"": ""12"", ""kind"": ""UNKNOWN_CONTROL""}, {""offset"": 3, ""raw_hex"": ""00"", ""kind"": ""UNKNOWN_CONTROL""}, {""offset"": 18, ""raw_hex"": ""08"", ""kind"": ""LINE_BREAK""}, {""offset"": 20, ""raw_hex"": ""0d ff 00"", ""kind"": ""MESSAGE_END""}]",REVIEW_1,NO,필드 안내 런타임 신고 및 0x4000/0x6000 전수 조사 반영.,PROVEN: scenario field/tutorial message; member_type=0x6000.
FIELD_RESOURCE_01110802_R00740000_M6000_0002,SCENARIO,field_resource_message,DATA/01110802.MDZ,DATA/01110802.MDT,0x00740000,01110802,508,0x00293eff,0x00293efa,21 08 12 00 61 69 48 66 69 7f 9b f1 5f f0 d6 f0 8a 92 08 21 0d ff 00,"<G0001>
<CTRL:12><CTRL:00><G0041>P・MPが全回復した
<G0001>","<G0001>
<CTRL:12><CTRL:00>HP·MP가 모두 회복됐다
<G0001>",41 08 12 00 61 69 48 66 69 6A 20 D2 AA 20 EC 20 F0 3B F8 92 08 41 0D FF 00,,"[{""offset"": -5, ""raw_hex"": ""80 0e 00 00 00"", ""kind"": ""MESSAGE_HEADER"", ""opcode"": 128, ""argument"": 0}, {""offset"": 1, ""raw_hex"": ""08"", ""kind"": ""LINE_BREAK""}, {""offset"": 2, ""raw_hex"": ""12"", ""kind"": ""UNKNOWN_CONTROL""}, {""offset"": 3, ""raw_hex"": ""00"", ""kind"": ""UNKNOWN_CONTROL""}, {""offset"": 18, ""raw_hex"": ""08"", ""kind"": ""LINE_BREAK""}, {""offset"": 20, ""raw_hex"": ""0d ff 00"", ""kind"": ""MESSAGE_END""}]",REVIEW_1,NO,필드 안내 런타임 신고 및 0x4000/0x6000 전수 조사 반영.,PROVEN: scenario field/tutorial message; member_type=0x6000.
FIELD_RESOURCE_01111101_R00740000_M6000_0001,SCENARIO,field_resource_message,DATA/01111101.MDZ,DATA/01111101.MDT,0x00740000,01111101,509,0x003501ad,0x003501a8,21 08 12 00 61 69 48 66 69 7f 9b f1 5f f0 d6 f0 8a 92 08 21 0d ff 00,"<G0001>
<CTRL:12><CTRL:00><G0041>P・MPが全回復した
<G0001>","<G0001>
<CTRL:12><CTRL:00>HP·MP가 모두 회복됐다
<G0001>",41 08 12 00 61 69 48 66 69 6A 20 D2 AA 20 EC 20 F0 3B F8 92 08 41 0D FF 00,,"[{""offset"": -5, ""raw_hex"": ""80 0e 00 00 00"", ""kind"": ""MESSAGE_HEADER"", ""opcode"": 128, ""argument"": 0}, {""offset"": 1, ""raw_hex"": ""08"", ""kind"": ""LINE_BREAK""}, {""offset"": 2, ""raw_hex"": ""12"", ""kind"": ""UNKNOWN_CONTROL""}, {""offset"": 3, ""raw_hex"": ""00"", ""kind"": ""UNKNOWN_CONTROL""}, {""offset"": 18, ""raw_hex"": ""08"", ""kind"": ""LINE_BREAK""}, {""offset"": 20, ""raw_hex"": ""0d ff 00"", ""kind"": ""MESSAGE_END""}]",REVIEW_1,NO,필드 안내 런타임 신고 및 0x4000/0x6000 전수 조사 반영.,PROVEN: scenario field/tutorial message; member_type=0x6000.
FIELD_RESOURCE_01111101_R00740000_M6000_0002,SCENARIO,field_resource_message,DATA/01111101.MDZ,DATA/01111101.MDT,0x00740000,01111101,510,0x0035027f,0x0035027a,21 08 12 00 61 69 48 66 69 7f 9b f1 5f f0 d6 f0 8a 92 08 21 0d ff 00,"<G0001>
<CTRL:12><CTRL:00><G0041>P・MPが全回復した
<G0001>","<G0001>
<CTRL:12><CTRL:00>HP·MP가 모두 회복됐다
<G0001>",41 08 12 00 61 69 48 66 69 6A 20 D2 AA 20 EC 20 F0 3B F8 92 08 41 0D FF 00,,"[{""offset"": -5, ""raw_hex"": ""80 0e 00 00 00"", ""kind"": ""MESSAGE_HEADER"", ""opcode"": 128, ""argument"": 0}, {""offset"": 1, ""raw_hex"": ""08"", ""kind"": ""LINE_BREAK""}, {""offset"": 2, ""raw_hex"": ""12"", ""kind"": ""UNKNOWN_CONTROL""}, {""offset"": 3, ""raw_hex"": ""00"", ""kind"": ""UNKNOWN_CONTROL""}, {""offset"": 18, ""raw_hex"": ""08"", ""kind"": ""LINE_BREAK""}, {""offset"": 20, ""raw_hex"": ""0d ff 00"", ""kind"": ""MESSAGE_END""}]",REVIEW_1,NO,필드 안내 런타임 신고 및 0x4000/0x6000 전수 조사 반영.,PROVEN: scenario field/tutorial message; member_type=0x6000.
FIELD_RESOURCE_01111201_R00740000_M6000_0001,SCENARIO,field_resource_message,DATA/01111201.MDZ,DATA/01111201.MDT,0x00740000,01111201,511,0x009edb2d,0x009edb28,21 08 12 00 61 69 48 66 69 7f 9b f1 5f f0 d6 f0 8a 92 08 21 0d ff 00,"<G0001>
<CTRL:12><CTRL:00><G0041>P・MPが全回復した
<G0001>","<G0001>
<CTRL:12><CTRL:00>HP·MP가 모두 회복됐다
<G0001>",41 08 12 00 61 69 48 66 69 6A 20 D2 AA 20 EC 20 F0 3B F8 92 08 41 0D FF 00,,"[{""offset"": -5, ""raw_hex"": ""80 0e 00 00 00"", ""kind"": ""MESSAGE_HEADER"", ""opcode"": 128, ""argument"": 0}, {""offset"": 1, ""raw_hex"": ""08"", ""kind"": ""LINE_BREAK""}, {""offset"": 2, ""raw_hex"": ""12"", ""kind"": ""UNKNOWN_CONTROL""}, {""offset"": 3, ""raw_hex"": ""00"", ""kind"": ""UNKNOWN_CONTROL""}, {""offset"": 18, ""raw_hex"": ""08"", ""kind"": ""LINE_BREAK""}, {""offset"": 20, ""raw_hex"": ""0d ff 00"", ""kind"": ""MESSAGE_END""}]",REVIEW_1,NO,필드 안내 런타임 신고 및 0x4000/0x6000 전수 조사 반영.,PROVEN: scenario field/tutorial message; member_type=0x6000.
FIELD_RESOURCE_01111201_R00740000_M6000_0002,SCENARIO,field_resource_message,DATA/01111201.MDZ,DATA/01111201.MDT,0x00740000,01111201,512,0x009edbff,0x009edbfa,21 08 12 00 61 69 48 66 69 7f 9b f1 5f f0 d6 f0 8a 92 08 21 0d ff 00,"<G0001>
<CTRL:12><CTRL:00><G0041>P・MPが全回復した
<G0001>","<G0001>
<CTRL:12><CTRL:00>HP·MP가 모두 회복됐다
<G0001>",41 08 12 00 61 69 48 66 69 6A 20 D2 AA 20 EC 20 F0 3B F8 92 08 41 0D FF 00,,"[{""offset"": -5, ""raw_hex"": ""80 0e 00 00 00"", ""kind"": ""MESSAGE_HEADER"", ""opcode"": 128, ""argument"": 0}, {""offset"": 1, ""raw_hex"": ""08"", ""kind"": ""LINE_BREAK""}, {""offset"": 2, ""raw_hex"": ""12"", ""kind"": ""UNKNOWN_CONTROL""}, {""offset"": 3, ""raw_hex"": ""00"", ""kind"": ""UNKNOWN_CONTROL""}, {""offset"": 18, ""raw_hex"": ""08"", ""kind"": ""LINE_BREAK""}, {""offset"": 20, ""raw_hex"": ""0d ff 00"", ""kind"": ""MESSAGE_END""}]",REVIEW_1,NO,필드 안내 런타임 신고 및 0x4000/0x6000 전수 조사 반영.,PROVEN: scenario field/tutorial message; member_type=0x6000.
FIELD_RESOURCE_01111301_R00740000_M6000_0001,SCENARIO,field_resource_message,DATA/01111301.MDZ,DATA/01111301.MDT,0x00740000,01111301,513,0x0066702d,0x00667028,21 08 12 00 61 69 48 66 69 7f 9b f1 5f f0 d6 f0 8a 92 08 21 0d ff 00,"<G0001>
<CTRL:12><CTRL:00><G0041>P・MPが全回復した
<G0001>","<G0001>
<CTRL:12><CTRL:00>HP·MP가 모두 회복됐다
<G0001>",41 08 12 00 61 69 48 66 69 6A 20 D2 AA 20 EC 20 F0 3B F8 92 08 41 0D FF 00,,"[{""offset"": -5, ""raw_hex"": ""80 0e 00 00 00"", ""kind"": ""MESSAGE_HEADER"", ""opcode"": 128, ""argument"": 0}, {""offset"": 1, ""raw_hex"": ""08"", ""kind"": ""LINE_BREAK""}, {""offset"": 2, ""raw_hex"": ""12"", ""kind"": ""UNKNOWN_CONTROL""}, {""offset"": 3, ""raw_hex"": ""00"", ""kind"": ""UNKNOWN_CONTROL""}, {""offset"": 18, ""raw_hex"": ""08"", ""kind"": ""LINE_BREAK""}, {""offset"": 20, ""raw_hex"": ""0d ff 00"", ""kind"": ""MESSAGE_END""}]",REVIEW_1,NO,필드 안내 런타임 신고 및 0x4000/0x6000 전수 조사 반영.,PROVEN: scenario field/tutorial message; member_type=0x6000.
FIELD_RESOURCE_01111301_R00740000_M6000_0002,SCENARIO,field_resource_message,DATA/01111301.MDZ,DATA/01111301.MDT,0x00740000,01111301,514,0x006670ff,0x006670fa,21 08 12 00 61 69 48 66 69 7f 9b f1 5f f0 d6 f0 8a 92 08 21 0d ff 00,"<G0001>
<CTRL:12><CTRL:00><G0041>P・MPが全回復した
<G0001>","<G0001>
<CTRL:12><CTRL:00>HP·MP가 모두 회복됐다
<G0001>",41 08 12 00 61 69 48 66 69 6A 20 D2 AA 20 EC 20 F0 3B F8 92 08 41 0D FF 00,,"[{""offset"": -5, ""raw_hex"": ""80 0e 00 00 00"", ""kind"": ""MESSAGE_HEADER"", ""opcode"": 128, ""argument"": 0}, {""offset"": 1, ""raw_hex"": ""08"", ""kind"": ""LINE_BREAK""}, {""offset"": 2, ""raw_hex"": ""12"", ""kind"": ""UNKNOWN_CONTROL""}, {""offset"": 3, ""raw_hex"": ""00"", ""kind"": ""UNKNOWN_CONTROL""}, {""offset"": 18, ""raw_hex"": ""08"", ""kind"": ""LINE_BREAK""}, {""offset"": 20, ""raw_hex"": ""0d ff 00"", ""kind"": ""MESSAGE_END""}]",REVIEW_1,NO,필드 안내 런타임 신고 및 0x4000/0x6000 전수 조사 반영.,PROVEN: scenario field/tutorial message; member_type=0x6000.
FIELD_RESOURCE_01111401_R00740000_M6000_0001,SCENARIO,field_resource_message,DATA/01111401.MDZ,DATA/01111401.MDT,0x00740000,01111401,515,0x006054ad,0x006054a8,21 08 12 00 61 69 48 66 69 7f 9b f1 5f f0 d6 f0 8a 92 08 21 0d ff 00,"<G0001>
<CTRL:12><CTRL:00><G0041>P・MPが全回復した
<G0001>","<G0001>
<CTRL:12><CTRL:00>HP·MP가 모두 회복됐다
<G0001>",41 08 12 00 61 69 48 66 69 6A 20 D2 AA 20 EC 20 F0 3B F8 92 08 41 0D FF 00,,"[{""offset"": -5, ""raw_hex"": ""80 0e 00 00 00"", ""kind"": ""MESSAGE_HEADER"", ""opcode"": 128, ""argument"": 0}, {""offset"": 1, ""raw_hex"": ""08"", ""kind"": ""LINE_BREAK""}, {""offset"": 2, ""raw_hex"": ""12"", ""kind"": ""UNKNOWN_CONTROL""}, {""offset"": 3, ""raw_hex"": ""00"", ""kind"": ""UNKNOWN_CONTROL""}, {""offset"": 18, ""raw_hex"": ""08"", ""kind"": ""LINE_BREAK""}, {""offset"": 20, ""raw_hex"": ""0d ff 00"", ""kind"": ""MESSAGE_END""}]",REVIEW_1,NO,필드 안내 런타임 신고 및 0x4000/0x6000 전수 조사 반영.,PROVEN: scenario field/tutorial message; member_type=0x6000.
FIELD_RESOURCE_01111401_R00740000_M6000_0002,SCENARIO,field_resource_message,DATA/01111401.MDZ,DATA/01111401.MDT,0x00740000,01111401,516,0x0060557f,0x0060557a,21 08 12 00 61 69 48 66 69 7f 9b f1 5f f0 d6 f0 8a 92 08 21 0d ff 00,"<G0001>
<CTRL:12><CTRL:00><G0041>P・MPが全回復した
<G0001>","<G0001>
<CTRL:12><CTRL:00>HP·MP가 모두 회복됐다
<G0001>",41 08 12 00 61 69 48 66 69 6A 20 D2 AA 20 EC 20 F0 3B F8 92 08 41 0D FF 00,,"[{""offset"": -5, ""raw_hex"": ""80 0e 00 00 00"", ""kind"": ""MESSAGE_HEADER"", ""opcode"": 128, ""argument"": 0}, {""offset"": 1, ""raw_hex"": ""08"", ""kind"": ""LINE_BREAK""}, {""offset"": 2, ""raw_hex"": ""12"", ""kind"": ""UNKNOWN_CONTROL""}, {""offset"": 3, ""raw_hex"": ""00"", ""kind"": ""UNKNOWN_CONTROL""}, {""offset"": 18, ""raw_hex"": ""08"", ""kind"": ""LINE_BREAK""}, {""offset"": 20, ""raw_hex"": ""0d ff 00"", ""kind"": ""MESSAGE_END""}]",REVIEW_1,NO,필드 안내 런타임 신고 및 0x4000/0x6000 전수 조사 반영.,PROVEN: scenario field/tutorial message; member_type=0x6000.
FIELD_RESOURCE_01120101_R00740000_M6000_0001,SCENARIO,field_resource_message,DATA/01120101.MDZ,DATA/01120101.MDT,0x00740000,01120101,517,0x007cd82d,0x007cd828,21 08 12 00 61 69 48 66 69 7f 9b f1 5f f0 d6 f0 8a 92 08 21 0d ff 00,"<G0001>
<CTRL:12><CTRL:00><G0041>P・MPが全回復した
<G0001>","<G0001>
<CTRL:12><CTRL:00>HP·MP가 모두 회복됐다
<G0001>",41 08 12 00 61 69 48 66 69 6A 20 D2 AA 20 EC 20 F0 3B F8 92 08 41 0D FF 00,,"[{""offset"": -5, ""raw_hex"": ""80 0e 00 00 00"", ""kind"": ""MESSAGE_HEADER"", ""opcode"": 128, ""argument"": 0}, {""offset"": 1, ""raw_hex"": ""08"", ""kind"": ""LINE_BREAK""}, {""offset"": 2, ""raw_hex"": ""12"", ""kind"": ""UNKNOWN_CONTROL""}, {""offset"": 3, ""raw_hex"": ""00"", ""kind"": ""UNKNOWN_CONTROL""}, {""offset"": 18, ""raw_hex"": ""08"", ""kind"": ""LINE_BREAK""}, {""offset"": 20, ""raw_hex"": ""0d ff 00"", ""kind"": ""MESSAGE_END""}]",REVIEW_1,NO,필드 안내 런타임 신고 및 0x4000/0x6000 전수 조사 반영.,PROVEN: scenario field/tutorial message; member_type=0x6000.
FIELD_RESOURCE_01120101_R00740000_M6000_0002,SCENARIO,field_resource_message,DATA/01120101.MDZ,DATA/01120101.MDT,0x00740000,01120101,518,0x007cd8ff,0x007cd8fa,21 08 12 00 61 69 48 66 69 7f 9b f1 5f f0 d6 f0 8a 92 08 21 0d ff 00,"<G0001>
<CTRL:12><CTRL:00><G0041>P・MPが全回復した
<G0001>","<G0001>
<CTRL:12><CTRL:00>HP·MP가 모두 회복됐다
<G0001>",41 08 12 00 61 69 48 66 69 6A 20 D2 AA 20 EC 20 F0 3B F8 92 08 41 0D FF 00,,"[{""offset"": -5, ""raw_hex"": ""80 0e 00 00 00"", ""kind"": ""MESSAGE_HEADER"", ""opcode"": 128, ""argument"": 0}, {""offset"": 1, ""raw_hex"": ""08"", ""kind"": ""LINE_BREAK""}, {""offset"": 2, ""raw_hex"": ""12"", ""kind"": ""UNKNOWN_CONTROL""}, {""offset"": 3, ""raw_hex"": ""00"", ""kind"": ""UNKNOWN_CONTROL""}, {""offset"": 18, ""raw_hex"": ""08"", ""kind"": ""LINE_BREAK""}, {""offset"": 20, ""raw_hex"": ""0d ff 00"", ""kind"": ""MESSAGE_END""}]",REVIEW_1,NO,필드 안내 런타임 신고 및 0x4000/0x6000 전수 조사 반영.,PROVEN: scenario field/tutorial message; member_type=0x6000.
FIELD_RESOURCE_01120102_R00740000_M6000_0001,SCENARIO,field_resource_message,DATA/01120102.MDZ,DATA/01120102.MDT,0x00740000,01120102,519,0x00b682ad,0x00b682a8,21 08 12 00 61 69 48 66 69 7f 9b f1 5f f0 d6 f0 8a 92 08 21 0d ff 00,"<G0001>
<CTRL:12><CTRL:00><G0041>P・MPが全回復した
<G0001>","<G0001>
<CTRL:12><CTRL:00>HP·MP가 모두 회복됐다
<G0001>",41 08 12 00 61 69 48 66 69 6A 20 D2 AA 20 EC 20 F0 3B F8 92 08 41 0D FF 00,,"[{""offset"": -5, ""raw_hex"": ""80 0e 00 00 00"", ""kind"": ""MESSAGE_HEADER"", ""opcode"": 128, ""argument"": 0}, {""offset"": 1, ""raw_hex"": ""08"", ""kind"": ""LINE_BREAK""}, {""offset"": 2, ""raw_hex"": ""12"", ""kind"": ""UNKNOWN_CONTROL""}, {""offset"": 3, ""raw_hex"": ""00"", ""kind"": ""UNKNOWN_CONTROL""}, {""offset"": 18, ""raw_hex"": ""08"", ""kind"": ""LINE_BREAK""}, {""offset"": 20, ""raw_hex"": ""0d ff 00"", ""kind"": ""MESSAGE_END""}]",REVIEW_1,NO,필드 안내 런타임 신고 및 0x4000/0x6000 전수 조사 반영.,PROVEN: scenario field/tutorial message; member_type=0x6000.
FIELD_RESOURCE_01120102_R00740000_M6000_0002,SCENARIO,field_resource_message,DATA/01120102.MDZ,DATA/01120102.MDT,0x00740000,01120102,520,0x00b6837f,0x00b6837a,21 08 12 00 61 69 48 66 69 7f 9b f1 5f f0 d6 f0 8a 92 08 21 0d ff 00,"<G0001>
<CTRL:12><CTRL:00><G0041>P・MPが全回復した
<G0001>","<G0001>
<CTRL:12><CTRL:00>HP·MP가 모두 회복됐다
<G0001>",41 08 12 00 61 69 48 66 69 6A 20 D2 AA 20 EC 20 F0 3B F8 92 08 41 0D FF 00,,"[{""offset"": -5, ""raw_hex"": ""80 0e 00 00 00"", ""kind"": ""MESSAGE_HEADER"", ""opcode"": 128, ""argument"": 0}, {""offset"": 1, ""raw_hex"": ""08"", ""kind"": ""LINE_BREAK""}, {""offset"": 2, ""raw_hex"": ""12"", ""kind"": ""UNKNOWN_CONTROL""}, {""offset"": 3, ""raw_hex"": ""00"", ""kind"": ""UNKNOWN_CONTROL""}, {""offset"": 18, ""raw_hex"": ""08"", ""kind"": ""LINE_BREAK""}, {""offset"": 20, ""raw_hex"": ""0d ff 00"", ""kind"": ""MESSAGE_END""}]",REVIEW_1,NO,필드 안내 런타임 신고 및 0x4000/0x6000 전수 조사 반영.,PROVEN: scenario field/tutorial message; member_type=0x6000.
FIELD_RESOURCE_01120301_R00740000_M6000_0001,SCENARIO,field_resource_message,DATA/01120301.MDZ,DATA/01120301.MDT,0x00740000,01120301,521,0x007d31ad,0x007d31a8,21 08 12 00 61 69 48 66 69 7f 9b f1 5f f0 d6 f0 8a 92 08 21 0d ff 00,"<G0001>
<CTRL:12><CTRL:00><G0041>P・MPが全回復した
<G0001>","<G0001>
<CTRL:12><CTRL:00>HP·MP가 모두 회복됐다
<G0001>",41 08 12 00 61 69 48 66 69 6A 20 D2 AA 20 EC 20 F0 3B F8 92 08 41 0D FF 00,,"[{""offset"": -5, ""raw_hex"": ""80 0e 00 00 00"", ""kind"": ""MESSAGE_HEADER"", ""opcode"": 128, ""argument"": 0}, {""offset"": 1, ""raw_hex"": ""08"", ""kind"": ""LINE_BREAK""}, {""offset"": 2, ""raw_hex"": ""12"", ""kind"": ""UNKNOWN_CONTROL""}, {""offset"": 3, ""raw_hex"": ""00"", ""kind"": ""UNKNOWN_CONTROL""}, {""offset"": 18, ""raw_hex"": ""08"", ""kind"": ""LINE_BREAK""}, {""offset"": 20, ""raw_hex"": ""0d ff 00"", ""kind"": ""MESSAGE_END""}]",REVIEW_1,NO,필드 안내 런타임 신고 및 0x4000/0x6000 전수 조사 반영.,PROVEN: scenario field/tutorial message; member_type=0x6000.
FIELD_RESOURCE_01120301_R00740000_M6000_0002,SCENARIO,field_resource_message,DATA/01120301.MDZ,DATA/01120301.MDT,0x00740000,01120301,522,0x007d327f,0x007d327a,21 08 12 00 61 69 48 66 69 7f 9b f1 5f f0 d6 f0 8a 92 08 21 0d ff 00,"<G0001>
<CTRL:12><CTRL:00><G0041>P・MPが全回復した
<G0001>","<G0001>
<CTRL:12><CTRL:00>HP·MP가 모두 회복됐다
<G0001>",41 08 12 00 61 69 48 66 69 6A 20 D2 AA 20 EC 20 F0 3B F8 92 08 41 0D FF 00,,"[{""offset"": -5, ""raw_hex"": ""80 0e 00 00 00"", ""kind"": ""MESSAGE_HEADER"", ""opcode"": 128, ""argument"": 0}, {""offset"": 1, ""raw_hex"": ""08"", ""kind"": ""LINE_BREAK""}, {""offset"": 2, ""raw_hex"": ""12"", ""kind"": ""UNKNOWN_CONTROL""}, {""offset"": 3, ""raw_hex"": ""00"", ""kind"": ""UNKNOWN_CONTROL""}, {""offset"": 18, ""raw_hex"": ""08"", ""kind"": ""LINE_BREAK""}, {""offset"": 20, ""raw_hex"": ""0d ff 00"", ""kind"": ""MESSAGE_END""}]",REVIEW_1,NO,필드 안내 런타임 신고 및 0x4000/0x6000 전수 조사 반영.,PROVEN: scenario field/tutorial message; member_type=0x6000.
FIELD_RESOURCE_01120501_R00740000_M6000_0001,SCENARIO,field_resource_message,DATA/01120501.MDZ,DATA/01120501.MDT,0x00740000,01120501,523,0x00673bad,0x00673ba8,21 08 12 00 61 69 48 66 69 7f 9b f1 5f f0 d6 f0 8a 92 08 21 0d ff 00,"<G0001>
<CTRL:12><CTRL:00><G0041>P・MPが全回復した
<G0001>","<G0001>
<CTRL:12><CTRL:00>HP·MP가 모두 회복됐다
<G0001>",41 08 12 00 61 69 48 66 69 6A 20 D2 AA 20 EC 20 F0 3B F8 92 08 41 0D FF 00,,"[{""offset"": -5, ""raw_hex"": ""80 0e 00 00 00"", ""kind"": ""MESSAGE_HEADER"", ""opcode"": 128, ""argument"": 0}, {""offset"": 1, ""raw_hex"": ""08"", ""kind"": ""LINE_BREAK""}, {""offset"": 2, ""raw_hex"": ""12"", ""kind"": ""UNKNOWN_CONTROL""}, {""offset"": 3, ""raw_hex"": ""00"", ""kind"": ""UNKNOWN_CONTROL""}, {""offset"": 18, ""raw_hex"": ""08"", ""kind"": ""LINE_BREAK""}, {""offset"": 20, ""raw_hex"": ""0d ff 00"", ""kind"": ""MESSAGE_END""}]",REVIEW_1,NO,필드 안내 런타임 신고 및 0x4000/0x6000 전수 조사 반영.,PROVEN: scenario field/tutorial message; member_type=0x6000.
FIELD_RESOURCE_01120501_R00740000_M6000_0002,SCENARIO,field_resource_message,DATA/01120501.MDZ,DATA/01120501.MDT,0x00740000,01120501,524,0x00673c7f,0x00673c7a,21 08 12 00 61 69 48 66 69 7f 9b f1 5f f0 d6 f0 8a 92 08 21 0d ff 00,"<G0001>
<CTRL:12><CTRL:00><G0041>P・MPが全回復した
<G0001>","<G0001>
<CTRL:12><CTRL:00>HP·MP가 모두 회복됐다
<G0001>",41 08 12 00 61 69 48 66 69 6A 20 D2 AA 20 EC 20 F0 3B F8 92 08 41 0D FF 00,,"[{""offset"": -5, ""raw_hex"": ""80 0e 00 00 00"", ""kind"": ""MESSAGE_HEADER"", ""opcode"": 128, ""argument"": 0}, {""offset"": 1, ""raw_hex"": ""08"", ""kind"": ""LINE_BREAK""}, {""offset"": 2, ""raw_hex"": ""12"", ""kind"": ""UNKNOWN_CONTROL""}, {""offset"": 3, ""raw_hex"": ""00"", ""kind"": ""UNKNOWN_CONTROL""}, {""offset"": 18, ""raw_hex"": ""08"", ""kind"": ""LINE_BREAK""}, {""offset"": 20, ""raw_hex"": ""0d ff 00"", ""kind"": ""MESSAGE_END""}]",REVIEW_1,NO,필드 안내 런타임 신고 및 0x4000/0x6000 전수 조사 반영.,PROVEN: scenario field/tutorial message; member_type=0x6000.
FIELD_RESOURCE_01140201_R00740000_M6000_0001,SCENARIO,field_resource_message,DATA/01140201.MDZ,DATA/01140201.MDT,0x00740000,01140201,525,0x00ad88ad,0x00ad88a8,21 08 12 00 61 69 48 66 69 7f 9b f1 5f f0 d6 f0 8a 92 08 21 0d ff 00,"<G0001>
<CTRL:12><CTRL:00><G0041>P・MPが全回復した
<G0001>","<G0001>
<CTRL:12><CTRL:00>HP·MP가 모두 회복됐다
<G0001>",41 08 12 00 61 69 48 66 69 6A 20 D2 AA 20 EC 20 F0 3B F8 92 08 41 0D FF 00,,"[{""offset"": -5, ""raw_hex"": ""80 0e 00 00 00"", ""kind"": ""MESSAGE_HEADER"", ""opcode"": 128, ""argument"": 0}, {""offset"": 1, ""raw_hex"": ""08"", ""kind"": ""LINE_BREAK""}, {""offset"": 2, ""raw_hex"": ""12"", ""kind"": ""UNKNOWN_CONTROL""}, {""offset"": 3, ""raw_hex"": ""00"", ""kind"": ""UNKNOWN_CONTROL""}, {""offset"": 18, ""raw_hex"": ""08"", ""kind"": ""LINE_BREAK""}, {""offset"": 20, ""raw_hex"": ""0d ff 00"", ""kind"": ""MESSAGE_END""}]",REVIEW_1,NO,필드 안내 런타임 신고 및 0x4000/0x6000 전수 조사 반영.,PROVEN: scenario field/tutorial message; member_type=0x6000.
FIELD_RESOURCE_01140201_R00740000_M6000_0002,SCENARIO,field_resource_message,DATA/01140201.MDZ,DATA/01140201.MDT,0x00740000,01140201,526,0x00ad897f,0x00ad897a,21 08 12 00 61 69 48 66 69 7f 9b f1 5f f0 d6 f0 8a 92 08 21 0d ff 00,"<G0001>
<CTRL:12><CTRL:00><G0041>P・MPが全回復した
<G0001>","<G0001>
<CTRL:12><CTRL:00>HP·MP가 모두 회복됐다
<G0001>",41 08 12 00 61 69 48 66 69 6A 20 D2 AA 20 EC 20 F0 3B F8 92 08 41 0D FF 00,,"[{""offset"": -5, ""raw_hex"": ""80 0e 00 00 00"", ""kind"": ""MESSAGE_HEADER"", ""opcode"": 128, ""argument"": 0}, {""offset"": 1, ""raw_hex"": ""08"", ""kind"": ""LINE_BREAK""}, {""offset"": 2, ""raw_hex"": ""12"", ""kind"": ""UNKNOWN_CONTROL""}, {""offset"": 3, ""raw_hex"": ""00"", ""kind"": ""UNKNOWN_CONTROL""}, {""offset"": 18, ""raw_hex"": ""08"", ""kind"": ""LINE_BREAK""}, {""offset"": 20, ""raw_hex"": ""0d ff 00"", ""kind"": ""MESSAGE_END""}]",REVIEW_1,NO,필드 안내 런타임 신고 및 0x4000/0x6000 전수 조사 반영.,PROVEN: scenario field/tutorial message; member_type=0x6000.
FIELD_RESOURCE_01140301_R00740000_M6000_0001,SCENARIO,field_resource_message,DATA/01140301.MDZ,DATA/01140301.MDT,0x00740000,01140301,527,0x0078e02d,0x0078e028,21 08 12 00 61 69 48 66 69 7f 9b f1 5f f0 d6 f0 8a 92 08 21 0d ff 00,"<G0001>
<CTRL:12><CTRL:00><G0041>P・MPが全回復した
<G0001>","<G0001>
<CTRL:12><CTRL:00>HP·MP가 모두 회복됐다
<G0001>",41 08 12 00 61 69 48 66 69 6A 20 D2 AA 20 EC 20 F0 3B F8 92 08 41 0D FF 00,,"[{""offset"": -5, ""raw_hex"": ""80 0e 00 00 00"", ""kind"": ""MESSAGE_HEADER"", ""opcode"": 128, ""argument"": 0}, {""offset"": 1, ""raw_hex"": ""08"", ""kind"": ""LINE_BREAK""}, {""offset"": 2, ""raw_hex"": ""12"", ""kind"": ""UNKNOWN_CONTROL""}, {""offset"": 3, ""raw_hex"": ""00"", ""kind"": ""UNKNOWN_CONTROL""}, {""offset"": 18, ""raw_hex"": ""08"", ""kind"": ""LINE_BREAK""}, {""offset"": 20, ""raw_hex"": ""0d ff 00"", ""kind"": ""MESSAGE_END""}]",REVIEW_1,NO,필드 안내 런타임 신고 및 0x4000/0x6000 전수 조사 반영.,PROVEN: scenario field/tutorial message; member_type=0x6000.
FIELD_RESOURCE_01140301_R00740000_M6000_0002,SCENARIO,field_resource_message,DATA/01140301.MDZ,DATA/01140301.MDT,0x00740000,01140301,528,0x0078e0ff,0x0078e0fa,21 08 12 00 61 69 48 66 69 7f 9b f1 5f f0 d6 f0 8a 92 08 21 0d ff 00,"<G0001>
<CTRL:12><CTRL:00><G0041>P・MPが全回復した
<G0001>","<G0001>
<CTRL:12><CTRL:00>HP·MP가 모두 회복됐다
<G0001>",41 08 12 00 61 69 48 66 69 6A 20 D2 AA 20 EC 20 F0 3B F8 92 08 41 0D FF 00,,"[{""offset"": -5, ""raw_hex"": ""80 0e 00 00 00"", ""kind"": ""MESSAGE_HEADER"", ""opcode"": 128, ""argument"": 0}, {""offset"": 1, ""raw_hex"": ""08"", ""kind"": ""LINE_BREAK""}, {""offset"": 2, ""raw_hex"": ""12"", ""kind"": ""UNKNOWN_CONTROL""}, {""offset"": 3, ""raw_hex"": ""00"", ""kind"": ""UNKNOWN_CONTROL""}, {""offset"": 18, ""raw_hex"": ""08"", ""kind"": ""LINE_BREAK""}, {""offset"": 20, ""raw_hex"": ""0d ff 00"", ""kind"": ""MESSAGE_END""}]",REVIEW_1,NO,필드 안내 런타임 신고 및 0x4000/0x6000 전수 조사 반영.,PROVEN: scenario field/tutorial message; member_type=0x6000.
FIELD_RESOURCE_01140401_R00740000_M6000_0001,SCENARIO,field_resource_message,DATA/01140401.MDZ,DATA/01140401.MDT,0x00740000,01140401,529,0x0035f9ad,0x0035f9a8,21 08 12 00 61 69 48 66 69 7f 9b f1 5f f0 d6 f0 8a 92 08 21 0d ff 00,"<G0001>
<CTRL:12><CTRL:00><G0041>P・MPが全回復した
<G0001>","<G0001>
<CTRL:12><CTRL:00>HP·MP가 모두 회복됐다
<G0001>",41 08 12 00 61 69 48 66 69 6A 20 D2 AA 20 EC 20 F0 3B F8 92 08 41 0D FF 00,,"[{""offset"": -5, ""raw_hex"": ""80 0e 00 00 00"", ""kind"": ""MESSAGE_HEADER"", ""opcode"": 128, ""argument"": 0}, {""offset"": 1, ""raw_hex"": ""08"", ""kind"": ""LINE_BREAK""}, {""offset"": 2, ""raw_hex"": ""12"", ""kind"": ""UNKNOWN_CONTROL""}, {""offset"": 3, ""raw_hex"": ""00"", ""kind"": ""UNKNOWN_CONTROL""}, {""offset"": 18, ""raw_hex"": ""08"", ""kind"": ""LINE_BREAK""}, {""offset"": 20, ""raw_hex"": ""0d ff 00"", ""kind"": ""MESSAGE_END""}]",REVIEW_1,NO,필드 안내 런타임 신고 및 0x4000/0x6000 전수 조사 반영.,PROVEN: scenario field/tutorial message; member_type=0x6000.
FIELD_RESOURCE_01140401_R00740000_M6000_0002,SCENARIO,field_resource_message,DATA/01140401.MDZ,DATA/01140401.MDT,0x00740000,01140401,530,0x0035fa7f,0x0035fa7a,21 08 12 00 61 69 48 66 69 7f 9b f1 5f f0 d6 f0 8a 92 08 21 0d ff 00,"<G0001>
<CTRL:12><CTRL:00><G0041>P・MPが全回復した
<G0001>","<G0001>
<CTRL:12><CTRL:00>HP·MP가 모두 회복됐다
<G0001>",41 08 12 00 61 69 48 66 69 6A 20 D2 AA 20 EC 20 F0 3B F8 92 08 41 0D FF 00,,"[{""offset"": -5, ""raw_hex"": ""80 0e 00 00 00"", ""kind"": ""MESSAGE_HEADER"", ""opcode"": 128, ""argument"": 0}, {""offset"": 1, ""raw_hex"": ""08"", ""kind"": ""LINE_BREAK""}, {""offset"": 2, ""raw_hex"": ""12"", ""kind"": ""UNKNOWN_CONTROL""}, {""offset"": 3, ""raw_hex"": ""00"", ""kind"": ""UNKNOWN_CONTROL""}, {""offset"": 18, ""raw_hex"": ""08"", ""kind"": ""LINE_BREAK""}, {""offset"": 20, ""raw_hex"": ""0d ff 00"", ""kind"": ""MESSAGE_END""}]",REVIEW_1,NO,필드 안내 런타임 신고 및 0x4000/0x6000 전수 조사 반영.,PROVEN: scenario field/tutorial message; member_type=0x6000.
FIELD_RESOURCE_01140801_R00740000_M6000_0001,SCENARIO,field_resource_message,DATA/01140801.MDZ,DATA/01140801.MDT,0x00740000,01140801,531,0x00a5a7ad,0x00a5a7a8,21 08 12 00 61 69 48 66 69 7f 9b f1 5f f0 d6 f0 8a 92 08 21 0d ff 00,"<G0001>
<CTRL:12><CTRL:00><G0041>P・MPが全回復した
<G0001>","<G0001>
<CTRL:12><CTRL:00>HP·MP가 모두 회복됐다
<G0001>",41 08 12 00 61 69 48 66 69 6A 20 D2 AA 20 EC 20 F0 3B F8 92 08 41 0D FF 00,,"[{""offset"": -5, ""raw_hex"": ""80 0e 00 00 00"", ""kind"": ""MESSAGE_HEADER"", ""opcode"": 128, ""argument"": 0}, {""offset"": 1, ""raw_hex"": ""08"", ""kind"": ""LINE_BREAK""}, {""offset"": 2, ""raw_hex"": ""12"", ""kind"": ""UNKNOWN_CONTROL""}, {""offset"": 3, ""raw_hex"": ""00"", ""kind"": ""UNKNOWN_CONTROL""}, {""offset"": 18, ""raw_hex"": ""08"", ""kind"": ""LINE_BREAK""}, {""offset"": 20, ""raw_hex"": ""0d ff 00"", ""kind"": ""MESSAGE_END""}]",REVIEW_1,NO,필드 안내 런타임 신고 및 0x4000/0x6000 전수 조사 반영.,PROVEN: scenario field/tutorial message; member_type=0x6000.
FIELD_RESOURCE_01140801_R00740000_M6000_0002,SCENARIO,field_resource_message,DATA/01140801.MDZ,DATA/01140801.MDT,0x00740000,01140801,532,0x00a5a87f,0x00a5a87a,21 08 12 00 61 69 48 66 69 7f 9b f1 5f f0 d6 f0 8a 92 08 21 0d ff 00,"<G0001>
<CTRL:12><CTRL:00><G0041>P・MPが全回復した
<G0001>","<G0001>
<CTRL:12><CTRL:00>HP·MP가 모두 회복됐다
<G0001>",41 08 12 00 61 69 48 66 69 6A 20 D2 AA 20 EC 20 F0 3B F8 92 08 41 0D FF 00,,"[{""offset"": -5, ""raw_hex"": ""80 0e 00 00 00"", ""kind"": ""MESSAGE_HEADER"", ""opcode"": 128, ""argument"": 0}, {""offset"": 1, ""raw_hex"": ""08"", ""kind"": ""LINE_BREAK""}, {""offset"": 2, ""raw_hex"": ""12"", ""kind"": ""UNKNOWN_CONTROL""}, {""offset"": 3, ""raw_hex"": ""00"", ""kind"": ""UNKNOWN_CONTROL""}, {""offset"": 18, ""raw_hex"": ""08"", ""kind"": ""LINE_BREAK""}, {""offset"": 20, ""raw_hex"": ""0d ff 00"", ""kind"": ""MESSAGE_END""}]",REVIEW_1,NO,필드 안내 런타임 신고 및 0x4000/0x6000 전수 조사 반영.,PROVEN: scenario field/tutorial message; member_type=0x6000.
FIELD_RESOURCE_01140901_R00740000_M6000_0001,SCENARIO,field_resource_message,DATA/01140901.MDZ,DATA/01140901.MDT,0x00740000,01140901,533,0x00d7252d,0x00d72528,21 08 12 00 61 69 48 66 69 7f 9b f1 5f f0 d6 f0 8a 92 08 21 0d ff 00,"<G0001>
<CTRL:12><CTRL:00><G0041>P・MPが全回復した
<G0001>","<G0001>
<CTRL:12><CTRL:00>HP·MP가 모두 회복됐다
<G0001>",41 08 12 00 61 69 48 66 69 6A 20 D2 AA 20 EC 20 F0 3B F8 92 08 41 0D FF 00,,"[{""offset"": -5, ""raw_hex"": ""80 0e 00 00 00"", ""kind"": ""MESSAGE_HEADER"", ""opcode"": 128, ""argument"": 0}, {""offset"": 1, ""raw_hex"": ""08"", ""kind"": ""LINE_BREAK""}, {""offset"": 2, ""raw_hex"": ""12"", ""kind"": ""UNKNOWN_CONTROL""}, {""offset"": 3, ""raw_hex"": ""00"", ""kind"": ""UNKNOWN_CONTROL""}, {""offset"": 18, ""raw_hex"": ""08"", ""kind"": ""LINE_BREAK""}, {""offset"": 20, ""raw_hex"": ""0d ff 00"", ""kind"": ""MESSAGE_END""}]",REVIEW_1,NO,필드 안내 런타임 신고 및 0x4000/0x6000 전수 조사 반영.,PROVEN: scenario field/tutorial message; member_type=0x6000.
FIELD_RESOURCE_01140901_R00740000_M6000_0002,SCENARIO,field_resource_message,DATA/01140901.MDZ,DATA/01140901.MDT,0x00740000,01140901,534,0x00d725ff,0x00d725fa,21 08 12 00 61 69 48 66 69 7f 9b f1 5f f0 d6 f0 8a 92 08 21 0d ff 00,"<G0001>
<CTRL:12><CTRL:00><G0041>P・MPが全回復した
<G0001>","<G0001>
<CTRL:12><CTRL:00>HP·MP가 모두 회복됐다
<G0001>",41 08 12 00 61 69 48 66 69 6A 20 D2 AA 20 EC 20 F0 3B F8 92 08 41 0D FF 00,,"[{""offset"": -5, ""raw_hex"": ""80 0e 00 00 00"", ""kind"": ""MESSAGE_HEADER"", ""opcode"": 128, ""argument"": 0}, {""offset"": 1, ""raw_hex"": ""08"", ""kind"": ""LINE_BREAK""}, {""offset"": 2, ""raw_hex"": ""12"", ""kind"": ""UNKNOWN_CONTROL""}, {""offset"": 3, ""raw_hex"": ""00"", ""kind"": ""UNKNOWN_CONTROL""}, {""offset"": 18, ""raw_hex"": ""08"", ""kind"": ""LINE_BREAK""}, {""offset"": 20, ""raw_hex"": ""0d ff 00"", ""kind"": ""MESSAGE_END""}]",REVIEW_1,NO,필드 안내 런타임 신고 및 0x4000/0x6000 전수 조사 반영.,PROVEN: scenario field/tutorial message; member_type=0x6000.
FIELD_RESOURCE_01141001_R00740000_M6000_0001,SCENARIO,field_resource_message,DATA/01141001.MDZ,DATA/01141001.MDT,0x00740000,01141001,535,0x007be12d,0x007be128,21 08 12 00 61 69 48 66 69 7f 9b f1 5f f0 d6 f0 8a 92 08 21 0d ff 00,"<G0001>
<CTRL:12><CTRL:00><G0041>P・MPが全回復した
<G0001>","<G0001>
<CTRL:12><CTRL:00>HP·MP가 모두 회복됐다
<G0001>",41 08 12 00 61 69 48 66 69 6A 20 D2 AA 20 EC 20 F0 3B F8 92 08 41 0D FF 00,,"[{""offset"": -5, ""raw_hex"": ""80 0e 00 00 00"", ""kind"": ""MESSAGE_HEADER"", ""opcode"": 128, ""argument"": 0}, {""offset"": 1, ""raw_hex"": ""08"", ""kind"": ""LINE_BREAK""}, {""offset"": 2, ""raw_hex"": ""12"", ""kind"": ""UNKNOWN_CONTROL""}, {""offset"": 3, ""raw_hex"": ""00"", ""kind"": ""UNKNOWN_CONTROL""}, {""offset"": 18, ""raw_hex"": ""08"", ""kind"": ""LINE_BREAK""}, {""offset"": 20, ""raw_hex"": ""0d ff 00"", ""kind"": ""MESSAGE_END""}]",REVIEW_1,NO,필드 안내 런타임 신고 및 0x4000/0x6000 전수 조사 반영.,PROVEN: scenario field/tutorial message; member_type=0x6000.
FIELD_RESOURCE_01141001_R00740000_M6000_0002,SCENARIO,field_resource_message,DATA/01141001.MDZ,DATA/01141001.MDT,0x00740000,01141001,536,0x007be1ff,0x007be1fa,21 08 12 00 61 69 48 66 69 7f 9b f1 5f f0 d6 f0 8a 92 08 21 0d ff 00,"<G0001>
<CTRL:12><CTRL:00><G0041>P・MPが全回復した
<G0001>","<G0001>
<CTRL:12><CTRL:00>HP·MP가 모두 회복됐다
<G0001>",41 08 12 00 61 69 48 66 69 6A 20 D2 AA 20 EC 20 F0 3B F8 92 08 41 0D FF 00,,"[{""offset"": -5, ""raw_hex"": ""80 0e 00 00 00"", ""kind"": ""MESSAGE_HEADER"", ""opcode"": 128, ""argument"": 0}, {""offset"": 1, ""raw_hex"": ""08"", ""kind"": ""LINE_BREAK""}, {""offset"": 2, ""raw_hex"": ""12"", ""kind"": ""UNKNOWN_CONTROL""}, {""offset"": 3, ""raw_hex"": ""00"", ""kind"": ""UNKNOWN_CONTROL""}, {""offset"": 18, ""raw_hex"": ""08"", ""kind"": ""LINE_BREAK""}, {""offset"": 20, ""raw_hex"": ""0d ff 00"", ""kind"": ""MESSAGE_END""}]",REVIEW_1,NO,필드 안내 런타임 신고 및 0x4000/0x6000 전수 조사 반영.,PROVEN: scenario field/tutorial message; member_type=0x6000.
FIELD_RESOURCE_01150201_R00740000_M6000_0001,SCENARIO,field_resource_message,DATA/01150201.MDZ,DATA/01150201.MDT,0x00740000,01150201,537,0x009e20ad,0x009e20a8,21 08 12 00 61 69 48 66 69 7f 9b f1 5f f0 d6 f0 8a 92 08 21 0d ff 00,"<G0001>
<CTRL:12><CTRL:00><G0041>P・MPが全回復した
<G0001>","<G0001>
<CTRL:12><CTRL:00>HP·MP가 모두 회복됐다
<G0001>",41 08 12 00 61 69 48 66 69 6A 20 D2 AA 20 EC 20 F0 3B F8 92 08 41 0D FF 00,,"[{""offset"": -5, ""raw_hex"": ""80 0e 00 00 00"", ""kind"": ""MESSAGE_HEADER"", ""opcode"": 128, ""argument"": 0}, {""offset"": 1, ""raw_hex"": ""08"", ""kind"": ""LINE_BREAK""}, {""offset"": 2, ""raw_hex"": ""12"", ""kind"": ""UNKNOWN_CONTROL""}, {""offset"": 3, ""raw_hex"": ""00"", ""kind"": ""UNKNOWN_CONTROL""}, {""offset"": 18, ""raw_hex"": ""08"", ""kind"": ""LINE_BREAK""}, {""offset"": 20, ""raw_hex"": ""0d ff 00"", ""kind"": ""MESSAGE_END""}]",REVIEW_1,NO,필드 안내 런타임 신고 및 0x4000/0x6000 전수 조사 반영.,PROVEN: scenario field/tutorial message; member_type=0x6000.
FIELD_RESOURCE_01150201_R00740000_M6000_0002,SCENARIO,field_resource_message,DATA/01150201.MDZ,DATA/01150201.MDT,0x00740000,01150201,538,0x009e217f,0x009e217a,21 08 12 00 61 69 48 66 69 7f 9b f1 5f f0 d6 f0 8a 92 08 21 0d ff 00,"<G0001>
<CTRL:12><CTRL:00><G0041>P・MPが全回復した
<G0001>","<G0001>
<CTRL:12><CTRL:00>HP·MP가 모두 회복됐다
<G0001>",41 08 12 00 61 69 48 66 69 6A 20 D2 AA 20 EC 20 F0 3B F8 92 08 41 0D FF 00,,"[{""offset"": -5, ""raw_hex"": ""80 0e 00 00 00"", ""kind"": ""MESSAGE_HEADER"", ""opcode"": 128, ""argument"": 0}, {""offset"": 1, ""raw_hex"": ""08"", ""kind"": ""LINE_BREAK""}, {""offset"": 2, ""raw_hex"": ""12"", ""kind"": ""UNKNOWN_CONTROL""}, {""offset"": 3, ""raw_hex"": ""00"", ""kind"": ""UNKNOWN_CONTROL""}, {""offset"": 18, ""raw_hex"": ""08"", ""kind"": ""LINE_BREAK""}, {""offset"": 20, ""raw_hex"": ""0d ff 00"", ""kind"": ""MESSAGE_END""}]",REVIEW_1,NO,필드 안내 런타임 신고 및 0x4000/0x6000 전수 조사 반영.,PROVEN: scenario field/tutorial message; member_type=0x6000.
FIELD_RESOURCE_01150301_R00740000_M6000_0001,SCENARIO,field_resource_message,DATA/01150301.MDZ,DATA/01150301.MDT,0x00740000,01150301,539,0x009407ad,0x009407a8,21 08 12 00 61 69 48 66 69 7f 9b f1 5f f0 d6 f0 8a 92 08 21 0d ff 00,"<G0001>
<CTRL:12><CTRL:00><G0041>P・MPが全回復した
<G0001>","<G0001>
<CTRL:12><CTRL:00>HP·MP가 모두 회복됐다
<G0001>",41 08 12 00 61 69 48 66 69 6A 20 D2 AA 20 EC 20 F0 3B F8 92 08 41 0D FF 00,,"[{""offset"": -5, ""raw_hex"": ""80 0e 00 00 00"", ""kind"": ""MESSAGE_HEADER"", ""opcode"": 128, ""argument"": 0}, {""offset"": 1, ""raw_hex"": ""08"", ""kind"": ""LINE_BREAK""}, {""offset"": 2, ""raw_hex"": ""12"", ""kind"": ""UNKNOWN_CONTROL""}, {""offset"": 3, ""raw_hex"": ""00"", ""kind"": ""UNKNOWN_CONTROL""}, {""offset"": 18, ""raw_hex"": ""08"", ""kind"": ""LINE_BREAK""}, {""offset"": 20, ""raw_hex"": ""0d ff 00"", ""kind"": ""MESSAGE_END""}]",REVIEW_1,NO,필드 안내 런타임 신고 및 0x4000/0x6000 전수 조사 반영.,PROVEN: scenario field/tutorial message; member_type=0x6000.
FIELD_RESOURCE_01150301_R00740000_M6000_0002,SCENARIO,field_resource_message,DATA/01150301.MDZ,DATA/01150301.MDT,0x00740000,01150301,540,0x0094087f,0x0094087a,21 08 12 00 61 69 48 66 69 7f 9b f1 5f f0 d6 f0 8a 92 08 21 0d ff 00,"<G0001>
<CTRL:12><CTRL:00><G0041>P・MPが全回復した
<G0001>","<G0001>
<CTRL:12><CTRL:00>HP·MP가 모두 회복됐다
<G0001>",41 08 12 00 61 69 48 66 69 6A 20 D2 AA 20 EC 20 F0 3B F8 92 08 41 0D FF 00,,"[{""offset"": -5, ""raw_hex"": ""80 0e 00 00 00"", ""kind"": ""MESSAGE_HEADER"", ""opcode"": 128, ""argument"": 0}, {""offset"": 1, ""raw_hex"": ""08"", ""kind"": ""LINE_BREAK""}, {""offset"": 2, ""raw_hex"": ""12"", ""kind"": ""UNKNOWN_CONTROL""}, {""offset"": 3, ""raw_hex"": ""00"", ""kind"": ""UNKNOWN_CONTROL""}, {""offset"": 18, ""raw_hex"": ""08"", ""kind"": ""LINE_BREAK""}, {""offset"": 20, ""raw_hex"": ""0d ff 00"", ""kind"": ""MESSAGE_END""}]",REVIEW_1,NO,필드 안내 런타임 신고 및 0x4000/0x6000 전수 조사 반영.,PROVEN: scenario field/tutorial message; member_type=0x6000.
FIELD_RESOURCE_01150401_R00740000_M6000_0001,SCENARIO,field_resource_message,DATA/01150401.MDZ,DATA/01150401.MDT,0x00740000,01150401,541,0x0011012d,0x00110128,21 08 12 00 61 69 48 66 69 7f 9b f1 5f f0 d6 f0 8a 92 08 21 0d ff 00,"<G0001>
<CTRL:12><CTRL:00><G0041>P・MPが全回復した
<G0001>","<G0001>
<CTRL:12><CTRL:00>HP·MP가 모두 회복됐다
<G0001>",41 08 12 00 61 69 48 66 69 6A 20 D2 AA 20 EC 20 F0 3B F8 92 08 41 0D FF 00,,"[{""offset"": -5, ""raw_hex"": ""80 0e 00 00 00"", ""kind"": ""MESSAGE_HEADER"", ""opcode"": 128, ""argument"": 0}, {""offset"": 1, ""raw_hex"": ""08"", ""kind"": ""LINE_BREAK""}, {""offset"": 2, ""raw_hex"": ""12"", ""kind"": ""UNKNOWN_CONTROL""}, {""offset"": 3, ""raw_hex"": ""00"", ""kind"": ""UNKNOWN_CONTROL""}, {""offset"": 18, ""raw_hex"": ""08"", ""kind"": ""LINE_BREAK""}, {""offset"": 20, ""raw_hex"": ""0d ff 00"", ""kind"": ""MESSAGE_END""}]",REVIEW_1,NO,필드 안내 런타임 신고 및 0x4000/0x6000 전수 조사 반영.,PROVEN: scenario field/tutorial message; member_type=0x6000.
FIELD_RESOURCE_01150401_R00740000_M6000_0002,SCENARIO,field_resource_message,DATA/01150401.MDZ,DATA/01150401.MDT,0x00740000,01150401,542,0x001101ff,0x001101fa,21 08 12 00 61 69 48 66 69 7f 9b f1 5f f0 d6 f0 8a 92 08 21 0d ff 00,"<G0001>
<CTRL:12><CTRL:00><G0041>P・MPが全回復した
<G0001>","<G0001>
<CTRL:12><CTRL:00>HP·MP가 모두 회복됐다
<G0001>",41 08 12 00 61 69 48 66 69 6A 20 D2 AA 20 EC 20 F0 3B F8 92 08 41 0D FF 00,,"[{""offset"": -5, ""raw_hex"": ""80 0e 00 00 00"", ""kind"": ""MESSAGE_HEADER"", ""opcode"": 128, ""argument"": 0}, {""offset"": 1, ""raw_hex"": ""08"", ""kind"": ""LINE_BREAK""}, {""offset"": 2, ""raw_hex"": ""12"", ""kind"": ""UNKNOWN_CONTROL""}, {""offset"": 3, ""raw_hex"": ""00"", ""kind"": ""UNKNOWN_CONTROL""}, {""offset"": 18, ""raw_hex"": ""08"", ""kind"": ""LINE_BREAK""}, {""offset"": 20, ""raw_hex"": ""0d ff 00"", ""kind"": ""MESSAGE_END""}]",REVIEW_1,NO,필드 안내 런타임 신고 및 0x4000/0x6000 전수 조사 반영.,PROVEN: scenario field/tutorial message; member_type=0x6000.
FIELD_RESOURCE_01160101_R00740000_M6000_0001,SCENARIO,field_resource_message,DATA/01160101.MDZ,DATA/01160101.MDT,0x00740000,01160101,543,0x00297bad,0x00297ba8,21 08 12 00 61 69 48 66 69 7f 9b f1 5f f0 d6 f0 8a 92 08 21 0d ff 00,"<G0001>
<CTRL:12><CTRL:00><G0041>P・MPが全回復した
<G0001>","<G0001>
<CTRL:12><CTRL:00>HP·MP가 모두 회복됐다
<G0001>",41 08 12 00 61 69 48 66 69 6A 20 D2 AA 20 EC 20 F0 3B F8 92 08 41 0D FF 00,,"[{""offset"": -5, ""raw_hex"": ""80 0e 00 00 00"", ""kind"": ""MESSAGE_HEADER"", ""opcode"": 128, ""argument"": 0}, {""offset"": 1, ""raw_hex"": ""08"", ""kind"": ""LINE_BREAK""}, {""offset"": 2, ""raw_hex"": ""12"", ""kind"": ""UNKNOWN_CONTROL""}, {""offset"": 3, ""raw_hex"": ""00"", ""kind"": ""UNKNOWN_CONTROL""}, {""offset"": 18, ""raw_hex"": ""08"", ""kind"": ""LINE_BREAK""}, {""offset"": 20, ""raw_hex"": ""0d ff 00"", ""kind"": ""MESSAGE_END""}]",REVIEW_1,NO,필드 안내 런타임 신고 및 0x4000/0x6000 전수 조사 반영.,PROVEN: scenario field/tutorial message; member_type=0x6000.
FIELD_RESOURCE_01160101_R00740000_M6000_0002,SCENARIO,field_resource_message,DATA/01160101.MDZ,DATA/01160101.MDT,0x00740000,01160101,544,0x00297c7f,0x00297c7a,21 08 12 00 61 69 48 66 69 7f 9b f1 5f f0 d6 f0 8a 92 08 21 0d ff 00,"<G0001>
<CTRL:12><CTRL:00><G0041>P・MPが全回復した
<G0001>","<G0001>
<CTRL:12><CTRL:00>HP·MP가 모두 회복됐다
<G0001>",41 08 12 00 61 69 48 66 69 6A 20 D2 AA 20 EC 20 F0 3B F8 92 08 41 0D FF 00,,"[{""offset"": -5, ""raw_hex"": ""80 0e 00 00 00"", ""kind"": ""MESSAGE_HEADER"", ""opcode"": 128, ""argument"": 0}, {""offset"": 1, ""raw_hex"": ""08"", ""kind"": ""LINE_BREAK""}, {""offset"": 2, ""raw_hex"": ""12"", ""kind"": ""UNKNOWN_CONTROL""}, {""offset"": 3, ""raw_hex"": ""00"", ""kind"": ""UNKNOWN_CONTROL""}, {""offset"": 18, ""raw_hex"": ""08"", ""kind"": ""LINE_BREAK""}, {""offset"": 20, ""raw_hex"": ""0d ff 00"", ""kind"": ""MESSAGE_END""}]",REVIEW_1,NO,필드 안내 런타임 신고 및 0x4000/0x6000 전수 조사 반영.,PROVEN: scenario field/tutorial message; member_type=0x6000.
FIELD_RESOURCE_01160201_R00740000_M6000_0001,SCENARIO,field_resource_message,DATA/01160201.MDZ,DATA/01160201.MDT,0x00740000,01160201,545,0x0075672d,0x00756728,21 08 12 00 61 69 48 66 69 7f 9b f1 5f f0 d6 f0 8a 92 08 21 0d ff 00,"<G0001>
<CTRL:12><CTRL:00><G0041>P・MPが全回復した
<G0001>","<G0001>
<CTRL:12><CTRL:00>HP·MP가 모두 회복됐다
<G0001>",41 08 12 00 61 69 48 66 69 6A 20 D2 AA 20 EC 20 F0 3B F8 92 08 41 0D FF 00,,"[{""offset"": -5, ""raw_hex"": ""80 0e 00 00 00"", ""kind"": ""MESSAGE_HEADER"", ""opcode"": 128, ""argument"": 0}, {""offset"": 1, ""raw_hex"": ""08"", ""kind"": ""LINE_BREAK""}, {""offset"": 2, ""raw_hex"": ""12"", ""kind"": ""UNKNOWN_CONTROL""}, {""offset"": 3, ""raw_hex"": ""00"", ""kind"": ""UNKNOWN_CONTROL""}, {""offset"": 18, ""raw_hex"": ""08"", ""kind"": ""LINE_BREAK""}, {""offset"": 20, ""raw_hex"": ""0d ff 00"", ""kind"": ""MESSAGE_END""}]",REVIEW_1,NO,필드 안내 런타임 신고 및 0x4000/0x6000 전수 조사 반영.,PROVEN: scenario field/tutorial message; member_type=0x6000.
FIELD_RESOURCE_01160201_R00740000_M6000_0002,SCENARIO,field_resource_message,DATA/01160201.MDZ,DATA/01160201.MDT,0x00740000,01160201,546,0x007567ff,0x007567fa,21 08 12 00 61 69 48 66 69 7f 9b f1 5f f0 d6 f0 8a 92 08 21 0d ff 00,"<G0001>
<CTRL:12><CTRL:00><G0041>P・MPが全回復した
<G0001>","<G0001>
<CTRL:12><CTRL:00>HP·MP가 모두 회복됐다
<G0001>",41 08 12 00 61 69 48 66 69 6A 20 D2 AA 20 EC 20 F0 3B F8 92 08 41 0D FF 00,,"[{""offset"": -5, ""raw_hex"": ""80 0e 00 00 00"", ""kind"": ""MESSAGE_HEADER"", ""opcode"": 128, ""argument"": 0}, {""offset"": 1, ""raw_hex"": ""08"", ""kind"": ""LINE_BREAK""}, {""offset"": 2, ""raw_hex"": ""12"", ""kind"": ""UNKNOWN_CONTROL""}, {""offset"": 3, ""raw_hex"": ""00"", ""kind"": ""UNKNOWN_CONTROL""}, {""offset"": 18, ""raw_hex"": ""08"", ""kind"": ""LINE_BREAK""}, {""offset"": 20, ""raw_hex"": ""0d ff 00"", ""kind"": ""MESSAGE_END""}]",REVIEW_1,NO,필드 안내 런타임 신고 및 0x4000/0x6000 전수 조사 반영.,PROVEN: scenario field/tutorial message; member_type=0x6000.
FIELD_RESOURCE_01160301_R00740000_M6000_0001,SCENARIO,field_resource_message,DATA/01160301.MDZ,DATA/01160301.MDT,0x00740000,01160301,547,0x0066b26d,0x0066b268,21 08 12 00 61 69 48 66 69 7f 9b f1 5f f0 d6 f0 8a 92 08 21 0d ff 00,"<G0001>
<CTRL:12><CTRL:00><G0041>P・MPが全回復した
<G0001>","<G0001>
<CTRL:12><CTRL:00>HP·MP가 모두 회복됐다
<G0001>",41 08 12 00 61 69 48 66 69 6A 20 D2 AA 20 EC 20 F0 3B F8 92 08 41 0D FF 00,,"[{""offset"": -5, ""raw_hex"": ""80 0e 00 00 00"", ""kind"": ""MESSAGE_HEADER"", ""opcode"": 128, ""argument"": 0}, {""offset"": 1, ""raw_hex"": ""08"", ""kind"": ""LINE_BREAK""}, {""offset"": 2, ""raw_hex"": ""12"", ""kind"": ""UNKNOWN_CONTROL""}, {""offset"": 3, ""raw_hex"": ""00"", ""kind"": ""UNKNOWN_CONTROL""}, {""offset"": 18, ""raw_hex"": ""08"", ""kind"": ""LINE_BREAK""}, {""offset"": 20, ""raw_hex"": ""0d ff 00"", ""kind"": ""MESSAGE_END""}]",REVIEW_1,NO,필드 안내 런타임 신고 및 0x4000/0x6000 전수 조사 반영.,PROVEN: scenario field/tutorial message; member_type=0x6000.
FIELD_RESOURCE_01160301_R00740000_M6000_0002,SCENARIO,field_resource_message,DATA/01160301.MDZ,DATA/01160301.MDT,0x00740000,01160301,548,0x0066b33f,0x0066b33a,21 08 12 00 61 69 48 66 69 7f 9b f1 5f f0 d6 f0 8a 92 08 21 0d ff 00,"<G0001>
<CTRL:12><CTRL:00><G0041>P・MPが全回復した
<G0001>","<G0001>
<CTRL:12><CTRL:00>HP·MP가 모두 회복됐다
<G0001>",41 08 12 00 61 69 48 66 69 6A 20 D2 AA 20 EC 20 F0 3B F8 92 08 41 0D FF 00,,"[{""offset"": -5, ""raw_hex"": ""80 0e 00 00 00"", ""kind"": ""MESSAGE_HEADER"", ""opcode"": 128, ""argument"": 0}, {""offset"": 1, ""raw_hex"": ""08"", ""kind"": ""LINE_BREAK""}, {""offset"": 2, ""raw_hex"": ""12"", ""kind"": ""UNKNOWN_CONTROL""}, {""offset"": 3, ""raw_hex"": ""00"", ""kind"": ""UNKNOWN_CONTROL""}, {""offset"": 18, ""raw_hex"": ""08"", ""kind"": ""LINE_BREAK""}, {""offset"": 20, ""raw_hex"": ""0d ff 00"", ""kind"": ""MESSAGE_END""}]",REVIEW_1,NO,필드 안내 런타임 신고 및 0x4000/0x6000 전수 조사 반영.,PROVEN: scenario field/tutorial message; member_type=0x6000.
FIELD_RESOURCE_01160501_R00740000_M6000_0001,SCENARIO,field_resource_message,DATA/01160501.MDZ,DATA/01160501.MDT,0x00740000,01160501,549,0x00acbead,0x00acbea8,21 08 12 00 61 69 48 66 69 7f 9b f1 5f f0 d6 f0 8a 92 08 21 0d ff 00,"<G0001>
<CTRL:12><CTRL:00><G0041>P・MPが全回復した
<G0001>","<G0001>
<CTRL:12><CTRL:00>HP·MP가 모두 회복됐다
<G0001>",41 08 12 00 61 69 48 66 69 6A 20 D2 AA 20 EC 20 F0 3B F8 92 08 41 0D FF 00,,"[{""offset"": -5, ""raw_hex"": ""80 0e 00 00 00"", ""kind"": ""MESSAGE_HEADER"", ""opcode"": 128, ""argument"": 0}, {""offset"": 1, ""raw_hex"": ""08"", ""kind"": ""LINE_BREAK""}, {""offset"": 2, ""raw_hex"": ""12"", ""kind"": ""UNKNOWN_CONTROL""}, {""offset"": 3, ""raw_hex"": ""00"", ""kind"": ""UNKNOWN_CONTROL""}, {""offset"": 18, ""raw_hex"": ""08"", ""kind"": ""LINE_BREAK""}, {""offset"": 20, ""raw_hex"": ""0d ff 00"", ""kind"": ""MESSAGE_END""}]",REVIEW_1,NO,필드 안내 런타임 신고 및 0x4000/0x6000 전수 조사 반영.,PROVEN: scenario field/tutorial message; member_type=0x6000.
FIELD_RESOURCE_01160501_R00740000_M6000_0002,SCENARIO,field_resource_message,DATA/01160501.MDZ,DATA/01160501.MDT,0x00740000,01160501,550,0x00acbf7f,0x00acbf7a,21 08 12 00 61 69 48 66 69 7f 9b f1 5f f0 d6 f0 8a 92 08 21 0d ff 00,"<G0001>
<CTRL:12><CTRL:00><G0041>P・MPが全回復した
<G0001>","<G0001>
<CTRL:12><CTRL:00>HP·MP가 모두 회복됐다
<G0001>",41 08 12 00 61 69 48 66 69 6A 20 D2 AA 20 EC 20 F0 3B F8 92 08 41 0D FF 00,,"[{""offset"": -5, ""raw_hex"": ""80 0e 00 00 00"", ""kind"": ""MESSAGE_HEADER"", ""opcode"": 128, ""argument"": 0}, {""offset"": 1, ""raw_hex"": ""08"", ""kind"": ""LINE_BREAK""}, {""offset"": 2, ""raw_hex"": ""12"", ""kind"": ""UNKNOWN_CONTROL""}, {""offset"": 3, ""raw_hex"": ""00"", ""kind"": ""UNKNOWN_CONTROL""}, {""offset"": 18, ""raw_hex"": ""08"", ""kind"": ""LINE_BREAK""}, {""offset"": 20, ""raw_hex"": ""0d ff 00"", ""kind"": ""MESSAGE_END""}]",REVIEW_1,NO,필드 안내 런타임 신고 및 0x4000/0x6000 전수 조사 반영.,PROVEN: scenario field/tutorial message; member_type=0x6000.
FIELD_RESOURCE_01160601_R00740000_M6000_0001,SCENARIO,field_resource_message,DATA/01160601.MDZ,DATA/01160601.MDT,0x00740000,01160601,551,0x0094ad2d,0x0094ad28,21 08 12 00 61 69 48 66 69 7f 9b f1 5f f0 d6 f0 8a 92 08 21 0d ff 00,"<G0001>
<CTRL:12><CTRL:00><G0041>P・MPが全回復した
<G0001>","<G0001>
<CTRL:12><CTRL:00>HP·MP가 모두 회복됐다
<G0001>",41 08 12 00 61 69 48 66 69 6A 20 D2 AA 20 EC 20 F0 3B F8 92 08 41 0D FF 00,,"[{""offset"": -5, ""raw_hex"": ""80 0e 00 00 00"", ""kind"": ""MESSAGE_HEADER"", ""opcode"": 128, ""argument"": 0}, {""offset"": 1, ""raw_hex"": ""08"", ""kind"": ""LINE_BREAK""}, {""offset"": 2, ""raw_hex"": ""12"", ""kind"": ""UNKNOWN_CONTROL""}, {""offset"": 3, ""raw_hex"": ""00"", ""kind"": ""UNKNOWN_CONTROL""}, {""offset"": 18, ""raw_hex"": ""08"", ""kind"": ""LINE_BREAK""}, {""offset"": 20, ""raw_hex"": ""0d ff 00"", ""kind"": ""MESSAGE_END""}]",REVIEW_1,NO,필드 안내 런타임 신고 및 0x4000/0x6000 전수 조사 반영.,PROVEN: scenario field/tutorial message; member_type=0x6000.
FIELD_RESOURCE_01160601_R00740000_M6000_0002,SCENARIO,field_resource_message,DATA/01160601.MDZ,DATA/01160601.MDT,0x00740000,01160601,552,0x0094adff,0x0094adfa,21 08 12 00 61 69 48 66 69 7f 9b f1 5f f0 d6 f0 8a 92 08 21 0d ff 00,"<G0001>
<CTRL:12><CTRL:00><G0041>P・MPが全回復した
<G0001>","<G0001>
<CTRL:12><CTRL:00>HP·MP가 모두 회복됐다
<G0001>",41 08 12 00 61 69 48 66 69 6A 20 D2 AA 20 EC 20 F0 3B F8 92 08 41 0D FF 00,,"[{""offset"": -5, ""raw_hex"": ""80 0e 00 00 00"", ""kind"": ""MESSAGE_HEADER"", ""opcode"": 128, ""argument"": 0}, {""offset"": 1, ""raw_hex"": ""08"", ""kind"": ""LINE_BREAK""}, {""offset"": 2, ""raw_hex"": ""12"", ""kind"": ""UNKNOWN_CONTROL""}, {""offset"": 3, ""raw_hex"": ""00"", ""kind"": ""UNKNOWN_CONTROL""}, {""offset"": 18, ""raw_hex"": ""08"", ""kind"": ""LINE_BREAK""}, {""offset"": 20, ""raw_hex"": ""0d ff 00"", ""kind"": ""MESSAGE_END""}]",REVIEW_1,NO,필드 안내 런타임 신고 및 0x4000/0x6000 전수 조사 반영.,PROVEN: scenario field/tutorial message; member_type=0x6000.
FIELD_RESOURCE_01160901_R00740000_M6000_0001,SCENARIO,field_resource_message,DATA/01160901.MDZ,DATA/01160901.MDT,0x00740000,01160901,553,0x0049f90d,0x0049f908,21 08 12 00 61 69 48 66 69 7f 9b f1 5f f0 d6 f0 8a 92 08 21 0d ff 00,"<G0001>
<CTRL:12><CTRL:00><G0041>P・MPが全回復した
<G0001>","<G0001>
<CTRL:12><CTRL:00>HP·MP가 모두 회복됐다
<G0001>",41 08 12 00 61 69 48 66 69 6A 20 D2 AA 20 EC 20 F0 3B F8 92 08 41 0D FF 00,,"[{""offset"": -5, ""raw_hex"": ""80 0e 00 00 00"", ""kind"": ""MESSAGE_HEADER"", ""opcode"": 128, ""argument"": 0}, {""offset"": 1, ""raw_hex"": ""08"", ""kind"": ""LINE_BREAK""}, {""offset"": 2, ""raw_hex"": ""12"", ""kind"": ""UNKNOWN_CONTROL""}, {""offset"": 3, ""raw_hex"": ""00"", ""kind"": ""UNKNOWN_CONTROL""}, {""offset"": 18, ""raw_hex"": ""08"", ""kind"": ""LINE_BREAK""}, {""offset"": 20, ""raw_hex"": ""0d ff 00"", ""kind"": ""MESSAGE_END""}]",REVIEW_1,NO,필드 안내 런타임 신고 및 0x4000/0x6000 전수 조사 반영.,PROVEN: scenario field/tutorial message; member_type=0x6000.
FIELD_RESOURCE_01160901_R00740000_M6000_0002,SCENARIO,field_resource_message,DATA/01160901.MDZ,DATA/01160901.MDT,0x00740000,01160901,554,0x0049f9df,0x0049f9da,21 08 12 00 61 69 48 66 69 7f 9b f1 5f f0 d6 f0 8a 92 08 21 0d ff 00,"<G0001>
<CTRL:12><CTRL:00><G0041>P・MPが全回復した
<G0001>","<G0001>
<CTRL:12><CTRL:00>HP·MP가 모두 회복됐다
<G0001>",41 08 12 00 61 69 48 66 69 6A 20 D2 AA 20 EC 20 F0 3B F8 92 08 41 0D FF 00,,"[{""offset"": -5, ""raw_hex"": ""80 0e 00 00 00"", ""kind"": ""MESSAGE_HEADER"", ""opcode"": 128, ""argument"": 0}, {""offset"": 1, ""raw_hex"": ""08"", ""kind"": ""LINE_BREAK""}, {""offset"": 2, ""raw_hex"": ""12"", ""kind"": ""UNKNOWN_CONTROL""}, {""offset"": 3, ""raw_hex"": ""00"", ""kind"": ""UNKNOWN_CONTROL""}, {""offset"": 18, ""raw_hex"": ""08"", ""kind"": ""LINE_BREAK""}, {""offset"": 20, ""raw_hex"": ""0d ff 00"", ""kind"": ""MESSAGE_END""}]",REVIEW_1,NO,필드 안내 런타임 신고 및 0x4000/0x6000 전수 조사 반영.,PROVEN: scenario field/tutorial message; member_type=0x6000.
FIELD_RESOURCE_01170301_R00740000_M6000_0001,SCENARIO,field_resource_message,DATA/01170301.MDZ,DATA/01170301.MDT,0x00740000,01170301,555,0x0069caad,0x0069caa8,21 08 12 00 61 69 48 66 69 7f 9b f1 5f f0 d6 f0 8a 92 08 21 0d ff 00,"<G0001>
<CTRL:12><CTRL:00><G0041>P・MPが全回復した
<G0001>","<G0001>
<CTRL:12><CTRL:00>HP·MP가 모두 회복됐다
<G0001>",41 08 12 00 61 69 48 66 69 6A 20 D2 AA 20 EC 20 F0 3B F8 92 08 41 0D FF 00,,"[{""offset"": -5, ""raw_hex"": ""80 0e 00 00 00"", ""kind"": ""MESSAGE_HEADER"", ""opcode"": 128, ""argument"": 0}, {""offset"": 1, ""raw_hex"": ""08"", ""kind"": ""LINE_BREAK""}, {""offset"": 2, ""raw_hex"": ""12"", ""kind"": ""UNKNOWN_CONTROL""}, {""offset"": 3, ""raw_hex"": ""00"", ""kind"": ""UNKNOWN_CONTROL""}, {""offset"": 18, ""raw_hex"": ""08"", ""kind"": ""LINE_BREAK""}, {""offset"": 20, ""raw_hex"": ""0d ff 00"", ""kind"": ""MESSAGE_END""}]",REVIEW_1,NO,필드 안내 런타임 신고 및 0x4000/0x6000 전수 조사 반영.,PROVEN: scenario field/tutorial message; member_type=0x6000.
FIELD_RESOURCE_01170301_R00740000_M6000_0002,SCENARIO,field_resource_message,DATA/01170301.MDZ,DATA/01170301.MDT,0x00740000,01170301,556,0x0069cb7f,0x0069cb7a,21 08 12 00 61 69 48 66 69 7f 9b f1 5f f0 d6 f0 8a 92 08 21 0d ff 00,"<G0001>
<CTRL:12><CTRL:00><G0041>P・MPが全回復した
<G0001>","<G0001>
<CTRL:12><CTRL:00>HP·MP가 모두 회복됐다
<G0001>",41 08 12 00 61 69 48 66 69 6A 20 D2 AA 20 EC 20 F0 3B F8 92 08 41 0D FF 00,,"[{""offset"": -5, ""raw_hex"": ""80 0e 00 00 00"", ""kind"": ""MESSAGE_HEADER"", ""opcode"": 128, ""argument"": 0}, {""offset"": 1, ""raw_hex"": ""08"", ""kind"": ""LINE_BREAK""}, {""offset"": 2, ""raw_hex"": ""12"", ""kind"": ""UNKNOWN_CONTROL""}, {""offset"": 3, ""raw_hex"": ""00"", ""kind"": ""UNKNOWN_CONTROL""}, {""offset"": 18, ""raw_hex"": ""08"", ""kind"": ""LINE_BREAK""}, {""offset"": 20, ""raw_hex"": ""0d ff 00"", ""kind"": ""MESSAGE_END""}]",REVIEW_1,NO,필드 안내 런타임 신고 및 0x4000/0x6000 전수 조사 반영.,PROVEN: scenario field/tutorial message; member_type=0x6000.
FIELD_RESOURCE_01170401_R00740000_M6000_0001,SCENARIO,field_resource_message,DATA/01170401.MDZ,DATA/01170401.MDT,0x00740000,01170401,557,0x007f342d,0x007f3428,21 08 12 00 61 69 48 66 69 7f 9b f1 5f f0 d6 f0 8a 92 08 21 0d ff 00,"<G0001>
<CTRL:12><CTRL:00><G0041>P・MPが全回復した
<G0001>","<G0001>
<CTRL:12><CTRL:00>HP·MP가 모두 회복됐다
<G0001>",41 08 12 00 61 69 48 66 69 6A 20 D2 AA 20 EC 20 F0 3B F8 92 08 41 0D FF 00,,"[{""offset"": -5, ""raw_hex"": ""80 0e 00 00 00"", ""kind"": ""MESSAGE_HEADER"", ""opcode"": 128, ""argument"": 0}, {""offset"": 1, ""raw_hex"": ""08"", ""kind"": ""LINE_BREAK""}, {""offset"": 2, ""raw_hex"": ""12"", ""kind"": ""UNKNOWN_CONTROL""}, {""offset"": 3, ""raw_hex"": ""00"", ""kind"": ""UNKNOWN_CONTROL""}, {""offset"": 18, ""raw_hex"": ""08"", ""kind"": ""LINE_BREAK""}, {""offset"": 20, ""raw_hex"": ""0d ff 00"", ""kind"": ""MESSAGE_END""}]",REVIEW_1,NO,필드 안내 런타임 신고 및 0x4000/0x6000 전수 조사 반영.,PROVEN: scenario field/tutorial message; member_type=0x6000.
FIELD_RESOURCE_01170401_R00740000_M6000_0002,SCENARIO,field_resource_message,DATA/01170401.MDZ,DATA/01170401.MDT,0x00740000,01170401,558,0x007f34ff,0x007f34fa,21 08 12 00 61 69 48 66 69 7f 9b f1 5f f0 d6 f0 8a 92 08 21 0d ff 00,"<G0001>
<CTRL:12><CTRL:00><G0041>P・MPが全回復した
<G0001>","<G0001>
<CTRL:12><CTRL:00>HP·MP가 모두 회복됐다
<G0001>",41 08 12 00 61 69 48 66 69 6A 20 D2 AA 20 EC 20 F0 3B F8 92 08 41 0D FF 00,,"[{""offset"": -5, ""raw_hex"": ""80 0e 00 00 00"", ""kind"": ""MESSAGE_HEADER"", ""opcode"": 128, ""argument"": 0}, {""offset"": 1, ""raw_hex"": ""08"", ""kind"": ""LINE_BREAK""}, {""offset"": 2, ""raw_hex"": ""12"", ""kind"": ""UNKNOWN_CONTROL""}, {""offset"": 3, ""raw_hex"": ""00"", ""kind"": ""UNKNOWN_CONTROL""}, {""offset"": 18, ""raw_hex"": ""08"", ""kind"": ""LINE_BREAK""}, {""offset"": 20, ""raw_hex"": ""0d ff 00"", ""kind"": ""MESSAGE_END""}]",REVIEW_1,NO,필드 안내 런타임 신고 및 0x4000/0x6000 전수 조사 반영.,PROVEN: scenario field/tutorial message; member_type=0x6000.
FIELD_RESOURCE_01170601_R00740000_M6000_0001,SCENARIO,field_resource_message,DATA/01170601.MDZ,DATA/01170601.MDT,0x00740000,01170601,559,0x009396ad,0x009396a8,21 08 12 00 61 69 48 66 69 7f 9b f1 5f f0 d6 f0 8a 92 08 21 0d ff 00,"<G0001>
<CTRL:12><CTRL:00><G0041>P・MPが全回復した
<G0001>","<G0001>
<CTRL:12><CTRL:00>HP·MP가 모두 회복됐다
<G0001>",41 08 12 00 61 69 48 66 69 6A 20 D2 AA 20 EC 20 F0 3B F8 92 08 41 0D FF 00,,"[{""offset"": -5, ""raw_hex"": ""80 0e 00 00 00"", ""kind"": ""MESSAGE_HEADER"", ""opcode"": 128, ""argument"": 0}, {""offset"": 1, ""raw_hex"": ""08"", ""kind"": ""LINE_BREAK""}, {""offset"": 2, ""raw_hex"": ""12"", ""kind"": ""UNKNOWN_CONTROL""}, {""offset"": 3, ""raw_hex"": ""00"", ""kind"": ""UNKNOWN_CONTROL""}, {""offset"": 18, ""raw_hex"": ""08"", ""kind"": ""LINE_BREAK""}, {""offset"": 20, ""raw_hex"": ""0d ff 00"", ""kind"": ""MESSAGE_END""}]",REVIEW_1,NO,필드 안내 런타임 신고 및 0x4000/0x6000 전수 조사 반영.,PROVEN: scenario field/tutorial message; member_type=0x6000.
FIELD_RESOURCE_01170601_R00740000_M6000_0002,SCENARIO,field_resource_message,DATA/01170601.MDZ,DATA/01170601.MDT,0x00740000,01170601,560,0x0093977f,0x0093977a,21 08 12 00 61 69 48 66 69 7f 9b f1 5f f0 d6 f0 8a 92 08 21 0d ff 00,"<G0001>
<CTRL:12><CTRL:00><G0041>P・MPが全回復した
<G0001>","<G0001>
<CTRL:12><CTRL:00>HP·MP가 모두 회복됐다
<G0001>",41 08 12 00 61 69 48 66 69 6A 20 D2 AA 20 EC 20 F0 3B F8 92 08 41 0D FF 00,,"[{""offset"": -5, ""raw_hex"": ""80 0e 00 00 00"", ""kind"": ""MESSAGE_HEADER"", ""opcode"": 128, ""argument"": 0}, {""offset"": 1, ""raw_hex"": ""08"", ""kind"": ""LINE_BREAK""}, {""offset"": 2, ""raw_hex"": ""12"", ""kind"": ""UNKNOWN_CONTROL""}, {""offset"": 3, ""raw_hex"": ""00"", ""kind"": ""UNKNOWN_CONTROL""}, {""offset"": 18, ""raw_hex"": ""08"", ""kind"": ""LINE_BREAK""}, {""offset"": 20, ""raw_hex"": ""0d ff 00"", ""kind"": ""MESSAGE_END""}]",REVIEW_1,NO,필드 안내 런타임 신고 및 0x4000/0x6000 전수 조사 반영.,PROVEN: scenario field/tutorial message; member_type=0x6000.
FIELD_RESOURCE_01180101_R00740000_M6000_0001,SCENARIO,field_resource_message,DATA/01180101.MDZ,DATA/01180101.MDT,0x00740000,01180101,561,0x006bdd2d,0x006bdd28,21 08 12 00 61 69 48 66 69 7f 9b f1 5f f0 d6 f0 8a 92 08 21 0d ff 00,"<G0001>
<CTRL:12><CTRL:00><G0041>P・MPが全回復した
<G0001>","<G0001>
<CTRL:12><CTRL:00>HP·MP가 모두 회복됐다
<G0001>",41 08 12 00 61 69 48 66 69 6A 20 D2 AA 20 EC 20 F0 3B F8 92 08 41 0D FF 00,,"[{""offset"": -5, ""raw_hex"": ""80 0e 00 00 00"", ""kind"": ""MESSAGE_HEADER"", ""opcode"": 128, ""argument"": 0}, {""offset"": 1, ""raw_hex"": ""08"", ""kind"": ""LINE_BREAK""}, {""offset"": 2, ""raw_hex"": ""12"", ""kind"": ""UNKNOWN_CONTROL""}, {""offset"": 3, ""raw_hex"": ""00"", ""kind"": ""UNKNOWN_CONTROL""}, {""offset"": 18, ""raw_hex"": ""08"", ""kind"": ""LINE_BREAK""}, {""offset"": 20, ""raw_hex"": ""0d ff 00"", ""kind"": ""MESSAGE_END""}]",REVIEW_1,NO,필드 안내 런타임 신고 및 0x4000/0x6000 전수 조사 반영.,PROVEN: scenario field/tutorial message; member_type=0x6000.
FIELD_RESOURCE_01180101_R00740000_M6000_0002,SCENARIO,field_resource_message,DATA/01180101.MDZ,DATA/01180101.MDT,0x00740000,01180101,562,0x006bddff,0x006bddfa,21 08 12 00 61 69 48 66 69 7f 9b f1 5f f0 d6 f0 8a 92 08 21 0d ff 00,"<G0001>
<CTRL:12><CTRL:00><G0041>P・MPが全回復した
<G0001>","<G0001>
<CTRL:12><CTRL:00>HP·MP가 모두 회복됐다
<G0001>",41 08 12 00 61 69 48 66 69 6A 20 D2 AA 20 EC 20 F0 3B F8 92 08 41 0D FF 00,,"[{""offset"": -5, ""raw_hex"": ""80 0e 00 00 00"", ""kind"": ""MESSAGE_HEADER"", ""opcode"": 128, ""argument"": 0}, {""offset"": 1, ""raw_hex"": ""08"", ""kind"": ""LINE_BREAK""}, {""offset"": 2, ""raw_hex"": ""12"", ""kind"": ""UNKNOWN_CONTROL""}, {""offset"": 3, ""raw_hex"": ""00"", ""kind"": ""UNKNOWN_CONTROL""}, {""offset"": 18, ""raw_hex"": ""08"", ""kind"": ""LINE_BREAK""}, {""offset"": 20, ""raw_hex"": ""0d ff 00"", ""kind"": ""MESSAGE_END""}]",REVIEW_1,NO,필드 안내 런타임 신고 및 0x4000/0x6000 전수 조사 반영.,PROVEN: scenario field/tutorial message; member_type=0x6000.
FIELD_RESOURCE_01180301_R00740000_M6000_0001,SCENARIO,field_resource_message,DATA/01180301.MDZ,DATA/01180301.MDT,0x00740000,01180301,563,0x00c84e2d,0x00c84e28,21 08 12 00 61 69 48 66 69 7f 9b f1 5f f0 d6 f0 8a 92 08 21 0d ff 00,"<G0001>
<CTRL:12><CTRL:00><G0041>P・MPが全回復した
<G0001>","<G0001>
<CTRL:12><CTRL:00>HP·MP가 모두 회복됐다
<G0001>",41 08 12 00 61 69 48 66 69 6A 20 D2 AA 20 EC 20 F0 3B F8 92 08 41 0D FF 00,,"[{""offset"": -5, ""raw_hex"": ""80 0e 00 00 00"", ""kind"": ""MESSAGE_HEADER"", ""opcode"": 128, ""argument"": 0}, {""offset"": 1, ""raw_hex"": ""08"", ""kind"": ""LINE_BREAK""}, {""offset"": 2, ""raw_hex"": ""12"", ""kind"": ""UNKNOWN_CONTROL""}, {""offset"": 3, ""raw_hex"": ""00"", ""kind"": ""UNKNOWN_CONTROL""}, {""offset"": 18, ""raw_hex"": ""08"", ""kind"": ""LINE_BREAK""}, {""offset"": 20, ""raw_hex"": ""0d ff 00"", ""kind"": ""MESSAGE_END""}]",REVIEW_1,NO,필드 안내 런타임 신고 및 0x4000/0x6000 전수 조사 반영.,PROVEN: scenario field/tutorial message; member_type=0x6000.
FIELD_RESOURCE_01180301_R00740000_M6000_0002,SCENARIO,field_resource_message,DATA/01180301.MDZ,DATA/01180301.MDT,0x00740000,01180301,564,0x00c84eff,0x00c84efa,21 08 12 00 61 69 48 66 69 7f 9b f1 5f f0 d6 f0 8a 92 08 21 0d ff 00,"<G0001>
<CTRL:12><CTRL:00><G0041>P・MPが全回復した
<G0001>","<G0001>
<CTRL:12><CTRL:00>HP·MP가 모두 회복됐다
<G0001>",41 08 12 00 61 69 48 66 69 6A 20 D2 AA 20 EC 20 F0 3B F8 92 08 41 0D FF 00,,"[{""offset"": -5, ""raw_hex"": ""80 0e 00 00 00"", ""kind"": ""MESSAGE_HEADER"", ""opcode"": 128, ""argument"": 0}, {""offset"": 1, ""raw_hex"": ""08"", ""kind"": ""LINE_BREAK""}, {""offset"": 2, ""raw_hex"": ""12"", ""kind"": ""UNKNOWN_CONTROL""}, {""offset"": 3, ""raw_hex"": ""00"", ""kind"": ""UNKNOWN_CONTROL""}, {""offset"": 18, ""raw_hex"": ""08"", ""kind"": ""LINE_BREAK""}, {""offset"": 20, ""raw_hex"": ""0d ff 00"", ""kind"": ""MESSAGE_END""}]",REVIEW_1,NO,필드 안내 런타임 신고 및 0x4000/0x6000 전수 조사 반영.,PROVEN: scenario field/tutorial message; member_type=0x6000.
FIELD_RESOURCE_01180501_R00740000_M6000_0001,SCENARIO,field_resource_message,DATA/01180501.MDZ,DATA/01180501.MDT,0x00740000,01180501,565,0x0061492d,0x00614928,21 08 12 00 61 69 48 66 69 7f 9b f1 5f f0 d6 f0 8a 92 08 21 0d ff 00,"<G0001>
<CTRL:12><CTRL:00><G0041>P・MPが全回復した
<G0001>","<G0001>
<CTRL:12><CTRL:00>HP·MP가 모두 회복됐다
<G0001>",41 08 12 00 61 69 48 66 69 6A 20 D2 AA 20 EC 20 F0 3B F8 92 08 41 0D FF 00,,"[{""offset"": -5, ""raw_hex"": ""80 0e 00 00 00"", ""kind"": ""MESSAGE_HEADER"", ""opcode"": 128, ""argument"": 0}, {""offset"": 1, ""raw_hex"": ""08"", ""kind"": ""LINE_BREAK""}, {""offset"": 2, ""raw_hex"": ""12"", ""kind"": ""UNKNOWN_CONTROL""}, {""offset"": 3, ""raw_hex"": ""00"", ""kind"": ""UNKNOWN_CONTROL""}, {""offset"": 18, ""raw_hex"": ""08"", ""kind"": ""LINE_BREAK""}, {""offset"": 20, ""raw_hex"": ""0d ff 00"", ""kind"": ""MESSAGE_END""}]",REVIEW_1,NO,필드 안내 런타임 신고 및 0x4000/0x6000 전수 조사 반영.,PROVEN: scenario field/tutorial message; member_type=0x6000.
FIELD_RESOURCE_01180501_R00740000_M6000_0002,SCENARIO,field_resource_message,DATA/01180501.MDZ,DATA/01180501.MDT,0x00740000,01180501,566,0x006149ff,0x006149fa,21 08 12 00 61 69 48 66 69 7f 9b f1 5f f0 d6 f0 8a 92 08 21 0d ff 00,"<G0001>
<CTRL:12><CTRL:00><G0041>P・MPが全回復した
<G0001>","<G0001>
<CTRL:12><CTRL:00>HP·MP가 모두 회복됐다
<G0001>",41 08 12 00 61 69 48 66 69 6A 20 D2 AA 20 EC 20 F0 3B F8 92 08 41 0D FF 00,,"[{""offset"": -5, ""raw_hex"": ""80 0e 00 00 00"", ""kind"": ""MESSAGE_HEADER"", ""opcode"": 128, ""argument"": 0}, {""offset"": 1, ""raw_hex"": ""08"", ""kind"": ""LINE_BREAK""}, {""offset"": 2, ""raw_hex"": ""12"", ""kind"": ""UNKNOWN_CONTROL""}, {""offset"": 3, ""raw_hex"": ""00"", ""kind"": ""UNKNOWN_CONTROL""}, {""offset"": 18, ""raw_hex"": ""08"", ""kind"": ""LINE_BREAK""}, {""offset"": 20, ""raw_hex"": ""0d ff 00"", ""kind"": ""MESSAGE_END""}]",REVIEW_1,NO,필드 안내 런타임 신고 및 0x4000/0x6000 전수 조사 반영.,PROVEN: scenario field/tutorial message; member_type=0x6000.
FIELD_RESOURCE_01180604_R00740000_M6000_0001,SCENARIO,field_resource_message,DATA/01180604.MDZ,DATA/01180604.MDT,0x00740000,01180604,567,0x003cd52d,0x003cd528,21 08 12 00 61 69 48 66 69 7f 9b f1 5f f0 d6 f0 8a 92 08 21 0d ff 00,"<G0001>
<CTRL:12><CTRL:00><G0041>P・MPが全回復した
<G0001>","<G0001>
<CTRL:12><CTRL:00>HP·MP가 모두 회복됐다
<G0001>",41 08 12 00 61 69 48 66 69 6A 20 D2 AA 20 EC 20 F0 3B F8 92 08 41 0D FF 00,,"[{""offset"": -5, ""raw_hex"": ""80 0e 00 00 00"", ""kind"": ""MESSAGE_HEADER"", ""opcode"": 128, ""argument"": 0}, {""offset"": 1, ""raw_hex"": ""08"", ""kind"": ""LINE_BREAK""}, {""offset"": 2, ""raw_hex"": ""12"", ""kind"": ""UNKNOWN_CONTROL""}, {""offset"": 3, ""raw_hex"": ""00"", ""kind"": ""UNKNOWN_CONTROL""}, {""offset"": 18, ""raw_hex"": ""08"", ""kind"": ""LINE_BREAK""}, {""offset"": 20, ""raw_hex"": ""0d ff 00"", ""kind"": ""MESSAGE_END""}]",REVIEW_1,NO,필드 안내 런타임 신고 및 0x4000/0x6000 전수 조사 반영.,PROVEN: scenario field/tutorial message; member_type=0x6000.
FIELD_RESOURCE_01180604_R00740000_M6000_0002,SCENARIO,field_resource_message,DATA/01180604.MDZ,DATA/01180604.MDT,0x00740000,01180604,568,0x003cd5ff,0x003cd5fa,21 08 12 00 61 69 48 66 69 7f 9b f1 5f f0 d6 f0 8a 92 08 21 0d ff 00,"<G0001>
<CTRL:12><CTRL:00><G0041>P・MPが全回復した
<G0001>","<G0001>
<CTRL:12><CTRL:00>HP·MP가 모두 회복됐다
<G0001>",41 08 12 00 61 69 48 66 69 6A 20 D2 AA 20 EC 20 F0 3B F8 92 08 41 0D FF 00,,"[{""offset"": -5, ""raw_hex"": ""80 0e 00 00 00"", ""kind"": ""MESSAGE_HEADER"", ""opcode"": 128, ""argument"": 0}, {""offset"": 1, ""raw_hex"": ""08"", ""kind"": ""LINE_BREAK""}, {""offset"": 2, ""raw_hex"": ""12"", ""kind"": ""UNKNOWN_CONTROL""}, {""offset"": 3, ""raw_hex"": ""00"", ""kind"": ""UNKNOWN_CONTROL""}, {""offset"": 18, ""raw_hex"": ""08"", ""kind"": ""LINE_BREAK""}, {""offset"": 20, ""raw_hex"": ""0d ff 00"", ""kind"": ""MESSAGE_END""}]",REVIEW_1,NO,필드 안내 런타임 신고 및 0x4000/0x6000 전수 조사 반영.,PROVEN: scenario field/tutorial message; member_type=0x6000.
FIELD_RESOURCE_01190301_R00740000_M6000_0001,SCENARIO,field_resource_message,DATA/01190301.MDZ,DATA/01190301.MDT,0x00740000,01190301,569,0x00a89f2d,0x00a89f28,21 08 12 00 61 69 48 66 69 7f 9b f1 5f f0 d6 f0 8a 92 08 21 0d ff 00,"<G0001>
<CTRL:12><CTRL:00><G0041>P・MPが全回復した
<G0001>","<G0001>
<CTRL:12><CTRL:00>HP·MP가 모두 회복됐다
<G0001>",41 08 12 00 61 69 48 66 69 6A 20 D2 AA 20 EC 20 F0 3B F8 92 08 41 0D FF 00,,"[{""offset"": -5, ""raw_hex"": ""80 0e 00 00 00"", ""kind"": ""MESSAGE_HEADER"", ""opcode"": 128, ""argument"": 0}, {""offset"": 1, ""raw_hex"": ""08"", ""kind"": ""LINE_BREAK""}, {""offset"": 2, ""raw_hex"": ""12"", ""kind"": ""UNKNOWN_CONTROL""}, {""offset"": 3, ""raw_hex"": ""00"", ""kind"": ""UNKNOWN_CONTROL""}, {""offset"": 18, ""raw_hex"": ""08"", ""kind"": ""LINE_BREAK""}, {""offset"": 20, ""raw_hex"": ""0d ff 00"", ""kind"": ""MESSAGE_END""}]",REVIEW_1,NO,필드 안내 런타임 신고 및 0x4000/0x6000 전수 조사 반영.,PROVEN: scenario field/tutorial message; member_type=0x6000.
FIELD_RESOURCE_01190301_R00740000_M6000_0002,SCENARIO,field_resource_message,DATA/01190301.MDZ,DATA/01190301.MDT,0x00740000,01190301,570,0x00a89fff,0x00a89ffa,21 08 12 00 61 69 48 66 69 7f 9b f1 5f f0 d6 f0 8a 92 08 21 0d ff 00,"<G0001>
<CTRL:12><CTRL:00><G0041>P・MPが全回復した
<G0001>","<G0001>
<CTRL:12><CTRL:00>HP·MP가 모두 회복됐다
<G0001>",41 08 12 00 61 69 48 66 69 6A 20 D2 AA 20 EC 20 F0 3B F8 92 08 41 0D FF 00,,"[{""offset"": -5, ""raw_hex"": ""80 0e 00 00 00"", ""kind"": ""MESSAGE_HEADER"", ""opcode"": 128, ""argument"": 0}, {""offset"": 1, ""raw_hex"": ""08"", ""kind"": ""LINE_BREAK""}, {""offset"": 2, ""raw_hex"": ""12"", ""kind"": ""UNKNOWN_CONTROL""}, {""offset"": 3, ""raw_hex"": ""00"", ""kind"": ""UNKNOWN_CONTROL""}, {""offset"": 18, ""raw_hex"": ""08"", ""kind"": ""LINE_BREAK""}, {""offset"": 20, ""raw_hex"": ""0d ff 00"", ""kind"": ""MESSAGE_END""}]",REVIEW_1,NO,필드 안내 런타임 신고 및 0x4000/0x6000 전수 조사 반영.,PROVEN: scenario field/tutorial message; member_type=0x6000.
FIELD_RESOURCE_01200101_R00740000_M6000_0001,SCENARIO,field_resource_message,DATA/01200101.MDZ,DATA/01200101.MDT,0x00740000,01200101,571,0x00d9722d,0x00d97228,21 08 12 00 61 69 48 66 69 7f 9b f1 5f f0 d6 f0 8a 92 08 21 0d ff 00,"<G0001>
<CTRL:12><CTRL:00><G0041>P・MPが全回復した
<G0001>","<G0001>
<CTRL:12><CTRL:00>HP·MP가 모두 회복됐다
<G0001>",41 08 12 00 61 69 48 66 69 6A 20 D2 AA 20 EC 20 F0 3B F8 92 08 41 0D FF 00,,"[{""offset"": -5, ""raw_hex"": ""80 0e 00 00 00"", ""kind"": ""MESSAGE_HEADER"", ""opcode"": 128, ""argument"": 0}, {""offset"": 1, ""raw_hex"": ""08"", ""kind"": ""LINE_BREAK""}, {""offset"": 2, ""raw_hex"": ""12"", ""kind"": ""UNKNOWN_CONTROL""}, {""offset"": 3, ""raw_hex"": ""00"", ""kind"": ""UNKNOWN_CONTROL""}, {""offset"": 18, ""raw_hex"": ""08"", ""kind"": ""LINE_BREAK""}, {""offset"": 20, ""raw_hex"": ""0d ff 00"", ""kind"": ""MESSAGE_END""}]",REVIEW_1,NO,필드 안내 런타임 신고 및 0x4000/0x6000 전수 조사 반영.,PROVEN: scenario field/tutorial message; member_type=0x6000.
FIELD_RESOURCE_01200101_R00740000_M6000_0002,SCENARIO,field_resource_message,DATA/01200101.MDZ,DATA/01200101.MDT,0x00740000,01200101,572,0x00d972ff,0x00d972fa,21 08 12 00 61 69 48 66 69 7f 9b f1 5f f0 d6 f0 8a 92 08 21 0d ff 00,"<G0001>
<CTRL:12><CTRL:00><G0041>P・MPが全回復した
<G0001>","<G0001>
<CTRL:12><CTRL:00>HP·MP가 모두 회복됐다
<G0001>",41 08 12 00 61 69 48 66 69 6A 20 D2 AA 20 EC 20 F0 3B F8 92 08 41 0D FF 00,,"[{""offset"": -5, ""raw_hex"": ""80 0e 00 00 00"", ""kind"": ""MESSAGE_HEADER"", ""opcode"": 128, ""argument"": 0}, {""offset"": 1, ""raw_hex"": ""08"", ""kind"": ""LINE_BREAK""}, {""offset"": 2, ""raw_hex"": ""12"", ""kind"": ""UNKNOWN_CONTROL""}, {""offset"": 3, ""raw_hex"": ""00"", ""kind"": ""UNKNOWN_CONTROL""}, {""offset"": 18, ""raw_hex"": ""08"", ""kind"": ""LINE_BREAK""}, {""offset"": 20, ""raw_hex"": ""0d ff 00"", ""kind"": ""MESSAGE_END""}]",REVIEW_1,NO,필드 안내 런타임 신고 및 0x4000/0x6000 전수 조사 반영.,PROVEN: scenario field/tutorial message; member_type=0x6000.
FIELD_RESOURCE_01200103_R00740000_M6000_0001,SCENARIO,field_resource_message,DATA/01200103.MDZ,DATA/01200103.MDT,0x00740000,01200103,573,0x006000ad,0x006000a8,21 08 12 00 61 69 48 66 69 7f 9b f1 5f f0 d6 f0 8a 92 08 21 0d ff 00,"<G0001>
<CTRL:12><CTRL:00><G0041>P・MPが全回復した
<G0001>","<G0001>
<CTRL:12><CTRL:00>HP·MP가 모두 회복됐다
<G0001>",41 08 12 00 61 69 48 66 69 6A 20 D2 AA 20 EC 20 F0 3B F8 92 08 41 0D FF 00,,"[{""offset"": -5, ""raw_hex"": ""80 0e 00 00 00"", ""kind"": ""MESSAGE_HEADER"", ""opcode"": 128, ""argument"": 0}, {""offset"": 1, ""raw_hex"": ""08"", ""kind"": ""LINE_BREAK""}, {""offset"": 2, ""raw_hex"": ""12"", ""kind"": ""UNKNOWN_CONTROL""}, {""offset"": 3, ""raw_hex"": ""00"", ""kind"": ""UNKNOWN_CONTROL""}, {""offset"": 18, ""raw_hex"": ""08"", ""kind"": ""LINE_BREAK""}, {""offset"": 20, ""raw_hex"": ""0d ff 00"", ""kind"": ""MESSAGE_END""}]",REVIEW_1,NO,필드 안내 런타임 신고 및 0x4000/0x6000 전수 조사 반영.,PROVEN: scenario field/tutorial message; member_type=0x6000.
FIELD_RESOURCE_01200103_R00740000_M6000_0002,SCENARIO,field_resource_message,DATA/01200103.MDZ,DATA/01200103.MDT,0x00740000,01200103,574,0x0060017f,0x0060017a,21 08 12 00 61 69 48 66 69 7f 9b f1 5f f0 d6 f0 8a 92 08 21 0d ff 00,"<G0001>
<CTRL:12><CTRL:00><G0041>P・MPが全回復した
<G0001>","<G0001>
<CTRL:12><CTRL:00>HP·MP가 모두 회복됐다
<G0001>",41 08 12 00 61 69 48 66 69 6A 20 D2 AA 20 EC 20 F0 3B F8 92 08 41 0D FF 00,,"[{""offset"": -5, ""raw_hex"": ""80 0e 00 00 00"", ""kind"": ""MESSAGE_HEADER"", ""opcode"": 128, ""argument"": 0}, {""offset"": 1, ""raw_hex"": ""08"", ""kind"": ""LINE_BREAK""}, {""offset"": 2, ""raw_hex"": ""12"", ""kind"": ""UNKNOWN_CONTROL""}, {""offset"": 3, ""raw_hex"": ""00"", ""kind"": ""UNKNOWN_CONTROL""}, {""offset"": 18, ""raw_hex"": ""08"", ""kind"": ""LINE_BREAK""}, {""offset"": 20, ""raw_hex"": ""0d ff 00"", ""kind"": ""MESSAGE_END""}]",REVIEW_1,NO,필드 안내 런타임 신고 및 0x4000/0x6000 전수 조사 반영.,PROVEN: scenario field/tutorial message; member_type=0x6000.
FIELD_RESOURCE_01200105_R00740000_M6000_0001,SCENARIO,field_resource_message,DATA/01200105.MDZ,DATA/01200105.MDT,0x00740000,01200105,575,0x00b8b02d,0x00b8b028,21 08 12 00 61 69 48 66 69 7f 9b f1 5f f0 d6 f0 8a 92 08 21 0d ff 00,"<G0001>
<CTRL:12><CTRL:00><G0041>P・MPが全回復した
<G0001>","<G0001>
<CTRL:12><CTRL:00>HP·MP가 모두 회복됐다
<G0001>",41 08 12 00 61 69 48 66 69 6A 20 D2 AA 20 EC 20 F0 3B F8 92 08 41 0D FF 00,,"[{""offset"": -5, ""raw_hex"": ""80 0e 00 00 00"", ""kind"": ""MESSAGE_HEADER"", ""opcode"": 128, ""argument"": 0}, {""offset"": 1, ""raw_hex"": ""08"", ""kind"": ""LINE_BREAK""}, {""offset"": 2, ""raw_hex"": ""12"", ""kind"": ""UNKNOWN_CONTROL""}, {""offset"": 3, ""raw_hex"": ""00"", ""kind"": ""UNKNOWN_CONTROL""}, {""offset"": 18, ""raw_hex"": ""08"", ""kind"": ""LINE_BREAK""}, {""offset"": 20, ""raw_hex"": ""0d ff 00"", ""kind"": ""MESSAGE_END""}]",REVIEW_1,NO,필드 안내 런타임 신고 및 0x4000/0x6000 전수 조사 반영.,PROVEN: scenario field/tutorial message; member_type=0x6000.
FIELD_RESOURCE_01200105_R00740000_M6000_0002,SCENARIO,field_resource_message,DATA/01200105.MDZ,DATA/01200105.MDT,0x00740000,01200105,576,0x00b8b0ff,0x00b8b0fa,21 08 12 00 61 69 48 66 69 7f 9b f1 5f f0 d6 f0 8a 92 08 21 0d ff 00,"<G0001>
<CTRL:12><CTRL:00><G0041>P・MPが全回復した
<G0001>","<G0001>
<CTRL:12><CTRL:00>HP·MP가 모두 회복됐다
<G0001>",41 08 12 00 61 69 48 66 69 6A 20 D2 AA 20 EC 20 F0 3B F8 92 08 41 0D FF 00,,"[{""offset"": -5, ""raw_hex"": ""80 0e 00 00 00"", ""kind"": ""MESSAGE_HEADER"", ""opcode"": 128, ""argument"": 0}, {""offset"": 1, ""raw_hex"": ""08"", ""kind"": ""LINE_BREAK""}, {""offset"": 2, ""raw_hex"": ""12"", ""kind"": ""UNKNOWN_CONTROL""}, {""offset"": 3, ""raw_hex"": ""00"", ""kind"": ""UNKNOWN_CONTROL""}, {""offset"": 18, ""raw_hex"": ""08"", ""kind"": ""LINE_BREAK""}, {""offset"": 20, ""raw_hex"": ""0d ff 00"", ""kind"": ""MESSAGE_END""}]",REVIEW_1,NO,필드 안내 런타임 신고 및 0x4000/0x6000 전수 조사 반영.,PROVEN: scenario field/tutorial message; member_type=0x6000.
FIELD_RESOURCE_01210101_R00740000_M6000_0001,SCENARIO,field_resource_message,DATA/01210101.MDZ,DATA/01210101.MDT,0x00740000,01210101,577,0x004ccbcd,0x004ccbc8,21 08 12 00 61 69 48 66 69 7f 9b f1 5f f0 d6 f0 8a 92 08 21 0d ff 00,"<G0001>
<CTRL:12><CTRL:00><G0041>P・MPが全回復した
<G0001>","<G0001>
<CTRL:12><CTRL:00>HP·MP가 모두 회복됐다
<G0001>",41 08 12 00 61 69 48 66 69 6A 20 D2 AA 20 EC 20 F0 3B F8 92 08 41 0D FF 00,,"[{""offset"": -5, ""raw_hex"": ""80 0e 00 00 00"", ""kind"": ""MESSAGE_HEADER"", ""opcode"": 128, ""argument"": 0}, {""offset"": 1, ""raw_hex"": ""08"", ""kind"": ""LINE_BREAK""}, {""offset"": 2, ""raw_hex"": ""12"", ""kind"": ""UNKNOWN_CONTROL""}, {""offset"": 3, ""raw_hex"": ""00"", ""kind"": ""UNKNOWN_CONTROL""}, {""offset"": 18, ""raw_hex"": ""08"", ""kind"": ""LINE_BREAK""}, {""offset"": 20, ""raw_hex"": ""0d ff 00"", ""kind"": ""MESSAGE_END""}]",REVIEW_1,NO,필드 안내 런타임 신고 및 0x4000/0x6000 전수 조사 반영.,PROVEN: scenario field/tutorial message; member_type=0x6000.
FIELD_RESOURCE_01210101_R00740000_M6000_0002,SCENARIO,field_resource_message,DATA/01210101.MDZ,DATA/01210101.MDT,0x00740000,01210101,578,0x004ccc9f,0x004ccc9a,21 08 12 00 61 69 48 66 69 7f 9b f1 5f f0 d6 f0 8a 92 08 21 0d ff 00,"<G0001>
<CTRL:12><CTRL:00><G0041>P・MPが全回復した
<G0001>","<G0001>
<CTRL:12><CTRL:00>HP·MP가 모두 회복됐다
<G0001>",41 08 12 00 61 69 48 66 69 6A 20 D2 AA 20 EC 20 F0 3B F8 92 08 41 0D FF 00,,"[{""offset"": -5, ""raw_hex"": ""80 0e 00 00 00"", ""kind"": ""MESSAGE_HEADER"", ""opcode"": 128, ""argument"": 0}, {""offset"": 1, ""raw_hex"": ""08"", ""kind"": ""LINE_BREAK""}, {""offset"": 2, ""raw_hex"": ""12"", ""kind"": ""UNKNOWN_CONTROL""}, {""offset"": 3, ""raw_hex"": ""00"", ""kind"": ""UNKNOWN_CONTROL""}, {""offset"": 18, ""raw_hex"": ""08"", ""kind"": ""LINE_BREAK""}, {""offset"": 20, ""raw_hex"": ""0d ff 00"", ""kind"": ""MESSAGE_END""}]",REVIEW_1,NO,필드 안내 런타임 신고 및 0x4000/0x6000 전수 조사 반영.,PROVEN: scenario field/tutorial message; member_type=0x6000.
FIELD_RESOURCE_01210301_R00740000_M6000_0001,SCENARIO,field_resource_message,DATA/01210301.MDZ,DATA/01210301.MDT,0x00740000,01210301,579,0x00334ebd,0x00334eb8,21 08 12 00 61 69 48 66 69 7f 9b f1 5f f0 d6 f0 8a 92 08 21 0d ff 00,"<G0001>
<CTRL:12><CTRL:00><G0041>P・MPが全回復した
<G0001>","<G0001>
<CTRL:12><CTRL:00>HP·MP가 모두 회복됐다
<G0001>",41 08 12 00 61 69 48 66 69 6A 20 D2 AA 20 EC 20 F0 3B F8 92 08 41 0D FF 00,,"[{""offset"": -5, ""raw_hex"": ""80 0e 00 00 00"", ""kind"": ""MESSAGE_HEADER"", ""opcode"": 128, ""argument"": 0}, {""offset"": 1, ""raw_hex"": ""08"", ""kind"": ""LINE_BREAK""}, {""offset"": 2, ""raw_hex"": ""12"", ""kind"": ""UNKNOWN_CONTROL""}, {""offset"": 3, ""raw_hex"": ""00"", ""kind"": ""UNKNOWN_CONTROL""}, {""offset"": 18, ""raw_hex"": ""08"", ""kind"": ""LINE_BREAK""}, {""offset"": 20, ""raw_hex"": ""0d ff 00"", ""kind"": ""MESSAGE_END""}]",REVIEW_1,NO,필드 안내 런타임 신고 및 0x4000/0x6000 전수 조사 반영.,PROVEN: scenario field/tutorial message; member_type=0x6000.
FIELD_RESOURCE_01210301_R00740000_M6000_0002,SCENARIO,field_resource_message,DATA/01210301.MDZ,DATA/01210301.MDT,0x00740000,01210301,580,0x00334f8f,0x00334f8a,21 08 12 00 61 69 48 66 69 7f 9b f1 5f f0 d6 f0 8a 92 08 21 0d ff 00,"<G0001>
<CTRL:12><CTRL:00><G0041>P・MPが全回復した
<G0001>","<G0001>
<CTRL:12><CTRL:00>HP·MP가 모두 회복됐다
<G0001>",41 08 12 00 61 69 48 66 69 6A 20 D2 AA 20 EC 20 F0 3B F8 92 08 41 0D FF 00,,"[{""offset"": -5, ""raw_hex"": ""80 0e 00 00 00"", ""kind"": ""MESSAGE_HEADER"", ""opcode"": 128, ""argument"": 0}, {""offset"": 1, ""raw_hex"": ""08"", ""kind"": ""LINE_BREAK""}, {""offset"": 2, ""raw_hex"": ""12"", ""kind"": ""UNKNOWN_CONTROL""}, {""offset"": 3, ""raw_hex"": ""00"", ""kind"": ""UNKNOWN_CONTROL""}, {""offset"": 18, ""raw_hex"": ""08"", ""kind"": ""LINE_BREAK""}, {""offset"": 20, ""raw_hex"": ""0d ff 00"", ""kind"": ""MESSAGE_END""}]",REVIEW_1,NO,필드 안내 런타임 신고 및 0x4000/0x6000 전수 조사 반영.,PROVEN: scenario field/tutorial message; member_type=0x6000.
FIELD_RESOURCE_01210401_R00740000_M6000_0001,SCENARIO,field_resource_message,DATA/01210401.MDZ,DATA/01210401.MDT,0x00740000,01210401,581,0x0048263d,0x00482638,21 08 12 00 61 69 48 66 69 7f 9b f1 5f f0 d6 f0 8a 92 08 21 0d ff 00,"<G0001>
<CTRL:12><CTRL:00><G0041>P・MPが全回復した
<G0001>","<G0001>
<CTRL:12><CTRL:00>HP·MP가 모두 회복됐다
<G0001>",41 08 12 00 61 69 48 66 69 6A 20 D2 AA 20 EC 20 F0 3B F8 92 08 41 0D FF 00,,"[{""offset"": -5, ""raw_hex"": ""80 0e 00 00 00"", ""kind"": ""MESSAGE_HEADER"", ""opcode"": 128, ""argument"": 0}, {""offset"": 1, ""raw_hex"": ""08"", ""kind"": ""LINE_BREAK""}, {""offset"": 2, ""raw_hex"": ""12"", ""kind"": ""UNKNOWN_CONTROL""}, {""offset"": 3, ""raw_hex"": ""00"", ""kind"": ""UNKNOWN_CONTROL""}, {""offset"": 18, ""raw_hex"": ""08"", ""kind"": ""LINE_BREAK""}, {""offset"": 20, ""raw_hex"": ""0d ff 00"", ""kind"": ""MESSAGE_END""}]",REVIEW_1,NO,필드 안내 런타임 신고 및 0x4000/0x6000 전수 조사 반영.,PROVEN: scenario field/tutorial message; member_type=0x6000.
FIELD_RESOURCE_01210401_R00740000_M6000_0002,SCENARIO,field_resource_message,DATA/01210401.MDZ,DATA/01210401.MDT,0x00740000,01210401,582,0x0048270f,0x0048270a,21 08 12 00 61 69 48 66 69 7f 9b f1 5f f0 d6 f0 8a 92 08 21 0d ff 00,"<G0001>
<CTRL:12><CTRL:00><G0041>P・MPが全回復した
<G0001>","<G0001>
<CTRL:12><CTRL:00>HP·MP가 모두 회복됐다
<G0001>",41 08 12 00 61 69 48 66 69 6A 20 D2 AA 20 EC 20 F0 3B F8 92 08 41 0D FF 00,,"[{""offset"": -5, ""raw_hex"": ""80 0e 00 00 00"", ""kind"": ""MESSAGE_HEADER"", ""opcode"": 128, ""argument"": 0}, {""offset"": 1, ""raw_hex"": ""08"", ""kind"": ""LINE_BREAK""}, {""offset"": 2, ""raw_hex"": ""12"", ""kind"": ""UNKNOWN_CONTROL""}, {""offset"": 3, ""raw_hex"": ""00"", ""kind"": ""UNKNOWN_CONTROL""}, {""offset"": 18, ""raw_hex"": ""08"", ""kind"": ""LINE_BREAK""}, {""offset"": 20, ""raw_hex"": ""0d ff 00"", ""kind"": ""MESSAGE_END""}]",REVIEW_1,NO,필드 안내 런타임 신고 및 0x4000/0x6000 전수 조사 반영.,PROVEN: scenario field/tutorial message; member_type=0x6000.
FIELD_RESOURCE_01210501_R00740000_M6000_0001,SCENARIO,field_resource_message,DATA/01210501.MDZ,DATA/01210501.MDT,0x00740000,01210501,583,0x002576bd,0x002576b8,21 08 12 00 61 69 48 66 69 7f 9b f1 5f f0 d6 f0 8a 92 08 21 0d ff 00,"<G0001>
<CTRL:12><CTRL:00><G0041>P・MPが全回復した
<G0001>","<G0001>
<CTRL:12><CTRL:00>HP·MP가 모두 회복됐다
<G0001>",41 08 12 00 61 69 48 66 69 6A 20 D2 AA 20 EC 20 F0 3B F8 92 08 41 0D FF 00,,"[{""offset"": -5, ""raw_hex"": ""80 0e 00 00 00"", ""kind"": ""MESSAGE_HEADER"", ""opcode"": 128, ""argument"": 0}, {""offset"": 1, ""raw_hex"": ""08"", ""kind"": ""LINE_BREAK""}, {""offset"": 2, ""raw_hex"": ""12"", ""kind"": ""UNKNOWN_CONTROL""}, {""offset"": 3, ""raw_hex"": ""00"", ""kind"": ""UNKNOWN_CONTROL""}, {""offset"": 18, ""raw_hex"": ""08"", ""kind"": ""LINE_BREAK""}, {""offset"": 20, ""raw_hex"": ""0d ff 00"", ""kind"": ""MESSAGE_END""}]",REVIEW_1,NO,필드 안내 런타임 신고 및 0x4000/0x6000 전수 조사 반영.,PROVEN: scenario field/tutorial message; member_type=0x6000.
FIELD_RESOURCE_01210501_R00740000_M6000_0002,SCENARIO,field_resource_message,DATA/01210501.MDZ,DATA/01210501.MDT,0x00740000,01210501,584,0x0025778f,0x0025778a,21 08 12 00 61 69 48 66 69 7f 9b f1 5f f0 d6 f0 8a 92 08 21 0d ff 00,"<G0001>
<CTRL:12><CTRL:00><G0041>P・MPが全回復した
<G0001>","<G0001>
<CTRL:12><CTRL:00>HP·MP가 모두 회복됐다
<G0001>",41 08 12 00 61 69 48 66 69 6A 20 D2 AA 20 EC 20 F0 3B F8 92 08 41 0D FF 00,,"[{""offset"": -5, ""raw_hex"": ""80 0e 00 00 00"", ""kind"": ""MESSAGE_HEADER"", ""opcode"": 128, ""argument"": 0}, {""offset"": 1, ""raw_hex"": ""08"", ""kind"": ""LINE_BREAK""}, {""offset"": 2, ""raw_hex"": ""12"", ""kind"": ""UNKNOWN_CONTROL""}, {""offset"": 3, ""raw_hex"": ""00"", ""kind"": ""UNKNOWN_CONTROL""}, {""offset"": 18, ""raw_hex"": ""08"", ""kind"": ""LINE_BREAK""}, {""offset"": 20, ""raw_hex"": ""0d ff 00"", ""kind"": ""MESSAGE_END""}]",REVIEW_1,NO,필드 안내 런타임 신고 및 0x4000/0x6000 전수 조사 반영.,PROVEN: scenario field/tutorial message; member_type=0x6000.
FIELD_RESOURCE_01210502_R00740000_M6000_0001,SCENARIO,field_resource_message,DATA/01210502.MDZ,DATA/01210502.MDT,0x00740000,01210502,585,0x0041d92d,0x0041d928,21 08 12 00 61 69 48 66 69 7f 9b f1 5f f0 d6 f0 8a 92 08 21 0d ff 00,"<G0001>
<CTRL:12><CTRL:00><G0041>P・MPが全回復した
<G0001>","<G0001>
<CTRL:12><CTRL:00>HP·MP가 모두 회복됐다
<G0001>",41 08 12 00 61 69 48 66 69 6A 20 D2 AA 20 EC 20 F0 3B F8 92 08 41 0D FF 00,,"[{""offset"": -5, ""raw_hex"": ""80 0e 00 00 00"", ""kind"": ""MESSAGE_HEADER"", ""opcode"": 128, ""argument"": 0}, {""offset"": 1, ""raw_hex"": ""08"", ""kind"": ""LINE_BREAK""}, {""offset"": 2, ""raw_hex"": ""12"", ""kind"": ""UNKNOWN_CONTROL""}, {""offset"": 3, ""raw_hex"": ""00"", ""kind"": ""UNKNOWN_CONTROL""}, {""offset"": 18, ""raw_hex"": ""08"", ""kind"": ""LINE_BREAK""}, {""offset"": 20, ""raw_hex"": ""0d ff 00"", ""kind"": ""MESSAGE_END""}]",REVIEW_1,NO,필드 안내 런타임 신고 및 0x4000/0x6000 전수 조사 반영.,PROVEN: scenario field/tutorial message; member_type=0x6000.
FIELD_RESOURCE_01210502_R00740000_M6000_0002,SCENARIO,field_resource_message,DATA/01210502.MDZ,DATA/01210502.MDT,0x00740000,01210502,586,0x0041d9ff,0x0041d9fa,21 08 12 00 61 69 48 66 69 7f 9b f1 5f f0 d6 f0 8a 92 08 21 0d ff 00,"<G0001>
<CTRL:12><CTRL:00><G0041>P・MPが全回復した
<G0001>","<G0001>
<CTRL:12><CTRL:00>HP·MP가 모두 회복됐다
<G0001>",41 08 12 00 61 69 48 66 69 6A 20 D2 AA 20 EC 20 F0 3B F8 92 08 41 0D FF 00,,"[{""offset"": -5, ""raw_hex"": ""80 0e 00 00 00"", ""kind"": ""MESSAGE_HEADER"", ""opcode"": 128, ""argument"": 0}, {""offset"": 1, ""raw_hex"": ""08"", ""kind"": ""LINE_BREAK""}, {""offset"": 2, ""raw_hex"": ""12"", ""kind"": ""UNKNOWN_CONTROL""}, {""offset"": 3, ""raw_hex"": ""00"", ""kind"": ""UNKNOWN_CONTROL""}, {""offset"": 18, ""raw_hex"": ""08"", ""kind"": ""LINE_BREAK""}, {""offset"": 20, ""raw_hex"": ""0d ff 00"", ""kind"": ""MESSAGE_END""}]",REVIEW_1,NO,필드 안내 런타임 신고 및 0x4000/0x6000 전수 조사 반영.,PROVEN: scenario field/tutorial message; member_type=0x6000.
FIELD_RESOURCE_01210701_R00740000_M6000_0001,SCENARIO,field_resource_message,DATA/01210701.MDZ,DATA/01210701.MDT,0x00740000,01210701,587,0x00649cad,0x00649ca8,21 08 12 00 61 69 48 66 69 7f 9b f1 5f f0 d6 f0 8a 92 08 21 0d ff 00,"<G0001>
<CTRL:12><CTRL:00><G0041>P・MPが全回復した
<G0001>","<G0001>
<CTRL:12><CTRL:00>HP·MP가 모두 회복됐다
<G0001>",41 08 12 00 61 69 48 66 69 6A 20 D2 AA 20 EC 20 F0 3B F8 92 08 41 0D FF 00,,"[{""offset"": -5, ""raw_hex"": ""80 0e 00 00 00"", ""kind"": ""MESSAGE_HEADER"", ""opcode"": 128, ""argument"": 0}, {""offset"": 1, ""raw_hex"": ""08"", ""kind"": ""LINE_BREAK""}, {""offset"": 2, ""raw_hex"": ""12"", ""kind"": ""UNKNOWN_CONTROL""}, {""offset"": 3, ""raw_hex"": ""00"", ""kind"": ""UNKNOWN_CONTROL""}, {""offset"": 18, ""raw_hex"": ""08"", ""kind"": ""LINE_BREAK""}, {""offset"": 20, ""raw_hex"": ""0d ff 00"", ""kind"": ""MESSAGE_END""}]",REVIEW_1,NO,필드 안내 런타임 신고 및 0x4000/0x6000 전수 조사 반영.,PROVEN: scenario field/tutorial message; member_type=0x6000.
FIELD_RESOURCE_01210701_R00740000_M6000_0002,SCENARIO,field_resource_message,DATA/01210701.MDZ,DATA/01210701.MDT,0x00740000,01210701,588,0x00649d7f,0x00649d7a,21 08 12 00 61 69 48 66 69 7f 9b f1 5f f0 d6 f0 8a 92 08 21 0d ff 00,"<G0001>
<CTRL:12><CTRL:00><G0041>P・MPが全回復した
<G0001>","<G0001>
<CTRL:12><CTRL:00>HP·MP가 모두 회복됐다
<G0001>",41 08 12 00 61 69 48 66 69 6A 20 D2 AA 20 EC 20 F0 3B F8 92 08 41 0D FF 00,,"[{""offset"": -5, ""raw_hex"": ""80 0e 00 00 00"", ""kind"": ""MESSAGE_HEADER"", ""opcode"": 128, ""argument"": 0}, {""offset"": 1, ""raw_hex"": ""08"", ""kind"": ""LINE_BREAK""}, {""offset"": 2, ""raw_hex"": ""12"", ""kind"": ""UNKNOWN_CONTROL""}, {""offset"": 3, ""raw_hex"": ""00"", ""kind"": ""UNKNOWN_CONTROL""}, {""offset"": 18, ""raw_hex"": ""08"", ""kind"": ""LINE_BREAK""}, {""offset"": 20, ""raw_hex"": ""0d ff 00"", ""kind"": ""MESSAGE_END""}]",REVIEW_1,NO,필드 안내 런타임 신고 및 0x4000/0x6000 전수 조사 반영.,PROVEN: scenario field/tutorial message; member_type=0x6000.
FIELD_RESOURCE_01210801_R00740000_M6000_0001,SCENARIO,field_resource_message,DATA/01210801.MDZ,DATA/01210801.MDT,0x00740000,01210801,589,0x004bb6cd,0x004bb6c8,21 08 12 00 61 69 48 66 69 7f 9b f1 5f f0 d6 f0 8a 92 08 21 0d ff 00,"<G0001>
<CTRL:12><CTRL:00><G0041>P・MPが全回復した
<G0001>","<G0001>
<CTRL:12><CTRL:00>HP·MP가 모두 회복됐다
<G0001>",41 08 12 00 61 69 48 66 69 6A 20 D2 AA 20 EC 20 F0 3B F8 92 08 41 0D FF 00,,"[{""offset"": -5, ""raw_hex"": ""80 0e 00 00 00"", ""kind"": ""MESSAGE_HEADER"", ""opcode"": 128, ""argument"": 0}, {""offset"": 1, ""raw_hex"": ""08"", ""kind"": ""LINE_BREAK""}, {""offset"": 2, ""raw_hex"": ""12"", ""kind"": ""UNKNOWN_CONTROL""}, {""offset"": 3, ""raw_hex"": ""00"", ""kind"": ""UNKNOWN_CONTROL""}, {""offset"": 18, ""raw_hex"": ""08"", ""kind"": ""LINE_BREAK""}, {""offset"": 20, ""raw_hex"": ""0d ff 00"", ""kind"": ""MESSAGE_END""}]",REVIEW_1,NO,필드 안내 런타임 신고 및 0x4000/0x6000 전수 조사 반영.,PROVEN: scenario field/tutorial message; member_type=0x6000.
FIELD_RESOURCE_01210801_R00740000_M6000_0002,SCENARIO,field_resource_message,DATA/01210801.MDZ,DATA/01210801.MDT,0x00740000,01210801,590,0x004bb79f,0x004bb79a,21 08 12 00 61 69 48 66 69 7f 9b f1 5f f0 d6 f0 8a 92 08 21 0d ff 00,"<G0001>
<CTRL:12><CTRL:00><G0041>P・MPが全回復した
<G0001>","<G0001>
<CTRL:12><CTRL:00>HP·MP가 모두 회복됐다
<G0001>",41 08 12 00 61 69 48 66 69 6A 20 D2 AA 20 EC 20 F0 3B F8 92 08 41 0D FF 00,,"[{""offset"": -5, ""raw_hex"": ""80 0e 00 00 00"", ""kind"": ""MESSAGE_HEADER"", ""opcode"": 128, ""argument"": 0}, {""offset"": 1, ""raw_hex"": ""08"", ""kind"": ""LINE_BREAK""}, {""offset"": 2, ""raw_hex"": ""12"", ""kind"": ""UNKNOWN_CONTROL""}, {""offset"": 3, ""raw_hex"": ""00"", ""kind"": ""UNKNOWN_CONTROL""}, {""offset"": 18, ""raw_hex"": ""08"", ""kind"": ""LINE_BREAK""}, {""offset"": 20, ""raw_hex"": ""0d ff 00"", ""kind"": ""MESSAGE_END""}]",REVIEW_1,NO,필드 안내 런타임 신고 및 0x4000/0x6000 전수 조사 반영.,PROVEN: scenario field/tutorial message; member_type=0x6000.
FIELD_RESOURCE_01210802_R00740000_M6000_0001,SCENARIO,field_resource_message,DATA/01210802.MDZ,DATA/01210802.MDT,0x00740000,01210802,591,0x0090af2d,0x0090af28,21 08 12 00 61 69 48 66 69 7f 9b f1 5f f0 d6 f0 8a 92 08 21 0d ff 00,"<G0001>
<CTRL:12><CTRL:00><G0041>P・MPが全回復した
<G0001>","<G0001>
<CTRL:12><CTRL:00>HP·MP가 모두 회복됐다
<G0001>",41 08 12 00 61 69 48 66 69 6A 20 D2 AA 20 EC 20 F0 3B F8 92 08 41 0D FF 00,,"[{""offset"": -5, ""raw_hex"": ""80 0e 00 00 00"", ""kind"": ""MESSAGE_HEADER"", ""opcode"": 128, ""argument"": 0}, {""offset"": 1, ""raw_hex"": ""08"", ""kind"": ""LINE_BREAK""}, {""offset"": 2, ""raw_hex"": ""12"", ""kind"": ""UNKNOWN_CONTROL""}, {""offset"": 3, ""raw_hex"": ""00"", ""kind"": ""UNKNOWN_CONTROL""}, {""offset"": 18, ""raw_hex"": ""08"", ""kind"": ""LINE_BREAK""}, {""offset"": 20, ""raw_hex"": ""0d ff 00"", ""kind"": ""MESSAGE_END""}]",REVIEW_1,NO,필드 안내 런타임 신고 및 0x4000/0x6000 전수 조사 반영.,PROVEN: scenario field/tutorial message; member_type=0x6000.
FIELD_RESOURCE_01210802_R00740000_M6000_0002,SCENARIO,field_resource_message,DATA/01210802.MDZ,DATA/01210802.MDT,0x00740000,01210802,592,0x0090afff,0x0090affa,21 08 12 00 61 69 48 66 69 7f 9b f1 5f f0 d6 f0 8a 92 08 21 0d ff 00,"<G0001>
<CTRL:12><CTRL:00><G0041>P・MPが全回復した
<G0001>","<G0001>
<CTRL:12><CTRL:00>HP·MP가 모두 회복됐다
<G0001>",41 08 12 00 61 69 48 66 69 6A 20 D2 AA 20 EC 20 F0 3B F8 92 08 41 0D FF 00,,"[{""offset"": -5, ""raw_hex"": ""80 0e 00 00 00"", ""kind"": ""MESSAGE_HEADER"", ""opcode"": 128, ""argument"": 0}, {""offset"": 1, ""raw_hex"": ""08"", ""kind"": ""LINE_BREAK""}, {""offset"": 2, ""raw_hex"": ""12"", ""kind"": ""UNKNOWN_CONTROL""}, {""offset"": 3, ""raw_hex"": ""00"", ""kind"": ""UNKNOWN_CONTROL""}, {""offset"": 18, ""raw_hex"": ""08"", ""kind"": ""LINE_BREAK""}, {""offset"": 20, ""raw_hex"": ""0d ff 00"", ""kind"": ""MESSAGE_END""}]",REVIEW_1,NO,필드 안내 런타임 신고 및 0x4000/0x6000 전수 조사 반영.,PROVEN: scenario field/tutorial message; member_type=0x6000.
FIELD_RESOURCE_01211001_R00740000_M6000_0001,SCENARIO,field_resource_message,DATA/01211001.MDZ,DATA/01211001.MDT,0x00740000,01211001,593,0x005f682d,0x005f6828,21 08 12 00 61 69 48 66 69 7f 9b f1 5f f0 d6 f0 8a 92 08 21 0d ff 00,"<G0001>
<CTRL:12><CTRL:00><G0041>P・MPが全回復した
<G0001>","<G0001>
<CTRL:12><CTRL:00>HP·MP가 모두 회복됐다
<G0001>",41 08 12 00 61 69 48 66 69 6A 20 D2 AA 20 EC 20 F0 3B F8 92 08 41 0D FF 00,,"[{""offset"": -5, ""raw_hex"": ""80 0e 00 00 00"", ""kind"": ""MESSAGE_HEADER"", ""opcode"": 128, ""argument"": 0}, {""offset"": 1, ""raw_hex"": ""08"", ""kind"": ""LINE_BREAK""}, {""offset"": 2, ""raw_hex"": ""12"", ""kind"": ""UNKNOWN_CONTROL""}, {""offset"": 3, ""raw_hex"": ""00"", ""kind"": ""UNKNOWN_CONTROL""}, {""offset"": 18, ""raw_hex"": ""08"", ""kind"": ""LINE_BREAK""}, {""offset"": 20, ""raw_hex"": ""0d ff 00"", ""kind"": ""MESSAGE_END""}]",REVIEW_1,NO,필드 안내 런타임 신고 및 0x4000/0x6000 전수 조사 반영.,PROVEN: scenario field/tutorial message; member_type=0x6000.
FIELD_RESOURCE_01211001_R00740000_M6000_0002,SCENARIO,field_resource_message,DATA/01211001.MDZ,DATA/01211001.MDT,0x00740000,01211001,594,0x005f68ff,0x005f68fa,21 08 12 00 61 69 48 66 69 7f 9b f1 5f f0 d6 f0 8a 92 08 21 0d ff 00,"<G0001>
<CTRL:12><CTRL:00><G0041>P・MPが全回復した
<G0001>","<G0001>
<CTRL:12><CTRL:00>HP·MP가 모두 회복됐다
<G0001>",41 08 12 00 61 69 48 66 69 6A 20 D2 AA 20 EC 20 F0 3B F8 92 08 41 0D FF 00,,"[{""offset"": -5, ""raw_hex"": ""80 0e 00 00 00"", ""kind"": ""MESSAGE_HEADER"", ""opcode"": 128, ""argument"": 0}, {""offset"": 1, ""raw_hex"": ""08"", ""kind"": ""LINE_BREAK""}, {""offset"": 2, ""raw_hex"": ""12"", ""kind"": ""UNKNOWN_CONTROL""}, {""offset"": 3, ""raw_hex"": ""00"", ""kind"": ""UNKNOWN_CONTROL""}, {""offset"": 18, ""raw_hex"": ""08"", ""kind"": ""LINE_BREAK""}, {""offset"": 20, ""raw_hex"": ""0d ff 00"", ""kind"": ""MESSAGE_END""}]",REVIEW_1,NO,필드 안내 런타임 신고 및 0x4000/0x6000 전수 조사 반영.,PROVEN: scenario field/tutorial message; member_type=0x6000.
FIELD_RESOURCE_01230101_R00740000_M6000_0001,SCENARIO,field_resource_message,DATA/01230101.MDZ,DATA/01230101.MDT,0x00740000,01230101,595,0x0057b1ad,0x0057b1a8,21 08 12 00 61 69 48 66 69 7f 9b f1 5f f0 d6 f0 8a 92 08 21 0d ff 00,"<G0001>
<CTRL:12><CTRL:00><G0041>P・MPが全回復した
<G0001>","<G0001>
<CTRL:12><CTRL:00>HP·MP가 모두 회복됐다
<G0001>",41 08 12 00 61 69 48 66 69 6A 20 D2 AA 20 EC 20 F0 3B F8 92 08 41 0D FF 00,,"[{""offset"": -5, ""raw_hex"": ""80 0e 00 00 00"", ""kind"": ""MESSAGE_HEADER"", ""opcode"": 128, ""argument"": 0}, {""offset"": 1, ""raw_hex"": ""08"", ""kind"": ""LINE_BREAK""}, {""offset"": 2, ""raw_hex"": ""12"", ""kind"": ""UNKNOWN_CONTROL""}, {""offset"": 3, ""raw_hex"": ""00"", ""kind"": ""UNKNOWN_CONTROL""}, {""offset"": 18, ""raw_hex"": ""08"", ""kind"": ""LINE_BREAK""}, {""offset"": 20, ""raw_hex"": ""0d ff 00"", ""kind"": ""MESSAGE_END""}]",REVIEW_1,NO,필드 안내 런타임 신고 및 0x4000/0x6000 전수 조사 반영.,PROVEN: scenario field/tutorial message; member_type=0x6000.
FIELD_RESOURCE_01230101_R00740000_M6000_0002,SCENARIO,field_resource_message,DATA/01230101.MDZ,DATA/01230101.MDT,0x00740000,01230101,596,0x0057b27f,0x0057b27a,21 08 12 00 61 69 48 66 69 7f 9b f1 5f f0 d6 f0 8a 92 08 21 0d ff 00,"<G0001>
<CTRL:12><CTRL:00><G0041>P・MPが全回復した
<G0001>","<G0001>
<CTRL:12><CTRL:00>HP·MP가 모두 회복됐다
<G0001>",41 08 12 00 61 69 48 66 69 6A 20 D2 AA 20 EC 20 F0 3B F8 92 08 41 0D FF 00,,"[{""offset"": -5, ""raw_hex"": ""80 0e 00 00 00"", ""kind"": ""MESSAGE_HEADER"", ""opcode"": 128, ""argument"": 0}, {""offset"": 1, ""raw_hex"": ""08"", ""kind"": ""LINE_BREAK""}, {""offset"": 2, ""raw_hex"": ""12"", ""kind"": ""UNKNOWN_CONTROL""}, {""offset"": 3, ""raw_hex"": ""00"", ""kind"": ""UNKNOWN_CONTROL""}, {""offset"": 18, ""raw_hex"": ""08"", ""kind"": ""LINE_BREAK""}, {""offset"": 20, ""raw_hex"": ""0d ff 00"", ""kind"": ""MESSAGE_END""}]",REVIEW_1,NO,필드 안내 런타임 신고 및 0x4000/0x6000 전수 조사 반영.,PROVEN: scenario field/tutorial message; member_type=0x6000.
FIELD_RESOURCE_01230701_R00740000_M6000_0001,SCENARIO,field_resource_message,DATA/01230701.MDZ,DATA/01230701.MDT,0x00740000,01230701,597,0x006715ad,0x006715a8,21 08 12 00 61 69 48 66 69 7f 9b f1 5f f0 d6 f0 8a 92 08 21 0d ff 00,"<G0001>
<CTRL:12><CTRL:00><G0041>P・MPが全回復した
<G0001>","<G0001>
<CTRL:12><CTRL:00>HP·MP가 모두 회복됐다
<G0001>",41 08 12 00 61 69 48 66 69 6A 20 D2 AA 20 EC 20 F0 3B F8 92 08 41 0D FF 00,,"[{""offset"": -5, ""raw_hex"": ""80 0e 00 00 00"", ""kind"": ""MESSAGE_HEADER"", ""opcode"": 128, ""argument"": 0}, {""offset"": 1, ""raw_hex"": ""08"", ""kind"": ""LINE_BREAK""}, {""offset"": 2, ""raw_hex"": ""12"", ""kind"": ""UNKNOWN_CONTROL""}, {""offset"": 3, ""raw_hex"": ""00"", ""kind"": ""UNKNOWN_CONTROL""}, {""offset"": 18, ""raw_hex"": ""08"", ""kind"": ""LINE_BREAK""}, {""offset"": 20, ""raw_hex"": ""0d ff 00"", ""kind"": ""MESSAGE_END""}]",REVIEW_1,NO,필드 안내 런타임 신고 및 0x4000/0x6000 전수 조사 반영.,PROVEN: scenario field/tutorial message; member_type=0x6000.
FIELD_RESOURCE_01230701_R00740000_M6000_0002,SCENARIO,field_resource_message,DATA/01230701.MDZ,DATA/01230701.MDT,0x00740000,01230701,598,0x0067167f,0x0067167a,21 08 12 00 61 69 48 66 69 7f 9b f1 5f f0 d6 f0 8a 92 08 21 0d ff 00,"<G0001>
<CTRL:12><CTRL:00><G0041>P・MPが全回復した
<G0001>","<G0001>
<CTRL:12><CTRL:00>HP·MP가 모두 회복됐다
<G0001>",41 08 12 00 61 69 48 66 69 6A 20 D2 AA 20 EC 20 F0 3B F8 92 08 41 0D FF 00,,"[{""offset"": -5, ""raw_hex"": ""80 0e 00 00 00"", ""kind"": ""MESSAGE_HEADER"", ""opcode"": 128, ""argument"": 0}, {""offset"": 1, ""raw_hex"": ""08"", ""kind"": ""LINE_BREAK""}, {""offset"": 2, ""raw_hex"": ""12"", ""kind"": ""UNKNOWN_CONTROL""}, {""offset"": 3, ""raw_hex"": ""00"", ""kind"": ""UNKNOWN_CONTROL""}, {""offset"": 18, ""raw_hex"": ""08"", ""kind"": ""LINE_BREAK""}, {""offset"": 20, ""raw_hex"": ""0d ff 00"", ""kind"": ""MESSAGE_END""}]",REVIEW_1,NO,필드 안내 런타임 신고 및 0x4000/0x6000 전수 조사 반영.,PROVEN: scenario field/tutorial message; member_type=0x6000.
FIELD_RESOURCE_01230901_R00740000_M6000_0001,SCENARIO,field_resource_message,DATA/01230901.MDZ,DATA/01230901.MDT,0x00740000,01230901,599,0x00acd2ad,0x00acd2a8,21 08 12 00 61 69 48 66 69 7f 9b f1 5f f0 d6 f0 8a 92 08 21 0d ff 00,"<G0001>
<CTRL:12><CTRL:00><G0041>P・MPが全回復した
<G0001>","<G0001>
<CTRL:12><CTRL:00>HP·MP가 모두 회복됐다
<G0001>",41 08 12 00 61 69 48 66 69 6A 20 D2 AA 20 EC 20 F0 3B F8 92 08 41 0D FF 00,,"[{""offset"": -5, ""raw_hex"": ""80 0e 00 00 00"", ""kind"": ""MESSAGE_HEADER"", ""opcode"": 128, ""argument"": 0}, {""offset"": 1, ""raw_hex"": ""08"", ""kind"": ""LINE_BREAK""}, {""offset"": 2, ""raw_hex"": ""12"", ""kind"": ""UNKNOWN_CONTROL""}, {""offset"": 3, ""raw_hex"": ""00"", ""kind"": ""UNKNOWN_CONTROL""}, {""offset"": 18, ""raw_hex"": ""08"", ""kind"": ""LINE_BREAK""}, {""offset"": 20, ""raw_hex"": ""0d ff 00"", ""kind"": ""MESSAGE_END""}]",REVIEW_1,NO,필드 안내 런타임 신고 및 0x4000/0x6000 전수 조사 반영.,PROVEN: scenario field/tutorial message; member_type=0x6000.
FIELD_RESOURCE_01230901_R00740000_M6000_0002,SCENARIO,field_resource_message,DATA/01230901.MDZ,DATA/01230901.MDT,0x00740000,01230901,600,0x00acd37f,0x00acd37a,21 08 12 00 61 69 48 66 69 7f 9b f1 5f f0 d6 f0 8a 92 08 21 0d ff 00,"<G0001>
<CTRL:12><CTRL:00><G0041>P・MPが全回復した
<G0001>","<G0001>
<CTRL:12><CTRL:00>HP·MP가 모두 회복됐다
<G0001>",41 08 12 00 61 69 48 66 69 6A 20 D2 AA 20 EC 20 F0 3B F8 92 08 41 0D FF 00,,"[{""offset"": -5, ""raw_hex"": ""80 0e 00 00 00"", ""kind"": ""MESSAGE_HEADER"", ""opcode"": 128, ""argument"": 0}, {""offset"": 1, ""raw_hex"": ""08"", ""kind"": ""LINE_BREAK""}, {""offset"": 2, ""raw_hex"": ""12"", ""kind"": ""UNKNOWN_CONTROL""}, {""offset"": 3, ""raw_hex"": ""00"", ""kind"": ""UNKNOWN_CONTROL""}, {""offset"": 18, ""raw_hex"": ""08"", ""kind"": ""LINE_BREAK""}, {""offset"": 20, ""raw_hex"": ""0d ff 00"", ""kind"": ""MESSAGE_END""}]",REVIEW_1,NO,필드 안내 런타임 신고 및 0x4000/0x6000 전수 조사 반영.,PROVEN: scenario field/tutorial message; member_type=0x6000.
FIELD_RESOURCE_01240401_R00740000_M6000_0001,SCENARIO,field_resource_message,DATA/01240401.MDZ,DATA/01240401.MDT,0x00740000,01240401,601,0x0072029d,0x00720298,21 08 12 00 61 69 48 66 69 7f 9b f1 5f f0 d6 f0 8a 92 08 21 0d ff 00,"<G0001>
<CTRL:12><CTRL:00><G0041>P・MPが全回復した
<G0001>","<G0001>
<CTRL:12><CTRL:00>HP·MP가 모두 회복됐다
<G0001>",41 08 12 00 61 69 48 66 69 6A 20 D2 AA 20 EC 20 F0 3B F8 92 08 41 0D FF 00,,"[{""offset"": -5, ""raw_hex"": ""80 0e 00 00 00"", ""kind"": ""MESSAGE_HEADER"", ""opcode"": 128, ""argument"": 0}, {""offset"": 1, ""raw_hex"": ""08"", ""kind"": ""LINE_BREAK""}, {""offset"": 2, ""raw_hex"": ""12"", ""kind"": ""UNKNOWN_CONTROL""}, {""offset"": 3, ""raw_hex"": ""00"", ""kind"": ""UNKNOWN_CONTROL""}, {""offset"": 18, ""raw_hex"": ""08"", ""kind"": ""LINE_BREAK""}, {""offset"": 20, ""raw_hex"": ""0d ff 00"", ""kind"": ""MESSAGE_END""}]",REVIEW_1,NO,필드 안내 런타임 신고 및 0x4000/0x6000 전수 조사 반영.,PROVEN: scenario field/tutorial message; member_type=0x6000.
FIELD_RESOURCE_01240401_R00740000_M6000_0002,SCENARIO,field_resource_message,DATA/01240401.MDZ,DATA/01240401.MDT,0x00740000,01240401,602,0x0072036f,0x0072036a,21 08 12 00 61 69 48 66 69 7f 9b f1 5f f0 d6 f0 8a 92 08 21 0d ff 00,"<G0001>
<CTRL:12><CTRL:00><G0041>P・MPが全回復した
<G0001>","<G0001>
<CTRL:12><CTRL:00>HP·MP가 모두 회복됐다
<G0001>",41 08 12 00 61 69 48 66 69 6A 20 D2 AA 20 EC 20 F0 3B F8 92 08 41 0D FF 00,,"[{""offset"": -5, ""raw_hex"": ""80 0e 00 00 00"", ""kind"": ""MESSAGE_HEADER"", ""opcode"": 128, ""argument"": 0}, {""offset"": 1, ""raw_hex"": ""08"", ""kind"": ""LINE_BREAK""}, {""offset"": 2, ""raw_hex"": ""12"", ""kind"": ""UNKNOWN_CONTROL""}, {""offset"": 3, ""raw_hex"": ""00"", ""kind"": ""UNKNOWN_CONTROL""}, {""offset"": 18, ""raw_hex"": ""08"", ""kind"": ""LINE_BREAK""}, {""offset"": 20, ""raw_hex"": ""0d ff 00"", ""kind"": ""MESSAGE_END""}]",REVIEW_1,NO,필드 안내 런타임 신고 및 0x4000/0x6000 전수 조사 반영.,PROVEN: scenario field/tutorial message; member_type=0x6000.
FIELD_RESOURCE_01240402_R00740000_M6000_0001,SCENARIO,field_resource_message,DATA/01240402.MDZ,DATA/01240402.MDT,0x00740000,01240402,603,0x00655c2d,0x00655c28,21 08 12 00 61 69 48 66 69 7f 9b f1 5f f0 d6 f0 8a 92 08 21 0d ff 00,"<G0001>
<CTRL:12><CTRL:00><G0041>P・MPが全回復した
<G0001>","<G0001>
<CTRL:12><CTRL:00>HP·MP가 모두 회복됐다
<G0001>",41 08 12 00 61 69 48 66 69 6A 20 D2 AA 20 EC 20 F0 3B F8 92 08 41 0D FF 00,,"[{""offset"": -5, ""raw_hex"": ""80 0e 00 00 00"", ""kind"": ""MESSAGE_HEADER"", ""opcode"": 128, ""argument"": 0}, {""offset"": 1, ""raw_hex"": ""08"", ""kind"": ""LINE_BREAK""}, {""offset"": 2, ""raw_hex"": ""12"", ""kind"": ""UNKNOWN_CONTROL""}, {""offset"": 3, ""raw_hex"": ""00"", ""kind"": ""UNKNOWN_CONTROL""}, {""offset"": 18, ""raw_hex"": ""08"", ""kind"": ""LINE_BREAK""}, {""offset"": 20, ""raw_hex"": ""0d ff 00"", ""kind"": ""MESSAGE_END""}]",REVIEW_1,NO,필드 안내 런타임 신고 및 0x4000/0x6000 전수 조사 반영.,PROVEN: scenario field/tutorial message; member_type=0x6000.
FIELD_RESOURCE_01240402_R00740000_M6000_0002,SCENARIO,field_resource_message,DATA/01240402.MDZ,DATA/01240402.MDT,0x00740000,01240402,604,0x00655cff,0x00655cfa,21 08 12 00 61 69 48 66 69 7f 9b f1 5f f0 d6 f0 8a 92 08 21 0d ff 00,"<G0001>
<CTRL:12><CTRL:00><G0041>P・MPが全回復した
<G0001>","<G0001>
<CTRL:12><CTRL:00>HP·MP가 모두 회복됐다
<G0001>",41 08 12 00 61 69 48 66 69 6A 20 D2 AA 20 EC 20 F0 3B F8 92 08 41 0D FF 00,,"[{""offset"": -5, ""raw_hex"": ""80 0e 00 00 00"", ""kind"": ""MESSAGE_HEADER"", ""opcode"": 128, ""argument"": 0}, {""offset"": 1, ""raw_hex"": ""08"", ""kind"": ""LINE_BREAK""}, {""offset"": 2, ""raw_hex"": ""12"", ""kind"": ""UNKNOWN_CONTROL""}, {""offset"": 3, ""raw_hex"": ""00"", ""kind"": ""UNKNOWN_CONTROL""}, {""offset"": 18, ""raw_hex"": ""08"", ""kind"": ""LINE_BREAK""}, {""offset"": 20, ""raw_hex"": ""0d ff 00"", ""kind"": ""MESSAGE_END""}]",REVIEW_1,NO,필드 안내 런타임 신고 및 0x4000/0x6000 전수 조사 반영.,PROVEN: scenario field/tutorial message; member_type=0x6000.
FIELD_RESOURCE_01240501_R00740000_M6000_0001,SCENARIO,field_resource_message,DATA/01240501.MDZ,DATA/01240501.MDT,0x00740000,01240501,605,0x006df09d,0x006df098,21 08 12 00 61 69 48 66 69 7f 9b f1 5f f0 d6 f0 8a 92 08 21 0d ff 00,"<G0001>
<CTRL:12><CTRL:00><G0041>P・MPが全回復した
<G0001>","<G0001>
<CTRL:12><CTRL:00>HP·MP가 모두 회복됐다
<G0001>",41 08 12 00 61 69 48 66 69 6A 20 D2 AA 20 EC 20 F0 3B F8 92 08 41 0D FF 00,,"[{""offset"": -5, ""raw_hex"": ""80 0e 00 00 00"", ""kind"": ""MESSAGE_HEADER"", ""opcode"": 128, ""argument"": 0}, {""offset"": 1, ""raw_hex"": ""08"", ""kind"": ""LINE_BREAK""}, {""offset"": 2, ""raw_hex"": ""12"", ""kind"": ""UNKNOWN_CONTROL""}, {""offset"": 3, ""raw_hex"": ""00"", ""kind"": ""UNKNOWN_CONTROL""}, {""offset"": 18, ""raw_hex"": ""08"", ""kind"": ""LINE_BREAK""}, {""offset"": 20, ""raw_hex"": ""0d ff 00"", ""kind"": ""MESSAGE_END""}]",REVIEW_1,NO,필드 안내 런타임 신고 및 0x4000/0x6000 전수 조사 반영.,PROVEN: scenario field/tutorial message; member_type=0x6000.
FIELD_RESOURCE_01240501_R00740000_M6000_0002,SCENARIO,field_resource_message,DATA/01240501.MDZ,DATA/01240501.MDT,0x00740000,01240501,606,0x006df16f,0x006df16a,21 08 12 00 61 69 48 66 69 7f 9b f1 5f f0 d6 f0 8a 92 08 21 0d ff 00,"<G0001>
<CTRL:12><CTRL:00><G0041>P・MPが全回復した
<G0001>","<G0001>
<CTRL:12><CTRL:00>HP·MP가 모두 회복됐다
<G0001>",41 08 12 00 61 69 48 66 69 6A 20 D2 AA 20 EC 20 F0 3B F8 92 08 41 0D FF 00,,"[{""offset"": -5, ""raw_hex"": ""80 0e 00 00 00"", ""kind"": ""MESSAGE_HEADER"", ""opcode"": 128, ""argument"": 0}, {""offset"": 1, ""raw_hex"": ""08"", ""kind"": ""LINE_BREAK""}, {""offset"": 2, ""raw_hex"": ""12"", ""kind"": ""UNKNOWN_CONTROL""}, {""offset"": 3, ""raw_hex"": ""00"", ""kind"": ""UNKNOWN_CONTROL""}, {""offset"": 18, ""raw_hex"": ""08"", ""kind"": ""LINE_BREAK""}, {""offset"": 20, ""raw_hex"": ""0d ff 00"", ""kind"": ""MESSAGE_END""}]",REVIEW_1,NO,필드 안내 런타임 신고 및 0x4000/0x6000 전수 조사 반영.,PROVEN: scenario field/tutorial message; member_type=0x6000.
FIELD_RESOURCE_01240601_R00740000_M6000_0001,SCENARIO,field_resource_message,DATA/01240601.MDZ,DATA/01240601.MDT,0x00740000,01240601,607,0x00a478ad,0x00a478a8,21 08 12 00 61 69 48 66 69 7f 9b f1 5f f0 d6 f0 8a 92 08 21 0d ff 00,"<G0001>
<CTRL:12><CTRL:00><G0041>P・MPが全回復した
<G0001>","<G0001>
<CTRL:12><CTRL:00>HP·MP가 모두 회복됐다
<G0001>",41 08 12 00 61 69 48 66 69 6A 20 D2 AA 20 EC 20 F0 3B F8 92 08 41 0D FF 00,,"[{""offset"": -5, ""raw_hex"": ""80 0e 00 00 00"", ""kind"": ""MESSAGE_HEADER"", ""opcode"": 128, ""argument"": 0}, {""offset"": 1, ""raw_hex"": ""08"", ""kind"": ""LINE_BREAK""}, {""offset"": 2, ""raw_hex"": ""12"", ""kind"": ""UNKNOWN_CONTROL""}, {""offset"": 3, ""raw_hex"": ""00"", ""kind"": ""UNKNOWN_CONTROL""}, {""offset"": 18, ""raw_hex"": ""08"", ""kind"": ""LINE_BREAK""}, {""offset"": 20, ""raw_hex"": ""0d ff 00"", ""kind"": ""MESSAGE_END""}]",REVIEW_1,NO,필드 안내 런타임 신고 및 0x4000/0x6000 전수 조사 반영.,PROVEN: scenario field/tutorial message; member_type=0x6000.
FIELD_RESOURCE_01240601_R00740000_M6000_0002,SCENARIO,field_resource_message,DATA/01240601.MDZ,DATA/01240601.MDT,0x00740000,01240601,608,0x00a4797f,0x00a4797a,21 08 12 00 61 69 48 66 69 7f 9b f1 5f f0 d6 f0 8a 92 08 21 0d ff 00,"<G0001>
<CTRL:12><CTRL:00><G0041>P・MPが全回復した
<G0001>","<G0001>
<CTRL:12><CTRL:00>HP·MP가 모두 회복됐다
<G0001>",41 08 12 00 61 69 48 66 69 6A 20 D2 AA 20 EC 20 F0 3B F8 92 08 41 0D FF 00,,"[{""offset"": -5, ""raw_hex"": ""80 0e 00 00 00"", ""kind"": ""MESSAGE_HEADER"", ""opcode"": 128, ""argument"": 0}, {""offset"": 1, ""raw_hex"": ""08"", ""kind"": ""LINE_BREAK""}, {""offset"": 2, ""raw_hex"": ""12"", ""kind"": ""UNKNOWN_CONTROL""}, {""offset"": 3, ""raw_hex"": ""00"", ""kind"": ""UNKNOWN_CONTROL""}, {""offset"": 18, ""raw_hex"": ""08"", ""kind"": ""LINE_BREAK""}, {""offset"": 20, ""raw_hex"": ""0d ff 00"", ""kind"": ""MESSAGE_END""}]",REVIEW_1,NO,필드 안내 런타임 신고 및 0x4000/0x6000 전수 조사 반영.,PROVEN: scenario field/tutorial message; member_type=0x6000.
FIELD_RESOURCE_01240701_R00740000_M6000_0001,SCENARIO,field_resource_message,DATA/01240701.MDZ,DATA/01240701.MDT,0x00740000,01240701,609,0x00b3e22d,0x00b3e228,21 08 12 00 61 69 48 66 69 7f 9b f1 5f f0 d6 f0 8a 92 08 21 0d ff 00,"<G0001>
<CTRL:12><CTRL:00><G0041>P・MPが全回復した
<G0001>","<G0001>
<CTRL:12><CTRL:00>HP·MP가 모두 회복됐다
<G0001>",41 08 12 00 61 69 48 66 69 6A 20 D2 AA 20 EC 20 F0 3B F8 92 08 41 0D FF 00,,"[{""offset"": -5, ""raw_hex"": ""80 0e 00 00 00"", ""kind"": ""MESSAGE_HEADER"", ""opcode"": 128, ""argument"": 0}, {""offset"": 1, ""raw_hex"": ""08"", ""kind"": ""LINE_BREAK""}, {""offset"": 2, ""raw_hex"": ""12"", ""kind"": ""UNKNOWN_CONTROL""}, {""offset"": 3, ""raw_hex"": ""00"", ""kind"": ""UNKNOWN_CONTROL""}, {""offset"": 18, ""raw_hex"": ""08"", ""kind"": ""LINE_BREAK""}, {""offset"": 20, ""raw_hex"": ""0d ff 00"", ""kind"": ""MESSAGE_END""}]",REVIEW_1,NO,필드 안내 런타임 신고 및 0x4000/0x6000 전수 조사 반영.,PROVEN: scenario field/tutorial message; member_type=0x6000.
FIELD_RESOURCE_01240701_R00740000_M6000_0002,SCENARIO,field_resource_message,DATA/01240701.MDZ,DATA/01240701.MDT,0x00740000,01240701,610,0x00b3e2ff,0x00b3e2fa,21 08 12 00 61 69 48 66 69 7f 9b f1 5f f0 d6 f0 8a 92 08 21 0d ff 00,"<G0001>
<CTRL:12><CTRL:00><G0041>P・MPが全回復した
<G0001>","<G0001>
<CTRL:12><CTRL:00>HP·MP가 모두 회복됐다
<G0001>",41 08 12 00 61 69 48 66 69 6A 20 D2 AA 20 EC 20 F0 3B F8 92 08 41 0D FF 00,,"[{""offset"": -5, ""raw_hex"": ""80 0e 00 00 00"", ""kind"": ""MESSAGE_HEADER"", ""opcode"": 128, ""argument"": 0}, {""offset"": 1, ""raw_hex"": ""08"", ""kind"": ""LINE_BREAK""}, {""offset"": 2, ""raw_hex"": ""12"", ""kind"": ""UNKNOWN_CONTROL""}, {""offset"": 3, ""raw_hex"": ""00"", ""kind"": ""UNKNOWN_CONTROL""}, {""offset"": 18, ""raw_hex"": ""08"", ""kind"": ""LINE_BREAK""}, {""offset"": 20, ""raw_hex"": ""0d ff 00"", ""kind"": ""MESSAGE_END""}]",REVIEW_1,NO,필드 안내 런타임 신고 및 0x4000/0x6000 전수 조사 반영.,PROVEN: scenario field/tutorial message; member_type=0x6000.
FIELD_RESOURCE_01240801_R00740000_M6000_0001,SCENARIO,field_resource_message,DATA/01240801.MDZ,DATA/01240801.MDT,0x00740000,01240801,611,0x005c8aad,0x005c8aa8,21 08 12 00 61 69 48 66 69 7f 9b f1 5f f0 d6 f0 8a 92 08 21 0d ff 00,"<G0001>
<CTRL:12><CTRL:00><G0041>P・MPが全回復した
<G0001>","<G0001>
<CTRL:12><CTRL:00>HP·MP가 모두 회복됐다
<G0001>",41 08 12 00 61 69 48 66 69 6A 20 D2 AA 20 EC 20 F0 3B F8 92 08 41 0D FF 00,,"[{""offset"": -5, ""raw_hex"": ""80 0e 00 00 00"", ""kind"": ""MESSAGE_HEADER"", ""opcode"": 128, ""argument"": 0}, {""offset"": 1, ""raw_hex"": ""08"", ""kind"": ""LINE_BREAK""}, {""offset"": 2, ""raw_hex"": ""12"", ""kind"": ""UNKNOWN_CONTROL""}, {""offset"": 3, ""raw_hex"": ""00"", ""kind"": ""UNKNOWN_CONTROL""}, {""offset"": 18, ""raw_hex"": ""08"", ""kind"": ""LINE_BREAK""}, {""offset"": 20, ""raw_hex"": ""0d ff 00"", ""kind"": ""MESSAGE_END""}]",REVIEW_1,NO,필드 안내 런타임 신고 및 0x4000/0x6000 전수 조사 반영.,PROVEN: scenario field/tutorial message; member_type=0x6000.
FIELD_RESOURCE_01240801_R00740000_M6000_0002,SCENARIO,field_resource_message,DATA/01240801.MDZ,DATA/01240801.MDT,0x00740000,01240801,612,0x005c8b7f,0x005c8b7a,21 08 12 00 61 69 48 66 69 7f 9b f1 5f f0 d6 f0 8a 92 08 21 0d ff 00,"<G0001>
<CTRL:12><CTRL:00><G0041>P・MPが全回復した
<G0001>","<G0001>
<CTRL:12><CTRL:00>HP·MP가 모두 회복됐다
<G0001>",41 08 12 00 61 69 48 66 69 6A 20 D2 AA 20 EC 20 F0 3B F8 92 08 41 0D FF 00,,"[{""offset"": -5, ""raw_hex"": ""80 0e 00 00 00"", ""kind"": ""MESSAGE_HEADER"", ""opcode"": 128, ""argument"": 0}, {""offset"": 1, ""raw_hex"": ""08"", ""kind"": ""LINE_BREAK""}, {""offset"": 2, ""raw_hex"": ""12"", ""kind"": ""UNKNOWN_CONTROL""}, {""offset"": 3, ""raw_hex"": ""00"", ""kind"": ""UNKNOWN_CONTROL""}, {""offset"": 18, ""raw_hex"": ""08"", ""kind"": ""LINE_BREAK""}, {""offset"": 20, ""raw_hex"": ""0d ff 00"", ""kind"": ""MESSAGE_END""}]",REVIEW_1,NO,필드 안내 런타임 신고 및 0x4000/0x6000 전수 조사 반영.,PROVEN: scenario field/tutorial message; member_type=0x6000.
FIELD_RESOURCE_01250101_R00740000_M6000_0001,SCENARIO,field_resource_message,DATA/01250101.MDZ,DATA/01250101.MDT,0x00740000,01250101,613,0x002b3d2d,0x002b3d28,21 08 12 00 61 69 48 66 69 7f 9b f1 5f f0 d6 f0 8a 92 08 21 0d ff 00,"<G0001>
<CTRL:12><CTRL:00><G0041>P・MPが全回復した
<G0001>","<G0001>
<CTRL:12><CTRL:00>HP·MP가 모두 회복됐다
<G0001>",41 08 12 00 61 69 48 66 69 6A 20 D2 AA 20 EC 20 F0 3B F8 92 08 41 0D FF 00,,"[{""offset"": -5, ""raw_hex"": ""80 0e 00 00 00"", ""kind"": ""MESSAGE_HEADER"", ""opcode"": 128, ""argument"": 0}, {""offset"": 1, ""raw_hex"": ""08"", ""kind"": ""LINE_BREAK""}, {""offset"": 2, ""raw_hex"": ""12"", ""kind"": ""UNKNOWN_CONTROL""}, {""offset"": 3, ""raw_hex"": ""00"", ""kind"": ""UNKNOWN_CONTROL""}, {""offset"": 18, ""raw_hex"": ""08"", ""kind"": ""LINE_BREAK""}, {""offset"": 20, ""raw_hex"": ""0d ff 00"", ""kind"": ""MESSAGE_END""}]",REVIEW_1,NO,필드 안내 런타임 신고 및 0x4000/0x6000 전수 조사 반영.,PROVEN: scenario field/tutorial message; member_type=0x6000.
FIELD_RESOURCE_01250101_R00740000_M6000_0002,SCENARIO,field_resource_message,DATA/01250101.MDZ,DATA/01250101.MDT,0x00740000,01250101,614,0x002b3dff,0x002b3dfa,21 08 12 00 61 69 48 66 69 7f 9b f1 5f f0 d6 f0 8a 92 08 21 0d ff 00,"<G0001>
<CTRL:12><CTRL:00><G0041>P・MPが全回復した
<G0001>","<G0001>
<CTRL:12><CTRL:00>HP·MP가 모두 회복됐다
<G0001>",41 08 12 00 61 69 48 66 69 6A 20 D2 AA 20 EC 20 F0 3B F8 92 08 41 0D FF 00,,"[{""offset"": -5, ""raw_hex"": ""80 0e 00 00 00"", ""kind"": ""MESSAGE_HEADER"", ""opcode"": 128, ""argument"": 0}, {""offset"": 1, ""raw_hex"": ""08"", ""kind"": ""LINE_BREAK""}, {""offset"": 2, ""raw_hex"": ""12"", ""kind"": ""UNKNOWN_CONTROL""}, {""offset"": 3, ""raw_hex"": ""00"", ""kind"": ""UNKNOWN_CONTROL""}, {""offset"": 18, ""raw_hex"": ""08"", ""kind"": ""LINE_BREAK""}, {""offset"": 20, ""raw_hex"": ""0d ff 00"", ""kind"": ""MESSAGE_END""}]",REVIEW_1,NO,필드 안내 런타임 신고 및 0x4000/0x6000 전수 조사 반영.,PROVEN: scenario field/tutorial message; member_type=0x6000.
FIELD_RESOURCE_01250501_R00740000_M6000_0001,SCENARIO,field_resource_message,DATA/01250501.MDZ,DATA/01250501.MDT,0x00740000,01250501,615,0x00420a2d,0x00420a28,21 08 12 00 61 69 48 66 69 7f 9b f1 5f f0 d6 f0 8a 92 08 21 0d ff 00,"<G0001>
<CTRL:12><CTRL:00><G0041>P・MPが全回復した
<G0001>","<G0001>
<CTRL:12><CTRL:00>HP·MP가 모두 회복됐다
<G0001>",41 08 12 00 61 69 48 66 69 6A 20 D2 AA 20 EC 20 F0 3B F8 92 08 41 0D FF 00,,"[{""offset"": -5, ""raw_hex"": ""80 0e 00 00 00"", ""kind"": ""MESSAGE_HEADER"", ""opcode"": 128, ""argument"": 0}, {""offset"": 1, ""raw_hex"": ""08"", ""kind"": ""LINE_BREAK""}, {""offset"": 2, ""raw_hex"": ""12"", ""kind"": ""UNKNOWN_CONTROL""}, {""offset"": 3, ""raw_hex"": ""00"", ""kind"": ""UNKNOWN_CONTROL""}, {""offset"": 18, ""raw_hex"": ""08"", ""kind"": ""LINE_BREAK""}, {""offset"": 20, ""raw_hex"": ""0d ff 00"", ""kind"": ""MESSAGE_END""}]",REVIEW_1,NO,필드 안내 런타임 신고 및 0x4000/0x6000 전수 조사 반영.,PROVEN: scenario field/tutorial message; member_type=0x6000.
FIELD_RESOURCE_01250501_R00740000_M6000_0002,SCENARIO,field_resource_message,DATA/01250501.MDZ,DATA/01250501.MDT,0x00740000,01250501,616,0x00420aff,0x00420afa,21 08 12 00 61 69 48 66 69 7f 9b f1 5f f0 d6 f0 8a 92 08 21 0d ff 00,"<G0001>
<CTRL:12><CTRL:00><G0041>P・MPが全回復した
<G0001>","<G0001>
<CTRL:12><CTRL:00>HP·MP가 모두 회복됐다
<G0001>",41 08 12 00 61 69 48 66 69 6A 20 D2 AA 20 EC 20 F0 3B F8 92 08 41 0D FF 00,,"[{""offset"": -5, ""raw_hex"": ""80 0e 00 00 00"", ""kind"": ""MESSAGE_HEADER"", ""opcode"": 128, ""argument"": 0}, {""offset"": 1, ""raw_hex"": ""08"", ""kind"": ""LINE_BREAK""}, {""offset"": 2, ""raw_hex"": ""12"", ""kind"": ""UNKNOWN_CONTROL""}, {""offset"": 3, ""raw_hex"": ""00"", ""kind"": ""UNKNOWN_CONTROL""}, {""offset"": 18, ""raw_hex"": ""08"", ""kind"": ""LINE_BREAK""}, {""offset"": 20, ""raw_hex"": ""0d ff 00"", ""kind"": ""MESSAGE_END""}]",REVIEW_1,NO,필드 안내 런타임 신고 및 0x4000/0x6000 전수 조사 반영.,PROVEN: scenario field/tutorial message; member_type=0x6000.
FIELD_RESOURCE_01250801_R00740000_M6000_0001,SCENARIO,field_resource_message,DATA/01250801.MDZ,DATA/01250801.MDT,0x00740000,01250801,617,0x007bd82d,0x007bd828,21 08 12 00 61 69 48 66 69 7f 9b f1 5f f0 d6 f0 8a 92 08 21 0d ff 00,"<G0001>
<CTRL:12><CTRL:00><G0041>P・MPが全回復した
<G0001>","<G0001>
<CTRL:12><CTRL:00>HP·MP가 모두 회복됐다
<G0001>",41 08 12 00 61 69 48 66 69 6A 20 D2 AA 20 EC 20 F0 3B F8 92 08 41 0D FF 00,,"[{""offset"": -5, ""raw_hex"": ""80 0e 00 00 00"", ""kind"": ""MESSAGE_HEADER"", ""opcode"": 128, ""argument"": 0}, {""offset"": 1, ""raw_hex"": ""08"", ""kind"": ""LINE_BREAK""}, {""offset"": 2, ""raw_hex"": ""12"", ""kind"": ""UNKNOWN_CONTROL""}, {""offset"": 3, ""raw_hex"": ""00"", ""kind"": ""UNKNOWN_CONTROL""}, {""offset"": 18, ""raw_hex"": ""08"", ""kind"": ""LINE_BREAK""}, {""offset"": 20, ""raw_hex"": ""0d ff 00"", ""kind"": ""MESSAGE_END""}]",REVIEW_1,NO,필드 안내 런타임 신고 및 0x4000/0x6000 전수 조사 반영.,PROVEN: scenario field/tutorial message; member_type=0x6000.
FIELD_RESOURCE_01250801_R00740000_M6000_0002,SCENARIO,field_resource_message,DATA/01250801.MDZ,DATA/01250801.MDT,0x00740000,01250801,618,0x007bd8ff,0x007bd8fa,21 08 12 00 61 69 48 66 69 7f 9b f1 5f f0 d6 f0 8a 92 08 21 0d ff 00,"<G0001>
<CTRL:12><CTRL:00><G0041>P・MPが全回復した
<G0001>","<G0001>
<CTRL:12><CTRL:00>HP·MP가 모두 회복됐다
<G0001>",41 08 12 00 61 69 48 66 69 6A 20 D2 AA 20 EC 20 F0 3B F8 92 08 41 0D FF 00,,"[{""offset"": -5, ""raw_hex"": ""80 0e 00 00 00"", ""kind"": ""MESSAGE_HEADER"", ""opcode"": 128, ""argument"": 0}, {""offset"": 1, ""raw_hex"": ""08"", ""kind"": ""LINE_BREAK""}, {""offset"": 2, ""raw_hex"": ""12"", ""kind"": ""UNKNOWN_CONTROL""}, {""offset"": 3, ""raw_hex"": ""00"", ""kind"": ""UNKNOWN_CONTROL""}, {""offset"": 18, ""raw_hex"": ""08"", ""kind"": ""LINE_BREAK""}, {""offset"": 20, ""raw_hex"": ""0d ff 00"", ""kind"": ""MESSAGE_END""}]",REVIEW_1,NO,필드 안내 런타임 신고 및 0x4000/0x6000 전수 조사 반영.,PROVEN: scenario field/tutorial message; member_type=0x6000.
FIELD_RESOURCE_01250901_R00740000_M6000_0001,SCENARIO,field_resource_message,DATA/01250901.MDZ,DATA/01250901.MDT,0x00740000,01250901,619,0x00632e2d,0x00632e28,21 08 12 00 61 69 48 66 69 7f 9b f1 5f f0 d6 f0 8a 92 08 21 0d ff 00,"<G0001>
<CTRL:12><CTRL:00><G0041>P・MPが全回復した
<G0001>","<G0001>
<CTRL:12><CTRL:00>HP·MP가 모두 회복됐다
<G0001>",41 08 12 00 61 69 48 66 69 6A 20 D2 AA 20 EC 20 F0 3B F8 92 08 41 0D FF 00,,"[{""offset"": -5, ""raw_hex"": ""80 0e 00 00 00"", ""kind"": ""MESSAGE_HEADER"", ""opcode"": 128, ""argument"": 0}, {""offset"": 1, ""raw_hex"": ""08"", ""kind"": ""LINE_BREAK""}, {""offset"": 2, ""raw_hex"": ""12"", ""kind"": ""UNKNOWN_CONTROL""}, {""offset"": 3, ""raw_hex"": ""00"", ""kind"": ""UNKNOWN_CONTROL""}, {""offset"": 18, ""raw_hex"": ""08"", ""kind"": ""LINE_BREAK""}, {""offset"": 20, ""raw_hex"": ""0d ff 00"", ""kind"": ""MESSAGE_END""}]",REVIEW_1,NO,필드 안내 런타임 신고 및 0x4000/0x6000 전수 조사 반영.,PROVEN: scenario field/tutorial message; member_type=0x6000.
FIELD_RESOURCE_01250901_R00740000_M6000_0002,SCENARIO,field_resource_message,DATA/01250901.MDZ,DATA/01250901.MDT,0x00740000,01250901,620,0x00632eff,0x00632efa,21 08 12 00 61 69 48 66 69 7f 9b f1 5f f0 d6 f0 8a 92 08 21 0d ff 00,"<G0001>
<CTRL:12><CTRL:00><G0041>P・MPが全回復した
<G0001>","<G0001>
<CTRL:12><CTRL:00>HP·MP가 모두 회복됐다
<G0001>",41 08 12 00 61 69 48 66 69 6A 20 D2 AA 20 EC 20 F0 3B F8 92 08 41 0D FF 00,,"[{""offset"": -5, ""raw_hex"": ""80 0e 00 00 00"", ""kind"": ""MESSAGE_HEADER"", ""opcode"": 128, ""argument"": 0}, {""offset"": 1, ""raw_hex"": ""08"", ""kind"": ""LINE_BREAK""}, {""offset"": 2, ""raw_hex"": ""12"", ""kind"": ""UNKNOWN_CONTROL""}, {""offset"": 3, ""raw_hex"": ""00"", ""kind"": ""UNKNOWN_CONTROL""}, {""offset"": 18, ""raw_hex"": ""08"", ""kind"": ""LINE_BREAK""}, {""offset"": 20, ""raw_hex"": ""0d ff 00"", ""kind"": ""MESSAGE_END""}]",REVIEW_1,NO,필드 안내 런타임 신고 및 0x4000/0x6000 전수 조사 반영.,PROVEN: scenario field/tutorial message; member_type=0x6000.
FIELD_RESOURCE_01260101_R00740000_M6000_0001,SCENARIO,field_resource_message,DATA/01260101.MDZ,DATA/01260101.MDT,0x00740000,01260101,621,0x002c552d,0x002c5528,21 08 12 00 61 69 48 66 69 7f 9b f1 5f f0 d6 f0 8a 92 08 21 0d ff 00,"<G0001>
<CTRL:12><CTRL:00><G0041>P・MPが全回復した
<G0001>","<G0001>
<CTRL:12><CTRL:00>HP·MP가 모두 회복됐다
<G0001>",41 08 12 00 61 69 48 66 69 6A 20 D2 AA 20 EC 20 F0 3B F8 92 08 41 0D FF 00,,"[{""offset"": -5, ""raw_hex"": ""80 0e 00 00 00"", ""kind"": ""MESSAGE_HEADER"", ""opcode"": 128, ""argument"": 0}, {""offset"": 1, ""raw_hex"": ""08"", ""kind"": ""LINE_BREAK""}, {""offset"": 2, ""raw_hex"": ""12"", ""kind"": ""UNKNOWN_CONTROL""}, {""offset"": 3, ""raw_hex"": ""00"", ""kind"": ""UNKNOWN_CONTROL""}, {""offset"": 18, ""raw_hex"": ""08"", ""kind"": ""LINE_BREAK""}, {""offset"": 20, ""raw_hex"": ""0d ff 00"", ""kind"": ""MESSAGE_END""}]",REVIEW_1,NO,필드 안내 런타임 신고 및 0x4000/0x6000 전수 조사 반영.,PROVEN: scenario field/tutorial message; member_type=0x6000.
FIELD_RESOURCE_01260101_R00740000_M6000_0002,SCENARIO,field_resource_message,DATA/01260101.MDZ,DATA/01260101.MDT,0x00740000,01260101,622,0x002c55ff,0x002c55fa,21 08 12 00 61 69 48 66 69 7f 9b f1 5f f0 d6 f0 8a 92 08 21 0d ff 00,"<G0001>
<CTRL:12><CTRL:00><G0041>P・MPが全回復した
<G0001>","<G0001>
<CTRL:12><CTRL:00>HP·MP가 모두 회복됐다
<G0001>",41 08 12 00 61 69 48 66 69 6A 20 D2 AA 20 EC 20 F0 3B F8 92 08 41 0D FF 00,,"[{""offset"": -5, ""raw_hex"": ""80 0e 00 00 00"", ""kind"": ""MESSAGE_HEADER"", ""opcode"": 128, ""argument"": 0}, {""offset"": 1, ""raw_hex"": ""08"", ""kind"": ""LINE_BREAK""}, {""offset"": 2, ""raw_hex"": ""12"", ""kind"": ""UNKNOWN_CONTROL""}, {""offset"": 3, ""raw_hex"": ""00"", ""kind"": ""UNKNOWN_CONTROL""}, {""offset"": 18, ""raw_hex"": ""08"", ""kind"": ""LINE_BREAK""}, {""offset"": 20, ""raw_hex"": ""0d ff 00"", ""kind"": ""MESSAGE_END""}]",REVIEW_1,NO,필드 안내 런타임 신고 및 0x4000/0x6000 전수 조사 반영.,PROVEN: scenario field/tutorial message; member_type=0x6000.
FIELD_RESOURCE_01260102_R00740000_M6000_0001,SCENARIO,field_resource_message,DATA/01260102.MDZ,DATA/01260102.MDT,0x00740000,01260102,623,0x009a802d,0x009a8028,21 08 12 00 61 69 48 66 69 7f 9b f1 5f f0 d6 f0 8a 92 08 21 0d ff 00,"<G0001>
<CTRL:12><CTRL:00><G0041>P・MPが全回復した
<G0001>","<G0001>
<CTRL:12><CTRL:00>HP·MP가 모두 회복됐다
<G0001>",41 08 12 00 61 69 48 66 69 6A 20 D2 AA 20 EC 20 F0 3B F8 92 08 41 0D FF 00,,"[{""offset"": -5, ""raw_hex"": ""80 0e 00 00 00"", ""kind"": ""MESSAGE_HEADER"", ""opcode"": 128, ""argument"": 0}, {""offset"": 1, ""raw_hex"": ""08"", ""kind"": ""LINE_BREAK""}, {""offset"": 2, ""raw_hex"": ""12"", ""kind"": ""UNKNOWN_CONTROL""}, {""offset"": 3, ""raw_hex"": ""00"", ""kind"": ""UNKNOWN_CONTROL""}, {""offset"": 18, ""raw_hex"": ""08"", ""kind"": ""LINE_BREAK""}, {""offset"": 20, ""raw_hex"": ""0d ff 00"", ""kind"": ""MESSAGE_END""}]",REVIEW_1,NO,필드 안내 런타임 신고 및 0x4000/0x6000 전수 조사 반영.,PROVEN: scenario field/tutorial message; member_type=0x6000.
FIELD_RESOURCE_01260102_R00740000_M6000_0002,SCENARIO,field_resource_message,DATA/01260102.MDZ,DATA/01260102.MDT,0x00740000,01260102,624,0x009a80ff,0x009a80fa,21 08 12 00 61 69 48 66 69 7f 9b f1 5f f0 d6 f0 8a 92 08 21 0d ff 00,"<G0001>
<CTRL:12><CTRL:00><G0041>P・MPが全回復した
<G0001>","<G0001>
<CTRL:12><CTRL:00>HP·MP가 모두 회복됐다
<G0001>",41 08 12 00 61 69 48 66 69 6A 20 D2 AA 20 EC 20 F0 3B F8 92 08 41 0D FF 00,,"[{""offset"": -5, ""raw_hex"": ""80 0e 00 00 00"", ""kind"": ""MESSAGE_HEADER"", ""opcode"": 128, ""argument"": 0}, {""offset"": 1, ""raw_hex"": ""08"", ""kind"": ""LINE_BREAK""}, {""offset"": 2, ""raw_hex"": ""12"", ""kind"": ""UNKNOWN_CONTROL""}, {""offset"": 3, ""raw_hex"": ""00"", ""kind"": ""UNKNOWN_CONTROL""}, {""offset"": 18, ""raw_hex"": ""08"", ""kind"": ""LINE_BREAK""}, {""offset"": 20, ""raw_hex"": ""0d ff 00"", ""kind"": ""MESSAGE_END""}]",REVIEW_1,NO,필드 안내 런타임 신고 및 0x4000/0x6000 전수 조사 반영.,PROVEN: scenario field/tutorial message; member_type=0x6000.
FIELD_RESOURCE_01260701_R00740000_M6000_0001,SCENARIO,field_resource_message,DATA/01260701.MDZ,DATA/01260701.MDT,0x00740000,01260701,625,0x003a89ad,0x003a89a8,21 08 12 00 61 69 48 66 69 7f 9b f1 5f f0 d6 f0 8a 92 08 21 0d ff 00,"<G0001>
<CTRL:12><CTRL:00><G0041>P・MPが全回復した
<G0001>","<G0001>
<CTRL:12><CTRL:00>HP·MP가 모두 회복됐다
<G0001>",41 08 12 00 61 69 48 66 69 6A 20 D2 AA 20 EC 20 F0 3B F8 92 08 41 0D FF 00,,"[{""offset"": -5, ""raw_hex"": ""80 0e 00 00 00"", ""kind"": ""MESSAGE_HEADER"", ""opcode"": 128, ""argument"": 0}, {""offset"": 1, ""raw_hex"": ""08"", ""kind"": ""LINE_BREAK""}, {""offset"": 2, ""raw_hex"": ""12"", ""kind"": ""UNKNOWN_CONTROL""}, {""offset"": 3, ""raw_hex"": ""00"", ""kind"": ""UNKNOWN_CONTROL""}, {""offset"": 18, ""raw_hex"": ""08"", ""kind"": ""LINE_BREAK""}, {""offset"": 20, ""raw_hex"": ""0d ff 00"", ""kind"": ""MESSAGE_END""}]",REVIEW_1,NO,필드 안내 런타임 신고 및 0x4000/0x6000 전수 조사 반영.,PROVEN: scenario field/tutorial message; member_type=0x6000.
FIELD_RESOURCE_01260701_R00740000_M6000_0002,SCENARIO,field_resource_message,DATA/01260701.MDZ,DATA/01260701.MDT,0x00740000,01260701,626,0x003a8a7f,0x003a8a7a,21 08 12 00 61 69 48 66 69 7f 9b f1 5f f0 d6 f0 8a 92 08 21 0d ff 00,"<G0001>
<CTRL:12><CTRL:00><G0041>P・MPが全回復した
<G0001>","<G0001>
<CTRL:12><CTRL:00>HP·MP가 모두 회복됐다
<G0001>",41 08 12 00 61 69 48 66 69 6A 20 D2 AA 20 EC 20 F0 3B F8 92 08 41 0D FF 00,,"[{""offset"": -5, ""raw_hex"": ""80 0e 00 00 00"", ""kind"": ""MESSAGE_HEADER"", ""opcode"": 128, ""argument"": 0}, {""offset"": 1, ""raw_hex"": ""08"", ""kind"": ""LINE_BREAK""}, {""offset"": 2, ""raw_hex"": ""12"", ""kind"": ""UNKNOWN_CONTROL""}, {""offset"": 3, ""raw_hex"": ""00"", ""kind"": ""UNKNOWN_CONTROL""}, {""offset"": 18, ""raw_hex"": ""08"", ""kind"": ""LINE_BREAK""}, {""offset"": 20, ""raw_hex"": ""0d ff 00"", ""kind"": ""MESSAGE_END""}]",REVIEW_1,NO,필드 안내 런타임 신고 및 0x4000/0x6000 전수 조사 반영.,PROVEN: scenario field/tutorial message; member_type=0x6000.
FIELD_RESOURCE_10214101_R00740000_M6000_0001,SCENARIO,field_resource_message,DATA/10214101.MDZ,DATA/10214101.MDT,0x00740000,10214101,627,0x0046563d,0x00465638,21 08 12 00 61 69 48 66 69 7f 9b f1 5f f0 d6 f0 8a 92 08 21 0d ff 00,"<G0001>
<CTRL:12><CTRL:00><G0041>P・MPが全回復した
<G0001>","<G0001>
<CTRL:12><CTRL:00>HP·MP가 모두 회복됐다
<G0001>",41 08 12 00 61 69 48 66 69 6A 20 D2 AA 20 EC 20 F0 3B F8 92 08 41 0D FF 00,,"[{""offset"": -5, ""raw_hex"": ""80 0e 00 00 00"", ""kind"": ""MESSAGE_HEADER"", ""opcode"": 128, ""argument"": 0}, {""offset"": 1, ""raw_hex"": ""08"", ""kind"": ""LINE_BREAK""}, {""offset"": 2, ""raw_hex"": ""12"", ""kind"": ""UNKNOWN_CONTROL""}, {""offset"": 3, ""raw_hex"": ""00"", ""kind"": ""UNKNOWN_CONTROL""}, {""offset"": 18, ""raw_hex"": ""08"", ""kind"": ""LINE_BREAK""}, {""offset"": 20, ""raw_hex"": ""0d ff 00"", ""kind"": ""MESSAGE_END""}]",REVIEW_1,NO,필드 안내 런타임 신고 및 0x4000/0x6000 전수 조사 반영.,PROVEN: scenario field/tutorial message; member_type=0x6000.
FIELD_RESOURCE_10214101_R00740000_M6000_0002,SCENARIO,field_resource_message,DATA/10214101.MDZ,DATA/10214101.MDT,0x00740000,10214101,628,0x0046570f,0x0046570a,21 08 12 00 61 69 48 66 69 7f 9b f1 5f f0 d6 f0 8a 92 08 21 0d ff 00,"<G0001>
<CTRL:12><CTRL:00><G0041>P・MPが全回復した
<G0001>","<G0001>
<CTRL:12><CTRL:00>HP·MP가 모두 회복됐다
<G0001>",41 08 12 00 61 69 48 66 69 6A 20 D2 AA 20 EC 20 F0 3B F8 92 08 41 0D FF 00,,"[{""offset"": -5, ""raw_hex"": ""80 0e 00 00 00"", ""kind"": ""MESSAGE_HEADER"", ""opcode"": 128, ""argument"": 0}, {""offset"": 1, ""raw_hex"": ""08"", ""kind"": ""LINE_BREAK""}, {""offset"": 2, ""raw_hex"": ""12"", ""kind"": ""UNKNOWN_CONTROL""}, {""offset"": 3, ""raw_hex"": ""00"", ""kind"": ""UNKNOWN_CONTROL""}, {""offset"": 18, ""raw_hex"": ""08"", ""kind"": ""LINE_BREAK""}, {""offset"": 20, ""raw_hex"": ""0d ff 00"", ""kind"": ""MESSAGE_END""}]",REVIEW_1,NO,필드 안내 런타임 신고 및 0x4000/0x6000 전수 조사 반영.,PROVEN: scenario field/tutorial message; member_type=0x6000.
FIELD_RESOURCE_10214102_R00740000_M6000_0001,SCENARIO,field_resource_message,DATA/10214102.MDZ,DATA/10214102.MDT,0x00740000,10214102,629,0x004d2c3d,0x004d2c38,21 08 12 00 61 69 48 66 69 7f 9b f1 5f f0 d6 f0 8a 92 08 21 0d ff 00,"<G0001>
<CTRL:12><CTRL:00><G0041>P・MPが全回復した
<G0001>","<G0001>
<CTRL:12><CTRL:00>HP·MP가 모두 회복됐다
<G0001>",41 08 12 00 61 69 48 66 69 6A 20 D2 AA 20 EC 20 F0 3B F8 92 08 41 0D FF 00,,"[{""offset"": -5, ""raw_hex"": ""80 0e 00 00 00"", ""kind"": ""MESSAGE_HEADER"", ""opcode"": 128, ""argument"": 0}, {""offset"": 1, ""raw_hex"": ""08"", ""kind"": ""LINE_BREAK""}, {""offset"": 2, ""raw_hex"": ""12"", ""kind"": ""UNKNOWN_CONTROL""}, {""offset"": 3, ""raw_hex"": ""00"", ""kind"": ""UNKNOWN_CONTROL""}, {""offset"": 18, ""raw_hex"": ""08"", ""kind"": ""LINE_BREAK""}, {""offset"": 20, ""raw_hex"": ""0d ff 00"", ""kind"": ""MESSAGE_END""}]",REVIEW_1,NO,필드 안내 런타임 신고 및 0x4000/0x6000 전수 조사 반영.,PROVEN: scenario field/tutorial message; member_type=0x6000.
FIELD_RESOURCE_10214102_R00740000_M6000_0002,SCENARIO,field_resource_message,DATA/10214102.MDZ,DATA/10214102.MDT,0x00740000,10214102,630,0x004d2d0f,0x004d2d0a,21 08 12 00 61 69 48 66 69 7f 9b f1 5f f0 d6 f0 8a 92 08 21 0d ff 00,"<G0001>
<CTRL:12><CTRL:00><G0041>P・MPが全回復した
<G0001>","<G0001>
<CTRL:12><CTRL:00>HP·MP가 모두 회복됐다
<G0001>",41 08 12 00 61 69 48 66 69 6A 20 D2 AA 20 EC 20 F0 3B F8 92 08 41 0D FF 00,,"[{""offset"": -5, ""raw_hex"": ""80 0e 00 00 00"", ""kind"": ""MESSAGE_HEADER"", ""opcode"": 128, ""argument"": 0}, {""offset"": 1, ""raw_hex"": ""08"", ""kind"": ""LINE_BREAK""}, {""offset"": 2, ""raw_hex"": ""12"", ""kind"": ""UNKNOWN_CONTROL""}, {""offset"": 3, ""raw_hex"": ""00"", ""kind"": ""UNKNOWN_CONTROL""}, {""offset"": 18, ""raw_hex"": ""08"", ""kind"": ""LINE_BREAK""}, {""offset"": 20, ""raw_hex"": ""0d ff 00"", ""kind"": ""MESSAGE_END""}]",REVIEW_1,NO,필드 안내 런타임 신고 및 0x4000/0x6000 전수 조사 반영.,PROVEN: scenario field/tutorial message; member_type=0x6000.
FIELD_RESOURCE_10214103_R00740000_M6000_0001,SCENARIO,field_resource_message,DATA/10214103.MDZ,DATA/10214103.MDT,0x00740000,10214103,631,0x004d2c3d,0x004d2c38,21 08 12 00 61 69 48 66 69 7f 9b f1 5f f0 d6 f0 8a 92 08 21 0d ff 00,"<G0001>
<CTRL:12><CTRL:00><G0041>P・MPが全回復した
<G0001>","<G0001>
<CTRL:12><CTRL:00>HP·MP가 모두 회복됐다
<G0001>",41 08 12 00 61 69 48 66 69 6A 20 D2 AA 20 EC 20 F0 3B F8 92 08 41 0D FF 00,,"[{""offset"": -5, ""raw_hex"": ""80 0e 00 00 00"", ""kind"": ""MESSAGE_HEADER"", ""opcode"": 128, ""argument"": 0}, {""offset"": 1, ""raw_hex"": ""08"", ""kind"": ""LINE_BREAK""}, {""offset"": 2, ""raw_hex"": ""12"", ""kind"": ""UNKNOWN_CONTROL""}, {""offset"": 3, ""raw_hex"": ""00"", ""kind"": ""UNKNOWN_CONTROL""}, {""offset"": 18, ""raw_hex"": ""08"", ""kind"": ""LINE_BREAK""}, {""offset"": 20, ""raw_hex"": ""0d ff 00"", ""kind"": ""MESSAGE_END""}]",REVIEW_1,NO,필드 안내 런타임 신고 및 0x4000/0x6000 전수 조사 반영.,PROVEN: scenario field/tutorial message; member_type=0x6000.
FIELD_RESOURCE_10214103_R00740000_M6000_0002,SCENARIO,field_resource_message,DATA/10214103.MDZ,DATA/10214103.MDT,0x00740000,10214103,632,0x004d2d0f,0x004d2d0a,21 08 12 00 61 69 48 66 69 7f 9b f1 5f f0 d6 f0 8a 92 08 21 0d ff 00,"<G0001>
<CTRL:12><CTRL:00><G0041>P・MPが全回復した
<G0001>","<G0001>
<CTRL:12><CTRL:00>HP·MP가 모두 회복됐다
<G0001>",41 08 12 00 61 69 48 66 69 6A 20 D2 AA 20 EC 20 F0 3B F8 92 08 41 0D FF 00,,"[{""offset"": -5, ""raw_hex"": ""80 0e 00 00 00"", ""kind"": ""MESSAGE_HEADER"", ""opcode"": 128, ""argument"": 0}, {""offset"": 1, ""raw_hex"": ""08"", ""kind"": ""LINE_BREAK""}, {""offset"": 2, ""raw_hex"": ""12"", ""kind"": ""UNKNOWN_CONTROL""}, {""offset"": 3, ""raw_hex"": ""00"", ""kind"": ""UNKNOWN_CONTROL""}, {""offset"": 18, ""raw_hex"": ""08"", ""kind"": ""LINE_BREAK""}, {""offset"": 20, ""raw_hex"": ""0d ff 00"", ""kind"": ""MESSAGE_END""}]",REVIEW_1,NO,필드 안내 런타임 신고 및 0x4000/0x6000 전수 조사 반영.,PROVEN: scenario field/tutorial message; member_type=0x6000.
FIELD_RESOURCE_10214104_R00740000_M6000_0001,SCENARIO,field_resource_message,DATA/10214104.MDZ,DATA/10214104.MDT,0x00740000,10214104,633,0x004d2c3d,0x004d2c38,21 08 12 00 61 69 48 66 69 7f 9b f1 5f f0 d6 f0 8a 92 08 21 0d ff 00,"<G0001>
<CTRL:12><CTRL:00><G0041>P・MPが全回復した
<G0001>","<G0001>
<CTRL:12><CTRL:00>HP·MP가 모두 회복됐다
<G0001>",41 08 12 00 61 69 48 66 69 6A 20 D2 AA 20 EC 20 F0 3B F8 92 08 41 0D FF 00,,"[{""offset"": -5, ""raw_hex"": ""80 0e 00 00 00"", ""kind"": ""MESSAGE_HEADER"", ""opcode"": 128, ""argument"": 0}, {""offset"": 1, ""raw_hex"": ""08"", ""kind"": ""LINE_BREAK""}, {""offset"": 2, ""raw_hex"": ""12"", ""kind"": ""UNKNOWN_CONTROL""}, {""offset"": 3, ""raw_hex"": ""00"", ""kind"": ""UNKNOWN_CONTROL""}, {""offset"": 18, ""raw_hex"": ""08"", ""kind"": ""LINE_BREAK""}, {""offset"": 20, ""raw_hex"": ""0d ff 00"", ""kind"": ""MESSAGE_END""}]",REVIEW_1,NO,필드 안내 런타임 신고 및 0x4000/0x6000 전수 조사 반영.,PROVEN: scenario field/tutorial message; member_type=0x6000.
FIELD_RESOURCE_10214104_R00740000_M6000_0002,SCENARIO,field_resource_message,DATA/10214104.MDZ,DATA/10214104.MDT,0x00740000,10214104,634,0x004d2d0f,0x004d2d0a,21 08 12 00 61 69 48 66 69 7f 9b f1 5f f0 d6 f0 8a 92 08 21 0d ff 00,"<G0001>
<CTRL:12><CTRL:00><G0041>P・MPが全回復した
<G0001>","<G0001>
<CTRL:12><CTRL:00>HP·MP가 모두 회복됐다
<G0001>",41 08 12 00 61 69 48 66 69 6A 20 D2 AA 20 EC 20 F0 3B F8 92 08 41 0D FF 00,,"[{""offset"": -5, ""raw_hex"": ""80 0e 00 00 00"", ""kind"": ""MESSAGE_HEADER"", ""opcode"": 128, ""argument"": 0}, {""offset"": 1, ""raw_hex"": ""08"", ""kind"": ""LINE_BREAK""}, {""offset"": 2, ""raw_hex"": ""12"", ""kind"": ""UNKNOWN_CONTROL""}, {""offset"": 3, ""raw_hex"": ""00"", ""kind"": ""UNKNOWN_CONTROL""}, {""offset"": 18, ""raw_hex"": ""08"", ""kind"": ""LINE_BREAK""}, {""offset"": 20, ""raw_hex"": ""0d ff 00"", ""kind"": ""MESSAGE_END""}]",REVIEW_1,NO,필드 안내 런타임 신고 및 0x4000/0x6000 전수 조사 반영.,PROVEN: scenario field/tutorial message; member_type=0x6000.
FIELD_RESOURCE_10360601_R00740000_M6000_0001,SCENARIO,field_resource_message,DATA/10360601.MDZ,DATA/10360601.MDT,0x00740000,10360601,635,0x003cd52d,0x003cd528,21 08 12 00 61 69 48 66 69 7f 9b f1 5f f0 d6 f0 8a 92 08 21 0d ff 00,"<G0001>
<CTRL:12><CTRL:00><G0041>P・MPが全回復した
<G0001>","<G0001>
<CTRL:12><CTRL:00>HP·MP가 모두 회복됐다
<G0001>",41 08 12 00 61 69 48 66 69 6A 20 D2 AA 20 EC 20 F0 3B F8 92 08 41 0D FF 00,,"[{""offset"": -5, ""raw_hex"": ""80 0e 00 00 00"", ""kind"": ""MESSAGE_HEADER"", ""opcode"": 128, ""argument"": 0}, {""offset"": 1, ""raw_hex"": ""08"", ""kind"": ""LINE_BREAK""}, {""offset"": 2, ""raw_hex"": ""12"", ""kind"": ""UNKNOWN_CONTROL""}, {""offset"": 3, ""raw_hex"": ""00"", ""kind"": ""UNKNOWN_CONTROL""}, {""offset"": 18, ""raw_hex"": ""08"", ""kind"": ""LINE_BREAK""}, {""offset"": 20, ""raw_hex"": ""0d ff 00"", ""kind"": ""MESSAGE_END""}]",REVIEW_1,NO,필드 안내 런타임 신고 및 0x4000/0x6000 전수 조사 반영.,PROVEN: scenario field/tutorial message; member_type=0x6000.
FIELD_RESOURCE_10360601_R00740000_M6000_0002,SCENARIO,field_resource_message,DATA/10360601.MDZ,DATA/10360601.MDT,0x00740000,10360601,636,0x003cd5ff,0x003cd5fa,21 08 12 00 61 69 48 66 69 7f 9b f1 5f f0 d6 f0 8a 92 08 21 0d ff 00,"<G0001>
<CTRL:12><CTRL:00><G0041>P・MPが全回復した
<G0001>","<G0001>
<CTRL:12><CTRL:00>HP·MP가 모두 회복됐다
<G0001>",41 08 12 00 61 69 48 66 69 6A 20 D2 AA 20 EC 20 F0 3B F8 92 08 41 0D FF 00,,"[{""offset"": -5, ""raw_hex"": ""80 0e 00 00 00"", ""kind"": ""MESSAGE_HEADER"", ""opcode"": 128, ""argument"": 0}, {""offset"": 1, ""raw_hex"": ""08"", ""kind"": ""LINE_BREAK""}, {""offset"": 2, ""raw_hex"": ""12"", ""kind"": ""UNKNOWN_CONTROL""}, {""offset"": 3, ""raw_hex"": ""00"", ""kind"": ""UNKNOWN_CONTROL""}, {""offset"": 18, ""raw_hex"": ""08"", ""kind"": ""LINE_BREAK""}, {""offset"": 20, ""raw_hex"": ""0d ff 00"", ""kind"": ""MESSAGE_END""}]",REVIEW_1,NO,필드 안내 런타임 신고 및 0x4000/0x6000 전수 조사 반영.,PROVEN: scenario field/tutorial message; member_type=0x6000.
FIELD_RESOURCE_10360602_R00740000_M6000_0001,SCENARIO,field_resource_message,DATA/10360602.MDZ,DATA/10360602.MDT,0x00740000,10360602,637,0x003cd52d,0x003cd528,21 08 12 00 61 69 48 66 69 7f 9b f1 5f f0 d6 f0 8a 92 08 21 0d ff 00,"<G0001>
<CTRL:12><CTRL:00><G0041>P・MPが全回復した
<G0001>","<G0001>
<CTRL:12><CTRL:00>HP·MP가 모두 회복됐다
<G0001>",41 08 12 00 61 69 48 66 69 6A 20 D2 AA 20 EC 20 F0 3B F8 92 08 41 0D FF 00,,"[{""offset"": -5, ""raw_hex"": ""80 0e 00 00 00"", ""kind"": ""MESSAGE_HEADER"", ""opcode"": 128, ""argument"": 0}, {""offset"": 1, ""raw_hex"": ""08"", ""kind"": ""LINE_BREAK""}, {""offset"": 2, ""raw_hex"": ""12"", ""kind"": ""UNKNOWN_CONTROL""}, {""offset"": 3, ""raw_hex"": ""00"", ""kind"": ""UNKNOWN_CONTROL""}, {""offset"": 18, ""raw_hex"": ""08"", ""kind"": ""LINE_BREAK""}, {""offset"": 20, ""raw_hex"": ""0d ff 00"", ""kind"": ""MESSAGE_END""}]",REVIEW_1,NO,필드 안내 런타임 신고 및 0x4000/0x6000 전수 조사 반영.,PROVEN: scenario field/tutorial message; member_type=0x6000.
FIELD_RESOURCE_10360602_R00740000_M6000_0002,SCENARIO,field_resource_message,DATA/10360602.MDZ,DATA/10360602.MDT,0x00740000,10360602,638,0x003cd5ff,0x003cd5fa,21 08 12 00 61 69 48 66 69 7f 9b f1 5f f0 d6 f0 8a 92 08 21 0d ff 00,"<G0001>
<CTRL:12><CTRL:00><G0041>P・MPが全回復した
<G0001>","<G0001>
<CTRL:12><CTRL:00>HP·MP가 모두 회복됐다
<G0001>",41 08 12 00 61 69 48 66 69 6A 20 D2 AA 20 EC 20 F0 3B F8 92 08 41 0D FF 00,,"[{""offset"": -5, ""raw_hex"": ""80 0e 00 00 00"", ""kind"": ""MESSAGE_HEADER"", ""opcode"": 128, ""argument"": 0}, {""offset"": 1, ""raw_hex"": ""08"", ""kind"": ""LINE_BREAK""}, {""offset"": 2, ""raw_hex"": ""12"", ""kind"": ""UNKNOWN_CONTROL""}, {""offset"": 3, ""raw_hex"": ""00"", ""kind"": ""UNKNOWN_CONTROL""}, {""offset"": 18, ""raw_hex"": ""08"", ""kind"": ""LINE_BREAK""}, {""offset"": 20, ""raw_hex"": ""0d ff 00"", ""kind"": ""MESSAGE_END""}]",REVIEW_1,NO,필드 안내 런타임 신고 및 0x4000/0x6000 전수 조사 반영.,PROVEN: scenario field/tutorial message; member_type=0x6000.
FIELD_RESOURCE_10450201_R00740000_M6000_0001,SCENARIO,field_resource_message,DATA/10450201.MDZ,DATA/10450201.MDT,0x00740000,10450201,639,0x0049f90d,0x0049f908,21 08 12 00 61 69 48 66 69 7f 9b f1 5f f0 d6 f0 8a 92 08 21 0d ff 00,"<G0001>
<CTRL:12><CTRL:00><G0041>P・MPが全回復した
<G0001>","<G0001>
<CTRL:12><CTRL:00>HP·MP가 모두 회복됐다
<G0001>",41 08 12 00 61 69 48 66 69 6A 20 D2 AA 20 EC 20 F0 3B F8 92 08 41 0D FF 00,,"[{""offset"": -5, ""raw_hex"": ""80 0e 00 00 00"", ""kind"": ""MESSAGE_HEADER"", ""opcode"": 128, ""argument"": 0}, {""offset"": 1, ""raw_hex"": ""08"", ""kind"": ""LINE_BREAK""}, {""offset"": 2, ""raw_hex"": ""12"", ""kind"": ""UNKNOWN_CONTROL""}, {""offset"": 3, ""raw_hex"": ""00"", ""kind"": ""UNKNOWN_CONTROL""}, {""offset"": 18, ""raw_hex"": ""08"", ""kind"": ""LINE_BREAK""}, {""offset"": 20, ""raw_hex"": ""0d ff 00"", ""kind"": ""MESSAGE_END""}]",REVIEW_1,NO,필드 안내 런타임 신고 및 0x4000/0x6000 전수 조사 반영.,PROVEN: scenario field/tutorial message; member_type=0x6000.
FIELD_RESOURCE_10450201_R00740000_M6000_0002,SCENARIO,field_resource_message,DATA/10450201.MDZ,DATA/10450201.MDT,0x00740000,10450201,640,0x0049f9df,0x0049f9da,21 08 12 00 61 69 48 66 69 7f 9b f1 5f f0 d6 f0 8a 92 08 21 0d ff 00,"<G0001>
<CTRL:12><CTRL:00><G0041>P・MPが全回復した
<G0001>","<G0001>
<CTRL:12><CTRL:00>HP·MP가 모두 회복됐다
<G0001>",41 08 12 00 61 69 48 66 69 6A 20 D2 AA 20 EC 20 F0 3B F8 92 08 41 0D FF 00,,"[{""offset"": -5, ""raw_hex"": ""80 0e 00 00 00"", ""kind"": ""MESSAGE_HEADER"", ""opcode"": 128, ""argument"": 0}, {""offset"": 1, ""raw_hex"": ""08"", ""kind"": ""LINE_BREAK""}, {""offset"": 2, ""raw_hex"": ""12"", ""kind"": ""UNKNOWN_CONTROL""}, {""offset"": 3, ""raw_hex"": ""00"", ""kind"": ""UNKNOWN_CONTROL""}, {""offset"": 18, ""raw_hex"": ""08"", ""kind"": ""LINE_BREAK""}, {""offset"": 20, ""raw_hex"": ""0d ff 00"", ""kind"": ""MESSAGE_END""}]",REVIEW_1,NO,필드 안내 런타임 신고 및 0x4000/0x6000 전수 조사 반영.,PROVEN: scenario field/tutorial message; member_type=0x6000.
FIELD_RESOURCE_10630201_R00740000_M6000_0001,SCENARIO,field_resource_message,DATA/10630201.MDZ,DATA/10630201.MDT,0x00740000,10630201,641,0x0037c5fd,0x0037c5f8,21 08 12 00 61 69 48 66 69 7f 9b f1 5f f0 d6 f0 8a 92 08 21 0d ff 00,"<G0001>
<CTRL:12><CTRL:00><G0041>P・MPが全回復した
<G0001>","<G0001>
<CTRL:12><CTRL:00>HP·MP가 모두 회복됐다
<G0001>",41 08 12 00 61 69 48 66 69 6A 20 D2 AA 20 EC 20 F0 3B F8 92 08 41 0D FF 00,,"[{""offset"": -5, ""raw_hex"": ""80 0e 00 00 00"", ""kind"": ""MESSAGE_HEADER"", ""opcode"": 128, ""argument"": 0}, {""offset"": 1, ""raw_hex"": ""08"", ""kind"": ""LINE_BREAK""}, {""offset"": 2, ""raw_hex"": ""12"", ""kind"": ""UNKNOWN_CONTROL""}, {""offset"": 3, ""raw_hex"": ""00"", ""kind"": ""UNKNOWN_CONTROL""}, {""offset"": 18, ""raw_hex"": ""08"", ""kind"": ""LINE_BREAK""}, {""offset"": 20, ""raw_hex"": ""0d ff 00"", ""kind"": ""MESSAGE_END""}]",REVIEW_1,NO,필드 안내 런타임 신고 및 0x4000/0x6000 전수 조사 반영.,PROVEN: scenario field/tutorial message; member_type=0x6000.
FIELD_RESOURCE_10630201_R00740000_M6000_0002,SCENARIO,field_resource_message,DATA/10630201.MDZ,DATA/10630201.MDT,0x00740000,10630201,642,0x0037c6cf,0x0037c6ca,21 08 12 00 61 69 48 66 69 7f 9b f1 5f f0 d6 f0 8a 92 08 21 0d ff 00,"<G0001>
<CTRL:12><CTRL:00><G0041>P・MPが全回復した
<G0001>","<G0001>
<CTRL:12><CTRL:00>HP·MP가 모두 회복됐다
<G0001>",41 08 12 00 61 69 48 66 69 6A 20 D2 AA 20 EC 20 F0 3B F8 92 08 41 0D FF 00,,"[{""offset"": -5, ""raw_hex"": ""80 0e 00 00 00"", ""kind"": ""MESSAGE_HEADER"", ""opcode"": 128, ""argument"": 0}, {""offset"": 1, ""raw_hex"": ""08"", ""kind"": ""LINE_BREAK""}, {""offset"": 2, ""raw_hex"": ""12"", ""kind"": ""UNKNOWN_CONTROL""}, {""offset"": 3, ""raw_hex"": ""00"", ""kind"": ""UNKNOWN_CONTROL""}, {""offset"": 18, ""raw_hex"": ""08"", ""kind"": ""LINE_BREAK""}, {""offset"": 20, ""raw_hex"": ""0d ff 00"", ""kind"": ""MESSAGE_END""}]",REVIEW_1,NO,필드 안내 런타임 신고 및 0x4000/0x6000 전수 조사 반영.,PROVEN: scenario field/tutorial message; member_type=0x6000.
FIELD_RESOURCE_11000000_R00740000_M6000_0001,SCENARIO,field_resource_message,DATA/11000000.MDZ,DATA/11000000.MDT,0x00740000,11000000,643,0x0000152d,0x00001528,21 08 12 00 61 69 48 66 69 7f 9b f1 5f f0 d6 f0 8a 92 08 21 0d ff 00,"<G0001>
<CTRL:12><CTRL:00><G0041>P・MPが全回復した
<G0001>","<G0001>
<CTRL:12><CTRL:00>HP·MP가 모두 회복됐다
<G0001>",41 08 12 00 61 69 48 66 69 6A 20 D2 AA 20 EC 20 F0 3B F8 92 08 41 0D FF 00,,"[{""offset"": -5, ""raw_hex"": ""80 0e 00 00 00"", ""kind"": ""MESSAGE_HEADER"", ""opcode"": 128, ""argument"": 0}, {""offset"": 1, ""raw_hex"": ""08"", ""kind"": ""LINE_BREAK""}, {""offset"": 2, ""raw_hex"": ""12"", ""kind"": ""UNKNOWN_CONTROL""}, {""offset"": 3, ""raw_hex"": ""00"", ""kind"": ""UNKNOWN_CONTROL""}, {""offset"": 18, ""raw_hex"": ""08"", ""kind"": ""LINE_BREAK""}, {""offset"": 20, ""raw_hex"": ""0d ff 00"", ""kind"": ""MESSAGE_END""}]",REVIEW_1,NO,필드 안내 런타임 신고 및 0x4000/0x6000 전수 조사 반영.,PROVEN: scenario field/tutorial message; member_type=0x6000.
FIELD_RESOURCE_11000000_R00740000_M6000_0002,SCENARIO,field_resource_message,DATA/11000000.MDZ,DATA/11000000.MDT,0x00740000,11000000,644,0x000015ff,0x000015fa,21 08 12 00 61 69 48 66 69 7f 9b f1 5f f0 d6 f0 8a 92 08 21 0d ff 00,"<G0001>
<CTRL:12><CTRL:00><G0041>P・MPが全回復した
<G0001>","<G0001>
<CTRL:12><CTRL:00>HP·MP가 모두 회복됐다
<G0001>",41 08 12 00 61 69 48 66 69 6A 20 D2 AA 20 EC 20 F0 3B F8 92 08 41 0D FF 00,,"[{""offset"": -5, ""raw_hex"": ""80 0e 00 00 00"", ""kind"": ""MESSAGE_HEADER"", ""opcode"": 128, ""argument"": 0}, {""offset"": 1, ""raw_hex"": ""08"", ""kind"": ""LINE_BREAK""}, {""offset"": 2, ""raw_hex"": ""12"", ""kind"": ""UNKNOWN_CONTROL""}, {""offset"": 3, ""raw_hex"": ""00"", ""kind"": ""UNKNOWN_CONTROL""}, {""offset"": 18, ""raw_hex"": ""08"", ""kind"": ""LINE_BREAK""}, {""offset"": 20, ""raw_hex"": ""0d ff 00"", ""kind"": ""MESSAGE_END""}]",REVIEW_1,NO,필드 안내 런타임 신고 및 0x4000/0x6000 전수 조사 반영.,PROVEN: scenario field/tutorial message; member_type=0x6000.
FIELD_RESOURCE_11010000_R00740000_M6000_0001,SCENARIO,field_resource_message,DATA/11010000.MDZ,DATA/11010000.MDT,0x00740000,11010000,645,0x0000182d,0x00001828,21 08 12 00 61 69 48 66 69 7f 9b f1 5f f0 d6 f0 8a 92 08 21 0d ff 00,"<G0001>
<CTRL:12><CTRL:00><G0041>P・MPが全回復した
<G0001>","<G0001>
<CTRL:12><CTRL:00>HP·MP가 모두 회복됐다
<G0001>",41 08 12 00 61 69 48 66 69 6A 20 D2 AA 20 EC 20 F0 3B F8 92 08 41 0D FF 00,,"[{""offset"": -5, ""raw_hex"": ""80 0e 00 00 00"", ""kind"": ""MESSAGE_HEADER"", ""opcode"": 128, ""argument"": 0}, {""offset"": 1, ""raw_hex"": ""08"", ""kind"": ""LINE_BREAK""}, {""offset"": 2, ""raw_hex"": ""12"", ""kind"": ""UNKNOWN_CONTROL""}, {""offset"": 3, ""raw_hex"": ""00"", ""kind"": ""UNKNOWN_CONTROL""}, {""offset"": 18, ""raw_hex"": ""08"", ""kind"": ""LINE_BREAK""}, {""offset"": 20, ""raw_hex"": ""0d ff 00"", ""kind"": ""MESSAGE_END""}]",REVIEW_1,NO,필드 안내 런타임 신고 및 0x4000/0x6000 전수 조사 반영.,PROVEN: scenario field/tutorial message; member_type=0x6000.
FIELD_RESOURCE_11010000_R00740000_M6000_0002,SCENARIO,field_resource_message,DATA/11010000.MDZ,DATA/11010000.MDT,0x00740000,11010000,646,0x000018ff,0x000018fa,21 08 12 00 61 69 48 66 69 7f 9b f1 5f f0 d6 f0 8a 92 08 21 0d ff 00,"<G0001>
<CTRL:12><CTRL:00><G0041>P・MPが全回復した
<G0001>","<G0001>
<CTRL:12><CTRL:00>HP·MP가 모두 회복됐다
<G0001>",41 08 12 00 61 69 48 66 69 6A 20 D2 AA 20 EC 20 F0 3B F8 92 08 41 0D FF 00,,"[{""offset"": -5, ""raw_hex"": ""80 0e 00 00 00"", ""kind"": ""MESSAGE_HEADER"", ""opcode"": 128, ""argument"": 0}, {""offset"": 1, ""raw_hex"": ""08"", ""kind"": ""LINE_BREAK""}, {""offset"": 2, ""raw_hex"": ""12"", ""kind"": ""UNKNOWN_CONTROL""}, {""offset"": 3, ""raw_hex"": ""00"", ""kind"": ""UNKNOWN_CONTROL""}, {""offset"": 18, ""raw_hex"": ""08"", ""kind"": ""LINE_BREAK""}, {""offset"": 20, ""raw_hex"": ""0d ff 00"", ""kind"": ""MESSAGE_END""}]",REVIEW_1,NO,필드 안내 런타임 신고 및 0x4000/0x6000 전수 조사 반영.,PROVEN: scenario field/tutorial message; member_type=0x6000.
FIELD_RESOURCE_11020000_R00740000_M6000_0001,SCENARIO,field_resource_message,DATA/11020000.MDZ,DATA/11020000.MDT,0x00740000,11020000,647,0x0000182d,0x00001828,21 08 12 00 61 69 48 66 69 7f 9b f1 5f f0 d6 f0 8a 92 08 21 0d ff 00,"<G0001>
<CTRL:12><CTRL:00><G0041>P・MPが全回復した
<G0001>","<G0001>
<CTRL:12><CTRL:00>HP·MP가 모두 회복됐다
<G0001>",41 08 12 00 61 69 48 66 69 6A 20 D2 AA 20 EC 20 F0 3B F8 92 08 41 0D FF 00,,"[{""offset"": -5, ""raw_hex"": ""80 0e 00 00 00"", ""kind"": ""MESSAGE_HEADER"", ""opcode"": 128, ""argument"": 0}, {""offset"": 1, ""raw_hex"": ""08"", ""kind"": ""LINE_BREAK""}, {""offset"": 2, ""raw_hex"": ""12"", ""kind"": ""UNKNOWN_CONTROL""}, {""offset"": 3, ""raw_hex"": ""00"", ""kind"": ""UNKNOWN_CONTROL""}, {""offset"": 18, ""raw_hex"": ""08"", ""kind"": ""LINE_BREAK""}, {""offset"": 20, ""raw_hex"": ""0d ff 00"", ""kind"": ""MESSAGE_END""}]",REVIEW_1,NO,필드 안내 런타임 신고 및 0x4000/0x6000 전수 조사 반영.,PROVEN: scenario field/tutorial message; member_type=0x6000.
FIELD_RESOURCE_11020000_R00740000_M6000_0002,SCENARIO,field_resource_message,DATA/11020000.MDZ,DATA/11020000.MDT,0x00740000,11020000,648,0x000018ff,0x000018fa,21 08 12 00 61 69 48 66 69 7f 9b f1 5f f0 d6 f0 8a 92 08 21 0d ff 00,"<G0001>
<CTRL:12><CTRL:00><G0041>P・MPが全回復した
<G0001>","<G0001>
<CTRL:12><CTRL:00>HP·MP가 모두 회복됐다
<G0001>",41 08 12 00 61 69 48 66 69 6A 20 D2 AA 20 EC 20 F0 3B F8 92 08 41 0D FF 00,,"[{""offset"": -5, ""raw_hex"": ""80 0e 00 00 00"", ""kind"": ""MESSAGE_HEADER"", ""opcode"": 128, ""argument"": 0}, {""offset"": 1, ""raw_hex"": ""08"", ""kind"": ""LINE_BREAK""}, {""offset"": 2, ""raw_hex"": ""12"", ""kind"": ""UNKNOWN_CONTROL""}, {""offset"": 3, ""raw_hex"": ""00"", ""kind"": ""UNKNOWN_CONTROL""}, {""offset"": 18, ""raw_hex"": ""08"", ""kind"": ""LINE_BREAK""}, {""offset"": 20, ""raw_hex"": ""0d ff 00"", ""kind"": ""MESSAGE_END""}]",REVIEW_1,NO,필드 안내 런타임 신고 및 0x4000/0x6000 전수 조사 반영.,PROVEN: scenario field/tutorial message; member_type=0x6000.
