id,category,sub_category,source_file,inner_file,record_id,scene_id,string_index,original_offset,pointer_offset,jp_raw_hex,jp_text,kr_text,kr_encoded_hex,speaker,control_codes,status,game_verified,translator_note,review_note
ITEM_0014_EFFECT_1,ITEM,key_item,GR3.MDZ,GR3.MDT,ITEM_RECORD_0014,,1,0xE880,,E7 F1 7E F4 80 85 F0 A1 A4 F1 B7 F5 6A 20 6C 8B 78 80 3A F0 A1 85 F0 79,聖獣の力を解放し　すべての敵を力で,성수의 힘을 해방해 모든 적을 공격,D6 8B 75 20 85 F7 A1 20 74 71 F9 74 20 B2 CD 20 41 F0 A1 20 D8 F5 B3 F4,,[],TRANSLATED,NO,positional item HELP trailer; exact reviewed effect rule,
ITEM_0014_EFFECT_2,ITEM,key_item,GR3.MDZ,GR3.MDT,ITEM_RECORD_0014,,2,0xE899,,7F 6B 91 F7 6E 9D 20 B9 F1 BA F1 80 36 F0 37 F0 BC F0 C2 F0 23,ねじ<91F7>せる　究極の攻撃効果！,시공을 비트는 궁극의 공격 효과,88 D8 F5 A1 20 98 D2 73 20 72 F6 81 F6 75 20 D8 F5 B3 F4 20 CA F4 EC F5,,"[""<91F7>""]",TRANSLATED,NO,positional item HELP trailer; exact reviewed effect rule,
ITEM_0016_EFFECT_1,ITEM,key_item,GR3.MDZ,GR3.MDT,ITEM_RECORD_0016,,1,0xE8EC,,E7 F1 7E F4 80 85 F0 A1 A4 F1 B7 F5 6A 20 27 F5 5E 7C D2 F1 79 57 F2 91 7B F1 78 80,聖獣の力を解放し　<27F5>かな光で包み全ての,성수의 힘을 해방해 찬란한 빛으로 감쌈,D6 8B 75 20 85 F7 A1 20 74 71 F9 74 20 9F F7 7B F8 7A 20 2B F4 82 79 20 33 F2 86 F7,,"[""<27F5>""]",TRANSLATED,NO,positional item HELP trailer; exact reviewed effect rule,
ITEM_0016_EFFECT_2,ITEM,key_item,GR3.MDZ,GR3.MDT,ITEM_RECORD_0016,,2,0xE909,,A1 F1 4A F2 9B F1 46 F0 A1 9B F1 A4 F2 6F F0 6C 9D 20 B9 F1 BA F1 80 3F F0 B6 F0 BC F0 C2 F0 23,生命活動を活発化する　究極の回復効果！,궁극의 생명 회복 효과,72 F6 81 F6 75 20 B6 E5 20 CC D0 20 CA F4 EC F5,,[],TRANSLATED,NO,positional item HELP trailer; exact reviewed effect rule,
ITEM_0017_EFFECT_1,ITEM,key_item,GR3.MDZ,GR3.MDT,ITEM_RECORD_0017,,1,0xE944,,E7 F1 7E F4 80 85 F0 A1 A4 F1 B7 F5 6A 20 42 F0 57 7C 9D 92 F1 93 F1 80 E1 F4 CF F0 79,聖獣の力を解放し　大いなる森林の<E1F4>吹で,성수의 힘을 해방해 숲의 숨결을 부름,D6 8B 75 20 85 F7 A1 20 74 71 F9 74 20 A6 F7 75 20 A5 F7 B7 F4 A1 20 A4 B2 F8,,"[""<E1F4>""]",TRANSLATED,NO,positional item HELP trailer; exact reviewed effect rule,
ITEM_0017_EFFECT_2,ITEM,key_item,GR3.MDZ,GR3.MDT,ITEM_RECORD_0017,,2,0xE962,,22 F1 46 F0 85 F0 A1 9B F1 65 F0 6F F0 6C 9D 20 B9 F1 BA F1 80 E8 F7 89 F4 BC F0 C2 F0 23,行動力を活性化する　究極の<E8F7><89F4>効果！,궁극의 행동력 가속 효과,72 F6 81 F6 75 20 A5 E7 F7 93 F8 20 4A 49 F7 20 CA F4 EC F5,,"[""<E8F7>"", ""<89F4>""]",TRANSLATED,NO,positional item HELP trailer; exact reviewed effect rule,
ITEM_0018_EFFECT_1,ITEM,key_item,GR3.MDZ,GR3.MDT,ITEM_RECORD_0018,,1,0xE99B,,E7 F1 7E F4 80 85 F0 A1 A4 F1 B7 F5 6A 20 47 F0 79 F2 A1 98 5F 90 6E 78,聖獣の力を解放し　時空をゆがませて,성수의 힘을 해방해 시공을 왜곡,D6 8B 75 20 85 F7 A1 20 74 71 F9 74 20 88 D8 F5 A1 20 47 F6 EF F4,,[],TRANSLATED,NO,positional item HELP trailer; exact reviewed effect rule,
ITEM_0018_EFFECT_2,ITEM,key_item,GR3.MDZ,GR3.MDT,ITEM_RECORD_0018,,2,0xE9B4,,6C 8B 78 80 22 F1 46 F0 A1 41 F5 23 F1 6C 9D 20 B9 F1 BA F1 80 BC F0 C2 F0 23,すべての行動を<41F5><23F1>する　究極の効果！,모든 행동을 제어하는 궁극의 효과,B2 CD 20 A5 E7 F7 A1 20 AA 69 61 73 20 72 F6 81 F6 75 20 CA F4 EC F5,,"[""<41F5>"", ""<23F1>""]",TRANSLATED,NO,positional item HELP trailer; exact reviewed effect rule,
ITEM_0101_EFFECT_1,ITEM,consumable,GR3.MDZ,GR3.MDT,ITEM_RECORD_0101,,1,0xEAFC,,41 49 A1 39 39 39 39 DE A6 EA C9 3F F0 B6 F0 6C 9D,HPを9999ポイント回復する,HP 9999 회복,41 49 20 39 39 39 39 20 CC D0,,[],TRANSLATED,NO,positional item HELP trailer; numeric recovery rule,
ITEM_0102_EFFECT_1,ITEM,consumable,GR3.MDZ,GR3.MDT,ITEM_RECORD_0102,,1,0xEB30,,41 49 A1 32 34 30 30 DE A6 EA C9 3F F0 B6 F0 6C 9D,HPを2400ポイント回復する,HP 2400 회복,41 49 20 32 34 30 30 20 CC D0,,[],TRANSLATED,NO,positional item HELP trailer; numeric recovery rule,
ITEM_0103_EFFECT_1,ITEM,consumable,GR3.MDZ,GR3.MDT,ITEM_RECORD_0103,,1,0xEB5A,,41 49 A1 31 38 30 30 DE A6 EA C9 3F F0 B6 F0 6C 9D,HPを1800ポイント回復する,HP 1800 회복,41 49 20 31 38 30 30 20 CC D0,,[],TRANSLATED,NO,positional item HELP trailer; numeric recovery rule,
ITEM_0104_EFFECT_1,ITEM,consumable,GR3.MDZ,GR3.MDT,ITEM_RECORD_0104,,1,0xEB8A,,41 49 A1 31 32 30 30 DE A6 EA C9 3F F0 B6 F0 6C 9D,HPを1200ポイント回復する,HP 1200 회복,41 49 20 31 32 30 30 20 CC D0,,[],TRANSLATED,NO,positional item HELP trailer; numeric recovery rule,
ITEM_0105_EFFECT_1,ITEM,consumable,GR3.MDZ,GR3.MDT,ITEM_RECORD_0105,,1,0xEBB6,,41 49 A1 39 30 30 DE A6 EA C9 3F F0 B6 F0 6C 9D,HPを900ポイント回復する,HP 900 회복,41 49 20 39 30 30 20 CC D0,,[],TRANSLATED,NO,positional item HELP trailer; numeric recovery rule,
ITEM_0106_EFFECT_1,ITEM,consumable,GR3.MDZ,GR3.MDT,ITEM_RECORD_0106,,1,0xEBE0,,41 49 A1 36 30 30 DE A6 EA C9 3F F0 B6 F0 6C 9D,HPを600ポイント回復する,HP 600 회복,41 49 20 36 30 30 20 CC D0,,[],TRANSLATED,NO,positional item HELP trailer; numeric recovery rule,
ITEM_0107_EFFECT_1,ITEM,consumable,GR3.MDZ,GR3.MDT,ITEM_RECORD_0107,,1,0xEC0D,,41 49 A1 33 30 30 DE A6 EA C9 3F F0 B6 F0 6C 9D,HPを300ポイント回復する,HP 300 회복,41 49 20 33 30 30 20 CC D0,,[],TRANSLATED,NO,positional item HELP trailer; numeric recovery rule,
ITEM_0108_EFFECT_1,ITEM,consumable,GR3.MDZ,GR3.MDT,ITEM_RECORD_0108,,1,0xEC3C,,41 49 A1 39 39 39 39 DE A6 EA C9 3F F0 B6 F0 6C 9D,HPを9999ポイント回復する,HP 9999 회복,41 49 20 39 39 39 39 20 CC D0,,[],TRANSLATED,NO,positional item HELP trailer; numeric recovery rule,
ITEM_0109_EFFECT_1,ITEM,consumable,GR3.MDZ,GR3.MDT,ITEM_RECORD_0109,,1,0xEC6F,,41 49 A1 32 30 30 30 DE A6 EA C9 3F F0 B6 F0 6C 9D,HPを2000ポイント回復する,HP 2000 회복,41 49 20 32 30 30 30 20 CC D0,,[],TRANSLATED,NO,positional item HELP trailer; numeric recovery rule,
ITEM_0111_EFFECT_1,ITEM,consumable,GR3.MDZ,GR3.MDT,ITEM_RECORD_0111,,1,0xECA1,,41 49 A1 37 35 30 DE A6 EA C9 3F F0 B6 F0 6C 9D,HPを750ポイント回復する,HP 750 회복,41 49 20 37 35 30 20 CC D0,,[],TRANSLATED,NO,positional item HELP trailer; numeric recovery rule,
ITEM_0112_EFFECT_1,ITEM,consumable,GR3.MDZ,GR3.MDT,ITEM_RECORD_0112,,1,0xECD3,,41 49 A1 35 30 30 DE A6 EA C9 3F F0 B6 F0 6C 9D,HPを500ポイント回復する,HP 500 회복,41 49 20 35 30 30 20 CC D0,,[],TRANSLATED,NO,positional item HELP trailer; numeric recovery rule,
ITEM_0113_EFFECT_1,ITEM,consumable,GR3.MDZ,GR3.MDT,ITEM_RECORD_0113,,1,0xED02,,4C 49 A1 32 30 30 DE A6 EA C9 3F F0 B6 F0 6C 9D,SPを200ポイント回復する,SP 200 회복,4C 49 20 32 30 30 20 CC D0,,[],TRANSLATED,NO,positional item HELP trailer; numeric recovery rule,
ITEM_0114_EFFECT_1,ITEM,consumable,GR3.MDZ,GR3.MDT,ITEM_RECORD_0114,,1,0xED34,,4C 49 A1 31 30 30 DE A6 EA C9 3F F0 B6 F0 6C 9D,SPを100ポイント回復する,SP 100 회복,4C 49 20 31 30 30 20 CC D0,,[],TRANSLATED,NO,positional item HELP trailer; numeric recovery rule,
ITEM_0115_EFFECT_1,ITEM,consumable,GR3.MDZ,GR3.MDT,ITEM_RECORD_0115,,1,0xED5F,,46 49 A1 39 39 39 DE A6 EA C9 3F F0 B6 F0 6C 9D,MPを999ポイント回復する,MP 999 회복,46 49 20 39 39 39 20 CC D0,,[],TRANSLATED,NO,positional item HELP trailer; numeric recovery rule,
ITEM_0116_EFFECT_1,ITEM,consumable,GR3.MDZ,GR3.MDT,ITEM_RECORD_0116,,1,0xED8C,,46 49 A1 33 32 30 DE A6 EA C9 3F F0 B6 F0 6C 9D,MPを320ポイント回復する,MP 320 회복,46 49 20 33 32 30 20 CC D0,,[],TRANSLATED,NO,positional item HELP trailer; numeric recovery rule,
ITEM_0118_EFFECT_1,ITEM,consumable,GR3.MDZ,GR3.MDT,ITEM_RECORD_0118,,1,0xEDBE,,46 49 A1 31 36 30 DE A6 EA C9 3F F0 B6 F0 6C 9D,MPを160ポイント回復する,MP 160 회복,46 49 20 31 36 30 20 CC D0,,[],TRANSLATED,NO,positional item HELP trailer; numeric recovery rule,
ITEM_0119_EFFECT_1,ITEM,consumable,GR3.MDZ,GR3.MDT,ITEM_RECORD_0119,,1,0xEDF0,,46 49 A1 34 30 DE A6 EA C9 3F F0 B6 F0 6C 9D,MPを40ポイント回復する,MP 40 회복,46 49 20 34 30 20 CC D0,,[],TRANSLATED,NO,positional item HELP trailer; numeric recovery rule,
ITEM_0120_EFFECT_1,ITEM,consumable,GR3.MDZ,GR3.MDT,ITEM_RECORD_0120,,1,0xEE1B,,EB F0 EC F0 80 F1 9A F1 5E 9B B6 F0 9B F1 6C 9D 20 41 49 31 30 30 3F F6 3F F0 B6 F0,戦闘不能から復活する　HP100％回復,부활 후 HP 100％ 회복,A4 AF F4 20 CD F4 20 41 49 20 31 30 30 3F F6 20 CC D0,,[],TRANSLATED,NO,positional item HELP trailer; revival rule,
ITEM_0120_EFFECT_2,ITEM,consumable,GR3.MDZ,GR3.MDT,ITEM_RECORD_0120,,2,0xEE38,,B6 F0 9B F1 C5 F1 20 42 49 B9 EA DD ED A1 42 F0 96 F2 7D AB F4 93 9D,復活後　IPシンボルを大幅に進める,부활 후 IP 게이지 대폭 전진,A4 AF F4 20 CD F4 20 42 49 20 68 6B 6F 20 8D DF F6 20 BB C5,,[],TRANSLATED,NO,positional item HELP trailer; exact reviewed effect rule,
ITEM_0121_EFFECT_1,ITEM,consumable,GR3.MDZ,GR3.MDT,ITEM_RECORD_0121,,1,0xEE6F,,EB F0 EC F0 80 F1 9A F1 5E 9B B6 F0 9B F1 6C 9D 20 41 49 31 30 30 3F F6 3F F0 B6 F0,戦闘不能から復活する　HP100％回復,부활 후 HP 100％ 회복,A4 AF F4 20 CD F4 20 41 49 20 31 30 30 3F F6 20 CC D0,,[],TRANSLATED,NO,positional item HELP trailer; revival rule,
ITEM_0121_EFFECT_2,ITEM,consumable,GR3.MDZ,GR3.MDT,ITEM_RECORD_0121,,2,0xEE8C,,B6 F0 9B F1 C5 F1 20 6C 8B 78 80 D2 EB E2 27 C1 A1 87 F0 88 F0 68 6E 9D,復活後　すべてのパラメータを上昇させる,부활 후 모든 능력 상승,A4 AF F4 20 CD F4 20 B2 CD 20 A3 F7 93 F8 20 BD 2E F8,,[],TRANSLATED,NO,positional item HELP trailer; exact reviewed effect rule,
ITEM_0122_EFFECT_1,ITEM,consumable,GR3.MDZ,GR3.MDT,ITEM_RECORD_0122,,1,0xEEC4,,EB F0 EC F0 80 F1 9A F1 5E 9B B6 F0 9B F1 6C 9D 20 41 49 31 30 30 3F F6 3F F0 B6 F0,戦闘不能から復活する　HP100％回復,부활 후 HP 100％ 회복,A4 AF F4 20 CD F4 20 41 49 20 31 30 30 3F F6 20 CC D0,,[],TRANSLATED,NO,positional item HELP trailer; revival rule,
ITEM_0123_EFFECT_1,ITEM,consumable,GR3.MDZ,GR3.MDT,ITEM_RECORD_0123,,1,0xEF02,,EB F0 EC F0 80 F1 9A F1 5E 9B B6 F0 9B F1 6C 9D 20 41 49 35 30 3F F6 3F F0 B6 F0,戦闘不能から復活する　HP50％回復,부활 후 HP 50％ 회복,A4 AF F4 20 CD F4 20 41 49 20 35 30 3F F6 20 CC D0,,[],TRANSLATED,NO,positional item HELP trailer; revival rule,
ITEM_0124_EFFECT_1,ITEM,consumable,GR3.MDZ,GR3.MDT,ITEM_RECORD_0124,,1,0xEF38,,CB F0 28 27 F1 9C 28 95 F1 96 F1 28 D5 F0 D6 F0 28 DF F0 45 F3 28 9A F0 9B F0 A1 9C F0 6C,毒・眠り・麻痺・混乱・封印・病気を治す,모든 상태이상 치료,B2 CD 20 BD D3 F8 6B BD 20 3F F3 A4 F8,,[],TRANSLATED,NO,positional item HELP trailer; exact reviewed effect rule,
ITEM_0125_EFFECT_1,ITEM,consumable,GR3.MDZ,GR3.MDT,ITEM_RECORD_0125,,1,0xEF76,,CB F0 28 95 F1 96 F1 A1 9C F0 6C,毒・麻痺を治す,독·마비 치료,E0 F7 28 5C 98 20 3F F3 A4 F8,,[],TRANSLATED,NO,positional item HELP trailer; exact reviewed effect rule,
ITEM_0126_EFFECT_1,ITEM,consumable,GR3.MDZ,GR3.MDT,ITEM_RECORD_0126,,1,0xEF9F,,27 F1 9C A1 9C F0 6C,眠りを治す,수면 치료,8B 80 20 3F F3 A4 F8,,[],TRANSLATED,NO,positional item HELP trailer; exact reviewed effect rule,
ITEM_0127_EFFECT_1,ITEM,consumable,GR3.MDZ,GR3.MDT,ITEM_RECORD_0127,,1,0xEFC7,,D5 F0 D6 F0 A1 9C F0 6C,混乱を治す,혼란 치료,C4 F3 7B F8 20 3F F3 A4 F8,,[],TRANSLATED,NO,positional item HELP trailer; exact reviewed effect rule,
ITEM_0128_EFFECT_1,ITEM,consumable,GR3.MDZ,GR3.MDT,ITEM_RECORD_0128,,1,0xEFED,,DF F0 45 F3 A1 9C F0 6C,封印を治す,봉인 치료,7E F1 8C 20 3F F3 A4 F8,,[],TRANSLATED,NO,positional item HELP trailer; exact reviewed effect rule,
ITEM_0129_EFFECT_1,ITEM,consumable,GR3.MDZ,GR3.MDT,ITEM_RECORD_0129,,1,0xF011,,9A F0 9B F0 A1 9C F0 6C,病気を治す,질병 치료,2F F6 82 F9 20 3F F3 A4 F8,,[],TRANSLATED,NO,positional item HELP trailer; exact reviewed effect rule,
ITEM_0130_EFFECT_1,ITEM,consumable,GR3.MDZ,GR3.MDT,ITEM_RECORD_0130,,1,0xF038,,34 F1 42 F0 41 49 5F 31 30 DE A6 EA C9 A4 C4 D8 6C 9D,最大HPが10ポイントアップする,최대 HP 10 상승,2F F2 8D 20 41 49 20 31 30 20 BD 2E F8,,[],TRANSLATED,NO,positional item HELP trailer; maximum-stat rule,
ITEM_0130_EFFECT_2,ITEM,consumable,GR3.MDZ,GR3.MDT,ITEM_RECORD_0130,,2,0xF04B,,41 49 28 46 49 28 4C 49 A1 3F F0 B6 F0 6C 9D,HP・MP・SPを回復する,HP·MP·SP 회복,41 49 28 46 49 28 4C 49 20 CC D0,,[],TRANSLATED,NO,positional item HELP trailer; exact reviewed effect rule,
ITEM_0131_EFFECT_1,ITEM,consumable,GR3.MDZ,GR3.MDT,ITEM_RECORD_0131,,1,0xF077,,34 F1 42 F0 46 49 5F 31 30 DE A6 EA C9 A4 C4 D8 6C 9D,最大MPが10ポイントアップする,최대 MP 10 상승,2F F2 8D 20 46 49 20 31 30 20 BD 2E F8,,[],TRANSLATED,NO,positional item HELP trailer; maximum-stat rule,
ITEM_0131_EFFECT_2,ITEM,consumable,GR3.MDZ,GR3.MDT,ITEM_RECORD_0131,,2,0xF08A,,41 49 28 46 49 28 4C 49 A1 3F F0 B6 F0 6C 9D,HP・MP・SPを回復する,HP·MP·SP 회복,41 49 28 46 49 28 4C 49 20 CC D0,,[],TRANSLATED,NO,positional item HELP trailer; exact reviewed effect rule,
ITEM_0132_EFFECT_1,ITEM,consumable,GR3.MDZ,GR3.MDT,ITEM_RECORD_0132,,1,0xF0B7,,36 F0 37 F0 5F 33 DE A6 EA C9 A4 C4 D8 6C 9D,攻撃が3ポイントアップする,공격력 3 상승,D8 F5 B3 F4 93 F8 20 33 20 BD 2E F8,,[],TRANSLATED,NO,positional item HELP trailer; numeric stat-growth rule,
ITEM_0132_EFFECT_2,ITEM,consumable,GR3.MDZ,GR3.MDT,ITEM_RECORD_0132,,2,0xF0C7,,41 49 28 46 49 28 4C 49 A1 3F F0 B6 F0 6C 9D,HP・MP・SPを回復する,HP·MP·SP 회복,41 49 28 46 49 28 4C 49 20 CC D0,,[],TRANSLATED,NO,positional item HELP trailer; exact reviewed effect rule,
ITEM_0133_EFFECT_1,ITEM,consumable,GR3.MDZ,GR3.MDT,ITEM_RECORD_0133,,1,0xF0F6,,38 F0 39 F0 5F 33 DE A6 EA C9 A4 C4 D8 6C 9D,防御が3ポイントアップする,방어력 3 상승,71 F9 69 93 F8 20 33 20 BD 2E F8,,[],TRANSLATED,NO,positional item HELP trailer; numeric stat-growth rule,
ITEM_0133_EFFECT_2,ITEM,consumable,GR3.MDZ,GR3.MDT,ITEM_RECORD_0133,,2,0xF106,,41 49 28 46 49 28 4C 49 A1 3F F0 B6 F0 6C 9D,HP・MP・SPを回復する,HP·MP·SP 회복,41 49 28 46 49 28 4C 49 20 CC D0,,[],TRANSLATED,NO,positional item HELP trailer; exact reviewed effect rule,
ITEM_0134_EFFECT_1,ITEM,consumable,GR3.MDZ,GR3.MDT,ITEM_RECORD_0134,,1,0xF133,,4A F0 85 F0 5F 33 DE A6 EA C9 A4 C4 D8 6C 9D,魔力が3ポイントアップする,마력 3 상승,5C 93 F8 20 33 20 BD 2E F8,,[],TRANSLATED,NO,positional item HELP trailer; numeric stat-growth rule,
ITEM_0134_EFFECT_2,ITEM,consumable,GR3.MDZ,GR3.MDT,ITEM_RECORD_0134,,2,0xF143,,41 49 28 46 49 28 4C 49 A1 3F F0 B6 F0 6C 9D,HP・MP・SPを回復する,HP·MP·SP 회복,41 49 28 46 49 28 4C 49 20 CC D0,,[],TRANSLATED,NO,positional item HELP trailer; exact reviewed effect rule,
ITEM_0135_EFFECT_1,ITEM,consumable,GR3.MDZ,GR3.MDT,ITEM_RECORD_0135,,1,0xF173,,2D F8 21 F4 5F 33 DE A6 EA C9 A4 C4 D8 6C 9D,抵抗が3ポイントアップする,저항력 3 상승,7B 2A F9 93 F8 20 33 20 BD 2E F8,,[],TRANSLATED,NO,positional item HELP trailer; numeric stat-growth rule,
ITEM_0135_EFFECT_2,ITEM,consumable,GR3.MDZ,GR3.MDT,ITEM_RECORD_0135,,2,0xF183,,41 49 28 46 49 28 4C 49 A1 3F F0 B6 F0 6C 9D,HP・MP・SPを回復する,HP·MP·SP 회복,41 49 28 46 49 28 4C 49 20 CC D0,,[],TRANSLATED,NO,positional item HELP trailer; exact reviewed effect rule,
ITEM_0136_EFFECT_1,ITEM,consumable,GR3.MDZ,GR3.MDT,ITEM_RECORD_0136,,1,0xF1B2,,22 F1 46 F0 5F 33 DE A6 EA C9 A4 C4 D8 6C 9D,行動が3ポイントアップする,행동력 3 상승,A5 E7 F7 93 F8 20 33 20 BD 2E F8,,[],TRANSLATED,NO,positional item HELP trailer; numeric stat-growth rule,
ITEM_0136_EFFECT_2,ITEM,consumable,GR3.MDZ,GR3.MDT,ITEM_RECORD_0136,,2,0xF1C2,,41 49 28 46 49 28 4C 49 A1 3F F0 B6 F0 6C 9D,HP・MP・SPを回復する,HP·MP·SP 회복,41 49 28 46 49 28 4C 49 20 CC D0,,[],TRANSLATED,NO,positional item HELP trailer; exact reviewed effect rule,
ITEM_0137_EFFECT_1,ITEM,consumable,GR3.MDZ,GR3.MDT,ITEM_RECORD_0137,,1,0xF1F1,,70 F0 64 F0 65 F0 C2 E2 27 BA 20 84 F0 85 F0 2B 33 30 30 30,無属性ダメージ　威力：3000,무속성 피해 위력 3000,97 49 F7 D6 20 C9 74 20 3F F7 93 F8 20 33 30 30 30,,[],TRANSLATED,NO,positional item HELP trailer; elemental-damage rule,
ITEM_0138_EFFECT_1,ITEM,consumable,GR3.MDZ,GR3.MDT,ITEM_RECORD_0138,,1,0xF224,,70 F0 64 F0 65 F0 C2 E2 27 BA 20 84 F0 85 F0 2B 31 36 30 30,無属性ダメージ　威力：1600,무속성 피해 위력 1600,97 49 F7 D6 20 C9 74 20 3F F7 93 F8 20 31 36 30 30,,[],TRANSLATED,NO,positional item HELP trailer; elemental-damage rule,
ITEM_0139_EFFECT_1,ITEM,consumable,GR3.MDZ,GR3.MDT,ITEM_RECORD_0139,,1,0xF258,,70 F0 64 F0 65 F0 C2 E2 27 BA 20 84 F0 85 F0 2B 31 32 30 30,無属性ダメージ　威力：1200,무속성 피해 위력 1200,97 49 F7 D6 20 C9 74 20 3F F7 93 F8 20 31 32 30 30,,[],TRANSLATED,NO,positional item HELP trailer; elemental-damage rule,
ITEM_0140_EFFECT_1,ITEM,consumable,GR3.MDZ,GR3.MDT,ITEM_RECORD_0140,,1,0xF28E,,70 F0 64 F0 65 F0 C2 E2 27 BA 20 84 F0 85 F0 2B 37 32 30,無属性ダメージ　威力：720,무속성 피해 위력 720,97 49 F7 D6 20 C9 74 20 3F F7 93 F8 20 37 32 30,,[],TRANSLATED,NO,positional item HELP trailer; elemental-damage rule,
ITEM_0141_EFFECT_1,ITEM,consumable,GR3.MDZ,GR3.MDT,ITEM_RECORD_0141,,1,0xF2BD,,70 F0 64 F0 65 F0 C2 E2 27 BA 20 84 F0 85 F0 2B 31 36 30,無属性ダメージ　威力：160,무속성 피해 위력 160,97 49 F7 D6 20 C9 74 20 3F F7 93 F8 20 31 36 30,,[],TRANSLATED,NO,positional item HELP trailer; elemental-damage rule,
ITEM_0142_EFFECT_1,ITEM,consumable,GR3.MDZ,GR3.MDT,ITEM_RECORD_0142,,1,0xF2F0,,70 F0 64 F0 65 F0 C2 E2 27 BA 20 84 F0 85 F0 2B 31 38 30 30,無属性ダメージ　威力：1800,무속성 피해 위력 1800,97 49 F7 D6 20 C9 74 20 3F F7 93 F8 20 31 38 30 30,,[],TRANSLATED,NO,positional item HELP trailer; elemental-damage rule,
ITEM_0142_EFFECT_2,ITEM,consumable,GR3.MDZ,GR3.MDT,ITEM_RECORD_0142,,2,0xF305,,AF E4 EA BD ED BC F0 C2 F0,キャンセル効果,캔슬 효과,5B F5 D8 F7 20 CA F4 EC F5,,[],TRANSLATED,NO,positional item HELP trailer; exact reviewed effect rule,
ITEM_0143_EFFECT_1,ITEM,consumable,GR3.MDZ,GR3.MDT,ITEM_RECORD_0143,,1,0xF32F,,70 F0 64 F0 65 F0 C2 E2 27 BA 20 84 F0 85 F0 2B 36 30 30,無属性ダメージ　威力：600,무속성 피해 위력 600,97 49 F7 D6 20 C9 74 20 3F F7 93 F8 20 36 30 30,,[],TRANSLATED,NO,positional item HELP trailer; elemental-damage rule,
ITEM_0143_EFFECT_2,ITEM,consumable,GR3.MDZ,GR3.MDT,ITEM_RECORD_0143,,2,0xF343,,AF E4 EA BD ED BC F0 C2 F0,キャンセル効果,캔슬 효과,5B F5 D8 F7 20 CA F4 EC F5,,[],TRANSLATED,NO,positional item HELP trailer; exact reviewed effect rule,
ITEM_0144_EFFECT_1,ITEM,consumable,GR3.MDZ,GR3.MDT,ITEM_RECORD_0144,,1,0xF366,,70 F0 64 F0 65 F0 C2 E2 27 BA 20 84 F0 85 F0 2B 31 32 30,無属性ダメージ　威力：120,무속성 피해 위력 120,97 49 F7 D6 20 C9 74 20 3F F7 93 F8 20 31 32 30,,[],TRANSLATED,NO,positional item HELP trailer; elemental-damage rule,
ITEM_0144_EFFECT_2,ITEM,consumable,GR3.MDZ,GR3.MDT,ITEM_RECORD_0144,,2,0xF37A,,AF E4 EA BD ED BC F0 C2 F0,キャンセル効果,캔슬 효과,5B F5 D8 F7 20 CA F4 EC F5,,[],TRANSLATED,NO,positional item HELP trailer; exact reviewed effect rule,
ITEM_0145_EFFECT_1,ITEM,consumable,GR3.MDZ,GR3.MDT,ITEM_RECORD_0145,,1,0xF3A5,,70 F0 64 F0 65 F0 C2 E2 27 BA 20 84 F0 85 F0 2B 32 34 30 30,無属性ダメージ　威力：2400,무속성 피해 위력 2400,97 49 F7 D6 20 C9 74 20 3F F7 93 F8 20 32 34 30 30,,[],TRANSLATED,NO,positional item HELP trailer; elemental-damage rule,
ITEM_0145_EFFECT_2,ITEM,consumable,GR3.MDZ,GR3.MDT,ITEM_RECORD_0145,,2,0xF3BA,,2D F0 B2 F1 47 F0 AA F2 AB F1 68 F3 C5 F1 20 4A F1 A4 F2 6C 9D,一定時間経<68F3>後　爆発する,일정 시간 후 폭발,92 93 20 88 A9 F0 20 CD F4 20 DF F6 6C F9,,"[""<68F3>""]",TRANSLATED,NO,positional item HELP trailer; exact reviewed effect rule,
ITEM_0146_EFFECT_1,ITEM,consumable,GR3.MDZ,GR3.MDT,ITEM_RECORD_0146,,1,0xF3F3,,70 F0 64 F0 65 F0 C2 E2 27 BA 20 84 F0 85 F0 2B 31 32 30 30,無属性ダメージ　威力：1200,무속성 피해 위력 1200,97 49 F7 D6 20 C9 74 20 3F F7 93 F8 20 31 32 30 30,,[],TRANSLATED,NO,positional item HELP trailer; elemental-damage rule,
ITEM_0146_EFFECT_2,ITEM,consumable,GR3.MDZ,GR3.MDT,ITEM_RECORD_0146,,2,0xF408,,2D F0 B2 F1 47 F0 AA F2 AB F1 68 F3 C5 F1 20 4A F1 A4 F2 6C 9D,一定時間経<68F3>後　爆発する,일정 시간 후 폭발,92 93 20 88 A9 F0 20 CD F4 20 DF F6 6C F9,,"[""<68F3>""]",TRANSLATED,NO,positional item HELP trailer; exact reviewed effect rule,
ITEM_0147_EFFECT_1,ITEM,consumable,GR3.MDZ,GR3.MDT,ITEM_RECORD_0147,,1,0xF43B,,70 F0 64 F0 65 F0 C2 E2 27 BA 20 84 F0 85 F0 2B 36 30 30,無属性ダメージ　威力：600,무속성 피해 위력 600,97 49 F7 D6 20 C9 74 20 3F F7 93 F8 20 36 30 30,,[],TRANSLATED,NO,positional item HELP trailer; elemental-damage rule,
ITEM_0147_EFFECT_2,ITEM,consumable,GR3.MDZ,GR3.MDT,ITEM_RECORD_0147,,2,0xF44F,,2D F0 B2 F1 47 F0 AA F2 AB F1 68 F3 C5 F1 20 4A F1 A4 F2 6C 9D,一定時間経<68F3>後　爆発する,일정 시간 후 폭발,92 93 20 88 A9 F0 20 CD F4 20 DF F6 6C F9,,"[""<68F3>""]",TRANSLATED,NO,positional item HELP trailer; exact reviewed effect rule,
ITEM_0148_EFFECT_1,ITEM,consumable,GR3.MDZ,GR3.MDT,ITEM_RECORD_0148,,1,0xF485,,54 F0 E9 F0 BC F0 C2 F0 2B E2 C7 AC BB C9 EB A6 B1,使用効果：メテオストライク,사용효과：메테오 스트라이크,7E A7 F6 CA F4 EC F5 2B E7 F8 D8 90 20 BC D2 66 6B 44 F7,,[],TRANSLATED,NO,positional item HELP trailer; magic-name rule,
ITEM_0149_EFFECT_1,ITEM,consumable,GR3.MDZ,GR3.MDT,ITEM_RECORD_0149,,1,0xF4B9,,54 F0 E9 F0 BC F0 C2 F0 2B B9 E4 AF 27 AE,使用効果：シャキーガ,사용효과：샤키가,7E A7 F6 CA F4 EC F5 2B 6F F6 C1 4A,,[],TRANSLATED,NO,positional item HELP trailer; magic-name rule,
ITEM_0150_EFFECT_1,ITEM,consumable,GR3.MDZ,GR3.MDT,ITEM_RECORD_0150,,1,0xF4E3,,54 F0 E9 F0 BC F0 C2 F0 2B EB A6 C8 EA,使用効果：ライデン,사용효과：라이덴,7E A7 F6 CA F4 EC F5 2B 66 6B DE F7,,[],TRANSLATED,NO,positional item HELP trailer; magic-name rule,
ITEM_0152_EFFECT_1,ITEM,consumable,GR3.MDZ,GR3.MDT,ITEM_RECORD_0152,,1,0xF511,,54 F0 E9 F0 BC F0 C2 F0 2B 22 F0 A3 EA BB C9 EB A6 B1,使用効果：ヴァンストライク,사용효과：반 스트라이크,7E A7 F6 CA F4 EC F5 2B 6A F9 20 BC D2 66 6B 44 F7,,[],TRANSLATED,NO,positional item HELP trailer; magic-name rule,
ITEM_0153_EFFECT_1,ITEM,consumable,GR3.MDZ,GR3.MDT,ITEM_RECORD_0153,,1,0xF543,,54 F0 E9 F0 BC F0 C2 F0 2B D3 E6 27 BB EB C4 B9 E6,使用効果：ヒュースラッシュ,사용효과：휴 슬래시,7E A7 F6 CA F4 EC F5 2B 2D F6 20 D8 F7 8E 88,,[],TRANSLATED,NO,positional item HELP trailer; magic-name rule,
ITEM_0154_EFFECT_1,ITEM,consumable,GR3.MDZ,GR3.MDT,ITEM_RECORD_0154,,1,0xF573,,42 49 B9 EA DD ED A1 86 F0 6A AB F4 93 9D,IPシンボルを少し進める,IP 게이지 소폭 전진,42 49 20 68 6B 6F 20 B4 DF F6 20 BB C5,,[],TRANSLATED,NO,positional item HELP trailer; exact reviewed effect rule,
ITEM_0154_EFFECT_2,ITEM,consumable,GR3.MDZ,GR3.MDT,ITEM_RECORD_0154,,2,0xF582,,54 F0 75 78 94 7C 62 7C 9B 7C 57,使ってもなくならない,사용해도 사라지지 않음,7E A7 F6 74 4E 20 7E 66 6F 6F 20 AE B1,,[],TRANSLATED,NO,positional item HELP trailer; exact reviewed effect rule,
ITEM_0155_EFFECT_1,ITEM,consumable,GR3.MDZ,GR3.MDT,ITEM_RECORD_0155,,1,0xF5AC,,42 49 B9 EA DD ED A1 42 F0 96 F2 7D AB F4 93 9D,IPシンボルを大幅に進める,IP 게이지 대폭 전진,42 49 20 68 6B 6F 20 8D DF F6 20 BB C5,,[],TRANSLATED,NO,positional item HELP trailer; exact reviewed effect rule,
ITEM_0156_EFFECT_1,ITEM,consumable,GR3.MDZ,GR3.MDT,ITEM_RECORD_0156,,1,0xF5D9,,42 49 B9 EA DD ED A1 42 F0 96 F2 7D AB F4 93 9D,IPシンボルを大幅に進める,IP 게이지 대폭 전진,42 49 20 68 6B 6F 20 8D DF F6 20 BB C5,,[],TRANSLATED,NO,positional item HELP trailer; exact reviewed effect rule,
ITEM_0157_EFFECT_1,ITEM,consumable,GR3.MDZ,GR3.MDT,ITEM_RECORD_0157,,1,0xF60A,,42 49 B9 EA DD ED A1 42 F0 96 F2 7D AB F4 93 9D,IPシンボルを大幅に進める,IP 게이지 대폭 전진,42 49 20 68 6B 6F 20 8D DF F6 20 BB C5,,[],TRANSLATED,NO,positional item HELP trailer; exact reviewed effect rule,
ITEM_0158_EFFECT_1,ITEM,consumable,GR3.MDZ,GR3.MDT,ITEM_RECORD_0158,,1,0xF639,,70 F0 64 F0 65 F0 C2 E2 27 BA 20 84 F0 85 F0 2B 38 30,無属性ダメージ　威力：80,무속성 피해 위력 80,97 49 F7 D6 20 C9 74 20 3F F7 93 F8 20 38 30,,[],TRANSLATED,NO,positional item HELP trailer; elemental-damage rule,
ITEM_0159_EFFECT_1,ITEM,consumable,GR3.MDZ,GR3.MDT,ITEM_RECORD_0159,,1,0xF66C,,54 F0 E9 F0 BC F0 C2 F0 2B B2 EB B0 EA,使用効果：グラギン,사용효과：그라긴,7E A7 F6 CA F4 EC F5 2B 63 66 93 F6,,[],TRANSLATED,NO,positional item HELP trailer; magic-name rule,
ITEM_0160_EFFECT_1,ITEM,consumable,GR3.MDZ,GR3.MDT,ITEM_RECORD_0160,,1,0xF696,,46 49 A1 38 30 DE A6 EA C9 3F F0 B6 F0 6C 9D,MPを80ポイント回復する,MP 80 회복,46 49 20 38 30 20 CC D0,,[],TRANSLATED,NO,positional item HELP trailer; numeric recovery rule,
ITEM_0161_EFFECT_1,ITEM,consumable,GR3.MDZ,GR3.MDT,ITEM_RECORD_0161,,1,0xF6C2,,41 49 A1 31 35 30 30 DE A6 EA C9 3F F0 B6 F0 6C 9D,HPを1500ポイント回復する,HP 1500 회복,41 49 20 31 35 30 30 20 CC D0,,[],TRANSLATED,NO,positional item HELP trailer; numeric recovery rule,
ITEM_0162_EFFECT_1,ITEM,consumable,GR3.MDZ,GR3.MDT,ITEM_RECORD_0162,,1,0xF6F3,,70 F0 64 F0 65 F0 C2 E2 27 BA 20 84 F0 85 F0 2B 34 38 30,無属性ダメージ　威力：480,무속성 피해 위력 480,97 49 F7 D6 20 C9 74 20 3F F7 93 F8 20 34 38 30,,[],TRANSLATED,NO,positional item HELP trailer; elemental-damage rule,
ITEM_0163_EFFECT_1,ITEM,consumable,GR3.MDZ,GR3.MDT,ITEM_RECORD_0163,,1,0xF727,,70 F0 64 F0 65 F0 C2 E2 27 BA 20 84 F0 85 F0 2B 31 38 30 30,無属性ダメージ　威力：1800,무속성 피해 위력 1800,97 49 F7 D6 20 C9 74 20 3F F7 93 F8 20 31 38 30 30,,[],TRANSLATED,NO,positional item HELP trailer; elemental-damage rule,
ITEM_0163_EFFECT_2,ITEM,consumable,GR3.MDZ,GR3.MDT,ITEM_RECORD_0163,,2,0xF73C,,2D F0 B2 F1 47 F0 AA F2 AB F1 68 F3 C5 F1 20 4A F1 A4 F2 6C 9D,一定時間経<68F3>後　爆発する,일정 시간 후 폭발,92 93 20 88 A9 F0 20 CD F4 20 DF F6 6C F9,,"[""<68F3>""]",TRANSLATED,NO,positional item HELP trailer; exact reviewed effect rule,
ITEM_0201_EFFECT_1,ITEM,weapon,GR3.MDZ,GR3.MDT,ITEM_RECORD_0201,,1,0xF7B9,,36 F0 37 F0 2B F0 31 32 35,攻撃＋125,공격＋125,D8 F5 B3 F4 2B F0 31 32 35,,[],TRANSLATED,NO,positional item HELP trailer; equipment-stat rule,
ITEM_0201_EFFECT_2,ITEM,weapon,GR3.MDZ,GR3.MDT,ITEM_RECORD_0201,,2,0xF7C3,,36 F0 37 F0 A1 58 F1 78 72 47 F0 80 4C 49 3F F0 B6 F0 49 F0 5F 56 F1 5B 9D,攻撃を当てた時のSP回復量が増える,명중 시 SP 회복량 상승,E5 E5 F4 20 88 20 4C 49 20 CC D0 83 F8 20 BD 2E F8,,[],TRANSLATED,NO,positional item HELP trailer; exact reviewed effect rule,
ITEM_0202_EFFECT_1,ITEM,weapon,GR3.MDZ,GR3.MDT,ITEM_RECORD_0202,,1,0xF7F6,,36 F0 37 F0 2B F0 33,攻撃＋3,공격＋3,D8 F5 B3 F4 2B F0 33,,[],TRANSLATED,NO,positional item HELP trailer; equipment-stat rule,
ITEM_0203_EFFECT_1,ITEM,weapon,GR3.MDZ,GR3.MDT,ITEM_RECORD_0203,,1,0xF81E,,36 F0 37 F0 2B F0 39 39,攻撃＋99,공격＋99,D8 F5 B3 F4 2B F0 39 39,,[],TRANSLATED,NO,positional item HELP trailer; equipment-stat rule,
ITEM_0204_EFFECT_1,ITEM,weapon,GR3.MDZ,GR3.MDT,ITEM_RECORD_0204,,1,0xF845,,36 F0 37 F0 2B F0 36 39 20 9B F2 AE F1 BC F0 C2 F0 2B 38 F0 39 F0 C2 A8 EA,攻撃＋69　追加効果：防御ダウン,공격＋69 추가효과：방어감소,D8 F5 B3 F4 2B F0 36 39 20 63 F2 4A CA F4 EC F5 2B 71 F9 69 33 F2 B4,,[],TRANSLATED,NO,positional item HELP trailer; equipment-stat rule,
ITEM_0205_EFFECT_1,ITEM,weapon,GR3.MDZ,GR3.MDT,ITEM_RECORD_0205,,1,0xF87D,,36 F0 37 F0 2B F0 33 32 20 D4 F0 64 F0 65 F0,攻撃＋32　風属性,공격＋32 바람속성,D8 F5 B3 F4 2B F0 33 32 20 9F BE 49 F7 D6,,[],TRANSLATED,NO,positional item HELP trailer; equipment-stat rule,
ITEM_0205_EFFECT_2,ITEM,weapon,GR3.MDZ,GR3.MDT,ITEM_RECORD_0205,,2,0xF88D,,32 F1 33 F1 54 F0 E9 F0 2B 3A F0 7D D4 F0 64 F0 65 F0 C2 E2 27 BA,武器使用：敵に風属性ダメージ,무기사용：적에게 바람속성 피해,97 6D 7E A7 F6 2B 41 F0 7D 68 20 9F BE 49 F7 D6 20 C9 74,,[],TRANSLATED,NO,positional item HELP trailer; weapon-use rule,
ITEM_0206_EFFECT_1,ITEM,weapon,GR3.MDZ,GR3.MDT,ITEM_RECORD_0206,,1,0xF8C3,,36 F0 37 F0 2B F0 33 32 20 47 F1 64 F0 65 F0,攻撃＋32　水属性,공격＋32 물속성,D8 F5 B3 F4 2B F0 33 32 20 EA 49 F7 D6,,[],TRANSLATED,NO,positional item HELP trailer; equipment-stat rule,
ITEM_0206_EFFECT_2,ITEM,weapon,GR3.MDZ,GR3.MDT,ITEM_RECORD_0206,,2,0xF8D3,,32 F1 33 F1 54 F0 E9 F0 2B 3A F0 7D 47 F1 64 F0 65 F0 C2 E2 27 BA,武器使用：敵に水属性ダメージ,무기사용：적에게 물속성 피해,97 6D 7E A7 F6 2B 41 F0 7D 68 20 EA 49 F7 D6 20 C9 74,,[],TRANSLATED,NO,positional item HELP trailer; weapon-use rule,
ITEM_0207_EFFECT_1,ITEM,weapon,GR3.MDZ,GR3.MDT,ITEM_RECORD_0207,,1,0xF905,,36 F0 37 F0 2B F0 33 32 20 C6 F0 64 F0 65 F0,攻撃＋32　火属性,공격＋32 불속성,D8 F5 B3 F4 2B F0 33 32 20 95 F2 49 F7 D6,,[],TRANSLATED,NO,positional item HELP trailer; equipment-stat rule,
ITEM_0207_EFFECT_2,ITEM,weapon,GR3.MDZ,GR3.MDT,ITEM_RECORD_0207,,2,0xF915,,32 F1 33 F1 54 F0 E9 F0 2B 3A F0 7D C6 F0 64 F0 65 F0 C2 E2 27 BA,武器使用：敵に火属性ダメージ,무기사용：적에게 불속성 피해,97 6D 7E A7 F6 2B 41 F0 7D 68 20 95 F2 49 F7 D6 20 C9 74,,[],TRANSLATED,NO,positional item HELP trailer; weapon-use rule,
ITEM_0208_EFFECT_1,ITEM,weapon,GR3.MDZ,GR3.MDT,ITEM_RECORD_0208,,1,0xF944,,36 F0 37 F0 2B F0 37 38,攻撃＋78,공격＋78,D8 F5 B3 F4 2B F0 37 38,,[],TRANSLATED,NO,positional item HELP trailer; equipment-stat rule,
ITEM_0209_EFFECT_1,ITEM,weapon,GR3.MDZ,GR3.MDT,ITEM_RECORD_0209,,1,0xF96F,,36 F0 37 F0 2B F0 30 20 4A F0 85 F0 2B F0 31 32 30,攻撃＋0　魔力＋120,공격＋0 마력＋120,D8 F5 B3 F4 2B F0 30 20 5C 93 F8 2B F0 31 32 30,,[],TRANSLATED,NO,positional item HELP trailer; equipment-stat rule,
ITEM_0210_EFFECT_1,ITEM,weapon,GR3.MDZ,GR3.MDT,ITEM_RECORD_0210,,1,0xF99F,,36 F0 37 F0 2B F0 36 30,攻撃＋60,공격＋60,D8 F5 B3 F4 2B F0 36 30,,[],TRANSLATED,NO,positional item HELP trailer; equipment-stat rule,
ITEM_0211_EFFECT_1,ITEM,weapon,GR3.MDZ,GR3.MDT,ITEM_RECORD_0211,,1,0xF9C5,,36 F0 37 F0 2B F0 34 35,攻撃＋45,공격＋45,D8 F5 B3 F4 2B F0 34 35,,[],TRANSLATED,NO,positional item HELP trailer; equipment-stat rule,
ITEM_0213_EFFECT_1,ITEM,weapon,GR3.MDZ,GR3.MDT,ITEM_RECORD_0213,,1,0xF9F1,,36 F0 37 F0 2B F0 33 32,攻撃＋32,공격＋32,D8 F5 B3 F4 2B F0 33 32,,[],TRANSLATED,NO,positional item HELP trailer; equipment-stat rule,
ITEM_0214_EFFECT_1,ITEM,weapon,GR3.MDZ,GR3.MDT,ITEM_RECORD_0214,,1,0xFA17,,36 F0 37 F0 2B F0 30 20 4A F0 85 F0 2B F0 35 35,攻撃＋0　魔力＋55,공격＋0 마력＋55,D8 F5 B3 F4 2B F0 30 20 5C 93 F8 2B F0 35 35,,[],TRANSLATED,NO,positional item HELP trailer; equipment-stat rule,
ITEM_0215_EFFECT_1,ITEM,weapon,GR3.MDZ,GR3.MDT,ITEM_RECORD_0215,,1,0xFA47,,36 F0 37 F0 2B F0 32 35,攻撃＋25,공격＋25,D8 F5 B3 F4 2B F0 32 35,,[],TRANSLATED,NO,positional item HELP trailer; equipment-stat rule,
ITEM_0215_EFFECT_2,ITEM,weapon,GR3.MDZ,GR3.MDT,ITEM_RECORD_0215,,2,0xFA50,,EE F3 4A F3 7D CE F1 90 9E 9D,幸運に恵まれる,행운 상승,A5 E9 20 BD 2E F8,,[],TRANSLATED,NO,positional item HELP trailer; exact reviewed effect rule,
ITEM_0216_EFFECT_1,ITEM,weapon,GR3.MDZ,GR3.MDT,ITEM_RECORD_0216,,1,0xFA73,,36 F0 37 F0 2B F0 32 31,攻撃＋21,공격＋21,D8 F5 B3 F4 2B F0 32 31,,[],TRANSLATED,NO,positional item HELP trailer; equipment-stat rule,
ITEM_0217_EFFECT_1,ITEM,weapon,GR3.MDZ,GR3.MDT,ITEM_RECORD_0217,,1,0xFA9B,,36 F0 37 F0 2B F0 31 38 20 C6 F0 64 F0 65 F0,攻撃＋18　火属性,공격＋18 불속성,D8 F5 B3 F4 2B F0 31 38 20 95 F2 49 F7 D6,,[],TRANSLATED,NO,positional item HELP trailer; equipment-stat rule,
ITEM_0217_EFFECT_2,ITEM,weapon,GR3.MDZ,GR3.MDT,ITEM_RECORD_0217,,2,0xFAAB,,32 F1 33 F1 54 F0 E9 F0 2B 3A F0 7D C6 F0 64 F0 65 F0 C2 E2 27 BA,武器使用：敵に火属性ダメージ,무기사용：적에게 불속성 피해,97 6D 7E A7 F6 2B 41 F0 7D 68 20 95 F2 49 F7 D6 20 C9 74,,[],TRANSLATED,NO,positional item HELP trailer; weapon-use rule,
ITEM_0218_EFFECT_1,ITEM,weapon,GR3.MDZ,GR3.MDT,ITEM_RECORD_0218,,1,0xFADD,,36 F0 37 F0 2B F0 31 39,攻撃＋19,공격＋19,D8 F5 B3 F4 2B F0 31 39,,[],TRANSLATED,NO,positional item HELP trailer; equipment-stat rule,
ITEM_0219_EFFECT_1,ITEM,weapon,GR3.MDZ,GR3.MDT,ITEM_RECORD_0219,,1,0xFB06,,36 F0 37 F0 2B F0 31 31 20 9B F2 AE F1 BC F0 C2 F0 2B 95 F1 96 F1,攻撃＋11　追加効果：麻痺,공격＋11 추가효과：마비,D8 F5 B3 F4 2B F0 31 31 20 63 F2 4A CA F4 EC F5 2B 5C 98,,[],TRANSLATED,NO,positional item HELP trailer; equipment-stat rule,
ITEM_0220_EFFECT_1,ITEM,weapon,GR3.MDZ,GR3.MDT,ITEM_RECORD_0220,,1,0xFB38,,36 F0 37 F0 2B F0 37,攻撃＋7,공격＋7,D8 F5 B3 F4 2B F0 37,,[],TRANSLATED,NO,positional item HELP trailer; equipment-stat rule,
ITEM_0221_EFFECT_1,ITEM,weapon,GR3.MDZ,GR3.MDT,ITEM_RECORD_0221,,1,0xFB5F,,36 F0 37 F0 2B F0 24 24 24,攻撃＋<24><24><24>,공격력 무작위,D8 F5 B3 F4 93 F8 20 97 49 F9 3F F7,,"[""<24>"", ""<24>"", ""<24>""]",TRANSLATED,NO,positional item HELP trailer; exact reviewed effect rule,
ITEM_0221_EFFECT_2,ITEM,weapon,GR3.MDZ,GR3.MDT,ITEM_RECORD_0221,,2,0xFB69,,31 3F F0 C6 F5 7D 36 F0 37 F0 5F 50 F0 46 F0 6C 9D,1回毎に攻撃が変動する,공격할 때마다 공격력 변동,D8 F5 B3 F4 AD 20 C4 5C 72 20 D8 F5 B3 F4 93 F8 20 7C F9 E7 F7,,[],TRANSLATED,NO,positional item HELP trailer; exact reviewed effect rule,
ITEM_0222_EFFECT_1,ITEM,weapon,GR3.MDZ,GR3.MDT,ITEM_RECORD_0222,,1,0xFB98,,36 F0 37 F0 2B F0 31 36 30,攻撃＋160,공격＋160,D8 F5 B3 F4 2B F0 31 36 30,,[],TRANSLATED,NO,positional item HELP trailer; equipment-stat rule,
ITEM_0223_EFFECT_1,ITEM,weapon,GR3.MDZ,GR3.MDT,ITEM_RECORD_0223,,1,0xFBBC,,36 F0 37 F0 2B F0 39 36 20 4A F0 85 F0 2B F0 38 30,攻撃＋96　魔力＋80,공격＋96 마력＋80,D8 F5 B3 F4 2B F0 39 36 20 5C 93 F8 2B F0 38 30,,[],TRANSLATED,NO,positional item HELP trailer; equipment-stat rule,
ITEM_0223_EFFECT_2,ITEM,weapon,GR3.MDZ,GR3.MDT,ITEM_RECORD_0223,,2,0xFBCE,,32 F1 33 F1 54 F0 E9 F0 2B 3B F0 3C F0 80 BB C7 27 C1 BB 77 F1 78 F1 A1 3F F0 B6 F0,武器使用：味方のステータス殊常を回復,무기사용：아군 상태이상 회복,97 6D 7E A7 F6 2B 70 ED 20 BD D3 F8 6B BD 20 CC D0,,[],TRANSLATED,NO,positional item HELP trailer; weapon-use rule,
ITEM_0224_EFFECT_1,ITEM,weapon,GR3.MDZ,GR3.MDT,ITEM_RECORD_0224,,1,0xFC06,,36 F0 37 F0 2B F0 37 32 20 4A F0 85 F0 2B F0 36 30,攻撃＋72　魔力＋60,공격＋72 마력＋60,D8 F5 B3 F4 2B F0 37 32 20 5C 93 F8 2B F0 36 30,,[],TRANSLATED,NO,positional item HELP trailer; equipment-stat rule,
ITEM_0226_EFFECT_1,ITEM,weapon,GR3.MDZ,GR3.MDT,ITEM_RECORD_0226,,1,0xFC36,,36 F0 37 F0 2B F0 36 30 20 4A F0 85 F0 2B F0 35 30,攻撃＋60　魔力＋50,공격＋60 마력＋50,D8 F5 B3 F4 2B F0 36 30 20 5C 93 F8 2B F0 35 30,,[],TRANSLATED,NO,positional item HELP trailer; equipment-stat rule,
ITEM_0226_EFFECT_2,ITEM,weapon,GR3.MDZ,GR3.MDT,ITEM_RECORD_0226,,2,0xFC48,,32 F1 33 F1 54 F0 E9 F0 2B 3A F0 7D 51 F5 64 F0 65 F0 C2 E2 27 BA,武器使用：敵に土属性ダメージ,무기사용：적에게 땅속성 피해,97 6D 7E A7 F6 2B 41 F0 7D 68 20 56 F8 49 F7 D6 20 C9 74,,[],TRANSLATED,NO,positional item HELP trailer; weapon-use rule,
ITEM_0227_EFFECT_1,ITEM,weapon,GR3.MDZ,GR3.MDT,ITEM_RECORD_0227,,1,0xFC76,,36 F0 37 F0 2B F0 34 38 20 4A F0 85 F0 2B F0 34 30 20 D4 F0 64 F0 65 F0,攻撃＋48　魔力＋40　風属性,공격＋48 마력＋40 바람속성,D8 F5 B3 F4 2B F0 34 38 20 5C 93 F8 2B F0 34 30 20 9F BE 49 F7 D6,,[],TRANSLATED,NO,positional item HELP trailer; equipment-stat rule,
ITEM_0227_EFFECT_2,ITEM,weapon,GR3.MDZ,GR3.MDT,ITEM_RECORD_0227,,2,0xFC8F,,32 F1 33 F1 54 F0 E9 F0 2B 3A F0 7D D4 F0 64 F0 65 F0 C2 E2 27 BA,武器使用：敵に風属性ダメージ,무기사용：적에게 바람속성 피해,97 6D 7E A7 F6 2B 41 F0 7D 68 20 9F BE 49 F7 D6 20 C9 74,,[],TRANSLATED,NO,positional item HELP trailer; weapon-use rule,
ITEM_0228_EFFECT_1,ITEM,weapon,GR3.MDZ,GR3.MDT,ITEM_RECORD_0228,,1,0xFCC2,,36 F0 37 F0 2B F0 35 34,攻撃＋54,공격＋54,D8 F5 B3 F4 2B F0 35 34,,[],TRANSLATED,NO,positional item HELP trailer; equipment-stat rule,
ITEM_0229_EFFECT_1,ITEM,weapon,GR3.MDZ,GR3.MDT,ITEM_RECORD_0229,,1,0xFCE8,,36 F0 37 F0 2B F0 38 30,攻撃＋80,공격＋80,D8 F5 B3 F4 2B F0 38 30,,[],TRANSLATED,NO,positional item HELP trailer; equipment-stat rule,
ITEM_0229_EFFECT_2,ITEM,weapon,GR3.MDZ,GR3.MDT,ITEM_RECORD_0229,,2,0xFCF1,,46 49 82 F2 73 F4,MP<82F2><73F4>,MP 흡수,46 49 20 AD F7 8B,,"[""<82F2>"", ""<73F4>""]",TRANSLATED,NO,positional item HELP trailer; exact reviewed effect rule,
ITEM_0230_EFFECT_1,ITEM,weapon,GR3.MDZ,GR3.MDT,ITEM_RECORD_0230,,1,0xFD14,,36 F0 37 F0 2B F0 33 36 20 4A F0 85 F0 2B F0 33 30,攻撃＋36　魔力＋30,공격＋36 마력＋30,D8 F5 B3 F4 2B F0 33 36 20 5C 93 F8 2B F0 33 30,,[],TRANSLATED,NO,positional item HELP trailer; equipment-stat rule,
ITEM_0231_EFFECT_1,ITEM,weapon,GR3.MDZ,GR3.MDT,ITEM_RECORD_0231,,1,0xFD45,,36 F0 37 F0 2B F0 33 32 20 4A F0 85 F0 2B F0 31 36 20 47 F1 64 F0 65 F0,攻撃＋32　魔力＋16　水属性,공격＋32 마력＋16 물속성,D8 F5 B3 F4 2B F0 33 32 20 5C 93 F8 2B F0 31 36 20 EA 49 F7 D6,,[],TRANSLATED,NO,positional item HELP trailer; equipment-stat rule,
ITEM_0231_EFFECT_2,ITEM,weapon,GR3.MDZ,GR3.MDT,ITEM_RECORD_0231,,2,0xFD5E,,32 F1 33 F1 54 F0 E9 F0 2B 3A F0 7D 47 F1 64 F0 65 F0 C2 E2 27 BA,武器使用：敵に水属性ダメージ,무기사용：적에게 물속성 피해,97 6D 7E A7 F6 2B 41 F0 7D 68 20 EA 49 F7 D6 20 C9 74,,[],TRANSLATED,NO,positional item HELP trailer; weapon-use rule,
ITEM_0232_EFFECT_1,ITEM,weapon,GR3.MDZ,GR3.MDT,ITEM_RECORD_0232,,1,0xFD8E,,36 F0 37 F0 2B F0 32 34 20 4A F0 85 F0 2B F0 32 30,攻撃＋24　魔力＋20,공격＋24 마력＋20,D8 F5 B3 F4 2B F0 32 34 20 5C 93 F8 2B F0 32 30,,[],TRANSLATED,NO,positional item HELP trailer; equipment-stat rule,
ITEM_0233_EFFECT_1,ITEM,weapon,GR3.MDZ,GR3.MDT,ITEM_RECORD_0233,,1,0xFDB9,,36 F0 37 F0 2B F0 34 30,攻撃＋40,공격＋40,D8 F5 B3 F4 2B F0 34 30,,[],TRANSLATED,NO,positional item HELP trailer; equipment-stat rule,
ITEM_0234_EFFECT_1,ITEM,weapon,GR3.MDZ,GR3.MDT,ITEM_RECORD_0234,,1,0xFDE0,,36 F0 37 F0 2B F0 31 38 20 4A F0 85 F0 2B F0 31 35,攻撃＋18　魔力＋15,공격＋18 마력＋15,D8 F5 B3 F4 2B F0 31 38 20 5C 93 F8 2B F0 31 35,,[],TRANSLATED,NO,positional item HELP trailer; equipment-stat rule,
ITEM_0235_EFFECT_1,ITEM,weapon,GR3.MDZ,GR3.MDT,ITEM_RECORD_0235,,1,0xFE12,,36 F0 37 F0 2B F0 32 32 20 C6 F0 64 F0 65 F0,攻撃＋22　火属性,공격＋22 불속성,D8 F5 B3 F4 2B F0 32 32 20 95 F2 49 F7 D6,,[],TRANSLATED,NO,positional item HELP trailer; equipment-stat rule,
ITEM_0235_EFFECT_2,ITEM,weapon,GR3.MDZ,GR3.MDT,ITEM_RECORD_0235,,2,0xFE22,,32 F1 33 F1 54 F0 E9 F0 2B 3A F0 7D C6 F0 64 F0 65 F0 C2 E2 27 BA,武器使用：敵に火属性ダメージ,무기사용：적에게 불속성 피해,97 6D 7E A7 F6 2B 41 F0 7D 68 20 95 F2 49 F7 D6 20 C9 74,,[],TRANSLATED,NO,positional item HELP trailer; weapon-use rule,
ITEM_0236_EFFECT_1,ITEM,weapon,GR3.MDZ,GR3.MDT,ITEM_RECORD_0236,,1,0xFE53,,36 F0 37 F0 2B F0 32 34 20 4A F0 85 F0 2B F0 31 32,攻撃＋24　魔力＋12,공격＋24 마력＋12,D8 F5 B3 F4 2B F0 32 34 20 5C 93 F8 2B F0 31 32,,[],TRANSLATED,NO,positional item HELP trailer; equipment-stat rule,
ITEM_0236_EFFECT_2,ITEM,weapon,GR3.MDZ,GR3.MDT,ITEM_RECORD_0236,,2,0xFE65,,32 F1 33 F1 54 F0 E9 F0 2B 3B F0 3C F0 80 CB F0 28 95 F1 96 F1 A1 3F F0 B6 F0,武器使用：味方の毒・麻痺を回復,무기사용：아군 독·마비 치료,97 6D 7E A7 F6 2B 70 ED 20 E0 F7 28 5C 98 20 3F F3 A4 F8,,[],TRANSLATED,NO,positional item HELP trailer; weapon-use rule,
ITEM_0237_EFFECT_1,ITEM,weapon,GR3.MDZ,GR3.MDT,ITEM_RECORD_0237,,1,0xFE9A,,36 F0 37 F0 2B F0 32 30 20 4A F0 85 F0 2B F0 31 30,攻撃＋20　魔力＋10,공격＋20 마력＋10,D8 F5 B3 F4 2B F0 32 30 20 5C 93 F8 2B F0 31 30,,[],TRANSLATED,NO,positional item HELP trailer; equipment-stat rule,
ITEM_0237_EFFECT_2,ITEM,weapon,GR3.MDZ,GR3.MDT,ITEM_RECORD_0237,,2,0xFEAC,,32 F1 33 F1 54 F0 E9 F0 2B 3B F0 3C F0 80 41 49 A1 3F F0 B6 F0,武器使用：味方のHPを回復,무기사용：아군 HP 회복,97 6D 7E A7 F6 2B 70 ED 20 41 49 20 CC D0,,[],TRANSLATED,NO,positional item HELP trailer; weapon-use rule,
ITEM_0238_EFFECT_1,ITEM,weapon,GR3.MDZ,GR3.MDT,ITEM_RECORD_0238,,1,0xFEDD,,36 F0 37 F0 2B F0 38 20 4A F0 85 F0 2B F0 38,攻撃＋8　魔力＋8,공격＋8 마력＋8,D8 F5 B3 F4 2B F0 38 20 5C 93 F8 2B F0 38,,[],TRANSLATED,NO,positional item HELP trailer; equipment-stat rule,
ITEM_0239_EFFECT_1,ITEM,weapon,GR3.MDZ,GR3.MDT,ITEM_RECORD_0239,,1,0xFF06,,36 F0 37 F0 2B F0 35 20 4A F0 85 F0 2B F0 35,攻撃＋5　魔力＋5,공격＋5 마력＋5,D8 F5 B3 F4 2B F0 35 20 5C 93 F8 2B F0 35,,[],TRANSLATED,NO,positional item HELP trailer; equipment-stat rule,
ITEM_0240_EFFECT_1,ITEM,weapon,GR3.MDZ,GR3.MDT,ITEM_RECORD_0240,,1,0xFF39,,36 F0 37 F0 2B F0 38 31 20 9B F2 AE F1 BC F0 C2 F0 2B CC F0 CD F0,攻撃＋81　追加効果：即死,공격＋81 추가효과：즉사,D8 F5 B3 F4 2B F0 38 31 20 63 F2 4A CA F4 EC F5 2B 35 F8 7E,,[],TRANSLATED,NO,positional item HELP trailer; equipment-stat rule,
ITEM_0241_EFFECT_1,ITEM,weapon,GR3.MDZ,GR3.MDT,ITEM_RECORD_0241,,1,0xFF6F,,36 F0 37 F0 2B F0 39 36,攻撃＋96,공격＋96,D8 F5 B3 F4 2B F0 39 36,,[],TRANSLATED,NO,positional item HELP trailer; equipment-stat rule,
ITEM_0241_EFFECT_2,ITEM,weapon,GR3.MDZ,GR3.MDT,ITEM_RECORD_0241,,2,0xFF78,,4C F0 4D F0 4E F0 80 C0 F1 C1 F1 4C 49 A1 73 F1 86 F0 6C 9D,必殺技の消費SPを減少する,필살기 SP 소모 감소,A1 F7 E8 6D 20 4C 49 20 B4 B2 20 33 F2 B4,,[],TRANSLATED,NO,positional item HELP trailer; exact reviewed effect rule,
ITEM_0242_EFFECT_1,ITEM,weapon,GR3.MDZ,GR3.MDT,ITEM_RECORD_0242,,1,0xFFA5,,36 F0 37 F0 2B F0 36 38,攻撃＋68,공격＋68,D8 F5 B3 F4 2B F0 36 38,,[],TRANSLATED,NO,positional item HELP trailer; equipment-stat rule,
ITEM_0243_EFFECT_1,ITEM,weapon,GR3.MDZ,GR3.MDT,ITEM_RECORD_0243,,1,0xFFC7,,36 F0 37 F0 2B F0 36 32,攻撃＋62,공격＋62,D8 F5 B3 F4 2B F0 36 32,,[],TRANSLATED,NO,positional item HELP trailer; equipment-stat rule,
ITEM_0243_EFFECT_2,ITEM,weapon,GR3.MDZ,GR3.MDT,ITEM_RECORD_0243,,2,0xFFD0,,41 49 82 F2 73 F4 20 C8 27 E3 EA EF F0 81 9D F3 7D 82 F2 73 F4 68 9E 9D,HP<82F2><73F4>　デーモン<EFF0>は<9DF3>に<82F2><73F4>される,HP 흡수·악마계는 역흡수,41 49 20 AD F7 8B 28 CE F8 5C B9 73 20 71 F3 AD F7 8B,,"[""<82F2>"", ""<73F4>"", ""<EFF0>"", ""<9DF3>"", ""<82F2>"", ""<73F4>""]",TRANSLATED,NO,positional item HELP trailer; exact reviewed effect rule,
ITEM_0244_EFFECT_1,ITEM,weapon,GR3.MDZ,GR3.MDT,ITEM_RECORD_0244,,1,0x10002,,36 F0 37 F0 2B F0 35 38,攻撃＋58,공격＋58,D8 F5 B3 F4 2B F0 35 38,,[],TRANSLATED,NO,positional item HELP trailer; equipment-stat rule,
ITEM_0245_EFFECT_1,ITEM,weapon,GR3.MDZ,GR3.MDT,ITEM_RECORD_0245,,1,0x1002B,,36 F0 37 F0 2B F0 30 20 4A F0 85 F0 2B F0 31 35 30,攻撃＋0　魔力＋150,공격＋0 마력＋150,D8 F5 B3 F4 2B F0 30 20 5C 93 F8 2B F0 31 35 30,,[],TRANSLATED,NO,positional item HELP trailer; equipment-stat rule,
ITEM_0246_EFFECT_1,ITEM,weapon,GR3.MDZ,GR3.MDT,ITEM_RECORD_0246,,1,0x1005A,,36 F0 37 F0 2B F0 33 38,攻撃＋38,공격＋38,D8 F5 B3 F4 2B F0 33 38,,[],TRANSLATED,NO,positional item HELP trailer; equipment-stat rule,
ITEM_0247_EFFECT_1,ITEM,weapon,GR3.MDZ,GR3.MDT,ITEM_RECORD_0247,,1,0x10081,,36 F0 37 F0 2B F0 32 35,攻撃＋25,공격＋25,D8 F5 B3 F4 2B F0 32 35,,[],TRANSLATED,NO,positional item HELP trailer; equipment-stat rule,
ITEM_0248_EFFECT_1,ITEM,weapon,GR3.MDZ,GR3.MDT,ITEM_RECORD_0248,,1,0x100A6,,36 F0 37 F0 2B F0 31 38 30,攻撃＋180,공격＋180,D8 F5 B3 F4 2B F0 31 38 30,,[],TRANSLATED,NO,positional item HELP trailer; equipment-stat rule,
ITEM_0249_EFFECT_1,ITEM,weapon,GR3.MDZ,GR3.MDT,ITEM_RECORD_0249,,1,0x100CE,,36 F0 37 F0 2B F0 39 39 20 9B F2 AE F1 BC F0 C2 F0 2B D5 F0 D6 F0,攻撃＋99　追加効果：混乱,공격＋99 추가효과：혼란,D8 F5 B3 F4 2B F0 39 39 20 63 F2 4A CA F4 EC F5 2B C4 F3 7B F8,,[],TRANSLATED,NO,positional item HELP trailer; equipment-stat rule,
ITEM_0249_EFFECT_2,ITEM,weapon,GR3.MDZ,GR3.MDT,ITEM_RECORD_0249,,2,0x100E5,,32 F1 33 F1 54 F0 E9 F0 2B 3A F0 A1 D5 F0 D6 F0 68 6E 9D,武器使用：敵を混乱させる,무기사용：적 혼란,97 6D 7E A7 F6 2B 41 F0 20 C4 F3 7B F8,,[],TRANSLATED,NO,positional item HELP trailer; weapon-use rule,
ITEM_0250_EFFECT_1,ITEM,weapon,GR3.MDZ,GR3.MDT,ITEM_RECORD_0250,,1,0x10116,,36 F0 37 F0 2B F0 37 30 20 4A F0 85 F0 2B F0 38 34,攻撃＋70　魔力＋84,공격＋70 마력＋84,D8 F5 B3 F4 2B F0 37 30 20 5C 93 F8 2B F0 38 34,,[],TRANSLATED,NO,positional item HELP trailer; equipment-stat rule,
ITEM_0251_EFFECT_1,ITEM,weapon,GR3.MDZ,GR3.MDT,ITEM_RECORD_0251,,1,0x10143,,36 F0 37 F0 2B F0 35 35 20 4A F0 85 F0 2B F0 36 36,攻撃＋55　魔力＋66,공격＋55 마력＋66,D8 F5 B3 F4 2B F0 35 35 20 5C 93 F8 2B F0 36 36,,[],TRANSLATED,NO,positional item HELP trailer; equipment-stat rule,
ITEM_0252_EFFECT_1,ITEM,weapon,GR3.MDZ,GR3.MDT,ITEM_RECORD_0252,,1,0x10174,,36 F0 37 F0 2B F0 31 30 38 20 9B F2 AE F1 BC F0 C2 F0 2B DF F0 45 F3,攻撃＋108　追加効果：封印,공격＋108 추가효과：봉인,D8 F5 B3 F4 2B F0 31 30 38 20 63 F2 4A CA F4 EC F5 2B 7E F1 8C,,[],TRANSLATED,NO,positional item HELP trailer; equipment-stat rule,
ITEM_0252_EFFECT_2,ITEM,weapon,GR3.MDZ,GR3.MDT,ITEM_RECORD_0252,,2,0x1018C,,32 F1 33 F1 54 F0 E9 F0 2B 3A F0 A1 DF F0 45 F3 6C 9D,武器使用：敵を封印する,무기사용：적 봉인,97 6D 7E A7 F6 2B 41 F0 20 7E F1 8C,,[],TRANSLATED,NO,positional item HELP trailer; weapon-use rule,
ITEM_0253_EFFECT_1,ITEM,weapon,GR3.MDZ,GR3.MDT,ITEM_RECORD_0253,,1,0x101B7,,36 F0 37 F0 2B F0 35 38 20 9B F2 AE F1 BC F0 C2 F0 2B 27 F1 9C,攻撃＋58　追加効果：眠り,공격＋58 추가효과：수면,D8 F5 B3 F4 2B F0 35 38 20 63 F2 4A CA F4 EC F5 2B 8B 80,,[],TRANSLATED,NO,positional item HELP trailer; equipment-stat rule,
ITEM_0253_EFFECT_2,ITEM,weapon,GR3.MDZ,GR3.MDT,ITEM_RECORD_0253,,2,0x101CD,,32 F1 33 F1 54 F0 E9 F0 2B 3A F0 A1 27 F1 9B 6E 9D,武器使用：敵を眠らせる,무기사용：적 수면,97 6D 7E A7 F6 2B 41 F0 20 8B 80,,[],TRANSLATED,NO,positional item HELP trailer; weapon-use rule,
ITEM_0255_EFFECT_1,ITEM,weapon,GR3.MDZ,GR3.MDT,ITEM_RECORD_0255,,1,0x10200,,36 F0 37 F0 2B F0 34 30 20 4A F0 85 F0 2B F0 34 38,攻撃＋40　魔力＋48,공격＋40 마력＋48,D8 F5 B3 F4 2B F0 34 30 20 5C 93 F8 2B F0 34 38,,[],TRANSLATED,NO,positional item HELP trailer; equipment-stat rule,
ITEM_0256_EFFECT_1,ITEM,weapon,GR3.MDZ,GR3.MDT,ITEM_RECORD_0256,,1,0x10230,,36 F0 37 F0 2B F0 33 30 20 4A F0 85 F0 2B F0 33 36,攻撃＋30　魔力＋36,공격＋30 마력＋36,D8 F5 B3 F4 2B F0 33 30 20 5C 93 F8 2B F0 33 36,,[],TRANSLATED,NO,positional item HELP trailer; equipment-stat rule,
ITEM_0257_EFFECT_1,ITEM,weapon,GR3.MDZ,GR3.MDT,ITEM_RECORD_0257,,1,0x10258,,36 F0 37 F0 2B F0 32 30 20 4A F0 85 F0 2B F0 32 34,攻撃＋20　魔力＋24,공격＋20 마력＋24,D8 F5 B3 F4 2B F0 32 30 20 5C 93 F8 2B F0 32 34,,[],TRANSLATED,NO,positional item HELP trailer; equipment-stat rule,
ITEM_0258_EFFECT_1,ITEM,weapon,GR3.MDZ,GR3.MDT,ITEM_RECORD_0258,,1,0x10286,,36 F0 37 F0 2B F0 31 31,攻撃＋11,공격＋11,D8 F5 B3 F4 2B F0 31 31,,[],TRANSLATED,NO,positional item HELP trailer; equipment-stat rule,
ITEM_0259_EFFECT_1,ITEM,weapon,GR3.MDZ,GR3.MDT,ITEM_RECORD_0259,,1,0x102AC,,36 F0 37 F0 2B F0 31 33,攻撃＋13,공격＋13,D8 F5 B3 F4 2B F0 31 33,,[],TRANSLATED,NO,positional item HELP trailer; equipment-stat rule,
ITEM_0259_EFFECT_2,ITEM,weapon,GR3.MDZ,GR3.MDT,ITEM_RECORD_0259,,2,0x102B5,,32 F1 33 F1 54 F0 E9 F0 2B 3B F0 3C F0 80 36 F0 37 F0 A1 A4 C4 D8 6C 9D,武器使用：味方の攻撃をアップする,무기사용：아군 공격력 상승,97 6D 7E A7 F6 2B 70 ED 20 D8 F5 B3 F4 93 F8 20 BD 2E F8,,[],TRANSLATED,NO,positional item HELP trailer; weapon-use rule,
ITEM_0260_EFFECT_1,ITEM,weapon,GR3.MDZ,GR3.MDT,ITEM_RECORD_0260,,1,0x102E8,,36 F0 37 F0 2B F0 39,攻撃＋9,공격＋9,D8 F5 B3 F4 2B F0 39,,[],TRANSLATED,NO,positional item HELP trailer; equipment-stat rule,
ITEM_0261_EFFECT_1,ITEM,weapon,GR3.MDZ,GR3.MDT,ITEM_RECORD_0261,,1,0x1030B,,36 F0 37 F0 2B F0 31 36,攻撃＋16,공격＋16,D8 F5 B3 F4 2B F0 31 36,,[],TRANSLATED,NO,positional item HELP trailer; equipment-stat rule,
ITEM_0262_EFFECT_1,ITEM,weapon,GR3.MDZ,GR3.MDT,ITEM_RECORD_0262,,1,0x1032F,,36 F0 37 F0 2B F0 31,攻撃＋1,공격＋1,D8 F5 B3 F4 2B F0 31,,[],TRANSLATED,NO,positional item HELP trailer; equipment-stat rule,
ITEM_0263_EFFECT_1,ITEM,weapon,GR3.MDZ,GR3.MDT,ITEM_RECORD_0263,,1,0x10351,,36 F0 37 F0 2B F0 39 39 20 4A F0 85 F0 2B F0 39 39,攻撃＋99　魔力＋99,공격＋99 마력＋99,D8 F5 B3 F4 2B F0 39 39 20 5C 93 F8 2B F0 39 39,,[],TRANSLATED,NO,positional item HELP trailer; equipment-stat rule,
ITEM_0301_EFFECT_1,ITEM,armor,GR3.MDZ,GR3.MDT,ITEM_RECORD_0301,,1,0x1037D,,38 F0 39 F0 2B F0 31 32 35,防御＋125,방어＋125,71 F9 69 2B F0 31 32 35,,[],TRANSLATED,NO,positional item HELP trailer; equipment-stat rule,
ITEM_0302_EFFECT_1,ITEM,armor,GR3.MDZ,GR3.MDT,ITEM_RECORD_0302,,1,0x103A6,,38 F0 39 F0 2B F0 39 35,防御＋95,방어＋95,71 F9 69 2B F0 39 35,,[],TRANSLATED,NO,positional item HELP trailer; equipment-stat rule,
ITEM_0302_EFFECT_2,ITEM,armor,GR3.MDZ,GR3.MDT,ITEM_RECORD_0302,,2,0x103AF,,40 F5 74 F3 79 F6 79 C2 E2 27 BA A1 70 F0 BC F0 7D 6C 9D,<40F5>確率でダメージを無効にする,일정 확률로 피해 무효,92 93 20 92 F4 67 F8 79 20 C9 74 20 97 CA F4,,"[""<40F5>""]",TRANSLATED,NO,positional item HELP trailer; exact reviewed effect rule,
ITEM_0304_EFFECT_1,ITEM,armor,GR3.MDZ,GR3.MDT,ITEM_RECORD_0304,,1,0x103E3,,38 F0 39 F0 2B F0 38 38,防御＋88,방어＋88,71 F9 69 2B F0 38 38,,[],TRANSLATED,NO,positional item HELP trailer; equipment-stat rule,
ITEM_0304_EFFECT_2,ITEM,armor,GR3.MDZ,GR3.MDT,ITEM_RECORD_0304,,2,0x103EC,,2D F0 B2 F1 47 F0 AA F2 C6 F5 7D 41 49 5F 86 F0 49 F0 3F F0 B6 F0 6C 9D,一定時間毎にHPが少量回復する,일정 시간마다 HP 소량 회복,92 93 20 88 A9 F0 5C 72 20 41 49 20 B4 83 F8 20 CC D0,,[],TRANSLATED,NO,positional item HELP trailer; exact reviewed effect rule,
ITEM_0306_EFFECT_1,ITEM,armor,GR3.MDZ,GR3.MDT,ITEM_RECORD_0306,,1,0x10420,,38 F0 39 F0 2B F0 37 38,防御＋78,방어＋78,71 F9 69 2B F0 37 38,,[],TRANSLATED,NO,positional item HELP trailer; equipment-stat rule,
ITEM_0306_EFFECT_2,ITEM,armor,GR3.MDZ,GR3.MDT,ITEM_RECORD_0306,,2,0x10429,,CF C4 B1 D1 C4 B1 6A 7C 62 7C 9D,ノックバックしなくなる,넉백 무효,87 F8 73 F9 20 97 CA F4,,[],TRANSLATED,NO,positional item HELP trailer; exact reviewed effect rule,
ITEM_0307_EFFECT_1,ITEM,armor,GR3.MDZ,GR3.MDT,ITEM_RECORD_0307,,1,0x10450,,38 F0 39 F0 2B F0 36 30,防御＋60,방어＋60,71 F9 69 2B F0 36 30,,[],TRANSLATED,NO,positional item HELP trailer; equipment-stat rule,
ITEM_0308_EFFECT_1,ITEM,armor,GR3.MDZ,GR3.MDT,ITEM_RECORD_0308,,1,0x10479,,38 F0 39 F0 2B F0 34 34,防御＋44,방어＋44,71 F9 69 2B F0 34 34,,[],TRANSLATED,NO,positional item HELP trailer; equipment-stat rule,
ITEM_0310_EFFECT_1,ITEM,armor,GR3.MDZ,GR3.MDT,ITEM_RECORD_0310,,1,0x1049F,,38 F0 39 F0 2B F0 33 32,防御＋32,방어＋32,71 F9 69 2B F0 33 32,,[],TRANSLATED,NO,positional item HELP trailer; equipment-stat rule,
ITEM_0311_EFFECT_1,ITEM,armor,GR3.MDZ,GR3.MDT,ITEM_RECORD_0311,,1,0x104C8,,38 F0 39 F0 2B F0 32 31,防御＋21,방어＋21,71 F9 69 2B F0 32 31,,[],TRANSLATED,NO,positional item HELP trailer; equipment-stat rule,
ITEM_0312_EFFECT_1,ITEM,armor,GR3.MDZ,GR3.MDT,ITEM_RECORD_0312,,1,0x104EF,,38 F0 39 F0 2B F0 31 34,防御＋14,방어＋14,71 F9 69 2B F0 31 34,,[],TRANSLATED,NO,positional item HELP trailer; equipment-stat rule,
ITEM_0313_EFFECT_1,ITEM,armor,GR3.MDZ,GR3.MDT,ITEM_RECORD_0313,,1,0x10515,,38 F0 39 F0 2B F0 37,防御＋7,방어＋7,71 F9 69 2B F0 37,,[],TRANSLATED,NO,positional item HELP trailer; equipment-stat rule,
ITEM_0314_EFFECT_1,ITEM,armor,GR3.MDZ,GR3.MDT,ITEM_RECORD_0314,,1,0x1053F,,38 F0 39 F0 2B F0 38 30,防御＋80,방어＋80,71 F9 69 2B F0 38 30,,[],TRANSLATED,NO,positional item HELP trailer; equipment-stat rule,
ITEM_0314_EFFECT_2,ITEM,armor,GR3.MDZ,GR3.MDT,ITEM_RECORD_0314,,2,0x10548,,70 F0 64 F0 65 F0 80 C2 E2 27 BA A1 82 F5 73 F1 6C 9D,無属性のダメージを軽減する,무속성 피해 감소,97 49 F7 D6 20 C9 74 20 33 F2 B4,,[],TRANSLATED,NO,positional item HELP trailer; elemental-resistance rule,
ITEM_0315_EFFECT_1,ITEM,armor,GR3.MDZ,GR3.MDT,ITEM_RECORD_0315,,1,0x10579,,38 F0 39 F0 2B F0 37 35,防御＋75,방어＋75,71 F9 69 2B F0 37 35,,[],TRANSLATED,NO,positional item HELP trailer; equipment-stat rule,
ITEM_0315_EFFECT_2,ITEM,armor,GR3.MDZ,GR3.MDT,ITEM_RECORD_0315,,2,0x10582,,C2 E2 27 BA A1 97 F1 64 72 47 F0 80 4C 49 3F F0 B6 F0 49 F0 5F 56 F1 5B 9D,ダメージを受けた時のSP回復量が増える,피격 시 SP 회복량 상승,C9 B3 F4 20 88 20 4C 49 20 CC D0 83 F8 20 BD 2E F8,,[],TRANSLATED,NO,positional item HELP trailer; exact reviewed effect rule,
ITEM_0317_EFFECT_1,ITEM,armor,GR3.MDZ,GR3.MDT,ITEM_RECORD_0317,,1,0x105B8,,38 F0 39 F0 2B F0 35 35,防御＋55,방어＋55,71 F9 69 2B F0 35 35,,[],TRANSLATED,NO,positional item HELP trailer; equipment-stat rule,
ITEM_0317_EFFECT_2,ITEM,armor,GR3.MDZ,GR3.MDT,ITEM_RECORD_0317,,2,0x105C1,,6C 8B 78 80 64 F0 65 F0 80 C2 E2 27 BA A1 82 F5 73 F1 6C 9D,すべての属性のダメージを軽減する,모든속성 피해 감소,B2 CD 49 F7 D6 20 C9 74 20 33 F2 B4,,[],TRANSLATED,NO,positional item HELP trailer; elemental-resistance rule,
ITEM_0318_EFFECT_1,ITEM,armor,GR3.MDZ,GR3.MDT,ITEM_RECORD_0318,,1,0x105F6,,38 F0 39 F0 2B F0 34 32 20 2D F8 21 F4 2B F0 32 31,防御＋42　抵抗＋21,방어＋42 저항＋21,71 F9 69 2B F0 34 32 20 7B 2A F9 2B F0 32 31,,[],TRANSLATED,NO,positional item HELP trailer; equipment-stat rule,
ITEM_0319_EFFECT_1,ITEM,armor,GR3.MDZ,GR3.MDT,ITEM_RECORD_0319,,1,0x10625,,38 F0 39 F0 2B F0 32 35 20 2D F8 21 F4 2B F0 35 30,防御＋25　抵抗＋50,방어＋25 저항＋50,71 F9 69 2B F0 32 35 20 7B 2A F9 2B F0 35 30,,[],TRANSLATED,NO,positional item HELP trailer; equipment-stat rule,
ITEM_0320_EFFECT_1,ITEM,armor,GR3.MDZ,GR3.MDT,ITEM_RECORD_0320,,1,0x10656,,38 F0 39 F0 2B F0 33 30,防御＋30,방어＋30,71 F9 69 2B F0 33 30,,[],TRANSLATED,NO,positional item HELP trailer; equipment-stat rule,
ITEM_0321_EFFECT_1,ITEM,armor,GR3.MDZ,GR3.MDT,ITEM_RECORD_0321,,1,0x1067D,,38 F0 39 F0 2B F0 31 38,防御＋18,방어＋18,71 F9 69 2B F0 31 38,,[],TRANSLATED,NO,positional item HELP trailer; equipment-stat rule,
ITEM_0322_EFFECT_1,ITEM,armor,GR3.MDZ,GR3.MDT,ITEM_RECORD_0322,,1,0x106A6,,38 F0 39 F0 2B F0 31 30,防御＋10,방어＋10,71 F9 69 2B F0 31 30,,[],TRANSLATED,NO,positional item HELP trailer; equipment-stat rule,
ITEM_0322_EFFECT_2,ITEM,armor,GR3.MDZ,GR3.MDT,ITEM_RECORD_0322,,2,0x106AF,,47 F1 64 F0 65 F0 80 C2 E2 27 BA A1 82 F5 73 F1 6C 9D,水属性のダメージを軽減する,물속성 피해 감소,EA 49 F7 D6 20 C9 74 20 33 F2 B4,,[],TRANSLATED,NO,positional item HELP trailer; elemental-resistance rule,
ITEM_0323_EFFECT_1,ITEM,armor,GR3.MDZ,GR3.MDT,ITEM_RECORD_0323,,1,0x106DF,,38 F0 39 F0 2B F0 36 34 20 2D F8 21 F4 2B F0 36 34,防御＋64　抵抗＋64,방어＋64 저항＋64,71 F9 69 2B F0 36 34 20 7B 2A F9 2B F0 36 34,,[],TRANSLATED,NO,positional item HELP trailer; equipment-stat rule,
ITEM_0323_EFFECT_2,ITEM,armor,GR3.MDZ,GR3.MDT,ITEM_RECORD_0323,,2,0x106F1,,CC F0 CD F0 A1 38 F0 63,即死を防ぐ,즉사 방지,35 F8 7E 20 71 F9 6F,,[],TRANSLATED,NO,positional item HELP trailer; exact reviewed effect rule,
ITEM_0324_EFFECT_1,ITEM,armor,GR3.MDZ,GR3.MDT,ITEM_RECORD_0324,,1,0x10713,,38 F0 39 F0 2B F0 37 35 20 2D F8 21 F4 2B F0 37 35,防御＋75　抵抗＋75,방어＋75 저항＋75,71 F9 69 2B F0 37 35 20 7B 2A F9 2B F0 37 35,,[],TRANSLATED,NO,positional item HELP trailer; equipment-stat rule,
ITEM_0325_EFFECT_1,ITEM,armor,GR3.MDZ,GR3.MDT,ITEM_RECORD_0325,,1,0x1073E,,38 F0 39 F0 2B F0 35 35 20 2D F8 21 F4 2B F0 35 35,防御＋55　抵抗＋55,방어＋55 저항＋55,71 F9 69 2B F0 35 35 20 7B 2A F9 2B F0 35 35,,[],TRANSLATED,NO,positional item HELP trailer; equipment-stat rule,
ITEM_0325_EFFECT_2,ITEM,armor,GR3.MDZ,GR3.MDT,ITEM_RECORD_0325,,2,0x10750,,9A F0 9B F0 A1 38 F0 63,病気を防ぐ,질병 방지,2F F6 82 F9 20 71 F9 6F,,[],TRANSLATED,NO,positional item HELP trailer; exact reviewed effect rule,
ITEM_0326_EFFECT_1,ITEM,armor,GR3.MDZ,GR3.MDT,ITEM_RECORD_0326,,1,0x10774,,38 F0 39 F0 2B F0 33 36 20 2D F8 21 F4 2B F0 33 36,防御＋36　抵抗＋36,방어＋36 저항＋36,71 F9 69 2B F0 33 36 20 7B 2A F9 2B F0 33 36,,[],TRANSLATED,NO,positional item HELP trailer; equipment-stat rule,
ITEM_0326_EFFECT_2,ITEM,armor,GR3.MDZ,GR3.MDT,ITEM_RECORD_0326,,2,0x10786,,D5 F0 D6 F0 A1 38 F0 63,混乱を防ぐ,혼란 방지,C4 F3 7B F8 20 71 F9 6F,,[],TRANSLATED,NO,positional item HELP trailer; exact reviewed effect rule,
ITEM_0327_EFFECT_1,ITEM,armor,GR3.MDZ,GR3.MDT,ITEM_RECORD_0327,,1,0x107A9,,38 F0 39 F0 2B F0 32 34 20 2D F8 21 F4 2B F0 32 34,防御＋24　抵抗＋24,방어＋24 저항＋24,71 F9 69 2B F0 32 34 20 7B 2A F9 2B F0 32 34,,[],TRANSLATED,NO,positional item HELP trailer; equipment-stat rule,
ITEM_0328_EFFECT_1,ITEM,armor,GR3.MDZ,GR3.MDT,ITEM_RECORD_0328,,1,0x107D7,,38 F0 39 F0 2B F0 31 36 20 2D F8 21 F4 2B F0 31 36,防御＋16　抵抗＋16,방어＋16 저항＋16,71 F9 69 2B F0 31 36 20 7B 2A F9 2B F0 31 36,,[],TRANSLATED,NO,positional item HELP trailer; equipment-stat rule,
ITEM_0329_EFFECT_1,ITEM,armor,GR3.MDZ,GR3.MDT,ITEM_RECORD_0329,,1,0x10804,,38 F0 39 F0 2B F0 35 20 2D F8 21 F4 2B F0 35,防御＋5　抵抗＋5,방어＋5 저항＋5,71 F9 69 2B F0 35 20 7B 2A F9 2B F0 35,,[],TRANSLATED,NO,positional item HELP trailer; equipment-stat rule,
ITEM_0331_EFFECT_1,ITEM,armor,GR3.MDZ,GR3.MDT,ITEM_RECORD_0331,,1,0x10832,,38 F0 39 F0 2B F0 39 30 20 2D F8 21 F4 2B F0 35 30,防御＋90　抵抗＋50,방어＋90 저항＋50,71 F9 69 2B F0 39 30 20 7B 2A F9 2B F0 35 30,,[],TRANSLATED,NO,positional item HELP trailer; equipment-stat rule,
ITEM_0331_EFFECT_2,ITEM,armor,GR3.MDZ,GR3.MDT,ITEM_RECORD_0331,,2,0x10844,,DF F0 45 F3 A1 38 F0 63,封印を防ぐ,봉인 방지,7E F1 8C 20 71 F9 6F,,[],TRANSLATED,NO,positional item HELP trailer; exact reviewed effect rule,
ITEM_0332_EFFECT_1,ITEM,armor,GR3.MDZ,GR3.MDT,ITEM_RECORD_0332,,1,0x1086A,,38 F0 39 F0 2B F0 37 32 20 2D F8 21 F4 2B F0 33 36,防御＋72　抵抗＋36,방어＋72 저항＋36,71 F9 69 2B F0 37 32 20 7B 2A F9 2B F0 33 36,,[],TRANSLATED,NO,positional item HELP trailer; equipment-stat rule,
ITEM_0333_EFFECT_1,ITEM,armor,GR3.MDZ,GR3.MDT,ITEM_RECORD_0333,,1,0x10899,,38 F0 39 F0 2B F0 35 36 20 2D F8 21 F4 2B F0 32 38,防御＋56　抵抗＋28,방어＋56 저항＋28,71 F9 69 2B F0 35 36 20 7B 2A F9 2B F0 32 38,,[],TRANSLATED,NO,positional item HELP trailer; equipment-stat rule,
ITEM_0334_EFFECT_1,ITEM,armor,GR3.MDZ,GR3.MDT,ITEM_RECORD_0334,,1,0x108C9,,38 F0 39 F0 2B F0 34 30 20 2D F8 21 F4 2B F0 32 30,防御＋40　抵抗＋20,방어＋40 저항＋20,71 F9 69 2B F0 34 30 20 7B 2A F9 2B F0 32 30,,[],TRANSLATED,NO,positional item HELP trailer; equipment-stat rule,
ITEM_0335_EFFECT_1,ITEM,armor,GR3.MDZ,GR3.MDT,ITEM_RECORD_0335,,1,0x108F5,,38 F0 39 F0 2B F0 32 38 20 2D F8 21 F4 2B F0 31 34,防御＋28　抵抗＋14,방어＋28 저항＋14,71 F9 69 2B F0 32 38 20 7B 2A F9 2B F0 31 34,,[],TRANSLATED,NO,positional item HELP trailer; equipment-stat rule,
ITEM_0336_EFFECT_1,ITEM,armor,GR3.MDZ,GR3.MDT,ITEM_RECORD_0336,,1,0x10922,,38 F0 39 F0 2B F0 31 32 20 2D F8 21 F4 2B F0 36,防御＋12　抵抗＋6,방어＋12 저항＋6,71 F9 69 2B F0 31 32 20 7B 2A F9 2B F0 36,,[],TRANSLATED,NO,positional item HELP trailer; equipment-stat rule,
ITEM_0337_EFFECT_1,ITEM,armor,GR3.MDZ,GR3.MDT,ITEM_RECORD_0337,,1,0x10945,,38 F0 39 F0 2B F0 38 20 2D F8 21 F4 2B F0 34,防御＋8　抵抗＋4,방어＋8 저항＋4,71 F9 69 2B F0 38 20 7B 2A F9 2B F0 34,,[],TRANSLATED,NO,positional item HELP trailer; equipment-stat rule,
ITEM_0339_EFFECT_1,ITEM,armor,GR3.MDZ,GR3.MDT,ITEM_RECORD_0339,,1,0x10975,,38 F0 39 F0 2B F0 31 36,防御＋16,방어＋16,71 F9 69 2B F0 31 36,,[],TRANSLATED,NO,positional item HELP trailer; equipment-stat rule,
ITEM_0340_EFFECT_1,ITEM,armor,GR3.MDZ,GR3.MDT,ITEM_RECORD_0340,,1,0x1099E,,38 F0 39 F0 2B F0 31 34,防御＋14,방어＋14,71 F9 69 2B F0 31 34,,[],TRANSLATED,NO,positional item HELP trailer; equipment-stat rule,
ITEM_0341_EFFECT_1,ITEM,armor,GR3.MDZ,GR3.MDT,ITEM_RECORD_0341,,1,0x109C7,,38 F0 39 F0 2B F0 31 30 20 2D F8 21 F4 2B F0 32 30,防御＋10　抵抗＋20,방어＋10 저항＋20,71 F9 69 2B F0 31 30 20 7B 2A F9 2B F0 32 30,,[],TRANSLATED,NO,positional item HELP trailer; equipment-stat rule,
ITEM_0342_EFFECT_1,ITEM,armor,GR3.MDZ,GR3.MDT,ITEM_RECORD_0342,,1,0x109F4,,38 F0 39 F0 2B F0 36,防御＋6,방어＋6,71 F9 69 2B F0 36,,[],TRANSLATED,NO,positional item HELP trailer; equipment-stat rule,
ITEM_0343_EFFECT_1,ITEM,armor,GR3.MDZ,GR3.MDT,ITEM_RECORD_0343,,1,0x10A1D,,38 F0 39 F0 2B F0 32,防御＋2,방어＋2,71 F9 69 2B F0 32,,[],TRANSLATED,NO,positional item HELP trailer; equipment-stat rule,
ITEM_0344_EFFECT_1,ITEM,armor,GR3.MDZ,GR3.MDT,ITEM_RECORD_0344,,1,0x10A3E,,38 F0 39 F0 2B F0 31,防御＋1,방어＋1,71 F9 69 2B F0 31,,[],TRANSLATED,NO,positional item HELP trailer; equipment-stat rule,
ITEM_0345_EFFECT_1,ITEM,armor,GR3.MDZ,GR3.MDT,ITEM_RECORD_0345,,1,0x10A66,,38 F0 39 F0 2B F0 38 35 20 2D F8 21 F4 2B F0 38 35,防御＋85　抵抗＋85,방어＋85 저항＋85,71 F9 69 2B F0 38 35 20 7B 2A F9 2B F0 38 35,,[],TRANSLATED,NO,positional item HELP trailer; equipment-stat rule,
ITEM_0345_EFFECT_2,ITEM,armor,GR3.MDZ,GR3.MDT,ITEM_RECORD_0345,,2,0x10A78,,BB C7 27 C1 BB 77 F1 78 F1 A1 6C 8B 78 38 F0 63,ステータス殊常をすべて防ぐ,모든 상태이상 방지,B2 CD 20 BD D3 F8 6B BD 20 71 F9 6F,,[],TRANSLATED,NO,positional item HELP trailer; exact reviewed effect rule,
ITEM_0351_EFFECT_1,ITEM,shoes,GR3.MDZ,GR3.MDT,ITEM_RECORD_0351,,1,0x10AA0,,22 F1 46 F0 2B F0 32 30 20 45 F0 46 F0 2B F0 32 30,行動＋20　移動＋20,행동＋20 이동＋20,A5 E7 F7 2B F0 32 30 20 6B E7 F7 2B F0 32 30,,[],TRANSLATED,NO,positional item HELP trailer; equipment-stat rule,
ITEM_0351_EFFECT_2,ITEM,shoes,GR3.MDZ,GR3.MDT,ITEM_RECORD_0351,,2,0x10AB2,,6C 8B 78 80 64 F0 65 F0 80 C2 E2 27 BA A1 82 F5 73 F1 6C 9D,すべての属性のダメージを軽減する,모든속성 피해 감소,B2 CD 49 F7 D6 20 C9 74 20 33 F2 B4,,[],TRANSLATED,NO,positional item HELP trailer; elemental-resistance rule,
ITEM_0352_EFFECT_1,ITEM,shoes,GR3.MDZ,GR3.MDT,ITEM_RECORD_0352,,1,0x10AE1,,22 F1 46 F0 2B F0 31 36 20 45 F0 46 F0 2B F0 31 36,行動＋16　移動＋16,행동＋16 이동＋16,A5 E7 F7 2B F0 31 36 20 6B E7 F7 2B F0 31 36,,[],TRANSLATED,NO,positional item HELP trailer; equipment-stat rule,
ITEM_0354_EFFECT_1,ITEM,shoes,GR3.MDZ,GR3.MDT,ITEM_RECORD_0354,,1,0x10B11,,22 F1 46 F0 2B F0 31 30 20 45 F0 46 F0 5F 20 F0 27 D8 7D 7C 9D,行動＋10　移動がワープになる,행동＋10 이동 워프,A5 E7 F7 2B F0 31 30 20 6B E7 F7 20 26 F7 6E F7,,[],TRANSLATED,NO,positional item HELP trailer; exact reviewed effect rule,
ITEM_0355_EFFECT_1,ITEM,shoes,GR3.MDZ,GR3.MDT,ITEM_RECORD_0355,,1,0x10B40,,22 F1 46 F0 2B F0 31 32 20 45 F0 46 F0 2B F0 31 32,行動＋12　移動＋12,행동＋12 이동＋12,A5 E7 F7 2B F0 31 32 20 6B E7 F7 2B F0 31 32,,[],TRANSLATED,NO,positional item HELP trailer; equipment-stat rule,
ITEM_0356_EFFECT_1,ITEM,shoes,GR3.MDZ,GR3.MDT,ITEM_RECORD_0356,,1,0x10B6D,,22 F1 46 F0 2B F0 31 30 20 45 F0 46 F0 2B F0 31 30,行動＋10　移動＋10,행동＋10 이동＋10,A5 E7 F7 2B F0 31 30 20 6B E7 F7 2B F0 31 30,,[],TRANSLATED,NO,positional item HELP trailer; equipment-stat rule,
ITEM_0357_EFFECT_1,ITEM,shoes,GR3.MDZ,GR3.MDT,ITEM_RECORD_0357,,1,0x10B9A,,22 F1 46 F0 2B F0 36 20 45 F0 46 F0 2B F0 36,行動＋6　移動＋6,행동＋6 이동＋6,A5 E7 F7 2B F0 36 20 6B E7 F7 2B F0 36,,[],TRANSLATED,NO,positional item HELP trailer; equipment-stat rule,
ITEM_0358_EFFECT_1,ITEM,shoes,GR3.MDZ,GR3.MDT,ITEM_RECORD_0358,,1,0x10BC6,,45 F0 46 F0 2B F0 31 32,移動＋12,이동＋12,6B E7 F7 2B F0 31 32,,[],TRANSLATED,NO,positional item HELP trailer; equipment-stat rule,
ITEM_0359_EFFECT_1,ITEM,shoes,GR3.MDZ,GR3.MDT,ITEM_RECORD_0359,,1,0x10BE8,,22 F1 46 F0 2B F0 32 20 45 F0 46 F0 2B F0 32,行動＋2　移動＋2,행동＋2 이동＋2,A5 E7 F7 2B F0 32 20 6B E7 F7 2B F0 32,,[],TRANSLATED,NO,positional item HELP trailer; equipment-stat rule,
ITEM_0360_EFFECT_1,ITEM,shoes,GR3.MDZ,GR3.MDT,ITEM_RECORD_0360,,1,0x10C11,,22 F1 46 F0 2B F0 31 20 45 F0 46 F0 2B F0 31,行動＋1　移動＋1,행동＋1 이동＋1,A5 E7 F7 2B F0 31 20 6B E7 F7 2B F0 31,,[],TRANSLATED,NO,positional item HELP trailer; equipment-stat rule,
ITEM_0361_EFFECT_1,ITEM,shoes,GR3.MDZ,GR3.MDT,ITEM_RECORD_0361,,1,0x10C3B,,45 F0 46 F0 2B F0 32,移動＋2,이동＋2,6B E7 F7 2B F0 32,,[],TRANSLATED,NO,positional item HELP trailer; equipment-stat rule,
ITEM_0362_EFFECT_1,ITEM,shoes,GR3.MDZ,GR3.MDT,ITEM_RECORD_0362,,1,0x10C60,,22 F1 46 F0 2B F0 32 30 20 45 F0 46 F0 5F 20 F0 27 D8 7D 7C 9D,行動＋20　移動がワープになる,행동＋20 이동 워프,A5 E7 F7 2B F0 32 30 20 6B E7 F7 20 26 F7 6E F7,,[],TRANSLATED,NO,positional item HELP trailer; exact reviewed effect rule,
ITEM_0363_EFFECT_1,ITEM,shoes,GR3.MDZ,GR3.MDT,ITEM_RECORD_0363,,1,0x10C94,,45 F0 46 F0 5F 20 F0 27 D8 7D 7C 9D,移動がワープになる,이동이 워프로 변경,6B E7 F7 6B 20 26 F7 6E F7 79 20 7C F9 D0 F4,,[],TRANSLATED,NO,positional item HELP trailer; exact reviewed effect rule,
ITEM_0364_EFFECT_1,ITEM,shoes,GR3.MDZ,GR3.MDT,ITEM_RECORD_0364,,1,0x10CBB,,45 F0 46 F0 2B F0 36 30,移動＋60,이동＋60,6B E7 F7 2B F0 36 30,,[],TRANSLATED,NO,positional item HELP trailer; equipment-stat rule,
ITEM_0365_EFFECT_1,ITEM,shoes,GR3.MDZ,GR3.MDT,ITEM_RECORD_0365,,1,0x10CDE,,45 F0 46 F0 2B F0 33 36,移動＋36,이동＋36,6B E7 F7 2B F0 33 36,,[],TRANSLATED,NO,positional item HELP trailer; equipment-stat rule,
ITEM_0366_EFFECT_1,ITEM,shoes,GR3.MDZ,GR3.MDT,ITEM_RECORD_0366,,1,0x10D02,,45 F0 46 F0 2B F0 33 30,移動＋30,이동＋30,6B E7 F7 2B F0 33 30,,[],TRANSLATED,NO,positional item HELP trailer; equipment-stat rule,
ITEM_0367_EFFECT_1,ITEM,shoes,GR3.MDZ,GR3.MDT,ITEM_RECORD_0367,,1,0x10D20,,45 F0 46 F0 2B F0 32 34,移動＋24,이동＋24,6B E7 F7 2B F0 32 34,,[],TRANSLATED,NO,positional item HELP trailer; equipment-stat rule,
ITEM_0368_EFFECT_1,ITEM,shoes,GR3.MDZ,GR3.MDT,ITEM_RECORD_0368,,1,0x10D46,,45 F0 46 F0 2B F0 31 38,移動＋18,이동＋18,6B E7 F7 2B F0 31 38,,[],TRANSLATED,NO,positional item HELP trailer; equipment-stat rule,
ITEM_0369_EFFECT_1,ITEM,shoes,GR3.MDZ,GR3.MDT,ITEM_RECORD_0369,,1,0x10D67,,22 F1 46 F0 2B F0 36,行動＋6,행동＋6,A5 E7 F7 2B F0 36,,[],TRANSLATED,NO,positional item HELP trailer; equipment-stat rule,
ITEM_0370_EFFECT_1,ITEM,shoes,GR3.MDZ,GR3.MDT,ITEM_RECORD_0370,,1,0x10D83,,22 F1 46 F0 2B F0 34 20 45 F0 46 F0 2B F0 34,行動＋4　移動＋4,행동＋4 이동＋4,A5 E7 F7 2B F0 34 20 6B E7 F7 2B F0 34,,[],TRANSLATED,NO,positional item HELP trailer; equipment-stat rule,
ITEM_0371_EFFECT_1,ITEM,shoes,GR3.MDZ,GR3.MDT,ITEM_RECORD_0371,,1,0x10DAF,,45 F0 46 F0 2B F0 36,移動＋6,이동＋6,6B E7 F7 2B F0 36,,[],TRANSLATED,NO,positional item HELP trailer; equipment-stat rule,
ITEM_0371_EFFECT_2,ITEM,shoes,GR3.MDZ,GR3.MDT,ITEM_RECORD_0371,,2,0x10DB7,,47 F1 28 D4 F0 64 F0 65 F0 80 C2 E2 27 BA A1 82 F5 73 F1 6C 9D,水・風属性のダメージを軽減する,물·바람속성 피해 감소,EA 28 9F BE 49 F7 D6 20 C9 74 20 33 F2 B4,,[],TRANSLATED,NO,positional item HELP trailer; elemental-resistance rule,
ITEM_0372_EFFECT_1,ITEM,shoes,GR3.MDZ,GR3.MDT,ITEM_RECORD_0372,,1,0x10DE3,,22 F1 46 F0 2B F0 32 30 20 45 F0 46 F0 2B F0 31 30,行動＋20　移動＋10,행동＋20 이동＋10,A5 E7 F7 2B F0 32 30 20 6B E7 F7 2B F0 31 30,,[],TRANSLATED,NO,positional item HELP trailer; equipment-stat rule,
ITEM_0373_EFFECT_1,ITEM,shoes,GR3.MDZ,GR3.MDT,ITEM_RECORD_0373,,1,0x10E10,,22 F1 46 F0 2B F0 32 35,行動＋25,행동＋25,A5 E7 F7 2B F0 32 35,,[],TRANSLATED,NO,positional item HELP trailer; equipment-stat rule,
ITEM_0375_EFFECT_1,ITEM,shoes,GR3.MDZ,GR3.MDT,ITEM_RECORD_0375,,1,0x10E50,,22 F1 46 F0 2B F0 32 20 45 F0 46 F0 2B F0 31,行動＋2　移動＋1,행동＋2 이동＋1,A5 E7 F7 2B F0 32 20 6B E7 F7 2B F0 31,,[],TRANSLATED,NO,positional item HELP trailer; equipment-stat rule,
ITEM_0377_EFFECT_1,ITEM,shoes,GR3.MDZ,GR3.MDT,ITEM_RECORD_0377,,1,0x10E7C,,22 F1 46 F0 2B F0 33 30,行動＋30,행동＋30,A5 E7 F7 2B F0 33 30,,[],TRANSLATED,NO,positional item HELP trailer; equipment-stat rule,
ITEM_0378_EFFECT_1,ITEM,shoes,GR3.MDZ,GR3.MDT,ITEM_RECORD_0378,,1,0x10EA4,,22 F1 46 F0 2B F0 32 34,行動＋24,행동＋24,A5 E7 F7 2B F0 32 34,,[],TRANSLATED,NO,positional item HELP trailer; equipment-stat rule,
ITEM_0379_EFFECT_1,ITEM,shoes,GR3.MDZ,GR3.MDT,ITEM_RECORD_0379,,1,0x10ECB,,22 F1 46 F0 2B F0 31 38,行動＋18,행동＋18,A5 E7 F7 2B F0 31 38,,[],TRANSLATED,NO,positional item HELP trailer; equipment-stat rule,
ITEM_0380_EFFECT_1,ITEM,shoes,GR3.MDZ,GR3.MDT,ITEM_RECORD_0380,,1,0x10EEC,,22 F1 46 F0 2B F0 31 35,行動＋15,행동＋15,A5 E7 F7 2B F0 31 35,,[],TRANSLATED,NO,positional item HELP trailer; equipment-stat rule,
ITEM_0381_EFFECT_1,ITEM,shoes,GR3.MDZ,GR3.MDT,ITEM_RECORD_0381,,1,0x10F0E,,22 F1 46 F0 2B F0 31 32,行動＋12,행동＋12,A5 E7 F7 2B F0 31 32,,[],TRANSLATED,NO,positional item HELP trailer; equipment-stat rule,
ITEM_0382_EFFECT_1,ITEM,shoes,GR3.MDZ,GR3.MDT,ITEM_RECORD_0382,,1,0x10F2F,,22 F1 46 F0 2B F0 39,行動＋9,행동＋9,A5 E7 F7 2B F0 39,,[],TRANSLATED,NO,positional item HELP trailer; equipment-stat rule,
ITEM_0401_EFFECT_1,ITEM,accessory,GR3.MDZ,GR3.MDT,ITEM_RECORD_0401,,1,0x10F54,,36 F0 37 F0 2B F0 35,攻撃＋5,공격＋5,D8 F5 B3 F4 2B F0 35,,[],TRANSLATED,NO,positional item HELP trailer; equipment-stat rule,
ITEM_0402_EFFECT_1,ITEM,accessory,GR3.MDZ,GR3.MDT,ITEM_RECORD_0402,,1,0x10F7B,,36 F0 37 F0 2B F0 31 30,攻撃＋10,공격＋10,D8 F5 B3 F4 2B F0 31 30,,[],TRANSLATED,NO,positional item HELP trailer; equipment-stat rule,
ITEM_0403_EFFECT_1,ITEM,accessory,GR3.MDZ,GR3.MDT,ITEM_RECORD_0403,,1,0x10FA2,,36 F0 37 F0 2B F0 32 35,攻撃＋25,공격＋25,D8 F5 B3 F4 2B F0 32 35,,[],TRANSLATED,NO,positional item HELP trailer; equipment-stat rule,
ITEM_0404_EFFECT_1,ITEM,accessory,GR3.MDZ,GR3.MDT,ITEM_RECORD_0404,,1,0x10FC7,,38 F0 39 F0 2B F0 35,防御＋5,방어＋5,71 F9 69 2B F0 35,,[],TRANSLATED,NO,positional item HELP trailer; equipment-stat rule,
ITEM_0405_EFFECT_1,ITEM,accessory,GR3.MDZ,GR3.MDT,ITEM_RECORD_0405,,1,0x10FEE,,38 F0 39 F0 2B F0 31 30,防御＋10,방어＋10,71 F9 69 2B F0 31 30,,[],TRANSLATED,NO,positional item HELP trailer; equipment-stat rule,
ITEM_0406_EFFECT_1,ITEM,accessory,GR3.MDZ,GR3.MDT,ITEM_RECORD_0406,,1,0x11017,,38 F0 39 F0 2B F0 32 35,防御＋25,방어＋25,71 F9 69 2B F0 32 35,,[],TRANSLATED,NO,positional item HELP trailer; equipment-stat rule,
ITEM_0407_EFFECT_1,ITEM,accessory,GR3.MDZ,GR3.MDT,ITEM_RECORD_0407,,1,0x1103E,,4A F0 85 F0 2B F0 35,魔力＋5,마력＋5,5C 93 F8 2B F0 35,,[],TRANSLATED,NO,positional item HELP trailer; equipment-stat rule,
ITEM_0408_EFFECT_1,ITEM,accessory,GR3.MDZ,GR3.MDT,ITEM_RECORD_0408,,1,0x11067,,4A F0 85 F0 2B F0 31 30,魔力＋10,마력＋10,5C 93 F8 2B F0 31 30,,[],TRANSLATED,NO,positional item HELP trailer; equipment-stat rule,
ITEM_0409_EFFECT_1,ITEM,accessory,GR3.MDZ,GR3.MDT,ITEM_RECORD_0409,,1,0x1108D,,4A F0 85 F0 2B F0 32 35,魔力＋25,마력＋25,5C 93 F8 2B F0 32 35,,[],TRANSLATED,NO,positional item HELP trailer; equipment-stat rule,
ITEM_0410_EFFECT_1,ITEM,accessory,GR3.MDZ,GR3.MDT,ITEM_RECORD_0410,,1,0x110AE,,2D F8 21 F4 2B F0 35,抵抗＋5,저항＋5,7B 2A F9 2B F0 35,,[],TRANSLATED,NO,positional item HELP trailer; equipment-stat rule,
ITEM_0411_EFFECT_1,ITEM,accessory,GR3.MDZ,GR3.MDT,ITEM_RECORD_0411,,1,0x110D4,,2D F8 21 F4 2B F0 31 30,抵抗＋10,저항＋10,7B 2A F9 2B F0 31 30,,[],TRANSLATED,NO,positional item HELP trailer; equipment-stat rule,
ITEM_0412_EFFECT_1,ITEM,accessory,GR3.MDZ,GR3.MDT,ITEM_RECORD_0412,,1,0x110FD,,2D F8 21 F4 2B F0 32 35,抵抗＋25,저항＋25,7B 2A F9 2B F0 32 35,,[],TRANSLATED,NO,positional item HELP trailer; equipment-stat rule,
ITEM_0413_EFFECT_1,ITEM,accessory,GR3.MDZ,GR3.MDT,ITEM_RECORD_0413,,1,0x11120,,22 F1 46 F0 2B F0 32,行動＋2,행동＋2,A5 E7 F7 2B F0 32,,[],TRANSLATED,NO,positional item HELP trailer; equipment-stat rule,
ITEM_0414_EFFECT_1,ITEM,accessory,GR3.MDZ,GR3.MDT,ITEM_RECORD_0414,,1,0x11147,,22 F1 46 F0 2B F0 34,行動＋4,행동＋4,A5 E7 F7 2B F0 34,,[],TRANSLATED,NO,positional item HELP trailer; equipment-stat rule,
ITEM_0415_EFFECT_1,ITEM,accessory,GR3.MDZ,GR3.MDT,ITEM_RECORD_0415,,1,0x1116D,,22 F1 46 F0 2B F0 31 30,行動＋10,행동＋10,A5 E7 F7 2B F0 31 30,,[],TRANSLATED,NO,positional item HELP trailer; equipment-stat rule,
ITEM_0416_EFFECT_1,ITEM,accessory,GR3.MDZ,GR3.MDT,ITEM_RECORD_0416,,1,0x11195,,45 F0 46 F0 2B F0 31 30,移動＋10,이동＋10,6B E7 F7 2B F0 31 30,,[],TRANSLATED,NO,positional item HELP trailer; equipment-stat rule,
ITEM_0417_EFFECT_1,ITEM,accessory,GR3.MDZ,GR3.MDT,ITEM_RECORD_0417,,1,0x111BC,,6C 8B 78 80 64 F0 65 F0 80 C2 E2 27 BA A1 82 F5 73 F1 6C 9D,すべての属性のダメージを軽減する,모든속성 피해 감소,B2 CD 49 F7 D6 20 C9 74 20 33 F2 B4,,[],TRANSLATED,NO,positional item HELP trailer; elemental-resistance rule,
ITEM_0417_EFFECT_2,ITEM,accessory,GR3.MDZ,GR3.MDT,ITEM_RECORD_0417,,2,0x111D1,,BB C7 27 C1 BB 77 F1 78 F1 A1 6C 8B 78 38 F0 63,ステータス殊常をすべて防ぐ,모든 상태이상 방지,B2 CD 20 BD D3 F8 6B BD 20 71 F9 6F,,[],TRANSLATED,NO,positional item HELP trailer; exact reviewed effect rule,
ITEM_0418_EFFECT_1,ITEM,accessory,GR3.MDZ,GR3.MDT,ITEM_RECORD_0418,,1,0x111FE,,6C 8B 78 80 64 F0 65 F0 80 C2 E2 27 BA A1 82 F5 73 F1 6C 9D,すべての属性のダメージを軽減する,모든속성 피해 감소,B2 CD 49 F7 D6 20 C9 74 20 33 F2 B4,,[],TRANSLATED,NO,positional item HELP trailer; elemental-resistance rule,
ITEM_0419_EFFECT_1,ITEM,accessory,GR3.MDZ,GR3.MDT,ITEM_RECORD_0419,,1,0x11234,,C6 F0 64 F0 65 F0 80 C2 E2 27 BA A1 82 F5 73 F1 6C 9D,火属性のダメージを軽減する,불속성 피해 감소,95 F2 49 F7 D6 20 C9 74 20 33 F2 B4,,[],TRANSLATED,NO,positional item HELP trailer; elemental-resistance rule,
ITEM_0420_EFFECT_1,ITEM,accessory,GR3.MDZ,GR3.MDT,ITEM_RECORD_0420,,1,0x11268,,51 F5 64 F0 65 F0 80 C2 E2 27 BA A1 82 F5 73 F1 6C 9D,土属性のダメージを軽減する,땅속성 피해 감소,56 F8 49 F7 D6 20 C9 74 20 33 F2 B4,,[],TRANSLATED,NO,positional item HELP trailer; elemental-resistance rule,
ITEM_0421_EFFECT_1,ITEM,accessory,GR3.MDZ,GR3.MDT,ITEM_RECORD_0421,,1,0x1129C,,47 F1 64 F0 65 F0 80 C2 E2 27 BA A1 82 F5 73 F1 6C 9D,水属性のダメージを軽減する,물속성 피해 감소,EA 49 F7 D6 20 C9 74 20 33 F2 B4,,[],TRANSLATED,NO,positional item HELP trailer; elemental-resistance rule,
ITEM_0422_EFFECT_1,ITEM,accessory,GR3.MDZ,GR3.MDT,ITEM_RECORD_0422,,1,0x112D0,,D4 F0 64 F0 65 F0 80 C2 E2 27 BA A1 82 F5 73 F1 6C 9D,風属性のダメージを軽減する,바람속성 피해 감소,9F BE 49 F7 D6 20 C9 74 20 33 F2 B4,,[],TRANSLATED,NO,positional item HELP trailer; elemental-resistance rule,
ITEM_0423_EFFECT_1,ITEM,accessory,GR3.MDZ,GR3.MDT,ITEM_RECORD_0423,,1,0x11300,,BB C7 27 C1 BB 77 F1 78 F1 A1 6C 8B 78 38 F0 63,ステータス殊常をすべて防ぐ,모든 상태이상 방지,B2 CD 20 BD D3 F8 6B BD 20 71 F9 6F,,[],TRANSLATED,NO,positional item HELP trailer; exact reviewed effect rule,
ITEM_0424_EFFECT_1,ITEM,accessory,GR3.MDZ,GR3.MDT,ITEM_RECORD_0424,,1,0x11330,,CB F0 28 95 F1 96 F1 A1 38 F0 63,毒・麻痺を防ぐ,독·마비 방지,E0 F7 28 5C 98 20 71 F9 6F,,[],TRANSLATED,NO,positional item HELP trailer; exact reviewed effect rule,
ITEM_0425_EFFECT_1,ITEM,accessory,GR3.MDZ,GR3.MDT,ITEM_RECORD_0425,,1,0x11358,,CB F0 A1 38 F0 63,毒を防ぐ,독 방지,E0 F7 20 71 F9 6F,,[],TRANSLATED,NO,positional item HELP trailer; exact reviewed effect rule,
ITEM_0426_EFFECT_1,ITEM,accessory,GR3.MDZ,GR3.MDT,ITEM_RECORD_0426,,1,0x1137D,,27 F1 9C A1 38 F0 63,眠りを防ぐ,수면 방지,8B 80 20 71 F9 6F,,[],TRANSLATED,NO,positional item HELP trailer; exact reviewed effect rule,
ITEM_0427_EFFECT_1,ITEM,accessory,GR3.MDZ,GR3.MDT,ITEM_RECORD_0427,,1,0x113A2,,D5 F0 D6 F0 A1 38 F0 63,混乱を防ぐ,혼란 방지,C4 F3 7B F8 20 71 F9 6F,,[],TRANSLATED,NO,positional item HELP trailer; exact reviewed effect rule,
ITEM_0428_EFFECT_1,ITEM,accessory,GR3.MDZ,GR3.MDT,ITEM_RECORD_0428,,1,0x113C6,,9A F0 9B F0 A1 38 F0 63,病気を防ぐ,질병 방지,2F F6 82 F9 20 71 F9 6F,,[],TRANSLATED,NO,positional item HELP trailer; exact reviewed effect rule,
ITEM_0429_EFFECT_1,ITEM,accessory,GR3.MDZ,GR3.MDT,ITEM_RECORD_0429,,1,0x113E9,,2D F0 B2 F1 47 F0 AA F2 C6 F5 7D 41 49 5F 86 F0 49 F0 3F F0 B6 F0 6C 9D,一定時間毎にHPが少量回復する,일정 시간마다 HP 소량 회복,92 93 20 88 A9 F0 5C 72 20 41 49 20 B4 83 F8 20 CC D0,,[],TRANSLATED,NO,positional item HELP trailer; exact reviewed effect rule,
ITEM_0430_EFFECT_1,ITEM,accessory,GR3.MDZ,GR3.MDT,ITEM_RECORD_0430,,1,0x1141F,,2D F0 B2 F1 47 F0 AA F2 C6 F5 7D 3F F0 B6 F0 6C 9D 4C 49 80 49 F0 5F 56 F1 5B 9D,一定時間毎に回復するSPの量が増える,시간당 SP 회복량 상승,88 A9 F0 CE F7 20 4C 49 20 CC D0 83 F8 20 BD 2E F8,,[],TRANSLATED,NO,positional item HELP trailer; exact reviewed effect rule,
ITEM_0431_EFFECT_1,ITEM,accessory,GR3.MDZ,GR3.MDT,ITEM_RECORD_0431,,1,0x1145D,,EB F0 EC F0 C3 F1 C4 F1 C6 F5 7D 46 49 5F 31 30 3F F6 3F F0 B6 F0 6C 9D,戦闘<C3F1>了毎にMPが10％回復する,전투 종료마다 MP 10％ 회복,BB 64 F2 20 85 F3 A4 F8 5C 72 20 46 49 20 31 30 3F F6 20 CC D0,,"[""<C3F1>""]",TRANSLATED,NO,positional item HELP trailer; exact reviewed effect rule,
ITEM_0433_EFFECT_1,ITEM,accessory,GR3.MDZ,GR3.MDT,ITEM_RECORD_0433,,1,0x11498,,31 3F F0 73 64 20 EB F0 EC F0 80 F1 9A F1 5E 9B CC F0 33 F4 7D B6 F0 9B F1 6C 9D,1回だけ　戦闘不能から即<33F4>に復活する,한 번만 즉시 부활,7A 20 75 F9 55 20 35 F8 88 20 A4 AF F4,,"[""<33F4>""]",TRANSLATED,NO,positional item HELP trailer; exact reviewed effect rule,
ITEM_0434_EFFECT_1,ITEM,accessory,GR3.MDZ,GR3.MDT,ITEM_RECORD_0434,,1,0x114D2,,BB C7 27 C1 BB 77 F1 78 F1 A1 6C 8B 78 38 F0 63,ステータス殊常をすべて防ぐ,모든 상태이상 방지,B2 CD 20 BD D3 F8 6B BD 20 71 F9 6F,,[],TRANSLATED,NO,positional item HELP trailer; exact reviewed effect rule,
ITEM_0435_EFFECT_1,ITEM,accessory,GR3.MDZ,GR3.MDT,ITEM_RECORD_0435,,1,0x11503,,B6 F1 AD F1 79 63 F0 7C F5 79 60 9D,高値で売却できる,높은 가격에 판매 가능,7B F7 5D 20 4A B3 F4 7D 20 65 F4 D0 F8 20 4A A3 F7,,[],TRANSLATED,NO,positional item HELP trailer; exact reviewed effect rule,
ITEM_0436_EFFECT_1,ITEM,accessory,GR3.MDZ,GR3.MDT,ITEM_RECORD_0436,,1,0x1152F,,B6 F1 AD F1 79 63 F0 7C F5 79 60 9D,高値で売却できる,높은 가격에 판매 가능,7B F7 5D 20 4A B3 F4 7D 20 65 F4 D0 F8 20 4A A3 F7,,[],TRANSLATED,NO,positional item HELP trailer; exact reviewed effect rule,
ITEM_0437_EFFECT_1,ITEM,accessory,GR3.MDZ,GR3.MDT,ITEM_RECORD_0437,,1,0x1155E,,B6 F1 AD F1 79 63 F0 7C F5 79 60 9D,高値で売却できる,높은 가격에 판매 가능,7B F7 5D 20 4A B3 F4 7D 20 65 F4 D0 F8 20 4A A3 F7,,[],TRANSLATED,NO,positional item HELP trailer; exact reviewed effect rule,
ITEM_0438_EFFECT_1,ITEM,accessory,GR3.MDZ,GR3.MDT,ITEM_RECORD_0438,,1,0x1158B,,B6 F1 AD F1 79 63 F0 7C F5 79 60 9D,高値で売却できる,높은 가격에 판매 가능,7B F7 5D 20 4A B3 F4 7D 20 65 F4 D0 F8 20 4A A3 F7,,[],TRANSLATED,NO,positional item HELP trailer; exact reviewed effect rule,
ITEM_0439_EFFECT_1,ITEM,accessory,GR3.MDZ,GR3.MDT,ITEM_RECORD_0439,,1,0x115B3,,B6 F1 AD F1 79 63 F0 7C F5 79 60 9D,高値で売却できる,높은 가격에 판매 가능,7B F7 5D 20 4A B3 F4 7D 20 65 F4 D0 F8 20 4A A3 F7,,[],TRANSLATED,NO,positional item HELP trailer; exact reviewed effect rule,
ITEM_0448_EFFECT_1,ITEM,accessory,GR3.MDZ,GR3.MDT,ITEM_RECORD_0448,,1,0x115F9,,B6 F1 AD F1 79 63 F0 7C F5 79 60 9D,高値で売却できる,높은 가격에 판매 가능,7B F7 5D 20 4A B3 F4 7D 20 65 F4 D0 F8 20 4A A3 F7,,[],TRANSLATED,NO,positional item HELP trailer; exact reviewed effect rule,
ITEM_0501_EFFECT_1,ITEM,mana_egg,GR3.MDZ,GR3.MDT,ITEM_RECORD_0501,,1,0x11619,,C6 F0 69 F6,火☆,불☆,95 F2 69 F6,,[],TRANSLATED,NO,positional item HELP trailer; affinity-star rule,
ITEM_0501_EFFECT_2,ITEM,mana_egg,GR3.MDZ,GR3.MDT,ITEM_RECORD_0501,,2,0x1161E,,59 F0 5A F0 26 F3 C3 F2 2B DF BA C4 B1 EE DA ED 31,装備制限：マジックレベル1,장비제한：마법 레벨 1,86 98 AA 7A 2B 5C 78 F9 20 8E F8 7A F9 20 31,,[],TRANSLATED,NO,positional item HELP trailer; equipment-level rule,
ITEM_0502_EFFECT_1,ITEM,mana_egg,GR3.MDZ,GR3.MDT,ITEM_RECORD_0502,,1,0x11642,,51 F5 69 F6,土☆,땅☆,56 F8 69 F6,,[],TRANSLATED,NO,positional item HELP trailer; affinity-star rule,
ITEM_0502_EFFECT_2,ITEM,mana_egg,GR3.MDZ,GR3.MDT,ITEM_RECORD_0502,,2,0x11647,,59 F0 5A F0 26 F3 C3 F2 2B DF BA C4 B1 EE DA ED 31,装備制限：マジックレベル1,장비제한：마법 레벨 1,86 98 AA 7A 2B 5C 78 F9 20 8E F8 7A F9 20 31,,[],TRANSLATED,NO,positional item HELP trailer; equipment-level rule,
ITEM_0503_EFFECT_1,ITEM,mana_egg,GR3.MDZ,GR3.MDT,ITEM_RECORD_0503,,1,0x1166B,,47 F1 69 F6,水☆,물☆,EA 69 F6,,[],TRANSLATED,NO,positional item HELP trailer; affinity-star rule,
ITEM_0503_EFFECT_2,ITEM,mana_egg,GR3.MDZ,GR3.MDT,ITEM_RECORD_0503,,2,0x11670,,59 F0 5A F0 26 F3 C3 F2 2B DF BA C4 B1 EE DA ED 31,装備制限：マジックレベル1,장비제한：마법 레벨 1,86 98 AA 7A 2B 5C 78 F9 20 8E F8 7A F9 20 31,,[],TRANSLATED,NO,positional item HELP trailer; equipment-level rule,
ITEM_0504_EFFECT_1,ITEM,mana_egg,GR3.MDZ,GR3.MDT,ITEM_RECORD_0504,,1,0x11694,,D4 F0 69 F6,風☆,바람☆,9F BE 69 F6,,[],TRANSLATED,NO,positional item HELP trailer; affinity-star rule,
ITEM_0504_EFFECT_2,ITEM,mana_egg,GR3.MDZ,GR3.MDT,ITEM_RECORD_0504,,2,0x11699,,59 F0 5A F0 26 F3 C3 F2 2B DF BA C4 B1 EE DA ED 31,装備制限：マジックレベル1,장비제한：마법 레벨 1,86 98 AA 7A 2B 5C 78 F9 20 8E F8 7A F9 20 31,,[],TRANSLATED,NO,positional item HELP trailer; equipment-level rule,
ITEM_0505_EFFECT_1,ITEM,mana_egg,GR3.MDZ,GR3.MDT,ITEM_RECORD_0505,,1,0x116BF,,C6 F0 69 F6 20 51 F5 69 F6,火☆　土☆,불☆ 땅☆,95 F2 69 F6 20 56 F8 69 F6,,[],TRANSLATED,NO,positional item HELP trailer; affinity-star rule,
ITEM_0505_EFFECT_2,ITEM,mana_egg,GR3.MDZ,GR3.MDT,ITEM_RECORD_0505,,2,0x116C9,,59 F0 5A F0 26 F3 C3 F2 2B DF BA C4 B1 EE DA ED 32,装備制限：マジックレベル2,장비제한：마법 레벨 2,86 98 AA 7A 2B 5C 78 F9 20 8E F8 7A F9 20 32,,[],TRANSLATED,NO,positional item HELP trailer; equipment-level rule,
ITEM_0506_EFFECT_1,ITEM,mana_egg,GR3.MDZ,GR3.MDT,ITEM_RECORD_0506,,1,0x116EF,,51 F5 69 F6 20 47 F1 69 F6,土☆　水☆,땅☆ 물☆,56 F8 69 F6 20 EA 69 F6,,[],TRANSLATED,NO,positional item HELP trailer; affinity-star rule,
ITEM_0506_EFFECT_2,ITEM,mana_egg,GR3.MDZ,GR3.MDT,ITEM_RECORD_0506,,2,0x116F9,,59 F0 5A F0 26 F3 C3 F2 2B DF BA C4 B1 EE DA ED 32,装備制限：マジックレベル2,장비제한：마법 레벨 2,86 98 AA 7A 2B 5C 78 F9 20 8E F8 7A F9 20 32,,[],TRANSLATED,NO,positional item HELP trailer; equipment-level rule,
ITEM_0507_EFFECT_1,ITEM,mana_egg,GR3.MDZ,GR3.MDT,ITEM_RECORD_0507,,1,0x1171F,,47 F1 69 F6 20 D4 F0 69 F6,水☆　風☆,물☆ 바람☆,EA 69 F6 20 9F BE 69 F6,,[],TRANSLATED,NO,positional item HELP trailer; affinity-star rule,
ITEM_0507_EFFECT_2,ITEM,mana_egg,GR3.MDZ,GR3.MDT,ITEM_RECORD_0507,,2,0x11729,,59 F0 5A F0 26 F3 C3 F2 2B DF BA C4 B1 EE DA ED 32,装備制限：マジックレベル2,장비제한：마법 레벨 2,86 98 AA 7A 2B 5C 78 F9 20 8E F8 7A F9 20 32,,[],TRANSLATED,NO,positional item HELP trailer; equipment-level rule,
ITEM_0508_EFFECT_1,ITEM,mana_egg,GR3.MDZ,GR3.MDT,ITEM_RECORD_0508,,1,0x1174F,,C6 F0 69 F6 20 D4 F0 69 F6,火☆　風☆,불☆ 바람☆,95 F2 69 F6 20 9F BE 69 F6,,[],TRANSLATED,NO,positional item HELP trailer; affinity-star rule,
ITEM_0508_EFFECT_2,ITEM,mana_egg,GR3.MDZ,GR3.MDT,ITEM_RECORD_0508,,2,0x11759,,59 F0 5A F0 26 F3 C3 F2 2B DF BA C4 B1 EE DA ED 32,装備制限：マジックレベル2,장비제한：마법 레벨 2,86 98 AA 7A 2B 5C 78 F9 20 8E F8 7A F9 20 32,,[],TRANSLATED,NO,positional item HELP trailer; equipment-level rule,
ITEM_0509_EFFECT_1,ITEM,mana_egg,GR3.MDZ,GR3.MDT,ITEM_RECORD_0509,,1,0x1177F,,C6 F0 69 F6 69 F6,火☆☆,불☆☆,95 F2 69 F6 69 F6,,[],TRANSLATED,NO,positional item HELP trailer; affinity-star rule,
ITEM_0509_EFFECT_2,ITEM,mana_egg,GR3.MDZ,GR3.MDT,ITEM_RECORD_0509,,2,0x11786,,59 F0 5A F0 26 F3 C3 F2 2B DF BA C4 B1 EE DA ED 34,装備制限：マジックレベル4,장비제한：마법 레벨 4,86 98 AA 7A 2B 5C 78 F9 20 8E F8 7A F9 20 34,,[],TRANSLATED,NO,positional item HELP trailer; equipment-level rule,
ITEM_0510_EFFECT_1,ITEM,mana_egg,GR3.MDZ,GR3.MDT,ITEM_RECORD_0510,,1,0x117AC,,51 F5 69 F6 69 F6,土☆☆,땅☆☆,56 F8 69 F6 69 F6,,[],TRANSLATED,NO,positional item HELP trailer; affinity-star rule,
ITEM_0510_EFFECT_2,ITEM,mana_egg,GR3.MDZ,GR3.MDT,ITEM_RECORD_0510,,2,0x117B3,,59 F0 5A F0 26 F3 C3 F2 2B DF BA C4 B1 EE DA ED 34,装備制限：マジックレベル4,장비제한：마법 레벨 4,86 98 AA 7A 2B 5C 78 F9 20 8E F8 7A F9 20 34,,[],TRANSLATED,NO,positional item HELP trailer; equipment-level rule,
ITEM_0511_EFFECT_1,ITEM,mana_egg,GR3.MDZ,GR3.MDT,ITEM_RECORD_0511,,1,0x117D7,,47 F1 69 F6 69 F6,水☆☆,물☆☆,EA 69 F6 69 F6,,[],TRANSLATED,NO,positional item HELP trailer; affinity-star rule,
ITEM_0511_EFFECT_2,ITEM,mana_egg,GR3.MDZ,GR3.MDT,ITEM_RECORD_0511,,2,0x117DE,,59 F0 5A F0 26 F3 C3 F2 2B DF BA C4 B1 EE DA ED 34,装備制限：マジックレベル4,장비제한：마법 레벨 4,86 98 AA 7A 2B 5C 78 F9 20 8E F8 7A F9 20 34,,[],TRANSLATED,NO,positional item HELP trailer; equipment-level rule,
ITEM_0512_EFFECT_1,ITEM,mana_egg,GR3.MDZ,GR3.MDT,ITEM_RECORD_0512,,1,0x11804,,D4 F0 69 F6 69 F6,風☆☆,바람☆☆,9F BE 69 F6 69 F6,,[],TRANSLATED,NO,positional item HELP trailer; affinity-star rule,
ITEM_0512_EFFECT_2,ITEM,mana_egg,GR3.MDZ,GR3.MDT,ITEM_RECORD_0512,,2,0x1180B,,59 F0 5A F0 26 F3 C3 F2 2B DF BA C4 B1 EE DA ED 34,装備制限：マジックレベル4,장비제한：마법 레벨 4,86 98 AA 7A 2B 5C 78 F9 20 8E F8 7A F9 20 34,,[],TRANSLATED,NO,positional item HELP trailer; equipment-level rule,
ITEM_0513_EFFECT_1,ITEM,mana_egg,GR3.MDZ,GR3.MDT,ITEM_RECORD_0513,,1,0x11832,,C6 F0 69 F6 20 51 F5 69 F6 20 47 F1 69 F6 20 D4 F0 69 F6,火☆　土☆　水☆　風☆,불☆ 땅☆ 물☆ 바람☆,95 F2 69 F6 20 56 F8 69 F6 20 EA 69 F6 20 9F BE 69 F6,,[],TRANSLATED,NO,positional item HELP trailer; affinity-star rule,
ITEM_0513_EFFECT_2,ITEM,mana_egg,GR3.MDZ,GR3.MDT,ITEM_RECORD_0513,,2,0x11846,,59 F0 5A F0 26 F3 C3 F2 2B DF BA C4 B1 EE DA ED 35,装備制限：マジックレベル5,장비제한：마법 레벨 5,86 98 AA 7A 2B 5C 78 F9 20 8E F8 7A F9 20 35,,[],TRANSLATED,NO,positional item HELP trailer; equipment-level rule,
ITEM_0514_EFFECT_1,ITEM,mana_egg,GR3.MDZ,GR3.MDT,ITEM_RECORD_0514,,1,0x1186B,,C6 F0 69 F6 20 51 F5 69 F6 20 47 F1 69 F6 20 D4 F0 69 F6,火☆　土☆　水☆　風☆,불☆ 땅☆ 물☆ 바람☆,95 F2 69 F6 20 56 F8 69 F6 20 EA 69 F6 20 9F BE 69 F6,,[],TRANSLATED,NO,positional item HELP trailer; affinity-star rule,
ITEM_0514_EFFECT_2,ITEM,mana_egg,GR3.MDZ,GR3.MDT,ITEM_RECORD_0514,,2,0x1187F,,59 F0 5A F0 26 F3 C3 F2 2B DF BA C4 B1 EE DA ED 35,装備制限：マジックレベル5,장비제한：마법 레벨 5,86 98 AA 7A 2B 5C 78 F9 20 8E F8 7A F9 20 35,,[],TRANSLATED,NO,positional item HELP trailer; equipment-level rule,
ITEM_0515_EFFECT_1,ITEM,mana_egg,GR3.MDZ,GR3.MDT,ITEM_RECORD_0515,,1,0x118A7,,C6 F0 69 F6 69 F6 20 51 F5 69 F6 69 F6,火☆☆　土☆☆,불☆☆ 땅☆☆,95 F2 69 F6 69 F6 20 56 F8 69 F6 69 F6,,[],TRANSLATED,NO,positional item HELP trailer; affinity-star rule,
ITEM_0515_EFFECT_2,ITEM,mana_egg,GR3.MDZ,GR3.MDT,ITEM_RECORD_0515,,2,0x118B5,,59 F0 5A F0 26 F3 C3 F2 2B DF BA C4 B1 EE DA ED 35,装備制限：マジックレベル5,장비제한：마법 레벨 5,86 98 AA 7A 2B 5C 78 F9 20 8E F8 7A F9 20 35,,[],TRANSLATED,NO,positional item HELP trailer; equipment-level rule,
ITEM_0516_EFFECT_1,ITEM,mana_egg,GR3.MDZ,GR3.MDT,ITEM_RECORD_0516,,1,0x118DD,,51 F5 69 F6 69 F6 20 47 F1 69 F6 69 F6,土☆☆　水☆☆,땅☆☆ 물☆☆,56 F8 69 F6 69 F6 20 EA 69 F6 69 F6,,[],TRANSLATED,NO,positional item HELP trailer; affinity-star rule,
ITEM_0516_EFFECT_2,ITEM,mana_egg,GR3.MDZ,GR3.MDT,ITEM_RECORD_0516,,2,0x118EB,,59 F0 5A F0 26 F3 C3 F2 2B DF BA C4 B1 EE DA ED 35,装備制限：マジックレベル5,장비제한：마법 레벨 5,86 98 AA 7A 2B 5C 78 F9 20 8E F8 7A F9 20 35,,[],TRANSLATED,NO,positional item HELP trailer; equipment-level rule,
ITEM_0517_EFFECT_1,ITEM,mana_egg,GR3.MDZ,GR3.MDT,ITEM_RECORD_0517,,1,0x11913,,47 F1 69 F6 69 F6 20 D4 F0 69 F6 69 F6,水☆☆　風☆☆,물☆☆ 바람☆☆,EA 69 F6 69 F6 20 9F BE 69 F6 69 F6,,[],TRANSLATED,NO,positional item HELP trailer; affinity-star rule,
ITEM_0517_EFFECT_2,ITEM,mana_egg,GR3.MDZ,GR3.MDT,ITEM_RECORD_0517,,2,0x11921,,59 F0 5A F0 26 F3 C3 F2 2B DF BA C4 B1 EE DA ED 35,装備制限：マジックレベル5,장비제한：마법 레벨 5,86 98 AA 7A 2B 5C 78 F9 20 8E F8 7A F9 20 35,,[],TRANSLATED,NO,positional item HELP trailer; equipment-level rule,
ITEM_0518_EFFECT_1,ITEM,mana_egg,GR3.MDZ,GR3.MDT,ITEM_RECORD_0518,,1,0x11949,,C6 F0 69 F6 69 F6 20 D4 F0 69 F6 69 F6,火☆☆　風☆☆,불☆☆ 바람☆☆,95 F2 69 F6 69 F6 20 9F BE 69 F6 69 F6,,[],TRANSLATED,NO,positional item HELP trailer; affinity-star rule,
ITEM_0518_EFFECT_2,ITEM,mana_egg,GR3.MDZ,GR3.MDT,ITEM_RECORD_0518,,2,0x11957,,59 F0 5A F0 26 F3 C3 F2 2B DF BA C4 B1 EE DA ED 35,装備制限：マジックレベル5,장비제한：마법 레벨 5,86 98 AA 7A 2B 5C 78 F9 20 8E F8 7A F9 20 35,,[],TRANSLATED,NO,positional item HELP trailer; equipment-level rule,
ITEM_0519_EFFECT_1,ITEM,mana_egg,GR3.MDZ,GR3.MDT,ITEM_RECORD_0519,,1,0x1197D,,C6 F0 69 F6 69 F6 69 F6,火☆☆☆,불☆☆☆,95 F2 69 F6 69 F6 69 F6,,[],TRANSLATED,NO,positional item HELP trailer; affinity-star rule,
ITEM_0519_EFFECT_2,ITEM,mana_egg,GR3.MDZ,GR3.MDT,ITEM_RECORD_0519,,2,0x11986,,59 F0 5A F0 26 F3 C3 F2 2B DF BA C4 B1 EE DA ED 36,装備制限：マジックレベル6,장비제한：마법 레벨 6,86 98 AA 7A 2B 5C 78 F9 20 8E F8 7A F9 20 36,,[],TRANSLATED,NO,positional item HELP trailer; equipment-level rule,
ITEM_0520_EFFECT_1,ITEM,mana_egg,GR3.MDZ,GR3.MDT,ITEM_RECORD_0520,,1,0x119AC,,51 F5 69 F6 69 F6 69 F6,土☆☆☆,땅☆☆☆,56 F8 69 F6 69 F6 69 F6,,[],TRANSLATED,NO,positional item HELP trailer; affinity-star rule,
ITEM_0520_EFFECT_2,ITEM,mana_egg,GR3.MDZ,GR3.MDT,ITEM_RECORD_0520,,2,0x119B5,,59 F0 5A F0 26 F3 C3 F2 2B DF BA C4 B1 EE DA ED 36,装備制限：マジックレベル6,장비제한：마법 레벨 6,86 98 AA 7A 2B 5C 78 F9 20 8E F8 7A F9 20 36,,[],TRANSLATED,NO,positional item HELP trailer; equipment-level rule,
ITEM_0521_EFFECT_1,ITEM,mana_egg,GR3.MDZ,GR3.MDT,ITEM_RECORD_0521,,1,0x119D9,,47 F1 69 F6 69 F6 69 F6,水☆☆☆,물☆☆☆,EA 69 F6 69 F6 69 F6,,[],TRANSLATED,NO,positional item HELP trailer; affinity-star rule,
ITEM_0521_EFFECT_2,ITEM,mana_egg,GR3.MDZ,GR3.MDT,ITEM_RECORD_0521,,2,0x119E2,,59 F0 5A F0 26 F3 C3 F2 2B DF BA C4 B1 EE DA ED 36,装備制限：マジックレベル6,장비제한：마법 레벨 6,86 98 AA 7A 2B 5C 78 F9 20 8E F8 7A F9 20 36,,[],TRANSLATED,NO,positional item HELP trailer; equipment-level rule,
ITEM_0522_EFFECT_1,ITEM,mana_egg,GR3.MDZ,GR3.MDT,ITEM_RECORD_0522,,1,0x11A06,,D4 F0 69 F6 69 F6 69 F6,風☆☆☆,바람☆☆☆,9F BE 69 F6 69 F6 69 F6,,[],TRANSLATED,NO,positional item HELP trailer; affinity-star rule,
ITEM_0522_EFFECT_2,ITEM,mana_egg,GR3.MDZ,GR3.MDT,ITEM_RECORD_0522,,2,0x11A0F,,59 F0 5A F0 26 F3 C3 F2 2B DF BA C4 B1 EE DA ED 36,装備制限：マジックレベル6,장비제한：마법 레벨 6,86 98 AA 7A 2B 5C 78 F9 20 8E F8 7A F9 20 36,,[],TRANSLATED,NO,positional item HELP trailer; equipment-level rule,
ITEM_0523_EFFECT_1,ITEM,mana_egg,GR3.MDZ,GR3.MDT,ITEM_RECORD_0523,,1,0x11A3C,,C6 F0 69 F6 69 F6 20 51 F5 69 F6 69 F6 20 47 F1 69 F6 69 F6 20 D4 F0 69 F6 69 F6,火☆☆　土☆☆　水☆☆　風☆☆,불☆☆ 땅☆☆ 물☆☆ 바람☆☆,95 F2 69 F6 69 F6 20 56 F8 69 F6 69 F6 20 EA 69 F6 69 F6 20 9F BE 69 F6 69 F6,,[],TRANSLATED,NO,positional item HELP trailer; affinity-star rule,
ITEM_0523_EFFECT_2,ITEM,mana_egg,GR3.MDZ,GR3.MDT,ITEM_RECORD_0523,,2,0x11A58,,59 F0 5A F0 26 F3 C3 F2 2B DF BA C4 B1 EE DA ED 37,装備制限：マジックレベル7,장비제한：마법 레벨 7,86 98 AA 7A 2B 5C 78 F9 20 8E F8 7A F9 20 37,,[],TRANSLATED,NO,positional item HELP trailer; equipment-level rule,
ITEM_0524_EFFECT_1,ITEM,mana_egg,GR3.MDZ,GR3.MDT,ITEM_RECORD_0524,,1,0x11A7D,,C6 F0 69 F6 69 F6 20 51 F5 69 F6 69 F6 20 47 F1 69 F6 69 F6 20 D4 F0 69 F6 69 F6,火☆☆　土☆☆　水☆☆　風☆☆,불☆☆ 땅☆☆ 물☆☆ 바람☆☆,95 F2 69 F6 69 F6 20 56 F8 69 F6 69 F6 20 EA 69 F6 69 F6 20 9F BE 69 F6 69 F6,,[],TRANSLATED,NO,positional item HELP trailer; affinity-star rule,
ITEM_0524_EFFECT_2,ITEM,mana_egg,GR3.MDZ,GR3.MDT,ITEM_RECORD_0524,,2,0x11A99,,59 F0 5A F0 26 F3 C3 F2 2B DF BA C4 B1 EE DA ED 37,装備制限：マジックレベル7,장비제한：마법 레벨 7,86 98 AA 7A 2B 5C 78 F9 20 8E F8 7A F9 20 37,,[],TRANSLATED,NO,positional item HELP trailer; equipment-level rule,
ITEM_0525_EFFECT_1,ITEM,mana_egg,GR3.MDZ,GR3.MDT,ITEM_RECORD_0525,,1,0x11AC0,,C6 F0 69 F6 69 F6 69 F6 20 51 F5 69 F6 69 F6,火☆☆☆　土☆☆,불☆☆☆ 땅☆☆,95 F2 69 F6 69 F6 69 F6 20 56 F8 69 F6 69 F6,,[],TRANSLATED,NO,positional item HELP trailer; affinity-star rule,
ITEM_0525_EFFECT_2,ITEM,mana_egg,GR3.MDZ,GR3.MDT,ITEM_RECORD_0525,,2,0x11AD0,,59 F0 5A F0 26 F3 C3 F2 2B DF BA C4 B1 EE DA ED 38,装備制限：マジックレベル8,장비제한：마법 레벨 8,86 98 AA 7A 2B 5C 78 F9 20 8E F8 7A F9 20 38,,[],TRANSLATED,NO,positional item HELP trailer; equipment-level rule,
ITEM_0526_EFFECT_1,ITEM,mana_egg,GR3.MDZ,GR3.MDT,ITEM_RECORD_0526,,1,0x11AF7,,51 F5 69 F6 69 F6 69 F6 20 47 F1 69 F6 69 F6,土☆☆☆　水☆☆,땅☆☆☆ 물☆☆,56 F8 69 F6 69 F6 69 F6 20 EA 69 F6 69 F6,,[],TRANSLATED,NO,positional item HELP trailer; affinity-star rule,
ITEM_0526_EFFECT_2,ITEM,mana_egg,GR3.MDZ,GR3.MDT,ITEM_RECORD_0526,,2,0x11B07,,59 F0 5A F0 26 F3 C3 F2 2B DF BA C4 B1 EE DA ED 38,装備制限：マジックレベル8,장비제한：마법 레벨 8,86 98 AA 7A 2B 5C 78 F9 20 8E F8 7A F9 20 38,,[],TRANSLATED,NO,positional item HELP trailer; equipment-level rule,
ITEM_0527_EFFECT_1,ITEM,mana_egg,GR3.MDZ,GR3.MDT,ITEM_RECORD_0527,,1,0x11B2E,,47 F1 69 F6 69 F6 69 F6 20 D4 F0 69 F6 69 F6,水☆☆☆　風☆☆,물☆☆☆ 바람☆☆,EA 69 F6 69 F6 69 F6 20 9F BE 69 F6 69 F6,,[],TRANSLATED,NO,positional item HELP trailer; affinity-star rule,
ITEM_0527_EFFECT_2,ITEM,mana_egg,GR3.MDZ,GR3.MDT,ITEM_RECORD_0527,,2,0x11B3E,,59 F0 5A F0 26 F3 C3 F2 2B DF BA C4 B1 EE DA ED 38,装備制限：マジックレベル8,장비제한：마법 레벨 8,86 98 AA 7A 2B 5C 78 F9 20 8E F8 7A F9 20 38,,[],TRANSLATED,NO,positional item HELP trailer; equipment-level rule,
ITEM_0528_EFFECT_1,ITEM,mana_egg,GR3.MDZ,GR3.MDT,ITEM_RECORD_0528,,1,0x11B65,,C6 F0 69 F6 69 F6 20 D4 F0 69 F6 69 F6 69 F6,火☆☆　風☆☆☆,불☆☆ 바람☆☆☆,95 F2 69 F6 69 F6 20 9F BE 69 F6 69 F6 69 F6,,[],TRANSLATED,NO,positional item HELP trailer; affinity-star rule,
ITEM_0528_EFFECT_2,ITEM,mana_egg,GR3.MDZ,GR3.MDT,ITEM_RECORD_0528,,2,0x11B75,,59 F0 5A F0 26 F3 C3 F2 2B DF BA C4 B1 EE DA ED 38,装備制限：マジックレベル8,장비제한：마법 레벨 8,86 98 AA 7A 2B 5C 78 F9 20 8E F8 7A F9 20 38,,[],TRANSLATED,NO,positional item HELP trailer; equipment-level rule,
ITEM_0529_EFFECT_1,ITEM,mana_egg,GR3.MDZ,GR3.MDT,ITEM_RECORD_0529,,1,0x11B9B,,C6 F0 69 F6 69 F6 69 F6 20 51 F5 69 F6 69 F6 69 F6,火☆☆☆　土☆☆☆,불☆☆☆ 땅☆☆☆,95 F2 69 F6 69 F6 69 F6 20 56 F8 69 F6 69 F6 69 F6,,[],TRANSLATED,NO,positional item HELP trailer; affinity-star rule,
ITEM_0529_EFFECT_2,ITEM,mana_egg,GR3.MDZ,GR3.MDT,ITEM_RECORD_0529,,2,0x11BAD,,59 F0 5A F0 26 F3 C3 F2 2B DF BA C4 B1 EE DA ED 39,装備制限：マジックレベル9,장비제한：마법 레벨 9,86 98 AA 7A 2B 5C 78 F9 20 8E F8 7A F9 20 39,,[],TRANSLATED,NO,positional item HELP trailer; equipment-level rule,
ITEM_0530_EFFECT_1,ITEM,mana_egg,GR3.MDZ,GR3.MDT,ITEM_RECORD_0530,,1,0x11BD2,,51 F5 69 F6 69 F6 69 F6 20 47 F1 69 F6 69 F6 69 F6,土☆☆☆　水☆☆☆,땅☆☆☆ 물☆☆☆,56 F8 69 F6 69 F6 69 F6 20 EA 69 F6 69 F6 69 F6,,[],TRANSLATED,NO,positional item HELP trailer; affinity-star rule,
ITEM_0530_EFFECT_2,ITEM,mana_egg,GR3.MDZ,GR3.MDT,ITEM_RECORD_0530,,2,0x11BE4,,59 F0 5A F0 26 F3 C3 F2 2B DF BA C4 B1 EE DA ED 39,装備制限：マジックレベル9,장비제한：마법 레벨 9,86 98 AA 7A 2B 5C 78 F9 20 8E F8 7A F9 20 39,,[],TRANSLATED,NO,positional item HELP trailer; equipment-level rule,
ITEM_0531_EFFECT_1,ITEM,mana_egg,GR3.MDZ,GR3.MDT,ITEM_RECORD_0531,,1,0x11C0B,,47 F1 69 F6 69 F6 69 F6 20 D4 F0 69 F6 69 F6 69 F6,水☆☆☆　風☆☆☆,물☆☆☆ 바람☆☆☆,EA 69 F6 69 F6 69 F6 20 9F BE 69 F6 69 F6 69 F6,,[],TRANSLATED,NO,positional item HELP trailer; affinity-star rule,
ITEM_0531_EFFECT_2,ITEM,mana_egg,GR3.MDZ,GR3.MDT,ITEM_RECORD_0531,,2,0x11C1D,,59 F0 5A F0 26 F3 C3 F2 2B DF BA C4 B1 EE DA ED 39,装備制限：マジックレベル9,장비제한：마법 레벨 9,86 98 AA 7A 2B 5C 78 F9 20 8E F8 7A F9 20 39,,[],TRANSLATED,NO,positional item HELP trailer; equipment-level rule,
ITEM_0532_EFFECT_1,ITEM,mana_egg,GR3.MDZ,GR3.MDT,ITEM_RECORD_0532,,1,0x11C44,,C6 F0 69 F6 69 F6 69 F6 20 D4 F0 69 F6 69 F6 69 F6,火☆☆☆　風☆☆☆,불☆☆☆ 바람☆☆☆,95 F2 69 F6 69 F6 69 F6 20 9F BE 69 F6 69 F6 69 F6,,[],TRANSLATED,NO,positional item HELP trailer; affinity-star rule,
ITEM_0532_EFFECT_2,ITEM,mana_egg,GR3.MDZ,GR3.MDT,ITEM_RECORD_0532,,2,0x11C56,,59 F0 5A F0 26 F3 C3 F2 2B DF BA C4 B1 EE DA ED 39,装備制限：マジックレベル9,장비제한：마법 레벨 9,86 98 AA 7A 2B 5C 78 F9 20 8E F8 7A F9 20 39,,[],TRANSLATED,NO,positional item HELP trailer; equipment-level rule,
ITEM_0533_EFFECT_1,ITEM,mana_egg,GR3.MDZ,GR3.MDT,ITEM_RECORD_0533,,1,0x11C80,,C6 F0 69 F6 69 F6 69 F6 20 51 F5 69 F6 69 F6 69 F6 20 47 F1 69 F6 69 F6 69 F6 20 D4 F0 69 F6 69 F6 69 F6,火☆☆☆　土☆☆☆　水☆☆☆　風☆☆☆,불☆☆☆ 땅☆☆☆ 물☆☆☆ 바람☆☆☆,95 F2 69 F6 69 F6 69 F6 20 56 F8 69 F6 69 F6 69 F6 20 EA 69 F6 69 F6 69 F6 20 9F BE 69 F6 69 F6 69 F6,,[],TRANSLATED,NO,positional item HELP trailer; affinity-star rule,
ITEM_0533_EFFECT_2,ITEM,mana_egg,GR3.MDZ,GR3.MDT,ITEM_RECORD_0533,,2,0x11CA4,,59 F0 5A F0 26 F3 C3 F2 2B DF BA C4 B1 EE DA ED 31 30,装備制限：マジックレベル10,장비제한：마법 레벨 10,86 98 AA 7A 2B 5C 78 F9 20 8E F8 7A F9 20 31 30,,[],TRANSLATED,NO,positional item HELP trailer; equipment-level rule,
ITEM_0534_EFFECT_1,ITEM,mana_egg,GR3.MDZ,GR3.MDT,ITEM_RECORD_0534,,1,0x11CC8,,59 F0 5A F0 26 F3 C3 F2 2B DF BA C4 B1 EE DA ED 31,装備制限：マジックレベル1,장비제한：마법 레벨 1,86 98 AA 7A 2B 5C 78 F9 20 8E F8 7A F9 20 31,,[],TRANSLATED,NO,positional item HELP trailer; equipment-level rule,
ITEM_0551_EFFECT_1,ITEM,skill_book,GR3.MDZ,GR3.MDT,ITEM_RECORD_0551,,1,0x11CEA,,84 F1 69 F6,心☆,마음☆,5C B1 69 F6,,[],TRANSLATED,NO,positional item HELP trailer; affinity-star rule,
ITEM_0551_EFFECT_2,ITEM,skill_book,GR3.MDZ,GR3.MDT,ITEM_RECORD_0551,,2,0x11CEF,,59 F0 5A F0 26 F3 C3 F2 2B BB AF ED EE DA ED 31,装備制限：スキルレベル1,장비제한：스킬 레벨 1,86 98 AA 7A 2B BC D2 F7 20 8E F8 7A F9 20 31,,[],TRANSLATED,NO,positional item HELP trailer; equipment-level rule,
ITEM_0552_EFFECT_1,ITEM,skill_book,GR3.MDZ,GR3.MDT,ITEM_RECORD_0552,,1,0x11D0F,,4E F0 69 F6,技☆,기술☆,6D 9A F7 69 F6,,[],TRANSLATED,NO,positional item HELP trailer; affinity-star rule,
ITEM_0552_EFFECT_2,ITEM,skill_book,GR3.MDZ,GR3.MDT,ITEM_RECORD_0552,,2,0x11D14,,59 F0 5A F0 26 F3 C3 F2 2B BB AF ED EE DA ED 31,装備制限：スキルレベル1,장비제한：스킬 레벨 1,86 98 AA 7A 2B BC D2 F7 20 8E F8 7A F9 20 31,,[],TRANSLATED,NO,positional item HELP trailer; equipment-level rule,
ITEM_0553_EFFECT_1,ITEM,skill_book,GR3.MDZ,GR3.MDT,ITEM_RECORD_0553,,1,0x11D34,,7E F0 69 F6,体☆,신체☆,B0 53 F0 69 F6,,[],TRANSLATED,NO,positional item HELP trailer; affinity-star rule,
ITEM_0553_EFFECT_2,ITEM,skill_book,GR3.MDZ,GR3.MDT,ITEM_RECORD_0553,,2,0x11D39,,59 F0 5A F0 26 F3 C3 F2 2B BB AF ED EE DA ED 31,装備制限：スキルレベル1,장비제한：스킬 레벨 1,86 98 AA 7A 2B BC D2 F7 20 8E F8 7A F9 20 31,,[],TRANSLATED,NO,positional item HELP trailer; equipment-level rule,
ITEM_0554_EFFECT_1,ITEM,skill_book,GR3.MDZ,GR3.MDT,ITEM_RECORD_0554,,1,0x11D5C,,84 F1 69 F6 69 F6 20 4E F0 69 F6,心☆☆　技☆,마음☆☆ 기술☆,5C B1 69 F6 69 F6 20 6D 9A F7 69 F6,,[],TRANSLATED,NO,positional item HELP trailer; affinity-star rule,
ITEM_0554_EFFECT_2,ITEM,skill_book,GR3.MDZ,GR3.MDT,ITEM_RECORD_0554,,2,0x11D68,,59 F0 5A F0 26 F3 C3 F2 2B BB AF ED EE DA ED 32,装備制限：スキルレベル2,장비제한：스킬 레벨 2,86 98 AA 7A 2B BC D2 F7 20 8E F8 7A F9 20 32,,[],TRANSLATED,NO,positional item HELP trailer; equipment-level rule,
ITEM_0555_EFFECT_1,ITEM,skill_book,GR3.MDZ,GR3.MDT,ITEM_RECORD_0555,,1,0x11D8B,,4E F0 69 F6 69 F6 20 7E F0 69 F6,技☆☆　体☆,기술☆☆ 신체☆,6D 9A F7 69 F6 69 F6 20 B0 53 F0 69 F6,,[],TRANSLATED,NO,positional item HELP trailer; affinity-star rule,
ITEM_0555_EFFECT_2,ITEM,skill_book,GR3.MDZ,GR3.MDT,ITEM_RECORD_0555,,2,0x11D97,,59 F0 5A F0 26 F3 C3 F2 2B BB AF ED EE DA ED 32,装備制限：スキルレベル2,장비제한：스킬 레벨 2,86 98 AA 7A 2B BC D2 F7 20 8E F8 7A F9 20 32,,[],TRANSLATED,NO,positional item HELP trailer; equipment-level rule,
ITEM_0556_EFFECT_1,ITEM,skill_book,GR3.MDZ,GR3.MDT,ITEM_RECORD_0556,,1,0x11DBA,,84 F1 69 F6 20 7E F0 69 F6 69 F6,心☆　体☆☆,마음☆ 신체☆☆,5C B1 69 F6 20 B0 53 F0 69 F6 69 F6,,[],TRANSLATED,NO,positional item HELP trailer; affinity-star rule,
ITEM_0556_EFFECT_2,ITEM,skill_book,GR3.MDZ,GR3.MDT,ITEM_RECORD_0556,,2,0x11DC6,,59 F0 5A F0 26 F3 C3 F2 2B BB AF ED EE DA ED 32,装備制限：スキルレベル2,장비제한：스킬 레벨 2,86 98 AA 7A 2B BC D2 F7 20 8E F8 7A F9 20 32,,[],TRANSLATED,NO,positional item HELP trailer; equipment-level rule,
ITEM_0557_EFFECT_1,ITEM,skill_book,GR3.MDZ,GR3.MDT,ITEM_RECORD_0557,,1,0x11DE7,,84 F1 69 F6 69 F6 69 F6,心☆☆☆,마음☆☆☆,5C B1 69 F6 69 F6 69 F6,,[],TRANSLATED,NO,positional item HELP trailer; affinity-star rule,
ITEM_0557_EFFECT_2,ITEM,skill_book,GR3.MDZ,GR3.MDT,ITEM_RECORD_0557,,2,0x11DF0,,59 F0 5A F0 26 F3 C3 F2 2B BB AF ED EE DA ED 34,装備制限：スキルレベル4,장비제한：스킬 레벨 4,86 98 AA 7A 2B BC D2 F7 20 8E F8 7A F9 20 34,,[],TRANSLATED,NO,positional item HELP trailer; equipment-level rule,
ITEM_0558_EFFECT_1,ITEM,skill_book,GR3.MDZ,GR3.MDT,ITEM_RECORD_0558,,1,0x11E11,,4E F0 69 F6 69 F6 69 F6,技☆☆☆,기술☆☆☆,6D 9A F7 69 F6 69 F6 69 F6,,[],TRANSLATED,NO,positional item HELP trailer; affinity-star rule,
ITEM_0558_EFFECT_2,ITEM,skill_book,GR3.MDZ,GR3.MDT,ITEM_RECORD_0558,,2,0x11E1A,,59 F0 5A F0 26 F3 C3 F2 2B BB AF ED EE DA ED 34,装備制限：スキルレベル4,장비제한：스킬 레벨 4,86 98 AA 7A 2B BC D2 F7 20 8E F8 7A F9 20 34,,[],TRANSLATED,NO,positional item HELP trailer; equipment-level rule,
ITEM_0559_EFFECT_1,ITEM,skill_book,GR3.MDZ,GR3.MDT,ITEM_RECORD_0559,,1,0x11E3B,,7E F0 69 F6 69 F6 69 F6,体☆☆☆,신체☆☆☆,B0 53 F0 69 F6 69 F6 69 F6,,[],TRANSLATED,NO,positional item HELP trailer; affinity-star rule,
ITEM_0559_EFFECT_2,ITEM,skill_book,GR3.MDZ,GR3.MDT,ITEM_RECORD_0559,,2,0x11E44,,59 F0 5A F0 26 F3 C3 F2 2B BB AF ED EE DA ED 34,装備制限：スキルレベル4,장비제한：스킬 레벨 4,86 98 AA 7A 2B BC D2 F7 20 8E F8 7A F9 20 34,,[],TRANSLATED,NO,positional item HELP trailer; equipment-level rule,
ITEM_0560_EFFECT_1,ITEM,skill_book,GR3.MDZ,GR3.MDT,ITEM_RECORD_0560,,1,0x11E6D,,7B F1 69 F6 69 F6,全☆☆,전체☆☆,BB 53 F0 69 F6 69 F6,,[],TRANSLATED,NO,positional item HELP trailer; affinity-star rule,
ITEM_0560_EFFECT_2,ITEM,skill_book,GR3.MDZ,GR3.MDT,ITEM_RECORD_0560,,2,0x11E74,,59 F0 5A F0 26 F3 C3 F2 2B BB AF ED EE DA ED 35,装備制限：スキルレベル5,장비제한：스킬 레벨 5,86 98 AA 7A 2B BC D2 F7 20 8E F8 7A F9 20 35,,[],TRANSLATED,NO,positional item HELP trailer; equipment-level rule,
ITEM_0561_EFFECT_1,ITEM,skill_book,GR3.MDZ,GR3.MDT,ITEM_RECORD_0561,,1,0x11E98,,84 F1 69 F6 69 F6 69 F6 20 4E F0 69 F6 69 F6,心☆☆☆　技☆☆,마음☆☆☆ 기술☆☆,5C B1 69 F6 69 F6 69 F6 20 6D 9A F7 69 F6 69 F6,,[],TRANSLATED,NO,positional item HELP trailer; affinity-star rule,
ITEM_0561_EFFECT_2,ITEM,skill_book,GR3.MDZ,GR3.MDT,ITEM_RECORD_0561,,2,0x11EA8,,59 F0 5A F0 26 F3 C3 F2 2B BB AF ED EE DA ED 36,装備制限：スキルレベル6,장비제한：스킬 레벨 6,86 98 AA 7A 2B BC D2 F7 20 8E F8 7A F9 20 36,,[],TRANSLATED,NO,positional item HELP trailer; equipment-level rule,
ITEM_0562_EFFECT_1,ITEM,skill_book,GR3.MDZ,GR3.MDT,ITEM_RECORD_0562,,1,0x11ECC,,4E F0 69 F6 69 F6 69 F6 20 7E F0 69 F6 69 F6,技☆☆☆　体☆☆,기술☆☆☆ 신체☆☆,6D 9A F7 69 F6 69 F6 69 F6 20 B0 53 F0 69 F6 69 F6,,[],TRANSLATED,NO,positional item HELP trailer; affinity-star rule,
ITEM_0562_EFFECT_2,ITEM,skill_book,GR3.MDZ,GR3.MDT,ITEM_RECORD_0562,,2,0x11EDC,,59 F0 5A F0 26 F3 C3 F2 2B BB AF ED EE DA ED 36,装備制限：スキルレベル6,장비제한：스킬 레벨 6,86 98 AA 7A 2B BC D2 F7 20 8E F8 7A F9 20 36,,[],TRANSLATED,NO,positional item HELP trailer; equipment-level rule,
ITEM_0563_EFFECT_1,ITEM,skill_book,GR3.MDZ,GR3.MDT,ITEM_RECORD_0563,,1,0x11F00,,84 F1 69 F6 69 F6 20 7E F0 69 F6 69 F6 69 F6,心☆☆　体☆☆☆,마음☆☆ 신체☆☆☆,5C B1 69 F6 69 F6 20 B0 53 F0 69 F6 69 F6 69 F6,,[],TRANSLATED,NO,positional item HELP trailer; affinity-star rule,
ITEM_0563_EFFECT_2,ITEM,skill_book,GR3.MDZ,GR3.MDT,ITEM_RECORD_0563,,2,0x11F10,,59 F0 5A F0 26 F3 C3 F2 2B BB AF ED EE DA ED 36,装備制限：スキルレベル6,장비제한：스킬 레벨 6,86 98 AA 7A 2B BC D2 F7 20 8E F8 7A F9 20 36,,[],TRANSLATED,NO,positional item HELP trailer; equipment-level rule,
ITEM_0564_EFFECT_1,ITEM,skill_book,GR3.MDZ,GR3.MDT,ITEM_RECORD_0564,,1,0x11F33,,84 F1 69 F6 69 F6 69 F6 20 4E F0 69 F6 20 7E F0 69 F6 69 F6,心☆☆☆　技☆　体☆☆,마음☆☆☆ 기술☆ 신체☆☆,5C B1 69 F6 69 F6 69 F6 20 6D 9A F7 69 F6 20 B0 53 F0 69 F6 69 F6,,[],TRANSLATED,NO,positional item HELP trailer; affinity-star rule,
ITEM_0564_EFFECT_2,ITEM,skill_book,GR3.MDZ,GR3.MDT,ITEM_RECORD_0564,,2,0x11F48,,59 F0 5A F0 26 F3 C3 F2 2B BB AF ED EE DA ED 37,装備制限：スキルレベル7,장비제한：스킬 레벨 7,86 98 AA 7A 2B BC D2 F7 20 8E F8 7A F9 20 37,,[],TRANSLATED,NO,positional item HELP trailer; equipment-level rule,
ITEM_0565_EFFECT_1,ITEM,skill_book,GR3.MDZ,GR3.MDT,ITEM_RECORD_0565,,1,0x11F6B,,84 F1 69 F6 69 F6 20 4E F0 69 F6 69 F6 69 F6 20 7E F0 69 F6,心☆☆　技☆☆☆　体☆,마음☆☆ 기술☆☆☆ 신체☆,5C B1 69 F6 69 F6 20 6D 9A F7 69 F6 69 F6 69 F6 20 B0 53 F0 69 F6,,[],TRANSLATED,NO,positional item HELP trailer; affinity-star rule,
ITEM_0565_EFFECT_2,ITEM,skill_book,GR3.MDZ,GR3.MDT,ITEM_RECORD_0565,,2,0x11F80,,59 F0 5A F0 26 F3 C3 F2 2B BB AF ED EE DA ED 37,装備制限：スキルレベル7,장비제한：스킬 레벨 7,86 98 AA 7A 2B BC D2 F7 20 8E F8 7A F9 20 37,,[],TRANSLATED,NO,positional item HELP trailer; equipment-level rule,
ITEM_0566_EFFECT_1,ITEM,skill_book,GR3.MDZ,GR3.MDT,ITEM_RECORD_0566,,1,0x11FA3,,84 F1 69 F6 20 4E F0 69 F6 69 F6 20 7E F0 69 F6 69 F6 69 F6,心☆　技☆☆　体☆☆☆,마음☆ 기술☆☆ 신체☆☆☆,5C B1 69 F6 20 6D 9A F7 69 F6 69 F6 20 B0 53 F0 69 F6 69 F6 69 F6,,[],TRANSLATED,NO,positional item HELP trailer; affinity-star rule,
ITEM_0566_EFFECT_2,ITEM,skill_book,GR3.MDZ,GR3.MDT,ITEM_RECORD_0566,,2,0x11FB8,,59 F0 5A F0 26 F3 C3 F2 2B BB AF ED EE DA ED 37,装備制限：スキルレベル7,장비제한：스킬 레벨 7,86 98 AA 7A 2B BC D2 F7 20 8E F8 7A F9 20 37,,[],TRANSLATED,NO,positional item HELP trailer; equipment-level rule,
ITEM_0567_EFFECT_1,ITEM,skill_book,GR3.MDZ,GR3.MDT,ITEM_RECORD_0567,,1,0x11FE4,,84 F1 69 F6 69 F6 69 F6 20 4E F0 69 F6 69 F6 69 F6,心☆☆☆　技☆☆☆,마음☆☆☆ 기술☆☆☆,5C B1 69 F6 69 F6 69 F6 20 6D 9A F7 69 F6 69 F6 69 F6,,[],TRANSLATED,NO,positional item HELP trailer; affinity-star rule,
ITEM_0567_EFFECT_2,ITEM,skill_book,GR3.MDZ,GR3.MDT,ITEM_RECORD_0567,,2,0x11FF6,,59 F0 5A F0 26 F3 C3 F2 2B BB AF ED EE DA ED 38,装備制限：スキルレベル8,장비제한：스킬 레벨 8,86 98 AA 7A 2B BC D2 F7 20 8E F8 7A F9 20 38,,[],TRANSLATED,NO,positional item HELP trailer; equipment-level rule,
ITEM_0568_EFFECT_1,ITEM,skill_book,GR3.MDZ,GR3.MDT,ITEM_RECORD_0568,,1,0x12022,,4E F0 69 F6 69 F6 69 F6 20 7E F0 69 F6 69 F6 69 F6,技☆☆☆　体☆☆☆,기술☆☆☆ 신체☆☆☆,6D 9A F7 69 F6 69 F6 69 F6 20 B0 53 F0 69 F6 69 F6 69 F6,,[],TRANSLATED,NO,positional item HELP trailer; affinity-star rule,
ITEM_0568_EFFECT_2,ITEM,skill_book,GR3.MDZ,GR3.MDT,ITEM_RECORD_0568,,2,0x12034,,59 F0 5A F0 26 F3 C3 F2 2B BB AF ED EE DA ED 38,装備制限：スキルレベル8,장비제한：스킬 레벨 8,86 98 AA 7A 2B BC D2 F7 20 8E F8 7A F9 20 38,,[],TRANSLATED,NO,positional item HELP trailer; equipment-level rule,
ITEM_0569_EFFECT_1,ITEM,skill_book,GR3.MDZ,GR3.MDT,ITEM_RECORD_0569,,1,0x12060,,84 F1 69 F6 69 F6 69 F6 20 7E F0 69 F6 69 F6 69 F6,心☆☆☆　体☆☆☆,마음☆☆☆ 신체☆☆☆,5C B1 69 F6 69 F6 69 F6 20 B0 53 F0 69 F6 69 F6 69 F6,,[],TRANSLATED,NO,positional item HELP trailer; affinity-star rule,
ITEM_0569_EFFECT_2,ITEM,skill_book,GR3.MDZ,GR3.MDT,ITEM_RECORD_0569,,2,0x12072,,59 F0 5A F0 26 F3 C3 F2 2B BB AF ED EE DA ED 38,装備制限：スキルレベル8,장비제한：스킬 레벨 8,86 98 AA 7A 2B BC D2 F7 20 8E F8 7A F9 20 38,,[],TRANSLATED,NO,positional item HELP trailer; equipment-level rule,
ITEM_0570_EFFECT_1,ITEM,skill_book,GR3.MDZ,GR3.MDT,ITEM_RECORD_0570,,1,0x1209C,,84 F1 69 F6 69 F6 69 F6 20 4E F0 69 F6 69 F6 69 F6 20 7E F0 69 F6 69 F6 69 F6,心☆☆☆　技☆☆☆　体☆☆☆,마음☆☆☆ 기술☆☆☆ 신체☆☆☆,5C B1 69 F6 69 F6 69 F6 20 6D 9A F7 69 F6 69 F6 69 F6 20 B0 53 F0 69 F6 69 F6 69 F6,,[],TRANSLATED,NO,positional item HELP trailer; affinity-star rule,
ITEM_0570_EFFECT_2,ITEM,skill_book,GR3.MDZ,GR3.MDT,ITEM_RECORD_0570,,2,0x120B7,,59 F0 5A F0 26 F3 C3 F2 2B BB AF ED EE DA ED 31 30,装備制限：スキルレベル10,장비제한：스킬 레벨 10,86 98 AA 7A 2B BC D2 F7 20 8E F8 7A F9 20 31 30,,[],TRANSLATED,NO,positional item HELP trailer; equipment-level rule,
ITEM_0571_EFFECT_1,ITEM,skill_book,GR3.MDZ,GR3.MDT,ITEM_RECORD_0571,,1,0x120E2,,84 F1 69 F6 69 F6 69 F6 20 4E F0 69 F6 69 F6 69 F6 20 7E F0 69 F6 69 F6 69 F6,心☆☆☆　技☆☆☆　体☆☆☆,마음☆☆☆ 기술☆☆☆ 신체☆☆☆,5C B1 69 F6 69 F6 69 F6 20 6D 9A F7 69 F6 69 F6 69 F6 20 B0 53 F0 69 F6 69 F6 69 F6,,[],TRANSLATED,NO,positional item HELP trailer; affinity-star rule,
ITEM_0571_EFFECT_2,ITEM,skill_book,GR3.MDZ,GR3.MDT,ITEM_RECORD_0571,,2,0x120FD,,59 F0 5A F0 26 F3 C3 F2 2B BB AF ED EE DA ED 31 30,装備制限：スキルレベル10,장비제한：스킬 레벨 10,86 98 AA 7A 2B BC D2 F7 20 8E F8 7A F9 20 31 30,,[],TRANSLATED,NO,positional item HELP trailer; equipment-level rule,
ITEM_0601_EFFECT_1,ITEM,magic,GR3.MDZ,GR3.MDT,ITEM_RECORD_0601,,1,0x1211C,,C6 F0 64 F0 65 F0 C2 E2 27 BA 20 84 F0 85 F0 69 F6 69 F6,火属性ダメージ　威力☆☆,불속성 피해 위력☆☆,95 F2 49 F7 D6 20 C9 74 20 3F F7 93 F8 69 F6 69 F6,,[],TRANSLATED,NO,positional item HELP trailer; elemental-damage rule,
ITEM_0602_EFFECT_1,ITEM,magic,GR3.MDZ,GR3.MDT,ITEM_RECORD_0602,,1,0x12143,,C6 F0 64 F0 65 F0 C2 E2 27 BA 20 84 F0 85 F0 69 F6 69 F6 69 F6,火属性ダメージ　威力☆☆☆,불속성 피해 위력☆☆☆,95 F2 49 F7 D6 20 C9 74 20 3F F7 93 F8 69 F6 69 F6 69 F6,,[],TRANSLATED,NO,positional item HELP trailer; elemental-damage rule,
ITEM_0603_EFFECT_1,ITEM,magic,GR3.MDZ,GR3.MDT,ITEM_RECORD_0603,,1,0x12173,,C6 F0 64 F0 65 F0 C2 E2 27 BA 20 84 F0 85 F0 69 F6 69 F6 69 F6 69 F6 69 F6,火属性ダメージ　威力☆☆☆☆☆,불속성 피해 위력☆☆☆☆☆,95 F2 49 F7 D6 20 C9 74 20 3F F7 93 F8 69 F6 69 F6 69 F6 69 F6 69 F6,,[],TRANSLATED,NO,positional item HELP trailer; elemental-damage rule,
ITEM_0604_EFFECT_1,ITEM,magic,GR3.MDZ,GR3.MDT,ITEM_RECORD_0604,,1,0x1219D,,C6 F0 64 F0 65 F0 C2 E2 27 BA 20 84 F0 85 F0 69 F6 69 F6 69 F6 69 F6 69 F6,火属性ダメージ　威力☆☆☆☆☆,불속성 피해 위력☆☆☆☆☆,95 F2 49 F7 D6 20 C9 74 20 3F F7 93 F8 69 F6 69 F6 69 F6 69 F6 69 F6,,[],TRANSLATED,NO,positional item HELP trailer; elemental-damage rule,
ITEM_0605_EFFECT_1,ITEM,magic,GR3.MDZ,GR3.MDT,ITEM_RECORD_0605,,1,0x121C9,,C6 F0 64 F0 65 F0 C2 E2 27 BA 20 84 F0 85 F0 69 F6 69 F6,火属性ダメージ　威力☆☆,불속성 피해 위력☆☆,95 F2 49 F7 D6 20 C9 74 20 3F F7 93 F8 69 F6 69 F6,,[],TRANSLATED,NO,positional item HELP trailer; elemental-damage rule,
ITEM_0606_EFFECT_1,ITEM,magic,GR3.MDZ,GR3.MDT,ITEM_RECORD_0606,,1,0x121EF,,C6 F0 64 F0 65 F0 C2 E2 27 BA 20 84 F0 85 F0 69 F6 69 F6 69 F6 69 F6,火属性ダメージ　威力☆☆☆☆,불속성 피해 위력☆☆☆☆,95 F2 49 F7 D6 20 C9 74 20 3F F7 93 F8 69 F6 69 F6 69 F6 69 F6,,[],TRANSLATED,NO,positional item HELP trailer; elemental-damage rule,
ITEM_0607_EFFECT_1,ITEM,magic,GR3.MDZ,GR3.MDT,ITEM_RECORD_0607,,1,0x12219,,C6 F0 64 F0 65 F0 C2 E2 27 BA 20 84 F0 85 F0 69 F6 69 F6 69 F6 69 F6 69 F6,火属性ダメージ　威力☆☆☆☆☆,불속성 피해 위력☆☆☆☆☆,95 F2 49 F7 D6 20 C9 74 20 3F F7 93 F8 69 F6 69 F6 69 F6 69 F6 69 F6,,[],TRANSLATED,NO,positional item HELP trailer; elemental-damage rule,
ITEM_0608_EFFECT_1,ITEM,magic,GR3.MDZ,GR3.MDT,ITEM_RECORD_0608,,1,0x12248,,C6 F0 64 F0 65 F0 C2 E2 27 BA 20 84 F0 85 F0 69 F6 69 F6 69 F6 69 F6 69 F6 69 F6 69 F6 69 F6 69 F6,火属性ダメージ　威力☆☆☆☆☆☆☆☆☆,불속성 피해 위력☆☆☆☆☆☆☆☆☆,95 F2 49 F7 D6 20 C9 74 20 3F F7 93 F8 69 F6 69 F6 69 F6 69 F6 69 F6 69 F6 69 F6 69 F6 69 F6,,[],TRANSLATED,NO,positional item HELP trailer; elemental-damage rule,
ITEM_0609_EFFECT_1,ITEM,magic,GR3.MDZ,GR3.MDT,ITEM_RECORD_0609,,1,0x12285,,C6 F0 64 F0 65 F0 C2 E2 27 BA 20 84 F0 85 F0 69 F6 69 F6 69 F6 69 F6 69 F6 69 F6 69 F6 69 F6,火属性ダメージ　威力☆☆☆☆☆☆☆☆,불속성 피해 위력☆☆☆☆☆☆☆☆,95 F2 49 F7 D6 20 C9 74 20 3F F7 93 F8 69 F6 69 F6 69 F6 69 F6 69 F6 69 F6 69 F6 69 F6,,[],TRANSLATED,NO,positional item HELP trailer; elemental-damage rule,
ITEM_0610_EFFECT_1,ITEM,magic,GR3.MDZ,GR3.MDT,ITEM_RECORD_0610,,1,0x122BB,,2D F0 B2 F1 47 F0 AA F2 20 36 F0 37 F0 A1 A4 C4 D8 6C 9D,一定時間　攻撃をアップする,일정 시간 공격력 상승,92 93 20 88 A9 F0 20 D8 F5 B3 F4 93 F8 20 BD 2E F8,,[],TRANSLATED,NO,positional item HELP trailer; exact reviewed effect rule,
ITEM_0611_EFFECT_1,ITEM,magic,GR3.MDZ,GR3.MDT,ITEM_RECORD_0611,,1,0x122E4,,51 F5 64 F0 65 F0 C2 E2 27 BA 20 84 F0 85 F0 69 F6 69 F6,土属性ダメージ　威力☆☆,땅속성 피해 위력☆☆,56 F8 49 F7 D6 20 C9 74 20 3F F7 93 F8 69 F6 69 F6,,[],TRANSLATED,NO,positional item HELP trailer; elemental-damage rule,
ITEM_0612_EFFECT_1,ITEM,magic,GR3.MDZ,GR3.MDT,ITEM_RECORD_0612,,1,0x1230E,,51 F5 64 F0 65 F0 C2 E2 27 BA 20 84 F0 85 F0 69 F6 69 F6 69 F6 69 F6,土属性ダメージ　威力☆☆☆☆,땅속성 피해 위력☆☆☆☆,56 F8 49 F7 D6 20 C9 74 20 3F F7 93 F8 69 F6 69 F6 69 F6 69 F6,,[],TRANSLATED,NO,positional item HELP trailer; elemental-damage rule,
ITEM_0613_EFFECT_1,ITEM,magic,GR3.MDZ,GR3.MDT,ITEM_RECORD_0613,,1,0x12340,,51 F5 64 F0 65 F0 C2 E2 27 BA 20 84 F0 85 F0 69 F6 69 F6 69 F6 69 F6 69 F6,土属性ダメージ　威力☆☆☆☆☆,땅속성 피해 위력☆☆☆☆☆,56 F8 49 F7 D6 20 C9 74 20 3F F7 93 F8 69 F6 69 F6 69 F6 69 F6 69 F6,,[],TRANSLATED,NO,positional item HELP trailer; elemental-damage rule,
ITEM_0614_EFFECT_1,ITEM,magic,GR3.MDZ,GR3.MDT,ITEM_RECORD_0614,,1,0x1236B,,51 F5 64 F0 65 F0 C2 E2 27 BA 20 84 F0 85 F0 69 F6,土属性ダメージ　威力☆,땅속성 피해 위력☆,56 F8 49 F7 D6 20 C9 74 20 3F F7 93 F8 69 F6,,[],TRANSLATED,NO,positional item HELP trailer; elemental-damage rule,
ITEM_0614_EFFECT_2,ITEM,magic,GR3.MDZ,GR3.MDT,ITEM_RECORD_0614,,2,0x1237D,,9B F2 AE F1 BC F0 C2 F0 2B CB F0,追加効果：毒,추가효과：독,63 F2 4A CA F4 EC F5 2B E0 F7,,[],TRANSLATED,NO,positional item HELP trailer; exact reviewed effect rule,
ITEM_0615_EFFECT_1,ITEM,magic,GR3.MDZ,GR3.MDT,ITEM_RECORD_0615,,1,0x1239F,,51 F5 64 F0 65 F0 C2 E2 27 BA 20 84 F0 85 F0 69 F6 69 F6 69 F6,土属性ダメージ　威力☆☆☆,땅속성 피해 위력☆☆☆,56 F8 49 F7 D6 20 C9 74 20 3F F7 93 F8 69 F6 69 F6 69 F6,,[],TRANSLATED,NO,positional item HELP trailer; elemental-damage rule,
ITEM_0615_EFFECT_2,ITEM,magic,GR3.MDZ,GR3.MDT,ITEM_RECORD_0615,,2,0x123B5,,41 49 82 F2 73 F4 20 C8 27 E3 EA EF F0 81 9D F3 7D 82 F2 73 F4 68 9E 9D,HP<82F2><73F4>　デーモン<EFF0>は<9DF3>に<82F2><73F4>される,HP 흡수·악마계는 역흡수,41 49 20 AD F7 8B 28 CE F8 5C B9 73 20 71 F3 AD F7 8B,,"[""<82F2>"", ""<73F4>"", ""<EFF0>"", ""<9DF3>"", ""<82F2>"", ""<73F4>""]",TRANSLATED,NO,positional item HELP trailer; exact reviewed effect rule,
ITEM_0616_EFFECT_1,ITEM,magic,GR3.MDZ,GR3.MDT,ITEM_RECORD_0616,,1,0x123E0,,CB F0 28 95 F1 96 F1 A1 9C F0 6C,毒・麻痺を治す,독·마비 치료,E0 F7 28 5C 98 20 3F F3 A4 F8,,[],TRANSLATED,NO,positional item HELP trailer; exact reviewed effect rule,
ITEM_0617_EFFECT_1,ITEM,magic,GR3.MDZ,GR3.MDT,ITEM_RECORD_0617,,1,0x12405,,CB F0 28 27 F1 9C 28 95 F1 96 F1 28 D5 F0 D6 F0 28 DF F0 45 F3 28 9A F0 9B F0 A1 9C F0 6C,毒・眠り・麻痺・混乱・封印・病気を治す,모든 상태이상 치료,B2 CD 20 BD D3 F8 6B BD 20 3F F3 A4 F8,,[],TRANSLATED,NO,positional item HELP trailer; exact reviewed effect rule,
ITEM_0618_EFFECT_1,ITEM,magic,GR3.MDZ,GR3.MDT,ITEM_RECORD_0618,,1,0x1243D,,EB F0 EC F0 80 F1 9A F1 5E 9B B6 F0 9B F1 6C 9D,戦闘不能から復活する,전투불능에서 부활,BB 64 F2 95 F2 A3 F7 7D 6C 20 A4 AF F4,,[],TRANSLATED,NO,positional item HELP trailer; exact reviewed effect rule,
ITEM_0619_EFFECT_1,ITEM,magic,GR3.MDZ,GR3.MDT,ITEM_RECORD_0619,,1,0x12464,,2D F0 B2 F1 47 F0 AA F2 20 38 F0 39 F0 28 2D F8 21 F4 A1 A4 C4 D8 6C 9D,一定時間　防御・抵抗をアップする,일정 시간 방어·저항 상승,92 93 20 88 A9 F0 20 71 F9 69 28 7B 2A F9 20 BD 2E F8,,[],TRANSLATED,NO,positional item HELP trailer; exact reviewed effect rule,
ITEM_0620_EFFECT_1,ITEM,magic,GR3.MDZ,GR3.MDT,ITEM_RECORD_0620,,1,0x12496,,2D F0 B2 F1 C2 E2 27 BA A1 30 7D 6C 9D,一定ダメージを0にする,일정 피해를 0으로 무효화,92 93 20 C9 74 87 20 30 82 79 20 97 CA F4 79 F4,,[],TRANSLATED,NO,positional item HELP trailer; exact reviewed effect rule,
ITEM_0621_EFFECT_1,ITEM,magic,GR3.MDZ,GR3.MDT,ITEM_RECORD_0621,,1,0x124B7,,3A F0 A1 EB F0 EC F0 AA EC A4 BC F2 8E F6 7D D7 F2 93 9D,敵を戦闘エリア中<8EF6>に集める,적을 전투 구역 중앙에 모음,41 F0 A1 20 BB 64 F2 20 9D 71 F3 20 E5 F4 4C F9 7D 20 B2 B1,,"[""<8EF6>""]",TRANSLATED,NO,positional item HELP trailer; exact reviewed effect rule,
ITEM_0622_EFFECT_1,ITEM,magic,GR3.MDZ,GR3.MDT,ITEM_RECORD_0622,,1,0x124D9,,47 F1 64 F0 65 F0 C2 E2 27 BA 20 84 F0 85 F0 69 F6 69 F6 69 F6,水属性ダメージ　威力☆☆☆,물속성 피해 위력☆☆☆,EA 49 F7 D6 20 C9 74 20 3F F7 93 F8 69 F6 69 F6 69 F6,,[],TRANSLATED,NO,positional item HELP trailer; elemental-damage rule,
ITEM_0623_EFFECT_1,ITEM,magic,GR3.MDZ,GR3.MDT,ITEM_RECORD_0623,,1,0x12503,,47 F1 64 F0 65 F0 C2 E2 27 BA 20 84 F0 85 F0 69 F6 69 F6 69 F6 69 F6,水属性ダメージ　威力☆☆☆☆,물속성 피해 위력☆☆☆☆,EA 49 F7 D6 20 C9 74 20 3F F7 93 F8 69 F6 69 F6 69 F6 69 F6,,[],TRANSLATED,NO,positional item HELP trailer; elemental-damage rule,
ITEM_0624_EFFECT_1,ITEM,magic,GR3.MDZ,GR3.MDT,ITEM_RECORD_0624,,1,0x12535,,47 F1 64 F0 65 F0 C2 E2 27 BA 20 84 F0 85 F0 69 F6 69 F6 69 F6 69 F6 69 F6,水属性ダメージ　威力☆☆☆☆☆,물속성 피해 위력☆☆☆☆☆,EA 49 F7 D6 20 C9 74 20 3F F7 93 F8 69 F6 69 F6 69 F6 69 F6 69 F6,,[],TRANSLATED,NO,positional item HELP trailer; elemental-damage rule,
ITEM_0625_EFFECT_1,ITEM,magic,GR3.MDZ,GR3.MDT,ITEM_RECORD_0625,,1,0x12565,,47 F1 64 F0 65 F0 C2 E2 27 BA 20 84 F0 85 F0 69 F6 69 F6 69 F6 69 F6 69 F6 69 F6 69 F6,水属性ダメージ　威力☆☆☆☆☆☆☆,물속성 피해 위력☆☆☆☆☆☆☆,EA 49 F7 D6 20 C9 74 20 3F F7 93 F8 69 F6 69 F6 69 F6 69 F6 69 F6 69 F6 69 F6,,[],TRANSLATED,NO,positional item HELP trailer; elemental-damage rule,
ITEM_0626_EFFECT_1,ITEM,magic,GR3.MDZ,GR3.MDT,ITEM_RECORD_0626,,1,0x1259B,,41 49 3F F0 B6 F0 20 3F F0 B6 F0 85 F0 69 F6,HP回復　回復力☆,HP 회복력 ☆,41 49 20 CC D0 93 F8 20 69 F6,,[],TRANSLATED,NO,positional item HELP trailer; healing-power rule,
ITEM_0627_EFFECT_1,ITEM,magic,GR3.MDZ,GR3.MDT,ITEM_RECORD_0627,,1,0x125C3,,41 49 3F F0 B6 F0 20 3F F0 B6 F0 85 F0 69 F6 69 F6 69 F6,HP回復　回復力☆☆☆,HP 회복력 ☆☆☆,41 49 20 CC D0 93 F8 20 69 F6 69 F6 69 F6,,[],TRANSLATED,NO,positional item HELP trailer; healing-power rule,
ITEM_0628_EFFECT_1,ITEM,magic,GR3.MDZ,GR3.MDT,ITEM_RECORD_0628,,1,0x125F1,,41 49 3F F0 B6 F0 20 3F F0 B6 F0 85 F0 69 F6 69 F6 69 F6 69 F6 69 F6,HP回復　回復力☆☆☆☆☆,HP 회복력 ☆☆☆☆☆,41 49 20 CC D0 93 F8 20 69 F6 69 F6 69 F6 69 F6 69 F6,,[],TRANSLATED,NO,positional item HELP trailer; healing-power rule,
ITEM_0629_EFFECT_1,ITEM,magic,GR3.MDZ,GR3.MDT,ITEM_RECORD_0629,,1,0x12621,,41 49 3F F0 B6 F0 20 3F F0 B6 F0 85 F0 69 F6,HP回復　回復力☆,HP 회복력 ☆,41 49 20 CC D0 93 F8 20 69 F6,,[],TRANSLATED,NO,positional item HELP trailer; healing-power rule,
ITEM_0630_EFFECT_1,ITEM,magic,GR3.MDZ,GR3.MDT,ITEM_RECORD_0630,,1,0x12649,,41 49 3F F0 B6 F0 20 3F F0 B6 F0 85 F0 69 F6 69 F6 69 F6,HP回復　回復力☆☆☆,HP 회복력 ☆☆☆,41 49 20 CC D0 93 F8 20 69 F6 69 F6 69 F6,,[],TRANSLATED,NO,positional item HELP trailer; healing-power rule,
ITEM_0631_EFFECT_1,ITEM,magic,GR3.MDZ,GR3.MDT,ITEM_RECORD_0631,,1,0x12675,,27 F1 9C 7D B5 F2 59,眠りに誘う,수면 부여,8B 80 20 A4 95,,[],TRANSLATED,NO,positional item HELP trailer; exact reviewed effect rule,
ITEM_0632_EFFECT_1,ITEM,magic,GR3.MDZ,GR3.MDT,ITEM_RECORD_0632,,1,0x1268D,,D4 F0 64 F0 65 F0 C2 E2 27 BA 20 84 F0 85 F0 69 F6,風属性ダメージ　威力☆,바람속성 피해 위력☆,9F BE 49 F7 D6 20 C9 74 20 3F F7 93 F8 69 F6,,[],TRANSLATED,NO,positional item HELP trailer; elemental-damage rule,
ITEM_0633_EFFECT_1,ITEM,magic,GR3.MDZ,GR3.MDT,ITEM_RECORD_0633,,1,0x126B0,,D4 F0 64 F0 65 F0 C2 E2 27 BA 20 84 F0 85 F0 69 F6 69 F6,風属性ダメージ　威力☆☆,바람속성 피해 위력☆☆,9F BE 49 F7 D6 20 C9 74 20 3F F7 93 F8 69 F6 69 F6,,[],TRANSLATED,NO,positional item HELP trailer; elemental-damage rule,
ITEM_0634_EFFECT_1,ITEM,magic,GR3.MDZ,GR3.MDT,ITEM_RECORD_0634,,1,0x126DF,,D4 F0 64 F0 65 F0 C2 E2 27 BA 20 84 F0 85 F0 69 F6 69 F6 69 F6 69 F6,風属性ダメージ　威力☆☆☆☆,바람속성 피해 위력☆☆☆☆,9F BE 49 F7 D6 20 C9 74 20 3F F7 93 F8 69 F6 69 F6 69 F6 69 F6,,[],TRANSLATED,NO,positional item HELP trailer; elemental-damage rule,
ITEM_0634_EFFECT_2,ITEM,magic,GR3.MDZ,GR3.MDT,ITEM_RECORD_0634,,2,0x126F7,,9B F2 AE F1 BC F0 C2 F0 2B D5 F0 D6 F0,追加効果：混乱,추가효과：혼란,63 F2 4A CA F4 EC F5 2B C4 F3 7B F8,,[],TRANSLATED,NO,positional item HELP trailer; exact reviewed effect rule,
ITEM_0635_EFFECT_1,ITEM,magic,GR3.MDZ,GR3.MDT,ITEM_RECORD_0635,,1,0x12717,,D4 F0 64 F0 65 F0 C2 E2 27 BA 20 84 F0 85 F0 69 F6 69 F6,風属性ダメージ　威力☆☆,바람속성 피해 위력☆☆,9F BE 49 F7 D6 20 C9 74 20 3F F7 93 F8 69 F6 69 F6,,[],TRANSLATED,NO,positional item HELP trailer; elemental-damage rule,
ITEM_0635_EFFECT_2,ITEM,magic,GR3.MDZ,GR3.MDT,ITEM_RECORD_0635,,2,0x1272B,,9B F2 AE F1 BC F0 C2 F0 2B 95 F1 96 F1,追加効果：麻痺,추가효과：마비,63 F2 4A CA F4 EC F5 2B 5C 98,,[],TRANSLATED,NO,positional item HELP trailer; exact reviewed effect rule,
ITEM_0636_EFFECT_1,ITEM,magic,GR3.MDZ,GR3.MDT,ITEM_RECORD_0636,,1,0x1274F,,D4 F0 64 F0 65 F0 C2 E2 27 BA 20 84 F0 85 F0 69 F6 69 F6 69 F6 69 F6,風属性ダメージ　威力☆☆☆☆,바람속성 피해 위력☆☆☆☆,9F BE 49 F7 D6 20 C9 74 20 3F F7 93 F8 69 F6 69 F6 69 F6 69 F6,,[],TRANSLATED,NO,positional item HELP trailer; elemental-damage rule,
ITEM_0636_EFFECT_2,ITEM,magic,GR3.MDZ,GR3.MDT,ITEM_RECORD_0636,,2,0x12767,,9B F2 AE F1 BC F0 C2 F0 2B 95 F1 96 F1,追加効果：麻痺,추가효과：마비,63 F2 4A CA F4 EC F5 2B 5C 98,,[],TRANSLATED,NO,positional item HELP trailer; exact reviewed effect rule,
ITEM_0637_EFFECT_1,ITEM,magic,GR3.MDZ,GR3.MDT,ITEM_RECORD_0637,,1,0x1278D,,D4 F0 64 F0 65 F0 C2 E2 27 BA 20 84 F0 85 F0 69 F6 69 F6 69 F6 69 F6 69 F6,風属性ダメージ　威力☆☆☆☆☆,바람속성 피해 위력☆☆☆☆☆,9F BE 49 F7 D6 20 C9 74 20 3F F7 93 F8 69 F6 69 F6 69 F6 69 F6 69 F6,,[],TRANSLATED,NO,positional item HELP trailer; elemental-damage rule,
ITEM_0637_EFFECT_2,ITEM,magic,GR3.MDZ,GR3.MDT,ITEM_RECORD_0637,,2,0x127A7,,9B F2 AE F1 BC F0 C2 F0 2B 95 F1 96 F1,追加効果：麻痺,추가효과：마비,63 F2 4A CA F4 EC F5 2B 5C 98,,[],TRANSLATED,NO,positional item HELP trailer; exact reviewed effect rule,
ITEM_0638_EFFECT_1,ITEM,magic,GR3.MDZ,GR3.MDT,ITEM_RECORD_0638,,1,0x127D0,,D4 F0 64 F0 65 F0 C2 E2 27 BA 20 84 F0 85 F0 69 F6 69 F6 69 F6 69 F6 69 F6 69 F6,風属性ダメージ　威力☆☆☆☆☆☆,바람속성 피해 위력☆☆☆☆☆☆,9F BE 49 F7 D6 20 C9 74 20 3F F7 93 F8 69 F6 69 F6 69 F6 69 F6 69 F6 69 F6,,[],TRANSLATED,NO,positional item HELP trailer; elemental-damage rule,
ITEM_0638_EFFECT_2,ITEM,magic,GR3.MDZ,GR3.MDT,ITEM_RECORD_0638,,2,0x127EC,,9B F2 AE F1 BC F0 C2 F0 2B 95 F1 96 F1,追加効果：麻痺,추가효과：마비,63 F2 4A CA F4 EC F5 2B 5C 98,,[],TRANSLATED,NO,positional item HELP trailer; exact reviewed effect rule,
ITEM_0639_EFFECT_1,ITEM,magic,GR3.MDZ,GR3.MDT,ITEM_RECORD_0639,,1,0x1280A,,2D F0 B2 F1 47 F0 AA F2 20 22 F1 46 F0 28 45 F0 46 F0 A1 A4 C4 D8 6C 9D,一定時間　行動・移動をアップする,일정 시간 행동·이동 상승,92 93 20 88 A9 F0 20 A5 E7 F7 28 6B E7 F7 20 BD 2E F8,,[],TRANSLATED,NO,positional item HELP trailer; exact reviewed effect rule,
ITEM_0640_EFFECT_1,ITEM,magic,GR3.MDZ,GR3.MDT,ITEM_RECORD_0640,,1,0x1283E,,D5 F0 D6 F0 68 6E 9D,混乱させる,혼란 부여,C4 F3 7B F8 20 A4 95,,[],TRANSLATED,NO,positional item HELP trailer; exact reviewed effect rule,
ITEM_0641_EFFECT_1,ITEM,magic,GR3.MDZ,GR3.MDT,ITEM_RECORD_0641,,1,0x1285C,,4A F0 4B F0 28 4C F0 4D F0 4E F0 A1 DF F0 6B 9D,魔法・必殺技を封じる,마법·필살기 봉인,5C 78 F9 28 A1 F7 E8 6D 20 7E F1 8C,,[],TRANSLATED,NO,positional item HELP trailer; exact reviewed effect rule,
ITEM_0642_EFFECT_1,ITEM,magic,GR3.MDZ,GR3.MDT,ITEM_RECORD_0642,,1,0x12886,,EB F0 EC F0 80 F1 9A F1 7D 6C 9D,戦闘不能にする,전투불능 부여,BB 64 F2 95 F2 A3 F7 20 A4 95,,[],TRANSLATED,NO,positional item HELP trailer; exact reviewed effect rule,
ITEM_0651_EFFECT_1,ITEM,skill,GR3.MDZ,GR3.MDT,ITEM_RECORD_0651,,1,0x128BF,,36 F0 37 F0 4A F0 4B F0 6C 8B 78 7D AF E4 EA BD ED BC F0 C2 F0 A1 76 64 9D,攻撃魔法すべてにキャンセル効果をつける,모든 공격마법에 캔슬 효과,B2 CD 20 D8 F5 B3 F4 5C 78 F9 7D 20 5B F5 D8 F7 20 CA F4 EC F5,,[],TRANSLATED,NO,positional item HELP trailer; exact reviewed effect rule,
ITEM_0651_EFFECT_2,ITEM,skill,GR3.MDZ,GR3.MDT,ITEM_RECORD_0651,,2,0x128D9,,4C F0 ED F5 BB AF ED EE DA ED 2B 35,必<EDF5>スキルレベル：5,필살기 레벨＋5,A1 F7 E8 6D 20 8E F8 7A F9 2B F0 35,,"[""<EDF5>""]",TRANSLATED,NO,positional item HELP trailer; skill-level rule,
ITEM_0652_EFFECT_1,ITEM,skill,GR3.MDZ,GR3.MDT,ITEM_RECORD_0652,,1,0x128FB,,3A F0 80 36 F0 37 F0 5F F1 97 F5 7D 7C 9C 96 6C 62 7C 9D,敵の攻撃<5FF1>標になりやすくなる,적의 표적이 되기 쉬워짐,41 F0 75 20 21 F7 41 F0 6B 20 E1 6D 20 B1 F7 26 F7 4B F6,,"[""<5FF1>""]",TRANSLATED,NO,positional item HELP trailer; exact reviewed effect rule,
ITEM_0652_EFFECT_2,ITEM,skill,GR3.MDZ,GR3.MDT,ITEM_RECORD_0652,,2,0x1290F,,4C F0 ED F5 BB AF ED EE DA ED 2B 34,必<EDF5>スキルレベル：4,필살기 레벨＋4,A1 F7 E8 6D 20 8E F8 7A F9 2B F0 34,,"[""<EDF5>""]",TRANSLATED,NO,positional item HELP trailer; skill-level rule,
ITEM_0653_EFFECT_1,ITEM,skill,GR3.MDZ,GR3.MDT,ITEM_RECORD_0653,,1,0x12938,,38 F0 39 F0 6C 9D 7A 41 49 5F 86 F0 6A 3F F0 B6 F0 6C 9D,防御するとHPが少し回復する,방어 시 HP 소량 회복,71 F9 69 20 88 20 41 49 20 B4 83 F8 20 CC D0,,[],TRANSLATED,NO,positional item HELP trailer; exact reviewed effect rule,
ITEM_0653_EFFECT_2,ITEM,skill,GR3.MDZ,GR3.MDT,ITEM_RECORD_0653,,2,0x1294C,,4C F0 ED F5 BB AF ED EE DA ED 2B 33,必<EDF5>スキルレベル：3,필살기 레벨＋3,A1 F7 E8 6D 20 8E F8 7A F9 2B F0 33,,"[""<EDF5>""]",TRANSLATED,NO,positional item HELP trailer; skill-level rule,
ITEM_0654_EFFECT_1,ITEM,skill,GR3.MDZ,GR3.MDT,ITEM_RECORD_0654,,1,0x12976,,38 F0 39 F0 6C 9D 7A 46 49 5F 86 F0 6A 3F F0 B6 F0 6C 9D,防御するとMPが少し回復する,방어 시 MP 소량 회복,71 F9 69 20 88 20 46 49 20 B4 83 F8 20 CC D0,,[],TRANSLATED,NO,positional item HELP trailer; exact reviewed effect rule,
ITEM_0654_EFFECT_2,ITEM,skill,GR3.MDZ,GR3.MDT,ITEM_RECORD_0654,,2,0x1298A,,4C F0 ED F5 BB AF ED EE DA ED 2B 33,必<EDF5>スキルレベル：3,필살기 레벨＋3,A1 F7 E8 6D 20 8E F8 7A F9 2B F0 33,,"[""<EDF5>""]",TRANSLATED,NO,positional item HELP trailer; skill-level rule,
ITEM_0655_EFFECT_1,ITEM,skill,GR3.MDZ,GR3.MDT,ITEM_RECORD_0655,,1,0x129B1,,53 F5 6A 72 3A F0 5F D7 F0 7A 6C 5D C6 F1 80 49 F0 A1 56 F1 96 6C,倒した敵が落とすお金の量を増やす,전리품 골드 증가,BB 6A 50 F7 20 67 F5 30 F8 20 5F F5 4A,,[],TRANSLATED,NO,positional item HELP trailer; exact reviewed effect rule,
ITEM_0655_EFFECT_2,ITEM,skill,GR3.MDZ,GR3.MDT,ITEM_RECORD_0655,,2,0x129C8,,4C F0 ED F5 BB AF ED EE DA ED 2B 33,必<EDF5>スキルレベル：3,필살기 레벨＋3,A1 F7 E8 6D 20 8E F8 7A F9 2B F0 33,,"[""<EDF5>""]",TRANSLATED,NO,positional item HELP trailer; skill-level rule,
ITEM_0656_EFFECT_1,ITEM,skill,GR3.MDZ,GR3.MDT,ITEM_RECORD_0656,,1,0x129ED,,C6 F0 64 F0 65 F0 4A F0 4B F0 80 C0 F1 C1 F1 46 49 5F 73 F1 86 F0 6C 9D,火属性魔法の消費MPが減少する,불속성 마법 MP 소모 감소,95 F2 49 F7 D6 20 5C 78 F9 20 46 49 20 B4 B2 20 33 F2 B4,,[],TRANSLATED,NO,positional item HELP trailer; elemental-cost rule,
ITEM_0656_EFFECT_2,ITEM,skill,GR3.MDZ,GR3.MDT,ITEM_RECORD_0656,,2,0x12A06,,4C F0 ED F5 BB AF ED EE DA ED 2B 32,必<EDF5>スキルレベル：2,필살기 레벨＋2,A1 F7 E8 6D 20 8E F8 7A F9 2B F0 32,,"[""<EDF5>""]",TRANSLATED,NO,positional item HELP trailer; skill-level rule,
ITEM_0657_EFFECT_1,ITEM,skill,GR3.MDZ,GR3.MDT,ITEM_RECORD_0657,,1,0x12A2B,,51 F5 64 F0 65 F0 4A F0 4B F0 80 C0 F1 C1 F1 46 49 5F 73 F1 86 F0 6C 9D,土属性魔法の消費MPが減少する,땅속성 마법 MP 소모 감소,56 F8 49 F7 D6 20 5C 78 F9 20 46 49 20 B4 B2 20 33 F2 B4,,[],TRANSLATED,NO,positional item HELP trailer; elemental-cost rule,
ITEM_0657_EFFECT_2,ITEM,skill,GR3.MDZ,GR3.MDT,ITEM_RECORD_0657,,2,0x12A44,,4C F0 ED F5 BB AF ED EE DA ED 2B 32,必<EDF5>スキルレベル：2,필살기 레벨＋2,A1 F7 E8 6D 20 8E F8 7A F9 2B F0 32,,"[""<EDF5>""]",TRANSLATED,NO,positional item HELP trailer; skill-level rule,
ITEM_0658_EFFECT_1,ITEM,skill,GR3.MDZ,GR3.MDT,ITEM_RECORD_0658,,1,0x12A69,,47 F1 64 F0 65 F0 4A F0 4B F0 80 C0 F1 C1 F1 46 49 5F 73 F1 86 F0 6C 9D,水属性魔法の消費MPが減少する,물속성 마법 MP 소모 감소,EA 49 F7 D6 20 5C 78 F9 20 46 49 20 B4 B2 20 33 F2 B4,,[],TRANSLATED,NO,positional item HELP trailer; elemental-cost rule,
ITEM_0658_EFFECT_2,ITEM,skill,GR3.MDZ,GR3.MDT,ITEM_RECORD_0658,,2,0x12A82,,4C F0 ED F5 BB AF ED EE DA ED 2B 32,必<EDF5>スキルレベル：2,필살기 레벨＋2,A1 F7 E8 6D 20 8E F8 7A F9 2B F0 32,,"[""<EDF5>""]",TRANSLATED,NO,positional item HELP trailer; skill-level rule,
ITEM_0659_EFFECT_1,ITEM,skill,GR3.MDZ,GR3.MDT,ITEM_RECORD_0659,,1,0x12AA7,,D4 F0 64 F0 65 F0 4A F0 4B F0 80 C0 F1 C1 F1 46 49 5F 73 F1 86 F0 6C 9D,風属性魔法の消費MPが減少する,바람속성 마법 MP 소모 감소,9F BE 49 F7 D6 20 5C 78 F9 20 46 49 20 B4 B2 20 33 F2 B4,,[],TRANSLATED,NO,positional item HELP trailer; elemental-cost rule,
ITEM_0659_EFFECT_2,ITEM,skill,GR3.MDZ,GR3.MDT,ITEM_RECORD_0659,,2,0x12AC0,,4C F0 ED F5 BB AF ED EE DA ED 2B 32,必<EDF5>スキルレベル：2,필살기 레벨＋2,A1 F7 E8 6D 20 8E F8 7A F9 2B F0 32,,"[""<EDF5>""]",TRANSLATED,NO,positional item HELP trailer; skill-level rule,
ITEM_0660_EFFECT_1,ITEM,skill,GR3.MDZ,GR3.MDT,ITEM_RECORD_0660,,1,0x12AE1,,4A F0 85 F0 28 2D F8 21 F4 A1 56 F1 96 6C,魔力・抵抗を増やす,마력·저항력 상승,5C 93 F8 28 7B 2A F9 93 F8 20 BD 2E F8,,[],TRANSLATED,NO,positional item HELP trailer; exact reviewed effect rule,
ITEM_0660_EFFECT_2,ITEM,skill,GR3.MDZ,GR3.MDT,ITEM_RECORD_0660,,2,0x12AF0,,4C F0 ED F5 BB AF ED EE DA ED 2B 31,必<EDF5>スキルレベル：1,필살기 레벨＋1,A1 F7 E8 6D 20 8E F8 7A F9 2B F0 31,,"[""<EDF5>""]",TRANSLATED,NO,positional item HELP trailer; skill-level rule,
ITEM_0661_EFFECT_1,ITEM,skill,GR3.MDZ,GR3.MDT,ITEM_RECORD_0661,,1,0x12B18,,34 F1 42 F0 46 49 A1 56 F1 96 6C,最大MPを増やす,최대 MP 상승,2F F2 8D 20 46 49 20 BD 2E F8,,[],TRANSLATED,NO,positional item HELP trailer; exact reviewed effect rule,
ITEM_0661_EFFECT_2,ITEM,skill,GR3.MDZ,GR3.MDT,ITEM_RECORD_0661,,2,0x12B24,,4C F0 ED F5 BB AF ED EE DA ED 2B 31,必<EDF5>スキルレベル：1,필살기 레벨＋1,A1 F7 E8 6D 20 8E F8 7A F9 2B F0 31,,"[""<EDF5>""]",TRANSLATED,NO,positional item HELP trailer; skill-level rule,
ITEM_0662_EFFECT_1,ITEM,skill,GR3.MDZ,GR3.MDT,ITEM_RECORD_0662,,1,0x12B50,,2D F0 B2 F1 AD F1 BB F0 69 F0 80 C2 E2 27 BA 5F 30 7D 7C 9D,一定値<BBF0>下のダメージが0になる,일정 수치 이하 피해 무효,92 93 20 8B 3F F3 20 6B 61 20 C9 74 20 97 CA F4,,"[""<BBF0>""]",TRANSLATED,NO,positional item HELP trailer; exact reviewed effect rule,
ITEM_0662_EFFECT_2,ITEM,skill,GR3.MDZ,GR3.MDT,ITEM_RECORD_0662,,2,0x12B65,,4C F0 ED F5 BB AF ED EE DA ED 2B 32,必<EDF5>スキルレベル：2,필살기 레벨＋2,A1 F7 E8 6D 20 8E F8 7A F9 2B F0 32,,"[""<EDF5>""]",TRANSLATED,NO,positional item HELP trailer; skill-level rule,
ITEM_0663_EFFECT_1,ITEM,skill,GR3.MDZ,GR3.MDT,ITEM_RECORD_0663,,1,0x12B8D,,EB F0 EC F0 6E F3 74 F2 47 F0 80 22 F1 46 F0 85 F4 7C F2 5F BF F0 62 7C 9D,戦闘開<74F2>時の行動<85F4><7CF2>が早くなる,전투 시작 행동 순서 상승,BB 64 F2 20 88 49 F9 20 A5 E7 F7 20 99 F7 6C 20 BD 2E F8,,"[""<74F2>"", ""<85F4>"", ""<7CF2>""]",TRANSLATED,NO,positional item HELP trailer; exact reviewed effect rule,
ITEM_0663_EFFECT_2,ITEM,skill,GR3.MDZ,GR3.MDT,ITEM_RECORD_0663,,2,0x12BA7,,4C F0 ED F5 BB AF ED EE DA ED 2B 31,必<EDF5>スキルレベル：1,필살기 레벨＋1,A1 F7 E8 6D 20 8E F8 7A F9 2B F0 31,,"[""<EDF5>""]",TRANSLATED,NO,positional item HELP trailer; skill-level rule,
ITEM_0664_EFFECT_1,ITEM,skill,GR3.MDZ,GR3.MDT,ITEM_RECORD_0664,,1,0x12BCF,,4A F0 4B F0 80 C2 E2 27 BA A1 97 F1 64 9D 7A 46 49 5F 3F F0 B6 F0 6C 9D,魔法のダメージを受けるとMPが回復する,마법 피격 시 MP 회복,5C 78 F9 20 C9 B3 F4 20 88 20 46 49 20 CC D0,,[],TRANSLATED,NO,positional item HELP trailer; exact reviewed effect rule,
ITEM_0664_EFFECT_2,ITEM,skill,GR3.MDZ,GR3.MDT,ITEM_RECORD_0664,,2,0x12BE8,,4C F0 ED F5 BB AF ED EE DA ED 2B 31,必<EDF5>スキルレベル：1,필살기 레벨＋1,A1 F7 E8 6D 20 8E F8 7A F9 2B F0 31,,"[""<EDF5>""]",TRANSLATED,NO,positional item HELP trailer; skill-level rule,
ITEM_0665_EFFECT_1,ITEM,skill,GR3.MDZ,GR3.MDT,ITEM_RECORD_0665,,1,0x12C12,,B1 EC C7 A5 AD ED 80 BC F0 C2 F0 B0 F1 B1 F1 A1 BE F8 80 F0 7D 6C 9D,クリティカルの効果範囲を<BEF8>形にする,크리티컬 효과 범위 확대,44 F7 6A A9 F3 C3 F5 20 CA F4 EC F5 20 77 F9 3F F7 20 92 F4 8D,,"[""<BEF8>""]",TRANSLATED,NO,positional item HELP trailer; exact reviewed effect rule,
ITEM_0665_EFFECT_2,ITEM,skill,GR3.MDZ,GR3.MDT,ITEM_RECORD_0665,,2,0x12C2A,,4C F0 ED F5 BB AF ED EE DA ED 2B 35,必<EDF5>スキルレベル：5,필살기 레벨＋5,A1 F7 E8 6D 20 8E F8 7A F9 2B F0 35,,"[""<EDF5>""]",TRANSLATED,NO,positional item HELP trailer; skill-level rule,
ITEM_0666_EFFECT_1,ITEM,skill,GR3.MDZ,GR3.MDT,ITEM_RECORD_0666,,1,0x12C52,,B5 EA DD 80 36 F0 37 F0 3F F0 9E F1 A1 56 F1 96 6C,コンボの攻撃回数を増やす,콤보 공격 횟수 상승,A6 F6 89 20 D8 F5 B3 F4 20 D7 F8 8B 20 BD 2E F8,,[],TRANSLATED,NO,positional item HELP trailer; exact reviewed effect rule,
ITEM_0666_EFFECT_2,ITEM,skill,GR3.MDZ,GR3.MDT,ITEM_RECORD_0666,,2,0x12C64,,4C F0 ED F5 BB AF ED EE DA ED 2B 34,必<EDF5>スキルレベル：4,필살기 레벨＋4,A1 F7 E8 6D 20 8E F8 7A F9 2B F0 34,,"[""<EDF5>""]",TRANSLATED,NO,positional item HELP trailer; skill-level rule,
ITEM_0667_EFFECT_1,ITEM,skill,GR3.MDZ,GR3.MDT,ITEM_RECORD_0667,,1,0x12C91,,EB F0 EC F0 BC F2 80 A4 A6 C7 E1 80 BC F0 C2 F0 A1 BD F2 87 F0 68 6E 9D,戦闘中のアイテムの効果を向上させる,전투 아이템 효과 상승,BB 64 F2 20 70 6B 65 F1 20 CA F4 EC F5 20 BD 2E F8,,[],TRANSLATED,NO,positional item HELP trailer; exact reviewed effect rule,
ITEM_0667_EFFECT_2,ITEM,skill,GR3.MDZ,GR3.MDT,ITEM_RECORD_0667,,2,0x12CAA,,4C F0 ED F5 BB AF ED EE DA ED 2B 33,必<EDF5>スキルレベル：3,필살기 레벨＋3,A1 F7 E8 6D 20 8E F8 7A F9 2B F0 33,,"[""<EDF5>""]",TRANSLATED,NO,positional item HELP trailer; skill-level rule,
ITEM_0668_EFFECT_1,ITEM,skill,GR3.MDZ,GR3.MDT,ITEM_RECORD_0668,,1,0x12CD2,,53 F5 6A 72 3A F0 5F A4 A6 C7 E1 A1 D7 F0 7A 6C 74 F3 79 F6 A1 56 F1 96 6C,倒した敵がアイテムを落とす確率を増やす,아이템 드롭 확률 상승,70 6B 65 F1 20 30 F8 9F F8 20 92 F4 67 F8 20 BD 2E F8,,[],TRANSLATED,NO,positional item HELP trailer; exact reviewed effect rule,
ITEM_0668_EFFECT_2,ITEM,skill,GR3.MDZ,GR3.MDT,ITEM_RECORD_0668,,2,0x12CEC,,4C F0 ED F5 BB AF ED EE DA ED 2B 33,必<EDF5>スキルレベル：3,필살기 레벨＋3,A1 F7 E8 6D 20 8E F8 7A F9 2B F0 33,,"[""<EDF5>""]",TRANSLATED,NO,positional item HELP trailer; skill-level rule,
ITEM_0669_EFFECT_1,ITEM,skill,GR3.MDZ,GR3.MDT,ITEM_RECORD_0669,,1,0x12D14,,AB F1 AC F1 AD F1 80 6A F0 64 F5 49 F0 A1 56 F1 96 6C,経験値の取得量を増やす,경험치 획득량 상승,D0 F4 25 F1 3F F3 20 48 F9 32 F8 83 F8 20 BD 2E F8,,[],TRANSLATED,NO,positional item HELP trailer; exact reviewed effect rule,
ITEM_0669_EFFECT_2,ITEM,skill,GR3.MDZ,GR3.MDT,ITEM_RECORD_0669,,2,0x12D27,,4C F0 ED F5 BB AF ED EE DA ED 2B 33,必<EDF5>スキルレベル：3,필살기 레벨＋3,A1 F7 E8 6D 20 8E F8 7A F9 2B F0 33,,"[""<EDF5>""]",TRANSLATED,NO,positional item HELP trailer; skill-level rule,
ITEM_0670_EFFECT_1,ITEM,skill,GR3.MDZ,GR3.MDT,ITEM_RECORD_0670,,1,0x12D54,,47 F1 BC F8 2D F6 28 B0 F7 EE F0 2D F6 7D B2 F2 5B 9D C2 E2 27 BA A1 56 F1 96 6C,水棲類・爬虫類に与えるダメージを増やす,수생·파충류 대상 피해 상승,8B B6 28 57 F4 DA F2 AC F8 20 8D BD 20 C9 74 20 BD 2E F8,,[],TRANSLATED,NO,positional item HELP trailer; exact reviewed effect rule,
ITEM_0670_EFFECT_2,ITEM,skill,GR3.MDZ,GR3.MDT,ITEM_RECORD_0670,,2,0x12D70,,4C F0 ED F5 BB AF ED EE DA ED 2B 32,必<EDF5>スキルレベル：2,필살기 레벨＋2,A1 F7 E8 6D 20 8E F8 7A F9 2B F0 32,,"[""<EDF5>""]",TRANSLATED,NO,positional item HELP trailer; skill-level rule,
ITEM_0671_EFFECT_1,ITEM,skill,GR3.MDZ,GR3.MDT,ITEM_RECORD_0671,,1,0x12D94,,4A F0 7E F4 7D B2 F2 5B 9D C2 E2 27 BA A1 56 F1 96 6C,魔獣に与えるダメージを増やす,마수 대상 피해 상승,5C 8B 20 8D BD 20 C9 74 20 BD 2E F8,,[],TRANSLATED,NO,positional item HELP trailer; exact reviewed effect rule,
ITEM_0671_EFFECT_2,ITEM,skill,GR3.MDZ,GR3.MDT,ITEM_RECORD_0671,,2,0x12DA7,,4C F0 ED F5 BB AF ED EE DA ED 2B 32,必<EDF5>スキルレベル：2,필살기 레벨＋2,A1 F7 E8 6D 20 8E F8 7A F9 2B F0 32,,"[""<EDF5>""]",TRANSLATED,NO,positional item HELP trailer; skill-level rule,
ITEM_0672_EFFECT_1,ITEM,skill,GR3.MDZ,GR3.MDT,ITEM_RECORD_0672,,1,0x12DD4,,C1 F0 4A F0 28 80 F1 CD F0 A1 F1 C3 F0 7D B2 F2 5B 9D C2 E2 27 BA A1 56 F1 96 6C,悪魔・不死生物に与えるダメージを増やす,악마·불사 대상 피해 상승,CE F8 5C 28 95 F2 7E 20 8D BD 20 C9 74 20 BD 2E F8,,[],TRANSLATED,NO,positional item HELP trailer; exact reviewed effect rule,
ITEM_0672_EFFECT_2,ITEM,skill,GR3.MDZ,GR3.MDT,ITEM_RECORD_0672,,2,0x12DF0,,4C F0 ED F5 BB AF ED EE DA ED 2B 32,必<EDF5>スキルレベル：2,필살기 레벨＋2,A1 F7 E8 6D 20 8E F8 7A F9 2B F0 32,,"[""<EDF5>""]",TRANSLATED,NO,positional item HELP trailer; skill-level rule,
ITEM_0673_EFFECT_1,ITEM,skill,GR3.MDZ,GR3.MDT,ITEM_RECORD_0673,,1,0x12E1B,,AE F5 CB F2 77 F2 80 4A F0 C3 F0 7D B2 F2 5B 9D C2 E2 27 BA A1 56 F1 96 6C,別世界の魔物に与えるダメージを増やす,이계 마물 대상 피해 상승,6B B9 20 5C EA 20 8D BD 20 C9 74 20 BD 2E F8,,[],TRANSLATED,NO,positional item HELP trailer; exact reviewed effect rule,
ITEM_0673_EFFECT_2,ITEM,skill,GR3.MDZ,GR3.MDT,ITEM_RECORD_0673,,2,0x12E35,,4C F0 ED F5 BB AF ED EE DA ED 2B 32,必<EDF5>スキルレベル：2,필살기 레벨＋2,A1 F7 E8 6D 20 8E F8 7A F9 2B F0 32,,"[""<EDF5>""]",TRANSLATED,NO,positional item HELP trailer; skill-level rule,
ITEM_0674_EFFECT_1,ITEM,skill,GR3.MDZ,GR3.MDT,ITEM_RECORD_0674,,1,0x12E5A,,22 F1 46 F0 28 45 F0 46 F0 A1 56 F1 96 6C,行動・移動を増やす,행동력·이동력 상승,A5 E7 F7 93 F8 28 6B E7 F7 93 F8 20 BD 2E F8,,[],TRANSLATED,NO,positional item HELP trailer; exact reviewed effect rule,
ITEM_0674_EFFECT_2,ITEM,skill,GR3.MDZ,GR3.MDT,ITEM_RECORD_0674,,2,0x12E69,,4C F0 ED F5 BB AF ED EE DA ED 2B 32,必<EDF5>スキルレベル：2,필살기 레벨＋2,A1 F7 E8 6D 20 8E F8 7A F9 2B F0 32,,"[""<EDF5>""]",TRANSLATED,NO,positional item HELP trailer; skill-level rule,
ITEM_0675_EFFECT_1,ITEM,skill,GR3.MDZ,GR3.MDT,ITEM_RECORD_0675,,1,0x12E93,,E4 F4 8F F3 BC F2 80 3F F0 34 F3 79 F6 A1 56 F1 96 6C,<E4F4>機中の回避率を増やす,대기 중 회피율 상승,8D 6D 20 E5 F4 20 CC C9 AA F7 20 BD 2E F8,,"[""<E4F4>""]",TRANSLATED,NO,positional item HELP trailer; exact reviewed effect rule,
ITEM_0675_EFFECT_2,ITEM,skill,GR3.MDZ,GR3.MDT,ITEM_RECORD_0675,,2,0x12EA6,,4C F0 ED F5 BB AF ED EE DA ED 2B 31,必<EDF5>スキルレベル：1,필살기 레벨＋1,A1 F7 E8 6D 20 8E F8 7A F9 2B F0 31,,"[""<EDF5>""]",TRANSLATED,NO,positional item HELP trailer; skill-level rule,
ITEM_0676_EFFECT_1,ITEM,skill,GR3.MDZ,GR3.MDT,ITEM_RECORD_0676,,1,0x12ECE,,3F F0 34 F3 C5 F1 20 2D F0 B2 F1 74 F3 79 F6 79 83 F5 37 F0 6C 9D,回避後　一定確率で反撃する,회피 후 일정 확률로 반격,CC C9 20 CD F4 20 92 93 20 92 F4 67 F8 79 20 6A F9 B3 F4,,[],TRANSLATED,NO,positional item HELP trailer; exact reviewed effect rule,
ITEM_0676_EFFECT_2,ITEM,skill,GR3.MDZ,GR3.MDT,ITEM_RECORD_0676,,2,0x12EE5,,4C F0 ED F5 BB AF ED EE DA ED 2B 31,必<EDF5>スキルレベル：1,필살기 레벨＋1,A1 F7 E8 6D 20 8E F8 7A F9 2B F0 31,,"[""<EDF5>""]",TRANSLATED,NO,positional item HELP trailer; skill-level rule,
ITEM_0677_EFFECT_1,ITEM,skill,GR3.MDZ,GR3.MDT,ITEM_RECORD_0677,,1,0x12F09,,AD A8 EA C1 27 80 C2 E2 27 BA A1 56 F1 96 6C,カウンターのダメージを増やす,반격 피해 상승,6A F9 B3 F4 20 C9 74 20 BD 2E F8,,[],TRANSLATED,NO,positional item HELP trailer; exact reviewed effect rule,
ITEM_0677_EFFECT_2,ITEM,skill,GR3.MDZ,GR3.MDT,ITEM_RECORD_0677,,2,0x12F19,,4C F0 ED F5 BB AF ED EE DA ED 2B 31,必<EDF5>スキルレベル：1,필살기 레벨＋1,A1 F7 E8 6D 20 8E F8 7A F9 2B F0 31,,"[""<EDF5>""]",TRANSLATED,NO,positional item HELP trailer; skill-level rule,
ITEM_0678_EFFECT_1,ITEM,skill,GR3.MDZ,GR3.MDT,ITEM_RECORD_0678,,1,0x12F3F,,EB F0 EC F0 BC F2 80 A4 A6 C7 E1 80 2A F3 5A F0 47 F0 AA F2 A1 BE F1 81 F4 6C 9D,戦闘中のアイテムの準備時間を短縮する,전투 아이템 준비시간 단축,BB 64 F2 20 70 6B 65 F1 20 66 F4 98 88 A9 F0 20 C7 F7 7B F2,,[],TRANSLATED,NO,positional item HELP trailer; exact reviewed effect rule,
ITEM_0678_EFFECT_2,ITEM,skill,GR3.MDZ,GR3.MDT,ITEM_RECORD_0678,,2,0x12F5B,,4C F0 ED F5 BB AF ED EE DA ED 2B 31,必<EDF5>スキルレベル：1,필살기 레벨＋1,A1 F7 E8 6D 20 8E F8 7A F9 2B F0 31,,"[""<EDF5>""]",TRANSLATED,NO,positional item HELP trailer; skill-level rule,
ITEM_0679_EFFECT_1,ITEM,skill,GR3.MDZ,GR3.MDT,ITEM_RECORD_0679,,1,0x12F85,,B1 EC C7 A5 AD ED 80 36 F0 37 F0 3F F0 9E F1 A1 56 F1 96 6C,クリティカルの攻撃回数を増やす,크리티컬 공격 횟수 상승,44 F7 6A A9 F3 C3 F5 20 D8 F5 B3 F4 20 D7 F8 8B 20 BD 2E F8,,[],TRANSLATED,NO,positional item HELP trailer; exact reviewed effect rule,
ITEM_0679_EFFECT_2,ITEM,skill,GR3.MDZ,GR3.MDT,ITEM_RECORD_0679,,2,0x12F9A,,4C F0 ED F5 BB AF ED EE DA ED 2B 35,必<EDF5>スキルレベル：5,필살기 레벨＋5,A1 F7 E8 6D 20 8E F8 7A F9 2B F0 35,,"[""<EDF5>""]",TRANSLATED,NO,positional item HELP trailer; skill-level rule,
ITEM_0680_EFFECT_1,ITEM,skill,GR3.MDZ,GR3.MDT,ITEM_RECORD_0680,,1,0x12FC7,,3D F0 5B F0 A1 DE F0 75 72 4E F0 28 4A F0 4B F0 A1 AF E4 EA BD ED 6C 9D,自分を<DEF0>った技・魔法をキャンセルする,자신을 노린 기술·마법 캔슬,81 B0 A1 20 68 F7 B6 F8 20 6D 9A F7 28 5C 78 F9 20 5B F5 D8 F7,,"[""<DEF0>""]",TRANSLATED,NO,positional item HELP trailer; exact reviewed effect rule,
ITEM_0680_EFFECT_2,ITEM,skill,GR3.MDZ,GR3.MDT,ITEM_RECORD_0680,,2,0x12FE0,,4C F0 ED F5 BB AF ED EE DA ED 2B 34,必<EDF5>スキルレベル：4,필살기 레벨＋4,A1 F7 E8 6D 20 8E F8 7A F9 2B F0 34,,"[""<EDF5>""]",TRANSLATED,NO,positional item HELP trailer; skill-level rule,
ITEM_0681_EFFECT_1,ITEM,skill,GR3.MDZ,GR3.MDT,ITEM_RECORD_0681,,1,0x13009,,3A F0 80 36 F0 37 F0 7D DD F0 6A 78 D2 F2 AA F2 C5 F0 7D 38 F0 39 F0 6C 9D,敵の攻撃に対して<D2F2>間的に防御する,적 공격에 순간 방어,41 F0 20 D8 F5 B3 F4 7D 20 99 F7 A9 F0 20 71 F9 69,,"[""<D2F2>""]",TRANSLATED,NO,positional item HELP trailer; exact reviewed effect rule,
ITEM_0681_EFFECT_2,ITEM,skill,GR3.MDZ,GR3.MDT,ITEM_RECORD_0681,,2,0x13023,,4C F0 ED F5 BB AF ED EE DA ED 2B 33,必<EDF5>スキルレベル：3,필살기 레벨＋3,A1 F7 E8 6D 20 8E F8 7A F9 2B F0 33,,"[""<EDF5>""]",TRANSLATED,NO,positional item HELP trailer; skill-level rule,
ITEM_0682_EFFECT_1,ITEM,skill,GR3.MDZ,GR3.MDT,ITEM_RECORD_0682,,1,0x13048,,C2 E2 27 BA A1 97 F1 64 78 94 84 9D 90 7C 62 7C 9D,ダメージを受けてもひるまなくなる,피격 경직 방지,C9 B3 F4 20 D0 F4 9D F5 20 71 F9 6F,,[],TRANSLATED,NO,positional item HELP trailer; exact reviewed effect rule,
ITEM_0682_EFFECT_2,ITEM,skill,GR3.MDZ,GR3.MDT,ITEM_RECORD_0682,,2,0x1305A,,4C F0 ED F5 BB AF ED EE DA ED 2B 33,必<EDF5>スキルレベル：3,필살기 레벨＋3,A1 F7 E8 6D 20 8E F8 7A F9 2B F0 33,,"[""<EDF5>""]",TRANSLATED,NO,positional item HELP trailer; skill-level rule,
ITEM_0683_EFFECT_1,ITEM,skill,GR3.MDZ,GR3.MDT,ITEM_RECORD_0683,,1,0x13079,,38 F0 39 F0 A1 4F F2 22 F1 BC F2 7D 97 F1 64 9D C2 E2 27 BA A1 73 F1 9B 6C,防御を実行中に受けるダメージを減らす,방어 중 받는 피해 감소,71 F9 69 20 E5 F4 20 6B F9 73 20 C9 74 20 33 F2 B4,,[],TRANSLATED,NO,positional item HELP trailer; exact reviewed effect rule,
ITEM_0683_EFFECT_2,ITEM,skill,GR3.MDZ,GR3.MDT,ITEM_RECORD_0683,,2,0x13093,,4C F0 ED F5 BB AF ED EE DA ED 2B 33,必<EDF5>スキルレベル：3,필살기 레벨＋3,A1 F7 E8 6D 20 8E F8 7A F9 2B F0 33,,"[""<EDF5>""]",TRANSLATED,NO,positional item HELP trailer; skill-level rule,
ITEM_0684_EFFECT_1,ITEM,skill,GR3.MDZ,GR3.MDT,ITEM_RECORD_0684,,1,0x130BB,,97 F1 64 72 C2 E2 27 BA 80 31 30 3F F6 A1 D6 F4 5D F0 7D 69 F1 6C,受けたダメージの10％を<D6F4>手に<69F1>す,받은 피해의 10％를 반사,6B F9 5D 20 C9 74 75 20 31 30 3F F6 87 20 6A F9 7E,,"[""<D6F4>"", ""<69F1>""]",TRANSLATED,NO,positional item HELP trailer; exact reviewed effect rule,
ITEM_0684_EFFECT_2,ITEM,skill,GR3.MDZ,GR3.MDT,ITEM_RECORD_0684,,2,0x130D2,,4C F0 ED F5 BB AF ED EE DA ED 2B 32,必<EDF5>スキルレベル：2,필살기 레벨＋2,A1 F7 E8 6D 20 8E F8 7A F9 2B F0 32,,"[""<EDF5>""]",TRANSLATED,NO,positional item HELP trailer; skill-level rule,
ITEM_0685_EFFECT_1,ITEM,skill,GR3.MDZ,GR3.MDT,ITEM_RECORD_0685,,1,0x130F2,,4C 49 80 47 F0 AA F2 3F F0 B6 F0 80 AA F2 49 F7 A1 BE F1 81 F4 6C 9D,SPの時間回復の間<49F7>を短縮する,SP 자동회복 간격 단축,4C 49 20 81 E7 F7 CC D0 20 A9 F0 B3 F4 20 C7 F7 7B F2,,"[""<49F7>""]",TRANSLATED,NO,positional item HELP trailer; exact reviewed effect rule,
ITEM_0685_EFFECT_2,ITEM,skill,GR3.MDZ,GR3.MDT,ITEM_RECORD_0685,,2,0x1310A,,4C F0 ED F5 BB AF ED EE DA ED 2B 32,必<EDF5>スキルレベル：2,필살기 레벨＋2,A1 F7 E8 6D 20 8E F8 7A F9 2B F0 32,,"[""<EDF5>""]",TRANSLATED,NO,positional item HELP trailer; skill-level rule,
ITEM_0686_EFFECT_1,ITEM,skill,GR3.MDZ,GR3.MDT,ITEM_RECORD_0686,,1,0x13126,,C2 E2 27 BA A1 97 F1 64 9D 7A 4C F0 4D F0 4E F0 79 83 F5 37 F0 6C 9D,ダメージを受けると必殺技で反撃する,피격 시 필살기로 반격,C9 B3 F4 20 88 20 A1 F7 E8 6D 79 20 6A F9 B3 F4,,[],TRANSLATED,NO,positional item HELP trailer; exact reviewed effect rule,
ITEM_0686_EFFECT_2,ITEM,skill,GR3.MDZ,GR3.MDT,ITEM_RECORD_0686,,2,0x1313E,,4C F0 ED F5 BB AF ED EE DA ED 2B 32,必<EDF5>スキルレベル：2,필살기 레벨＋2,A1 F7 E8 6D 20 8E F8 7A F9 2B F0 32,,"[""<EDF5>""]",TRANSLATED,NO,positional item HELP trailer; skill-level rule,
ITEM_0687_EFFECT_1,ITEM,skill,GR3.MDZ,GR3.MDT,ITEM_RECORD_0687,,1,0x13168,,B5 EA DD 28 B1 EC C7 A5 AD ED 80 B4 F6 5F BE F1 62 7C 9D,コンボ・クリティカルの隙が短くなる,콤보·크리티컬 빈틈 감소,A6 F6 89 28 44 F7 6A A9 F3 C3 F5 20 DD F3 9E F3 20 33 F2 B4,,[],TRANSLATED,NO,positional item HELP trailer; exact reviewed effect rule,
ITEM_0687_EFFECT_2,ITEM,skill,GR3.MDZ,GR3.MDT,ITEM_RECORD_0687,,2,0x1317C,,4C F0 ED F5 BB AF ED EE DA ED 2B 32,必<EDF5>スキルレベル：2,필살기 레벨＋2,A1 F7 E8 6D 20 8E F8 7A F9 2B F0 32,,"[""<EDF5>""]",TRANSLATED,NO,positional item HELP trailer; skill-level rule,
ITEM_0688_EFFECT_1,ITEM,skill,GR3.MDZ,GR3.MDT,ITEM_RECORD_0688,,1,0x1319C,,36 F0 37 F0 28 38 F0 39 F0 A1 56 F1 96 6C,攻撃・防御を増やす,공격력·방어력 상승,D8 F5 B3 F4 93 F8 28 71 F9 69 93 F8 20 BD 2E F8,,[],TRANSLATED,NO,positional item HELP trailer; exact reviewed effect rule,
ITEM_0688_EFFECT_2,ITEM,skill,GR3.MDZ,GR3.MDT,ITEM_RECORD_0688,,2,0x131AB,,4C F0 ED F5 BB AF ED EE DA ED 2B 31,必<EDF5>スキルレベル：1,필살기 레벨＋1,A1 F7 E8 6D 20 8E F8 7A F9 2B F0 31,,"[""<EDF5>""]",TRANSLATED,NO,positional item HELP trailer; skill-level rule,
ITEM_0689_EFFECT_1,ITEM,skill,GR3.MDZ,GR3.MDT,ITEM_RECORD_0689,,1,0x131D6,,34 F1 42 F0 41 49 A1 56 F1 96 6C,最大HPを増やす,최대 HP 상승,2F F2 8D 20 41 49 20 BD 2E F8,,[],TRANSLATED,NO,positional item HELP trailer; exact reviewed effect rule,
ITEM_0689_EFFECT_2,ITEM,skill,GR3.MDZ,GR3.MDT,ITEM_RECORD_0689,,2,0x131E2,,4C F0 ED F5 BB AF ED EE DA ED 2B 31,必<EDF5>スキルレベル：1,필살기 레벨＋1,A1 F7 E8 6D 20 8E F8 7A F9 2B F0 31,,"[""<EDF5>""]",TRANSLATED,NO,positional item HELP trailer; skill-level rule,
ITEM_0690_EFFECT_1,ITEM,skill,GR3.MDZ,GR3.MDT,ITEM_RECORD_0690,,1,0x13207,,B5 EA DD 80 42 49 C2 E2 27 BA A1 56 F1 96 6C,コンボのIPダメージを増やす,콤보 IP 피해 상승,A6 F6 89 20 42 49 20 C9 74 20 BD 2E F8,,[],TRANSLATED,NO,positional item HELP trailer; exact reviewed effect rule,
ITEM_0690_EFFECT_2,ITEM,skill,GR3.MDZ,GR3.MDT,ITEM_RECORD_0690,,2,0x13217,,4C F0 ED F5 BB AF ED EE DA ED 2B 32,必<EDF5>スキルレベル：2,필살기 레벨＋2,A1 F7 E8 6D 20 8E F8 7A F9 2B F0 32,,"[""<EDF5>""]",TRANSLATED,NO,positional item HELP trailer; skill-level rule,
ITEM_0691_EFFECT_1,ITEM,skill,GR3.MDZ,GR3.MDT,ITEM_RECORD_0691,,1,0x13242,,AF E4 EA BD ED BC F0 C2 F0 80 84 F0 85 F0 A1 56 F1 96 6C,キャンセル効果の威力を増やす,캔슬 위력 상승,5B F5 D8 F7 20 3F F7 93 F8 20 BD 2E F8,,[],TRANSLATED,NO,positional item HELP trailer; exact reviewed effect rule,
ITEM_0691_EFFECT_2,ITEM,skill,GR3.MDZ,GR3.MDT,ITEM_RECORD_0691,,2,0x13256,,4C F0 ED F5 BB AF ED EE DA ED 2B 31,必<EDF5>スキルレベル：1,필살기 레벨＋1,A1 F7 E8 6D 20 8E F8 7A F9 2B F0 31,,"[""<EDF5>""]",TRANSLATED,NO,positional item HELP trailer; skill-level rule,
ITEM_0692_EFFECT_1,ITEM,skill,GR3.MDZ,GR3.MDT,ITEM_RECORD_0692,,1,0x1327C,,42 49 C2 E2 27 BA A1 73 F1 9B 6C,IPダメージを減らす,IP 피해 감소,42 49 20 C9 74 20 33 F2 B4,,[],TRANSLATED,NO,positional item HELP trailer; exact reviewed effect rule,
ITEM_0692_EFFECT_2,ITEM,skill,GR3.MDZ,GR3.MDT,ITEM_RECORD_0692,,2,0x13288,,4C F0 ED F5 BB AF ED EE DA ED 2B 31,必<EDF5>スキルレベル：1,필살기 레벨＋1,A1 F7 E8 6D 20 8E F8 7A F9 2B F0 31,,"[""<EDF5>""]",TRANSLATED,NO,positional item HELP trailer; skill-level rule,
