id,category,sub_category,source_file,inner_file,record_id,scene_id,string_index,original_offset,pointer_offset,jp_raw_hex,jp_text,kr_text,kr_encoded_hex,speaker,control_codes,status,game_verified,translator_note,review_note,canonical_jp_text,reference_glyph_status,reference_glyphs_used,image_glyph_status,image_glyphs_used
SCN_00120200_00740000_0019,SCENARIO,scenario_message,DATA/00120200.MDZ,DATA/00120200.MDT,0x00740000,00120200,18,0x0025440d,0x00254408,75 75 90 79 88 43 08 7d 8b 88 c2 21 49 f1 42 f1 af f3 bc f2 bc 93 bf 44 08 60 f6 21 37 f0 c8 cf 95 98 2e f4 79 c2 93 08 ba bf 8a 82 43 0d ff 00,"ああそうさ！
おじさん、飛行機乗りだろ？
俺、ユウキって言うんだ
よろしく！","그래!
아저씨, 비행기 조종사지?
난 유키라고 해
잘 부탁해!",UNASSIGNED,ユウキ,"[{""offset"":-5,""raw_hex"":""02 0e 00 03 00"",""kind"":""MESSAGE_HEADER"",""opcode"":2,""argument"":3},{""offset"":6,""raw_hex"":""08"",""kind"":""LINE_BREAK""},{""offset"":24,""raw_hex"":""08"",""kind"":""LINE_BREAK""},{""offset"":39,""raw_hex"":""08"",""kind"":""LINE_BREAK""},{""offset"":45,""raw_hex"":""0d ff 00"",""kind"":""MESSAGE_END""}]",REVIEW_1,NO,CHARACTER_GUIDE v0.1 적용. context-v1 복원 원문 1차 번역.,SUPPORTED: structured scenario command; header FACE slot maps to face_yuuki_04; runtime display not yet checked. PROVEN: byte-identical source command exists at the same path and offsets on Disc 2. SUPPORTED: context-v1 glyph 복원; 런타임 원문 검증 전. TERM: 버스피어·파스·도박장.,"ああそうさ！
おじさん<G0001>飛行機乗りだろ？
<G05F0><G0001>ユウキって<G041E>うんだ
よろしく！",SUPPORTED,"0001,041E",SUPPORTED,05F0
SCN_00120200_00740000_0020,SCENARIO,scenario_message,DATA/00120200.MDZ,DATA/00120200.MDT,0x00740000,00120200,19,0x002544d1,0x002544cc,b5 f0 a0 6e f5 dc f2 99 88 08 94 b9 95 9a 38 f8 c3 f3 9d ba 95 92 c2 93 08 d1 3b f0 c6 ea 88 c2 a1 44 0d ff 00,"旅の途中でさ
ちょっと補給によったんだ
クライドさんは？","여행 중이라
보급하러 잠깐 들렀어
클라이드 씨는?",UNASSIGNED,ユウキ,"[{""offset"":-5,""raw_hex"":""02 0e 00 02 00"",""kind"":""MESSAGE_HEADER"",""opcode"":2,""argument"":2},{""offset"":9,""raw_hex"":""08"",""kind"":""LINE_BREAK""},{""offset"":24,""raw_hex"":""08"",""kind"":""LINE_BREAK""},{""offset"":34,""raw_hex"":""0d ff 00"",""kind"":""MESSAGE_END""}]",REVIEW_1,NO,CHARACTER_GUIDE v0.1 적용. context-v1 복원 원문 1차 번역.,SUPPORTED: structured scenario command; header FACE slot maps to face_yuuki_03; runtime display not yet checked. PROVEN: byte-identical source command exists at the same path and offsets on Disc 2. SUPPORTED: context-v1 glyph 복원; 런타임 원문 검증 전. TERM: 버스피어·파스·도박장.,"旅の<G052E>中でさ
ちょっと<G0768>給によったんだ
クライドさんは？",SUPPORTED,052E,SUPPORTED,0768
SCN_00120200_00740000_0021,SCENARIO,scenario_message,DATA/00120200.MDZ,DATA/00120200.MDT,0x00740000,00120200,20,0x0025454d,0x00254548,46 ac f3 9c 77 86 9a b6 b3 9a 84 ba 08 75 77 96 bb 21 51 b4 f5 52 b4 f5 99 08 9a f4 95 98 82 bd c0 84 8b b5 9c 77 c2 93 8f 0d ff 00,"…危ないことやめとけよ
あいつら、1匹2匹で
誘ってくるわけじゃないんだよ","…위험한 짓은 하지 마
저 녀석들은 한두 마리씩
덤벼 오는 게 아니니까.",UNASSIGNED,ユウキ,"[{""offset"":-5,""raw_hex"":""02 0e 00 08 00"",""kind"":""MESSAGE_HEADER"",""opcode"":2,""argument"":8},{""offset"":12,""raw_hex"":""08"",""kind"":""LINE_BREAK""},{""offset"":25,""raw_hex"":""08"",""kind"":""LINE_BREAK""},{""offset"":41,""raw_hex"":""0d ff 00"",""kind"":""MESSAGE_END""}]",REVIEW_1,NO,CHARACTER_GUIDE v0.1 적용. context-v1 복원 원문 1차 번역.,SUPPORTED: structured scenario command; header FACE slot maps to face_yuuki_09; runtime display not yet checked. PROVEN: byte-identical source command exists at the same path and offsets on Disc 2. SUPPORTED: context-v1 glyph 복원; 런타임 원문 검증 전. TERM: 버스피어·파스·도박장.,"<G0026>危ないことやめとけよ
あいつら<G0001>1<G0574>2<G0574>で
<G048A>ってくるわけじゃないんだ<G006F>",SUPPORTED,"0001,0026,006F,048A",SUPPORTED,0574
SCN_00120200_00740000_0022,SCENARIO,scenario_message,DATA/00120200.MDZ,DATA/00120200.MDT,0x00740000,00120200,21,0x0025463f,0x0025463a,46 27 f1 94 9a f0 c2 8b b5 95 98 08 9b 79 8a 92 a0 44 21 49 f1 42 f1 af f3 bc f2 bc 93 bf 08 90 c2 9c 67 f0 a1 21 22 f0 47 e4 9a 99 f2 99 b4 08 49 f1 c2 99 bb f0 c9 f0 bb 8a 8a ba 79 8f 43 0d ff 00,"…落ち込んじゃって
どうしたの？、飛行機乗りだろ
そんな時は、パーッと空でも
飛んで気晴らししようよ！","…풀이 죽었네
왜 그래? 비행기 조종사잖아
그럴 때는 시원하게 하늘이라도
날면서 기분을 풀자!",UNASSIGNED,ユウキ,"[{""offset"":-5,""raw_hex"":""02 0e 00 03 00"",""kind"":""MESSAGE_HEADER"",""opcode"":2,""argument"":3},{""offset"":11,""raw_hex"":""08"",""kind"":""LINE_BREAK""},{""offset"":30,""raw_hex"":""08"",""kind"":""LINE_BREAK""},{""offset"":47,""raw_hex"":""08"",""kind"":""LINE_BREAK""},{""offset"":63,""raw_hex"":""0d ff 00"",""kind"":""MESSAGE_END""}]",REVIEW_1,NO,CHARACTER_GUIDE v0.1 적용. context-v1 복원 원문 1차 번역.,SUPPORTED: structured scenario command; header FACE slot maps to face_yuuki_04; runtime display not yet checked. PROVEN: byte-identical source command exists at the same path and offsets on Disc 2. SUPPORTED: context-v1 glyph 복원; 런타임 원문 검증 전. TERM: 버스피어·파스·도박장.,"<G0026>落ち込んじゃって
どうしたの？<G0001>飛行機乗りだろ
そんな時は<G0001>パーッと空でも
飛んで気<G0179>らししよう<G006F>！",SUPPORTED,"0001,0026,006F,0179",NONE,
SCN_00120200_00740000_0023,SCENARIO,scenario_message,DATA/00120200.MDZ,DATA/00120200.MDT,0x00740000,00120200,22,0x00254733,0x0025472e,3e f0 3a f0 ce 99 26 f5 7d f0 08 99 80 bd b6 96 bb 8b b5 9c 77 93 bf 44 08 75 77 96 bb 21 b4 a0 8c 87 77 be f1 99 08 9a f4 77 7e 7e 95 98 82 bd 7e bb 9c 0d ff 00,"レンガで相手
できるやつらじゃないだろ？
あいつら、ものすごい数で
誘いかかってくるからな","그런 녀석들을
상대할 수 있는 놈들이 아니잖아?
저 녀석들은 엄청난 수로
몰려들어 오니까.",UNASSIGNED,ユウキ,"[{""offset"":-5,""raw_hex"":""02 0e 00 08 00"",""kind"":""MESSAGE_HEADER"",""opcode"":2,""argument"":8},{""offset"":10,""raw_hex"":""08"",""kind"":""LINE_BREAK""},{""offset"":24,""raw_hex"":""08"",""kind"":""LINE_BREAK""},{""offset"":38,""raw_hex"":""08"",""kind"":""LINE_BREAK""},{""offset"":51,""raw_hex"":""0d ff 00"",""kind"":""MESSAGE_END""}]",REVIEW_1,NO,CHARACTER_GUIDE v0.1 적용. context-v1 복원 원문 1차 번역.,SUPPORTED: structured scenario command; header FACE slot maps to face_yuuki_09; runtime display not yet checked. PROVEN: byte-identical source command exists at the same path and offsets on Disc 2. SUPPORTED: context-v1 glyph 복원; 런타임 원문 검증 전. TERM: 버스피어·파스·도박장.,"レンガで<G04E6>手
できるやつらじゃないだろ？
あいつら<G0001>ものすごい数で
<G048A>いかかってくるからな",SUPPORTED,"0001,048A,04E6",NONE,
SCN_00120200_00740000_0024,SCENARIO,scenario_message,DATA/00120200.MDZ,DATA/00120200.MDT,0x00740000,00120200,23,0x002547d4,0x002547cf,90 79 77 79 24 f6 3b f5 8b b5 9c 77 93 bf 46 0d ff 00,そういう問題じゃないだろ…,그런 문제가 아니잖아…,UNASSIGNED,ユウキ,"[{""offset"":-5,""raw_hex"":""02 0e 00 08 00"",""kind"":""MESSAGE_HEADER"",""opcode"":2,""argument"":8},{""offset"":15,""raw_hex"":""0d ff 00"",""kind"":""MESSAGE_END""}]",REVIEW_1,NO,CHARACTER_GUIDE v0.1 적용. context-v1 복원 원문 1차 번역.,SUPPORTED: structured scenario command; header FACE slot maps to face_yuuki_09; runtime display not yet checked. PROVEN: byte-identical source command exists at the same path and offsets on Disc 2. SUPPORTED: context-v1 glyph 복원; 런타임 원문 검증 전. TERM: 버스피어·파스·도박장.,そういう<G05B4><G04FB>じゃないだろ<G0026>,SUPPORTED,0026,SUPPORTED,"04FB,05B4"
SCN_00120200_00740000_0025,SCENARIO,scenario_message,DATA/00120200.MDZ,DATA/00120200.MDT,0x00740000,00120200,24,0x002548c8,0x002548c3,75 bb 75 bb 08 77 7e 9d b4 e9 21 f0 d1 b1 f0 46 95 98 22 f2 ea f3 9f 0d ff 00,"あらあら
いかにもトバク場…って光景ね","어머나
딱 봐도 도박장… 같은 풍경이네.",UNASSIGNED,ミランダ,"[{""offset"":-5,""raw_hex"":""22 0e 00 1d 00"",""kind"":""MESSAGE_HEADER"",""opcode"":34,""argument"":29},{""offset"":4,""raw_hex"":""08"",""kind"":""LINE_BREAK""},{""offset"":23,""raw_hex"":""0d ff 00"",""kind"":""MESSAGE_END""}]",REVIEW_1,NO,CHARACTER_GUIDE v0.1 적용. context-v1 복원 원문 1차 번역.,SUPPORTED: structured scenario command; header FACE slot maps to face_miranda_04; runtime display not yet checked. PROVEN: byte-identical source command exists at the same path and offsets on Disc 2. SUPPORTED: context-v1 glyph 복원; 런타임 원문 검증 전. TERM: 버스피어·파스·도박장.,"あらあら
いかにもトバク場<G0026>って光景ね",SUPPORTED,0026,NONE,
SCN_00120200_00740000_0026,SCENARIO,scenario_message,DATA/00120200.MDZ,DATA/00120200.MDT,0x00740000,00120200,25,0x00254925,0x00254920,a7 45 c2 21 d6 f1 43 f6 37 f5 8a 7e 46 0d ff 00,ふ〜ん、高利貸しか…,"흐음, 고리대금업자인가…",UNASSIGNED,ミランダ,"[{""offset"":-5,""raw_hex"":""22 0e 00 20 00"",""kind"":""MESSAGE_HEADER"",""opcode"":34,""argument"":32},{""offset"":13,""raw_hex"":""0d ff 00"",""kind"":""MESSAGE_END""}]",REVIEW_1,NO,CHARACTER_GUIDE v0.1 적용. context-v1 복원 원문 1차 번역.,SUPPORTED: structured scenario command; header FACE slot maps to face_miranda_07; runtime display not yet checked. PROVEN: byte-identical source command exists at the same path and offsets on Disc 2. SUPPORTED: context-v1 glyph 복원; 런타임 원문 검증 전. TERM: 버스피어·파스·도박장.,ふ〜ん<G0001>高利<G04F7>しか<G0026>,SUPPORTED,"0001,0026",SUPPORTED,04F7
SCN_00120200_00740000_0028,SCENARIO,scenario_message,DATA/00120200.MDZ,DATA/00120200.MDT,0x00740000,00120200,27,0x00254aa3,0x00254a9e,bb f0 9e f1 82 c8 f2 a8 c2 8b b5 9c 77 ba 0d ff 00,気安く呼ぶんじゃないよ,함부로 부르지 마.,UNASSIGNED,ミランダ,"[{""offset"":-5,""raw_hex"":""22 0e 00 21 00"",""kind"":""MESSAGE_HEADER"",""opcode"":34,""argument"":33},{""offset"":14,""raw_hex"":""0d ff 00"",""kind"":""MESSAGE_END""}]",REVIEW_1,NO,CHARACTER_GUIDE v0.1 적용. context-v1 복원 원문 1차 번역.,SUPPORTED: structured scenario command; header FACE slot maps to face_miranda_08; runtime display not yet checked. PROVEN: byte-identical source command exists at the same path and offsets on Disc 2. SUPPORTED: context-v1 glyph 복원; 런타임 원문 검증 전. TERM: 버스피어·파스·도박장.,気<G021E>く呼ぶんじゃないよ,SUPPORTED,021E,NONE,
SCN_00120200_00740000_0029,SCENARIO,scenario_message,DATA/00120200.MDZ,DATA/00120200.MDT,0x00740000,00120200,28,0x00254b54,0x00254b4f,35 f2 47 f6 8a 9a 82 c0 0d ff 00,遠慮しとくわ,사양할게.,UNASSIGNED,ミランダ,"[{""offset"":-5,""raw_hex"":""22 0e 00 1d 00"",""kind"":""MESSAGE_HEADER"",""opcode"":34,""argument"":29},{""offset"":8,""raw_hex"":""0d ff 00"",""kind"":""MESSAGE_END""}]",REVIEW_1,NO,CHARACTER_GUIDE v0.1 적용. context-v1 복원 원문 1차 번역.,SUPPORTED: structured scenario command; header FACE slot maps to face_miranda_04; runtime display not yet checked. PROVEN: byte-identical source command exists at the same path and offsets on Disc 2. SUPPORTED: context-v1 glyph 복원; 런타임 원문 검증 전. TERM: 버스피어·파스·도박장.,遠<G05D7>しとくわ,SUPPORTED,05D7,NONE,
SCN_00120200_00740000_0030,SCENARIO,scenario_message,DATA/00120200.MDZ,DATA/00120200.MDT,0x00740000,00120200,29,0x00254bb7,0x00254bb2,8a 96 86 77 9f e4 41 0d ff 00,しつこいねッ！,끈질기네!,UNASSIGNED,アロンソ,"[{""offset"":-5,""raw_hex"":""22 0e 00 24 00"",""kind"":""MESSAGE_HEADER"",""opcode"":34,""argument"":36},{""offset"":7,""raw_hex"":""0d ff 00"",""kind"":""MESSAGE_END""}]",REVIEW_1,NO,CHARACTER_GUIDE v0.1 적용. context-v1 복원 원문 1차 번역.,SUPPORTED: structured scenario command; header FACE slot maps to face_alonso_03; runtime display not yet checked. PROVEN: byte-identical source command exists at the same path and offsets on Disc 2. SUPPORTED: context-v1 glyph 복원; 런타임 원문 검증 전. TERM: 버스피어·파스·도박장.,しつこいねッ<G0021>,SUPPORTED,0021,NONE,
SCN_00120200_00740000_0031,SCENARIO,scenario_message,DATA/00120200.MDZ,DATA/00120200.MDT,0x00740000,00120200,30,0x00254cc0,0x00254cbb,9c c2 9c a0 ba 21 c4 3a f0 e1 08 d7 f0 9d b4 a0 c1 82 f2 b2 9a 80 a1 46 0d ff 00,"なんなのよ、アンタ
人にものを頼むときは…","뭐 하는 거야, 너
남에게 부탁할 때는 말이야…",UNASSIGNED,アロンソ,"[{""offset"":-5,""raw_hex"":""22 0e 00 24 00"",""kind"":""MESSAGE_HEADER"",""opcode"":34,""argument"":36},{""offset"":10,""raw_hex"":""08"",""kind"":""LINE_BREAK""},{""offset"":24,""raw_hex"":""0d ff 00"",""kind"":""MESSAGE_END""}]",REVIEW_1,NO,CHARACTER_GUIDE v0.1 적용. context-v1 복원 원문 1차 번역.,SUPPORTED: structured scenario command; header FACE slot maps to face_alonso_03; runtime display not yet checked. PROVEN: byte-identical source command exists at the same path and offsets on Disc 2. SUPPORTED: context-v1 glyph 복원; 런타임 원문 검증 전. TERM: 버스피어·파스·도박장.,"なんなのよ<G0001>アンタ
人にものを頼むときは<G0026>",SUPPORTED,"0001,0026",NONE,
SCN_00120200_00740000_0032,SCENARIO,scenario_message,DATA/00120200.MDZ,DATA/00120200.MDT,0x00740000,00120200,31,0x00254e05,0x00254e00,2c f0 3a f0 e9 21 d7 f0 bb f0 75 bd c0 9f 95 46 43 0d ff 00,ホント、人気あるわねっ…！,정말 인기 많네…!,UNASSIGNED,アロンソ,"[{""offset"":-5,""raw_hex"":""22 0e 00 24 00"",""kind"":""MESSAGE_HEADER"",""opcode"":34,""argument"":36},{""offset"":17,""raw_hex"":""0d ff 00"",""kind"":""MESSAGE_END""}]",REVIEW_1,NO,CHARACTER_GUIDE v0.1 적용. context-v1 복원 원문 1차 번역.,SUPPORTED: structured scenario command; header FACE slot maps to face_alonso_03; runtime display not yet checked. PROVEN: byte-identical source command exists at the same path and offsets on Disc 2. SUPPORTED: context-v1 glyph 복원; 런타임 원문 검증 전. TERM: 버스피어·파스·도박장.,ホント<G0001>人気あるわねっ<G0026>！,SUPPORTED,"0001,0026",NONE,
SCN_00120200_00740000_0035,SCENARIO,scenario_message,DATA/00120200.MDZ,DATA/00120200.MDT,0x00740000,00120200,34,0x0025532b,0x00255326,8e f4 e6 f1 8a f0 bc 7e 46 08 9c bb 21 4d f5 71 f1 82 64 f0 8c c0 84 9c 77 ba 9c 0d ff 00,"借金取りか…
なら、仲良く話すわけないよな","빚 받으러 온 사람이구나…
그럼 사이좋게 얘기할 리 없지.",UNASSIGNED,ユウキ,"[{""offset"":-5,""raw_hex"":""02 0e 00 01 00"",""kind"":""MESSAGE_HEADER"",""opcode"":2,""argument"":1},{""offset"":9,""raw_hex"":""08"",""kind"":""LINE_BREAK""},{""offset"":27,""raw_hex"":""0d ff 00"",""kind"":""MESSAGE_END""}]",REVIEW_1,NO,CHARACTER_GUIDE v0.1 적용. context-v1 복원 원문 1차 번역.,SUPPORTED: structured scenario command; header FACE slot maps to face_yuuki_02; runtime display not yet checked. PROVEN: byte-identical source command exists at the same path and offsets on Disc 2. SUPPORTED: context-v1 glyph 복원; 런타임 원문 검증 전. TERM: 버스피어·파스·도박장.,"<G047E>金取りか<G0026>
なら<G0001>仲良く<G0114>すわけないよな",SUPPORTED,"0001,0026,0114,047E",NONE,
SCN_00120200_00740000_0036,SCENARIO,scenario_message,DATA/00120200.MDZ,DATA/00120200.MDT,0x00740000,00120200,35,0x00255471,0x0025546c,cc f3 a5 f0 9c c2 7e 8a 98 9c 77 08 46 b2 8a bf 21 75 c2 92 a0 e1 f0 da f0 c1 08 ec f4 43 f1 8a 92 a0 88 0d ff 00,"協力なんかしてない
…むしろ、あんたの悪事を
阻止したのさ","협력 같은 건 안 했어
…오히려 네 악행을
막은 거야.",UNASSIGNED,ユウキ,"[{""offset"":-5,""raw_hex"":""02 0e 00 01 00"",""kind"":""MESSAGE_HEADER"",""opcode"":2,""argument"":1},{""offset"":11,""raw_hex"":""08"",""kind"":""LINE_BREAK""},{""offset"":26,""raw_hex"":""08"",""kind"":""LINE_BREAK""},{""offset"":35,""raw_hex"":""0d ff 00"",""kind"":""MESSAGE_END""}]",REVIEW_1,NO,CHARACTER_GUIDE v0.1 적용. context-v1 복원 원문 1차 번역.,SUPPORTED: structured scenario command; header FACE slot maps to face_yuuki_02; runtime display not yet checked. PROVEN: byte-identical source command exists at the same path and offsets on Disc 2. SUPPORTED: context-v1 glyph 복원; 런타임 원문 검증 전. TERM: 버스피어·파스·도박장.,"<G03EC>力なんかしてない
<G0026>むしろ<G0001>あんたの悪事を
<G04DC><G01C3>したのさ",SUPPORTED,"0001,0026,01C3,03EC",SUPPORTED,04DC
SCN_00120200_00740000_0037,SCENARIO,scenario_message,DATA/00120200.MDZ,DATA/00120200.MDT,0x00740000,00120200,36,0x0025550a,0x00255505,90 86 b0 99 7b f0 7e 95 98 bd 9c bb 08 b4 79 21 86 a0 d7 f0 9d e6 f1 37 f5 8c 9c ba 08 75 c2 92 7f 37 f5 88 9c 80 b5 08 8e f4 e6 f1 9d d9 f0 8a b2 86 9a b4 9c 77 c2 93 0d ff 00,"そこまで分かってるなら
もう、この人に金貸すなよ
あんたが貸さなきゃ
借金に苦しむこともないんだ","그렇게까지 알고 있다면
이제 이 사람한테 돈을 빌려주지 마
네가 빌려주지 않으면
빚 때문에 괴로워할 일도 없잖아.",UNASSIGNED,ユウキ,"[{""offset"":-5,""raw_hex"":""02 0e 00 01 00"",""kind"":""MESSAGE_HEADER"",""opcode"":2,""argument"":1},{""offset"":12,""raw_hex"":""08"",""kind"":""LINE_BREAK""},{""offset"":28,""raw_hex"":""08"",""kind"":""LINE_BREAK""},{""offset"":39,""raw_hex"":""08"",""kind"":""LINE_BREAK""},{""offset"":56,""raw_hex"":""0d ff 00"",""kind"":""MESSAGE_END""}]",REVIEW_1,NO,CHARACTER_GUIDE v0.1 적용. context-v1 복원 원문 1차 번역.,SUPPORTED: structured scenario command; header FACE slot maps to face_yuuki_02; runtime display not yet checked. PROVEN: byte-identical source command exists at the same path and offsets on Disc 2. SUPPORTED: context-v1 glyph 복원; 런타임 원문 검증 전. TERM: 버스피어·파스·도박장.,"そこまで分かってるなら
もう<G0001>この人に金<G04F7>すなよ
あんたが<G04F7>さなきゃ
<G047E>金に苦しむこともないんだ",SUPPORTED,"0001,047E",SUPPORTED,04F7
SCN_00120200_00740000_0038,SCENARIO,scenario_message,DATA/00120200.MDZ,DATA/00120200.MDT,0x00740000,00120200,37,0x002555a4,0x0025559f,93 84 9b 21 7d e6 f1 9d 4e f4 95 92 d7 f0 c1 08 c3 f4 77 e3 f0 9d 8c bd 6c f4 da f0 93 bf 46 43 0d ff 00,"だけど、お金に困った人を
食い物にする仕事だろ…！","하지만 돈이 필요한 사람을
등쳐 먹는 일이잖아…!",UNASSIGNED,ユウキ,"[{""offset"":-5,""raw_hex"":""02 0e 00 07 00"",""kind"":""MESSAGE_HEADER"",""opcode"":2,""argument"":7},{""offset"":15,""raw_hex"":""08"",""kind"":""LINE_BREAK""},{""offset"":32,""raw_hex"":""0d ff 00"",""kind"":""MESSAGE_END""}]",REVIEW_1,NO,CHARACTER_GUIDE v0.1 적용. context-v1 복원 원문 1차 번역.,SUPPORTED: structured scenario command; header FACE slot maps to face_yuuki_08; runtime display not yet checked. PROVEN: byte-identical source command exists at the same path and offsets on Disc 2. SUPPORTED: context-v1 glyph 복원; 런타임 원문 검증 전. TERM: 버스피어·파스·도박장.,"だけど<G0001>お金に<G043E>った人を
食い物にする仕事だろ<G0026>！",SUPPORTED,"0001,0026,043E",NONE,
SCN_00120200_00740000_0039,SCENARIO,scenario_message,DATA/00120200.MDZ,DATA/00120200.MDT,0x00740000,00120200,38,0x00255713,0x0025570e,ec f1 95 98 bd ba 08 86 be 7e bb 21 42 f1 82 9a 86 bf 88 43 0d ff 00,"知ってるよ
これから、行くところさ！","알고 있어
지금부터 가려던 참이야!",UNASSIGNED,ユウキ,"[{""offset"":-5,""raw_hex"":""02 0e 00 01 00"",""kind"":""MESSAGE_HEADER"",""opcode"":2,""argument"":1},{""offset"":6,""raw_hex"":""08"",""kind"":""LINE_BREAK""},{""offset"":20,""raw_hex"":""0d ff 00"",""kind"":""MESSAGE_END""}]",REVIEW_1,NO,CHARACTER_GUIDE v0.1 적용. context-v1 복원 원문 1차 번역.,SUPPORTED: structured scenario command; header FACE slot maps to face_yuuki_02; runtime display not yet checked. PROVEN: byte-identical source command exists at the same path and offsets on Disc 2. SUPPORTED: context-v1 glyph 복원; 런타임 원문 검증 전. TERM: 버스피어·파스·도박장.,"知ってるよ
これから<G0001>行くところさ！",SUPPORTED,0001,NONE,
SCN_00120200_00740000_0040,SCENARIO,scenario_message,DATA/00120200.MDZ,DATA/00120200.MDT,0x00740000,00120200,39,0x002557d1,0x002557cc,b6 95 a3 bc 77 bb 9c 77 9c 08 cd f1 36 f1 a1 77 82 bb 44 0d ff 00,"やっぱりいらないな
値段はいくら？","역시 필요 없겠네
가격이 얼마야?",UNASSIGNED,ユウキ,"[{""offset"":-5,""raw_hex"":""02 0e 00 01 00"",""kind"":""MESSAGE_HEADER"",""opcode"":2,""argument"":1},{""offset"":9,""raw_hex"":""08"",""kind"":""LINE_BREAK""},{""offset"":19,""raw_hex"":""0d ff 00"",""kind"":""MESSAGE_END""}]",REVIEW_1,NO,CHARACTER_GUIDE v0.1 적용. context-v1 복원 원문 1차 번역.,SUPPORTED: structured scenario command; header FACE slot maps to face_yuuki_02; runtime display not yet checked. PROVEN: byte-identical source command exists at the same path and offsets on Disc 2. SUPPORTED: context-v1 glyph 복원; 런타임 원문 검증 전. TERM: 버스피어·파스·도박장.,"やっ<G0083>りいらないな
値<G01B6>はいくら？",SUPPORTED,"0083,01B6",NONE,
SCN_00120200_00740000_0041,SCENARIO,scenario_message,DATA/00120200.MDZ,DATA/00120200.MDT,0x00740000,00120200,40,0x00255881,0x0025587c,79 45 c2 46 08 32 f0 3a f0 e8 c5 9d 42 f1 82 93 84 93 8a 08 75 c2 b0 bc 6c f0 3d f6 9c 88 90 79 93 9c 46 0d ff 00,"う〜ん…
メンディに行くだけだし
あんまり必要なさそうだな…","으음…
멘디에 가는 것뿐이니까
별로 필요 없을 것 같네…",UNASSIGNED,ユウキ,"[{""offset"":-5,""raw_hex"":""02 0e 00 0b 00"",""kind"":""MESSAGE_HEADER"",""opcode"":2,""argument"":11},{""offset"":4,""raw_hex"":""08"",""kind"":""LINE_BREAK""},{""offset"":19,""raw_hex"":""08"",""kind"":""LINE_BREAK""},{""offset"":35,""raw_hex"":""0d ff 00"",""kind"":""MESSAGE_END""}]",REVIEW_1,NO,CHARACTER_GUIDE v0.1 적용. context-v1 복원 원문 1차 번역.,SUPPORTED: structured scenario command; header FACE slot maps to face_yuuki_12; runtime display not yet checked. PROVEN: byte-identical source command exists at the same path and offsets on Disc 2. SUPPORTED: context-v1 glyph 복원; 런타임 원문 검증 전. TERM: 버스피어·파스·도박장.,"う〜ん<G0026>
メンディに行くだけだし
あんまり<G011C><G05CD>なさそうだな<G0026>",SUPPORTED,"0026,011C,05CD",NONE,
SCN_00120200_00740000_0042,SCENARIO,scenario_message,DATA/00120200.MDZ,DATA/00120200.MDT,0x00740000,00120200,41,0x00255a8d,0x00255a88,46 b6 95 a3 bc 77 bb 9c 77 08 ba 8a 21 90 a0 6a f0 6b f0 21 82 f0 79 8f 43 0d ff 00,"…やっぱりいらない
よし、その魔法、買うよ！","…역시 필요 없어
좋아, 그 마법 살게!",UNASSIGNED,ユウキ,"[{""offset"":-5,""raw_hex"":""02 0e 00 01 00"",""kind"":""MESSAGE_HEADER"",""opcode"":2,""argument"":1},{""offset"":9,""raw_hex"":""08"",""kind"":""LINE_BREAK""},{""offset"":25,""raw_hex"":""0d ff 00"",""kind"":""MESSAGE_END""}]",REVIEW_1,NO,CHARACTER_GUIDE v0.1 적용. context-v1 복원 원문 1차 번역.,SUPPORTED: structured scenario command; header FACE slot maps to face_yuuki_02; runtime display not yet checked. PROVEN: byte-identical source command exists at the same path and offsets on Disc 2. SUPPORTED: context-v1 glyph 복원; 런타임 원문 검증 전. TERM: 버스피어·파스·도박장.,"<G0026>やっ<G0083>りいらない
よし<G0001>その魔法<G0001><G0132>う<G006F>！",SUPPORTED,"0001,0026,006F,0083,0132",NONE,
SCN_00120200_00740000_0045,SCENARIO,scenario_message,DATA/00120200.MDZ,DATA/00120200.MDT,0x00740000,00120200,44,0x00255d4f,0x00255d4a,96 f3 8a 90 79 9d 2e f4 79 9f 21 7d 8b 88 c2 08 a3 f5 b4 f4 8a 98 bd a0 44 0d ff 00,"楽しそうに言うね、おじさん
反省してるの？","신나게 말하네, 아저씨
반성은 하고 있어?",UNASSIGNED,ユウキ,"[{""offset"":-5,""raw_hex"":""02 0e 00 01 00"",""kind"":""MESSAGE_HEADER"",""opcode"":2,""argument"":1},{""offset"":15,""raw_hex"":""08"",""kind"":""LINE_BREAK""},{""offset"":25,""raw_hex"":""0d ff 00"",""kind"":""MESSAGE_END""}]",REVIEW_1,NO,CHARACTER_GUIDE v0.1 적용. context-v1 복원 원문 1차 번역.,SUPPORTED: structured scenario command; header FACE slot maps to face_yuuki_02; runtime display not yet checked. PROVEN: byte-identical source command exists at the same path and offsets on Disc 2. SUPPORTED: context-v1 glyph 복원; 런타임 원문 검증 전. TERM: 버스피어·파스·도박장.,"<G03B6>しそうに<G041E>うね<G0001>おじさん
反<G04A4>してるの？",SUPPORTED,"0001,03B6,041E,04A4",NONE,
SCN_00120200_00740000_0046,SCENARIO,scenario_message,DATA/00120200.MDZ,DATA/00120200.MDT,0x00740000,00120200,45,0x00255f28,0x00255f23,b4 f0 bc f2 bc a0 84 f2 85 f2 b1 92 77 93 9c 08 56 f3 41 f2 8a 92 a0 7e 46 44 0d ff 00,"船乗りの日記みたいだな
難破したのか…？","선원의 일기 같네
난파한 건가…?",UNASSIGNED,ユウキ,"[{""offset"":-5,""raw_hex"":""02 0e 00 01 00"",""kind"":""MESSAGE_HEADER"",""opcode"":2,""argument"":1},{""offset"":15,""raw_hex"":""08"",""kind"":""LINE_BREAK""},{""offset"":26,""raw_hex"":""0d ff 00"",""kind"":""MESSAGE_END""}]",REVIEW_1,NO,CHARACTER_GUIDE v0.1 적용. context-v1 복원 원문 1차 번역.,SUPPORTED: structured scenario command; header FACE slot maps to face_yuuki_02; runtime display not yet checked. PROVEN: byte-identical source command exists at the same path and offsets on Disc 2. SUPPORTED: context-v1 glyph 복원; 런타임 원문 검증 전. TERM: 버스피어·파스·도박장.,"船乗りの<G02D4><G02D5>みたいだな
<G0376>破したのか<G0026>？",SUPPORTED,"0026,02D4,0376",SUPPORTED,02D5
SCN_00120200_00740000_0048,SCENARIO,scenario_message,DATA/00120200.MDZ,DATA/00120200.MDT,0x00740000,00120200,47,0x0025603b,0x00256036,75 a1 a1 46 21 21 f0 3e f0 98 92 7e 43 08 87 b3 c2 46 0d ff 00,"あはは…、バレてたか！
ごめん…","아하하… 들켰나!
미안…",UNASSIGNED,ユウキ,"[{""offset"":-5,""raw_hex"":""02 0e 00 08 00"",""kind"":""MESSAGE_HEADER"",""opcode"":2,""argument"":8},{""offset"":13,""raw_hex"":""08"",""kind"":""LINE_BREAK""},{""offset"":18,""raw_hex"":""0d ff 00"",""kind"":""MESSAGE_END""}]",REVIEW_1,NO,CHARACTER_GUIDE v0.1 적용. context-v1 복원 원문 1차 번역.,SUPPORTED: structured scenario command; header FACE slot maps to face_yuuki_09; runtime display not yet checked. PROVEN: byte-identical source command exists at the same path and offsets on Disc 2. SUPPORTED: context-v1 glyph 복원; 런타임 원문 검증 전. TERM: 버스피어·파스·도박장.,"あはは<G0026><G0001>バレてたか！
ごめん<G0026>",SUPPORTED,"0001,0026",NONE,
SCN_00120200_00740000_0049,SCENARIO,scenario_message,DATA/00120200.MDZ,DATA/00120200.MDT,0x00740000,00120200,48,0x0025649b,0x00256496,eb f2 97 f2 9d 92 95 92 a4 9a 96 08 5d f0 7b f0 93 84 a0 c8 f0 cc f4 93 95 98 08 2e f4 95 98 92 7e bb 9c 74 0d ff 00,"世界にたったひとつ
自分だけの海図だって
言ってたからなぁ","세상에 단 하나뿐인
자기만의 해도라고
말했었으니까.",UNASSIGNED,ユウキ,"[{""offset"":-5,""raw_hex"":""02 0e 00 09 00"",""kind"":""MESSAGE_HEADER"",""opcode"":2,""argument"":9},{""offset"":11,""raw_hex"":""08"",""kind"":""LINE_BREAK""},{""offset"":26,""raw_hex"":""08"",""kind"":""LINE_BREAK""},{""offset"":36,""raw_hex"":""0d ff 00"",""kind"":""MESSAGE_END""}]",REVIEW_1,NO,CHARACTER_GUIDE v0.1 적용. context-v1 복원 원문 1차 번역.,SUPPORTED: structured scenario command; header FACE slot maps to face_yuuki_10; runtime display not yet checked. PROVEN: byte-identical source command exists at the same path and offsets on Disc 2. SUPPORTED: context-v1 glyph 복원; 런타임 원문 검증 전. TERM: 버스피어·파스·도박장.,"世界にたったひとつ
自分だけの海<G04BC>だって
<G041E>ってたからな<G0054>",SUPPORTED,"0054,041E,04BC",NONE,
SCN_00150100_00740000_0005,SCENARIO,scenario_message,DATA/00150100.MDZ,DATA/00150100.MDT,0x00740000,00150100,4,0x003d65ba,0x003d65b5,93 9f 08 88 8c 7f 9d 46 f1 77 ba 08 5d f0 e8 f5 a0 b4 f0 93 84 75 95 98 0d ff 00,"だね
さすがに速いよ
自慢の船だけあって","그렇네
역시 빠르다
자랑하는 배답게.",UNASSIGNED,ユウキ,"[{""offset"":-5,""raw_hex"":""02 0e 00 02 00"",""kind"":""MESSAGE_HEADER"",""opcode"":2,""argument"":2},{""offset"":2,""raw_hex"":""08"",""kind"":""LINE_BREAK""},{""offset"":11,""raw_hex"":""08"",""kind"":""LINE_BREAK""},{""offset"":24,""raw_hex"":""0d ff 00"",""kind"":""MESSAGE_END""}]",REVIEW_1,NO,CHARACTER_GUIDE v0.1 적용. context-v1 복원 원문 1차 번역.,SUPPORTED: structured scenario command; header FACE slot maps to face_yuuki_03; runtime display not yet checked. PROVEN: byte-identical source command exists at the same path and offsets on Disc 2. SUPPORTED: context-v1 glyph 복원; 런타임 원문 검증 전. TERM: 버스피어·파스·도박장.,"だね
さすがに速いよ
自<G05A8>の船だけあって",SUPPORTED,05A8,NONE,
SCN_00150100_00740000_0009,SCENARIO,scenario_message,DATA/00150100.MDZ,DATA/00150100.MDT,0x00740000,00150100,8,0x003d67f3,0x003d67ee,94 21 94 b9 95 9a 21 c4 3f f0 3a f0 df 43 08 9c 9d ba 21 75 a0 3c f2 b1 92 77 9c a0 42 0d ff 00,"ち、ちょっと、アロンソ！
なによ、あの雲みたいなの？","자, 잠깐, 알론소!
저 구름 같은 건 뭐야?",UNASSIGNED,アロンソ,"[{""offset"":-5,""raw_hex"":""22 0e 00 22 00"",""kind"":""MESSAGE_HEADER"",""opcode"":34,""argument"":34},{""offset"":14,""raw_hex"":""08"",""kind"":""LINE_BREAK""},{""offset"":29,""raw_hex"":""0d ff 00"",""kind"":""MESSAGE_END""}]",REVIEW_1,NO,CHARACTER_GUIDE v0.1 적용. context-v1 복원 원문 1차 번역.,SUPPORTED: structured scenario command; header FACE slot maps to face_alonso_01; runtime display not yet checked. PROVEN: byte-identical source command exists at the same path and offsets on Disc 2. SUPPORTED: context-v1 glyph 복원; 런타임 원문 검증 전. TERM: 버스피어·파스·도박장.,"ち<G0001>ちょっと<G0001>アロンソ！
なによ<G0001>あの雲みたいなの<G0022>",SUPPORTED,"0001,0022",NONE,
SCN_00150100_00740000_0011,SCENARIO,scenario_message,DATA/00150100.MDZ,DATA/00150100.MDT,0x00740000,00150100,10,0x003d6b85,0x003d6b80,9a 77 79 c0 84 99 88 21 82 f2 b2 ba 21 d9 21 f0 08 77 77 93 bf ce f5 9d 08 93 f1 bd b4 c2 8b b5 9c 8a 0d ff 00,"というわけでさ、頼むよ、シバ
いいだろ別に
減るもんじゃなし","그러니까 부탁이야, 시바
괜찮잖아
손해 보는 것도 아닌데.",UNASSIGNED,ユウキ,"[{""offset"":-5,""raw_hex"":""02 0e 00 02 00"",""kind"":""MESSAGE_HEADER"",""opcode"":2,""argument"":2},{""offset"":16,""raw_hex"":""08"",""kind"":""LINE_BREAK""},{""offset"":24,""raw_hex"":""08"",""kind"":""LINE_BREAK""},{""offset"":34,""raw_hex"":""0d ff 00"",""kind"":""MESSAGE_END""}]",REVIEW_1,NO,CHARACTER_GUIDE v0.1 적용. context-v1 복원 원문 1차 번역.,SUPPORTED: structured scenario command; header FACE slot maps to face_yuuki_03; runtime display not yet checked. PROVEN: byte-identical source command exists at the same path and offsets on Disc 2. SUPPORTED: context-v1 glyph 복원; 런타임 원문 검증 전. TERM: 버스피어·파스·도박장.,"というわけでさ<G0001>頼むよ<G0001>シバ
いいだろ別に
減るもんじゃなし",SUPPORTED,0001,NONE,
SCN_00150100_00740000_0013,SCENARIO,scenario_message,DATA/00150100.MDZ,DATA/00150100.MDT,0x00740000,00150100,12,0x003d6c85,0x003d6c80,b4 8a 7e 8a 98 46 46 08 90 f0 e2 f2 88 be 98 bd 46 46 44 0d ff 00,"もしかして……
無視されてる……？","설마……
무시당하고 있는 거야……?",UNASSIGNED,ユウキ,"[{""offset"":-5,""raw_hex"":""02 0e 00 08 00"",""kind"":""MESSAGE_HEADER"",""opcode"":2,""argument"":8},{""offset"":7,""raw_hex"":""08"",""kind"":""LINE_BREAK""},{""offset"":19,""raw_hex"":""0d ff 00"",""kind"":""MESSAGE_END""}]",REVIEW_1,NO,CHARACTER_GUIDE v0.1 적용. context-v1 복원 원문 1차 번역.,SUPPORTED: structured scenario command; header FACE slot maps to face_yuuki_09; runtime display not yet checked. PROVEN: byte-identical source command exists at the same path and offsets on Disc 2. SUPPORTED: context-v1 glyph 복원; 런타임 원문 검증 전. TERM: 버스피어·파스·도박장.,"もしかして<G0026><G0026>
無視されてる<G0026><G0026>？",SUPPORTED,0026,NONE,
SCN_00150100_00740000_0014,SCENARIO,scenario_message,DATA/00150100.MDZ,DATA/00150100.MDT,0x00740000,00150100,13,0x003d6cbf,0x003d6cba,c0 7e 95 92 43 21 90 be 8b b5 75 88 08 bd f3 9d cc 3e f0 7f bc f2 8e 98 b6 bd ba 08 90 a0 75 9a 21 7d b0 7b 9d b4 08 bc f2 8e 98 82 be ba 43 21 9c 95 43 0d ff 00,"わかった！、それじゃあさ
先にオレが乗せてやるよ
そのあと、おまえにも
乗せてくれよ！、なっ！","알았어! 그럼 말이야
먼저 내가 태워 줄게
그다음에는 너도
나를 태워 줘! 응?",UNASSIGNED,ユウキ,"[{""offset"":-5,""raw_hex"":""02 0e 00 0a 00"",""kind"":""MESSAGE_HEADER"",""opcode"":2,""argument"":10},{""offset"":12,""raw_hex"":""08"",""kind"":""LINE_BREAK""},{""offset"":27,""raw_hex"":""08"",""kind"":""LINE_BREAK""},{""offset"":38,""raw_hex"":""08"",""kind"":""LINE_BREAK""},{""offset"":51,""raw_hex"":""0d ff 00"",""kind"":""MESSAGE_END""}]",REVIEW_1,NO,CHARACTER_GUIDE v0.1 적용. context-v1 복원 원문 1차 번역.,SUPPORTED: structured scenario command; header FACE slot maps to face_yuuki_11; runtime display not yet checked. PROVEN: byte-identical source command exists at the same path and offsets on Disc 2. SUPPORTED: context-v1 glyph 복원; 런타임 원문 검증 전. TERM: 버스피어·파스·도박장.,"わかった！<G0001>それじゃあさ
<G03DD>にオレが乗せてやるよ
そのあと<G0001>おまえにも
乗せてくれよ！<G0001>なっ！",SUPPORTED,0001,SUPPORTED,03DD
SCN_00150100_00740000_0015,SCENARIO,scenario_message,DATA/00150100.MDZ,DATA/00150100.MDT,0x00740000,00150100,14,0x003d6d26,0x003d6d21,86 77 96 46 46 08 21 f0 cd 9d 8a 98 bd 9c 46 46 43 0d ff 00,"こいつ……
バカにしてるな……！","이 녀석……
날 바보로 보는군……!",UNASSIGNED,ユウキ,"[{""offset"":-5,""raw_hex"":""02 0e 00 07 00"",""kind"":""MESSAGE_HEADER"",""opcode"":2,""argument"":7},{""offset"":5,""raw_hex"":""08"",""kind"":""LINE_BREAK""},{""offset"":17,""raw_hex"":""0d ff 00"",""kind"":""MESSAGE_END""}]",REVIEW_1,NO,CHARACTER_GUIDE v0.1 적용. context-v1 복원 원문 1차 번역.,SUPPORTED: structured scenario command; header FACE slot maps to face_yuuki_08; runtime display not yet checked. PROVEN: byte-identical source command exists at the same path and offsets on Disc 2. SUPPORTED: context-v1 glyph 복원; 런타임 원문 검증 전. TERM: 버스피어·파스·도박장.,"こいつ<G0026><G0026>
バカにしてるな<G0026><G0026>！",SUPPORTED,0026,NONE,
SCN_00150100_00740000_0018,SCENARIO,scenario_message,DATA/00150100.MDZ,DATA/00150100.MDT,0x00740000,00150100,17,0x003d6eb6,0x003d6eb1,9c 74 21 c4 3f f0 3a f0 df 08 de f0 29 f7 9c 62 f6 24 f6 9c c2 93 84 9b 88 46 08 b4 f0 95 98 21 98 f1 9d 24 f5 72 f8 8a 98 9c 82 98 b4 08 93 77 8b b9 79 a8 9c a0 44 0d ff 00,"なぁ、アロンソ
素朴な疑問なんだけどさ…
船って、常に操縦してなくても
だいじょうぶなの？","저기, 알론소
순수한 의문인데 말이야…
배는 계속 조종하지 않아도
괜찮은 거야?",UNASSIGNED,ユウキ,"[{""offset"":-5,""raw_hex"":""02 0e 00 0b 00"",""kind"":""MESSAGE_HEADER"",""opcode"":2,""argument"":11},{""offset"":9,""raw_hex"":""08"",""kind"":""LINE_BREAK""},{""offset"":26,""raw_hex"":""08"",""kind"":""LINE_BREAK""},{""offset"":45,""raw_hex"":""08"",""kind"":""LINE_BREAK""},{""offset"":55,""raw_hex"":""0d ff 00"",""kind"":""MESSAGE_END""}]",REVIEW_1,NO,CHARACTER_GUIDE v0.1 적용. context-v1 복원 원문 1차 번역.,SUPPORTED: structured scenario command; header FACE slot maps to face_yuuki_12; runtime display not yet checked. PROVEN: byte-identical source command exists at the same path and offsets on Disc 2. SUPPORTED: context-v1 glyph 복원; 런타임 원문 검증 전. TERM: 버스피어·파스·도박장.,"な<G0054><G0001>アロンソ
<G018E><G0689>な<G05F2><G05B4>なんだけどさ<G0026>
船って<G0001>常に<G04E4><G07A2>してなくても
だいじょうぶなの？",SUPPORTED,"0001,0026,0054",SUPPORTED,"018E,04E4,05B4,05F2,0689,07A2"
SCN_00150100_00740000_0019,SCENARIO,scenario_message,DATA/00150100.MDZ,DATA/00150100.MDT,0x00740000,00150100,18,0x003d6f84,0x003d6f7f,80 f3 44 f0 cb f0 b4 7e 7e bd 21 f2 c8 f0 46 08 49 f1 42 f1 af f3 8b b5 08 80 f3 44 f0 cb f0 b4 49 f1 a5 8c f0 84 bd 9c c2 98 08 88 8c 7f 9d 31 f0 3c f0 93 ba 9c 46 0d ff 00,"何ヶ月もかかる航海…
飛行機じゃ
何ヶ月も飛び続けるなんて
さすがにムリだよな…","몇 달이나 걸리는 항해…
비행기로는
몇 달 동안 계속 난다는 건
역시 무리겠지…",UNASSIGNED,ユウキ,"[{""offset"":-5,""raw_hex"":""02 0e 00 08 00"",""kind"":""MESSAGE_HEADER"",""opcode"":2,""argument"":8},{""offset"":15,""raw_hex"":""08"",""kind"":""LINE_BREAK""},{""offset"":24,""raw_hex"":""08"",""kind"":""LINE_BREAK""},{""offset"":42,""raw_hex"":""08"",""kind"":""LINE_BREAK""},{""offset"":55,""raw_hex"":""0d ff 00"",""kind"":""MESSAGE_END""}]",REVIEW_1,NO,CHARACTER_GUIDE v0.1 적용. context-v1 복원 원문 1차 번역.,SUPPORTED: structured scenario command; header FACE slot maps to face_yuuki_09; runtime display not yet checked. PROVEN: byte-identical source command exists at the same path and offsets on Disc 2. SUPPORTED: context-v1 glyph 복원; 런타임 원문 검증 전. TERM: 버스피어·파스·도박장.,"何<G00F4>月もかかる<G0271>海<G0026>
飛行機じゃ
何<G00F4>月も飛び<G013C>けるなんて
さすがにムリだよな<G0026>",SUPPORTED,"0026,013C",SUPPORTED,"00F4,0271"
SCN_00150100_00740000_0026,SCENARIO,scenario_message,DATA/00150100.MDZ,DATA/00150100.MDT,0x00740000,00150100,25,0x003d726c,0x003d7267,41 f1 85 bd c2 8b b5 9c 77 43 08 90 a0 46 46 21 50 f1 3b f1 c1 44 f4 7b ba 79 9a 08 a1 f1 95 98 46 46 0d ff 00,"逃げるんじゃない！
その……、作戦を考えようと
思って……","도망가는 게 아니야!
그게…… 작전을
생각해 보려고……",UNASSIGNED,ユウキ,"[{""offset"":-5,""raw_hex"":""02 0e 00 07 00"",""kind"":""MESSAGE_HEADER"",""opcode"":2,""argument"":7},{""offset"":10,""raw_hex"":""08"",""kind"":""LINE_BREAK""},{""offset"":27,""raw_hex"":""08"",""kind"":""LINE_BREAK""},{""offset"":34,""raw_hex"":""0d ff 00"",""kind"":""MESSAGE_END""}]",REVIEW_1,NO,CHARACTER_GUIDE v0.1 적용. context-v1 복원 원문 1차 번역.,SUPPORTED: structured scenario command; header FACE slot maps to face_yuuki_08; runtime display not yet checked. PROVEN: byte-identical source command exists at the same path and offsets on Disc 2. SUPPORTED: context-v1 glyph 복원; 런타임 원문 검증 전. TERM: 버스피어·파스·도박장.,"逃げるんじゃない！
その<G0026><G0026><G0001>作戦を考えようと
思って<G0026><G0026>",SUPPORTED,"0001,0026",NONE,
SCN_00150100_00740000_0027,SCENARIO,scenario_message,DATA/00150100.MDZ,DATA/00150100.MDT,0x00740000,00150100,26,0x003d72dc,0x003d72d7,77 b6 21 94 7f 79 c2 93 08 94 b9 95 9a c7 f4 c8 f2 a2 f2 8a 98 7e bb 9a 08 a1 f1 95 98 88 46 46 0d ff 00,"いや、ちがうんだ
ちょっと深呼吸してからと
思ってさ……","아니, 그게 아니야
잠깐 심호흡을 하고 나서
하려고 했어……",UNASSIGNED,ユウキ,"[{""offset"":-5,""raw_hex"":""02 0e 00 08 00"",""kind"":""MESSAGE_HEADER"",""opcode"":2,""argument"":8},{""offset"":8,""raw_hex"":""08"",""kind"":""LINE_BREAK""},{""offset"":24,""raw_hex"":""08"",""kind"":""LINE_BREAK""},{""offset"":32,""raw_hex"":""0d ff 00"",""kind"":""MESSAGE_END""}]",REVIEW_1,NO,CHARACTER_GUIDE v0.1 적용. context-v1 복원 원문 1차 번역.,SUPPORTED: structured scenario command; header FACE slot maps to face_yuuki_09; runtime display not yet checked. PROVEN: byte-identical source command exists at the same path and offsets on Disc 2. SUPPORTED: context-v1 glyph 복원; 런타임 원문 검증 전. TERM: 버스피어·파스·도박장.,"いや<G0001>ちがうんだ
ちょっと<G04B7>呼<G02F2>してからと
思ってさ<G0026><G0026>",SUPPORTED,"0001,0026,02F2",SUPPORTED,04B7
SCN_00151000_00740000_0005,SCENARIO,scenario_message,DATA/00151000.MDZ,DATA/00151000.MDT,0x00740000,00151000,4,0x002ee92d,0x002ee928,7d f0 7f 5d f0 c1 f2 9d 66 f0 77 94 b5 95 92 a0 ba 08 9c c2 7e 86 79 21 20 f3 bc 7f 32 f0 3b f0 32 f0 3b f0 9a 08 c0 77 98 80 94 b5 95 98 d7 0d ff 00,"手が自然に動いちゃったのよ
なんかこう、怒りがメラメラと
わいてきちゃってサ","손이 저절로 움직여 버렸어
뭐랄까, 화가 활활
솟아올라서 말이야.",UNASSIGNED,アロンソ,"[{""offset"":-5,""raw_hex"":""22 0e 00 24 00"",""kind"":""MESSAGE_HEADER"",""opcode"":34,""argument"":36},{""offset"":17,""raw_hex"":""08"",""kind"":""LINE_BREAK""},{""offset"":37,""raw_hex"":""08"",""kind"":""LINE_BREAK""},{""offset"":47,""raw_hex"":""0d ff 00"",""kind"":""MESSAGE_END""}]",REVIEW_1,NO,CHARACTER_GUIDE v0.1 적용. context-v1 복원 원문 1차 번역.,SUPPORTED: structured scenario command; header FACE slot maps to face_alonso_03; runtime display not yet checked. PROVEN: byte-identical source command exists at the same path and offsets on Disc 2. SUPPORTED: context-v1 glyph 복원; 런타임 원문 검증 전. TERM: 버스피어·파스·도박장.,"手が自然に動いちゃったのよ
なんかこう<G0001>怒りがメラメラと
わいてきちゃってサ",SUPPORTED,0001,NONE,
SCN_00151000_00740000_0006,SCENARIO,scenario_message,DATA/00151000.MDZ,DATA/00151000.MDT,0x00740000,00151000,5,0x002ee96e,0x002ee969,9c 9d 77 95 92 c2 93 bf 08 c4 3f f0 3a f0 df 46 0d ff 00,"なにいったんだろ
アロンソ…","무슨 말을 한 걸까
알론소는…",UNASSIGNED,ユウキ,"[{""offset"":-5,""raw_hex"":""02 0e 00 08 00"",""kind"":""MESSAGE_HEADER"",""opcode"":2,""argument"":8},{""offset"":8,""raw_hex"":""08"",""kind"":""LINE_BREAK""},{""offset"":16,""raw_hex"":""0d ff 00"",""kind"":""MESSAGE_END""}]",REVIEW_1,NO,CHARACTER_GUIDE v0.1 적용. context-v1 복원 원문 1차 번역.,SUPPORTED: structured scenario command; header FACE slot maps to face_yuuki_09; runtime display not yet checked. PROVEN: byte-identical source command exists at the same path and offsets on Disc 2. SUPPORTED: context-v1 glyph 복원; 런타임 원문 검증 전. TERM: 버스피어·파스·도박장.,"なにいったんだろ
アロンソ<G0026>",SUPPORTED,0026,NONE,
SCN_00151000_00740000_0007,SCENARIO,scenario_message,DATA/00151000.MDZ,DATA/00151000.MDT,0x00740000,00151000,6,0x002eea09,0x002eea04,7d 95 21 e9 3b f0 27 f0 3d f0 a0 34 f6 9c f3 43 08 b6 95 a3 b5 f0 a1 21 86 79 99 9c 77 9a 9c 43 0d ff 00,"おっ、トラブルの予感！
やっぱ旅は、こうでないとな！","오, 사건의 예감!
역시 여행은 이래야지!",UNASSIGNED,ユウキ,"[{""offset"":-5,""raw_hex"":""02 0e 00 0a 00"",""kind"":""MESSAGE_HEADER"",""opcode"":2,""argument"":10},{""offset"":16,""raw_hex"":""08"",""kind"":""LINE_BREAK""},{""offset"":32,""raw_hex"":""0d ff 00"",""kind"":""MESSAGE_END""}]",REVIEW_1,NO,CHARACTER_GUIDE v0.1 적용. context-v1 복원 원문 1차 번역.,SUPPORTED: structured scenario command; header FACE slot maps to face_yuuki_11; runtime display not yet checked. PROVEN: byte-identical source command exists at the same path and offsets on Disc 2. SUPPORTED: context-v1 glyph 복원; 런타임 원문 검증 전. TERM: 버스피어·파스·도박장.,"おっ<G0001>トラブルの<G05C4>感！
やっ<G0083>旅は<G0001>こうでないとな！",SUPPORTED,"0001,0083,05C4",NONE,
SCN_00151000_00740000_0008,SCENARIO,scenario_message,DATA/00151000.MDZ,DATA/00151000.MDT,0x00740000,00151000,7,0x002eeaae,0x002eeaa9,54 f1 8d f0 9d 7e b0 be 98 9c 80 b5 08 cc 3e f0 b4 90 79 a1 f1 95 92 7e b4 9c 46 0d ff 00,"最初にかまれてなきゃ
オレもそう思ったかもな…","처음에 물리지 않았더라면
나도 그렇게 생각했을지도 모르겠네…",UNASSIGNED,ユウキ,"[{""offset"":-5,""raw_hex"":""02 0e 00 08 00"",""kind"":""MESSAGE_HEADER"",""opcode"":2,""argument"":8},{""offset"":12,""raw_hex"":""08"",""kind"":""LINE_BREAK""},{""offset"":27,""raw_hex"":""0d ff 00"",""kind"":""MESSAGE_END""}]",REVIEW_1,NO,CHARACTER_GUIDE v0.1 적용. context-v1 복원 원문 1차 번역.,SUPPORTED: structured scenario command; header FACE slot maps to face_yuuki_09; runtime display not yet checked. PROVEN: byte-identical source command exists at the same path and offsets on Disc 2. SUPPORTED: context-v1 glyph 복원; 런타임 원문 검증 전. TERM: 버스피어·파스·도박장.,"<G01D4>初にかまれてなきゃ
オレもそう思ったかもな<G0026>",SUPPORTED,"0026,01D4",NONE,
SCN_00151000_00740000_0011,SCENARIO,scenario_message,DATA/00151000.MDZ,DATA/00151000.MDT,0x00740000,00151000,10,0x002eec50,0x002eec4b,bb f3 9d 88 f0 8a 94 b5 08 35 f0 21 f0 77 95 98 21 c4 3e f0 43 0d ff 00,"客に出しちゃ
ヤバいって、アレ！","손님에게 내놓으면
큰일 난다고, 저건!",UNASSIGNED,ユウキ,"[{""offset"":-5,""raw_hex"":""02 0e 00 06 00"",""kind"":""MESSAGE_HEADER"",""opcode"":2,""argument"":6},{""offset"":8,""raw_hex"":""08"",""kind"":""LINE_BREAK""},{""offset"":21,""raw_hex"":""0d ff 00"",""kind"":""MESSAGE_END""}]",REVIEW_1,NO,CHARACTER_GUIDE v0.1 적용. context-v1 복원 원문 1차 번역.,SUPPORTED: structured scenario command; header FACE slot maps to face_yuuki_07; runtime display not yet checked. PROVEN: byte-identical source command exists at the same path and offsets on Disc 2. SUPPORTED: context-v1 glyph 복원; 런타임 원문 검증 전. TERM: 버스피어·파스·도박장.,"<G03DB>に出しちゃ
ヤバいって<G0001>アレ！",SUPPORTED,0001,SUPPORTED,03DB
SCN_00151000_00740000_0012,SCENARIO,scenario_message,DATA/00151000.MDZ,DATA/00151000.MDT,0x00740000,00151000,11,0x002eec82,0x002eec7d,d2 3f f0 e7 db d1 9c b4 a0 ad 9b 08 5c f3 5c f1 21 c3 f4 ab bd 9a 7d 77 8a 77 b4 a0 ba 08 b0 21 49 f6 44 f6 a0 3a f1 30 f5 95 98 35 f0 e5 44 0d ff 00,"グロテスクなものほど
意外、食べるとおいしいものよ
ま、料理の鉄則ってヤツ？","징그러운 것일수록
의외로 먹으면 맛있는 법이야
뭐, 요리의 철칙 같은 거지?",UNASSIGNED,ミランダ,"[{""offset"":-5,""raw_hex"":""22 0e 00 1e 00"",""kind"":""MESSAGE_HEADER"",""opcode"":34,""argument"":30},{""offset"":11,""raw_hex"":""08"",""kind"":""LINE_BREAK""},{""offset"":29,""raw_hex"":""08"",""kind"":""LINE_BREAK""},{""offset"":47,""raw_hex"":""0d ff 00"",""kind"":""MESSAGE_END""}]",REVIEW_1,NO,CHARACTER_GUIDE v0.1 적용. context-v1 복원 원문 1차 번역.,SUPPORTED: structured scenario command; header FACE slot maps to face_miranda_05; runtime display not yet checked. PROVEN: byte-identical source command exists at the same path and offsets on Disc 2. SUPPORTED: context-v1 glyph 복원; 런타임 원문 검증 전. TERM: 버스피어·파스·도박장.,"グロテスクなものほど
<G037C><G01DC><G0001>食べるとおいしいものよ
ま<G0001><G05D9><G05D4>の鉄<G04F0>ってヤツ？",SUPPORTED,"0001,01DC,037C,05D4,05D9",SUPPORTED,04F0
SCN_00151000_00740000_0013,SCENARIO,scenario_message,DATA/00151000.MDZ,DATA/00151000.MDT,0x00740000,00151000,12,0x002eecc3,0x002eecbe,cc 21 cc 3e f0 a1 08 ca 3a f0 3c f0 38 f0 8a 9a 82 ba 46 0d ff 00,"オ、オレは
エンリョしとくよ…","나, 나는
사양할게…",UNASSIGNED,ユウキ,"[{""offset"":-5,""raw_hex"":""02 0e 00 08 00"",""kind"":""MESSAGE_HEADER"",""opcode"":2,""argument"":8},{""offset"":6,""raw_hex"":""08"",""kind"":""LINE_BREAK""},{""offset"":19,""raw_hex"":""0d ff 00"",""kind"":""MESSAGE_END""}]",REVIEW_1,NO,CHARACTER_GUIDE v0.1 적용. context-v1 복원 원문 1차 번역.,SUPPORTED: structured scenario command; header FACE slot maps to face_yuuki_09; runtime display not yet checked. PROVEN: byte-identical source command exists at the same path and offsets on Disc 2. SUPPORTED: context-v1 glyph 복원; 런타임 원문 검증 전. TERM: 버스피어·파스·도박장.,"オ<G0001>オレは
エンリョしとくよ<G0026>",SUPPORTED,"0001,0026",NONE,
SCN_00151000_00740000_0014,SCENARIO,scenario_message,DATA/00151000.MDZ,DATA/00151000.MDT,0x00740000,00151000,13,0x002eed61,0x002eed5c,93 77 8b b9 79 a8 44 08 8c 87 77 68 f0 8a 92 84 9b 46 0d ff 00,"だいじょうぶ？
すごい音したけど…","괜찮아?
엄청난 소리가 났는데…",UNASSIGNED,アルフィナ,"[{""offset"":-5,""raw_hex"":""02 0e 00 0c 00"",""kind"":""MESSAGE_HEADER"",""opcode"":2,""argument"":12},{""offset"":7,""raw_hex"":""08"",""kind"":""LINE_BREAK""},{""offset"":18,""raw_hex"":""0d ff 00"",""kind"":""MESSAGE_END""}]",REVIEW_1,NO,CHARACTER_GUIDE v0.1 적용. context-v1 복원 원문 1차 번역.,SUPPORTED: structured scenario command; header FACE slot maps to face_alfina_01; runtime display not yet checked. PROVEN: byte-identical source command exists at the same path and offsets on Disc 2. SUPPORTED: context-v1 glyph 복원; 런타임 원문 검증 전. TERM: 버스피어·파스·도박장.,"だいじょうぶ？
すごい音したけど<G0026>",SUPPORTED,0026,NONE,
SCN_00151000_00740000_0016,SCENARIO,scenario_message,DATA/00151000.MDZ,DATA/00151000.MDT,0x00740000,00151000,15,0x002ef07f,0x002ef07a,9c c2 93 46 21 86 86 9d 08 80 f3 7e 6a f5 bb be 98 92 a0 7e 46 44 0d ff 00,"なんだ…、ここに
何か貼られてたのか…？","뭐야… 여기에
뭔가 붙어 있었던 건가…?",UNASSIGNED,ユウキ,"[{""offset"":-5,""raw_hex"":""02 0e 00 0b 00"",""kind"":""MESSAGE_HEADER"",""opcode"":2,""argument"":11},{""offset"":8,""raw_hex"":""08"",""kind"":""LINE_BREAK""},{""offset"":22,""raw_hex"":""0d ff 00"",""kind"":""MESSAGE_END""}]",REVIEW_1,NO,CHARACTER_GUIDE v0.1 적용. context-v1 복원 원문 1차 번역.,SUPPORTED: structured scenario command; header FACE slot maps to face_yuuki_12; runtime display not yet checked. PROVEN: byte-identical source command exists at the same path and offsets on Disc 2. SUPPORTED: context-v1 glyph 복원; 런타임 원문 검증 전. TERM: 버스피어·파스·도박장.,"なんだ<G0026><G0001>ここに
何か貼られてたのか<G0026>？",SUPPORTED,"0001,0026",NONE,
SCN_00151000_00740000_0017,SCENARIO,scenario_message,DATA/00151000.MDZ,DATA/00151000.MDT,0x00740000,00151000,16,0x002ef0a7,0x002ef0a2,75 c2 92 21 86 c2 9c 9a 86 bf 99 08 80 f3 8a 98 c2 a0 43 08 75 a0 e7 3a f0 e9 9d df f0 82 42 f1 7e 9c 77 9a 08 75 77 96 9d 41 f1 85 bb be 94 b5 79 c0 ba 43 0d ff 00,"あんた、こんなところで
何してんの！
あのテントに早く行かないと
あいつに逃げられちゃうわよ！","너, 이런 데서
뭐 하는 거야!
얼른 저 텐트로 가지 않으면
그 녀석을 놓치겠어!",UNASSIGNED,アロンソ,"[{""offset"":-5,""raw_hex"":""22 0e 00 24 00"",""kind"":""MESSAGE_HEADER"",""opcode"":34,""argument"":36},{""offset"":11,""raw_hex"":""08"",""kind"":""LINE_BREAK""},{""offset"":19,""raw_hex"":""08"",""kind"":""LINE_BREAK""},{""offset"":36,""raw_hex"":""08"",""kind"":""LINE_BREAK""},{""offset"":52,""raw_hex"":""0d ff 00"",""kind"":""MESSAGE_END""}]",REVIEW_1,NO,CHARACTER_GUIDE v0.1 적용. context-v1 복원 원문 1차 번역.,SUPPORTED: structured scenario command; header FACE slot maps to face_alonso_03; runtime display not yet checked. PROVEN: byte-identical source command exists at the same path and offsets on Disc 2. SUPPORTED: context-v1 glyph 복원; 런타임 원문 검증 전. TERM: 버스피어·파스·도박장.,"あんた<G0001>こんなところで
何してんの！
あのテントに早く行かないと
あいつに逃げられちゃうわよ！",SUPPORTED,0001,NONE,
SCN_00151000_00740000_0018,SCENARIO,scenario_message,DATA/00151000.MDZ,DATA/00151000.MDT,0x00740000,00151000,17,0x002ef0fe,0x002ef0f9,ad bb 95 21 2d f0 3a f0 35 f0 3c f0 08 cd f5 9c c2 98 a1 f0 98 bd b1 f0 a3 f1 8b b5 08 9c 77 99 8a b9 43 08 df f0 82 e7 3a f0 e9 9d 42 f1 82 c0 ba 43 0d ff 00,"ほらっ、ボンヤリ
空なんて見てる場合じゃ
ないでしょ！
早くテントに行くわよ！","자, 멍하니
하늘이나 보고 있을 때가
아니잖아!
얼른 텐트로 가자!",UNASSIGNED,アロンソ,"[{""offset"":-5,""raw_hex"":""22 0e 00 24 00"",""kind"":""MESSAGE_HEADER"",""opcode"":34,""argument"":36},{""offset"":12,""raw_hex"":""08"",""kind"":""LINE_BREAK""},{""offset"":28,""raw_hex"":""08"",""kind"":""LINE_BREAK""},{""offset"":35,""raw_hex"":""08"",""kind"":""LINE_BREAK""},{""offset"":50,""raw_hex"":""0d ff 00"",""kind"":""MESSAGE_END""}]",REVIEW_1,NO,CHARACTER_GUIDE v0.1 적용. context-v1 복원 원문 1차 번역.,SUPPORTED: structured scenario command; header FACE slot maps to face_alonso_03; runtime display not yet checked. PROVEN: byte-identical source command exists at the same path and offsets on Disc 2. SUPPORTED: context-v1 glyph 복원; 런타임 원문 검증 전. TERM: 버스피어·파스·도박장.,"ほらっ<G0001>ボンヤリ
<G058D>なんて見てる場合じゃ
ないでしょ！
早くテントに行くわよ！",SUPPORTED,0001,SUPPORTED,058D
SCN_00151000_00740000_0019,SCENARIO,scenario_message,DATA/00151000.MDZ,DATA/00151000.MDT,0x00740000,00151000,18,0x002ef164,0x002ef15f,c4 3f f0 3a f0 df a0 c8 f0 cc f4 46 08 86 be 9d c9 f2 7e be 98 bd 9a 86 bf 08 9b f1 3b f2 42 f1 95 92 a0 7e 44 0d ff 00,"アロンソの海図…
これに描かれてるところ
全部行ったのか？","알론소의 해도…
여기에 그려진 곳을
전부 가 본 거야?",UNASSIGNED,ユウキ,"[{""offset"":-5,""raw_hex"":""02 0e 00 01 00"",""kind"":""MESSAGE_HEADER"",""opcode"":2,""argument"":1},{""offset"":12,""raw_hex"":""08"",""kind"":""LINE_BREAK""},{""offset"":25,""raw_hex"":""08"",""kind"":""LINE_BREAK""},{""offset"":37,""raw_hex"":""0d ff 00"",""kind"":""MESSAGE_END""}]",REVIEW_1,NO,CHARACTER_GUIDE v0.1 적용. context-v1 복원 원문 1차 번역.,SUPPORTED: structured scenario command; header FACE slot maps to face_yuuki_02; runtime display not yet checked. PROVEN: byte-identical source command exists at the same path and offsets on Disc 2. SUPPORTED: context-v1 glyph 복원; 런타임 원문 검증 전. TERM: 버스피어·파스·도박장.,"アロンソの海<G04BC><G0026>
これに描かれてるところ
全部行ったのか？",SUPPORTED,"0026,04BC",NONE,
SCN_00151000_00740000_0020,SCENARIO,scenario_message,DATA/00151000.MDZ,DATA/00151000.MDT,0x00740000,00151000,19,0x002ef217,0x002ef212,c4 3f f0 3a f0 df 7f c1 f1 80 92 a9 f1 21 7e 46 0d ff 00,アロンソが生きた証、か…,알론소가 살아온 증거인가…,UNASSIGNED,ユウキ,"[{""offset"":-5,""raw_hex"":""02 0e 00 02 00"",""kind"":""MESSAGE_HEADER"",""opcode"":2,""argument"":2},{""offset"":16,""raw_hex"":""0d ff 00"",""kind"":""MESSAGE_END""}]",REVIEW_1,NO,CHARACTER_GUIDE v0.1 적용. context-v1 복원 원문 1차 번역.,SUPPORTED: structured scenario command; header FACE slot maps to face_yuuki_03; runtime display not yet checked. PROVEN: byte-identical source command exists at the same path and offsets on Disc 2. SUPPORTED: context-v1 glyph 복원; 런타임 원문 검증 전. TERM: 버스피어·파스·도박장.,アロンソが生きた証<G0001>か<G0026>,SUPPORTED,"0001,0026",NONE,
SCN_00151000_00740000_0022,SCENARIO,scenario_message,DATA/00151000.MDZ,DATA/00151000.MDT,0x00740000,00151000,21,0x002ef2c0,0x002ef2bb,c4 3f f0 3a f0 df a0 c8 f0 cc f4 46 08 86 be 9d c9 f2 7e be 98 bd 9a 86 bf 08 9b f1 3b f2 42 f1 95 92 a0 7e 44 0d ff 00,"アロンソの海図…
これに描かれてるところ
全部行ったのか？","알론소의 해도…
여기에 그려진 곳을
전부 가 본 거야?",UNASSIGNED,ユウキ,"[{""offset"":-5,""raw_hex"":""02 0e 00 01 00"",""kind"":""MESSAGE_HEADER"",""opcode"":2,""argument"":1},{""offset"":12,""raw_hex"":""08"",""kind"":""LINE_BREAK""},{""offset"":25,""raw_hex"":""08"",""kind"":""LINE_BREAK""},{""offset"":37,""raw_hex"":""0d ff 00"",""kind"":""MESSAGE_END""}]",REVIEW_1,NO,CHARACTER_GUIDE v0.1 적용. context-v1 복원 원문 1차 번역.,SUPPORTED: structured scenario command; header FACE slot maps to face_yuuki_02; runtime display not yet checked. PROVEN: byte-identical source command exists at the same path and offsets on Disc 2. SUPPORTED: context-v1 glyph 복원; 런타임 원문 검증 전. TERM: 버스피어·파스·도박장.,"アロンソの海<G04BC><G0026>
これに描かれてるところ
全部行ったのか？",SUPPORTED,"0026,04BC",NONE,
SCN_00151000_00740000_0023,SCENARIO,scenario_message,DATA/00151000.MDZ,DATA/00151000.MDT,0x00740000,00151000,22,0x002ef373,0x002ef36e,c4 3f f0 3a f0 df 7f c1 f1 80 92 a9 f1 21 7e 46 0d ff 00,アロンソが生きた証、か…,알론소가 살아온 증거인가…,UNASSIGNED,ユウキ,"[{""offset"":-5,""raw_hex"":""02 0e 00 02 00"",""kind"":""MESSAGE_HEADER"",""opcode"":2,""argument"":2},{""offset"":16,""raw_hex"":""0d ff 00"",""kind"":""MESSAGE_END""}]",REVIEW_1,NO,CHARACTER_GUIDE v0.1 적용. context-v1 복원 원문 1차 번역.,SUPPORTED: structured scenario command; header FACE slot maps to face_yuuki_03; runtime display not yet checked. PROVEN: byte-identical source command exists at the same path and offsets on Disc 2. SUPPORTED: context-v1 glyph 복원; 런타임 원문 검증 전. TERM: 버스피어·파스·도박장.,アロンソが生きた証<G0001>か<G0026>,SUPPORTED,"0001,0026",NONE,
SCN_00151000_00740000_0026,SCENARIO,scenario_message,DATA/00151000.MDZ,DATA/00151000.MDT,0x00740000,00151000,25,0x002ef45d,0x002ef458,99 95 84 7a 46 08 86 be 46 21 9c c2 a0 ec f2 9c c2 93 46 44 0d ff 00,"でっけぇ…
これ…、なんの牙なんだ…？","크다…
이건… 무슨 송곳니야…?",UNASSIGNED,ユウキ,"[{""offset"":-5,""raw_hex"":""02 0e 00 06 00"",""kind"":""MESSAGE_HEADER"",""opcode"":2,""argument"":6},{""offset"":5,""raw_hex"":""08"",""kind"":""LINE_BREAK""},{""offset"":20,""raw_hex"":""0d ff 00"",""kind"":""MESSAGE_END""}]",REVIEW_1,NO,CHARACTER_GUIDE v0.1 적용. context-v1 복원 원문 1차 번역.,SUPPORTED: structured scenario command; header FACE slot maps to face_yuuki_07; runtime display not yet checked. PROVEN: byte-identical source command exists at the same path and offsets on Disc 2. SUPPORTED: context-v1 glyph 복원; 런타임 원문 검증 전. TERM: 버스피어·파스·도박장.,"でっけ<G005A><G0026>
これ<G0026><G0001>なんの<G033C>なんだ<G0026>？",SUPPORTED,"0001,0026,005A",SUPPORTED,033C
SCN_00151000_00740000_0028,SCENARIO,scenario_message,DATA/00151000.MDZ,DATA/00151000.MDT,0x00740000,00151000,27,0x002ef573,0x002ef56e,90 be 99 21 3b f1 95 92 a0 7e 46 43 0d ff 00,それで、戦ったのか…！,그걸로 싸운 거야…!,UNASSIGNED,ユウキ,"[{""offset"":-5,""raw_hex"":""02 0e 00 07 00"",""kind"":""MESSAGE_HEADER"",""opcode"":2,""argument"":7},{""offset"":12,""raw_hex"":""0d ff 00"",""kind"":""MESSAGE_END""}]",REVIEW_1,NO,CHARACTER_GUIDE v0.1 적용. context-v1 복원 원문 1차 번역.,SUPPORTED: structured scenario command; header FACE slot maps to face_yuuki_08; runtime display not yet checked. PROVEN: byte-identical source command exists at the same path and offsets on Disc 2. SUPPORTED: context-v1 glyph 복원; 런타임 원문 검증 전. TERM: 버스피어·파스·도박장.,それで<G0001>戦ったのか<G0026>！,SUPPORTED,"0001,0026",NONE,
SCN_00151000_00740000_0029,SCENARIO,scenario_message,DATA/00151000.MDZ,DATA/00151000.MDT,0x00740000,00151000,28,0x002ef5d5,0x002ef5d0,c3 f4 3e f6 7e ba 46 0d ff 00,食欲かよ…,식욕이냐…,UNASSIGNED,ユウキ,"[{""offset"":-5,""raw_hex"":""02 0e 00 06 00"",""kind"":""MESSAGE_HEADER"",""opcode"":2,""argument"":6},{""offset"":7,""raw_hex"":""0d ff 00"",""kind"":""MESSAGE_END""}]",REVIEW_1,NO,CHARACTER_GUIDE v0.1 적용. context-v1 복원 원문 1차 번역.,SUPPORTED: structured scenario command; header FACE slot maps to face_yuuki_07; runtime display not yet checked. PROVEN: byte-identical source command exists at the same path and offsets on Disc 2. SUPPORTED: context-v1 glyph 복원; 런타임 원문 검증 전. TERM: 버스피어·파스·도박장.,食<G05CE>かよ<G0026>,SUPPORTED,"0026,05CE",NONE,
SCN_00151000_00740000_0030,SCENARIO,scenario_message,DATA/00151000.MDZ,DATA/00151000.MDT,0x00740000,00151000,29,0x002ef5ff,0x002ef5fa,86 a0 58 f1 8f f5 9c ec f2 a0 b8 f1 94 ae f2 b4 08 c4 3f f0 3a f0 df a0 61 f3 82 f1 9d 46 0d ff 00,"この立派な牙の持ち主も
アロンソの胃袋に…","이 훌륭한 송곳니의 주인도
알론소의 뱃속으로…",UNASSIGNED,ユウキ,"[{""offset"":-5,""raw_hex"":""02 0e 00 01 00"",""kind"":""MESSAGE_HEADER"",""opcode"":2,""argument"":1},{""offset"":16,""raw_hex"":""08"",""kind"":""LINE_BREAK""},{""offset"":30,""raw_hex"":""0d ff 00"",""kind"":""MESSAGE_END""}]",REVIEW_1,NO,CHARACTER_GUIDE v0.1 적용. context-v1 복원 원문 1차 번역.,SUPPORTED: structured scenario command; header FACE slot maps to face_yuuki_02; runtime display not yet checked. PROVEN: byte-identical source command exists at the same path and offsets on Disc 2. SUPPORTED: context-v1 glyph 복원; 런타임 원문 검증 전. TERM: 버스피어·파스·도박장.,"この立<G054F>な<G033C>の持ち<G02FE>も
アロンソの<G0381><G0202>に<G0026>",SUPPORTED,"0026,054F",SUPPORTED,"0202,02FE,033C,0381"
SCN_00151000_00740000_0031,SCENARIO,scenario_message,DATA/00151000.MDZ,DATA/00151000.MDT,0x00740000,00151000,30,0x002ef647,0x002ef642,8c 87 77 ec f2 93 43 08 d5 c6 e5 c1 6c f4 46 f6 b3 92 c2 9c bb 08 ea f1 95 a9 8a 9d 5d f0 81 f2 7f 75 bd 95 98 08 2e f4 95 98 92 a0 b4 7b f0 7e bd 9c 46 0d ff 00,"すごい牙だ！
コイツを仕留めたんなら
腕っぶしに自信があるって
言ってたのも分かるな…","대단한 송곳니야!
이 녀석을 해치웠다면
힘에는 자신이 있다고
말한 것도 이해되네…",UNASSIGNED,ユウキ,"[{""offset"":-5,""raw_hex"":""02 0e 00 02 00"",""kind"":""MESSAGE_HEADER"",""opcode"":2,""argument"":2},{""offset"":7,""raw_hex"":""08"",""kind"":""LINE_BREAK""},{""offset"":21,""raw_hex"":""08"",""kind"":""LINE_BREAK""},{""offset"":37,""raw_hex"":""08"",""kind"":""LINE_BREAK""},{""offset"":51,""raw_hex"":""0d ff 00"",""kind"":""MESSAGE_END""}]",REVIEW_1,NO,CHARACTER_GUIDE v0.1 적용. context-v1 복원 원문 1차 번역.,SUPPORTED: structured scenario command; header FACE slot maps to face_yuuki_03; runtime display not yet checked. PROVEN: byte-identical source command exists at the same path and offsets on Disc 2. SUPPORTED: context-v1 glyph 복원; 런타임 원문 검증 전. TERM: 버스피어·파스·도박장.,"すごい<G033C>だ！
コイツを仕<G05D6>めたんなら
<G026A>っ<G0089>しに自信があるって
<G041E>ってたのも分かるな<G0026>",SUPPORTED,"0026,041E",SUPPORTED,"0089,026A,033C,05D6"
SCN_00151000_00740000_0033,SCENARIO,scenario_message,DATA/00151000.MDZ,DATA/00151000.MDT,0x00740000,00151000,32,0x002ef708,0x002ef703,9c c2 93 86 bc b5 44 08 e6 f1 84 f0 a0 96 f9 46 44 08 39 f0 3f f0 c6 9d 8a 94 b5 08 29 f0 3a f0 9c 53 f3 3d f4 93 9c 0d ff 00,"なんだこりゃ？
金属の像…？
ヨロイにしちゃ
ヘンな格好だな","이게 뭐야?
금속 조각상…?
갑옷이라고 하기엔
이상한 모양이네.",UNASSIGNED,ユウキ,"[{""offset"":-5,""raw_hex"":""02 0e 00 01 00"",""kind"":""MESSAGE_HEADER"",""opcode"":2,""argument"":1},{""offset"":7,""raw_hex"":""08"",""kind"":""LINE_BREAK""},{""offset"":17,""raw_hex"":""08"",""kind"":""LINE_BREAK""},{""offset"":27,""raw_hex"":""08"",""kind"":""LINE_BREAK""},{""offset"":39,""raw_hex"":""0d ff 00"",""kind"":""MESSAGE_END""}]",REVIEW_1,NO,CHARACTER_GUIDE v0.1 적용. context-v1 복원 원문 1차 번역.,SUPPORTED: structured scenario command; header FACE slot maps to face_yuuki_02; runtime display not yet checked. PROVEN: byte-identical source command exists at the same path and offsets on Disc 2. SUPPORTED: context-v1 glyph 복원; 런타임 원문 검증 전. TERM: 버스피어·파스·도박장.,"なんだこりゃ？
金属の<G0896><G0026>？
ヨロイにしちゃ
ヘンな<G0373>好だな",SUPPORTED,"0026,0373",SUPPORTED,0896
SCN_00151000_00740000_0035,SCENARIO,scenario_message,DATA/00151000.MDZ,DATA/00151000.MDT,0x00740000,00151000,34,0x002ef826,0x002ef821,46 9c c2 7e 08 59 f2 5a f2 9c 31 f6 d0 f5 2e f0 db e9 b1 92 77 93 9c 0d ff 00,"…なんか
奇妙な郵便ポストみたいだな","…뭔가
기묘한 우체통 같네.",UNASSIGNED,ユウキ,"[{""offset"":-5,""raw_hex"":""02 0e 00 08 00"",""kind"":""MESSAGE_HEADER"",""opcode"":2,""argument"":8},{""offset"":4,""raw_hex"":""08"",""kind"":""LINE_BREAK""},{""offset"":23,""raw_hex"":""0d ff 00"",""kind"":""MESSAGE_END""}]",REVIEW_1,NO,CHARACTER_GUIDE v0.1 적용. context-v1 복원 원문 1차 번역.,SUPPORTED: structured scenario command; header FACE slot maps to face_yuuki_09; runtime display not yet checked. PROVEN: byte-identical source command exists at the same path and offsets on Disc 2. SUPPORTED: context-v1 glyph 복원; 런타임 원문 검증 전. TERM: 버스피어·파스·도박장.,"<G0026>なんか
奇<G02AA>な<G05C1>便ポストみたいだな",SUPPORTED,"0026,02AA",SUPPORTED,05C1
SCN_00151000_00740000_0036,SCENARIO,scenario_message,DATA/00151000.MDZ,DATA/00151000.MDT,0x00740000,00151000,35,0x002efaa5,0x002efaa0,9c 74 9c 74 21 c8 3d f0 95 98 88 08 9b 79 b6 95 98 d9 21 f0 9a 08 4d f5 71 f1 82 9c 95 92 c2 93 44 0d ff 00,"なぁなぁ、ウルってさ
どうやってシバと
仲良くなったんだ？","저기, 울 말이야
어떻게 시바와
친해진 거야?",UNASSIGNED,ユウキ,"[{""offset"":-5,""raw_hex"":""02 0e 00 02 00"",""kind"":""MESSAGE_HEADER"",""opcode"":2,""argument"":2},{""offset"":11,""raw_hex"":""08"",""kind"":""LINE_BREAK""},{""offset"":21,""raw_hex"":""08"",""kind"":""LINE_BREAK""},{""offset"":33,""raw_hex"":""0d ff 00"",""kind"":""MESSAGE_END""}]",REVIEW_1,NO,CHARACTER_GUIDE v0.1 적용. context-v1 복원 원문 1차 번역.,SUPPORTED: structured scenario command; header FACE slot maps to face_yuuki_03; runtime display not yet checked. PROVEN: byte-identical source command exists at the same path and offsets on Disc 2. SUPPORTED: context-v1 glyph 복원; 런타임 원문 검증 전. TERM: 버스피어·파스·도박장.,"な<G0054>な<G0054><G0001>ウルってさ
どうやってシバと
仲良くなったんだ？",SUPPORTED,"0001,0054",NONE,
SCN_00151000_00740000_0037,SCENARIO,scenario_message,DATA/00151000.MDZ,DATA/00151000.MDT,0x00740000,00151000,36,0x002efb13,0x002efb0e,8d 95 9a 77 95 8a b9 42 08 e6 f3 63 f5 b1 92 77 93 9c 21 b0 bd 99 43 0d ff 00,"ずっといっしょ？
父弟みたいだな、まるで！","계속 함께였어?
아버지와 아들 같네, 정말!",UNASSIGNED,ユウキ,"[{""offset"":-5,""raw_hex"":""02 0e 00 02 00"",""kind"":""MESSAGE_HEADER"",""opcode"":2,""argument"":2},{""offset"":8,""raw_hex"":""08"",""kind"":""LINE_BREAK""},{""offset"":23,""raw_hex"":""0d ff 00"",""kind"":""MESSAGE_END""}]",REVIEW_1,NO,CHARACTER_GUIDE v0.1 적용. context-v1 복원 원문 1차 번역.,SUPPORTED: structured scenario command; header FACE slot maps to face_yuuki_03; runtime display not yet checked. PROVEN: byte-identical source command exists at the same path and offsets on Disc 2. SUPPORTED: context-v1 glyph 복원; 런타임 원문 검증 전. TERM: 버스피어·파스·도박장.,"ずっといっしょ<G0022>
<G0406><G0523>みたいだな<G0001>まるで！",SUPPORTED,"0001,0022,0406",SUPPORTED,0523
SCN_00151000_00740000_0038,SCENARIO,scenario_message,DATA/00151000.MDZ,DATA/00151000.MDT,0x00740000,00151000,37,0x002efb90,0x002efb8b,9e f0 a0 4d f0 3b f2 7e 74 46 46 08 90 be 95 98 44 f6 21 f5 9c c2 93 ba 9c 08 49 f1 42 f1 af f3 bc f2 bc 9d 9a 95 98 b4 0d ff 00,"体の一部かぁ……
それって理思なんだよな
飛行機乗りにとっても","몸의 일부라……
그건 비행기 조종사에게도
이상적인 일이겠지.",UNASSIGNED,ユウキ,"[{""offset"":-5,""raw_hex"":""02 0e 00 02 00"",""kind"":""MESSAGE_HEADER"",""opcode"":2,""argument"":2},{""offset"":11,""raw_hex"":""08"",""kind"":""LINE_BREAK""},{""offset"":25,""raw_hex"":""08"",""kind"":""LINE_BREAK""},{""offset"":40,""raw_hex"":""0d ff 00"",""kind"":""MESSAGE_END""}]",REVIEW_1,NO,CHARACTER_GUIDE v0.1 적용. context-v1 복원 원문 1차 번역.,SUPPORTED: structured scenario command; header FACE slot maps to face_yuuki_03; runtime display not yet checked. PROVEN: byte-identical source command exists at the same path and offsets on Disc 2. SUPPORTED: context-v1 glyph 복원; 런타임 원문 검증 전. TERM: 버스피어·파스·도박장.,"体の一部か<G0054><G0026><G0026>
それって<G05D4><G04E1>なんだよな
飛行機乗りにとっても",SUPPORTED,"0026,0054,04E1,05D4",NONE,
SCN_00151000_00740000_0039,SCENARIO,scenario_message,DATA/00151000.MDZ,DATA/00151000.MDT,0x00740000,00151000,38,0x002efbdb,0x002efbd6,49 f1 4e f1 a0 73 f1 46 46 08 90 79 c8 f2 a2 be 98 bd a0 7e 08 c8 3d f0 92 94 a1 0d ff 00,"飛竜の民……
そう呼ばれてるのか
ウルたちは","비룡의 민족……
울 일행은
그렇게 불리는구나.",UNASSIGNED,ユウキ,"[{""offset"":-5,""raw_hex"":""02 0e 00 0b 00"",""kind"":""MESSAGE_HEADER"",""opcode"":2,""argument"":11},{""offset"":9,""raw_hex"":""08"",""kind"":""LINE_BREAK""},{""offset"":20,""raw_hex"":""08"",""kind"":""LINE_BREAK""},{""offset"":27,""raw_hex"":""0d ff 00"",""kind"":""MESSAGE_END""}]",REVIEW_1,NO,CHARACTER_GUIDE v0.1 적용. context-v1 복원 원문 1차 번역.,SUPPORTED: structured scenario command; header FACE slot maps to face_yuuki_12; runtime display not yet checked. PROVEN: byte-identical source command exists at the same path and offsets on Disc 2. SUPPORTED: context-v1 glyph 복원; 런타임 원문 검증 전. TERM: 버스피어·파스·도박장.,"飛竜の<G01F3><G0026><G0026>
そう呼ばれてるのか
ウルたちは",SUPPORTED,0026,SUPPORTED,01F3
SCN_00151000_00740000_0040,SCENARIO,scenario_message,DATA/00151000.MDZ,DATA/00151000.MDT,0x00740000,00151000,39,0x002efc19,0x002efc14,49 f1 4e f1 a0 3e f5 7e 74 08 6b f2 be 98 95 98 82 be ba 21 cc 3e f0 b4 43 0d ff 00,"飛竜の巣かぁ
連れてってくれよ、オレも！","비룡의 둥지라…
나도 데려가 줘!",UNASSIGNED,ユウキ,"[{""offset"":-5,""raw_hex"":""02 0e 00 02 00"",""kind"":""MESSAGE_HEADER"",""opcode"":2,""argument"":2},{""offset"":9,""raw_hex"":""08"",""kind"":""LINE_BREAK""},{""offset"":25,""raw_hex"":""0d ff 00"",""kind"":""MESSAGE_END""}]",REVIEW_1,NO,CHARACTER_GUIDE v0.1 적용. context-v1 복원 원문 1차 번역.,SUPPORTED: structured scenario command; header FACE slot maps to face_yuuki_03; runtime display not yet checked. PROVEN: byte-identical source command exists at the same path and offsets on Disc 2. SUPPORTED: context-v1 glyph 복원; 런타임 원문 검증 전. TERM: 버스피어·파스·도박장.,"飛竜の<G04FE>か<G0054>
連れてってくれよ<G0001>オレも！",SUPPORTED,"0001,0054,04FE",NONE,
SCN_00151000_00740000_0041,SCENARIO,scenario_message,DATA/00151000.MDZ,DATA/00151000.MDT,0x00740000,00151000,40,0x002efc73,0x002efc6e,75 45 75 21 49 f1 42 f1 af f3 88 7b 75 be a2 08 cc 3e f0 b4 c8 3d f0 b6 d9 21 f0 9a 77 95 8a b9 9d 08 49 f1 ab bd a0 9d 9c 74 45 0d ff 00,"あ〜あ、飛行機さえあれば
オレもウルやシバといっしょに
飛べるのになぁ〜","아아, 비행기만 있다면
나도 울이나 시바와 함께
날 수 있을 텐데~",UNASSIGNED,ユウキ,"[{""offset"":-5,""raw_hex"":""02 0e 00 01 00"",""kind"":""MESSAGE_HEADER"",""opcode"":2,""argument"":1},{""offset"":15,""raw_hex"":""08"",""kind"":""LINE_BREAK""},{""offset"":33,""raw_hex"":""08"",""kind"":""LINE_BREAK""},{""offset"":43,""raw_hex"":""0d ff 00"",""kind"":""MESSAGE_END""}]",REVIEW_1,NO,CHARACTER_GUIDE v0.1 적용. context-v1 복원 원문 1차 번역.,SUPPORTED: structured scenario command; header FACE slot maps to face_yuuki_02; runtime display not yet checked. PROVEN: byte-identical source command exists at the same path and offsets on Disc 2. SUPPORTED: context-v1 glyph 복원; 런타임 원문 검증 전. TERM: 버스피어·파스·도박장.,"あ〜あ<G0001>飛行機さえあれば
オレもウルやシバといっしょに
飛べるのにな<G0054>〜",SUPPORTED,"0001,0054",NONE,
SCN_00151000_00740000_0042,SCENARIO,scenario_message,DATA/00151000.MDZ,DATA/00151000.MDT,0x00740000,00151000,41,0x002efce9,0x002efce4,75 a0 da da c5 46 46 44 0d ff 00,あのジジィ……？,그 영감님……?,UNASSIGNED,ユウキ,"[{""offset"":-5,""raw_hex"":""02 0e 00 0b 00"",""kind"":""MESSAGE_HEADER"",""opcode"":2,""argument"":11},{""offset"":8,""raw_hex"":""0d ff 00"",""kind"":""MESSAGE_END""}]",REVIEW_1,NO,CHARACTER_GUIDE v0.1 적용. context-v1 복원 원문 1차 번역.,SUPPORTED: structured scenario command; header FACE slot maps to face_yuuki_12; runtime display not yet checked. PROVEN: byte-identical source command exists at the same path and offsets on Disc 2. SUPPORTED: context-v1 glyph 복원; 런타임 원문 검증 전. TERM: 버스피어·파스·도박장.,あのジジィ<G0026><G0026>？,SUPPORTED,0026,NONE,
SCN_00151000_00740000_0043,SCENARIO,scenario_message,DATA/00151000.MDZ,DATA/00151000.MDT,0x00740000,00151000,42,0x002efd3e,0x002efd39,90 21 90 be 95 98 08 b4 8a 7e 8a 98 46 46 43 0d ff 00,"そ、それって
もしかして……！","그, 그건
설마……!",UNASSIGNED,アルフィナ,"[{""offset"":-5,""raw_hex"":""02 0e 00 0c 00"",""kind"":""MESSAGE_HEADER"",""opcode"":2,""argument"":12},{""offset"":6,""raw_hex"":""08"",""kind"":""LINE_BREAK""},{""offset"":15,""raw_hex"":""0d ff 00"",""kind"":""MESSAGE_END""}]",REVIEW_1,NO,CHARACTER_GUIDE v0.1 적용. context-v1 복원 원문 1차 번역.,SUPPORTED: structured scenario command; header FACE slot maps to face_alfina_01; runtime display not yet checked. PROVEN: byte-identical source command exists at the same path and offsets on Disc 2. SUPPORTED: context-v1 glyph 복원; 런타임 원문 검증 전. TERM: 버스피어·파스·도박장.,"そ<G0001>それって
もしかして<G0026><G0026>！",SUPPORTED,"0001,0026",NONE,
SCN_00151000_00740000_0044,SCENARIO,scenario_message,DATA/00151000.MDZ,DATA/00151000.MDT,0x00740000,00151000,43,0x002efd7d,0x002efd78,c8 3d f0 a0 77 79 21 75 a0 da da c5 95 98 08 b4 8a 7e 8a 98 46 46 42 0d ff 00,"ウルのいう、あのジジィって
もしかして……？","울이 말한 그 영감님이
설마……?",UNASSIGNED,アルフィナ,"[{""offset"":-5,""raw_hex"":""02 0e 00 0c 00"",""kind"":""MESSAGE_HEADER"",""opcode"":2,""argument"":12},{""offset"":14,""raw_hex"":""08"",""kind"":""LINE_BREAK""},{""offset"":23,""raw_hex"":""0d ff 00"",""kind"":""MESSAGE_END""}]",REVIEW_1,NO,CHARACTER_GUIDE v0.1 적용. context-v1 복원 원문 1차 번역.,SUPPORTED: structured scenario command; header FACE slot maps to face_alfina_01; runtime display not yet checked. PROVEN: byte-identical source command exists at the same path and offsets on Disc 2. SUPPORTED: context-v1 glyph 복원; 런타임 원문 검증 전. TERM: 버스피어·파스·도박장.,"ウルのいう<G0001>あのジジィって
もしかして<G0026><G0026><G0022>",SUPPORTED,"0001,0022,0026",NONE,
SCN_00151000_00740000_0045,SCENARIO,scenario_message,DATA/00151000.MDZ,DATA/00151000.MDT,0x00740000,00151000,44,0x002efdb7,0x002efdb2,d9 36 f0 30 f0 e4 e9 a1 46 46 08 cc 3e f0 a0 75 86 7f be 9c c2 93 43 08 63 f0 c0 8e 98 82 be 46 46 21 82 f2 b2 95 41 0d ff 00,"シュミットは……
オレのあこがれなんだ！
会わせてくれ……、頼むっ！","슈미트는……
내 동경의 대상이야!
만나게 해 줘…… 부탁이야!",UNASSIGNED,ユウキ,"[{""offset"":-5,""raw_hex"":""02 0e 00 07 00"",""kind"":""MESSAGE_HEADER"",""opcode"":2,""argument"":7},{""offset"":10,""raw_hex"":""08"",""kind"":""LINE_BREAK""},{""offset"":23,""raw_hex"":""08"",""kind"":""LINE_BREAK""},{""offset"":39,""raw_hex"":""0d ff 00"",""kind"":""MESSAGE_END""}]",REVIEW_1,NO,CHARACTER_GUIDE v0.1 적용. context-v1 복원 원문 1차 번역.,SUPPORTED: structured scenario command; header FACE slot maps to face_yuuki_08; runtime display not yet checked. PROVEN: byte-identical source command exists at the same path and offsets on Disc 2. SUPPORTED: context-v1 glyph 복원; 런타임 원문 검증 전. TERM: 버스피어·파스·도박장.,"シュミットは<G0026><G0026>
オレのあこがれなんだ！
<G0113>わせてくれ<G0026><G0026><G0001>頼むっ<G0021>",SUPPORTED,"0001,0021,0026,0113",NONE,
SCN_00151000_00740000_0048,SCENARIO,scenario_message,DATA/00151000.MDZ,DATA/00151000.MDT,0x00740000,00151000,47,0x002f0082,0x002f007d,d9 21 f0 b1 92 77 9c a0 b4 42 0d ff 00,シバみたいなのも？,시바 같은 비룡도?,UNASSIGNED,ユウキ,"[{""offset"":-5,""raw_hex"":""02 0e 00 02 00"",""kind"":""MESSAGE_HEADER"",""opcode"":2,""argument"":2},{""offset"":10,""raw_hex"":""0d ff 00"",""kind"":""MESSAGE_END""}]",REVIEW_1,NO,CHARACTER_GUIDE v0.1 적용. context-v1 복원 원문 1차 번역.,SUPPORTED: structured scenario command; header FACE slot maps to face_yuuki_03; runtime display not yet checked. PROVEN: byte-identical source command exists at the same path and offsets on Disc 2. SUPPORTED: context-v1 glyph 복원; 런타임 원문 검증 전. TERM: 버스피어·파스·도박장.,シバみたいなのも<G0022>,SUPPORTED,0022,NONE,
SCN_00151000_00740000_0049,SCENARIO,scenario_message,DATA/00151000.MDZ,DATA/00151000.MDT,0x00740000,00151000,48,0x002f00ee,0x002f00e9,8c 87 77 9c 74 46 46 08 77 96 7e cc 3e f0 b4 6b f2 be 98 95 98 82 be ba 08 90 a0 49 f1 4e f1 a0 3e f5 95 98 9a 86 bf 9d 43 0d ff 00,"すごいなぁ……
いつかオレも連れてってくれよ
その飛竜の巣ってところに！","대단하다……
언젠가 나도 데려가 줘
그 비룡의 둥지라는 곳에!",UNASSIGNED,ユウキ,"[{""offset"":-5,""raw_hex"":""02 0e 00 09 00"",""kind"":""MESSAGE_HEADER"",""opcode"":2,""argument"":9},{""offset"":7,""raw_hex"":""08"",""kind"":""LINE_BREAK""},{""offset"":24,""raw_hex"":""08"",""kind"":""LINE_BREAK""},{""offset"":41,""raw_hex"":""0d ff 00"",""kind"":""MESSAGE_END""}]",REVIEW_1,NO,CHARACTER_GUIDE v0.1 적용. context-v1 복원 원문 1차 번역.,SUPPORTED: structured scenario command; header FACE slot maps to face_yuuki_10; runtime display not yet checked. PROVEN: byte-identical source command exists at the same path and offsets on Disc 2. SUPPORTED: context-v1 glyph 복원; 런타임 원문 검증 전. TERM: 버스피어·파스·도박장.,"すごいな<G0054><G0026><G0026>
いつかオレも連れてってくれよ
その飛竜の<G04FE>ってところに！",SUPPORTED,"0026,0054,04FE",NONE,
SCN_00151000_00740000_0050,SCENARIO,scenario_message,DATA/00151000.MDZ,DATA/00151000.MDT,0x00740000,00151000,49,0x002f0375,0x002f0370,79 aa 7a 46 46 08 86 be c1 54 f1 8d f0 9d c3 f4 ab 92 d7 f0 08 df 3a f0 d3 c6 8a 94 b5 79 ba 21 cc 3e f0 0d ff 00,"うへぇ……
これを最初に食べた人
ソンケイしちゃうよ、オレ","우웩……
이걸 처음 먹은 사람은
정말 존경스러워, 난.",UNASSIGNED,ユウキ,"[{""offset"":-5,""raw_hex"":""02 0e 00 08 00"",""kind"":""MESSAGE_HEADER"",""opcode"":2,""argument"":8},{""offset"":5,""raw_hex"":""08"",""kind"":""LINE_BREAK""},{""offset"":20,""raw_hex"":""08"",""kind"":""LINE_BREAK""},{""offset"":35,""raw_hex"":""0d ff 00"",""kind"":""MESSAGE_END""}]",REVIEW_1,NO,CHARACTER_GUIDE v0.1 적용. context-v1 복원 원문 1차 번역.,SUPPORTED: structured scenario command; header FACE slot maps to face_yuuki_09; runtime display not yet checked. PROVEN: byte-identical source command exists at the same path and offsets on Disc 2. SUPPORTED: context-v1 glyph 복원; 런타임 원문 검증 전. TERM: 버스피어·파스·도박장.,"うへ<G005A><G0026><G0026>
これを<G01D4>初に食べた人
ソンケイしちゃうよ<G0001>オレ",SUPPORTED,"0001,0026,005A,01D4",NONE,
SCN_00151000_00740000_0051,SCENARIO,scenario_message,DATA/00151000.MDZ,DATA/00151000.MDT,0x00740000,00151000,50,0x002f0407,0x002f0402,de f4 95 98 46 46 08 77 b0 a1 77 9c 77 a0 44 0d ff 00,"昔って……
いまはいないの？","옛날에는……
지금은 없는 거야?",UNASSIGNED,ユウキ,"[{""offset"":-5,""raw_hex"":""02 0e 00 01 00"",""kind"":""MESSAGE_HEADER"",""opcode"":2,""argument"":1},{""offset"":6,""raw_hex"":""08"",""kind"":""LINE_BREAK""},{""offset"":15,""raw_hex"":""0d ff 00"",""kind"":""MESSAGE_END""}]",REVIEW_1,NO,CHARACTER_GUIDE v0.1 적용. context-v1 복원 원문 1차 번역.,SUPPORTED: structured scenario command; header FACE slot maps to face_yuuki_02; runtime display not yet checked. PROVEN: byte-identical source command exists at the same path and offsets on Disc 2. SUPPORTED: context-v1 glyph 복원; 런타임 원문 검증 전. TERM: 버스피어·파스·도박장.,"<G04CE>って<G0026><G0026>
いまはいないの？",SUPPORTED,"0026,04CE",NONE,
SCN_00151000_00740000_0052,SCENARIO,scenario_message,DATA/00151000.MDZ,DATA/00151000.MDT,0x00740000,00151000,51,0x002f047a,0x002f0475,d7 21 d7 32 f0 95 42 0d ff 00,サ、サメっ？,"상, 상어?",UNASSIGNED,ユウキ,"[{""offset"":-5,""raw_hex"":""02 0e 00 06 00"",""kind"":""MESSAGE_HEADER"",""opcode"":2,""argument"":6},{""offset"":7,""raw_hex"":""0d ff 00"",""kind"":""MESSAGE_END""}]",REVIEW_1,NO,CHARACTER_GUIDE v0.1 적용. context-v1 복원 원문 1차 번역.,SUPPORTED: structured scenario command; header FACE slot maps to face_yuuki_07; runtime display not yet checked. PROVEN: byte-identical source command exists at the same path and offsets on Disc 2. SUPPORTED: context-v1 glyph 복원; 런타임 원문 검증 전. TERM: 버스피어·파스·도박장.,サ<G0001>サメっ<G0022>,SUPPORTED,"0001,0022",NONE,
SCN_00151000_00740000_0053,SCENARIO,scenario_message,DATA/00151000.MDZ,DATA/00151000.MDT,0x00740000,00151000,52,0x002f0517,0x002f0512,90 be 95 98 21 f2 c8 f0 a3 f0 95 98 77 79 7e 08 b0 c2 b0 ca 3a f0 da 3a f0 9c c2 8b b5 46 46 0d ff 00,"それって航海長っていうか
まんまエンジンなんじゃ……","그건 항해장이라기보다
그냥 엔진 아니야……?",UNASSIGNED,ユウキ,"[{""offset"":-5,""raw_hex"":""02 0e 00 08 00"",""kind"":""MESSAGE_HEADER"",""opcode"":2,""argument"":8},{""offset"":15,""raw_hex"":""08"",""kind"":""LINE_BREAK""},{""offset"":31,""raw_hex"":""0d ff 00"",""kind"":""MESSAGE_END""}]",REVIEW_1,NO,CHARACTER_GUIDE v0.1 적용. context-v1 복원 원문 1차 번역.,SUPPORTED: structured scenario command; header FACE slot maps to face_yuuki_09; runtime display not yet checked. PROVEN: byte-identical source command exists at the same path and offsets on Disc 2. SUPPORTED: context-v1 glyph 복원; 런타임 원문 검증 전. TERM: 버스피어·파스·도박장.,"それって<G0271>海長っていうか
まんまエンジンなんじゃ<G0026><G0026>",SUPPORTED,0026,SUPPORTED,0271
SCN_00151000_00740000_0054,SCENARIO,scenario_message,DATA/00151000.MDZ,DATA/00151000.MDT,0x00740000,00151000,53,0x002f07bb,0x002f07b6,9b c2 9c 9d 46 f1 82 98 b4 08 6c f0 8d bb f2 77 96 77 98 46 46 08 77 b6 21 bb f2 77 2f f3 77 98 b1 8e bd 88 43 0d ff 00,"どんなに速くても
必ず追いついて……
いや、追い歩いてみせるさ！","아무리 빨라도
반드시 따라잡아서……
아니, 따라잡고 말 거야!",UNASSIGNED,ユウキ,"[{""offset"":-5,""raw_hex"":""02 0e 00 0a 00"",""kind"":""MESSAGE_HEADER"",""opcode"":2,""argument"":10},{""offset"":9,""raw_hex"":""08"",""kind"":""LINE_BREAK""},{""offset"":21,""raw_hex"":""08"",""kind"":""LINE_BREAK""},{""offset"":37,""raw_hex"":""0d ff 00"",""kind"":""MESSAGE_END""}]",REVIEW_1,NO,CHARACTER_GUIDE v0.1 적용. context-v1 복원 원문 1차 번역.,SUPPORTED: structured scenario command; header FACE slot maps to face_yuuki_11; runtime display not yet checked. PROVEN: byte-identical source command exists at the same path and offsets on Disc 2. SUPPORTED: context-v1 glyph 복원; 런타임 원문 검증 전. TERM: 버스피어·파스·도박장.,"どんなに速くても
<G011C>ず<G030B>いついて<G0026><G0026>
いや<G0001><G030B>い<G034F>いてみせるさ！",SUPPORTED,"0001,0026,011C,030B,034F",NONE,
SCN_00151000_00740000_0055,SCENARIO,scenario_message,DATA/00151000.MDZ,DATA/00151000.MDT,0x00740000,00151000,54,0x002f086d,0x002f0868,cc 3e f0 9c c2 7e 9d 08 63 f0 95 98 82 be bd 7e 9c 08 75 a0 2a f1 e2 f4 a0 49 f1 42 f1 a5 f1 7f 46 46 0d ff 00,"オレなんかに
会ってくれるかな
あの伝説の飛行王が……","나 같은 사람도
만나 줄까
저 전설의 비행왕이……",UNASSIGNED,アルフィナ,"[{""offset"":-5,""raw_hex"":""02 0e 00 0c 00"",""kind"":""MESSAGE_HEADER"",""opcode"":2,""argument"":12},{""offset"":7,""raw_hex"":""08"",""kind"":""LINE_BREAK""},{""offset"":17,""raw_hex"":""08"",""kind"":""LINE_BREAK""},{""offset"":34,""raw_hex"":""0d ff 00"",""kind"":""MESSAGE_END""}]",REVIEW_1,NO,CHARACTER_GUIDE v0.1 적용. context-v1 복원 원문 1차 번역.,SUPPORTED: structured scenario command; header FACE slot maps to face_alfina_01; runtime display not yet checked. PROVEN: byte-identical source command exists at the same path and offsets on Disc 2. SUPPORTED: context-v1 glyph 복원; 런타임 원문 검증 전. TERM: 버스피어·파스·도박장.,"オレなんかに
<G0113>ってくれるかな
あの伝説の飛行王が<G0026><G0026>",SUPPORTED,"0026,0113",NONE,
SCN_00151000_00740000_0056,SCENARIO,scenario_message,DATA/00151000.MDZ,DATA/00151000.MDT,0x00740000,00151000,55,0x002f08e7,0x002f08e2,94 7f 79 88 43 21 cc 3e f0 9d 9a 95 98 a1 08 9d f0 78 f1 9d 21 9d f0 78 f1 9d 08 75 86 7f be a0 d7 f0 9c c2 93 46 46 0d ff 00,"ちがうさ！、オレにとっては
本当に、本当に
あこがれの人なんだ……","아니야! 나에게는
정말로, 정말로
동경하는 사람이야……",UNASSIGNED,ユウキ,"[{""offset"":-5,""raw_hex"":""02 0e 00 09 00"",""kind"":""MESSAGE_HEADER"",""opcode"":2,""argument"":9},{""offset"":14,""raw_hex"":""08"",""kind"":""LINE_BREAK""},{""offset"":26,""raw_hex"":""08"",""kind"":""LINE_BREAK""},{""offset"":39,""raw_hex"":""0d ff 00"",""kind"":""MESSAGE_END""}]",REVIEW_1,NO,CHARACTER_GUIDE v0.1 적용. context-v1 복원 원문 1차 번역.,SUPPORTED: structured scenario command; header FACE slot maps to face_yuuki_10; runtime display not yet checked. PROVEN: byte-identical source command exists at the same path and offsets on Disc 2. SUPPORTED: context-v1 glyph 복원; 런타임 원문 검증 전. TERM: 버스피어·파스·도박장.,"ちがうさ！<G0001>オレにとっては
本当に<G0001>本当に
あこがれの人なんだ<G0026><G0026>",SUPPORTED,"0001,0026",NONE,
SCN_00151000_00740000_0057,SCENARIO,scenario_message,DATA/00151000.MDZ,DATA/00151000.MDT,0x00740000,00151000,56,0x002f0ac3,0x002f0abe,a2 f2 77 86 b0 be 92 d7 f0 92 94 a1 08 9b 86 aa 46 46 44 0d ff 00,"吸いこまれた人たちは
どこへ……？","빨려 들어간 사람들은
어디로……?",UNASSIGNED,ユウキ,"[{""offset"":-5,""raw_hex"":""02 0e 00 01 00"",""kind"":""MESSAGE_HEADER"",""opcode"":2,""argument"":1},{""offset"":12,""raw_hex"":""08"",""kind"":""LINE_BREAK""},{""offset"":19,""raw_hex"":""0d ff 00"",""kind"":""MESSAGE_END""}]",REVIEW_1,NO,CHARACTER_GUIDE v0.1 적용. context-v1 복원 원문 1차 번역.,SUPPORTED: structured scenario command; header FACE slot maps to face_yuuki_02; runtime display not yet checked. PROVEN: byte-identical source command exists at the same path and offsets on Disc 2. SUPPORTED: context-v1 glyph 복원; 런타임 원문 검증 전. TERM: 버스피어·파스·도박장.,"<G02F2>いこまれた人たちは
どこへ<G0026><G0026>？",SUPPORTED,"0026,02F2",NONE,
SCN_00151000_00740000_0058,SCENARIO,scenario_message,DATA/00151000.MDZ,DATA/00151000.MDT,0x00740000,00151000,57,0x002f0c01,0x002f0bfc,c4 21 c4 3d f0 26 f0 c5 eb 46 46 0d ff 00,ア、アルフィナ……,"알, 알피나……",UNASSIGNED,アルフィナ,"[{""offset"":-5,""raw_hex"":""02 0e 00 0c 00"",""kind"":""MESSAGE_HEADER"",""opcode"":2,""argument"":12},{""offset"":11,""raw_hex"":""0d ff 00"",""kind"":""MESSAGE_END""}]",REVIEW_1,NO,CHARACTER_GUIDE v0.1 적용. context-v1 복원 원문 1차 번역.,SUPPORTED: structured scenario command; header FACE slot maps to face_alfina_01; runtime display not yet checked. PROVEN: byte-identical source command exists at the same path and offsets on Disc 2. SUPPORTED: context-v1 glyph 복원; 런타임 원문 검증 전. TERM: 버스피어·파스·도박장.,ア<G0001>アルフィナ<G0026><G0026>,SUPPORTED,"0001,0026",NONE,
SCN_00151000_00740000_0059,SCENARIO,scenario_message,DATA/00151000.MDZ,DATA/00151000.MDT,0x00740000,00151000,58,0x002f0ccb,0x002f0cc6,9b 21 9b 79 77 79 5b f1 5b f0 44 0d ff 00,ど、どういう意味？,"무, 무슨 뜻이야?",UNASSIGNED,ユウキ,"[{""offset"":-5,""raw_hex"":""02 0e 00 0b 00"",""kind"":""MESSAGE_HEADER"",""opcode"":2,""argument"":11},{""offset"":11,""raw_hex"":""0d ff 00"",""kind"":""MESSAGE_END""}]",REVIEW_1,NO,CHARACTER_GUIDE v0.1 적용. context-v1 복원 원문 1차 번역.,SUPPORTED: structured scenario command; header FACE slot maps to face_yuuki_12; runtime display not yet checked. PROVEN: byte-identical source command exists at the same path and offsets on Disc 2. SUPPORTED: context-v1 glyph 복원; 런타임 원문 검증 전. TERM: 버스피어·파스·도박장.,ど<G0001>どういう意味？,SUPPORTED,0001,NONE,
SCN_00151000_00740000_0060,SCENARIO,scenario_message,DATA/00151000.MDZ,DATA/00151000.MDT,0x00740000,00151000,59,0x002f0f2d,0x002f0f28,79 95 21 90 21 90 be a1 46 46 0d ff 00,うっ、そ、それは……,"윽, 그, 그건……",UNASSIGNED,ユウキ,"[{""offset"":-5,""raw_hex"":""02 0e 00 06 00"",""kind"":""MESSAGE_HEADER"",""opcode"":2,""argument"":6},{""offset"":10,""raw_hex"":""0d ff 00"",""kind"":""MESSAGE_END""}]",REVIEW_1,NO,CHARACTER_GUIDE v0.1 적용. context-v1 복원 원문 1차 번역.,SUPPORTED: structured scenario command; header FACE slot maps to face_yuuki_07; runtime display not yet checked. PROVEN: byte-identical source command exists at the same path and offsets on Disc 2. SUPPORTED: context-v1 glyph 복원; 런타임 원문 검증 전. TERM: 버스피어·파스·도박장.,うっ<G0001>そ<G0001>それは<G0026><G0026>,SUPPORTED,"0001,0026",NONE,
SCN_00151000_00740000_0061,SCENARIO,scenario_message,DATA/00151000.MDZ,DATA/00151000.MDT,0x00740000,00151000,60,0x002f0f8f,0x002f0f8a,94 21 94 7f 79 88 43 21 75 be a1 08 77 95 8a b9 9d bc f2 95 98 92 30 f0 3b f0 3a f0 e2 7f 08 56 f1 8c 81 92 8e 77 99 46 46 41 0d ff 00,"ち、ちがうさ！、あれは
いっしょに乗ってたミランダが
重すぎたせいで……！","아, 아니야! 그건
같이 타고 있던 미란다가
너무 무거웠기 때문에……!",UNASSIGNED,ユウキ,"[{""offset"":-5,""raw_hex"":""02 0e 00 07 00"",""kind"":""MESSAGE_HEADER"",""opcode"":2,""argument"":7},{""offset"":11,""raw_hex"":""08"",""kind"":""LINE_BREAK""},{""offset"":30,""raw_hex"":""08"",""kind"":""LINE_BREAK""},{""offset"":42,""raw_hex"":""0d ff 00"",""kind"":""MESSAGE_END""}]",REVIEW_1,NO,CHARACTER_GUIDE v0.1 적용. context-v1 복원 원문 1차 번역.,SUPPORTED: structured scenario command; header FACE slot maps to face_yuuki_08; runtime display not yet checked. PROVEN: byte-identical source command exists at the same path and offsets on Disc 2. SUPPORTED: context-v1 glyph 복원; 런타임 원문 검증 전. TERM: 버스피어·파스·도박장.,"ち<G0001>ちがうさ！<G0001>あれは
いっしょに乗ってたミランダが
重すぎたせいで<G0026><G0026><G0021>",SUPPORTED,"0001,0021,0026",NONE,
SCN_00151000_00740000_0063,SCENARIO,scenario_message,DATA/00151000.MDZ,DATA/00151000.MDT,0x00740000,00151000,62,0x002f1016,0x002f1011,a1 e4 21 a1 a4 e4 43 21 7d b7 f0 88 b0 43 0d ff 00,はッ、はひッ！、お母さま！,"네, 넵! 어머니!",UNASSIGNED,ユウキ,"[{""offset"":-5,""raw_hex"":""02 0e 00 06 00"",""kind"":""MESSAGE_HEADER"",""opcode"":2,""argument"":6},{""offset"":14,""raw_hex"":""0d ff 00"",""kind"":""MESSAGE_END""}]",REVIEW_1,NO,CHARACTER_GUIDE v0.1 적용. context-v1 복원 원문 1차 번역.,SUPPORTED: structured scenario command; header FACE slot maps to face_yuuki_07; runtime display not yet checked. PROVEN: byte-identical source command exists at the same path and offsets on Disc 2. SUPPORTED: context-v1 glyph 복원; 런타임 원문 검증 전. TERM: 버스피어·파스·도박장.,はッ<G0001>はひッ！<G0001>お<G0167>さま！,SUPPORTED,"0001,0167",NONE,
SCN_00151000_00740000_0065,SCENARIO,scenario_message,DATA/00151000.MDZ,DATA/00151000.MDT,0x00740000,00151000,64,0x002f114c,0x002f1147,63 f0 c0 8e 98 82 be 95 41 0d ff 00,会わせてくれっ！,만나게 해 줘!,UNASSIGNED,ユウキ,"[{""offset"":-5,""raw_hex"":""02 0e 00 04 00"",""kind"":""MESSAGE_HEADER"",""opcode"":2,""argument"":4},{""offset"":9,""raw_hex"":""0d ff 00"",""kind"":""MESSAGE_END""}]",REVIEW_1,NO,CHARACTER_GUIDE v0.1 적용. context-v1 복원 원문 1차 번역.,SUPPORTED: structured scenario command; header FACE slot maps to face_yuuki_05; runtime display not yet checked. PROVEN: byte-identical source command exists at the same path and offsets on Disc 2. SUPPORTED: context-v1 glyph 복원; 런타임 원문 검증 전. TERM: 버스피어·파스·도박장.,<G0113>わせてくれっ<G0021>,SUPPORTED,"0021,0113",NONE,
SCN_00151000_00740000_0066,SCENARIO,scenario_message,DATA/00151000.MDZ,DATA/00151000.MDT,0x00740000,00151000,65,0x002f117f,0x002f117a,d9 36 f0 30 f0 e4 e9 a1 46 46 08 cc 3e f0 a0 75 86 7f be 9c c2 93 43 08 93 7e bb 46 46 21 82 f2 b2 95 41 0d ff 00,"シュミットは……
オレのあこがれなんだ！
だから……、頼むっ！","슈미트는……
내 동경의 대상이야!
그러니까…… 부탁이야!",UNASSIGNED,ユウキ,"[{""offset"":-5,""raw_hex"":""02 0e 00 07 00"",""kind"":""MESSAGE_HEADER"",""opcode"":2,""argument"":7},{""offset"":10,""raw_hex"":""08"",""kind"":""LINE_BREAK""},{""offset"":23,""raw_hex"":""08"",""kind"":""LINE_BREAK""},{""offset"":35,""raw_hex"":""0d ff 00"",""kind"":""MESSAGE_END""}]",REVIEW_1,NO,CHARACTER_GUIDE v0.1 적용. context-v1 복원 원문 1차 번역.,SUPPORTED: structured scenario command; header FACE slot maps to face_yuuki_08; runtime display not yet checked. PROVEN: byte-identical source command exists at the same path and offsets on Disc 2. SUPPORTED: context-v1 glyph 복원; 런타임 원문 검증 전. TERM: 버스피어·파스·도박장.,"シュミットは<G0026><G0026>
オレのあこがれなんだ！
だから<G0026><G0026><G0001>頼むっ<G0021>",SUPPORTED,"0001,0021,0026",NONE,
SCN_00151000_00740000_0067,SCENARIO,scenario_message,DATA/00151000.MDZ,DATA/00151000.MDT,0x00740000,00151000,66,0x002f11ff,0x002f11fa,cc 3e f0 21 9b 79 8a 98 b4 08 d9 36 f0 30 f0 e4 e9 9d 63 f0 77 92 77 c2 93 43 08 82 f2 b2 46 46 43 0d ff 00,"オレ、どうしても
シュミットに会いたいんだ！
頼む……！","나, 어떻게 해서든
슈미트를 만나고 싶어!
부탁이야……!",UNASSIGNED,ユウキ,"[{""offset"":-5,""raw_hex"":""02 0e 00 07 00"",""kind"":""MESSAGE_HEADER"",""opcode"":2,""argument"":7},{""offset"":9,""raw_hex"":""08"",""kind"":""LINE_BREAK""},{""offset"":26,""raw_hex"":""08"",""kind"":""LINE_BREAK""},{""offset"":33,""raw_hex"":""0d ff 00"",""kind"":""MESSAGE_END""}]",REVIEW_1,NO,CHARACTER_GUIDE v0.1 적용. context-v1 복원 원문 1차 번역.,SUPPORTED: structured scenario command; header FACE slot maps to face_yuuki_08; runtime display not yet checked. PROVEN: byte-identical source command exists at the same path and offsets on Disc 2. SUPPORTED: context-v1 glyph 복원; 런타임 원문 검증 전. TERM: 버스피어·파스·도박장.,"オレ<G0001>どうしても
シュミットに<G0113>いたいんだ！
頼む<G0026><G0026>！",SUPPORTED,"0001,0026,0113",NONE,
SCN_00151000_00740000_0068,SCENARIO,scenario_message,DATA/00151000.MDZ,DATA/00151000.MDT,0x00740000,00151000,67,0x002f1395,0x002f1390,77 ba 77 ba 21 32 f0 3a f0 e8 c5 9d 7d f5 4a f2 7e 74 08 63 f0 7b bd 7e 9c 21 d9 36 f0 30 f0 e4 e9 9d 0d ff 00,"いよいよ、メンディに到着かぁ
会えるかな、シュミットに","드디어 멘디에 도착하는 건가
슈미트를 만날 수 있을까?",UNASSIGNED,ユウキ,"[{""offset"":-5,""raw_hex"":""02 0e 00 02 00"",""kind"":""MESSAGE_HEADER"",""opcode"":2,""argument"":2},{""offset"":18,""raw_hex"":""08"",""kind"":""LINE_BREAK""},{""offset"":34,""raw_hex"":""0d ff 00"",""kind"":""MESSAGE_END""}]",REVIEW_1,NO,CHARACTER_GUIDE v0.1 적용. context-v1 복원 원문 1차 번역.,SUPPORTED: structured scenario command; header FACE slot maps to face_yuuki_03; runtime display not yet checked. PROVEN: byte-identical source command exists at the same path and offsets on Disc 2. SUPPORTED: context-v1 glyph 복원; 런타임 원문 검증 전. TERM: 버스피어·파스·도박장.,"いよいよ<G0001>メンディに<G053D>着か<G0054>
<G0113>えるかな<G0001>シュミットに",SUPPORTED,"0001,0054,0113,053D",NONE,
SCN_00151000_00740000_0069,SCENARIO,scenario_message,DATA/00151000.MDZ,DATA/00151000.MDT,0x00740000,00151000,68,0x002f13ee,0x002f13e9,75 75 43 21 2a f1 e2 f4 a0 49 f1 42 f1 a5 f1 88 43 0d ff 00,ああ！、伝説の飛行王さ！,그래! 전설의 비행왕이야!,UNASSIGNED,ユウキ,"[{""offset"":-5,""raw_hex"":""02 0e 00 0a 00"",""kind"":""MESSAGE_HEADER"",""opcode"":2,""argument"":10},{""offset"":17,""raw_hex"":""0d ff 00"",""kind"":""MESSAGE_END""}]",REVIEW_1,NO,CHARACTER_GUIDE v0.1 적용. context-v1 복원 원문 1차 번역.,SUPPORTED: structured scenario command; header FACE slot maps to face_yuuki_11; runtime display not yet checked. PROVEN: byte-identical source command exists at the same path and offsets on Disc 2. SUPPORTED: context-v1 glyph 복원; 런타임 원문 검증 전. TERM: 버스피어·파스·도박장.,ああ！<G0001>伝説の飛行王さ！,SUPPORTED,0001,NONE,
SCN_00151000_00740000_0070,SCENARIO,scenario_message,DATA/00151000.MDZ,DATA/00151000.MDT,0x00740000,00151000,69,0x002f1422,0x002f141d,c4 3d f0 26 f0 c5 eb a0 86 9a 8a 7e 08 75 a0 9a 80 a1 44 f4 7b bb be 9c 7e 95 92 08 cc 3e f0 7f a9 f4 84 9c 80 b5 95 98 08 90 be 93 84 8a 7e 46 46 0d ff 00,"アルフィナのことしか
あのときは考えられなかった
オレが助けなきゃって
それだけしか……","그때는 알피나 생각밖에
할 수 없었어
내가 구해야 한다는
생각밖에는……",UNASSIGNED,ユウキ,"[{""offset"":-5,""raw_hex"":""02 0e 00 01 00"",""kind"":""MESSAGE_HEADER"",""opcode"":2,""argument"":1},{""offset"":12,""raw_hex"":""08"",""kind"":""LINE_BREAK""},{""offset"":27,""raw_hex"":""08"",""kind"":""LINE_BREAK""},{""offset"":40,""raw_hex"":""08"",""kind"":""LINE_BREAK""},{""offset"":49,""raw_hex"":""0d ff 00"",""kind"":""MESSAGE_END""}]",REVIEW_1,NO,CHARACTER_GUIDE v0.1 적용. context-v1 복원 원문 1차 번역.,SUPPORTED: structured scenario command; header FACE slot maps to face_yuuki_02; runtime display not yet checked. PROVEN: byte-identical source command exists at the same path and offsets on Disc 2. SUPPORTED: context-v1 glyph 복원; 런타임 원문 검증 전. TERM: 버스피어·파스·도박장.,"アルフィナのことしか
あのときは考えられなかった
オレが<G0499>けなきゃって
それだけしか<G0026><G0026>",SUPPORTED,"0026,0499",NONE,
SCN_00151000_00740000_0072,SCENARIO,scenario_message,DATA/00151000.MDZ,DATA/00151000.MDT,0x00740000,00151000,71,0x002f1531,0x002f152c,c4 3d f0 26 f0 c5 eb a1 08 6a f2 a0 2f f3 84 7f bb 93 95 98 77 95 92 84 9b 08 92 8a 7e 9d 90 c2 9c 9c f3 8b 93 95 92 ba 0d ff 00,"アルフィナは
命の歩けがらだっていったけど
たしかにそんな感じだったよ","알피나는
생명의 껍데기라고 했지만
정말 그런 느낌이었어.",UNASSIGNED,ユウキ,"[{""offset"":-5,""raw_hex"":""02 0e 00 01 00"",""kind"":""MESSAGE_HEADER"",""opcode"":2,""argument"":1},{""offset"":8,""raw_hex"":""08"",""kind"":""LINE_BREAK""},{""offset"":25,""raw_hex"":""08"",""kind"":""LINE_BREAK""},{""offset"":40,""raw_hex"":""0d ff 00"",""kind"":""MESSAGE_END""}]",REVIEW_1,NO,CHARACTER_GUIDE v0.1 적용. context-v1 복원 원문 1차 번역.,SUPPORTED: structured scenario command; header FACE slot maps to face_yuuki_02; runtime display not yet checked. PROVEN: byte-identical source command exists at the same path and offsets on Disc 2. SUPPORTED: context-v1 glyph 복원; 런타임 원문 검증 전. TERM: 버스피어·파스·도박장.,"アルフィナは
命の<G034F>けがらだっていったけど
たしかにそんな感じだったよ",SUPPORTED,034F,NONE,
SCN_00151000_00740000_0073,SCENARIO,scenario_message,DATA/00151000.MDZ,DATA/00151000.MDT,0x00740000,00151000,72,0x002f1599,0x002f1594,9a 98 b4 80 be 77 99 08 99 b4 21 9b 86 7e ac f5 8a 77 46 46 08 90 c2 9c 6a f2 a0 9c 77 eb f2 97 f2 93 95 92 c2 93 0d ff 00,"とてもきれいで
でも、どこか悲しい……
そんな命のない世界だったんだ","아주 아름답지만
어딘가 슬픈……
그런 생명 없는 세계였어.",UNASSIGNED,ユウキ,"[{""offset"":-5,""raw_hex"":""02 0e 00 01 00"",""kind"":""MESSAGE_HEADER"",""opcode"":2,""argument"":1},{""offset"":7,""raw_hex"":""08"",""kind"":""LINE_BREAK""},{""offset"":20,""raw_hex"":""08"",""kind"":""LINE_BREAK""},{""offset"":38,""raw_hex"":""0d ff 00"",""kind"":""MESSAGE_END""}]",REVIEW_1,NO,CHARACTER_GUIDE v0.1 적용. context-v1 복원 원문 1차 번역.,SUPPORTED: structured scenario command; header FACE slot maps to face_yuuki_02; runtime display not yet checked. PROVEN: byte-identical source command exists at the same path and offsets on Disc 2. SUPPORTED: context-v1 glyph 복원; 런타임 원문 검증 전. TERM: 버스피어·파스·도박장.,"とてもきれいで
でも<G0001>どこか悲しい<G0026><G0026>
そんな命のない世界だったんだ",SUPPORTED,"0001,0026",NONE,
SCN_00151000_00740000_0074,SCENARIO,scenario_message,DATA/00151000.MDZ,DATA/00151000.MDT,0x00740000,00151000,73,0x002f15e2,0x002f15dd,75 a0 59 f1 a1 92 95 92 a4 9a bc 99 08 c1 f1 80 98 bd a0 7e 9c 08 6a f2 a0 9c 77 75 a0 eb f2 97 f2 99 46 46 0d ff 00,"あの子はたったひとりで
生きてるのかな
命のないあの世界で……","그 애는 혼자서
살고 있는 걸까
생명 없는 그 세계에서……",UNASSIGNED,ユウキ,"[{""offset"":-5,""raw_hex"":""02 0e 00 01 00"",""kind"":""MESSAGE_HEADER"",""opcode"":2,""argument"":1},{""offset"":12,""raw_hex"":""08"",""kind"":""LINE_BREAK""},{""offset"":21,""raw_hex"":""08"",""kind"":""LINE_BREAK""},{""offset"":36,""raw_hex"":""0d ff 00"",""kind"":""MESSAGE_END""}]",REVIEW_1,NO,CHARACTER_GUIDE v0.1 적용. context-v1 복원 원문 1차 번역.,SUPPORTED: structured scenario command; header FACE slot maps to face_yuuki_02; runtime display not yet checked. PROVEN: byte-identical source command exists at the same path and offsets on Disc 2. SUPPORTED: context-v1 glyph 복원; 런타임 원문 검증 전. TERM: 버스피어·파스·도박장.,"あの子はたったひとりで
生きてるのかな
命のないあの世界で<G0026><G0026>",SUPPORTED,0026,NONE,
SCN_00151000_00740000_0076,SCENARIO,scenario_message,DATA/00151000.MDZ,DATA/00151000.MDT,0x00740000,00151000,75,0x002f16ca,0x002f16c5,7b f5 7b a1 80 95 9a a1 f0 96 7e bd 43 08 d8 f0 8a 9d 77 86 79 21 c4 3d f0 26 f0 c5 eb 43 0d ff 00,"答えはきっと見つかる！
探しにいこう、アルフィナ！","답은 분명 찾을 수 있어!
찾으러 가자, 알피나!",UNASSIGNED,ユウキ,"[{""offset"":-5,""raw_hex"":""02 0e 00 0a 00"",""kind"":""MESSAGE_HEADER"",""opcode"":2,""argument"":10},{""offset"":13,""raw_hex"":""08"",""kind"":""LINE_BREAK""},{""offset"":30,""raw_hex"":""0d ff 00"",""kind"":""MESSAGE_END""}]",REVIEW_1,NO,CHARACTER_GUIDE v0.1 적용. context-v1 복원 원문 1차 번역.,SUPPORTED: structured scenario command; header FACE slot maps to face_yuuki_11; runtime display not yet checked. PROVEN: byte-identical source command exists at the same path and offsets on Disc 2. SUPPORTED: context-v1 glyph 복원; 런타임 원문 검증 전. TERM: 버스피어·파스·도박장.,"<G053B>えはきっと見つかる！
<G0188>しにいこう<G0001>アルフィナ！",SUPPORTED,"0001,0188,053B",NONE,
SCN_00151000_00740000_0078,SCENARIO,scenario_message,DATA/00151000.MDZ,DATA/00151000.MDT,0x00740000,00151000,77,0x002f18c4,0x002f18bf,6a f2 c1 9c f3 8b 9c 77 eb f2 97 f2 93 95 92 c2 93 08 9a 98 b4 80 be 77 9c c2 93 84 9b 08 9b 86 7e ac f5 8a 77 46 46 0d ff 00,"命を感じない世界だったんだ
とてもきれいなんだけど
どこか悲しい……","생명이 느껴지지 않는 세계였어
아주 아름답지만
어딘가 슬퍼……",UNASSIGNED,ユウキ,"[{""offset"":-5,""raw_hex"":""02 0e 00 01 00"",""kind"":""MESSAGE_HEADER"",""opcode"":2,""argument"":1},{""offset"":17,""raw_hex"":""08"",""kind"":""LINE_BREAK""},{""offset"":29,""raw_hex"":""08"",""kind"":""LINE_BREAK""},{""offset"":39,""raw_hex"":""0d ff 00"",""kind"":""MESSAGE_END""}]",REVIEW_1,NO,CHARACTER_GUIDE v0.1 적용. context-v1 복원 원문 1차 번역.,SUPPORTED: structured scenario command; header FACE slot maps to face_yuuki_02; runtime display not yet checked. PROVEN: byte-identical source command exists at the same path and offsets on Disc 2. SUPPORTED: context-v1 glyph 복원; 런타임 원문 검증 전. TERM: 버스피어·파스·도박장.,"命を感じない世界だったんだ
とてもきれいなんだけど
どこか悲しい<G0026><G0026>",SUPPORTED,0026,NONE,
SCN_00151000_00740000_0079,SCENARIO,scenario_message,DATA/00151000.MDZ,DATA/00151000.MDT,0x00740000,00151000,78,0x002f1b91,0x002f1b8c,7b 95 46 46 44 08 9c 9d 21 c8 f2 c2 93 44 0d ff 00,"えっ……？
なに、呼んだ？","어……?
뭐야, 불렀어?",UNASSIGNED,ミランダ,"[{""offset"":-5,""raw_hex"":""22 0e 00 1d 00"",""kind"":""MESSAGE_HEADER"",""opcode"":34,""argument"":29},{""offset"":5,""raw_hex"":""08"",""kind"":""LINE_BREAK""},{""offset"":14,""raw_hex"":""0d ff 00"",""kind"":""MESSAGE_END""}]",REVIEW_1,NO,CHARACTER_GUIDE v0.1 적용. context-v1 복원 원문 1차 번역.,SUPPORTED: structured scenario command; header FACE slot maps to face_miranda_04; runtime display not yet checked. PROVEN: byte-identical source command exists at the same path and offsets on Disc 2. SUPPORTED: context-v1 glyph 복원; 런타임 원문 검증 전. TERM: 버스피어·파스·도박장.,"えっ<G0026><G0026>？
なに<G0001>呼んだ？",SUPPORTED,"0001,0026",NONE,
SCN_00151000_00740000_0080,SCENARIO,scenario_message,DATA/00151000.MDZ,DATA/00151000.MDT,0x00740000,00151000,79,0x002f1bdf,0x002f1bda,37 f0 c8 cf 46 46 08 75 c2 92 21 b6 95 a3 bc 46 46 0d ff 00,"ユウキ……
あんた、やっぱり……","유키……
너, 역시……",UNASSIGNED,アロンソ,"[{""offset"":-5,""raw_hex"":""22 0e 00 23 00"",""kind"":""MESSAGE_HEADER"",""opcode"":34,""argument"":35},{""offset"":6,""raw_hex"":""08"",""kind"":""LINE_BREAK""},{""offset"":17,""raw_hex"":""0d ff 00"",""kind"":""MESSAGE_END""}]",REVIEW_1,NO,CHARACTER_GUIDE v0.1 적용. context-v1 복원 원문 1차 번역.,SUPPORTED: structured scenario command; header FACE slot maps to face_alonso_02; runtime display not yet checked. PROVEN: byte-identical source command exists at the same path and offsets on Disc 2. SUPPORTED: context-v1 glyph 복원; 런타임 원문 검증 전. TERM: 버스피어·파스·도박장.,"ユウキ<G0026><G0026>
あんた<G0001>やっ<G0083>り<G0026><G0026>",SUPPORTED,"0001,0026,0083",NONE,
SCN_00151000_00740000_0081,SCENARIO,scenario_message,DATA/00151000.MDZ,DATA/00151000.MDT,0x00740000,00151000,80,0x002f1eac,0x002f1ea7,75 75 21 95 f5 dc f2 9d 5b f2 7f 75 bd 08 db f0 5c f1 a1 9f 46 46 0d ff 00,"ああ、背中に羽がある
以外はね……","그래, 등에 날개가 있다는
것 말고는……",UNASSIGNED,ユウキ,"[{""offset"":-5,""raw_hex"":""02 0e 00 01 00"",""kind"":""MESSAGE_HEADER"",""opcode"":2,""argument"":1},{""offset"":13,""raw_hex"":""08"",""kind"":""LINE_BREAK""},{""offset"":22,""raw_hex"":""0d ff 00"",""kind"":""MESSAGE_END""}]",REVIEW_1,NO,CHARACTER_GUIDE v0.1 적용. context-v1 복원 원문 1차 번역.,SUPPORTED: structured scenario command; header FACE slot maps to face_yuuki_02; runtime display not yet checked. PROVEN: byte-identical source command exists at the same path and offsets on Disc 2. SUPPORTED: context-v1 glyph 복원; 런타임 원문 검증 전. TERM: 버스피어·파스·도박장.,"ああ<G0001><G0555>中に羽がある
<G018B><G01DC>はね<G0026><G0026>",SUPPORTED,"0001,0026,018B,01DC",SUPPORTED,0555
SCN_00151000_00740000_0082,SCENARIO,scenario_message,DATA/00151000.MDZ,DATA/00151000.MDT,0x00740000,00151000,81,0x002f1f9c,0x002f1f97,b0 93 21 47 f1 82 9c 77 c2 93 46 46 08 90 79 93 9c 21 4d f4 84 f2 a1 b4 79 af f5 be 92 ba 0d ff 00,"まだ、眠くないんだ……
そうだな、あ日はもう疲れたよ","아직 졸리지 않아……
그래, 오늘은 이제 지쳤어.",UNASSIGNED,ユウキ,"[{""offset"":-5,""raw_hex"":""02 0e 00 01 00"",""kind"":""MESSAGE_HEADER"",""opcode"":2,""argument"":1},{""offset"":12,""raw_hex"":""08"",""kind"":""LINE_BREAK""},{""offset"":30,""raw_hex"":""0d ff 00"",""kind"":""MESSAGE_END""}]",REVIEW_1,NO,CHARACTER_GUIDE v0.1 적용. context-v1 복원 원문 1차 번역.,SUPPORTED: structured scenario command; header FACE slot maps to face_yuuki_02; runtime display not yet checked. PROVEN: byte-identical source command exists at the same path and offsets on Disc 2. SUPPORTED: context-v1 glyph 복원; 런타임 원문 검증 전. TERM: 버스피어·파스·도박장.,"まだ<G0001>眠くないんだ<G0026><G0026>
そうだな<G0001><G043D><G02D4>はもう<G056F>れたよ",SUPPORTED,"0001,0026,02D4,043D,056F",NONE,
SCN_00151000_00740000_0083,SCENARIO,scenario_message,DATA/00151000.MDZ,DATA/00151000.MDT,0x00740000,00151000,82,0x002f2087,0x002f2082,c2 45 21 4d f4 84 f2 95 98 08 93 be 7e a0 42 f5 c1 f1 84 f2 9a 7e 93 95 84 44 0d ff 00,"ん〜、あ日って
だれかの誕生日とかだっけ？","으음~ 오늘이
누군가의 생일 같은 날이던가?",UNASSIGNED,ユウキ,"[{""offset"":-5,""raw_hex"":""02 0e 00 0b 00"",""kind"":""MESSAGE_HEADER"",""opcode"":2,""argument"":11},{""offset"":9,""raw_hex"":""08"",""kind"":""LINE_BREAK""},{""offset"":26,""raw_hex"":""0d ff 00"",""kind"":""MESSAGE_END""}]",REVIEW_1,NO,CHARACTER_GUIDE v0.1 적용. context-v1 복원 원문 1차 번역.,SUPPORTED: structured scenario command; header FACE slot maps to face_yuuki_12; runtime display not yet checked. PROVEN: byte-identical source command exists at the same path and offsets on Disc 2. SUPPORTED: context-v1 glyph 복원; 런타임 원문 검증 전. TERM: 버스피어·파스·도박장.,"ん〜<G0001><G043D><G02D4>って
だれかの<G0502>生<G02D4>とかだっけ？",SUPPORTED,"0001,02D4,043D,0502",NONE,
SCN_00151000_00740000_0085,SCENARIO,scenario_message,DATA/00151000.MDZ,DATA/00151000.MDT,0x00740000,00151000,84,0x002f2106,0x002f2101,77 21 77 b6 43 08 90 c2 9c 86 9a 9c 77 84 9b 0d ff 00,"い、いや！
そんなことないけど","아, 아니야!
그런 건 아니지만.",UNASSIGNED,ユウキ,"[{""offset"":-5,""raw_hex"":""02 0e 00 08 00"",""kind"":""MESSAGE_HEADER"",""opcode"":2,""argument"":8},{""offset"":5,""raw_hex"":""08"",""kind"":""LINE_BREAK""},{""offset"":15,""raw_hex"":""0d ff 00"",""kind"":""MESSAGE_END""}]",REVIEW_1,NO,CHARACTER_GUIDE v0.1 적용. context-v1 복원 원문 1차 번역.,SUPPORTED: structured scenario command; header FACE slot maps to face_yuuki_09; runtime display not yet checked. PROVEN: byte-identical source command exists at the same path and offsets on Disc 2. SUPPORTED: context-v1 glyph 복원; 런타임 원문 검증 전. TERM: 버스피어·파스·도박장.,"い<G0001>いや！
そんなことないけど",SUPPORTED,0001,NONE,
SCN_00151000_00740000_0086,SCENARIO,scenario_message,DATA/00151000.MDZ,DATA/00151000.MDT,0x00740000,00151000,85,0x002f215b,0x002f2156,7b 95 46 46 44 0d ff 00,えっ……？,어……?,UNASSIGNED,ユウキ,"[{""offset"":-5,""raw_hex"":""02 0e 00 01 00"",""kind"":""MESSAGE_HEADER"",""opcode"":2,""argument"":1},{""offset"":5,""raw_hex"":""0d ff 00"",""kind"":""MESSAGE_END""}]",REVIEW_1,NO,CHARACTER_GUIDE v0.1 적용. context-v1 복원 원문 1차 번역.,SUPPORTED: structured scenario command; header FACE slot maps to face_yuuki_02; runtime display not yet checked. PROVEN: byte-identical source command exists at the same path and offsets on Disc 2. SUPPORTED: context-v1 glyph 복원; 런타임 원문 검증 전. TERM: 버스피어·파스·도박장.,えっ<G0026><G0026>？,SUPPORTED,0026,NONE,
SCN_00151000_00740000_0087,SCENARIO,scenario_message,DATA/00151000.MDZ,DATA/00151000.MDT,0x00740000,00151000,86,0x002f21bd,0x002f21b8,cd f2 ce f5 9c 84 f2 9d 9c bd 95 98 08 9b 79 77 79 5b f1 5b f0 21 c4 3f f0 3a f0 df 44 0d ff 00,"特別な日になるって
どういう意味、アロンソ？","특별한 날이 된다는 게
무슨 뜻이야, 알론소?",UNASSIGNED,ユウキ,"[{""offset"":-5,""raw_hex"":""02 0e 00 01 00"",""kind"":""MESSAGE_HEADER"",""opcode"":2,""argument"":1},{""offset"":12,""raw_hex"":""08"",""kind"":""LINE_BREAK""},{""offset"":29,""raw_hex"":""0d ff 00"",""kind"":""MESSAGE_END""}]",REVIEW_1,NO,CHARACTER_GUIDE v0.1 적용. context-v1 복원 원문 1차 번역.,SUPPORTED: structured scenario command; header FACE slot maps to face_yuuki_02; runtime display not yet checked. PROVEN: byte-identical source command exists at the same path and offsets on Disc 2. SUPPORTED: context-v1 glyph 복원; 런타임 원문 검증 전. TERM: 버스피어·파스·도박장.,"特別な<G02D4>になるって
どういう意味<G0001>アロンソ？",SUPPORTED,"0001,02D4",NONE,
SCN_00151000_00740000_0088,SCENARIO,scenario_message,DATA/00151000.MDZ,DATA/00151000.MDT,0x00740000,00151000,87,0x002f2219,0x002f2214,79 45 c2 21 90 79 77 c0 be bd 9a 08 ba 84 77 9d bb f0 9d 9c bd 46 46 0d ff 00,"う〜ん、そういわれると
よけいに気になる……","으음, 그렇게 말하니까
더 신경 쓰이는데……",UNASSIGNED,ユウキ,"[{""offset"":-5,""raw_hex"":""02 0e 00 0b 00"",""kind"":""MESSAGE_HEADER"",""opcode"":2,""argument"":11},{""offset"":11,""raw_hex"":""08"",""kind"":""LINE_BREAK""},{""offset"":23,""raw_hex"":""0d ff 00"",""kind"":""MESSAGE_END""}]",REVIEW_1,NO,CHARACTER_GUIDE v0.1 적용. context-v1 복원 원문 1차 번역.,SUPPORTED: structured scenario command; header FACE slot maps to face_yuuki_12; runtime display not yet checked. PROVEN: byte-identical source command exists at the same path and offsets on Disc 2. SUPPORTED: context-v1 glyph 복원; 런타임 원문 검증 전. TERM: 버스피어·파스·도박장.,"う〜ん<G0001>そういわれると
よけいに気になる<G0026><G0026>",SUPPORTED,"0001,0026",NONE,
SCN_01051101_00740000_0005,SCENARIO,scenario_message,DATA/01051101.MDZ,DATA/01051101.MDT,0x00740000,01051101,4,0x003fd82d,0x003fd828,7d f0 7f 5d f0 c1 f2 9d 66 f0 77 94 b5 95 92 a0 ba 08 9c c2 7e 86 79 21 20 f3 bc 7f 32 f0 3b f0 32 f0 3b f0 9a 08 c0 77 98 80 94 b5 95 98 d7 0d ff 00,"手が自然に動いちゃったのよ
なんかこう、怒りがメラメラと
わいてきちゃってサ","손이 저절로 움직여 버렸어
뭐랄까, 화가 활활
솟아올라서 말이야.",UNASSIGNED,アロンソ,"[{""offset"":-5,""raw_hex"":""22 0e 00 24 00"",""kind"":""MESSAGE_HEADER"",""opcode"":34,""argument"":36},{""offset"":17,""raw_hex"":""08"",""kind"":""LINE_BREAK""},{""offset"":37,""raw_hex"":""08"",""kind"":""LINE_BREAK""},{""offset"":47,""raw_hex"":""0d ff 00"",""kind"":""MESSAGE_END""}]",REVIEW_1,NO,CHARACTER_GUIDE v0.1 적용. context-v1 복원 원문 1차 번역.,SUPPORTED: structured scenario command; header FACE slot maps to face_alonso_03; runtime display not yet checked. PROVEN: byte-identical source command exists at the same path and offsets on Disc 2. SUPPORTED: context-v1 glyph 복원; 런타임 원문 검증 전. TERM: 버스피어·파스·도박장.,"手が自然に動いちゃったのよ
なんかこう<G0001>怒りがメラメラと
わいてきちゃってサ",SUPPORTED,0001,NONE,
SCN_01051101_00740000_0006,SCENARIO,scenario_message,DATA/01051101.MDZ,DATA/01051101.MDT,0x00740000,01051101,5,0x003fd86e,0x003fd869,9c 9d 77 95 92 c2 93 bf 08 c4 3f f0 3a f0 df 46 0d ff 00,"なにいったんだろ
アロンソ…","무슨 말을 한 걸까
알론소는…",UNASSIGNED,ユウキ,"[{""offset"":-5,""raw_hex"":""02 0e 00 08 00"",""kind"":""MESSAGE_HEADER"",""opcode"":2,""argument"":8},{""offset"":8,""raw_hex"":""08"",""kind"":""LINE_BREAK""},{""offset"":16,""raw_hex"":""0d ff 00"",""kind"":""MESSAGE_END""}]",REVIEW_1,NO,CHARACTER_GUIDE v0.1 적용. context-v1 복원 원문 1차 번역.,SUPPORTED: structured scenario command; header FACE slot maps to face_yuuki_09; runtime display not yet checked. PROVEN: byte-identical source command exists at the same path and offsets on Disc 2. SUPPORTED: context-v1 glyph 복원; 런타임 원문 검증 전. TERM: 버스피어·파스·도박장.,"なにいったんだろ
アロンソ<G0026>",SUPPORTED,0026,NONE,
SCN_01051101_00740000_0007,SCENARIO,scenario_message,DATA/01051101.MDZ,DATA/01051101.MDT,0x00740000,01051101,6,0x003fd909,0x003fd904,7d 95 21 e9 3b f0 27 f0 3d f0 a0 34 f6 9c f3 43 08 b6 95 a3 b5 f0 a1 21 86 79 99 9c 77 9a 9c 43 0d ff 00,"おっ、トラブルの予感！
やっぱ旅は、こうでないとな！","오, 사건의 예감!
역시 여행은 이래야지!",UNASSIGNED,ユウキ,"[{""offset"":-5,""raw_hex"":""02 0e 00 0a 00"",""kind"":""MESSAGE_HEADER"",""opcode"":2,""argument"":10},{""offset"":16,""raw_hex"":""08"",""kind"":""LINE_BREAK""},{""offset"":32,""raw_hex"":""0d ff 00"",""kind"":""MESSAGE_END""}]",REVIEW_1,NO,CHARACTER_GUIDE v0.1 적용. context-v1 복원 원문 1차 번역.,SUPPORTED: structured scenario command; header FACE slot maps to face_yuuki_11; runtime display not yet checked. PROVEN: byte-identical source command exists at the same path and offsets on Disc 2. SUPPORTED: context-v1 glyph 복원; 런타임 원문 검증 전. TERM: 버스피어·파스·도박장.,"おっ<G0001>トラブルの<G05C4>感！
やっ<G0083>旅は<G0001>こうでないとな！",SUPPORTED,"0001,0083,05C4",NONE,
SCN_01051101_00740000_0008,SCENARIO,scenario_message,DATA/01051101.MDZ,DATA/01051101.MDT,0x00740000,01051101,7,0x003fd9ae,0x003fd9a9,54 f1 8d f0 9d 7e b0 be 98 9c 80 b5 08 cc 3e f0 b4 90 79 a1 f1 95 92 7e b4 9c 46 0d ff 00,"最初にかまれてなきゃ
オレもそう思ったかもな…","처음에 물리지 않았더라면
나도 그렇게 생각했을지도 모르겠네…",UNASSIGNED,ユウキ,"[{""offset"":-5,""raw_hex"":""02 0e 00 08 00"",""kind"":""MESSAGE_HEADER"",""opcode"":2,""argument"":8},{""offset"":12,""raw_hex"":""08"",""kind"":""LINE_BREAK""},{""offset"":27,""raw_hex"":""0d ff 00"",""kind"":""MESSAGE_END""}]",REVIEW_1,NO,CHARACTER_GUIDE v0.1 적용. context-v1 복원 원문 1차 번역.,SUPPORTED: structured scenario command; header FACE slot maps to face_yuuki_09; runtime display not yet checked. PROVEN: byte-identical source command exists at the same path and offsets on Disc 2. SUPPORTED: context-v1 glyph 복원; 런타임 원문 검증 전. TERM: 버스피어·파스·도박장.,"<G01D4>初にかまれてなきゃ
オレもそう思ったかもな<G0026>",SUPPORTED,"0026,01D4",NONE,
SCN_01051101_00740000_0011,SCENARIO,scenario_message,DATA/01051101.MDZ,DATA/01051101.MDT,0x00740000,01051101,10,0x003fdb50,0x003fdb4b,bb f3 9d 88 f0 8a 94 b5 08 35 f0 21 f0 77 95 98 21 c4 3e f0 43 0d ff 00,"客に出しちゃ
ヤバいって、アレ！","손님에게 내놓으면
큰일 난다고, 저건!",UNASSIGNED,ユウキ,"[{""offset"":-5,""raw_hex"":""02 0e 00 06 00"",""kind"":""MESSAGE_HEADER"",""opcode"":2,""argument"":6},{""offset"":8,""raw_hex"":""08"",""kind"":""LINE_BREAK""},{""offset"":21,""raw_hex"":""0d ff 00"",""kind"":""MESSAGE_END""}]",REVIEW_1,NO,CHARACTER_GUIDE v0.1 적용. context-v1 복원 원문 1차 번역.,SUPPORTED: structured scenario command; header FACE slot maps to face_yuuki_07; runtime display not yet checked. PROVEN: byte-identical source command exists at the same path and offsets on Disc 2. SUPPORTED: context-v1 glyph 복원; 런타임 원문 검증 전. TERM: 버스피어·파스·도박장.,"<G03DB>に出しちゃ
ヤバいって<G0001>アレ！",SUPPORTED,0001,SUPPORTED,03DB
SCN_01051101_00740000_0012,SCENARIO,scenario_message,DATA/01051101.MDZ,DATA/01051101.MDT,0x00740000,01051101,11,0x003fdb82,0x003fdb7d,d2 3f f0 e7 db d1 9c b4 a0 ad 9b 08 5c f3 5c f1 21 c3 f4 ab bd 9a 7d 77 8a 77 b4 a0 ba 08 b0 21 49 f6 44 f6 a0 3a f1 30 f5 95 98 35 f0 e5 44 0d ff 00,"グロテスクなものほど
意外、食べるとおいしいものよ
ま、料理の鉄則ってヤツ？","징그러운 것일수록
의외로 먹으면 맛있는 법이야
뭐, 요리의 철칙 같은 거지?",UNASSIGNED,ミランダ,"[{""offset"":-5,""raw_hex"":""22 0e 00 1e 00"",""kind"":""MESSAGE_HEADER"",""opcode"":34,""argument"":30},{""offset"":11,""raw_hex"":""08"",""kind"":""LINE_BREAK""},{""offset"":29,""raw_hex"":""08"",""kind"":""LINE_BREAK""},{""offset"":47,""raw_hex"":""0d ff 00"",""kind"":""MESSAGE_END""}]",REVIEW_1,NO,CHARACTER_GUIDE v0.1 적용. context-v1 복원 원문 1차 번역.,SUPPORTED: structured scenario command; header FACE slot maps to face_miranda_05; runtime display not yet checked. PROVEN: byte-identical source command exists at the same path and offsets on Disc 2. SUPPORTED: context-v1 glyph 복원; 런타임 원문 검증 전. TERM: 버스피어·파스·도박장.,"グロテスクなものほど
<G037C><G01DC><G0001>食べるとおいしいものよ
ま<G0001><G05D9><G05D4>の鉄<G04F0>ってヤツ？",SUPPORTED,"0001,01DC,037C,05D4,05D9",SUPPORTED,04F0
SCN_01051101_00740000_0013,SCENARIO,scenario_message,DATA/01051101.MDZ,DATA/01051101.MDT,0x00740000,01051101,12,0x003fdbc3,0x003fdbbe,cc 21 cc 3e f0 a1 08 ca 3a f0 3c f0 38 f0 8a 9a 82 ba 46 0d ff 00,"オ、オレは
エンリョしとくよ…","나, 나는
사양할게…",UNASSIGNED,ユウキ,"[{""offset"":-5,""raw_hex"":""02 0e 00 08 00"",""kind"":""MESSAGE_HEADER"",""opcode"":2,""argument"":8},{""offset"":6,""raw_hex"":""08"",""kind"":""LINE_BREAK""},{""offset"":19,""raw_hex"":""0d ff 00"",""kind"":""MESSAGE_END""}]",REVIEW_1,NO,CHARACTER_GUIDE v0.1 적용. context-v1 복원 원문 1차 번역.,SUPPORTED: structured scenario command; header FACE slot maps to face_yuuki_09; runtime display not yet checked. PROVEN: byte-identical source command exists at the same path and offsets on Disc 2. SUPPORTED: context-v1 glyph 복원; 런타임 원문 검증 전. TERM: 버스피어·파스·도박장.,"オ<G0001>オレは
エンリョしとくよ<G0026>",SUPPORTED,"0001,0026",NONE,
SCN_01051101_00740000_0014,SCENARIO,scenario_message,DATA/01051101.MDZ,DATA/01051101.MDT,0x00740000,01051101,13,0x003fdc61,0x003fdc5c,93 77 8b b9 79 a8 44 08 8c 87 77 68 f0 8a 92 84 9b 46 0d ff 00,"だいじょうぶ？
すごい音したけど…","괜찮아?
엄청난 소리가 났는데…",UNASSIGNED,アルフィナ,"[{""offset"":-5,""raw_hex"":""02 0e 00 0c 00"",""kind"":""MESSAGE_HEADER"",""opcode"":2,""argument"":12},{""offset"":7,""raw_hex"":""08"",""kind"":""LINE_BREAK""},{""offset"":18,""raw_hex"":""0d ff 00"",""kind"":""MESSAGE_END""}]",REVIEW_1,NO,CHARACTER_GUIDE v0.1 적용. context-v1 복원 원문 1차 번역.,SUPPORTED: structured scenario command; header FACE slot maps to face_alfina_01; runtime display not yet checked. PROVEN: byte-identical source command exists at the same path and offsets on Disc 2. SUPPORTED: context-v1 glyph 복원; 런타임 원문 검증 전. TERM: 버스피어·파스·도박장.,"だいじょうぶ？
すごい音したけど<G0026>",SUPPORTED,0026,NONE,
SCN_01051101_00740000_0016,SCENARIO,scenario_message,DATA/01051101.MDZ,DATA/01051101.MDT,0x00740000,01051101,15,0x003fdf7f,0x003fdf7a,9c c2 93 46 21 86 86 9d 08 80 f3 7e 6a f5 bb be 98 92 a0 7e 46 44 0d ff 00,"なんだ…、ここに
何か貼られてたのか…？","뭐야… 여기에
뭔가 붙어 있었던 건가…?",UNASSIGNED,ユウキ,"[{""offset"":-5,""raw_hex"":""02 0e 00 0b 00"",""kind"":""MESSAGE_HEADER"",""opcode"":2,""argument"":11},{""offset"":8,""raw_hex"":""08"",""kind"":""LINE_BREAK""},{""offset"":22,""raw_hex"":""0d ff 00"",""kind"":""MESSAGE_END""}]",REVIEW_1,NO,CHARACTER_GUIDE v0.1 적용. context-v1 복원 원문 1차 번역.,SUPPORTED: structured scenario command; header FACE slot maps to face_yuuki_12; runtime display not yet checked. PROVEN: byte-identical source command exists at the same path and offsets on Disc 2. SUPPORTED: context-v1 glyph 복원; 런타임 원문 검증 전. TERM: 버스피어·파스·도박장.,"なんだ<G0026><G0001>ここに
何か貼られてたのか<G0026>？",SUPPORTED,"0001,0026",NONE,
SCN_01051101_00740000_0017,SCENARIO,scenario_message,DATA/01051101.MDZ,DATA/01051101.MDT,0x00740000,01051101,16,0x003fdfa7,0x003fdfa2,75 c2 92 21 86 c2 9c 9a 86 bf 99 08 80 f3 8a 98 c2 a0 43 08 75 a0 e7 3a f0 e9 9d df f0 82 42 f1 7e 9c 77 9a 08 75 77 96 9d 41 f1 85 bb be 94 b5 79 c0 ba 43 0d ff 00,"あんた、こんなところで
何してんの！
あのテントに早く行かないと
あいつに逃げられちゃうわよ！","너, 이런 데서
뭐 하는 거야!
얼른 저 텐트로 가지 않으면
그 녀석을 놓치겠어!",UNASSIGNED,アロンソ,"[{""offset"":-5,""raw_hex"":""22 0e 00 24 00"",""kind"":""MESSAGE_HEADER"",""opcode"":34,""argument"":36},{""offset"":11,""raw_hex"":""08"",""kind"":""LINE_BREAK""},{""offset"":19,""raw_hex"":""08"",""kind"":""LINE_BREAK""},{""offset"":36,""raw_hex"":""08"",""kind"":""LINE_BREAK""},{""offset"":52,""raw_hex"":""0d ff 00"",""kind"":""MESSAGE_END""}]",REVIEW_1,NO,CHARACTER_GUIDE v0.1 적용. context-v1 복원 원문 1차 번역.,SUPPORTED: structured scenario command; header FACE slot maps to face_alonso_03; runtime display not yet checked. PROVEN: byte-identical source command exists at the same path and offsets on Disc 2. SUPPORTED: context-v1 glyph 복원; 런타임 원문 검증 전. TERM: 버스피어·파스·도박장.,"あんた<G0001>こんなところで
何してんの！
あのテントに早く行かないと
あいつに逃げられちゃうわよ！",SUPPORTED,0001,NONE,
SCN_01051101_00740000_0018,SCENARIO,scenario_message,DATA/01051101.MDZ,DATA/01051101.MDT,0x00740000,01051101,17,0x003fdffe,0x003fdff9,ad bb 95 21 2d f0 3a f0 35 f0 3c f0 08 cd f5 9c c2 98 a1 f0 98 bd b1 f0 a3 f1 8b b5 08 9c 77 99 8a b9 43 08 df f0 82 e7 3a f0 e9 9d 42 f1 82 c0 ba 43 0d ff 00,"ほらっ、ボンヤリ
空なんて見てる場合じゃ
ないでしょ！
早くテントに行くわよ！","자, 멍하니
하늘이나 보고 있을 때가
아니잖아!
얼른 텐트로 가자!",UNASSIGNED,アロンソ,"[{""offset"":-5,""raw_hex"":""22 0e 00 24 00"",""kind"":""MESSAGE_HEADER"",""opcode"":34,""argument"":36},{""offset"":12,""raw_hex"":""08"",""kind"":""LINE_BREAK""},{""offset"":28,""raw_hex"":""08"",""kind"":""LINE_BREAK""},{""offset"":35,""raw_hex"":""08"",""kind"":""LINE_BREAK""},{""offset"":50,""raw_hex"":""0d ff 00"",""kind"":""MESSAGE_END""}]",REVIEW_1,NO,CHARACTER_GUIDE v0.1 적용. context-v1 복원 원문 1차 번역.,SUPPORTED: structured scenario command; header FACE slot maps to face_alonso_03; runtime display not yet checked. PROVEN: byte-identical source command exists at the same path and offsets on Disc 2. SUPPORTED: context-v1 glyph 복원; 런타임 원문 검증 전. TERM: 버스피어·파스·도박장.,"ほらっ<G0001>ボンヤリ
<G058D>なんて見てる場合じゃ
ないでしょ！
早くテントに行くわよ！",SUPPORTED,0001,SUPPORTED,058D
SCN_01051101_00740000_0019,SCENARIO,scenario_message,DATA/01051101.MDZ,DATA/01051101.MDT,0x00740000,01051101,18,0x003fe064,0x003fe05f,c4 3f f0 3a f0 df a0 c8 f0 cc f4 46 08 86 be 9d c9 f2 7e be 98 bd 9a 86 bf 08 9b f1 3b f2 42 f1 95 92 a0 7e 44 0d ff 00,"アロンソの海図…
これに描かれてるところ
全部行ったのか？","알론소의 해도…
여기에 그려진 곳을
전부 가 본 거야?",UNASSIGNED,ユウキ,"[{""offset"":-5,""raw_hex"":""02 0e 00 01 00"",""kind"":""MESSAGE_HEADER"",""opcode"":2,""argument"":1},{""offset"":12,""raw_hex"":""08"",""kind"":""LINE_BREAK""},{""offset"":25,""raw_hex"":""08"",""kind"":""LINE_BREAK""},{""offset"":37,""raw_hex"":""0d ff 00"",""kind"":""MESSAGE_END""}]",REVIEW_1,NO,CHARACTER_GUIDE v0.1 적용. context-v1 복원 원문 1차 번역.,SUPPORTED: structured scenario command; header FACE slot maps to face_yuuki_02; runtime display not yet checked. PROVEN: byte-identical source command exists at the same path and offsets on Disc 2. SUPPORTED: context-v1 glyph 복원; 런타임 원문 검증 전. TERM: 버스피어·파스·도박장.,"アロンソの海<G04BC><G0026>
これに描かれてるところ
全部行ったのか？",SUPPORTED,"0026,04BC",NONE,
SCN_01051101_00740000_0020,SCENARIO,scenario_message,DATA/01051101.MDZ,DATA/01051101.MDT,0x00740000,01051101,19,0x003fe117,0x003fe112,c4 3f f0 3a f0 df 7f c1 f1 80 92 a9 f1 21 7e 46 0d ff 00,アロンソが生きた証、か…,알론소가 살아온 증거인가…,UNASSIGNED,ユウキ,"[{""offset"":-5,""raw_hex"":""02 0e 00 02 00"",""kind"":""MESSAGE_HEADER"",""opcode"":2,""argument"":2},{""offset"":16,""raw_hex"":""0d ff 00"",""kind"":""MESSAGE_END""}]",REVIEW_1,NO,CHARACTER_GUIDE v0.1 적용. context-v1 복원 원문 1차 번역.,SUPPORTED: structured scenario command; header FACE slot maps to face_yuuki_03; runtime display not yet checked. PROVEN: byte-identical source command exists at the same path and offsets on Disc 2. SUPPORTED: context-v1 glyph 복원; 런타임 원문 검증 전. TERM: 버스피어·파스·도박장.,アロンソが生きた証<G0001>か<G0026>,SUPPORTED,"0001,0026",NONE,
SCN_01051101_00740000_0022,SCENARIO,scenario_message,DATA/01051101.MDZ,DATA/01051101.MDT,0x00740000,01051101,21,0x003fe1c0,0x003fe1bb,c4 3f f0 3a f0 df a0 c8 f0 cc f4 46 08 86 be 9d c9 f2 7e be 98 bd 9a 86 bf 08 9b f1 3b f2 42 f1 95 92 a0 7e 44 0d ff 00,"アロンソの海図…
これに描かれてるところ
全部行ったのか？","알론소의 해도…
여기에 그려진 곳을
전부 가 본 거야?",UNASSIGNED,ユウキ,"[{""offset"":-5,""raw_hex"":""02 0e 00 01 00"",""kind"":""MESSAGE_HEADER"",""opcode"":2,""argument"":1},{""offset"":12,""raw_hex"":""08"",""kind"":""LINE_BREAK""},{""offset"":25,""raw_hex"":""08"",""kind"":""LINE_BREAK""},{""offset"":37,""raw_hex"":""0d ff 00"",""kind"":""MESSAGE_END""}]",REVIEW_1,NO,CHARACTER_GUIDE v0.1 적용. context-v1 복원 원문 1차 번역.,SUPPORTED: structured scenario command; header FACE slot maps to face_yuuki_02; runtime display not yet checked. PROVEN: byte-identical source command exists at the same path and offsets on Disc 2. SUPPORTED: context-v1 glyph 복원; 런타임 원문 검증 전. TERM: 버스피어·파스·도박장.,"アロンソの海<G04BC><G0026>
これに描かれてるところ
全部行ったのか？",SUPPORTED,"0026,04BC",NONE,
SCN_01051101_00740000_0023,SCENARIO,scenario_message,DATA/01051101.MDZ,DATA/01051101.MDT,0x00740000,01051101,22,0x003fe273,0x003fe26e,c4 3f f0 3a f0 df 7f c1 f1 80 92 a9 f1 21 7e 46 0d ff 00,アロンソが生きた証、か…,알론소가 살아온 증거인가…,UNASSIGNED,ユウキ,"[{""offset"":-5,""raw_hex"":""02 0e 00 02 00"",""kind"":""MESSAGE_HEADER"",""opcode"":2,""argument"":2},{""offset"":16,""raw_hex"":""0d ff 00"",""kind"":""MESSAGE_END""}]",REVIEW_1,NO,CHARACTER_GUIDE v0.1 적용. context-v1 복원 원문 1차 번역.,SUPPORTED: structured scenario command; header FACE slot maps to face_yuuki_03; runtime display not yet checked. PROVEN: byte-identical source command exists at the same path and offsets on Disc 2. SUPPORTED: context-v1 glyph 복원; 런타임 원문 검증 전. TERM: 버스피어·파스·도박장.,アロンソが生きた証<G0001>か<G0026>,SUPPORTED,"0001,0026",NONE,
SCN_01051101_00740000_0026,SCENARIO,scenario_message,DATA/01051101.MDZ,DATA/01051101.MDT,0x00740000,01051101,25,0x003fe35d,0x003fe358,99 95 84 7a 46 08 86 be 46 21 9c c2 a0 ec f2 9c c2 93 46 44 0d ff 00,"でっけぇ…
これ…、なんの牙なんだ…？","크다…
이건… 무슨 송곳니야…?",UNASSIGNED,ユウキ,"[{""offset"":-5,""raw_hex"":""02 0e 00 06 00"",""kind"":""MESSAGE_HEADER"",""opcode"":2,""argument"":6},{""offset"":5,""raw_hex"":""08"",""kind"":""LINE_BREAK""},{""offset"":20,""raw_hex"":""0d ff 00"",""kind"":""MESSAGE_END""}]",REVIEW_1,NO,CHARACTER_GUIDE v0.1 적용. context-v1 복원 원문 1차 번역.,SUPPORTED: structured scenario command; header FACE slot maps to face_yuuki_07; runtime display not yet checked. PROVEN: byte-identical source command exists at the same path and offsets on Disc 2. SUPPORTED: context-v1 glyph 복원; 런타임 원문 검증 전. TERM: 버스피어·파스·도박장.,"でっけ<G005A><G0026>
これ<G0026><G0001>なんの<G033C>なんだ<G0026>？",SUPPORTED,"0001,0026,005A",SUPPORTED,033C
SCN_01051101_00740000_0028,SCENARIO,scenario_message,DATA/01051101.MDZ,DATA/01051101.MDT,0x00740000,01051101,27,0x003fe473,0x003fe46e,90 be 99 21 3b f1 95 92 a0 7e 46 43 0d ff 00,それで、戦ったのか…！,그걸로 싸운 거야…!,UNASSIGNED,ユウキ,"[{""offset"":-5,""raw_hex"":""02 0e 00 07 00"",""kind"":""MESSAGE_HEADER"",""opcode"":2,""argument"":7},{""offset"":12,""raw_hex"":""0d ff 00"",""kind"":""MESSAGE_END""}]",REVIEW_1,NO,CHARACTER_GUIDE v0.1 적용. context-v1 복원 원문 1차 번역.,SUPPORTED: structured scenario command; header FACE slot maps to face_yuuki_08; runtime display not yet checked. PROVEN: byte-identical source command exists at the same path and offsets on Disc 2. SUPPORTED: context-v1 glyph 복원; 런타임 원문 검증 전. TERM: 버스피어·파스·도박장.,それで<G0001>戦ったのか<G0026>！,SUPPORTED,"0001,0026",NONE,
SCN_01051101_00740000_0029,SCENARIO,scenario_message,DATA/01051101.MDZ,DATA/01051101.MDT,0x00740000,01051101,28,0x003fe4d5,0x003fe4d0,c3 f4 3e f6 7e ba 46 0d ff 00,食欲かよ…,식욕이냐…,UNASSIGNED,ユウキ,"[{""offset"":-5,""raw_hex"":""02 0e 00 06 00"",""kind"":""MESSAGE_HEADER"",""opcode"":2,""argument"":6},{""offset"":7,""raw_hex"":""0d ff 00"",""kind"":""MESSAGE_END""}]",REVIEW_1,NO,CHARACTER_GUIDE v0.1 적용. context-v1 복원 원문 1차 번역.,SUPPORTED: structured scenario command; header FACE slot maps to face_yuuki_07; runtime display not yet checked. PROVEN: byte-identical source command exists at the same path and offsets on Disc 2. SUPPORTED: context-v1 glyph 복원; 런타임 원문 검증 전. TERM: 버스피어·파스·도박장.,食<G05CE>かよ<G0026>,SUPPORTED,"0026,05CE",NONE,
SCN_01051101_00740000_0030,SCENARIO,scenario_message,DATA/01051101.MDZ,DATA/01051101.MDT,0x00740000,01051101,29,0x003fe4ff,0x003fe4fa,86 a0 58 f1 8f f5 9c ec f2 a0 b8 f1 94 ae f2 b4 08 c4 3f f0 3a f0 df a0 61 f3 82 f1 9d 46 0d ff 00,"この立派な牙の持ち主も
アロンソの胃袋に…","이 훌륭한 송곳니의 주인도
알론소의 뱃속으로…",UNASSIGNED,ユウキ,"[{""offset"":-5,""raw_hex"":""02 0e 00 01 00"",""kind"":""MESSAGE_HEADER"",""opcode"":2,""argument"":1},{""offset"":16,""raw_hex"":""08"",""kind"":""LINE_BREAK""},{""offset"":30,""raw_hex"":""0d ff 00"",""kind"":""MESSAGE_END""}]",REVIEW_1,NO,CHARACTER_GUIDE v0.1 적용. context-v1 복원 원문 1차 번역.,SUPPORTED: structured scenario command; header FACE slot maps to face_yuuki_02; runtime display not yet checked. PROVEN: byte-identical source command exists at the same path and offsets on Disc 2. SUPPORTED: context-v1 glyph 복원; 런타임 원문 검증 전. TERM: 버스피어·파스·도박장.,"この立<G054F>な<G033C>の持ち<G02FE>も
アロンソの<G0381><G0202>に<G0026>",SUPPORTED,"0026,054F",SUPPORTED,"0202,02FE,033C,0381"
SCN_01051101_00740000_0031,SCENARIO,scenario_message,DATA/01051101.MDZ,DATA/01051101.MDT,0x00740000,01051101,30,0x003fe547,0x003fe542,8c 87 77 ec f2 93 43 08 d5 c6 e5 c1 6c f4 46 f6 b3 92 c2 9c bb 08 ea f1 95 a9 8a 9d 5d f0 81 f2 7f 75 bd 95 98 08 2e f4 95 98 92 a0 b4 7b f0 7e bd 9c 46 0d ff 00,"すごい牙だ！
コイツを仕留めたんなら
腕っぶしに自信があるって
言ってたのも分かるな…","대단한 송곳니야!
이 녀석을 해치웠다면
힘에는 자신이 있다고
말한 것도 이해되네…",UNASSIGNED,ユウキ,"[{""offset"":-5,""raw_hex"":""02 0e 00 02 00"",""kind"":""MESSAGE_HEADER"",""opcode"":2,""argument"":2},{""offset"":7,""raw_hex"":""08"",""kind"":""LINE_BREAK""},{""offset"":21,""raw_hex"":""08"",""kind"":""LINE_BREAK""},{""offset"":37,""raw_hex"":""08"",""kind"":""LINE_BREAK""},{""offset"":51,""raw_hex"":""0d ff 00"",""kind"":""MESSAGE_END""}]",REVIEW_1,NO,CHARACTER_GUIDE v0.1 적용. context-v1 복원 원문 1차 번역.,SUPPORTED: structured scenario command; header FACE slot maps to face_yuuki_03; runtime display not yet checked. PROVEN: byte-identical source command exists at the same path and offsets on Disc 2. SUPPORTED: context-v1 glyph 복원; 런타임 원문 검증 전. TERM: 버스피어·파스·도박장.,"すごい<G033C>だ！
コイツを仕<G05D6>めたんなら
<G026A>っ<G0089>しに自信があるって
<G041E>ってたのも分かるな<G0026>",SUPPORTED,"0026,041E",SUPPORTED,"0089,026A,033C,05D6"
SCN_01051101_00740000_0033,SCENARIO,scenario_message,DATA/01051101.MDZ,DATA/01051101.MDT,0x00740000,01051101,32,0x003fe608,0x003fe603,9c c2 93 86 bc b5 44 08 e6 f1 84 f0 a0 96 f9 46 44 08 39 f0 3f f0 c6 9d 8a 94 b5 08 29 f0 3a f0 9c 53 f3 3d f4 93 9c 0d ff 00,"なんだこりゃ？
金属の像…？
ヨロイにしちゃ
ヘンな格好だな","이게 뭐야?
금속 조각상…?
갑옷이라고 하기엔
이상한 모양이네.",UNASSIGNED,ユウキ,"[{""offset"":-5,""raw_hex"":""02 0e 00 01 00"",""kind"":""MESSAGE_HEADER"",""opcode"":2,""argument"":1},{""offset"":7,""raw_hex"":""08"",""kind"":""LINE_BREAK""},{""offset"":17,""raw_hex"":""08"",""kind"":""LINE_BREAK""},{""offset"":27,""raw_hex"":""08"",""kind"":""LINE_BREAK""},{""offset"":39,""raw_hex"":""0d ff 00"",""kind"":""MESSAGE_END""}]",REVIEW_1,NO,CHARACTER_GUIDE v0.1 적용. context-v1 복원 원문 1차 번역.,SUPPORTED: structured scenario command; header FACE slot maps to face_yuuki_02; runtime display not yet checked. PROVEN: byte-identical source command exists at the same path and offsets on Disc 2. SUPPORTED: context-v1 glyph 복원; 런타임 원문 검증 전. TERM: 버스피어·파스·도박장.,"なんだこりゃ？
金属の<G0896><G0026>？
ヨロイにしちゃ
ヘンな<G0373>好だな",SUPPORTED,"0026,0373",SUPPORTED,0896
SCN_01051101_00740000_0035,SCENARIO,scenario_message,DATA/01051101.MDZ,DATA/01051101.MDT,0x00740000,01051101,34,0x003fe726,0x003fe721,46 9c c2 7e 08 59 f2 5a f2 9c 31 f6 d0 f5 2e f0 db e9 b1 92 77 93 9c 0d ff 00,"…なんか
奇妙な郵便ポストみたいだな","…뭔가
기묘한 우체통 같네.",UNASSIGNED,ユウキ,"[{""offset"":-5,""raw_hex"":""02 0e 00 08 00"",""kind"":""MESSAGE_HEADER"",""opcode"":2,""argument"":8},{""offset"":4,""raw_hex"":""08"",""kind"":""LINE_BREAK""},{""offset"":23,""raw_hex"":""0d ff 00"",""kind"":""MESSAGE_END""}]",REVIEW_1,NO,CHARACTER_GUIDE v0.1 적용. context-v1 복원 원문 1차 번역.,SUPPORTED: structured scenario command; header FACE slot maps to face_yuuki_09; runtime display not yet checked. PROVEN: byte-identical source command exists at the same path and offsets on Disc 2. SUPPORTED: context-v1 glyph 복원; 런타임 원문 검증 전. TERM: 버스피어·파스·도박장.,"<G0026>なんか
奇<G02AA>な<G05C1>便ポストみたいだな",SUPPORTED,"0026,02AA",SUPPORTED,05C1
SCN_01051101_00740000_0036,SCENARIO,scenario_message,DATA/01051101.MDZ,DATA/01051101.MDT,0x00740000,01051101,35,0x003fe9a5,0x003fe9a0,9c 74 9c 74 21 c8 3d f0 95 98 88 08 9b 79 b6 95 98 d9 21 f0 9a 08 4d f5 71 f1 82 9c 95 92 c2 93 44 0d ff 00,"なぁなぁ、ウルってさ
どうやってシバと
仲良くなったんだ？","저기, 울 말이야
어떻게 시바와
친해진 거야?",UNASSIGNED,ユウキ,"[{""offset"":-5,""raw_hex"":""02 0e 00 02 00"",""kind"":""MESSAGE_HEADER"",""opcode"":2,""argument"":2},{""offset"":11,""raw_hex"":""08"",""kind"":""LINE_BREAK""},{""offset"":21,""raw_hex"":""08"",""kind"":""LINE_BREAK""},{""offset"":33,""raw_hex"":""0d ff 00"",""kind"":""MESSAGE_END""}]",REVIEW_1,NO,CHARACTER_GUIDE v0.1 적용. context-v1 복원 원문 1차 번역.,SUPPORTED: structured scenario command; header FACE slot maps to face_yuuki_03; runtime display not yet checked. PROVEN: byte-identical source command exists at the same path and offsets on Disc 2. SUPPORTED: context-v1 glyph 복원; 런타임 원문 검증 전. TERM: 버스피어·파스·도박장.,"な<G0054>な<G0054><G0001>ウルってさ
どうやってシバと
仲良くなったんだ？",SUPPORTED,"0001,0054",NONE,
SCN_01051101_00740000_0037,SCENARIO,scenario_message,DATA/01051101.MDZ,DATA/01051101.MDT,0x00740000,01051101,36,0x003fea13,0x003fea0e,8d 95 9a 77 95 8a b9 42 08 e6 f3 63 f5 b1 92 77 93 9c 21 b0 bd 99 43 0d ff 00,"ずっといっしょ？
父弟みたいだな、まるで！","계속 함께였어?
아버지와 아들 같네, 정말!",UNASSIGNED,ユウキ,"[{""offset"":-5,""raw_hex"":""02 0e 00 02 00"",""kind"":""MESSAGE_HEADER"",""opcode"":2,""argument"":2},{""offset"":8,""raw_hex"":""08"",""kind"":""LINE_BREAK""},{""offset"":23,""raw_hex"":""0d ff 00"",""kind"":""MESSAGE_END""}]",REVIEW_1,NO,CHARACTER_GUIDE v0.1 적용. context-v1 복원 원문 1차 번역.,SUPPORTED: structured scenario command; header FACE slot maps to face_yuuki_03; runtime display not yet checked. PROVEN: byte-identical source command exists at the same path and offsets on Disc 2. SUPPORTED: context-v1 glyph 복원; 런타임 원문 검증 전. TERM: 버스피어·파스·도박장.,"ずっといっしょ<G0022>
<G0406><G0523>みたいだな<G0001>まるで！",SUPPORTED,"0001,0022,0406",SUPPORTED,0523
SCN_01051101_00740000_0038,SCENARIO,scenario_message,DATA/01051101.MDZ,DATA/01051101.MDT,0x00740000,01051101,37,0x003fea90,0x003fea8b,9e f0 a0 4d f0 3b f2 7e 74 46 46 08 90 be 95 98 44 f6 21 f5 9c c2 93 ba 9c 08 49 f1 42 f1 af f3 bc f2 bc 9d 9a 95 98 b4 0d ff 00,"体の一部かぁ……
それって理思なんだよな
飛行機乗りにとっても","몸의 일부라……
그건 비행기 조종사에게도
이상적인 일이겠지.",UNASSIGNED,ユウキ,"[{""offset"":-5,""raw_hex"":""02 0e 00 02 00"",""kind"":""MESSAGE_HEADER"",""opcode"":2,""argument"":2},{""offset"":11,""raw_hex"":""08"",""kind"":""LINE_BREAK""},{""offset"":25,""raw_hex"":""08"",""kind"":""LINE_BREAK""},{""offset"":40,""raw_hex"":""0d ff 00"",""kind"":""MESSAGE_END""}]",REVIEW_1,NO,CHARACTER_GUIDE v0.1 적용. context-v1 복원 원문 1차 번역.,SUPPORTED: structured scenario command; header FACE slot maps to face_yuuki_03; runtime display not yet checked. PROVEN: byte-identical source command exists at the same path and offsets on Disc 2. SUPPORTED: context-v1 glyph 복원; 런타임 원문 검증 전. TERM: 버스피어·파스·도박장.,"体の一部か<G0054><G0026><G0026>
それって<G05D4><G04E1>なんだよな
飛行機乗りにとっても",SUPPORTED,"0026,0054,04E1,05D4",NONE,
SCN_01051101_00740000_0039,SCENARIO,scenario_message,DATA/01051101.MDZ,DATA/01051101.MDT,0x00740000,01051101,38,0x003feadb,0x003fead6,49 f1 4e f1 a0 73 f1 46 46 08 90 79 c8 f2 a2 be 98 bd a0 7e 08 c8 3d f0 92 94 a1 0d ff 00,"飛竜の民……
そう呼ばれてるのか
ウルたちは","비룡의 민족……
울 일행은
그렇게 불리는구나.",UNASSIGNED,ユウキ,"[{""offset"":-5,""raw_hex"":""02 0e 00 0b 00"",""kind"":""MESSAGE_HEADER"",""opcode"":2,""argument"":11},{""offset"":9,""raw_hex"":""08"",""kind"":""LINE_BREAK""},{""offset"":20,""raw_hex"":""08"",""kind"":""LINE_BREAK""},{""offset"":27,""raw_hex"":""0d ff 00"",""kind"":""MESSAGE_END""}]",REVIEW_1,NO,CHARACTER_GUIDE v0.1 적용. context-v1 복원 원문 1차 번역.,SUPPORTED: structured scenario command; header FACE slot maps to face_yuuki_12; runtime display not yet checked. PROVEN: byte-identical source command exists at the same path and offsets on Disc 2. SUPPORTED: context-v1 glyph 복원; 런타임 원문 검증 전. TERM: 버스피어·파스·도박장.,"飛竜の<G01F3><G0026><G0026>
そう呼ばれてるのか
ウルたちは",SUPPORTED,0026,SUPPORTED,01F3
SCN_01051101_00740000_0040,SCENARIO,scenario_message,DATA/01051101.MDZ,DATA/01051101.MDT,0x00740000,01051101,39,0x003feb19,0x003feb14,49 f1 4e f1 a0 3e f5 7e 74 08 6b f2 be 98 95 98 82 be ba 21 cc 3e f0 b4 43 0d ff 00,"飛竜の巣かぁ
連れてってくれよ、オレも！","비룡의 둥지라…
나도 데려가 줘!",UNASSIGNED,ユウキ,"[{""offset"":-5,""raw_hex"":""02 0e 00 02 00"",""kind"":""MESSAGE_HEADER"",""opcode"":2,""argument"":2},{""offset"":9,""raw_hex"":""08"",""kind"":""LINE_BREAK""},{""offset"":25,""raw_hex"":""0d ff 00"",""kind"":""MESSAGE_END""}]",REVIEW_1,NO,CHARACTER_GUIDE v0.1 적용. context-v1 복원 원문 1차 번역.,SUPPORTED: structured scenario command; header FACE slot maps to face_yuuki_03; runtime display not yet checked. PROVEN: byte-identical source command exists at the same path and offsets on Disc 2. SUPPORTED: context-v1 glyph 복원; 런타임 원문 검증 전. TERM: 버스피어·파스·도박장.,"飛竜の<G04FE>か<G0054>
連れてってくれよ<G0001>オレも！",SUPPORTED,"0001,0054,04FE",NONE,
SCN_01051101_00740000_0041,SCENARIO,scenario_message,DATA/01051101.MDZ,DATA/01051101.MDT,0x00740000,01051101,40,0x003feb73,0x003feb6e,75 45 75 21 49 f1 42 f1 af f3 88 7b 75 be a2 08 cc 3e f0 b4 c8 3d f0 b6 d9 21 f0 9a 77 95 8a b9 9d 08 49 f1 ab bd a0 9d 9c 74 45 0d ff 00,"あ〜あ、飛行機さえあれば
オレもウルやシバといっしょに
飛べるのになぁ〜","아아, 비행기만 있다면
나도 울이나 시바와 함께
날 수 있을 텐데~",UNASSIGNED,ユウキ,"[{""offset"":-5,""raw_hex"":""02 0e 00 01 00"",""kind"":""MESSAGE_HEADER"",""opcode"":2,""argument"":1},{""offset"":15,""raw_hex"":""08"",""kind"":""LINE_BREAK""},{""offset"":33,""raw_hex"":""08"",""kind"":""LINE_BREAK""},{""offset"":43,""raw_hex"":""0d ff 00"",""kind"":""MESSAGE_END""}]",REVIEW_1,NO,CHARACTER_GUIDE v0.1 적용. context-v1 복원 원문 1차 번역.,SUPPORTED: structured scenario command; header FACE slot maps to face_yuuki_02; runtime display not yet checked. PROVEN: byte-identical source command exists at the same path and offsets on Disc 2. SUPPORTED: context-v1 glyph 복원; 런타임 원문 검증 전. TERM: 버스피어·파스·도박장.,"あ〜あ<G0001>飛行機さえあれば
オレもウルやシバといっしょに
飛べるのにな<G0054>〜",SUPPORTED,"0001,0054",NONE,
SCN_01051101_00740000_0042,SCENARIO,scenario_message,DATA/01051101.MDZ,DATA/01051101.MDT,0x00740000,01051101,41,0x003febe9,0x003febe4,75 a0 da da c5 46 46 44 0d ff 00,あのジジィ……？,그 영감님……?,UNASSIGNED,ユウキ,"[{""offset"":-5,""raw_hex"":""02 0e 00 0b 00"",""kind"":""MESSAGE_HEADER"",""opcode"":2,""argument"":11},{""offset"":8,""raw_hex"":""0d ff 00"",""kind"":""MESSAGE_END""}]",REVIEW_1,NO,CHARACTER_GUIDE v0.1 적용. context-v1 복원 원문 1차 번역.,SUPPORTED: structured scenario command; header FACE slot maps to face_yuuki_12; runtime display not yet checked. PROVEN: byte-identical source command exists at the same path and offsets on Disc 2. SUPPORTED: context-v1 glyph 복원; 런타임 원문 검증 전. TERM: 버스피어·파스·도박장.,あのジジィ<G0026><G0026>？,SUPPORTED,0026,NONE,
SCN_01051101_00740000_0043,SCENARIO,scenario_message,DATA/01051101.MDZ,DATA/01051101.MDT,0x00740000,01051101,42,0x003fec3e,0x003fec39,90 21 90 be 95 98 08 b4 8a 7e 8a 98 46 46 43 0d ff 00,"そ、それって
もしかして……！","그, 그건
설마……!",UNASSIGNED,アルフィナ,"[{""offset"":-5,""raw_hex"":""02 0e 00 0c 00"",""kind"":""MESSAGE_HEADER"",""opcode"":2,""argument"":12},{""offset"":6,""raw_hex"":""08"",""kind"":""LINE_BREAK""},{""offset"":15,""raw_hex"":""0d ff 00"",""kind"":""MESSAGE_END""}]",REVIEW_1,NO,CHARACTER_GUIDE v0.1 적용. context-v1 복원 원문 1차 번역.,SUPPORTED: structured scenario command; header FACE slot maps to face_alfina_01; runtime display not yet checked. PROVEN: byte-identical source command exists at the same path and offsets on Disc 2. SUPPORTED: context-v1 glyph 복원; 런타임 원문 검증 전. TERM: 버스피어·파스·도박장.,"そ<G0001>それって
もしかして<G0026><G0026>！",SUPPORTED,"0001,0026",NONE,
SCN_01051101_00740000_0044,SCENARIO,scenario_message,DATA/01051101.MDZ,DATA/01051101.MDT,0x00740000,01051101,43,0x003fec7d,0x003fec78,c8 3d f0 a0 77 79 21 75 a0 da da c5 95 98 08 b4 8a 7e 8a 98 46 46 42 0d ff 00,"ウルのいう、あのジジィって
もしかして……？","울이 말한 그 영감님이
설마……?",UNASSIGNED,アルフィナ,"[{""offset"":-5,""raw_hex"":""02 0e 00 0c 00"",""kind"":""MESSAGE_HEADER"",""opcode"":2,""argument"":12},{""offset"":14,""raw_hex"":""08"",""kind"":""LINE_BREAK""},{""offset"":23,""raw_hex"":""0d ff 00"",""kind"":""MESSAGE_END""}]",REVIEW_1,NO,CHARACTER_GUIDE v0.1 적용. context-v1 복원 원문 1차 번역.,SUPPORTED: structured scenario command; header FACE slot maps to face_alfina_01; runtime display not yet checked. PROVEN: byte-identical source command exists at the same path and offsets on Disc 2. SUPPORTED: context-v1 glyph 복원; 런타임 원문 검증 전. TERM: 버스피어·파스·도박장.,"ウルのいう<G0001>あのジジィって
もしかして<G0026><G0026><G0022>",SUPPORTED,"0001,0022,0026",NONE,
SCN_01051101_00740000_0045,SCENARIO,scenario_message,DATA/01051101.MDZ,DATA/01051101.MDT,0x00740000,01051101,44,0x003fecb7,0x003fecb2,d9 36 f0 30 f0 e4 e9 a1 46 46 08 cc 3e f0 a0 75 86 7f be 9c c2 93 43 08 63 f0 c0 8e 98 82 be 46 46 21 82 f2 b2 95 41 0d ff 00,"シュミットは……
オレのあこがれなんだ！
会わせてくれ……、頼むっ！","슈미트는……
내 동경의 대상이야!
만나게 해 줘…… 부탁이야!",UNASSIGNED,ユウキ,"[{""offset"":-5,""raw_hex"":""02 0e 00 07 00"",""kind"":""MESSAGE_HEADER"",""opcode"":2,""argument"":7},{""offset"":10,""raw_hex"":""08"",""kind"":""LINE_BREAK""},{""offset"":23,""raw_hex"":""08"",""kind"":""LINE_BREAK""},{""offset"":39,""raw_hex"":""0d ff 00"",""kind"":""MESSAGE_END""}]",REVIEW_1,NO,CHARACTER_GUIDE v0.1 적용. context-v1 복원 원문 1차 번역.,SUPPORTED: structured scenario command; header FACE slot maps to face_yuuki_08; runtime display not yet checked. PROVEN: byte-identical source command exists at the same path and offsets on Disc 2. SUPPORTED: context-v1 glyph 복원; 런타임 원문 검증 전. TERM: 버스피어·파스·도박장.,"シュミットは<G0026><G0026>
オレのあこがれなんだ！
<G0113>わせてくれ<G0026><G0026><G0001>頼むっ<G0021>",SUPPORTED,"0001,0021,0026,0113",NONE,
SCN_01051101_00740000_0048,SCENARIO,scenario_message,DATA/01051101.MDZ,DATA/01051101.MDT,0x00740000,01051101,47,0x003fef82,0x003fef7d,d9 21 f0 b1 92 77 9c a0 b4 42 0d ff 00,シバみたいなのも？,시바 같은 비룡도?,UNASSIGNED,ユウキ,"[{""offset"":-5,""raw_hex"":""02 0e 00 02 00"",""kind"":""MESSAGE_HEADER"",""opcode"":2,""argument"":2},{""offset"":10,""raw_hex"":""0d ff 00"",""kind"":""MESSAGE_END""}]",REVIEW_1,NO,CHARACTER_GUIDE v0.1 적용. context-v1 복원 원문 1차 번역.,SUPPORTED: structured scenario command; header FACE slot maps to face_yuuki_03; runtime display not yet checked. PROVEN: byte-identical source command exists at the same path and offsets on Disc 2. SUPPORTED: context-v1 glyph 복원; 런타임 원문 검증 전. TERM: 버스피어·파스·도박장.,シバみたいなのも<G0022>,SUPPORTED,0022,NONE,
SCN_01051101_00740000_0049,SCENARIO,scenario_message,DATA/01051101.MDZ,DATA/01051101.MDT,0x00740000,01051101,48,0x003fefee,0x003fefe9,8c 87 77 9c 74 46 46 08 77 96 7e cc 3e f0 b4 6b f2 be 98 95 98 82 be ba 08 90 a0 49 f1 4e f1 a0 3e f5 95 98 9a 86 bf 9d 43 0d ff 00,"すごいなぁ……
いつかオレも連れてってくれよ
その飛竜の巣ってところに！","대단하다……
언젠가 나도 데려가 줘
그 비룡의 둥지라는 곳에!",UNASSIGNED,ユウキ,"[{""offset"":-5,""raw_hex"":""02 0e 00 09 00"",""kind"":""MESSAGE_HEADER"",""opcode"":2,""argument"":9},{""offset"":7,""raw_hex"":""08"",""kind"":""LINE_BREAK""},{""offset"":24,""raw_hex"":""08"",""kind"":""LINE_BREAK""},{""offset"":41,""raw_hex"":""0d ff 00"",""kind"":""MESSAGE_END""}]",REVIEW_1,NO,CHARACTER_GUIDE v0.1 적용. context-v1 복원 원문 1차 번역.,SUPPORTED: structured scenario command; header FACE slot maps to face_yuuki_10; runtime display not yet checked. PROVEN: byte-identical source command exists at the same path and offsets on Disc 2. SUPPORTED: context-v1 glyph 복원; 런타임 원문 검증 전. TERM: 버스피어·파스·도박장.,"すごいな<G0054><G0026><G0026>
いつかオレも連れてってくれよ
その飛竜の<G04FE>ってところに！",SUPPORTED,"0026,0054,04FE",NONE,
SCN_01051101_00740000_0050,SCENARIO,scenario_message,DATA/01051101.MDZ,DATA/01051101.MDT,0x00740000,01051101,49,0x003ff275,0x003ff270,79 aa 7a 46 46 08 86 be c1 54 f1 8d f0 9d c3 f4 ab 92 d7 f0 08 df 3a f0 d3 c6 8a 94 b5 79 ba 21 cc 3e f0 0d ff 00,"うへぇ……
これを最初に食べた人
ソンケイしちゃうよ、オレ","우웩……
이걸 처음 먹은 사람은
정말 존경스러워, 난.",UNASSIGNED,ユウキ,"[{""offset"":-5,""raw_hex"":""02 0e 00 08 00"",""kind"":""MESSAGE_HEADER"",""opcode"":2,""argument"":8},{""offset"":5,""raw_hex"":""08"",""kind"":""LINE_BREAK""},{""offset"":20,""raw_hex"":""08"",""kind"":""LINE_BREAK""},{""offset"":35,""raw_hex"":""0d ff 00"",""kind"":""MESSAGE_END""}]",REVIEW_1,NO,CHARACTER_GUIDE v0.1 적용. context-v1 복원 원문 1차 번역.,SUPPORTED: structured scenario command; header FACE slot maps to face_yuuki_09; runtime display not yet checked. PROVEN: byte-identical source command exists at the same path and offsets on Disc 2. SUPPORTED: context-v1 glyph 복원; 런타임 원문 검증 전. TERM: 버스피어·파스·도박장.,"うへ<G005A><G0026><G0026>
これを<G01D4>初に食べた人
ソンケイしちゃうよ<G0001>オレ",SUPPORTED,"0001,0026,005A,01D4",NONE,
SCN_01051101_00740000_0051,SCENARIO,scenario_message,DATA/01051101.MDZ,DATA/01051101.MDT,0x00740000,01051101,50,0x003ff307,0x003ff302,de f4 95 98 46 46 08 77 b0 a1 77 9c 77 a0 44 0d ff 00,"昔って……
いまはいないの？","옛날에는……
지금은 없는 거야?",UNASSIGNED,ユウキ,"[{""offset"":-5,""raw_hex"":""02 0e 00 01 00"",""kind"":""MESSAGE_HEADER"",""opcode"":2,""argument"":1},{""offset"":6,""raw_hex"":""08"",""kind"":""LINE_BREAK""},{""offset"":15,""raw_hex"":""0d ff 00"",""kind"":""MESSAGE_END""}]",REVIEW_1,NO,CHARACTER_GUIDE v0.1 적용. context-v1 복원 원문 1차 번역.,SUPPORTED: structured scenario command; header FACE slot maps to face_yuuki_02; runtime display not yet checked. PROVEN: byte-identical source command exists at the same path and offsets on Disc 2. SUPPORTED: context-v1 glyph 복원; 런타임 원문 검증 전. TERM: 버스피어·파스·도박장.,"<G04CE>って<G0026><G0026>
いまはいないの？",SUPPORTED,"0026,04CE",NONE,
SCN_01051101_00740000_0052,SCENARIO,scenario_message,DATA/01051101.MDZ,DATA/01051101.MDT,0x00740000,01051101,51,0x003ff37a,0x003ff375,d7 21 d7 32 f0 95 42 0d ff 00,サ、サメっ？,"상, 상어?",UNASSIGNED,ユウキ,"[{""offset"":-5,""raw_hex"":""02 0e 00 06 00"",""kind"":""MESSAGE_HEADER"",""opcode"":2,""argument"":6},{""offset"":7,""raw_hex"":""0d ff 00"",""kind"":""MESSAGE_END""}]",REVIEW_1,NO,CHARACTER_GUIDE v0.1 적용. context-v1 복원 원문 1차 번역.,SUPPORTED: structured scenario command; header FACE slot maps to face_yuuki_07; runtime display not yet checked. PROVEN: byte-identical source command exists at the same path and offsets on Disc 2. SUPPORTED: context-v1 glyph 복원; 런타임 원문 검증 전. TERM: 버스피어·파스·도박장.,サ<G0001>サメっ<G0022>,SUPPORTED,"0001,0022",NONE,
SCN_01051101_00740000_0053,SCENARIO,scenario_message,DATA/01051101.MDZ,DATA/01051101.MDT,0x00740000,01051101,52,0x003ff417,0x003ff412,90 be 95 98 21 f2 c8 f0 a3 f0 95 98 77 79 7e 08 b0 c2 b0 ca 3a f0 da 3a f0 9c c2 8b b5 46 46 0d ff 00,"それって航海長っていうか
まんまエンジンなんじゃ……","그건 항해장이라기보다
그냥 엔진 아니야……?",UNASSIGNED,ユウキ,"[{""offset"":-5,""raw_hex"":""02 0e 00 08 00"",""kind"":""MESSAGE_HEADER"",""opcode"":2,""argument"":8},{""offset"":15,""raw_hex"":""08"",""kind"":""LINE_BREAK""},{""offset"":31,""raw_hex"":""0d ff 00"",""kind"":""MESSAGE_END""}]",REVIEW_1,NO,CHARACTER_GUIDE v0.1 적용. context-v1 복원 원문 1차 번역.,SUPPORTED: structured scenario command; header FACE slot maps to face_yuuki_09; runtime display not yet checked. PROVEN: byte-identical source command exists at the same path and offsets on Disc 2. SUPPORTED: context-v1 glyph 복원; 런타임 원문 검증 전. TERM: 버스피어·파스·도박장.,"それって<G0271>海長っていうか
まんまエンジンなんじゃ<G0026><G0026>",SUPPORTED,0026,SUPPORTED,0271
SCN_01051101_00740000_0054,SCENARIO,scenario_message,DATA/01051101.MDZ,DATA/01051101.MDT,0x00740000,01051101,53,0x003ff6bb,0x003ff6b6,9b c2 9c 9d 46 f1 82 98 b4 08 6c f0 8d bb f2 77 96 77 98 46 46 08 77 b6 21 bb f2 77 2f f3 77 98 b1 8e bd 88 43 0d ff 00,"どんなに速くても
必ず追いついて……
いや、追い歩いてみせるさ！","아무리 빨라도
반드시 따라잡아서……
아니, 따라잡고 말 거야!",UNASSIGNED,ユウキ,"[{""offset"":-5,""raw_hex"":""02 0e 00 0a 00"",""kind"":""MESSAGE_HEADER"",""opcode"":2,""argument"":10},{""offset"":9,""raw_hex"":""08"",""kind"":""LINE_BREAK""},{""offset"":21,""raw_hex"":""08"",""kind"":""LINE_BREAK""},{""offset"":37,""raw_hex"":""0d ff 00"",""kind"":""MESSAGE_END""}]",REVIEW_1,NO,CHARACTER_GUIDE v0.1 적용. context-v1 복원 원문 1차 번역.,SUPPORTED: structured scenario command; header FACE slot maps to face_yuuki_11; runtime display not yet checked. PROVEN: byte-identical source command exists at the same path and offsets on Disc 2. SUPPORTED: context-v1 glyph 복원; 런타임 원문 검증 전. TERM: 버스피어·파스·도박장.,"どんなに速くても
<G011C>ず<G030B>いついて<G0026><G0026>
いや<G0001><G030B>い<G034F>いてみせるさ！",SUPPORTED,"0001,0026,011C,030B,034F",NONE,
SCN_01051101_00740000_0055,SCENARIO,scenario_message,DATA/01051101.MDZ,DATA/01051101.MDT,0x00740000,01051101,54,0x003ff76d,0x003ff768,cc 3e f0 9c c2 7e 9d 08 63 f0 95 98 82 be bd 7e 9c 08 75 a0 2a f1 e2 f4 a0 49 f1 42 f1 a5 f1 7f 46 46 0d ff 00,"オレなんかに
会ってくれるかな
あの伝説の飛行王が……","나 같은 사람도
만나 줄까
저 전설의 비행왕이……",UNASSIGNED,アルフィナ,"[{""offset"":-5,""raw_hex"":""02 0e 00 0c 00"",""kind"":""MESSAGE_HEADER"",""opcode"":2,""argument"":12},{""offset"":7,""raw_hex"":""08"",""kind"":""LINE_BREAK""},{""offset"":17,""raw_hex"":""08"",""kind"":""LINE_BREAK""},{""offset"":34,""raw_hex"":""0d ff 00"",""kind"":""MESSAGE_END""}]",REVIEW_1,NO,CHARACTER_GUIDE v0.1 적용. context-v1 복원 원문 1차 번역.,SUPPORTED: structured scenario command; header FACE slot maps to face_alfina_01; runtime display not yet checked. PROVEN: byte-identical source command exists at the same path and offsets on Disc 2. SUPPORTED: context-v1 glyph 복원; 런타임 원문 검증 전. TERM: 버스피어·파스·도박장.,"オレなんかに
<G0113>ってくれるかな
あの伝説の飛行王が<G0026><G0026>",SUPPORTED,"0026,0113",NONE,
SCN_01051101_00740000_0056,SCENARIO,scenario_message,DATA/01051101.MDZ,DATA/01051101.MDT,0x00740000,01051101,55,0x003ff7e7,0x003ff7e2,94 7f 79 88 43 21 cc 3e f0 9d 9a 95 98 a1 08 9d f0 78 f1 9d 21 9d f0 78 f1 9d 08 75 86 7f be a0 d7 f0 9c c2 93 46 46 0d ff 00,"ちがうさ！、オレにとっては
本当に、本当に
あこがれの人なんだ……","아니야! 나에게는
정말로, 정말로
동경하는 사람이야……",UNASSIGNED,ユウキ,"[{""offset"":-5,""raw_hex"":""02 0e 00 09 00"",""kind"":""MESSAGE_HEADER"",""opcode"":2,""argument"":9},{""offset"":14,""raw_hex"":""08"",""kind"":""LINE_BREAK""},{""offset"":26,""raw_hex"":""08"",""kind"":""LINE_BREAK""},{""offset"":39,""raw_hex"":""0d ff 00"",""kind"":""MESSAGE_END""}]",REVIEW_1,NO,CHARACTER_GUIDE v0.1 적용. context-v1 복원 원문 1차 번역.,SUPPORTED: structured scenario command; header FACE slot maps to face_yuuki_10; runtime display not yet checked. PROVEN: byte-identical source command exists at the same path and offsets on Disc 2. SUPPORTED: context-v1 glyph 복원; 런타임 원문 검증 전. TERM: 버스피어·파스·도박장.,"ちがうさ！<G0001>オレにとっては
本当に<G0001>本当に
あこがれの人なんだ<G0026><G0026>",SUPPORTED,"0001,0026",NONE,
SCN_01051101_00740000_0057,SCENARIO,scenario_message,DATA/01051101.MDZ,DATA/01051101.MDT,0x00740000,01051101,56,0x003ff9c3,0x003ff9be,a2 f2 77 86 b0 be 92 d7 f0 92 94 a1 08 9b 86 aa 46 46 44 0d ff 00,"吸いこまれた人たちは
どこへ……？","빨려 들어간 사람들은
어디로……?",UNASSIGNED,ユウキ,"[{""offset"":-5,""raw_hex"":""02 0e 00 01 00"",""kind"":""MESSAGE_HEADER"",""opcode"":2,""argument"":1},{""offset"":12,""raw_hex"":""08"",""kind"":""LINE_BREAK""},{""offset"":19,""raw_hex"":""0d ff 00"",""kind"":""MESSAGE_END""}]",REVIEW_1,NO,CHARACTER_GUIDE v0.1 적용. context-v1 복원 원문 1차 번역.,SUPPORTED: structured scenario command; header FACE slot maps to face_yuuki_02; runtime display not yet checked. PROVEN: byte-identical source command exists at the same path and offsets on Disc 2. SUPPORTED: context-v1 glyph 복원; 런타임 원문 검증 전. TERM: 버스피어·파스·도박장.,"<G02F2>いこまれた人たちは
どこへ<G0026><G0026>？",SUPPORTED,"0026,02F2",NONE,
SCN_01051101_00740000_0058,SCENARIO,scenario_message,DATA/01051101.MDZ,DATA/01051101.MDT,0x00740000,01051101,57,0x003ffb01,0x003ffafc,c4 21 c4 3d f0 26 f0 c5 eb 46 46 0d ff 00,ア、アルフィナ……,"알, 알피나……",UNASSIGNED,アルフィナ,"[{""offset"":-5,""raw_hex"":""02 0e 00 0c 00"",""kind"":""MESSAGE_HEADER"",""opcode"":2,""argument"":12},{""offset"":11,""raw_hex"":""0d ff 00"",""kind"":""MESSAGE_END""}]",REVIEW_1,NO,CHARACTER_GUIDE v0.1 적용. context-v1 복원 원문 1차 번역.,SUPPORTED: structured scenario command; header FACE slot maps to face_alfina_01; runtime display not yet checked. PROVEN: byte-identical source command exists at the same path and offsets on Disc 2. SUPPORTED: context-v1 glyph 복원; 런타임 원문 검증 전. TERM: 버스피어·파스·도박장.,ア<G0001>アルフィナ<G0026><G0026>,SUPPORTED,"0001,0026",NONE,
SCN_01051101_00740000_0059,SCENARIO,scenario_message,DATA/01051101.MDZ,DATA/01051101.MDT,0x00740000,01051101,58,0x003ffbcb,0x003ffbc6,9b 21 9b 79 77 79 5b f1 5b f0 44 0d ff 00,ど、どういう意味？,"무, 무슨 뜻이야?",UNASSIGNED,ユウキ,"[{""offset"":-5,""raw_hex"":""02 0e 00 0b 00"",""kind"":""MESSAGE_HEADER"",""opcode"":2,""argument"":11},{""offset"":11,""raw_hex"":""0d ff 00"",""kind"":""MESSAGE_END""}]",REVIEW_1,NO,CHARACTER_GUIDE v0.1 적용. context-v1 복원 원문 1차 번역.,SUPPORTED: structured scenario command; header FACE slot maps to face_yuuki_12; runtime display not yet checked. PROVEN: byte-identical source command exists at the same path and offsets on Disc 2. SUPPORTED: context-v1 glyph 복원; 런타임 원문 검증 전. TERM: 버스피어·파스·도박장.,ど<G0001>どういう意味？,SUPPORTED,0001,NONE,
SCN_01051101_00740000_0060,SCENARIO,scenario_message,DATA/01051101.MDZ,DATA/01051101.MDT,0x00740000,01051101,59,0x003ffe2d,0x003ffe28,79 95 21 90 21 90 be a1 46 46 0d ff 00,うっ、そ、それは……,"윽, 그, 그건……",UNASSIGNED,ユウキ,"[{""offset"":-5,""raw_hex"":""02 0e 00 06 00"",""kind"":""MESSAGE_HEADER"",""opcode"":2,""argument"":6},{""offset"":10,""raw_hex"":""0d ff 00"",""kind"":""MESSAGE_END""}]",REVIEW_1,NO,CHARACTER_GUIDE v0.1 적용. context-v1 복원 원문 1차 번역.,SUPPORTED: structured scenario command; header FACE slot maps to face_yuuki_07; runtime display not yet checked. PROVEN: byte-identical source command exists at the same path and offsets on Disc 2. SUPPORTED: context-v1 glyph 복원; 런타임 원문 검증 전. TERM: 버스피어·파스·도박장.,うっ<G0001>そ<G0001>それは<G0026><G0026>,SUPPORTED,"0001,0026",NONE,
SCN_01051101_00740000_0061,SCENARIO,scenario_message,DATA/01051101.MDZ,DATA/01051101.MDT,0x00740000,01051101,60,0x003ffe8f,0x003ffe8a,94 21 94 7f 79 88 43 21 75 be a1 08 77 95 8a b9 9d bc f2 95 98 92 30 f0 3b f0 3a f0 e2 7f 08 56 f1 8c 81 92 8e 77 99 46 46 41 0d ff 00,"ち、ちがうさ！、あれは
いっしょに乗ってたミランダが
重すぎたせいで……！","아, 아니야! 그건
같이 타고 있던 미란다가
너무 무거웠기 때문에……!",UNASSIGNED,ユウキ,"[{""offset"":-5,""raw_hex"":""02 0e 00 07 00"",""kind"":""MESSAGE_HEADER"",""opcode"":2,""argument"":7},{""offset"":11,""raw_hex"":""08"",""kind"":""LINE_BREAK""},{""offset"":30,""raw_hex"":""08"",""kind"":""LINE_BREAK""},{""offset"":42,""raw_hex"":""0d ff 00"",""kind"":""MESSAGE_END""}]",REVIEW_1,NO,CHARACTER_GUIDE v0.1 적용. context-v1 복원 원문 1차 번역.,SUPPORTED: structured scenario command; header FACE slot maps to face_yuuki_08; runtime display not yet checked. PROVEN: byte-identical source command exists at the same path and offsets on Disc 2. SUPPORTED: context-v1 glyph 복원; 런타임 원문 검증 전. TERM: 버스피어·파스·도박장.,"ち<G0001>ちがうさ！<G0001>あれは
いっしょに乗ってたミランダが
重すぎたせいで<G0026><G0026><G0021>",SUPPORTED,"0001,0021,0026",NONE,
SCN_01051101_00740000_0063,SCENARIO,scenario_message,DATA/01051101.MDZ,DATA/01051101.MDT,0x00740000,01051101,62,0x003fff16,0x003fff11,a1 e4 21 a1 a4 e4 43 21 7d b7 f0 88 b0 43 0d ff 00,はッ、はひッ！、お母さま！,"네, 넵! 어머니!",UNASSIGNED,ユウキ,"[{""offset"":-5,""raw_hex"":""02 0e 00 06 00"",""kind"":""MESSAGE_HEADER"",""opcode"":2,""argument"":6},{""offset"":14,""raw_hex"":""0d ff 00"",""kind"":""MESSAGE_END""}]",REVIEW_1,NO,CHARACTER_GUIDE v0.1 적용. context-v1 복원 원문 1차 번역.,SUPPORTED: structured scenario command; header FACE slot maps to face_yuuki_07; runtime display not yet checked. PROVEN: byte-identical source command exists at the same path and offsets on Disc 2. SUPPORTED: context-v1 glyph 복원; 런타임 원문 검증 전. TERM: 버스피어·파스·도박장.,はッ<G0001>はひッ！<G0001>お<G0167>さま！,SUPPORTED,"0001,0167",NONE,
SCN_01051101_00740000_0065,SCENARIO,scenario_message,DATA/01051101.MDZ,DATA/01051101.MDT,0x00740000,01051101,64,0x0040004c,0x00400047,63 f0 c0 8e 98 82 be 95 41 0d ff 00,会わせてくれっ！,만나게 해 줘!,UNASSIGNED,ユウキ,"[{""offset"":-5,""raw_hex"":""02 0e 00 04 00"",""kind"":""MESSAGE_HEADER"",""opcode"":2,""argument"":4},{""offset"":9,""raw_hex"":""0d ff 00"",""kind"":""MESSAGE_END""}]",REVIEW_1,NO,CHARACTER_GUIDE v0.1 적용. context-v1 복원 원문 1차 번역.,SUPPORTED: structured scenario command; header FACE slot maps to face_yuuki_05; runtime display not yet checked. PROVEN: byte-identical source command exists at the same path and offsets on Disc 2. SUPPORTED: context-v1 glyph 복원; 런타임 원문 검증 전. TERM: 버스피어·파스·도박장.,<G0113>わせてくれっ<G0021>,SUPPORTED,"0021,0113",NONE,
SCN_01051101_00740000_0066,SCENARIO,scenario_message,DATA/01051101.MDZ,DATA/01051101.MDT,0x00740000,01051101,65,0x0040007f,0x0040007a,d9 36 f0 30 f0 e4 e9 a1 46 46 08 cc 3e f0 a0 75 86 7f be 9c c2 93 43 08 93 7e bb 46 46 21 82 f2 b2 95 41 0d ff 00,"シュミットは……
オレのあこがれなんだ！
だから……、頼むっ！","슈미트는……
내 동경의 대상이야!
그러니까…… 부탁이야!",UNASSIGNED,ユウキ,"[{""offset"":-5,""raw_hex"":""02 0e 00 07 00"",""kind"":""MESSAGE_HEADER"",""opcode"":2,""argument"":7},{""offset"":10,""raw_hex"":""08"",""kind"":""LINE_BREAK""},{""offset"":23,""raw_hex"":""08"",""kind"":""LINE_BREAK""},{""offset"":35,""raw_hex"":""0d ff 00"",""kind"":""MESSAGE_END""}]",REVIEW_1,NO,CHARACTER_GUIDE v0.1 적용. context-v1 복원 원문 1차 번역.,SUPPORTED: structured scenario command; header FACE slot maps to face_yuuki_08; runtime display not yet checked. PROVEN: byte-identical source command exists at the same path and offsets on Disc 2. SUPPORTED: context-v1 glyph 복원; 런타임 원문 검증 전. TERM: 버스피어·파스·도박장.,"シュミットは<G0026><G0026>
オレのあこがれなんだ！
だから<G0026><G0026><G0001>頼むっ<G0021>",SUPPORTED,"0001,0021,0026",NONE,
SCN_01051101_00740000_0067,SCENARIO,scenario_message,DATA/01051101.MDZ,DATA/01051101.MDT,0x00740000,01051101,66,0x004000ff,0x004000fa,cc 3e f0 21 9b 79 8a 98 b4 08 d9 36 f0 30 f0 e4 e9 9d 63 f0 77 92 77 c2 93 43 08 82 f2 b2 46 46 43 0d ff 00,"オレ、どうしても
シュミットに会いたいんだ！
頼む……！","나, 어떻게 해서든
슈미트를 만나고 싶어!
부탁이야……!",UNASSIGNED,ユウキ,"[{""offset"":-5,""raw_hex"":""02 0e 00 07 00"",""kind"":""MESSAGE_HEADER"",""opcode"":2,""argument"":7},{""offset"":9,""raw_hex"":""08"",""kind"":""LINE_BREAK""},{""offset"":26,""raw_hex"":""08"",""kind"":""LINE_BREAK""},{""offset"":33,""raw_hex"":""0d ff 00"",""kind"":""MESSAGE_END""}]",REVIEW_1,NO,CHARACTER_GUIDE v0.1 적용. context-v1 복원 원문 1차 번역.,SUPPORTED: structured scenario command; header FACE slot maps to face_yuuki_08; runtime display not yet checked. PROVEN: byte-identical source command exists at the same path and offsets on Disc 2. SUPPORTED: context-v1 glyph 복원; 런타임 원문 검증 전. TERM: 버스피어·파스·도박장.,"オレ<G0001>どうしても
シュミットに<G0113>いたいんだ！
頼む<G0026><G0026>！",SUPPORTED,"0001,0026,0113",NONE,
SCN_01051101_00740000_0068,SCENARIO,scenario_message,DATA/01051101.MDZ,DATA/01051101.MDT,0x00740000,01051101,67,0x00400295,0x00400290,77 ba 77 ba 21 32 f0 3a f0 e8 c5 9d 7d f5 4a f2 7e 74 08 63 f0 7b bd 7e 9c 21 d9 36 f0 30 f0 e4 e9 9d 0d ff 00,"いよいよ、メンディに到着かぁ
会えるかな、シュミットに","드디어 멘디에 도착하는 건가
슈미트를 만날 수 있을까?",UNASSIGNED,ユウキ,"[{""offset"":-5,""raw_hex"":""02 0e 00 02 00"",""kind"":""MESSAGE_HEADER"",""opcode"":2,""argument"":2},{""offset"":18,""raw_hex"":""08"",""kind"":""LINE_BREAK""},{""offset"":34,""raw_hex"":""0d ff 00"",""kind"":""MESSAGE_END""}]",REVIEW_1,NO,CHARACTER_GUIDE v0.1 적용. context-v1 복원 원문 1차 번역.,SUPPORTED: structured scenario command; header FACE slot maps to face_yuuki_03; runtime display not yet checked. PROVEN: byte-identical source command exists at the same path and offsets on Disc 2. SUPPORTED: context-v1 glyph 복원; 런타임 원문 검증 전. TERM: 버스피어·파스·도박장.,"いよいよ<G0001>メンディに<G053D>着か<G0054>
<G0113>えるかな<G0001>シュミットに",SUPPORTED,"0001,0054,0113,053D",NONE,
SCN_01051101_00740000_0069,SCENARIO,scenario_message,DATA/01051101.MDZ,DATA/01051101.MDT,0x00740000,01051101,68,0x004002ee,0x004002e9,75 75 43 21 2a f1 e2 f4 a0 49 f1 42 f1 a5 f1 88 43 0d ff 00,ああ！、伝説の飛行王さ！,그래! 전설의 비행왕이야!,UNASSIGNED,ユウキ,"[{""offset"":-5,""raw_hex"":""02 0e 00 0a 00"",""kind"":""MESSAGE_HEADER"",""opcode"":2,""argument"":10},{""offset"":17,""raw_hex"":""0d ff 00"",""kind"":""MESSAGE_END""}]",REVIEW_1,NO,CHARACTER_GUIDE v0.1 적용. context-v1 복원 원문 1차 번역.,SUPPORTED: structured scenario command; header FACE slot maps to face_yuuki_11; runtime display not yet checked. PROVEN: byte-identical source command exists at the same path and offsets on Disc 2. SUPPORTED: context-v1 glyph 복원; 런타임 원문 검증 전. TERM: 버스피어·파스·도박장.,ああ！<G0001>伝説の飛行王さ！,SUPPORTED,0001,NONE,
SCN_01051101_00740000_0070,SCENARIO,scenario_message,DATA/01051101.MDZ,DATA/01051101.MDT,0x00740000,01051101,69,0x00400322,0x0040031d,c4 3d f0 26 f0 c5 eb a0 86 9a 8a 7e 08 75 a0 9a 80 a1 44 f4 7b bb be 9c 7e 95 92 08 cc 3e f0 7f a9 f4 84 9c 80 b5 95 98 08 90 be 93 84 8a 7e 46 46 0d ff 00,"アルフィナのことしか
あのときは考えられなかった
オレが助けなきゃって
それだけしか……","그때는 알피나 생각밖에
할 수 없었어
내가 구해야 한다는
생각밖에는……",UNASSIGNED,ユウキ,"[{""offset"":-5,""raw_hex"":""02 0e 00 01 00"",""kind"":""MESSAGE_HEADER"",""opcode"":2,""argument"":1},{""offset"":12,""raw_hex"":""08"",""kind"":""LINE_BREAK""},{""offset"":27,""raw_hex"":""08"",""kind"":""LINE_BREAK""},{""offset"":40,""raw_hex"":""08"",""kind"":""LINE_BREAK""},{""offset"":49,""raw_hex"":""0d ff 00"",""kind"":""MESSAGE_END""}]",REVIEW_1,NO,CHARACTER_GUIDE v0.1 적용. context-v1 복원 원문 1차 번역.,SUPPORTED: structured scenario command; header FACE slot maps to face_yuuki_02; runtime display not yet checked. PROVEN: byte-identical source command exists at the same path and offsets on Disc 2. SUPPORTED: context-v1 glyph 복원; 런타임 원문 검증 전. TERM: 버스피어·파스·도박장.,"アルフィナのことしか
あのときは考えられなかった
オレが<G0499>けなきゃって
それだけしか<G0026><G0026>",SUPPORTED,"0026,0499",NONE,
SCN_01051101_00740000_0072,SCENARIO,scenario_message,DATA/01051101.MDZ,DATA/01051101.MDT,0x00740000,01051101,71,0x00400431,0x0040042c,c4 3d f0 26 f0 c5 eb a1 08 6a f2 a0 2f f3 84 7f bb 93 95 98 77 95 92 84 9b 08 92 8a 7e 9d 90 c2 9c 9c f3 8b 93 95 92 ba 0d ff 00,"アルフィナは
命の歩けがらだっていったけど
たしかにそんな感じだったよ","알피나는
생명의 껍데기라고 했지만
정말 그런 느낌이었어.",UNASSIGNED,ユウキ,"[{""offset"":-5,""raw_hex"":""02 0e 00 01 00"",""kind"":""MESSAGE_HEADER"",""opcode"":2,""argument"":1},{""offset"":8,""raw_hex"":""08"",""kind"":""LINE_BREAK""},{""offset"":25,""raw_hex"":""08"",""kind"":""LINE_BREAK""},{""offset"":40,""raw_hex"":""0d ff 00"",""kind"":""MESSAGE_END""}]",REVIEW_1,NO,CHARACTER_GUIDE v0.1 적용. context-v1 복원 원문 1차 번역.,SUPPORTED: structured scenario command; header FACE slot maps to face_yuuki_02; runtime display not yet checked. PROVEN: byte-identical source command exists at the same path and offsets on Disc 2. SUPPORTED: context-v1 glyph 복원; 런타임 원문 검증 전. TERM: 버스피어·파스·도박장.,"アルフィナは
命の<G034F>けがらだっていったけど
たしかにそんな感じだったよ",SUPPORTED,034F,NONE,
SCN_01051101_00740000_0073,SCENARIO,scenario_message,DATA/01051101.MDZ,DATA/01051101.MDT,0x00740000,01051101,72,0x00400499,0x00400494,9a 98 b4 80 be 77 99 08 99 b4 21 9b 86 7e ac f5 8a 77 46 46 08 90 c2 9c 6a f2 a0 9c 77 eb f2 97 f2 93 95 92 c2 93 0d ff 00,"とてもきれいで
でも、どこか悲しい……
そんな命のない世界だったんだ","아주 아름답지만
어딘가 슬픈……
그런 생명 없는 세계였어.",UNASSIGNED,ユウキ,"[{""offset"":-5,""raw_hex"":""02 0e 00 01 00"",""kind"":""MESSAGE_HEADER"",""opcode"":2,""argument"":1},{""offset"":7,""raw_hex"":""08"",""kind"":""LINE_BREAK""},{""offset"":20,""raw_hex"":""08"",""kind"":""LINE_BREAK""},{""offset"":38,""raw_hex"":""0d ff 00"",""kind"":""MESSAGE_END""}]",REVIEW_1,NO,CHARACTER_GUIDE v0.1 적용. context-v1 복원 원문 1차 번역.,SUPPORTED: structured scenario command; header FACE slot maps to face_yuuki_02; runtime display not yet checked. PROVEN: byte-identical source command exists at the same path and offsets on Disc 2. SUPPORTED: context-v1 glyph 복원; 런타임 원문 검증 전. TERM: 버스피어·파스·도박장.,"とてもきれいで
でも<G0001>どこか悲しい<G0026><G0026>
そんな命のない世界だったんだ",SUPPORTED,"0001,0026",NONE,
SCN_01051101_00740000_0074,SCENARIO,scenario_message,DATA/01051101.MDZ,DATA/01051101.MDT,0x00740000,01051101,73,0x004004e2,0x004004dd,75 a0 59 f1 a1 92 95 92 a4 9a bc 99 08 c1 f1 80 98 bd a0 7e 9c 08 6a f2 a0 9c 77 75 a0 eb f2 97 f2 99 46 46 0d ff 00,"あの子はたったひとりで
生きてるのかな
命のないあの世界で……","그 애는 혼자서
살고 있는 걸까
생명 없는 그 세계에서……",UNASSIGNED,ユウキ,"[{""offset"":-5,""raw_hex"":""02 0e 00 01 00"",""kind"":""MESSAGE_HEADER"",""opcode"":2,""argument"":1},{""offset"":12,""raw_hex"":""08"",""kind"":""LINE_BREAK""},{""offset"":21,""raw_hex"":""08"",""kind"":""LINE_BREAK""},{""offset"":36,""raw_hex"":""0d ff 00"",""kind"":""MESSAGE_END""}]",REVIEW_1,NO,CHARACTER_GUIDE v0.1 적용. context-v1 복원 원문 1차 번역.,SUPPORTED: structured scenario command; header FACE slot maps to face_yuuki_02; runtime display not yet checked. PROVEN: byte-identical source command exists at the same path and offsets on Disc 2. SUPPORTED: context-v1 glyph 복원; 런타임 원문 검증 전. TERM: 버스피어·파스·도박장.,"あの子はたったひとりで
生きてるのかな
命のないあの世界で<G0026><G0026>",SUPPORTED,0026,NONE,
SCN_01051101_00740000_0076,SCENARIO,scenario_message,DATA/01051101.MDZ,DATA/01051101.MDT,0x00740000,01051101,75,0x004005ca,0x004005c5,7b f5 7b a1 80 95 9a a1 f0 96 7e bd 43 08 d8 f0 8a 9d 77 86 79 21 c4 3d f0 26 f0 c5 eb 43 0d ff 00,"答えはきっと見つかる！
探しにいこう、アルフィナ！","답은 분명 찾을 수 있어!
찾으러 가자, 알피나!",UNASSIGNED,ユウキ,"[{""offset"":-5,""raw_hex"":""02 0e 00 0a 00"",""kind"":""MESSAGE_HEADER"",""opcode"":2,""argument"":10},{""offset"":13,""raw_hex"":""08"",""kind"":""LINE_BREAK""},{""offset"":30,""raw_hex"":""0d ff 00"",""kind"":""MESSAGE_END""}]",REVIEW_1,NO,CHARACTER_GUIDE v0.1 적용. context-v1 복원 원문 1차 번역.,SUPPORTED: structured scenario command; header FACE slot maps to face_yuuki_11; runtime display not yet checked. PROVEN: byte-identical source command exists at the same path and offsets on Disc 2. SUPPORTED: context-v1 glyph 복원; 런타임 원문 검증 전. TERM: 버스피어·파스·도박장.,"<G053B>えはきっと見つかる！
<G0188>しにいこう<G0001>アルフィナ！",SUPPORTED,"0001,0188,053B",NONE,
SCN_01051101_00740000_0078,SCENARIO,scenario_message,DATA/01051101.MDZ,DATA/01051101.MDT,0x00740000,01051101,77,0x004007c4,0x004007bf,6a f2 c1 9c f3 8b 9c 77 eb f2 97 f2 93 95 92 c2 93 08 9a 98 b4 80 be 77 9c c2 93 84 9b 08 9b 86 7e ac f5 8a 77 46 46 0d ff 00,"命を感じない世界だったんだ
とてもきれいなんだけど
どこか悲しい……","생명이 느껴지지 않는 세계였어
아주 아름답지만
어딘가 슬퍼……",UNASSIGNED,ユウキ,"[{""offset"":-5,""raw_hex"":""02 0e 00 01 00"",""kind"":""MESSAGE_HEADER"",""opcode"":2,""argument"":1},{""offset"":17,""raw_hex"":""08"",""kind"":""LINE_BREAK""},{""offset"":29,""raw_hex"":""08"",""kind"":""LINE_BREAK""},{""offset"":39,""raw_hex"":""0d ff 00"",""kind"":""MESSAGE_END""}]",REVIEW_1,NO,CHARACTER_GUIDE v0.1 적용. context-v1 복원 원문 1차 번역.,SUPPORTED: structured scenario command; header FACE slot maps to face_yuuki_02; runtime display not yet checked. PROVEN: byte-identical source command exists at the same path and offsets on Disc 2. SUPPORTED: context-v1 glyph 복원; 런타임 원문 검증 전. TERM: 버스피어·파스·도박장.,"命を感じない世界だったんだ
とてもきれいなんだけど
どこか悲しい<G0026><G0026>",SUPPORTED,0026,NONE,
SCN_01051101_00740000_0079,SCENARIO,scenario_message,DATA/01051101.MDZ,DATA/01051101.MDT,0x00740000,01051101,78,0x00400a91,0x00400a8c,7b 95 46 46 44 08 9c 9d 21 c8 f2 c2 93 44 0d ff 00,"えっ……？
なに、呼んだ？","어……?
뭐야, 불렀어?",UNASSIGNED,ミランダ,"[{""offset"":-5,""raw_hex"":""22 0e 00 1d 00"",""kind"":""MESSAGE_HEADER"",""opcode"":34,""argument"":29},{""offset"":5,""raw_hex"":""08"",""kind"":""LINE_BREAK""},{""offset"":14,""raw_hex"":""0d ff 00"",""kind"":""MESSAGE_END""}]",REVIEW_1,NO,CHARACTER_GUIDE v0.1 적용. context-v1 복원 원문 1차 번역.,SUPPORTED: structured scenario command; header FACE slot maps to face_miranda_04; runtime display not yet checked. PROVEN: byte-identical source command exists at the same path and offsets on Disc 2. SUPPORTED: context-v1 glyph 복원; 런타임 원문 검증 전. TERM: 버스피어·파스·도박장.,"えっ<G0026><G0026>？
なに<G0001>呼んだ？",SUPPORTED,"0001,0026",NONE,
SCN_01051101_00740000_0080,SCENARIO,scenario_message,DATA/01051101.MDZ,DATA/01051101.MDT,0x00740000,01051101,79,0x00400adf,0x00400ada,37 f0 c8 cf 46 46 08 75 c2 92 21 b6 95 a3 bc 46 46 0d ff 00,"ユウキ……
あんた、やっぱり……","유키……
너, 역시……",UNASSIGNED,アロンソ,"[{""offset"":-5,""raw_hex"":""22 0e 00 23 00"",""kind"":""MESSAGE_HEADER"",""opcode"":34,""argument"":35},{""offset"":6,""raw_hex"":""08"",""kind"":""LINE_BREAK""},{""offset"":17,""raw_hex"":""0d ff 00"",""kind"":""MESSAGE_END""}]",REVIEW_1,NO,CHARACTER_GUIDE v0.1 적용. context-v1 복원 원문 1차 번역.,SUPPORTED: structured scenario command; header FACE slot maps to face_alonso_02; runtime display not yet checked. PROVEN: byte-identical source command exists at the same path and offsets on Disc 2. SUPPORTED: context-v1 glyph 복원; 런타임 원문 검증 전. TERM: 버스피어·파스·도박장.,"ユウキ<G0026><G0026>
あんた<G0001>やっ<G0083>り<G0026><G0026>",SUPPORTED,"0001,0026,0083",NONE,
SCN_01051101_00740000_0081,SCENARIO,scenario_message,DATA/01051101.MDZ,DATA/01051101.MDT,0x00740000,01051101,80,0x00400dac,0x00400da7,75 75 21 95 f5 dc f2 9d 5b f2 7f 75 bd 08 db f0 5c f1 a1 9f 46 46 0d ff 00,"ああ、背中に羽がある
以外はね……","그래, 등에 날개가 있다는
것 말고는……",UNASSIGNED,ユウキ,"[{""offset"":-5,""raw_hex"":""02 0e 00 01 00"",""kind"":""MESSAGE_HEADER"",""opcode"":2,""argument"":1},{""offset"":13,""raw_hex"":""08"",""kind"":""LINE_BREAK""},{""offset"":22,""raw_hex"":""0d ff 00"",""kind"":""MESSAGE_END""}]",REVIEW_1,NO,CHARACTER_GUIDE v0.1 적용. context-v1 복원 원문 1차 번역.,SUPPORTED: structured scenario command; header FACE slot maps to face_yuuki_02; runtime display not yet checked. PROVEN: byte-identical source command exists at the same path and offsets on Disc 2. SUPPORTED: context-v1 glyph 복원; 런타임 원문 검증 전. TERM: 버스피어·파스·도박장.,"ああ<G0001><G0555>中に羽がある
<G018B><G01DC>はね<G0026><G0026>",SUPPORTED,"0001,0026,018B,01DC",SUPPORTED,0555
SCN_01051101_00740000_0082,SCENARIO,scenario_message,DATA/01051101.MDZ,DATA/01051101.MDT,0x00740000,01051101,81,0x00400e9c,0x00400e97,b0 93 21 47 f1 82 9c 77 c2 93 46 46 08 90 79 93 9c 21 4d f4 84 f2 a1 b4 79 af f5 be 92 ba 0d ff 00,"まだ、眠くないんだ……
そうだな、あ日はもう疲れたよ","아직 졸리지 않아……
그래, 오늘은 이제 지쳤어.",UNASSIGNED,ユウキ,"[{""offset"":-5,""raw_hex"":""02 0e 00 01 00"",""kind"":""MESSAGE_HEADER"",""opcode"":2,""argument"":1},{""offset"":12,""raw_hex"":""08"",""kind"":""LINE_BREAK""},{""offset"":30,""raw_hex"":""0d ff 00"",""kind"":""MESSAGE_END""}]",REVIEW_1,NO,CHARACTER_GUIDE v0.1 적용. context-v1 복원 원문 1차 번역.,SUPPORTED: structured scenario command; header FACE slot maps to face_yuuki_02; runtime display not yet checked. PROVEN: byte-identical source command exists at the same path and offsets on Disc 2. SUPPORTED: context-v1 glyph 복원; 런타임 원문 검증 전. TERM: 버스피어·파스·도박장.,"まだ<G0001>眠くないんだ<G0026><G0026>
そうだな<G0001><G043D><G02D4>はもう<G056F>れたよ",SUPPORTED,"0001,0026,02D4,043D,056F",NONE,
SCN_01051101_00740000_0083,SCENARIO,scenario_message,DATA/01051101.MDZ,DATA/01051101.MDT,0x00740000,01051101,82,0x00400f87,0x00400f82,c2 45 21 4d f4 84 f2 95 98 08 93 be 7e a0 42 f5 c1 f1 84 f2 9a 7e 93 95 84 44 0d ff 00,"ん〜、あ日って
だれかの誕生日とかだっけ？","으음~ 오늘이
누군가의 생일 같은 날이던가?",UNASSIGNED,ユウキ,"[{""offset"":-5,""raw_hex"":""02 0e 00 0b 00"",""kind"":""MESSAGE_HEADER"",""opcode"":2,""argument"":11},{""offset"":9,""raw_hex"":""08"",""kind"":""LINE_BREAK""},{""offset"":26,""raw_hex"":""0d ff 00"",""kind"":""MESSAGE_END""}]",REVIEW_1,NO,CHARACTER_GUIDE v0.1 적용. context-v1 복원 원문 1차 번역.,SUPPORTED: structured scenario command; header FACE slot maps to face_yuuki_12; runtime display not yet checked. PROVEN: byte-identical source command exists at the same path and offsets on Disc 2. SUPPORTED: context-v1 glyph 복원; 런타임 원문 검증 전. TERM: 버스피어·파스·도박장.,"ん〜<G0001><G043D><G02D4>って
だれかの<G0502>生<G02D4>とかだっけ？",SUPPORTED,"0001,02D4,043D,0502",NONE,
SCN_01051101_00740000_0085,SCENARIO,scenario_message,DATA/01051101.MDZ,DATA/01051101.MDT,0x00740000,01051101,84,0x00401006,0x00401001,77 21 77 b6 43 08 90 c2 9c 86 9a 9c 77 84 9b 0d ff 00,"い、いや！
そんなことないけど","아, 아니야!
그런 건 아니지만.",UNASSIGNED,ユウキ,"[{""offset"":-5,""raw_hex"":""02 0e 00 08 00"",""kind"":""MESSAGE_HEADER"",""opcode"":2,""argument"":8},{""offset"":5,""raw_hex"":""08"",""kind"":""LINE_BREAK""},{""offset"":15,""raw_hex"":""0d ff 00"",""kind"":""MESSAGE_END""}]",REVIEW_1,NO,CHARACTER_GUIDE v0.1 적용. context-v1 복원 원문 1차 번역.,SUPPORTED: structured scenario command; header FACE slot maps to face_yuuki_09; runtime display not yet checked. PROVEN: byte-identical source command exists at the same path and offsets on Disc 2. SUPPORTED: context-v1 glyph 복원; 런타임 원문 검증 전. TERM: 버스피어·파스·도박장.,"い<G0001>いや！
そんなことないけど",SUPPORTED,0001,NONE,
SCN_01051101_00740000_0086,SCENARIO,scenario_message,DATA/01051101.MDZ,DATA/01051101.MDT,0x00740000,01051101,85,0x0040105b,0x00401056,7b 95 46 46 44 0d ff 00,えっ……？,어……?,UNASSIGNED,ユウキ,"[{""offset"":-5,""raw_hex"":""02 0e 00 01 00"",""kind"":""MESSAGE_HEADER"",""opcode"":2,""argument"":1},{""offset"":5,""raw_hex"":""0d ff 00"",""kind"":""MESSAGE_END""}]",REVIEW_1,NO,CHARACTER_GUIDE v0.1 적용. context-v1 복원 원문 1차 번역.,SUPPORTED: structured scenario command; header FACE slot maps to face_yuuki_02; runtime display not yet checked. PROVEN: byte-identical source command exists at the same path and offsets on Disc 2. SUPPORTED: context-v1 glyph 복원; 런타임 원문 검증 전. TERM: 버스피어·파스·도박장.,えっ<G0026><G0026>？,SUPPORTED,0026,NONE,
SCN_01051101_00740000_0087,SCENARIO,scenario_message,DATA/01051101.MDZ,DATA/01051101.MDT,0x00740000,01051101,86,0x004010bd,0x004010b8,cd f2 ce f5 9c 84 f2 9d 9c bd 95 98 08 9b 79 77 79 5b f1 5b f0 21 c4 3f f0 3a f0 df 44 0d ff 00,"特別な日になるって
どういう意味、アロンソ？","특별한 날이 된다는 게
무슨 뜻이야, 알론소?",UNASSIGNED,ユウキ,"[{""offset"":-5,""raw_hex"":""02 0e 00 01 00"",""kind"":""MESSAGE_HEADER"",""opcode"":2,""argument"":1},{""offset"":12,""raw_hex"":""08"",""kind"":""LINE_BREAK""},{""offset"":29,""raw_hex"":""0d ff 00"",""kind"":""MESSAGE_END""}]",REVIEW_1,NO,CHARACTER_GUIDE v0.1 적용. context-v1 복원 원문 1차 번역.,SUPPORTED: structured scenario command; header FACE slot maps to face_yuuki_02; runtime display not yet checked. PROVEN: byte-identical source command exists at the same path and offsets on Disc 2. SUPPORTED: context-v1 glyph 복원; 런타임 원문 검증 전. TERM: 버스피어·파스·도박장.,"特別な<G02D4>になるって
どういう意味<G0001>アロンソ？",SUPPORTED,"0001,02D4",NONE,
SCN_01051101_00740000_0088,SCENARIO,scenario_message,DATA/01051101.MDZ,DATA/01051101.MDT,0x00740000,01051101,87,0x00401119,0x00401114,79 45 c2 21 90 79 77 c0 be bd 9a 08 ba 84 77 9d bb f0 9d 9c bd 46 46 0d ff 00,"う〜ん、そういわれると
よけいに気になる……","으음, 그렇게 말하니까
더 신경 쓰이는데……",UNASSIGNED,ユウキ,"[{""offset"":-5,""raw_hex"":""02 0e 00 0b 00"",""kind"":""MESSAGE_HEADER"",""opcode"":2,""argument"":11},{""offset"":11,""raw_hex"":""08"",""kind"":""LINE_BREAK""},{""offset"":23,""raw_hex"":""0d ff 00"",""kind"":""MESSAGE_END""}]",REVIEW_1,NO,CHARACTER_GUIDE v0.1 적용. context-v1 복원 원문 1차 번역.,SUPPORTED: structured scenario command; header FACE slot maps to face_yuuki_12; runtime display not yet checked. PROVEN: byte-identical source command exists at the same path and offsets on Disc 2. SUPPORTED: context-v1 glyph 복원; 런타임 원문 검증 전. TERM: 버스피어·파스·도박장.,"う〜ん<G0001>そういわれると
よけいに気になる<G0026><G0026>",SUPPORTED,"0001,0026",NONE,
SCN_01070401_00740000_0005,SCENARIO,scenario_message,DATA/01070401.MDZ,DATA/01070401.MDT,0x00740000,01070401,4,0x003f022d,0x003f0228,7d f0 7f 5d f0 c1 f2 9d 66 f0 77 94 b5 95 92 a0 ba 08 9c c2 7e 86 79 21 20 f3 bc 7f 32 f0 3b f0 32 f0 3b f0 9a 08 c0 77 98 80 94 b5 95 98 d7 0d ff 00,"手が自然に動いちゃったのよ
なんかこう、怒りがメラメラと
わいてきちゃってサ","손이 저절로 움직여 버렸어
뭐랄까, 화가 활활
솟아올라서 말이야.",UNASSIGNED,アロンソ,"[{""offset"":-5,""raw_hex"":""22 0e 00 24 00"",""kind"":""MESSAGE_HEADER"",""opcode"":34,""argument"":36},{""offset"":17,""raw_hex"":""08"",""kind"":""LINE_BREAK""},{""offset"":37,""raw_hex"":""08"",""kind"":""LINE_BREAK""},{""offset"":47,""raw_hex"":""0d ff 00"",""kind"":""MESSAGE_END""}]",REVIEW_1,NO,CHARACTER_GUIDE v0.1 적용. context-v1 복원 원문 1차 번역.,SUPPORTED: structured scenario command; header FACE slot maps to face_alonso_03; runtime display not yet checked. PROVEN: byte-identical source command exists at the same path and offsets on Disc 2. SUPPORTED: context-v1 glyph 복원; 런타임 원문 검증 전. TERM: 버스피어·파스·도박장.,"手が自然に動いちゃったのよ
なんかこう<G0001>怒りがメラメラと
わいてきちゃってサ",SUPPORTED,0001,NONE,
SCN_01070401_00740000_0006,SCENARIO,scenario_message,DATA/01070401.MDZ,DATA/01070401.MDT,0x00740000,01070401,5,0x003f026e,0x003f0269,9c 9d 77 95 92 c2 93 bf 08 c4 3f f0 3a f0 df 46 0d ff 00,"なにいったんだろ
アロンソ…","무슨 말을 한 걸까
알론소는…",UNASSIGNED,ユウキ,"[{""offset"":-5,""raw_hex"":""02 0e 00 08 00"",""kind"":""MESSAGE_HEADER"",""opcode"":2,""argument"":8},{""offset"":8,""raw_hex"":""08"",""kind"":""LINE_BREAK""},{""offset"":16,""raw_hex"":""0d ff 00"",""kind"":""MESSAGE_END""}]",REVIEW_1,NO,CHARACTER_GUIDE v0.1 적용. context-v1 복원 원문 1차 번역.,SUPPORTED: structured scenario command; header FACE slot maps to face_yuuki_09; runtime display not yet checked. PROVEN: byte-identical source command exists at the same path and offsets on Disc 2. SUPPORTED: context-v1 glyph 복원; 런타임 원문 검증 전. TERM: 버스피어·파스·도박장.,"なにいったんだろ
アロンソ<G0026>",SUPPORTED,0026,NONE,
SCN_01070401_00740000_0007,SCENARIO,scenario_message,DATA/01070401.MDZ,DATA/01070401.MDT,0x00740000,01070401,6,0x003f0309,0x003f0304,7d 95 21 e9 3b f0 27 f0 3d f0 a0 34 f6 9c f3 43 08 b6 95 a3 b5 f0 a1 21 86 79 99 9c 77 9a 9c 43 0d ff 00,"おっ、トラブルの予感！
やっぱ旅は、こうでないとな！","오, 사건의 예감!
역시 여행은 이래야지!",UNASSIGNED,ユウキ,"[{""offset"":-5,""raw_hex"":""02 0e 00 0a 00"",""kind"":""MESSAGE_HEADER"",""opcode"":2,""argument"":10},{""offset"":16,""raw_hex"":""08"",""kind"":""LINE_BREAK""},{""offset"":32,""raw_hex"":""0d ff 00"",""kind"":""MESSAGE_END""}]",REVIEW_1,NO,CHARACTER_GUIDE v0.1 적용. context-v1 복원 원문 1차 번역.,SUPPORTED: structured scenario command; header FACE slot maps to face_yuuki_11; runtime display not yet checked. PROVEN: byte-identical source command exists at the same path and offsets on Disc 2. SUPPORTED: context-v1 glyph 복원; 런타임 원문 검증 전. TERM: 버스피어·파스·도박장.,"おっ<G0001>トラブルの<G05C4>感！
やっ<G0083>旅は<G0001>こうでないとな！",SUPPORTED,"0001,0083,05C4",NONE,
SCN_01070401_00740000_0008,SCENARIO,scenario_message,DATA/01070401.MDZ,DATA/01070401.MDT,0x00740000,01070401,7,0x003f03ae,0x003f03a9,54 f1 8d f0 9d 7e b0 be 98 9c 80 b5 08 cc 3e f0 b4 90 79 a1 f1 95 92 7e b4 9c 46 0d ff 00,"最初にかまれてなきゃ
オレもそう思ったかもな…","처음에 물리지 않았더라면
나도 그렇게 생각했을지도 모르겠네…",UNASSIGNED,ユウキ,"[{""offset"":-5,""raw_hex"":""02 0e 00 08 00"",""kind"":""MESSAGE_HEADER"",""opcode"":2,""argument"":8},{""offset"":12,""raw_hex"":""08"",""kind"":""LINE_BREAK""},{""offset"":27,""raw_hex"":""0d ff 00"",""kind"":""MESSAGE_END""}]",REVIEW_1,NO,CHARACTER_GUIDE v0.1 적용. context-v1 복원 원문 1차 번역.,SUPPORTED: structured scenario command; header FACE slot maps to face_yuuki_09; runtime display not yet checked. PROVEN: byte-identical source command exists at the same path and offsets on Disc 2. SUPPORTED: context-v1 glyph 복원; 런타임 원문 검증 전. TERM: 버스피어·파스·도박장.,"<G01D4>初にかまれてなきゃ
オレもそう思ったかもな<G0026>",SUPPORTED,"0026,01D4",NONE,
SCN_01070401_00740000_0011,SCENARIO,scenario_message,DATA/01070401.MDZ,DATA/01070401.MDT,0x00740000,01070401,10,0x003f0550,0x003f054b,bb f3 9d 88 f0 8a 94 b5 08 35 f0 21 f0 77 95 98 21 c4 3e f0 43 0d ff 00,"客に出しちゃ
ヤバいって、アレ！","손님에게 내놓으면
큰일 난다고, 저건!",UNASSIGNED,ユウキ,"[{""offset"":-5,""raw_hex"":""02 0e 00 06 00"",""kind"":""MESSAGE_HEADER"",""opcode"":2,""argument"":6},{""offset"":8,""raw_hex"":""08"",""kind"":""LINE_BREAK""},{""offset"":21,""raw_hex"":""0d ff 00"",""kind"":""MESSAGE_END""}]",REVIEW_1,NO,CHARACTER_GUIDE v0.1 적용. context-v1 복원 원문 1차 번역.,SUPPORTED: structured scenario command; header FACE slot maps to face_yuuki_07; runtime display not yet checked. PROVEN: byte-identical source command exists at the same path and offsets on Disc 2. SUPPORTED: context-v1 glyph 복원; 런타임 원문 검증 전. TERM: 버스피어·파스·도박장.,"<G03DB>に出しちゃ
ヤバいって<G0001>アレ！",SUPPORTED,0001,SUPPORTED,03DB
SCN_01070401_00740000_0012,SCENARIO,scenario_message,DATA/01070401.MDZ,DATA/01070401.MDT,0x00740000,01070401,11,0x003f0582,0x003f057d,d2 3f f0 e7 db d1 9c b4 a0 ad 9b 08 5c f3 5c f1 21 c3 f4 ab bd 9a 7d 77 8a 77 b4 a0 ba 08 b0 21 49 f6 44 f6 a0 3a f1 30 f5 95 98 35 f0 e5 44 0d ff 00,"グロテスクなものほど
意外、食べるとおいしいものよ
ま、料理の鉄則ってヤツ？","징그러운 것일수록
의외로 먹으면 맛있는 법이야
뭐, 요리의 철칙 같은 거지?",UNASSIGNED,ミランダ,"[{""offset"":-5,""raw_hex"":""22 0e 00 1e 00"",""kind"":""MESSAGE_HEADER"",""opcode"":34,""argument"":30},{""offset"":11,""raw_hex"":""08"",""kind"":""LINE_BREAK""},{""offset"":29,""raw_hex"":""08"",""kind"":""LINE_BREAK""},{""offset"":47,""raw_hex"":""0d ff 00"",""kind"":""MESSAGE_END""}]",REVIEW_1,NO,CHARACTER_GUIDE v0.1 적용. context-v1 복원 원문 1차 번역.,SUPPORTED: structured scenario command; header FACE slot maps to face_miranda_05; runtime display not yet checked. PROVEN: byte-identical source command exists at the same path and offsets on Disc 2. SUPPORTED: context-v1 glyph 복원; 런타임 원문 검증 전. TERM: 버스피어·파스·도박장.,"グロテスクなものほど
<G037C><G01DC><G0001>食べるとおいしいものよ
ま<G0001><G05D9><G05D4>の鉄<G04F0>ってヤツ？",SUPPORTED,"0001,01DC,037C,05D4,05D9",SUPPORTED,04F0
SCN_01070401_00740000_0013,SCENARIO,scenario_message,DATA/01070401.MDZ,DATA/01070401.MDT,0x00740000,01070401,12,0x003f05c3,0x003f05be,cc 21 cc 3e f0 a1 08 ca 3a f0 3c f0 38 f0 8a 9a 82 ba 46 0d ff 00,"オ、オレは
エンリョしとくよ…","나, 나는
사양할게…",UNASSIGNED,ユウキ,"[{""offset"":-5,""raw_hex"":""02 0e 00 08 00"",""kind"":""MESSAGE_HEADER"",""opcode"":2,""argument"":8},{""offset"":6,""raw_hex"":""08"",""kind"":""LINE_BREAK""},{""offset"":19,""raw_hex"":""0d ff 00"",""kind"":""MESSAGE_END""}]",REVIEW_1,NO,CHARACTER_GUIDE v0.1 적용. context-v1 복원 원문 1차 번역.,SUPPORTED: structured scenario command; header FACE slot maps to face_yuuki_09; runtime display not yet checked. PROVEN: byte-identical source command exists at the same path and offsets on Disc 2. SUPPORTED: context-v1 glyph 복원; 런타임 원문 검증 전. TERM: 버스피어·파스·도박장.,"オ<G0001>オレは
エンリョしとくよ<G0026>",SUPPORTED,"0001,0026",NONE,
SCN_01070401_00740000_0014,SCENARIO,scenario_message,DATA/01070401.MDZ,DATA/01070401.MDT,0x00740000,01070401,13,0x003f0661,0x003f065c,93 77 8b b9 79 a8 44 08 8c 87 77 68 f0 8a 92 84 9b 46 0d ff 00,"だいじょうぶ？
すごい音したけど…","괜찮아?
엄청난 소리가 났는데…",UNASSIGNED,アルフィナ,"[{""offset"":-5,""raw_hex"":""02 0e 00 0c 00"",""kind"":""MESSAGE_HEADER"",""opcode"":2,""argument"":12},{""offset"":7,""raw_hex"":""08"",""kind"":""LINE_BREAK""},{""offset"":18,""raw_hex"":""0d ff 00"",""kind"":""MESSAGE_END""}]",REVIEW_1,NO,CHARACTER_GUIDE v0.1 적용. context-v1 복원 원문 1차 번역.,SUPPORTED: structured scenario command; header FACE slot maps to face_alfina_01; runtime display not yet checked. PROVEN: byte-identical source command exists at the same path and offsets on Disc 2. SUPPORTED: context-v1 glyph 복원; 런타임 원문 검증 전. TERM: 버스피어·파스·도박장.,"だいじょうぶ？
すごい音したけど<G0026>",SUPPORTED,0026,NONE,
SCN_01070401_00740000_0016,SCENARIO,scenario_message,DATA/01070401.MDZ,DATA/01070401.MDT,0x00740000,01070401,15,0x003f097f,0x003f097a,9c c2 93 46 21 86 86 9d 08 80 f3 7e 6a f5 bb be 98 92 a0 7e 46 44 0d ff 00,"なんだ…、ここに
何か貼られてたのか…？","뭐야… 여기에
뭔가 붙어 있었던 건가…?",UNASSIGNED,ユウキ,"[{""offset"":-5,""raw_hex"":""02 0e 00 0b 00"",""kind"":""MESSAGE_HEADER"",""opcode"":2,""argument"":11},{""offset"":8,""raw_hex"":""08"",""kind"":""LINE_BREAK""},{""offset"":22,""raw_hex"":""0d ff 00"",""kind"":""MESSAGE_END""}]",REVIEW_1,NO,CHARACTER_GUIDE v0.1 적용. context-v1 복원 원문 1차 번역.,SUPPORTED: structured scenario command; header FACE slot maps to face_yuuki_12; runtime display not yet checked. PROVEN: byte-identical source command exists at the same path and offsets on Disc 2. SUPPORTED: context-v1 glyph 복원; 런타임 원문 검증 전. TERM: 버스피어·파스·도박장.,"なんだ<G0026><G0001>ここに
何か貼られてたのか<G0026>？",SUPPORTED,"0001,0026",NONE,
SCN_01070401_00740000_0017,SCENARIO,scenario_message,DATA/01070401.MDZ,DATA/01070401.MDT,0x00740000,01070401,16,0x003f09a7,0x003f09a2,75 c2 92 21 86 c2 9c 9a 86 bf 99 08 80 f3 8a 98 c2 a0 43 08 75 a0 e7 3a f0 e9 9d df f0 82 42 f1 7e 9c 77 9a 08 75 77 96 9d 41 f1 85 bb be 94 b5 79 c0 ba 43 0d ff 00,"あんた、こんなところで
何してんの！
あのテントに早く行かないと
あいつに逃げられちゃうわよ！","너, 이런 데서
뭐 하는 거야!
얼른 저 텐트로 가지 않으면
그 녀석을 놓치겠어!",UNASSIGNED,アロンソ,"[{""offset"":-5,""raw_hex"":""22 0e 00 24 00"",""kind"":""MESSAGE_HEADER"",""opcode"":34,""argument"":36},{""offset"":11,""raw_hex"":""08"",""kind"":""LINE_BREAK""},{""offset"":19,""raw_hex"":""08"",""kind"":""LINE_BREAK""},{""offset"":36,""raw_hex"":""08"",""kind"":""LINE_BREAK""},{""offset"":52,""raw_hex"":""0d ff 00"",""kind"":""MESSAGE_END""}]",REVIEW_1,NO,CHARACTER_GUIDE v0.1 적용. context-v1 복원 원문 1차 번역.,SUPPORTED: structured scenario command; header FACE slot maps to face_alonso_03; runtime display not yet checked. PROVEN: byte-identical source command exists at the same path and offsets on Disc 2. SUPPORTED: context-v1 glyph 복원; 런타임 원문 검증 전. TERM: 버스피어·파스·도박장.,"あんた<G0001>こんなところで
何してんの！
あのテントに早く行かないと
あいつに逃げられちゃうわよ！",SUPPORTED,0001,NONE,
SCN_01070401_00740000_0018,SCENARIO,scenario_message,DATA/01070401.MDZ,DATA/01070401.MDT,0x00740000,01070401,17,0x003f09fe,0x003f09f9,ad bb 95 21 2d f0 3a f0 35 f0 3c f0 08 cd f5 9c c2 98 a1 f0 98 bd b1 f0 a3 f1 8b b5 08 9c 77 99 8a b9 43 08 df f0 82 e7 3a f0 e9 9d 42 f1 82 c0 ba 43 0d ff 00,"ほらっ、ボンヤリ
空なんて見てる場合じゃ
ないでしょ！
早くテントに行くわよ！","자, 멍하니
하늘이나 보고 있을 때가
아니잖아!
얼른 텐트로 가자!",UNASSIGNED,アロンソ,"[{""offset"":-5,""raw_hex"":""22 0e 00 24 00"",""kind"":""MESSAGE_HEADER"",""opcode"":34,""argument"":36},{""offset"":12,""raw_hex"":""08"",""kind"":""LINE_BREAK""},{""offset"":28,""raw_hex"":""08"",""kind"":""LINE_BREAK""},{""offset"":35,""raw_hex"":""08"",""kind"":""LINE_BREAK""},{""offset"":50,""raw_hex"":""0d ff 00"",""kind"":""MESSAGE_END""}]",REVIEW_1,NO,CHARACTER_GUIDE v0.1 적용. context-v1 복원 원문 1차 번역.,SUPPORTED: structured scenario command; header FACE slot maps to face_alonso_03; runtime display not yet checked. PROVEN: byte-identical source command exists at the same path and offsets on Disc 2. SUPPORTED: context-v1 glyph 복원; 런타임 원문 검증 전. TERM: 버스피어·파스·도박장.,"ほらっ<G0001>ボンヤリ
<G058D>なんて見てる場合じゃ
ないでしょ！
早くテントに行くわよ！",SUPPORTED,0001,SUPPORTED,058D
SCN_01070401_00740000_0019,SCENARIO,scenario_message,DATA/01070401.MDZ,DATA/01070401.MDT,0x00740000,01070401,18,0x003f0a64,0x003f0a5f,c4 3f f0 3a f0 df a0 c8 f0 cc f4 46 08 86 be 9d c9 f2 7e be 98 bd 9a 86 bf 08 9b f1 3b f2 42 f1 95 92 a0 7e 44 0d ff 00,"アロンソの海図…
これに描かれてるところ
全部行ったのか？","알론소의 해도…
여기에 그려진 곳을
전부 가 본 거야?",UNASSIGNED,ユウキ,"[{""offset"":-5,""raw_hex"":""02 0e 00 01 00"",""kind"":""MESSAGE_HEADER"",""opcode"":2,""argument"":1},{""offset"":12,""raw_hex"":""08"",""kind"":""LINE_BREAK""},{""offset"":25,""raw_hex"":""08"",""kind"":""LINE_BREAK""},{""offset"":37,""raw_hex"":""0d ff 00"",""kind"":""MESSAGE_END""}]",REVIEW_1,NO,CHARACTER_GUIDE v0.1 적용. context-v1 복원 원문 1차 번역.,SUPPORTED: structured scenario command; header FACE slot maps to face_yuuki_02; runtime display not yet checked. PROVEN: byte-identical source command exists at the same path and offsets on Disc 2. SUPPORTED: context-v1 glyph 복원; 런타임 원문 검증 전. TERM: 버스피어·파스·도박장.,"アロンソの海<G04BC><G0026>
これに描かれてるところ
全部行ったのか？",SUPPORTED,"0026,04BC",NONE,
SCN_01070401_00740000_0020,SCENARIO,scenario_message,DATA/01070401.MDZ,DATA/01070401.MDT,0x00740000,01070401,19,0x003f0b17,0x003f0b12,c4 3f f0 3a f0 df 7f c1 f1 80 92 a9 f1 21 7e 46 0d ff 00,アロンソが生きた証、か…,알론소가 살아온 증거인가…,UNASSIGNED,ユウキ,"[{""offset"":-5,""raw_hex"":""02 0e 00 02 00"",""kind"":""MESSAGE_HEADER"",""opcode"":2,""argument"":2},{""offset"":16,""raw_hex"":""0d ff 00"",""kind"":""MESSAGE_END""}]",REVIEW_1,NO,CHARACTER_GUIDE v0.1 적용. context-v1 복원 원문 1차 번역.,SUPPORTED: structured scenario command; header FACE slot maps to face_yuuki_03; runtime display not yet checked. PROVEN: byte-identical source command exists at the same path and offsets on Disc 2. SUPPORTED: context-v1 glyph 복원; 런타임 원문 검증 전. TERM: 버스피어·파스·도박장.,アロンソが生きた証<G0001>か<G0026>,SUPPORTED,"0001,0026",NONE,
SCN_01070401_00740000_0022,SCENARIO,scenario_message,DATA/01070401.MDZ,DATA/01070401.MDT,0x00740000,01070401,21,0x003f0bc0,0x003f0bbb,c4 3f f0 3a f0 df a0 c8 f0 cc f4 46 08 86 be 9d c9 f2 7e be 98 bd 9a 86 bf 08 9b f1 3b f2 42 f1 95 92 a0 7e 44 0d ff 00,"アロンソの海図…
これに描かれてるところ
全部行ったのか？","알론소의 해도…
여기에 그려진 곳을
전부 가 본 거야?",UNASSIGNED,ユウキ,"[{""offset"":-5,""raw_hex"":""02 0e 00 01 00"",""kind"":""MESSAGE_HEADER"",""opcode"":2,""argument"":1},{""offset"":12,""raw_hex"":""08"",""kind"":""LINE_BREAK""},{""offset"":25,""raw_hex"":""08"",""kind"":""LINE_BREAK""},{""offset"":37,""raw_hex"":""0d ff 00"",""kind"":""MESSAGE_END""}]",REVIEW_1,NO,CHARACTER_GUIDE v0.1 적용. context-v1 복원 원문 1차 번역.,SUPPORTED: structured scenario command; header FACE slot maps to face_yuuki_02; runtime display not yet checked. PROVEN: byte-identical source command exists at the same path and offsets on Disc 2. SUPPORTED: context-v1 glyph 복원; 런타임 원문 검증 전. TERM: 버스피어·파스·도박장.,"アロンソの海<G04BC><G0026>
これに描かれてるところ
全部行ったのか？",SUPPORTED,"0026,04BC",NONE,
SCN_01070401_00740000_0023,SCENARIO,scenario_message,DATA/01070401.MDZ,DATA/01070401.MDT,0x00740000,01070401,22,0x003f0c73,0x003f0c6e,c4 3f f0 3a f0 df 7f c1 f1 80 92 a9 f1 21 7e 46 0d ff 00,アロンソが生きた証、か…,알론소가 살아온 증거인가…,UNASSIGNED,ユウキ,"[{""offset"":-5,""raw_hex"":""02 0e 00 02 00"",""kind"":""MESSAGE_HEADER"",""opcode"":2,""argument"":2},{""offset"":16,""raw_hex"":""0d ff 00"",""kind"":""MESSAGE_END""}]",REVIEW_1,NO,CHARACTER_GUIDE v0.1 적용. context-v1 복원 원문 1차 번역.,SUPPORTED: structured scenario command; header FACE slot maps to face_yuuki_03; runtime display not yet checked. PROVEN: byte-identical source command exists at the same path and offsets on Disc 2. SUPPORTED: context-v1 glyph 복원; 런타임 원문 검증 전. TERM: 버스피어·파스·도박장.,アロンソが生きた証<G0001>か<G0026>,SUPPORTED,"0001,0026",NONE,
SCN_01070401_00740000_0026,SCENARIO,scenario_message,DATA/01070401.MDZ,DATA/01070401.MDT,0x00740000,01070401,25,0x003f0d5d,0x003f0d58,99 95 84 7a 46 08 86 be 46 21 9c c2 a0 ec f2 9c c2 93 46 44 0d ff 00,"でっけぇ…
これ…、なんの牙なんだ…？","크다…
이건… 무슨 송곳니야…?",UNASSIGNED,ユウキ,"[{""offset"":-5,""raw_hex"":""02 0e 00 06 00"",""kind"":""MESSAGE_HEADER"",""opcode"":2,""argument"":6},{""offset"":5,""raw_hex"":""08"",""kind"":""LINE_BREAK""},{""offset"":20,""raw_hex"":""0d ff 00"",""kind"":""MESSAGE_END""}]",REVIEW_1,NO,CHARACTER_GUIDE v0.1 적용. context-v1 복원 원문 1차 번역.,SUPPORTED: structured scenario command; header FACE slot maps to face_yuuki_07; runtime display not yet checked. PROVEN: byte-identical source command exists at the same path and offsets on Disc 2. SUPPORTED: context-v1 glyph 복원; 런타임 원문 검증 전. TERM: 버스피어·파스·도박장.,"でっけ<G005A><G0026>
これ<G0026><G0001>なんの<G033C>なんだ<G0026>？",SUPPORTED,"0001,0026,005A",SUPPORTED,033C
SCN_01070401_00740000_0028,SCENARIO,scenario_message,DATA/01070401.MDZ,DATA/01070401.MDT,0x00740000,01070401,27,0x003f0e73,0x003f0e6e,90 be 99 21 3b f1 95 92 a0 7e 46 43 0d ff 00,それで、戦ったのか…！,그걸로 싸운 거야…!,UNASSIGNED,ユウキ,"[{""offset"":-5,""raw_hex"":""02 0e 00 07 00"",""kind"":""MESSAGE_HEADER"",""opcode"":2,""argument"":7},{""offset"":12,""raw_hex"":""0d ff 00"",""kind"":""MESSAGE_END""}]",REVIEW_1,NO,CHARACTER_GUIDE v0.1 적용. context-v1 복원 원문 1차 번역.,SUPPORTED: structured scenario command; header FACE slot maps to face_yuuki_08; runtime display not yet checked. PROVEN: byte-identical source command exists at the same path and offsets on Disc 2. SUPPORTED: context-v1 glyph 복원; 런타임 원문 검증 전. TERM: 버스피어·파스·도박장.,それで<G0001>戦ったのか<G0026>！,SUPPORTED,"0001,0026",NONE,
SCN_01070401_00740000_0029,SCENARIO,scenario_message,DATA/01070401.MDZ,DATA/01070401.MDT,0x00740000,01070401,28,0x003f0ed5,0x003f0ed0,c3 f4 3e f6 7e ba 46 0d ff 00,食欲かよ…,식욕이냐…,UNASSIGNED,ユウキ,"[{""offset"":-5,""raw_hex"":""02 0e 00 06 00"",""kind"":""MESSAGE_HEADER"",""opcode"":2,""argument"":6},{""offset"":7,""raw_hex"":""0d ff 00"",""kind"":""MESSAGE_END""}]",REVIEW_1,NO,CHARACTER_GUIDE v0.1 적용. context-v1 복원 원문 1차 번역.,SUPPORTED: structured scenario command; header FACE slot maps to face_yuuki_07; runtime display not yet checked. PROVEN: byte-identical source command exists at the same path and offsets on Disc 2. SUPPORTED: context-v1 glyph 복원; 런타임 원문 검증 전. TERM: 버스피어·파스·도박장.,食<G05CE>かよ<G0026>,SUPPORTED,"0026,05CE",NONE,
SCN_01070401_00740000_0030,SCENARIO,scenario_message,DATA/01070401.MDZ,DATA/01070401.MDT,0x00740000,01070401,29,0x003f0eff,0x003f0efa,86 a0 58 f1 8f f5 9c ec f2 a0 b8 f1 94 ae f2 b4 08 c4 3f f0 3a f0 df a0 61 f3 82 f1 9d 46 0d ff 00,"この立派な牙の持ち主も
アロンソの胃袋に…","이 훌륭한 송곳니의 주인도
알론소의 뱃속으로…",UNASSIGNED,ユウキ,"[{""offset"":-5,""raw_hex"":""02 0e 00 01 00"",""kind"":""MESSAGE_HEADER"",""opcode"":2,""argument"":1},{""offset"":16,""raw_hex"":""08"",""kind"":""LINE_BREAK""},{""offset"":30,""raw_hex"":""0d ff 00"",""kind"":""MESSAGE_END""}]",REVIEW_1,NO,CHARACTER_GUIDE v0.1 적용. context-v1 복원 원문 1차 번역.,SUPPORTED: structured scenario command; header FACE slot maps to face_yuuki_02; runtime display not yet checked. PROVEN: byte-identical source command exists at the same path and offsets on Disc 2. SUPPORTED: context-v1 glyph 복원; 런타임 원문 검증 전. TERM: 버스피어·파스·도박장.,"この立<G054F>な<G033C>の持ち<G02FE>も
アロンソの<G0381><G0202>に<G0026>",SUPPORTED,"0026,054F",SUPPORTED,"0202,02FE,033C,0381"
SCN_01070401_00740000_0031,SCENARIO,scenario_message,DATA/01070401.MDZ,DATA/01070401.MDT,0x00740000,01070401,30,0x003f0f47,0x003f0f42,8c 87 77 ec f2 93 43 08 d5 c6 e5 c1 6c f4 46 f6 b3 92 c2 9c bb 08 ea f1 95 a9 8a 9d 5d f0 81 f2 7f 75 bd 95 98 08 2e f4 95 98 92 a0 b4 7b f0 7e bd 9c 46 0d ff 00,"すごい牙だ！
コイツを仕留めたんなら
腕っぶしに自信があるって
言ってたのも分かるな…","대단한 송곳니야!
이 녀석을 해치웠다면
힘에는 자신이 있다고
말한 것도 이해되네…",UNASSIGNED,ユウキ,"[{""offset"":-5,""raw_hex"":""02 0e 00 02 00"",""kind"":""MESSAGE_HEADER"",""opcode"":2,""argument"":2},{""offset"":7,""raw_hex"":""08"",""kind"":""LINE_BREAK""},{""offset"":21,""raw_hex"":""08"",""kind"":""LINE_BREAK""},{""offset"":37,""raw_hex"":""08"",""kind"":""LINE_BREAK""},{""offset"":51,""raw_hex"":""0d ff 00"",""kind"":""MESSAGE_END""}]",REVIEW_1,NO,CHARACTER_GUIDE v0.1 적용. context-v1 복원 원문 1차 번역.,SUPPORTED: structured scenario command; header FACE slot maps to face_yuuki_03; runtime display not yet checked. PROVEN: byte-identical source command exists at the same path and offsets on Disc 2. SUPPORTED: context-v1 glyph 복원; 런타임 원문 검증 전. TERM: 버스피어·파스·도박장.,"すごい<G033C>だ！
コイツを仕<G05D6>めたんなら
<G026A>っ<G0089>しに自信があるって
<G041E>ってたのも分かるな<G0026>",SUPPORTED,"0026,041E",SUPPORTED,"0089,026A,033C,05D6"
SCN_01070401_00740000_0033,SCENARIO,scenario_message,DATA/01070401.MDZ,DATA/01070401.MDT,0x00740000,01070401,32,0x003f1008,0x003f1003,9c c2 93 86 bc b5 44 08 e6 f1 84 f0 a0 96 f9 46 44 08 39 f0 3f f0 c6 9d 8a 94 b5 08 29 f0 3a f0 9c 53 f3 3d f4 93 9c 0d ff 00,"なんだこりゃ？
金属の像…？
ヨロイにしちゃ
ヘンな格好だな","이게 뭐야?
금속 조각상…?
갑옷이라고 하기엔
이상한 모양이네.",UNASSIGNED,ユウキ,"[{""offset"":-5,""raw_hex"":""02 0e 00 01 00"",""kind"":""MESSAGE_HEADER"",""opcode"":2,""argument"":1},{""offset"":7,""raw_hex"":""08"",""kind"":""LINE_BREAK""},{""offset"":17,""raw_hex"":""08"",""kind"":""LINE_BREAK""},{""offset"":27,""raw_hex"":""08"",""kind"":""LINE_BREAK""},{""offset"":39,""raw_hex"":""0d ff 00"",""kind"":""MESSAGE_END""}]",REVIEW_1,NO,CHARACTER_GUIDE v0.1 적용. context-v1 복원 원문 1차 번역.,SUPPORTED: structured scenario command; header FACE slot maps to face_yuuki_02; runtime display not yet checked. PROVEN: byte-identical source command exists at the same path and offsets on Disc 2. SUPPORTED: context-v1 glyph 복원; 런타임 원문 검증 전. TERM: 버스피어·파스·도박장.,"なんだこりゃ？
金属の<G0896><G0026>？
ヨロイにしちゃ
ヘンな<G0373>好だな",SUPPORTED,"0026,0373",SUPPORTED,0896
SCN_01070401_00740000_0035,SCENARIO,scenario_message,DATA/01070401.MDZ,DATA/01070401.MDT,0x00740000,01070401,34,0x003f1126,0x003f1121,46 9c c2 7e 08 59 f2 5a f2 9c 31 f6 d0 f5 2e f0 db e9 b1 92 77 93 9c 0d ff 00,"…なんか
奇妙な郵便ポストみたいだな","…뭔가
기묘한 우체통 같네.",UNASSIGNED,ユウキ,"[{""offset"":-5,""raw_hex"":""02 0e 00 08 00"",""kind"":""MESSAGE_HEADER"",""opcode"":2,""argument"":8},{""offset"":4,""raw_hex"":""08"",""kind"":""LINE_BREAK""},{""offset"":23,""raw_hex"":""0d ff 00"",""kind"":""MESSAGE_END""}]",REVIEW_1,NO,CHARACTER_GUIDE v0.1 적용. context-v1 복원 원문 1차 번역.,SUPPORTED: structured scenario command; header FACE slot maps to face_yuuki_09; runtime display not yet checked. PROVEN: byte-identical source command exists at the same path and offsets on Disc 2. SUPPORTED: context-v1 glyph 복원; 런타임 원문 검증 전. TERM: 버스피어·파스·도박장.,"<G0026>なんか
奇<G02AA>な<G05C1>便ポストみたいだな",SUPPORTED,"0026,02AA",SUPPORTED,05C1
SCN_01070401_00740000_0036,SCENARIO,scenario_message,DATA/01070401.MDZ,DATA/01070401.MDT,0x00740000,01070401,35,0x003f13a5,0x003f13a0,9c 74 9c 74 21 c8 3d f0 95 98 88 08 9b 79 b6 95 98 d9 21 f0 9a 08 4d f5 71 f1 82 9c 95 92 c2 93 44 0d ff 00,"なぁなぁ、ウルってさ
どうやってシバと
仲良くなったんだ？","저기, 울 말이야
어떻게 시바와
친해진 거야?",UNASSIGNED,ユウキ,"[{""offset"":-5,""raw_hex"":""02 0e 00 02 00"",""kind"":""MESSAGE_HEADER"",""opcode"":2,""argument"":2},{""offset"":11,""raw_hex"":""08"",""kind"":""LINE_BREAK""},{""offset"":21,""raw_hex"":""08"",""kind"":""LINE_BREAK""},{""offset"":33,""raw_hex"":""0d ff 00"",""kind"":""MESSAGE_END""}]",REVIEW_1,NO,CHARACTER_GUIDE v0.1 적용. context-v1 복원 원문 1차 번역.,SUPPORTED: structured scenario command; header FACE slot maps to face_yuuki_03; runtime display not yet checked. PROVEN: byte-identical source command exists at the same path and offsets on Disc 2. SUPPORTED: context-v1 glyph 복원; 런타임 원문 검증 전. TERM: 버스피어·파스·도박장.,"な<G0054>な<G0054><G0001>ウルってさ
どうやってシバと
仲良くなったんだ？",SUPPORTED,"0001,0054",NONE,
SCN_01070401_00740000_0037,SCENARIO,scenario_message,DATA/01070401.MDZ,DATA/01070401.MDT,0x00740000,01070401,36,0x003f1413,0x003f140e,8d 95 9a 77 95 8a b9 42 08 e6 f3 63 f5 b1 92 77 93 9c 21 b0 bd 99 43 0d ff 00,"ずっといっしょ？
父弟みたいだな、まるで！","계속 함께였어?
아버지와 아들 같네, 정말!",UNASSIGNED,ユウキ,"[{""offset"":-5,""raw_hex"":""02 0e 00 02 00"",""kind"":""MESSAGE_HEADER"",""opcode"":2,""argument"":2},{""offset"":8,""raw_hex"":""08"",""kind"":""LINE_BREAK""},{""offset"":23,""raw_hex"":""0d ff 00"",""kind"":""MESSAGE_END""}]",REVIEW_1,NO,CHARACTER_GUIDE v0.1 적용. context-v1 복원 원문 1차 번역.,SUPPORTED: structured scenario command; header FACE slot maps to face_yuuki_03; runtime display not yet checked. PROVEN: byte-identical source command exists at the same path and offsets on Disc 2. SUPPORTED: context-v1 glyph 복원; 런타임 원문 검증 전. TERM: 버스피어·파스·도박장.,"ずっといっしょ<G0022>
<G0406><G0523>みたいだな<G0001>まるで！",SUPPORTED,"0001,0022,0406",SUPPORTED,0523
SCN_01070401_00740000_0038,SCENARIO,scenario_message,DATA/01070401.MDZ,DATA/01070401.MDT,0x00740000,01070401,37,0x003f1490,0x003f148b,9e f0 a0 4d f0 3b f2 7e 74 46 46 08 90 be 95 98 44 f6 21 f5 9c c2 93 ba 9c 08 49 f1 42 f1 af f3 bc f2 bc 9d 9a 95 98 b4 0d ff 00,"体の一部かぁ……
それって理思なんだよな
飛行機乗りにとっても","몸의 일부라……
그건 비행기 조종사에게도
이상적인 일이겠지.",UNASSIGNED,ユウキ,"[{""offset"":-5,""raw_hex"":""02 0e 00 02 00"",""kind"":""MESSAGE_HEADER"",""opcode"":2,""argument"":2},{""offset"":11,""raw_hex"":""08"",""kind"":""LINE_BREAK""},{""offset"":25,""raw_hex"":""08"",""kind"":""LINE_BREAK""},{""offset"":40,""raw_hex"":""0d ff 00"",""kind"":""MESSAGE_END""}]",REVIEW_1,NO,CHARACTER_GUIDE v0.1 적용. context-v1 복원 원문 1차 번역.,SUPPORTED: structured scenario command; header FACE slot maps to face_yuuki_03; runtime display not yet checked. PROVEN: byte-identical source command exists at the same path and offsets on Disc 2. SUPPORTED: context-v1 glyph 복원; 런타임 원문 검증 전. TERM: 버스피어·파스·도박장.,"体の一部か<G0054><G0026><G0026>
それって<G05D4><G04E1>なんだよな
飛行機乗りにとっても",SUPPORTED,"0026,0054,04E1,05D4",NONE,
SCN_01070401_00740000_0039,SCENARIO,scenario_message,DATA/01070401.MDZ,DATA/01070401.MDT,0x00740000,01070401,38,0x003f14db,0x003f14d6,49 f1 4e f1 a0 73 f1 46 46 08 90 79 c8 f2 a2 be 98 bd a0 7e 08 c8 3d f0 92 94 a1 0d ff 00,"飛竜の民……
そう呼ばれてるのか
ウルたちは","비룡의 민족……
울 일행은
그렇게 불리는구나.",UNASSIGNED,ユウキ,"[{""offset"":-5,""raw_hex"":""02 0e 00 0b 00"",""kind"":""MESSAGE_HEADER"",""opcode"":2,""argument"":11},{""offset"":9,""raw_hex"":""08"",""kind"":""LINE_BREAK""},{""offset"":20,""raw_hex"":""08"",""kind"":""LINE_BREAK""},{""offset"":27,""raw_hex"":""0d ff 00"",""kind"":""MESSAGE_END""}]",REVIEW_1,NO,CHARACTER_GUIDE v0.1 적용. context-v1 복원 원문 1차 번역.,SUPPORTED: structured scenario command; header FACE slot maps to face_yuuki_12; runtime display not yet checked. PROVEN: byte-identical source command exists at the same path and offsets on Disc 2. SUPPORTED: context-v1 glyph 복원; 런타임 원문 검증 전. TERM: 버스피어·파스·도박장.,"飛竜の<G01F3><G0026><G0026>
そう呼ばれてるのか
ウルたちは",SUPPORTED,0026,SUPPORTED,01F3
SCN_01070401_00740000_0040,SCENARIO,scenario_message,DATA/01070401.MDZ,DATA/01070401.MDT,0x00740000,01070401,39,0x003f1519,0x003f1514,49 f1 4e f1 a0 3e f5 7e 74 08 6b f2 be 98 95 98 82 be ba 21 cc 3e f0 b4 43 0d ff 00,"飛竜の巣かぁ
連れてってくれよ、オレも！","비룡의 둥지라…
나도 데려가 줘!",UNASSIGNED,ユウキ,"[{""offset"":-5,""raw_hex"":""02 0e 00 02 00"",""kind"":""MESSAGE_HEADER"",""opcode"":2,""argument"":2},{""offset"":9,""raw_hex"":""08"",""kind"":""LINE_BREAK""},{""offset"":25,""raw_hex"":""0d ff 00"",""kind"":""MESSAGE_END""}]",REVIEW_1,NO,CHARACTER_GUIDE v0.1 적용. context-v1 복원 원문 1차 번역.,SUPPORTED: structured scenario command; header FACE slot maps to face_yuuki_03; runtime display not yet checked. PROVEN: byte-identical source command exists at the same path and offsets on Disc 2. SUPPORTED: context-v1 glyph 복원; 런타임 원문 검증 전. TERM: 버스피어·파스·도박장.,"飛竜の<G04FE>か<G0054>
連れてってくれよ<G0001>オレも！",SUPPORTED,"0001,0054,04FE",NONE,
SCN_01070401_00740000_0041,SCENARIO,scenario_message,DATA/01070401.MDZ,DATA/01070401.MDT,0x00740000,01070401,40,0x003f1573,0x003f156e,75 45 75 21 49 f1 42 f1 af f3 88 7b 75 be a2 08 cc 3e f0 b4 c8 3d f0 b6 d9 21 f0 9a 77 95 8a b9 9d 08 49 f1 ab bd a0 9d 9c 74 45 0d ff 00,"あ〜あ、飛行機さえあれば
オレもウルやシバといっしょに
飛べるのになぁ〜","아아, 비행기만 있다면
나도 울이나 시바와 함께
날 수 있을 텐데~",UNASSIGNED,ユウキ,"[{""offset"":-5,""raw_hex"":""02 0e 00 01 00"",""kind"":""MESSAGE_HEADER"",""opcode"":2,""argument"":1},{""offset"":15,""raw_hex"":""08"",""kind"":""LINE_BREAK""},{""offset"":33,""raw_hex"":""08"",""kind"":""LINE_BREAK""},{""offset"":43,""raw_hex"":""0d ff 00"",""kind"":""MESSAGE_END""}]",REVIEW_1,NO,CHARACTER_GUIDE v0.1 적용. context-v1 복원 원문 1차 번역.,SUPPORTED: structured scenario command; header FACE slot maps to face_yuuki_02; runtime display not yet checked. PROVEN: byte-identical source command exists at the same path and offsets on Disc 2. SUPPORTED: context-v1 glyph 복원; 런타임 원문 검증 전. TERM: 버스피어·파스·도박장.,"あ〜あ<G0001>飛行機さえあれば
オレもウルやシバといっしょに
飛べるのにな<G0054>〜",SUPPORTED,"0001,0054",NONE,
SCN_01070401_00740000_0042,SCENARIO,scenario_message,DATA/01070401.MDZ,DATA/01070401.MDT,0x00740000,01070401,41,0x003f15e9,0x003f15e4,75 a0 da da c5 46 46 44 0d ff 00,あのジジィ……？,그 영감님……?,UNASSIGNED,ユウキ,"[{""offset"":-5,""raw_hex"":""02 0e 00 0b 00"",""kind"":""MESSAGE_HEADER"",""opcode"":2,""argument"":11},{""offset"":8,""raw_hex"":""0d ff 00"",""kind"":""MESSAGE_END""}]",REVIEW_1,NO,CHARACTER_GUIDE v0.1 적용. context-v1 복원 원문 1차 번역.,SUPPORTED: structured scenario command; header FACE slot maps to face_yuuki_12; runtime display not yet checked. PROVEN: byte-identical source command exists at the same path and offsets on Disc 2. SUPPORTED: context-v1 glyph 복원; 런타임 원문 검증 전. TERM: 버스피어·파스·도박장.,あのジジィ<G0026><G0026>？,SUPPORTED,0026,NONE,
SCN_01070401_00740000_0043,SCENARIO,scenario_message,DATA/01070401.MDZ,DATA/01070401.MDT,0x00740000,01070401,42,0x003f163e,0x003f1639,90 21 90 be 95 98 08 b4 8a 7e 8a 98 46 46 43 0d ff 00,"そ、それって
もしかして……！","그, 그건
설마……!",UNASSIGNED,アルフィナ,"[{""offset"":-5,""raw_hex"":""02 0e 00 0c 00"",""kind"":""MESSAGE_HEADER"",""opcode"":2,""argument"":12},{""offset"":6,""raw_hex"":""08"",""kind"":""LINE_BREAK""},{""offset"":15,""raw_hex"":""0d ff 00"",""kind"":""MESSAGE_END""}]",REVIEW_1,NO,CHARACTER_GUIDE v0.1 적용. context-v1 복원 원문 1차 번역.,SUPPORTED: structured scenario command; header FACE slot maps to face_alfina_01; runtime display not yet checked. PROVEN: byte-identical source command exists at the same path and offsets on Disc 2. SUPPORTED: context-v1 glyph 복원; 런타임 원문 검증 전. TERM: 버스피어·파스·도박장.,"そ<G0001>それって
もしかして<G0026><G0026>！",SUPPORTED,"0001,0026",NONE,
SCN_01070401_00740000_0044,SCENARIO,scenario_message,DATA/01070401.MDZ,DATA/01070401.MDT,0x00740000,01070401,43,0x003f167d,0x003f1678,c8 3d f0 a0 77 79 21 75 a0 da da c5 95 98 08 b4 8a 7e 8a 98 46 46 42 0d ff 00,"ウルのいう、あのジジィって
もしかして……？","울이 말한 그 영감님이
설마……?",UNASSIGNED,アルフィナ,"[{""offset"":-5,""raw_hex"":""02 0e 00 0c 00"",""kind"":""MESSAGE_HEADER"",""opcode"":2,""argument"":12},{""offset"":14,""raw_hex"":""08"",""kind"":""LINE_BREAK""},{""offset"":23,""raw_hex"":""0d ff 00"",""kind"":""MESSAGE_END""}]",REVIEW_1,NO,CHARACTER_GUIDE v0.1 적용. context-v1 복원 원문 1차 번역.,SUPPORTED: structured scenario command; header FACE slot maps to face_alfina_01; runtime display not yet checked. PROVEN: byte-identical source command exists at the same path and offsets on Disc 2. SUPPORTED: context-v1 glyph 복원; 런타임 원문 검증 전. TERM: 버스피어·파스·도박장.,"ウルのいう<G0001>あのジジィって
もしかして<G0026><G0026><G0022>",SUPPORTED,"0001,0022,0026",NONE,
SCN_01070401_00740000_0045,SCENARIO,scenario_message,DATA/01070401.MDZ,DATA/01070401.MDT,0x00740000,01070401,44,0x003f16b7,0x003f16b2,d9 36 f0 30 f0 e4 e9 a1 46 46 08 cc 3e f0 a0 75 86 7f be 9c c2 93 43 08 63 f0 c0 8e 98 82 be 46 46 21 82 f2 b2 95 41 0d ff 00,"シュミットは……
オレのあこがれなんだ！
会わせてくれ……、頼むっ！","슈미트는……
내 동경의 대상이야!
만나게 해 줘…… 부탁이야!",UNASSIGNED,ユウキ,"[{""offset"":-5,""raw_hex"":""02 0e 00 07 00"",""kind"":""MESSAGE_HEADER"",""opcode"":2,""argument"":7},{""offset"":10,""raw_hex"":""08"",""kind"":""LINE_BREAK""},{""offset"":23,""raw_hex"":""08"",""kind"":""LINE_BREAK""},{""offset"":39,""raw_hex"":""0d ff 00"",""kind"":""MESSAGE_END""}]",REVIEW_1,NO,CHARACTER_GUIDE v0.1 적용. context-v1 복원 원문 1차 번역.,SUPPORTED: structured scenario command; header FACE slot maps to face_yuuki_08; runtime display not yet checked. PROVEN: byte-identical source command exists at the same path and offsets on Disc 2. SUPPORTED: context-v1 glyph 복원; 런타임 원문 검증 전. TERM: 버스피어·파스·도박장.,"シュミットは<G0026><G0026>
オレのあこがれなんだ！
<G0113>わせてくれ<G0026><G0026><G0001>頼むっ<G0021>",SUPPORTED,"0001,0021,0026,0113",NONE,
SCN_01070401_00740000_0048,SCENARIO,scenario_message,DATA/01070401.MDZ,DATA/01070401.MDT,0x00740000,01070401,47,0x003f1982,0x003f197d,d9 21 f0 b1 92 77 9c a0 b4 42 0d ff 00,シバみたいなのも？,시바 같은 비룡도?,UNASSIGNED,ユウキ,"[{""offset"":-5,""raw_hex"":""02 0e 00 02 00"",""kind"":""MESSAGE_HEADER"",""opcode"":2,""argument"":2},{""offset"":10,""raw_hex"":""0d ff 00"",""kind"":""MESSAGE_END""}]",REVIEW_1,NO,CHARACTER_GUIDE v0.1 적용. context-v1 복원 원문 1차 번역.,SUPPORTED: structured scenario command; header FACE slot maps to face_yuuki_03; runtime display not yet checked. PROVEN: byte-identical source command exists at the same path and offsets on Disc 2. SUPPORTED: context-v1 glyph 복원; 런타임 원문 검증 전. TERM: 버스피어·파스·도박장.,シバみたいなのも<G0022>,SUPPORTED,0022,NONE,
SCN_01070401_00740000_0049,SCENARIO,scenario_message,DATA/01070401.MDZ,DATA/01070401.MDT,0x00740000,01070401,48,0x003f19ee,0x003f19e9,8c 87 77 9c 74 46 46 08 77 96 7e cc 3e f0 b4 6b f2 be 98 95 98 82 be ba 08 90 a0 49 f1 4e f1 a0 3e f5 95 98 9a 86 bf 9d 43 0d ff 00,"すごいなぁ……
いつかオレも連れてってくれよ
その飛竜の巣ってところに！","대단하다……
언젠가 나도 데려가 줘
그 비룡의 둥지라는 곳에!",UNASSIGNED,ユウキ,"[{""offset"":-5,""raw_hex"":""02 0e 00 09 00"",""kind"":""MESSAGE_HEADER"",""opcode"":2,""argument"":9},{""offset"":7,""raw_hex"":""08"",""kind"":""LINE_BREAK""},{""offset"":24,""raw_hex"":""08"",""kind"":""LINE_BREAK""},{""offset"":41,""raw_hex"":""0d ff 00"",""kind"":""MESSAGE_END""}]",REVIEW_1,NO,CHARACTER_GUIDE v0.1 적용. context-v1 복원 원문 1차 번역.,SUPPORTED: structured scenario command; header FACE slot maps to face_yuuki_10; runtime display not yet checked. PROVEN: byte-identical source command exists at the same path and offsets on Disc 2. SUPPORTED: context-v1 glyph 복원; 런타임 원문 검증 전. TERM: 버스피어·파스·도박장.,"すごいな<G0054><G0026><G0026>
いつかオレも連れてってくれよ
その飛竜の<G04FE>ってところに！",SUPPORTED,"0026,0054,04FE",NONE,
SCN_01070401_00740000_0050,SCENARIO,scenario_message,DATA/01070401.MDZ,DATA/01070401.MDT,0x00740000,01070401,49,0x003f1c75,0x003f1c70,79 aa 7a 46 46 08 86 be c1 54 f1 8d f0 9d c3 f4 ab 92 d7 f0 08 df 3a f0 d3 c6 8a 94 b5 79 ba 21 cc 3e f0 0d ff 00,"うへぇ……
これを最初に食べた人
ソンケイしちゃうよ、オレ","우웩……
이걸 처음 먹은 사람은
정말 존경스러워, 난.",UNASSIGNED,ユウキ,"[{""offset"":-5,""raw_hex"":""02 0e 00 08 00"",""kind"":""MESSAGE_HEADER"",""opcode"":2,""argument"":8},{""offset"":5,""raw_hex"":""08"",""kind"":""LINE_BREAK""},{""offset"":20,""raw_hex"":""08"",""kind"":""LINE_BREAK""},{""offset"":35,""raw_hex"":""0d ff 00"",""kind"":""MESSAGE_END""}]",REVIEW_1,NO,CHARACTER_GUIDE v0.1 적용. context-v1 복원 원문 1차 번역.,SUPPORTED: structured scenario command; header FACE slot maps to face_yuuki_09; runtime display not yet checked. PROVEN: byte-identical source command exists at the same path and offsets on Disc 2. SUPPORTED: context-v1 glyph 복원; 런타임 원문 검증 전. TERM: 버스피어·파스·도박장.,"うへ<G005A><G0026><G0026>
これを<G01D4>初に食べた人
ソンケイしちゃうよ<G0001>オレ",SUPPORTED,"0001,0026,005A,01D4",NONE,
SCN_01070401_00740000_0051,SCENARIO,scenario_message,DATA/01070401.MDZ,DATA/01070401.MDT,0x00740000,01070401,50,0x003f1d07,0x003f1d02,de f4 95 98 46 46 08 77 b0 a1 77 9c 77 a0 44 0d ff 00,"昔って……
いまはいないの？","옛날에는……
지금은 없는 거야?",UNASSIGNED,ユウキ,"[{""offset"":-5,""raw_hex"":""02 0e 00 01 00"",""kind"":""MESSAGE_HEADER"",""opcode"":2,""argument"":1},{""offset"":6,""raw_hex"":""08"",""kind"":""LINE_BREAK""},{""offset"":15,""raw_hex"":""0d ff 00"",""kind"":""MESSAGE_END""}]",REVIEW_1,NO,CHARACTER_GUIDE v0.1 적용. context-v1 복원 원문 1차 번역.,SUPPORTED: structured scenario command; header FACE slot maps to face_yuuki_02; runtime display not yet checked. PROVEN: byte-identical source command exists at the same path and offsets on Disc 2. SUPPORTED: context-v1 glyph 복원; 런타임 원문 검증 전. TERM: 버스피어·파스·도박장.,"<G04CE>って<G0026><G0026>
いまはいないの？",SUPPORTED,"0026,04CE",NONE,
SCN_01070401_00740000_0052,SCENARIO,scenario_message,DATA/01070401.MDZ,DATA/01070401.MDT,0x00740000,01070401,51,0x003f1d7a,0x003f1d75,d7 21 d7 32 f0 95 42 0d ff 00,サ、サメっ？,"상, 상어?",UNASSIGNED,ユウキ,"[{""offset"":-5,""raw_hex"":""02 0e 00 06 00"",""kind"":""MESSAGE_HEADER"",""opcode"":2,""argument"":6},{""offset"":7,""raw_hex"":""0d ff 00"",""kind"":""MESSAGE_END""}]",REVIEW_1,NO,CHARACTER_GUIDE v0.1 적용. context-v1 복원 원문 1차 번역.,SUPPORTED: structured scenario command; header FACE slot maps to face_yuuki_07; runtime display not yet checked. PROVEN: byte-identical source command exists at the same path and offsets on Disc 2. SUPPORTED: context-v1 glyph 복원; 런타임 원문 검증 전. TERM: 버스피어·파스·도박장.,サ<G0001>サメっ<G0022>,SUPPORTED,"0001,0022",NONE,
SCN_01070401_00740000_0053,SCENARIO,scenario_message,DATA/01070401.MDZ,DATA/01070401.MDT,0x00740000,01070401,52,0x003f1e17,0x003f1e12,90 be 95 98 21 f2 c8 f0 a3 f0 95 98 77 79 7e 08 b0 c2 b0 ca 3a f0 da 3a f0 9c c2 8b b5 46 46 0d ff 00,"それって航海長っていうか
まんまエンジンなんじゃ……","그건 항해장이라기보다
그냥 엔진 아니야……?",UNASSIGNED,ユウキ,"[{""offset"":-5,""raw_hex"":""02 0e 00 08 00"",""kind"":""MESSAGE_HEADER"",""opcode"":2,""argument"":8},{""offset"":15,""raw_hex"":""08"",""kind"":""LINE_BREAK""},{""offset"":31,""raw_hex"":""0d ff 00"",""kind"":""MESSAGE_END""}]",REVIEW_1,NO,CHARACTER_GUIDE v0.1 적용. context-v1 복원 원문 1차 번역.,SUPPORTED: structured scenario command; header FACE slot maps to face_yuuki_09; runtime display not yet checked. PROVEN: byte-identical source command exists at the same path and offsets on Disc 2. SUPPORTED: context-v1 glyph 복원; 런타임 원문 검증 전. TERM: 버스피어·파스·도박장.,"それって<G0271>海長っていうか
まんまエンジンなんじゃ<G0026><G0026>",SUPPORTED,0026,SUPPORTED,0271
SCN_01070401_00740000_0054,SCENARIO,scenario_message,DATA/01070401.MDZ,DATA/01070401.MDT,0x00740000,01070401,53,0x003f20bb,0x003f20b6,9b c2 9c 9d 46 f1 82 98 b4 08 6c f0 8d bb f2 77 96 77 98 46 46 08 77 b6 21 bb f2 77 2f f3 77 98 b1 8e bd 88 43 0d ff 00,"どんなに速くても
必ず追いついて……
いや、追い歩いてみせるさ！","아무리 빨라도
반드시 따라잡아서……
아니, 따라잡고 말 거야!",UNASSIGNED,ユウキ,"[{""offset"":-5,""raw_hex"":""02 0e 00 0a 00"",""kind"":""MESSAGE_HEADER"",""opcode"":2,""argument"":10},{""offset"":9,""raw_hex"":""08"",""kind"":""LINE_BREAK""},{""offset"":21,""raw_hex"":""08"",""kind"":""LINE_BREAK""},{""offset"":37,""raw_hex"":""0d ff 00"",""kind"":""MESSAGE_END""}]",REVIEW_1,NO,CHARACTER_GUIDE v0.1 적용. context-v1 복원 원문 1차 번역.,SUPPORTED: structured scenario command; header FACE slot maps to face_yuuki_11; runtime display not yet checked. PROVEN: byte-identical source command exists at the same path and offsets on Disc 2. SUPPORTED: context-v1 glyph 복원; 런타임 원문 검증 전. TERM: 버스피어·파스·도박장.,"どんなに速くても
<G011C>ず<G030B>いついて<G0026><G0026>
いや<G0001><G030B>い<G034F>いてみせるさ！",SUPPORTED,"0001,0026,011C,030B,034F",NONE,
SCN_01070401_00740000_0055,SCENARIO,scenario_message,DATA/01070401.MDZ,DATA/01070401.MDT,0x00740000,01070401,54,0x003f216d,0x003f2168,cc 3e f0 9c c2 7e 9d 08 63 f0 95 98 82 be bd 7e 9c 08 75 a0 2a f1 e2 f4 a0 49 f1 42 f1 a5 f1 7f 46 46 0d ff 00,"オレなんかに
会ってくれるかな
あの伝説の飛行王が……","나 같은 사람도
만나 줄까
저 전설의 비행왕이……",UNASSIGNED,アルフィナ,"[{""offset"":-5,""raw_hex"":""02 0e 00 0c 00"",""kind"":""MESSAGE_HEADER"",""opcode"":2,""argument"":12},{""offset"":7,""raw_hex"":""08"",""kind"":""LINE_BREAK""},{""offset"":17,""raw_hex"":""08"",""kind"":""LINE_BREAK""},{""offset"":34,""raw_hex"":""0d ff 00"",""kind"":""MESSAGE_END""}]",REVIEW_1,NO,CHARACTER_GUIDE v0.1 적용. context-v1 복원 원문 1차 번역.,SUPPORTED: structured scenario command; header FACE slot maps to face_alfina_01; runtime display not yet checked. PROVEN: byte-identical source command exists at the same path and offsets on Disc 2. SUPPORTED: context-v1 glyph 복원; 런타임 원문 검증 전. TERM: 버스피어·파스·도박장.,"オレなんかに
<G0113>ってくれるかな
あの伝説の飛行王が<G0026><G0026>",SUPPORTED,"0026,0113",NONE,
SCN_01070401_00740000_0056,SCENARIO,scenario_message,DATA/01070401.MDZ,DATA/01070401.MDT,0x00740000,01070401,55,0x003f21e7,0x003f21e2,94 7f 79 88 43 21 cc 3e f0 9d 9a 95 98 a1 08 9d f0 78 f1 9d 21 9d f0 78 f1 9d 08 75 86 7f be a0 d7 f0 9c c2 93 46 46 0d ff 00,"ちがうさ！、オレにとっては
本当に、本当に
あこがれの人なんだ……","아니야! 나에게는
정말로, 정말로
동경하는 사람이야……",UNASSIGNED,ユウキ,"[{""offset"":-5,""raw_hex"":""02 0e 00 09 00"",""kind"":""MESSAGE_HEADER"",""opcode"":2,""argument"":9},{""offset"":14,""raw_hex"":""08"",""kind"":""LINE_BREAK""},{""offset"":26,""raw_hex"":""08"",""kind"":""LINE_BREAK""},{""offset"":39,""raw_hex"":""0d ff 00"",""kind"":""MESSAGE_END""}]",REVIEW_1,NO,CHARACTER_GUIDE v0.1 적용. context-v1 복원 원문 1차 번역.,SUPPORTED: structured scenario command; header FACE slot maps to face_yuuki_10; runtime display not yet checked. PROVEN: byte-identical source command exists at the same path and offsets on Disc 2. SUPPORTED: context-v1 glyph 복원; 런타임 원문 검증 전. TERM: 버스피어·파스·도박장.,"ちがうさ！<G0001>オレにとっては
本当に<G0001>本当に
あこがれの人なんだ<G0026><G0026>",SUPPORTED,"0001,0026",NONE,
SCN_01070401_00740000_0057,SCENARIO,scenario_message,DATA/01070401.MDZ,DATA/01070401.MDT,0x00740000,01070401,56,0x003f23c3,0x003f23be,a2 f2 77 86 b0 be 92 d7 f0 92 94 a1 08 9b 86 aa 46 46 44 0d ff 00,"吸いこまれた人たちは
どこへ……？","빨려 들어간 사람들은
어디로……?",UNASSIGNED,ユウキ,"[{""offset"":-5,""raw_hex"":""02 0e 00 01 00"",""kind"":""MESSAGE_HEADER"",""opcode"":2,""argument"":1},{""offset"":12,""raw_hex"":""08"",""kind"":""LINE_BREAK""},{""offset"":19,""raw_hex"":""0d ff 00"",""kind"":""MESSAGE_END""}]",REVIEW_1,NO,CHARACTER_GUIDE v0.1 적용. context-v1 복원 원문 1차 번역.,SUPPORTED: structured scenario command; header FACE slot maps to face_yuuki_02; runtime display not yet checked. PROVEN: byte-identical source command exists at the same path and offsets on Disc 2. SUPPORTED: context-v1 glyph 복원; 런타임 원문 검증 전. TERM: 버스피어·파스·도박장.,"<G02F2>いこまれた人たちは
どこへ<G0026><G0026>？",SUPPORTED,"0026,02F2",NONE,
SCN_01070401_00740000_0058,SCENARIO,scenario_message,DATA/01070401.MDZ,DATA/01070401.MDT,0x00740000,01070401,57,0x003f2501,0x003f24fc,c4 21 c4 3d f0 26 f0 c5 eb 46 46 0d ff 00,ア、アルフィナ……,"알, 알피나……",UNASSIGNED,アルフィナ,"[{""offset"":-5,""raw_hex"":""02 0e 00 0c 00"",""kind"":""MESSAGE_HEADER"",""opcode"":2,""argument"":12},{""offset"":11,""raw_hex"":""0d ff 00"",""kind"":""MESSAGE_END""}]",REVIEW_1,NO,CHARACTER_GUIDE v0.1 적용. context-v1 복원 원문 1차 번역.,SUPPORTED: structured scenario command; header FACE slot maps to face_alfina_01; runtime display not yet checked. PROVEN: byte-identical source command exists at the same path and offsets on Disc 2. SUPPORTED: context-v1 glyph 복원; 런타임 원문 검증 전. TERM: 버스피어·파스·도박장.,ア<G0001>アルフィナ<G0026><G0026>,SUPPORTED,"0001,0026",NONE,
SCN_01070401_00740000_0059,SCENARIO,scenario_message,DATA/01070401.MDZ,DATA/01070401.MDT,0x00740000,01070401,58,0x003f25cb,0x003f25c6,9b 21 9b 79 77 79 5b f1 5b f0 44 0d ff 00,ど、どういう意味？,"무, 무슨 뜻이야?",UNASSIGNED,ユウキ,"[{""offset"":-5,""raw_hex"":""02 0e 00 0b 00"",""kind"":""MESSAGE_HEADER"",""opcode"":2,""argument"":11},{""offset"":11,""raw_hex"":""0d ff 00"",""kind"":""MESSAGE_END""}]",REVIEW_1,NO,CHARACTER_GUIDE v0.1 적용. context-v1 복원 원문 1차 번역.,SUPPORTED: structured scenario command; header FACE slot maps to face_yuuki_12; runtime display not yet checked. PROVEN: byte-identical source command exists at the same path and offsets on Disc 2. SUPPORTED: context-v1 glyph 복원; 런타임 원문 검증 전. TERM: 버스피어·파스·도박장.,ど<G0001>どういう意味？,SUPPORTED,0001,NONE,
SCN_01070401_00740000_0060,SCENARIO,scenario_message,DATA/01070401.MDZ,DATA/01070401.MDT,0x00740000,01070401,59,0x003f282d,0x003f2828,79 95 21 90 21 90 be a1 46 46 0d ff 00,うっ、そ、それは……,"윽, 그, 그건……",UNASSIGNED,ユウキ,"[{""offset"":-5,""raw_hex"":""02 0e 00 06 00"",""kind"":""MESSAGE_HEADER"",""opcode"":2,""argument"":6},{""offset"":10,""raw_hex"":""0d ff 00"",""kind"":""MESSAGE_END""}]",REVIEW_1,NO,CHARACTER_GUIDE v0.1 적용. context-v1 복원 원문 1차 번역.,SUPPORTED: structured scenario command; header FACE slot maps to face_yuuki_07; runtime display not yet checked. PROVEN: byte-identical source command exists at the same path and offsets on Disc 2. SUPPORTED: context-v1 glyph 복원; 런타임 원문 검증 전. TERM: 버스피어·파스·도박장.,うっ<G0001>そ<G0001>それは<G0026><G0026>,SUPPORTED,"0001,0026",NONE,
SCN_01070401_00740000_0061,SCENARIO,scenario_message,DATA/01070401.MDZ,DATA/01070401.MDT,0x00740000,01070401,60,0x003f288f,0x003f288a,94 21 94 7f 79 88 43 21 75 be a1 08 77 95 8a b9 9d bc f2 95 98 92 30 f0 3b f0 3a f0 e2 7f 08 56 f1 8c 81 92 8e 77 99 46 46 41 0d ff 00,"ち、ちがうさ！、あれは
いっしょに乗ってたミランダが
重すぎたせいで……！","아, 아니야! 그건
같이 타고 있던 미란다가
너무 무거웠기 때문에……!",UNASSIGNED,ユウキ,"[{""offset"":-5,""raw_hex"":""02 0e 00 07 00"",""kind"":""MESSAGE_HEADER"",""opcode"":2,""argument"":7},{""offset"":11,""raw_hex"":""08"",""kind"":""LINE_BREAK""},{""offset"":30,""raw_hex"":""08"",""kind"":""LINE_BREAK""},{""offset"":42,""raw_hex"":""0d ff 00"",""kind"":""MESSAGE_END""}]",REVIEW_1,NO,CHARACTER_GUIDE v0.1 적용. context-v1 복원 원문 1차 번역.,SUPPORTED: structured scenario command; header FACE slot maps to face_yuuki_08; runtime display not yet checked. PROVEN: byte-identical source command exists at the same path and offsets on Disc 2. SUPPORTED: context-v1 glyph 복원; 런타임 원문 검증 전. TERM: 버스피어·파스·도박장.,"ち<G0001>ちがうさ！<G0001>あれは
いっしょに乗ってたミランダが
重すぎたせいで<G0026><G0026><G0021>",SUPPORTED,"0001,0021,0026",NONE,
SCN_01070401_00740000_0063,SCENARIO,scenario_message,DATA/01070401.MDZ,DATA/01070401.MDT,0x00740000,01070401,62,0x003f2916,0x003f2911,a1 e4 21 a1 a4 e4 43 21 7d b7 f0 88 b0 43 0d ff 00,はッ、はひッ！、お母さま！,"네, 넵! 어머니!",UNASSIGNED,ユウキ,"[{""offset"":-5,""raw_hex"":""02 0e 00 06 00"",""kind"":""MESSAGE_HEADER"",""opcode"":2,""argument"":6},{""offset"":14,""raw_hex"":""0d ff 00"",""kind"":""MESSAGE_END""}]",REVIEW_1,NO,CHARACTER_GUIDE v0.1 적용. context-v1 복원 원문 1차 번역.,SUPPORTED: structured scenario command; header FACE slot maps to face_yuuki_07; runtime display not yet checked. PROVEN: byte-identical source command exists at the same path and offsets on Disc 2. SUPPORTED: context-v1 glyph 복원; 런타임 원문 검증 전. TERM: 버스피어·파스·도박장.,はッ<G0001>はひッ！<G0001>お<G0167>さま！,SUPPORTED,"0001,0167",NONE,
SCN_01070401_00740000_0065,SCENARIO,scenario_message,DATA/01070401.MDZ,DATA/01070401.MDT,0x00740000,01070401,64,0x003f2a4c,0x003f2a47,63 f0 c0 8e 98 82 be 95 41 0d ff 00,会わせてくれっ！,만나게 해 줘!,UNASSIGNED,ユウキ,"[{""offset"":-5,""raw_hex"":""02 0e 00 04 00"",""kind"":""MESSAGE_HEADER"",""opcode"":2,""argument"":4},{""offset"":9,""raw_hex"":""0d ff 00"",""kind"":""MESSAGE_END""}]",REVIEW_1,NO,CHARACTER_GUIDE v0.1 적용. context-v1 복원 원문 1차 번역.,SUPPORTED: structured scenario command; header FACE slot maps to face_yuuki_05; runtime display not yet checked. PROVEN: byte-identical source command exists at the same path and offsets on Disc 2. SUPPORTED: context-v1 glyph 복원; 런타임 원문 검증 전. TERM: 버스피어·파스·도박장.,<G0113>わせてくれっ<G0021>,SUPPORTED,"0021,0113",NONE,
SCN_01070401_00740000_0066,SCENARIO,scenario_message,DATA/01070401.MDZ,DATA/01070401.MDT,0x00740000,01070401,65,0x003f2a7f,0x003f2a7a,d9 36 f0 30 f0 e4 e9 a1 46 46 08 cc 3e f0 a0 75 86 7f be 9c c2 93 43 08 93 7e bb 46 46 21 82 f2 b2 95 41 0d ff 00,"シュミットは……
オレのあこがれなんだ！
だから……、頼むっ！","슈미트는……
내 동경의 대상이야!
그러니까…… 부탁이야!",UNASSIGNED,ユウキ,"[{""offset"":-5,""raw_hex"":""02 0e 00 07 00"",""kind"":""MESSAGE_HEADER"",""opcode"":2,""argument"":7},{""offset"":10,""raw_hex"":""08"",""kind"":""LINE_BREAK""},{""offset"":23,""raw_hex"":""08"",""kind"":""LINE_BREAK""},{""offset"":35,""raw_hex"":""0d ff 00"",""kind"":""MESSAGE_END""}]",REVIEW_1,NO,CHARACTER_GUIDE v0.1 적용. context-v1 복원 원문 1차 번역.,SUPPORTED: structured scenario command; header FACE slot maps to face_yuuki_08; runtime display not yet checked. PROVEN: byte-identical source command exists at the same path and offsets on Disc 2. SUPPORTED: context-v1 glyph 복원; 런타임 원문 검증 전. TERM: 버스피어·파스·도박장.,"シュミットは<G0026><G0026>
オレのあこがれなんだ！
だから<G0026><G0026><G0001>頼むっ<G0021>",SUPPORTED,"0001,0021,0026",NONE,
SCN_01070401_00740000_0067,SCENARIO,scenario_message,DATA/01070401.MDZ,DATA/01070401.MDT,0x00740000,01070401,66,0x003f2aff,0x003f2afa,cc 3e f0 21 9b 79 8a 98 b4 08 d9 36 f0 30 f0 e4 e9 9d 63 f0 77 92 77 c2 93 43 08 82 f2 b2 46 46 43 0d ff 00,"オレ、どうしても
シュミットに会いたいんだ！
頼む……！","나, 어떻게 해서든
슈미트를 만나고 싶어!
부탁이야……!",UNASSIGNED,ユウキ,"[{""offset"":-5,""raw_hex"":""02 0e 00 07 00"",""kind"":""MESSAGE_HEADER"",""opcode"":2,""argument"":7},{""offset"":9,""raw_hex"":""08"",""kind"":""LINE_BREAK""},{""offset"":26,""raw_hex"":""08"",""kind"":""LINE_BREAK""},{""offset"":33,""raw_hex"":""0d ff 00"",""kind"":""MESSAGE_END""}]",REVIEW_1,NO,CHARACTER_GUIDE v0.1 적용. context-v1 복원 원문 1차 번역.,SUPPORTED: structured scenario command; header FACE slot maps to face_yuuki_08; runtime display not yet checked. PROVEN: byte-identical source command exists at the same path and offsets on Disc 2. SUPPORTED: context-v1 glyph 복원; 런타임 원문 검증 전. TERM: 버스피어·파스·도박장.,"オレ<G0001>どうしても
シュミットに<G0113>いたいんだ！
頼む<G0026><G0026>！",SUPPORTED,"0001,0026,0113",NONE,
SCN_01070401_00740000_0068,SCENARIO,scenario_message,DATA/01070401.MDZ,DATA/01070401.MDT,0x00740000,01070401,67,0x003f2c95,0x003f2c90,77 ba 77 ba 21 32 f0 3a f0 e8 c5 9d 7d f5 4a f2 7e 74 08 63 f0 7b bd 7e 9c 21 d9 36 f0 30 f0 e4 e9 9d 0d ff 00,"いよいよ、メンディに到着かぁ
会えるかな、シュミットに","드디어 멘디에 도착하는 건가
슈미트를 만날 수 있을까?",UNASSIGNED,ユウキ,"[{""offset"":-5,""raw_hex"":""02 0e 00 02 00"",""kind"":""MESSAGE_HEADER"",""opcode"":2,""argument"":2},{""offset"":18,""raw_hex"":""08"",""kind"":""LINE_BREAK""},{""offset"":34,""raw_hex"":""0d ff 00"",""kind"":""MESSAGE_END""}]",REVIEW_1,NO,CHARACTER_GUIDE v0.1 적용. context-v1 복원 원문 1차 번역.,SUPPORTED: structured scenario command; header FACE slot maps to face_yuuki_03; runtime display not yet checked. PROVEN: byte-identical source command exists at the same path and offsets on Disc 2. SUPPORTED: context-v1 glyph 복원; 런타임 원문 검증 전. TERM: 버스피어·파스·도박장.,"いよいよ<G0001>メンディに<G053D>着か<G0054>
<G0113>えるかな<G0001>シュミットに",SUPPORTED,"0001,0054,0113,053D",NONE,
SCN_01070401_00740000_0069,SCENARIO,scenario_message,DATA/01070401.MDZ,DATA/01070401.MDT,0x00740000,01070401,68,0x003f2cee,0x003f2ce9,75 75 43 21 2a f1 e2 f4 a0 49 f1 42 f1 a5 f1 88 43 0d ff 00,ああ！、伝説の飛行王さ！,그래! 전설의 비행왕이야!,UNASSIGNED,ユウキ,"[{""offset"":-5,""raw_hex"":""02 0e 00 0a 00"",""kind"":""MESSAGE_HEADER"",""opcode"":2,""argument"":10},{""offset"":17,""raw_hex"":""0d ff 00"",""kind"":""MESSAGE_END""}]",REVIEW_1,NO,CHARACTER_GUIDE v0.1 적용. context-v1 복원 원문 1차 번역.,SUPPORTED: structured scenario command; header FACE slot maps to face_yuuki_11; runtime display not yet checked. PROVEN: byte-identical source command exists at the same path and offsets on Disc 2. SUPPORTED: context-v1 glyph 복원; 런타임 원문 검증 전. TERM: 버스피어·파스·도박장.,ああ！<G0001>伝説の飛行王さ！,SUPPORTED,0001,NONE,
SCN_01070401_00740000_0070,SCENARIO,scenario_message,DATA/01070401.MDZ,DATA/01070401.MDT,0x00740000,01070401,69,0x003f2d22,0x003f2d1d,c4 3d f0 26 f0 c5 eb a0 86 9a 8a 7e 08 75 a0 9a 80 a1 44 f4 7b bb be 9c 7e 95 92 08 cc 3e f0 7f a9 f4 84 9c 80 b5 95 98 08 90 be 93 84 8a 7e 46 46 0d ff 00,"アルフィナのことしか
あのときは考えられなかった
オレが助けなきゃって
それだけしか……","그때는 알피나 생각밖에
할 수 없었어
내가 구해야 한다는
생각밖에는……",UNASSIGNED,ユウキ,"[{""offset"":-5,""raw_hex"":""02 0e 00 01 00"",""kind"":""MESSAGE_HEADER"",""opcode"":2,""argument"":1},{""offset"":12,""raw_hex"":""08"",""kind"":""LINE_BREAK""},{""offset"":27,""raw_hex"":""08"",""kind"":""LINE_BREAK""},{""offset"":40,""raw_hex"":""08"",""kind"":""LINE_BREAK""},{""offset"":49,""raw_hex"":""0d ff 00"",""kind"":""MESSAGE_END""}]",REVIEW_1,NO,CHARACTER_GUIDE v0.1 적용. context-v1 복원 원문 1차 번역.,SUPPORTED: structured scenario command; header FACE slot maps to face_yuuki_02; runtime display not yet checked. PROVEN: byte-identical source command exists at the same path and offsets on Disc 2. SUPPORTED: context-v1 glyph 복원; 런타임 원문 검증 전. TERM: 버스피어·파스·도박장.,"アルフィナのことしか
あのときは考えられなかった
オレが<G0499>けなきゃって
それだけしか<G0026><G0026>",SUPPORTED,"0026,0499",NONE,
SCN_01070401_00740000_0072,SCENARIO,scenario_message,DATA/01070401.MDZ,DATA/01070401.MDT,0x00740000,01070401,71,0x003f2e31,0x003f2e2c,c4 3d f0 26 f0 c5 eb a1 08 6a f2 a0 2f f3 84 7f bb 93 95 98 77 95 92 84 9b 08 92 8a 7e 9d 90 c2 9c 9c f3 8b 93 95 92 ba 0d ff 00,"アルフィナは
命の歩けがらだっていったけど
たしかにそんな感じだったよ","알피나는
생명의 껍데기라고 했지만
정말 그런 느낌이었어.",UNASSIGNED,ユウキ,"[{""offset"":-5,""raw_hex"":""02 0e 00 01 00"",""kind"":""MESSAGE_HEADER"",""opcode"":2,""argument"":1},{""offset"":8,""raw_hex"":""08"",""kind"":""LINE_BREAK""},{""offset"":25,""raw_hex"":""08"",""kind"":""LINE_BREAK""},{""offset"":40,""raw_hex"":""0d ff 00"",""kind"":""MESSAGE_END""}]",REVIEW_1,NO,CHARACTER_GUIDE v0.1 적용. context-v1 복원 원문 1차 번역.,SUPPORTED: structured scenario command; header FACE slot maps to face_yuuki_02; runtime display not yet checked. PROVEN: byte-identical source command exists at the same path and offsets on Disc 2. SUPPORTED: context-v1 glyph 복원; 런타임 원문 검증 전. TERM: 버스피어·파스·도박장.,"アルフィナは
命の<G034F>けがらだっていったけど
たしかにそんな感じだったよ",SUPPORTED,034F,NONE,
SCN_01070401_00740000_0073,SCENARIO,scenario_message,DATA/01070401.MDZ,DATA/01070401.MDT,0x00740000,01070401,72,0x003f2e99,0x003f2e94,9a 98 b4 80 be 77 99 08 99 b4 21 9b 86 7e ac f5 8a 77 46 46 08 90 c2 9c 6a f2 a0 9c 77 eb f2 97 f2 93 95 92 c2 93 0d ff 00,"とてもきれいで
でも、どこか悲しい……
そんな命のない世界だったんだ","아주 아름답지만
어딘가 슬픈……
그런 생명 없는 세계였어.",UNASSIGNED,ユウキ,"[{""offset"":-5,""raw_hex"":""02 0e 00 01 00"",""kind"":""MESSAGE_HEADER"",""opcode"":2,""argument"":1},{""offset"":7,""raw_hex"":""08"",""kind"":""LINE_BREAK""},{""offset"":20,""raw_hex"":""08"",""kind"":""LINE_BREAK""},{""offset"":38,""raw_hex"":""0d ff 00"",""kind"":""MESSAGE_END""}]",REVIEW_1,NO,CHARACTER_GUIDE v0.1 적용. context-v1 복원 원문 1차 번역.,SUPPORTED: structured scenario command; header FACE slot maps to face_yuuki_02; runtime display not yet checked. PROVEN: byte-identical source command exists at the same path and offsets on Disc 2. SUPPORTED: context-v1 glyph 복원; 런타임 원문 검증 전. TERM: 버스피어·파스·도박장.,"とてもきれいで
でも<G0001>どこか悲しい<G0026><G0026>
そんな命のない世界だったんだ",SUPPORTED,"0001,0026",NONE,
SCN_01070401_00740000_0074,SCENARIO,scenario_message,DATA/01070401.MDZ,DATA/01070401.MDT,0x00740000,01070401,73,0x003f2ee2,0x003f2edd,75 a0 59 f1 a1 92 95 92 a4 9a bc 99 08 c1 f1 80 98 bd a0 7e 9c 08 6a f2 a0 9c 77 75 a0 eb f2 97 f2 99 46 46 0d ff 00,"あの子はたったひとりで
生きてるのかな
命のないあの世界で……","그 애는 혼자서
살고 있는 걸까
생명 없는 그 세계에서……",UNASSIGNED,ユウキ,"[{""offset"":-5,""raw_hex"":""02 0e 00 01 00"",""kind"":""MESSAGE_HEADER"",""opcode"":2,""argument"":1},{""offset"":12,""raw_hex"":""08"",""kind"":""LINE_BREAK""},{""offset"":21,""raw_hex"":""08"",""kind"":""LINE_BREAK""},{""offset"":36,""raw_hex"":""0d ff 00"",""kind"":""MESSAGE_END""}]",REVIEW_1,NO,CHARACTER_GUIDE v0.1 적용. context-v1 복원 원문 1차 번역.,SUPPORTED: structured scenario command; header FACE slot maps to face_yuuki_02; runtime display not yet checked. PROVEN: byte-identical source command exists at the same path and offsets on Disc 2. SUPPORTED: context-v1 glyph 복원; 런타임 원문 검증 전. TERM: 버스피어·파스·도박장.,"あの子はたったひとりで
生きてるのかな
命のないあの世界で<G0026><G0026>",SUPPORTED,0026,NONE,
SCN_01070401_00740000_0076,SCENARIO,scenario_message,DATA/01070401.MDZ,DATA/01070401.MDT,0x00740000,01070401,75,0x003f2fca,0x003f2fc5,7b f5 7b a1 80 95 9a a1 f0 96 7e bd 43 08 d8 f0 8a 9d 77 86 79 21 c4 3d f0 26 f0 c5 eb 43 0d ff 00,"答えはきっと見つかる！
探しにいこう、アルフィナ！","답은 분명 찾을 수 있어!
찾으러 가자, 알피나!",UNASSIGNED,ユウキ,"[{""offset"":-5,""raw_hex"":""02 0e 00 0a 00"",""kind"":""MESSAGE_HEADER"",""opcode"":2,""argument"":10},{""offset"":13,""raw_hex"":""08"",""kind"":""LINE_BREAK""},{""offset"":30,""raw_hex"":""0d ff 00"",""kind"":""MESSAGE_END""}]",REVIEW_1,NO,CHARACTER_GUIDE v0.1 적용. context-v1 복원 원문 1차 번역.,SUPPORTED: structured scenario command; header FACE slot maps to face_yuuki_11; runtime display not yet checked. PROVEN: byte-identical source command exists at the same path and offsets on Disc 2. SUPPORTED: context-v1 glyph 복원; 런타임 원문 검증 전. TERM: 버스피어·파스·도박장.,"<G053B>えはきっと見つかる！
<G0188>しにいこう<G0001>アルフィナ！",SUPPORTED,"0001,0188,053B",NONE,
SCN_01070401_00740000_0078,SCENARIO,scenario_message,DATA/01070401.MDZ,DATA/01070401.MDT,0x00740000,01070401,77,0x003f31c4,0x003f31bf,6a f2 c1 9c f3 8b 9c 77 eb f2 97 f2 93 95 92 c2 93 08 9a 98 b4 80 be 77 9c c2 93 84 9b 08 9b 86 7e ac f5 8a 77 46 46 0d ff 00,"命を感じない世界だったんだ
とてもきれいなんだけど
どこか悲しい……","생명이 느껴지지 않는 세계였어
아주 아름답지만
어딘가 슬퍼……",UNASSIGNED,ユウキ,"[{""offset"":-5,""raw_hex"":""02 0e 00 01 00"",""kind"":""MESSAGE_HEADER"",""opcode"":2,""argument"":1},{""offset"":17,""raw_hex"":""08"",""kind"":""LINE_BREAK""},{""offset"":29,""raw_hex"":""08"",""kind"":""LINE_BREAK""},{""offset"":39,""raw_hex"":""0d ff 00"",""kind"":""MESSAGE_END""}]",REVIEW_1,NO,CHARACTER_GUIDE v0.1 적용. context-v1 복원 원문 1차 번역.,SUPPORTED: structured scenario command; header FACE slot maps to face_yuuki_02; runtime display not yet checked. PROVEN: byte-identical source command exists at the same path and offsets on Disc 2. SUPPORTED: context-v1 glyph 복원; 런타임 원문 검증 전. TERM: 버스피어·파스·도박장.,"命を感じない世界だったんだ
とてもきれいなんだけど
どこか悲しい<G0026><G0026>",SUPPORTED,0026,NONE,
SCN_01070401_00740000_0079,SCENARIO,scenario_message,DATA/01070401.MDZ,DATA/01070401.MDT,0x00740000,01070401,78,0x003f3491,0x003f348c,7b 95 46 46 44 08 9c 9d 21 c8 f2 c2 93 44 0d ff 00,"えっ……？
なに、呼んだ？","어……?
뭐야, 불렀어?",UNASSIGNED,ミランダ,"[{""offset"":-5,""raw_hex"":""22 0e 00 1d 00"",""kind"":""MESSAGE_HEADER"",""opcode"":34,""argument"":29},{""offset"":5,""raw_hex"":""08"",""kind"":""LINE_BREAK""},{""offset"":14,""raw_hex"":""0d ff 00"",""kind"":""MESSAGE_END""}]",REVIEW_1,NO,CHARACTER_GUIDE v0.1 적용. context-v1 복원 원문 1차 번역.,SUPPORTED: structured scenario command; header FACE slot maps to face_miranda_04; runtime display not yet checked. PROVEN: byte-identical source command exists at the same path and offsets on Disc 2. SUPPORTED: context-v1 glyph 복원; 런타임 원문 검증 전. TERM: 버스피어·파스·도박장.,"えっ<G0026><G0026>？
なに<G0001>呼んだ？",SUPPORTED,"0001,0026",NONE,
SCN_01070401_00740000_0080,SCENARIO,scenario_message,DATA/01070401.MDZ,DATA/01070401.MDT,0x00740000,01070401,79,0x003f34df,0x003f34da,37 f0 c8 cf 46 46 08 75 c2 92 21 b6 95 a3 bc 46 46 0d ff 00,"ユウキ……
あんた、やっぱり……","유키……
너, 역시……",UNASSIGNED,アロンソ,"[{""offset"":-5,""raw_hex"":""22 0e 00 23 00"",""kind"":""MESSAGE_HEADER"",""opcode"":34,""argument"":35},{""offset"":6,""raw_hex"":""08"",""kind"":""LINE_BREAK""},{""offset"":17,""raw_hex"":""0d ff 00"",""kind"":""MESSAGE_END""}]",REVIEW_1,NO,CHARACTER_GUIDE v0.1 적용. context-v1 복원 원문 1차 번역.,SUPPORTED: structured scenario command; header FACE slot maps to face_alonso_02; runtime display not yet checked. PROVEN: byte-identical source command exists at the same path and offsets on Disc 2. SUPPORTED: context-v1 glyph 복원; 런타임 원문 검증 전. TERM: 버스피어·파스·도박장.,"ユウキ<G0026><G0026>
あんた<G0001>やっ<G0083>り<G0026><G0026>",SUPPORTED,"0001,0026,0083",NONE,
SCN_01070401_00740000_0081,SCENARIO,scenario_message,DATA/01070401.MDZ,DATA/01070401.MDT,0x00740000,01070401,80,0x003f37ac,0x003f37a7,75 75 21 95 f5 dc f2 9d 5b f2 7f 75 bd 08 db f0 5c f1 a1 9f 46 46 0d ff 00,"ああ、背中に羽がある
以外はね……","그래, 등에 날개가 있다는
것 말고는……",UNASSIGNED,ユウキ,"[{""offset"":-5,""raw_hex"":""02 0e 00 01 00"",""kind"":""MESSAGE_HEADER"",""opcode"":2,""argument"":1},{""offset"":13,""raw_hex"":""08"",""kind"":""LINE_BREAK""},{""offset"":22,""raw_hex"":""0d ff 00"",""kind"":""MESSAGE_END""}]",REVIEW_1,NO,CHARACTER_GUIDE v0.1 적용. context-v1 복원 원문 1차 번역.,SUPPORTED: structured scenario command; header FACE slot maps to face_yuuki_02; runtime display not yet checked. PROVEN: byte-identical source command exists at the same path and offsets on Disc 2. SUPPORTED: context-v1 glyph 복원; 런타임 원문 검증 전. TERM: 버스피어·파스·도박장.,"ああ<G0001><G0555>中に羽がある
<G018B><G01DC>はね<G0026><G0026>",SUPPORTED,"0001,0026,018B,01DC",SUPPORTED,0555
SCN_01070401_00740000_0082,SCENARIO,scenario_message,DATA/01070401.MDZ,DATA/01070401.MDT,0x00740000,01070401,81,0x003f389c,0x003f3897,b0 93 21 47 f1 82 9c 77 c2 93 46 46 08 90 79 93 9c 21 4d f4 84 f2 a1 b4 79 af f5 be 92 ba 0d ff 00,"まだ、眠くないんだ……
そうだな、あ日はもう疲れたよ","아직 졸리지 않아……
그래, 오늘은 이제 지쳤어.",UNASSIGNED,ユウキ,"[{""offset"":-5,""raw_hex"":""02 0e 00 01 00"",""kind"":""MESSAGE_HEADER"",""opcode"":2,""argument"":1},{""offset"":12,""raw_hex"":""08"",""kind"":""LINE_BREAK""},{""offset"":30,""raw_hex"":""0d ff 00"",""kind"":""MESSAGE_END""}]",REVIEW_1,NO,CHARACTER_GUIDE v0.1 적용. context-v1 복원 원문 1차 번역.,SUPPORTED: structured scenario command; header FACE slot maps to face_yuuki_02; runtime display not yet checked. PROVEN: byte-identical source command exists at the same path and offsets on Disc 2. SUPPORTED: context-v1 glyph 복원; 런타임 원문 검증 전. TERM: 버스피어·파스·도박장.,"まだ<G0001>眠くないんだ<G0026><G0026>
そうだな<G0001><G043D><G02D4>はもう<G056F>れたよ",SUPPORTED,"0001,0026,02D4,043D,056F",NONE,
SCN_01070401_00740000_0083,SCENARIO,scenario_message,DATA/01070401.MDZ,DATA/01070401.MDT,0x00740000,01070401,82,0x003f3987,0x003f3982,c2 45 21 4d f4 84 f2 95 98 08 93 be 7e a0 42 f5 c1 f1 84 f2 9a 7e 93 95 84 44 0d ff 00,"ん〜、あ日って
だれかの誕生日とかだっけ？","으음~ 오늘이
누군가의 생일 같은 날이던가?",UNASSIGNED,ユウキ,"[{""offset"":-5,""raw_hex"":""02 0e 00 0b 00"",""kind"":""MESSAGE_HEADER"",""opcode"":2,""argument"":11},{""offset"":9,""raw_hex"":""08"",""kind"":""LINE_BREAK""},{""offset"":26,""raw_hex"":""0d ff 00"",""kind"":""MESSAGE_END""}]",REVIEW_1,NO,CHARACTER_GUIDE v0.1 적용. context-v1 복원 원문 1차 번역.,SUPPORTED: structured scenario command; header FACE slot maps to face_yuuki_12; runtime display not yet checked. PROVEN: byte-identical source command exists at the same path and offsets on Disc 2. SUPPORTED: context-v1 glyph 복원; 런타임 원문 검증 전. TERM: 버스피어·파스·도박장.,"ん〜<G0001><G043D><G02D4>って
だれかの<G0502>生<G02D4>とかだっけ？",SUPPORTED,"0001,02D4,043D,0502",NONE,
SCN_01070401_00740000_0085,SCENARIO,scenario_message,DATA/01070401.MDZ,DATA/01070401.MDT,0x00740000,01070401,84,0x003f3a06,0x003f3a01,77 21 77 b6 43 08 90 c2 9c 86 9a 9c 77 84 9b 0d ff 00,"い、いや！
そんなことないけど","아, 아니야!
그런 건 아니지만.",UNASSIGNED,ユウキ,"[{""offset"":-5,""raw_hex"":""02 0e 00 08 00"",""kind"":""MESSAGE_HEADER"",""opcode"":2,""argument"":8},{""offset"":5,""raw_hex"":""08"",""kind"":""LINE_BREAK""},{""offset"":15,""raw_hex"":""0d ff 00"",""kind"":""MESSAGE_END""}]",REVIEW_1,NO,CHARACTER_GUIDE v0.1 적용. context-v1 복원 원문 1차 번역.,SUPPORTED: structured scenario command; header FACE slot maps to face_yuuki_09; runtime display not yet checked. PROVEN: byte-identical source command exists at the same path and offsets on Disc 2. SUPPORTED: context-v1 glyph 복원; 런타임 원문 검증 전. TERM: 버스피어·파스·도박장.,"い<G0001>いや！
そんなことないけど",SUPPORTED,0001,NONE,
SCN_01070401_00740000_0086,SCENARIO,scenario_message,DATA/01070401.MDZ,DATA/01070401.MDT,0x00740000,01070401,85,0x003f3a5b,0x003f3a56,7b 95 46 46 44 0d ff 00,えっ……？,어……?,UNASSIGNED,ユウキ,"[{""offset"":-5,""raw_hex"":""02 0e 00 01 00"",""kind"":""MESSAGE_HEADER"",""opcode"":2,""argument"":1},{""offset"":5,""raw_hex"":""0d ff 00"",""kind"":""MESSAGE_END""}]",REVIEW_1,NO,CHARACTER_GUIDE v0.1 적용. context-v1 복원 원문 1차 번역.,SUPPORTED: structured scenario command; header FACE slot maps to face_yuuki_02; runtime display not yet checked. PROVEN: byte-identical source command exists at the same path and offsets on Disc 2. SUPPORTED: context-v1 glyph 복원; 런타임 원문 검증 전. TERM: 버스피어·파스·도박장.,えっ<G0026><G0026>？,SUPPORTED,0026,NONE,
SCN_01070401_00740000_0087,SCENARIO,scenario_message,DATA/01070401.MDZ,DATA/01070401.MDT,0x00740000,01070401,86,0x003f3abd,0x003f3ab8,cd f2 ce f5 9c 84 f2 9d 9c bd 95 98 08 9b 79 77 79 5b f1 5b f0 21 c4 3f f0 3a f0 df 44 0d ff 00,"特別な日になるって
どういう意味、アロンソ？","특별한 날이 된다는 게
무슨 뜻이야, 알론소?",UNASSIGNED,ユウキ,"[{""offset"":-5,""raw_hex"":""02 0e 00 01 00"",""kind"":""MESSAGE_HEADER"",""opcode"":2,""argument"":1},{""offset"":12,""raw_hex"":""08"",""kind"":""LINE_BREAK""},{""offset"":29,""raw_hex"":""0d ff 00"",""kind"":""MESSAGE_END""}]",REVIEW_1,NO,CHARACTER_GUIDE v0.1 적용. context-v1 복원 원문 1차 번역.,SUPPORTED: structured scenario command; header FACE slot maps to face_yuuki_02; runtime display not yet checked. PROVEN: byte-identical source command exists at the same path and offsets on Disc 2. SUPPORTED: context-v1 glyph 복원; 런타임 원문 검증 전. TERM: 버스피어·파스·도박장.,"特別な<G02D4>になるって
どういう意味<G0001>アロンソ？",SUPPORTED,"0001,02D4",NONE,
SCN_01070401_00740000_0088,SCENARIO,scenario_message,DATA/01070401.MDZ,DATA/01070401.MDT,0x00740000,01070401,87,0x003f3b19,0x003f3b14,79 45 c2 21 90 79 77 c0 be bd 9a 08 ba 84 77 9d bb f0 9d 9c bd 46 46 0d ff 00,"う〜ん、そういわれると
よけいに気になる……","으음, 그렇게 말하니까
더 신경 쓰이는데……",UNASSIGNED,ユウキ,"[{""offset"":-5,""raw_hex"":""02 0e 00 0b 00"",""kind"":""MESSAGE_HEADER"",""opcode"":2,""argument"":11},{""offset"":11,""raw_hex"":""08"",""kind"":""LINE_BREAK""},{""offset"":23,""raw_hex"":""0d ff 00"",""kind"":""MESSAGE_END""}]",REVIEW_1,NO,CHARACTER_GUIDE v0.1 적용. context-v1 복원 원문 1차 번역.,SUPPORTED: structured scenario command; header FACE slot maps to face_yuuki_12; runtime display not yet checked. PROVEN: byte-identical source command exists at the same path and offsets on Disc 2. SUPPORTED: context-v1 glyph 복원; 런타임 원문 검증 전. TERM: 버스피어·파스·도박장.,"う〜ん<G0001>そういわれると
よけいに気になる<G0026><G0026>",SUPPORTED,"0001,0026",NONE,
SCN_01080701_00740000_0005,SCENARIO,scenario_message,DATA/01080701.MDZ,DATA/01080701.MDT,0x00740000,01080701,4,0x002c33ad,0x002c33a8,7d f0 7f 5d f0 c1 f2 9d 66 f0 77 94 b5 95 92 a0 ba 08 9c c2 7e 86 79 21 20 f3 bc 7f 32 f0 3b f0 32 f0 3b f0 9a 08 c0 77 98 80 94 b5 95 98 d7 0d ff 00,"手が自然に動いちゃったのよ
なんかこう、怒りがメラメラと
わいてきちゃってサ","손이 저절로 움직여 버렸어
뭐랄까, 화가 활활
솟아올라서 말이야.",UNASSIGNED,アロンソ,"[{""offset"":-5,""raw_hex"":""22 0e 00 24 00"",""kind"":""MESSAGE_HEADER"",""opcode"":34,""argument"":36},{""offset"":17,""raw_hex"":""08"",""kind"":""LINE_BREAK""},{""offset"":37,""raw_hex"":""08"",""kind"":""LINE_BREAK""},{""offset"":47,""raw_hex"":""0d ff 00"",""kind"":""MESSAGE_END""}]",REVIEW_1,NO,CHARACTER_GUIDE v0.1 적용. context-v1 복원 원문 1차 번역.,SUPPORTED: structured scenario command; header FACE slot maps to face_alonso_03; runtime display not yet checked. PROVEN: byte-identical source command exists at the same path and offsets on Disc 2. SUPPORTED: context-v1 glyph 복원; 런타임 원문 검증 전. TERM: 버스피어·파스·도박장.,"手が自然に動いちゃったのよ
なんかこう<G0001>怒りがメラメラと
わいてきちゃってサ",SUPPORTED,0001,NONE,
SCN_01080701_00740000_0006,SCENARIO,scenario_message,DATA/01080701.MDZ,DATA/01080701.MDT,0x00740000,01080701,5,0x002c33ee,0x002c33e9,9c 9d 77 95 92 c2 93 bf 08 c4 3f f0 3a f0 df 46 0d ff 00,"なにいったんだろ
アロンソ…","무슨 말을 한 걸까
알론소는…",UNASSIGNED,ユウキ,"[{""offset"":-5,""raw_hex"":""02 0e 00 08 00"",""kind"":""MESSAGE_HEADER"",""opcode"":2,""argument"":8},{""offset"":8,""raw_hex"":""08"",""kind"":""LINE_BREAK""},{""offset"":16,""raw_hex"":""0d ff 00"",""kind"":""MESSAGE_END""}]",REVIEW_1,NO,CHARACTER_GUIDE v0.1 적용. context-v1 복원 원문 1차 번역.,SUPPORTED: structured scenario command; header FACE slot maps to face_yuuki_09; runtime display not yet checked. PROVEN: byte-identical source command exists at the same path and offsets on Disc 2. SUPPORTED: context-v1 glyph 복원; 런타임 원문 검증 전. TERM: 버스피어·파스·도박장.,"なにいったんだろ
アロンソ<G0026>",SUPPORTED,0026,NONE,
SCN_01080701_00740000_0007,SCENARIO,scenario_message,DATA/01080701.MDZ,DATA/01080701.MDT,0x00740000,01080701,6,0x002c3489,0x002c3484,7d 95 21 e9 3b f0 27 f0 3d f0 a0 34 f6 9c f3 43 08 b6 95 a3 b5 f0 a1 21 86 79 99 9c 77 9a 9c 43 0d ff 00,"おっ、トラブルの予感！
やっぱ旅は、こうでないとな！","오, 사건의 예감!
역시 여행은 이래야지!",UNASSIGNED,ユウキ,"[{""offset"":-5,""raw_hex"":""02 0e 00 0a 00"",""kind"":""MESSAGE_HEADER"",""opcode"":2,""argument"":10},{""offset"":16,""raw_hex"":""08"",""kind"":""LINE_BREAK""},{""offset"":32,""raw_hex"":""0d ff 00"",""kind"":""MESSAGE_END""}]",REVIEW_1,NO,CHARACTER_GUIDE v0.1 적용. context-v1 복원 원문 1차 번역.,SUPPORTED: structured scenario command; header FACE slot maps to face_yuuki_11; runtime display not yet checked. PROVEN: byte-identical source command exists at the same path and offsets on Disc 2. SUPPORTED: context-v1 glyph 복원; 런타임 원문 검증 전. TERM: 버스피어·파스·도박장.,"おっ<G0001>トラブルの<G05C4>感！
やっ<G0083>旅は<G0001>こうでないとな！",SUPPORTED,"0001,0083,05C4",NONE,
SCN_01080701_00740000_0008,SCENARIO,scenario_message,DATA/01080701.MDZ,DATA/01080701.MDT,0x00740000,01080701,7,0x002c352e,0x002c3529,54 f1 8d f0 9d 7e b0 be 98 9c 80 b5 08 cc 3e f0 b4 90 79 a1 f1 95 92 7e b4 9c 46 0d ff 00,"最初にかまれてなきゃ
オレもそう思ったかもな…","처음에 물리지 않았더라면
나도 그렇게 생각했을지도 모르겠네…",UNASSIGNED,ユウキ,"[{""offset"":-5,""raw_hex"":""02 0e 00 08 00"",""kind"":""MESSAGE_HEADER"",""opcode"":2,""argument"":8},{""offset"":12,""raw_hex"":""08"",""kind"":""LINE_BREAK""},{""offset"":27,""raw_hex"":""0d ff 00"",""kind"":""MESSAGE_END""}]",REVIEW_1,NO,CHARACTER_GUIDE v0.1 적용. context-v1 복원 원문 1차 번역.,SUPPORTED: structured scenario command; header FACE slot maps to face_yuuki_09; runtime display not yet checked. PROVEN: byte-identical source command exists at the same path and offsets on Disc 2. SUPPORTED: context-v1 glyph 복원; 런타임 원문 검증 전. TERM: 버스피어·파스·도박장.,"<G01D4>初にかまれてなきゃ
オレもそう思ったかもな<G0026>",SUPPORTED,"0026,01D4",NONE,
SCN_01080701_00740000_0011,SCENARIO,scenario_message,DATA/01080701.MDZ,DATA/01080701.MDT,0x00740000,01080701,10,0x002c36d0,0x002c36cb,bb f3 9d 88 f0 8a 94 b5 08 35 f0 21 f0 77 95 98 21 c4 3e f0 43 0d ff 00,"客に出しちゃ
ヤバいって、アレ！","손님에게 내놓으면
큰일 난다고, 저건!",UNASSIGNED,ユウキ,"[{""offset"":-5,""raw_hex"":""02 0e 00 06 00"",""kind"":""MESSAGE_HEADER"",""opcode"":2,""argument"":6},{""offset"":8,""raw_hex"":""08"",""kind"":""LINE_BREAK""},{""offset"":21,""raw_hex"":""0d ff 00"",""kind"":""MESSAGE_END""}]",REVIEW_1,NO,CHARACTER_GUIDE v0.1 적용. context-v1 복원 원문 1차 번역.,SUPPORTED: structured scenario command; header FACE slot maps to face_yuuki_07; runtime display not yet checked. PROVEN: byte-identical source command exists at the same path and offsets on Disc 2. SUPPORTED: context-v1 glyph 복원; 런타임 원문 검증 전. TERM: 버스피어·파스·도박장.,"<G03DB>に出しちゃ
ヤバいって<G0001>アレ！",SUPPORTED,0001,SUPPORTED,03DB
SCN_01080701_00740000_0012,SCENARIO,scenario_message,DATA/01080701.MDZ,DATA/01080701.MDT,0x00740000,01080701,11,0x002c3702,0x002c36fd,d2 3f f0 e7 db d1 9c b4 a0 ad 9b 08 5c f3 5c f1 21 c3 f4 ab bd 9a 7d 77 8a 77 b4 a0 ba 08 b0 21 49 f6 44 f6 a0 3a f1 30 f5 95 98 35 f0 e5 44 0d ff 00,"グロテスクなものほど
意外、食べるとおいしいものよ
ま、料理の鉄則ってヤツ？","징그러운 것일수록
의외로 먹으면 맛있는 법이야
뭐, 요리의 철칙 같은 거지?",UNASSIGNED,ミランダ,"[{""offset"":-5,""raw_hex"":""22 0e 00 1e 00"",""kind"":""MESSAGE_HEADER"",""opcode"":34,""argument"":30},{""offset"":11,""raw_hex"":""08"",""kind"":""LINE_BREAK""},{""offset"":29,""raw_hex"":""08"",""kind"":""LINE_BREAK""},{""offset"":47,""raw_hex"":""0d ff 00"",""kind"":""MESSAGE_END""}]",REVIEW_1,NO,CHARACTER_GUIDE v0.1 적용. context-v1 복원 원문 1차 번역.,SUPPORTED: structured scenario command; header FACE slot maps to face_miranda_05; runtime display not yet checked. PROVEN: byte-identical source command exists at the same path and offsets on Disc 2. SUPPORTED: context-v1 glyph 복원; 런타임 원문 검증 전. TERM: 버스피어·파스·도박장.,"グロテスクなものほど
<G037C><G01DC><G0001>食べるとおいしいものよ
ま<G0001><G05D9><G05D4>の鉄<G04F0>ってヤツ？",SUPPORTED,"0001,01DC,037C,05D4,05D9",SUPPORTED,04F0
SCN_01080701_00740000_0013,SCENARIO,scenario_message,DATA/01080701.MDZ,DATA/01080701.MDT,0x00740000,01080701,12,0x002c3743,0x002c373e,cc 21 cc 3e f0 a1 08 ca 3a f0 3c f0 38 f0 8a 9a 82 ba 46 0d ff 00,"オ、オレは
エンリョしとくよ…","나, 나는
사양할게…",UNASSIGNED,ユウキ,"[{""offset"":-5,""raw_hex"":""02 0e 00 08 00"",""kind"":""MESSAGE_HEADER"",""opcode"":2,""argument"":8},{""offset"":6,""raw_hex"":""08"",""kind"":""LINE_BREAK""},{""offset"":19,""raw_hex"":""0d ff 00"",""kind"":""MESSAGE_END""}]",REVIEW_1,NO,CHARACTER_GUIDE v0.1 적용. context-v1 복원 원문 1차 번역.,SUPPORTED: structured scenario command; header FACE slot maps to face_yuuki_09; runtime display not yet checked. PROVEN: byte-identical source command exists at the same path and offsets on Disc 2. SUPPORTED: context-v1 glyph 복원; 런타임 원문 검증 전. TERM: 버스피어·파스·도박장.,"オ<G0001>オレは
エンリョしとくよ<G0026>",SUPPORTED,"0001,0026",NONE,
SCN_01080701_00740000_0014,SCENARIO,scenario_message,DATA/01080701.MDZ,DATA/01080701.MDT,0x00740000,01080701,13,0x002c37e1,0x002c37dc,93 77 8b b9 79 a8 44 08 8c 87 77 68 f0 8a 92 84 9b 46 0d ff 00,"だいじょうぶ？
すごい音したけど…","괜찮아?
엄청난 소리가 났는데…",UNASSIGNED,アルフィナ,"[{""offset"":-5,""raw_hex"":""02 0e 00 0c 00"",""kind"":""MESSAGE_HEADER"",""opcode"":2,""argument"":12},{""offset"":7,""raw_hex"":""08"",""kind"":""LINE_BREAK""},{""offset"":18,""raw_hex"":""0d ff 00"",""kind"":""MESSAGE_END""}]",REVIEW_1,NO,CHARACTER_GUIDE v0.1 적용. context-v1 복원 원문 1차 번역.,SUPPORTED: structured scenario command; header FACE slot maps to face_alfina_01; runtime display not yet checked. PROVEN: byte-identical source command exists at the same path and offsets on Disc 2. SUPPORTED: context-v1 glyph 복원; 런타임 원문 검증 전. TERM: 버스피어·파스·도박장.,"だいじょうぶ？
すごい音したけど<G0026>",SUPPORTED,0026,NONE,
SCN_01080701_00740000_0016,SCENARIO,scenario_message,DATA/01080701.MDZ,DATA/01080701.MDT,0x00740000,01080701,15,0x002c3aff,0x002c3afa,9c c2 93 46 21 86 86 9d 08 80 f3 7e 6a f5 bb be 98 92 a0 7e 46 44 0d ff 00,"なんだ…、ここに
何か貼られてたのか…？","뭐야… 여기에
뭔가 붙어 있었던 건가…?",UNASSIGNED,ユウキ,"[{""offset"":-5,""raw_hex"":""02 0e 00 0b 00"",""kind"":""MESSAGE_HEADER"",""opcode"":2,""argument"":11},{""offset"":8,""raw_hex"":""08"",""kind"":""LINE_BREAK""},{""offset"":22,""raw_hex"":""0d ff 00"",""kind"":""MESSAGE_END""}]",REVIEW_1,NO,CHARACTER_GUIDE v0.1 적용. context-v1 복원 원문 1차 번역.,SUPPORTED: structured scenario command; header FACE slot maps to face_yuuki_12; runtime display not yet checked. PROVEN: byte-identical source command exists at the same path and offsets on Disc 2. SUPPORTED: context-v1 glyph 복원; 런타임 원문 검증 전. TERM: 버스피어·파스·도박장.,"なんだ<G0026><G0001>ここに
何か貼られてたのか<G0026>？",SUPPORTED,"0001,0026",NONE,
SCN_01080701_00740000_0017,SCENARIO,scenario_message,DATA/01080701.MDZ,DATA/01080701.MDT,0x00740000,01080701,16,0x002c3b27,0x002c3b22,75 c2 92 21 86 c2 9c 9a 86 bf 99 08 80 f3 8a 98 c2 a0 43 08 75 a0 e7 3a f0 e9 9d df f0 82 42 f1 7e 9c 77 9a 08 75 77 96 9d 41 f1 85 bb be 94 b5 79 c0 ba 43 0d ff 00,"あんた、こんなところで
何してんの！
あのテントに早く行かないと
あいつに逃げられちゃうわよ！","너, 이런 데서
뭐 하는 거야!
얼른 저 텐트로 가지 않으면
그 녀석을 놓치겠어!",UNASSIGNED,アロンソ,"[{""offset"":-5,""raw_hex"":""22 0e 00 24 00"",""kind"":""MESSAGE_HEADER"",""opcode"":34,""argument"":36},{""offset"":11,""raw_hex"":""08"",""kind"":""LINE_BREAK""},{""offset"":19,""raw_hex"":""08"",""kind"":""LINE_BREAK""},{""offset"":36,""raw_hex"":""08"",""kind"":""LINE_BREAK""},{""offset"":52,""raw_hex"":""0d ff 00"",""kind"":""MESSAGE_END""}]",REVIEW_1,NO,CHARACTER_GUIDE v0.1 적용. context-v1 복원 원문 1차 번역.,SUPPORTED: structured scenario command; header FACE slot maps to face_alonso_03; runtime display not yet checked. PROVEN: byte-identical source command exists at the same path and offsets on Disc 2. SUPPORTED: context-v1 glyph 복원; 런타임 원문 검증 전. TERM: 버스피어·파스·도박장.,"あんた<G0001>こんなところで
何してんの！
あのテントに早く行かないと
あいつに逃げられちゃうわよ！",SUPPORTED,0001,NONE,
SCN_01080701_00740000_0018,SCENARIO,scenario_message,DATA/01080701.MDZ,DATA/01080701.MDT,0x00740000,01080701,17,0x002c3b7e,0x002c3b79,ad bb 95 21 2d f0 3a f0 35 f0 3c f0 08 cd f5 9c c2 98 a1 f0 98 bd b1 f0 a3 f1 8b b5 08 9c 77 99 8a b9 43 08 df f0 82 e7 3a f0 e9 9d 42 f1 82 c0 ba 43 0d ff 00,"ほらっ、ボンヤリ
空なんて見てる場合じゃ
ないでしょ！
早くテントに行くわよ！","자, 멍하니
하늘이나 보고 있을 때가
아니잖아!
얼른 텐트로 가자!",UNASSIGNED,アロンソ,"[{""offset"":-5,""raw_hex"":""22 0e 00 24 00"",""kind"":""MESSAGE_HEADER"",""opcode"":34,""argument"":36},{""offset"":12,""raw_hex"":""08"",""kind"":""LINE_BREAK""},{""offset"":28,""raw_hex"":""08"",""kind"":""LINE_BREAK""},{""offset"":35,""raw_hex"":""08"",""kind"":""LINE_BREAK""},{""offset"":50,""raw_hex"":""0d ff 00"",""kind"":""MESSAGE_END""}]",REVIEW_1,NO,CHARACTER_GUIDE v0.1 적용. context-v1 복원 원문 1차 번역.,SUPPORTED: structured scenario command; header FACE slot maps to face_alonso_03; runtime display not yet checked. PROVEN: byte-identical source command exists at the same path and offsets on Disc 2. SUPPORTED: context-v1 glyph 복원; 런타임 원문 검증 전. TERM: 버스피어·파스·도박장.,"ほらっ<G0001>ボンヤリ
<G058D>なんて見てる場合じゃ
ないでしょ！
早くテントに行くわよ！",SUPPORTED,0001,SUPPORTED,058D
SCN_01080701_00740000_0019,SCENARIO,scenario_message,DATA/01080701.MDZ,DATA/01080701.MDT,0x00740000,01080701,18,0x002c3be4,0x002c3bdf,c4 3f f0 3a f0 df a0 c8 f0 cc f4 46 08 86 be 9d c9 f2 7e be 98 bd 9a 86 bf 08 9b f1 3b f2 42 f1 95 92 a0 7e 44 0d ff 00,"アロンソの海図…
これに描かれてるところ
全部行ったのか？","알론소의 해도…
여기에 그려진 곳을
전부 가 본 거야?",UNASSIGNED,ユウキ,"[{""offset"":-5,""raw_hex"":""02 0e 00 01 00"",""kind"":""MESSAGE_HEADER"",""opcode"":2,""argument"":1},{""offset"":12,""raw_hex"":""08"",""kind"":""LINE_BREAK""},{""offset"":25,""raw_hex"":""08"",""kind"":""LINE_BREAK""},{""offset"":37,""raw_hex"":""0d ff 00"",""kind"":""MESSAGE_END""}]",REVIEW_1,NO,CHARACTER_GUIDE v0.1 적용. context-v1 복원 원문 1차 번역.,SUPPORTED: structured scenario command; header FACE slot maps to face_yuuki_02; runtime display not yet checked. PROVEN: byte-identical source command exists at the same path and offsets on Disc 2. SUPPORTED: context-v1 glyph 복원; 런타임 원문 검증 전. TERM: 버스피어·파스·도박장.,"アロンソの海<G04BC><G0026>
これに描かれてるところ
全部行ったのか？",SUPPORTED,"0026,04BC",NONE,
SCN_01080701_00740000_0020,SCENARIO,scenario_message,DATA/01080701.MDZ,DATA/01080701.MDT,0x00740000,01080701,19,0x002c3c97,0x002c3c92,c4 3f f0 3a f0 df 7f c1 f1 80 92 a9 f1 21 7e 46 0d ff 00,アロンソが生きた証、か…,알론소가 살아온 증거인가…,UNASSIGNED,ユウキ,"[{""offset"":-5,""raw_hex"":""02 0e 00 02 00"",""kind"":""MESSAGE_HEADER"",""opcode"":2,""argument"":2},{""offset"":16,""raw_hex"":""0d ff 00"",""kind"":""MESSAGE_END""}]",REVIEW_1,NO,CHARACTER_GUIDE v0.1 적용. context-v1 복원 원문 1차 번역.,SUPPORTED: structured scenario command; header FACE slot maps to face_yuuki_03; runtime display not yet checked. PROVEN: byte-identical source command exists at the same path and offsets on Disc 2. SUPPORTED: context-v1 glyph 복원; 런타임 원문 검증 전. TERM: 버스피어·파스·도박장.,アロンソが生きた証<G0001>か<G0026>,SUPPORTED,"0001,0026",NONE,
SCN_01080701_00740000_0022,SCENARIO,scenario_message,DATA/01080701.MDZ,DATA/01080701.MDT,0x00740000,01080701,21,0x002c3d40,0x002c3d3b,c4 3f f0 3a f0 df a0 c8 f0 cc f4 46 08 86 be 9d c9 f2 7e be 98 bd 9a 86 bf 08 9b f1 3b f2 42 f1 95 92 a0 7e 44 0d ff 00,"アロンソの海図…
これに描かれてるところ
全部行ったのか？","알론소의 해도…
여기에 그려진 곳을
전부 가 본 거야?",UNASSIGNED,ユウキ,"[{""offset"":-5,""raw_hex"":""02 0e 00 01 00"",""kind"":""MESSAGE_HEADER"",""opcode"":2,""argument"":1},{""offset"":12,""raw_hex"":""08"",""kind"":""LINE_BREAK""},{""offset"":25,""raw_hex"":""08"",""kind"":""LINE_BREAK""},{""offset"":37,""raw_hex"":""0d ff 00"",""kind"":""MESSAGE_END""}]",REVIEW_1,NO,CHARACTER_GUIDE v0.1 적용. context-v1 복원 원문 1차 번역.,SUPPORTED: structured scenario command; header FACE slot maps to face_yuuki_02; runtime display not yet checked. PROVEN: byte-identical source command exists at the same path and offsets on Disc 2. SUPPORTED: context-v1 glyph 복원; 런타임 원문 검증 전. TERM: 버스피어·파스·도박장.,"アロンソの海<G04BC><G0026>
これに描かれてるところ
全部行ったのか？",SUPPORTED,"0026,04BC",NONE,
SCN_01080701_00740000_0023,SCENARIO,scenario_message,DATA/01080701.MDZ,DATA/01080701.MDT,0x00740000,01080701,22,0x002c3df3,0x002c3dee,c4 3f f0 3a f0 df 7f c1 f1 80 92 a9 f1 21 7e 46 0d ff 00,アロンソが生きた証、か…,알론소가 살아온 증거인가…,UNASSIGNED,ユウキ,"[{""offset"":-5,""raw_hex"":""02 0e 00 02 00"",""kind"":""MESSAGE_HEADER"",""opcode"":2,""argument"":2},{""offset"":16,""raw_hex"":""0d ff 00"",""kind"":""MESSAGE_END""}]",REVIEW_1,NO,CHARACTER_GUIDE v0.1 적용. context-v1 복원 원문 1차 번역.,SUPPORTED: structured scenario command; header FACE slot maps to face_yuuki_03; runtime display not yet checked. PROVEN: byte-identical source command exists at the same path and offsets on Disc 2. SUPPORTED: context-v1 glyph 복원; 런타임 원문 검증 전. TERM: 버스피어·파스·도박장.,アロンソが生きた証<G0001>か<G0026>,SUPPORTED,"0001,0026",NONE,
SCN_01080701_00740000_0026,SCENARIO,scenario_message,DATA/01080701.MDZ,DATA/01080701.MDT,0x00740000,01080701,25,0x002c3edd,0x002c3ed8,99 95 84 7a 46 08 86 be 46 21 9c c2 a0 ec f2 9c c2 93 46 44 0d ff 00,"でっけぇ…
これ…、なんの牙なんだ…？","크다…
이건… 무슨 송곳니야…?",UNASSIGNED,ユウキ,"[{""offset"":-5,""raw_hex"":""02 0e 00 06 00"",""kind"":""MESSAGE_HEADER"",""opcode"":2,""argument"":6},{""offset"":5,""raw_hex"":""08"",""kind"":""LINE_BREAK""},{""offset"":20,""raw_hex"":""0d ff 00"",""kind"":""MESSAGE_END""}]",REVIEW_1,NO,CHARACTER_GUIDE v0.1 적용. context-v1 복원 원문 1차 번역.,SUPPORTED: structured scenario command; header FACE slot maps to face_yuuki_07; runtime display not yet checked. PROVEN: byte-identical source command exists at the same path and offsets on Disc 2. SUPPORTED: context-v1 glyph 복원; 런타임 원문 검증 전. TERM: 버스피어·파스·도박장.,"でっけ<G005A><G0026>
これ<G0026><G0001>なんの<G033C>なんだ<G0026>？",SUPPORTED,"0001,0026,005A",SUPPORTED,033C
SCN_01080701_00740000_0028,SCENARIO,scenario_message,DATA/01080701.MDZ,DATA/01080701.MDT,0x00740000,01080701,27,0x002c3ff3,0x002c3fee,90 be 99 21 3b f1 95 92 a0 7e 46 43 0d ff 00,それで、戦ったのか…！,그걸로 싸운 거야…!,UNASSIGNED,ユウキ,"[{""offset"":-5,""raw_hex"":""02 0e 00 07 00"",""kind"":""MESSAGE_HEADER"",""opcode"":2,""argument"":7},{""offset"":12,""raw_hex"":""0d ff 00"",""kind"":""MESSAGE_END""}]",REVIEW_1,NO,CHARACTER_GUIDE v0.1 적용. context-v1 복원 원문 1차 번역.,SUPPORTED: structured scenario command; header FACE slot maps to face_yuuki_08; runtime display not yet checked. PROVEN: byte-identical source command exists at the same path and offsets on Disc 2. SUPPORTED: context-v1 glyph 복원; 런타임 원문 검증 전. TERM: 버스피어·파스·도박장.,それで<G0001>戦ったのか<G0026>！,SUPPORTED,"0001,0026",NONE,
SCN_01080701_00740000_0029,SCENARIO,scenario_message,DATA/01080701.MDZ,DATA/01080701.MDT,0x00740000,01080701,28,0x002c4055,0x002c4050,c3 f4 3e f6 7e ba 46 0d ff 00,食欲かよ…,식욕이냐…,UNASSIGNED,ユウキ,"[{""offset"":-5,""raw_hex"":""02 0e 00 06 00"",""kind"":""MESSAGE_HEADER"",""opcode"":2,""argument"":6},{""offset"":7,""raw_hex"":""0d ff 00"",""kind"":""MESSAGE_END""}]",REVIEW_1,NO,CHARACTER_GUIDE v0.1 적용. context-v1 복원 원문 1차 번역.,SUPPORTED: structured scenario command; header FACE slot maps to face_yuuki_07; runtime display not yet checked. PROVEN: byte-identical source command exists at the same path and offsets on Disc 2. SUPPORTED: context-v1 glyph 복원; 런타임 원문 검증 전. TERM: 버스피어·파스·도박장.,食<G05CE>かよ<G0026>,SUPPORTED,"0026,05CE",NONE,
SCN_01080701_00740000_0030,SCENARIO,scenario_message,DATA/01080701.MDZ,DATA/01080701.MDT,0x00740000,01080701,29,0x002c407f,0x002c407a,86 a0 58 f1 8f f5 9c ec f2 a0 b8 f1 94 ae f2 b4 08 c4 3f f0 3a f0 df a0 61 f3 82 f1 9d 46 0d ff 00,"この立派な牙の持ち主も
アロンソの胃袋に…","이 훌륭한 송곳니의 주인도
알론소의 뱃속으로…",UNASSIGNED,ユウキ,"[{""offset"":-5,""raw_hex"":""02 0e 00 01 00"",""kind"":""MESSAGE_HEADER"",""opcode"":2,""argument"":1},{""offset"":16,""raw_hex"":""08"",""kind"":""LINE_BREAK""},{""offset"":30,""raw_hex"":""0d ff 00"",""kind"":""MESSAGE_END""}]",REVIEW_1,NO,CHARACTER_GUIDE v0.1 적용. context-v1 복원 원문 1차 번역.,SUPPORTED: structured scenario command; header FACE slot maps to face_yuuki_02; runtime display not yet checked. PROVEN: byte-identical source command exists at the same path and offsets on Disc 2. SUPPORTED: context-v1 glyph 복원; 런타임 원문 검증 전. TERM: 버스피어·파스·도박장.,"この立<G054F>な<G033C>の持ち<G02FE>も
アロンソの<G0381><G0202>に<G0026>",SUPPORTED,"0026,054F",SUPPORTED,"0202,02FE,033C,0381"
SCN_01080701_00740000_0031,SCENARIO,scenario_message,DATA/01080701.MDZ,DATA/01080701.MDT,0x00740000,01080701,30,0x002c40c7,0x002c40c2,8c 87 77 ec f2 93 43 08 d5 c6 e5 c1 6c f4 46 f6 b3 92 c2 9c bb 08 ea f1 95 a9 8a 9d 5d f0 81 f2 7f 75 bd 95 98 08 2e f4 95 98 92 a0 b4 7b f0 7e bd 9c 46 0d ff 00,"すごい牙だ！
コイツを仕留めたんなら
腕っぶしに自信があるって
言ってたのも分かるな…","대단한 송곳니야!
이 녀석을 해치웠다면
힘에는 자신이 있다고
말한 것도 이해되네…",UNASSIGNED,ユウキ,"[{""offset"":-5,""raw_hex"":""02 0e 00 02 00"",""kind"":""MESSAGE_HEADER"",""opcode"":2,""argument"":2},{""offset"":7,""raw_hex"":""08"",""kind"":""LINE_BREAK""},{""offset"":21,""raw_hex"":""08"",""kind"":""LINE_BREAK""},{""offset"":37,""raw_hex"":""08"",""kind"":""LINE_BREAK""},{""offset"":51,""raw_hex"":""0d ff 00"",""kind"":""MESSAGE_END""}]",REVIEW_1,NO,CHARACTER_GUIDE v0.1 적용. context-v1 복원 원문 1차 번역.,SUPPORTED: structured scenario command; header FACE slot maps to face_yuuki_03; runtime display not yet checked. PROVEN: byte-identical source command exists at the same path and offsets on Disc 2. SUPPORTED: context-v1 glyph 복원; 런타임 원문 검증 전. TERM: 버스피어·파스·도박장.,"すごい<G033C>だ！
コイツを仕<G05D6>めたんなら
<G026A>っ<G0089>しに自信があるって
<G041E>ってたのも分かるな<G0026>",SUPPORTED,"0026,041E",SUPPORTED,"0089,026A,033C,05D6"
SCN_01080701_00740000_0033,SCENARIO,scenario_message,DATA/01080701.MDZ,DATA/01080701.MDT,0x00740000,01080701,32,0x002c4188,0x002c4183,9c c2 93 86 bc b5 44 08 e6 f1 84 f0 a0 96 f9 46 44 08 39 f0 3f f0 c6 9d 8a 94 b5 08 29 f0 3a f0 9c 53 f3 3d f4 93 9c 0d ff 00,"なんだこりゃ？
金属の像…？
ヨロイにしちゃ
ヘンな格好だな","이게 뭐야?
금속 조각상…?
갑옷이라고 하기엔
이상한 모양이네.",UNASSIGNED,ユウキ,"[{""offset"":-5,""raw_hex"":""02 0e 00 01 00"",""kind"":""MESSAGE_HEADER"",""opcode"":2,""argument"":1},{""offset"":7,""raw_hex"":""08"",""kind"":""LINE_BREAK""},{""offset"":17,""raw_hex"":""08"",""kind"":""LINE_BREAK""},{""offset"":27,""raw_hex"":""08"",""kind"":""LINE_BREAK""},{""offset"":39,""raw_hex"":""0d ff 00"",""kind"":""MESSAGE_END""}]",REVIEW_1,NO,CHARACTER_GUIDE v0.1 적용. context-v1 복원 원문 1차 번역.,SUPPORTED: structured scenario command; header FACE slot maps to face_yuuki_02; runtime display not yet checked. PROVEN: byte-identical source command exists at the same path and offsets on Disc 2. SUPPORTED: context-v1 glyph 복원; 런타임 원문 검증 전. TERM: 버스피어·파스·도박장.,"なんだこりゃ？
金属の<G0896><G0026>？
ヨロイにしちゃ
ヘンな<G0373>好だな",SUPPORTED,"0026,0373",SUPPORTED,0896
SCN_01080701_00740000_0035,SCENARIO,scenario_message,DATA/01080701.MDZ,DATA/01080701.MDT,0x00740000,01080701,34,0x002c42a6,0x002c42a1,46 9c c2 7e 08 59 f2 5a f2 9c 31 f6 d0 f5 2e f0 db e9 b1 92 77 93 9c 0d ff 00,"…なんか
奇妙な郵便ポストみたいだな","…뭔가
기묘한 우체통 같네.",UNASSIGNED,ユウキ,"[{""offset"":-5,""raw_hex"":""02 0e 00 08 00"",""kind"":""MESSAGE_HEADER"",""opcode"":2,""argument"":8},{""offset"":4,""raw_hex"":""08"",""kind"":""LINE_BREAK""},{""offset"":23,""raw_hex"":""0d ff 00"",""kind"":""MESSAGE_END""}]",REVIEW_1,NO,CHARACTER_GUIDE v0.1 적용. context-v1 복원 원문 1차 번역.,SUPPORTED: structured scenario command; header FACE slot maps to face_yuuki_09; runtime display not yet checked. PROVEN: byte-identical source command exists at the same path and offsets on Disc 2. SUPPORTED: context-v1 glyph 복원; 런타임 원문 검증 전. TERM: 버스피어·파스·도박장.,"<G0026>なんか
奇<G02AA>な<G05C1>便ポストみたいだな",SUPPORTED,"0026,02AA",SUPPORTED,05C1
SCN_01080701_00740000_0036,SCENARIO,scenario_message,DATA/01080701.MDZ,DATA/01080701.MDT,0x00740000,01080701,35,0x002c4525,0x002c4520,9c 74 9c 74 21 c8 3d f0 95 98 88 08 9b 79 b6 95 98 d9 21 f0 9a 08 4d f5 71 f1 82 9c 95 92 c2 93 44 0d ff 00,"なぁなぁ、ウルってさ
どうやってシバと
仲良くなったんだ？","저기, 울 말이야
어떻게 시바와
친해진 거야?",UNASSIGNED,ユウキ,"[{""offset"":-5,""raw_hex"":""02 0e 00 02 00"",""kind"":""MESSAGE_HEADER"",""opcode"":2,""argument"":2},{""offset"":11,""raw_hex"":""08"",""kind"":""LINE_BREAK""},{""offset"":21,""raw_hex"":""08"",""kind"":""LINE_BREAK""},{""offset"":33,""raw_hex"":""0d ff 00"",""kind"":""MESSAGE_END""}]",REVIEW_1,NO,CHARACTER_GUIDE v0.1 적용. context-v1 복원 원문 1차 번역.,SUPPORTED: structured scenario command; header FACE slot maps to face_yuuki_03; runtime display not yet checked. PROVEN: byte-identical source command exists at the same path and offsets on Disc 2. SUPPORTED: context-v1 glyph 복원; 런타임 원문 검증 전. TERM: 버스피어·파스·도박장.,"な<G0054>な<G0054><G0001>ウルってさ
どうやってシバと
仲良くなったんだ？",SUPPORTED,"0001,0054",NONE,
SCN_01080701_00740000_0037,SCENARIO,scenario_message,DATA/01080701.MDZ,DATA/01080701.MDT,0x00740000,01080701,36,0x002c4593,0x002c458e,8d 95 9a 77 95 8a b9 42 08 e6 f3 63 f5 b1 92 77 93 9c 21 b0 bd 99 43 0d ff 00,"ずっといっしょ？
父弟みたいだな、まるで！","계속 함께였어?
아버지와 아들 같네, 정말!",UNASSIGNED,ユウキ,"[{""offset"":-5,""raw_hex"":""02 0e 00 02 00"",""kind"":""MESSAGE_HEADER"",""opcode"":2,""argument"":2},{""offset"":8,""raw_hex"":""08"",""kind"":""LINE_BREAK""},{""offset"":23,""raw_hex"":""0d ff 00"",""kind"":""MESSAGE_END""}]",REVIEW_1,NO,CHARACTER_GUIDE v0.1 적용. context-v1 복원 원문 1차 번역.,SUPPORTED: structured scenario command; header FACE slot maps to face_yuuki_03; runtime display not yet checked. PROVEN: byte-identical source command exists at the same path and offsets on Disc 2. SUPPORTED: context-v1 glyph 복원; 런타임 원문 검증 전. TERM: 버스피어·파스·도박장.,"ずっといっしょ<G0022>
<G0406><G0523>みたいだな<G0001>まるで！",SUPPORTED,"0001,0022,0406",SUPPORTED,0523
SCN_01080701_00740000_0038,SCENARIO,scenario_message,DATA/01080701.MDZ,DATA/01080701.MDT,0x00740000,01080701,37,0x002c4610,0x002c460b,9e f0 a0 4d f0 3b f2 7e 74 46 46 08 90 be 95 98 44 f6 21 f5 9c c2 93 ba 9c 08 49 f1 42 f1 af f3 bc f2 bc 9d 9a 95 98 b4 0d ff 00,"体の一部かぁ……
それって理思なんだよな
飛行機乗りにとっても","몸의 일부라……
그건 비행기 조종사에게도
이상적인 일이겠지.",UNASSIGNED,ユウキ,"[{""offset"":-5,""raw_hex"":""02 0e 00 02 00"",""kind"":""MESSAGE_HEADER"",""opcode"":2,""argument"":2},{""offset"":11,""raw_hex"":""08"",""kind"":""LINE_BREAK""},{""offset"":25,""raw_hex"":""08"",""kind"":""LINE_BREAK""},{""offset"":40,""raw_hex"":""0d ff 00"",""kind"":""MESSAGE_END""}]",REVIEW_1,NO,CHARACTER_GUIDE v0.1 적용. context-v1 복원 원문 1차 번역.,SUPPORTED: structured scenario command; header FACE slot maps to face_yuuki_03; runtime display not yet checked. PROVEN: byte-identical source command exists at the same path and offsets on Disc 2. SUPPORTED: context-v1 glyph 복원; 런타임 원문 검증 전. TERM: 버스피어·파스·도박장.,"体の一部か<G0054><G0026><G0026>
それって<G05D4><G04E1>なんだよな
飛行機乗りにとっても",SUPPORTED,"0026,0054,04E1,05D4",NONE,
SCN_01080701_00740000_0039,SCENARIO,scenario_message,DATA/01080701.MDZ,DATA/01080701.MDT,0x00740000,01080701,38,0x002c465b,0x002c4656,49 f1 4e f1 a0 73 f1 46 46 08 90 79 c8 f2 a2 be 98 bd a0 7e 08 c8 3d f0 92 94 a1 0d ff 00,"飛竜の民……
そう呼ばれてるのか
ウルたちは","비룡의 민족……
울 일행은
그렇게 불리는구나.",UNASSIGNED,ユウキ,"[{""offset"":-5,""raw_hex"":""02 0e 00 0b 00"",""kind"":""MESSAGE_HEADER"",""opcode"":2,""argument"":11},{""offset"":9,""raw_hex"":""08"",""kind"":""LINE_BREAK""},{""offset"":20,""raw_hex"":""08"",""kind"":""LINE_BREAK""},{""offset"":27,""raw_hex"":""0d ff 00"",""kind"":""MESSAGE_END""}]",REVIEW_1,NO,CHARACTER_GUIDE v0.1 적용. context-v1 복원 원문 1차 번역.,SUPPORTED: structured scenario command; header FACE slot maps to face_yuuki_12; runtime display not yet checked. PROVEN: byte-identical source command exists at the same path and offsets on Disc 2. SUPPORTED: context-v1 glyph 복원; 런타임 원문 검증 전. TERM: 버스피어·파스·도박장.,"飛竜の<G01F3><G0026><G0026>
そう呼ばれてるのか
ウルたちは",SUPPORTED,0026,SUPPORTED,01F3
SCN_01080701_00740000_0040,SCENARIO,scenario_message,DATA/01080701.MDZ,DATA/01080701.MDT,0x00740000,01080701,39,0x002c4699,0x002c4694,49 f1 4e f1 a0 3e f5 7e 74 08 6b f2 be 98 95 98 82 be ba 21 cc 3e f0 b4 43 0d ff 00,"飛竜の巣かぁ
連れてってくれよ、オレも！","비룡의 둥지라…
나도 데려가 줘!",UNASSIGNED,ユウキ,"[{""offset"":-5,""raw_hex"":""02 0e 00 02 00"",""kind"":""MESSAGE_HEADER"",""opcode"":2,""argument"":2},{""offset"":9,""raw_hex"":""08"",""kind"":""LINE_BREAK""},{""offset"":25,""raw_hex"":""0d ff 00"",""kind"":""MESSAGE_END""}]",REVIEW_1,NO,CHARACTER_GUIDE v0.1 적용. context-v1 복원 원문 1차 번역.,SUPPORTED: structured scenario command; header FACE slot maps to face_yuuki_03; runtime display not yet checked. PROVEN: byte-identical source command exists at the same path and offsets on Disc 2. SUPPORTED: context-v1 glyph 복원; 런타임 원문 검증 전. TERM: 버스피어·파스·도박장.,"飛竜の<G04FE>か<G0054>
連れてってくれよ<G0001>オレも！",SUPPORTED,"0001,0054,04FE",NONE,
SCN_01080701_00740000_0041,SCENARIO,scenario_message,DATA/01080701.MDZ,DATA/01080701.MDT,0x00740000,01080701,40,0x002c46f3,0x002c46ee,75 45 75 21 49 f1 42 f1 af f3 88 7b 75 be a2 08 cc 3e f0 b4 c8 3d f0 b6 d9 21 f0 9a 77 95 8a b9 9d 08 49 f1 ab bd a0 9d 9c 74 45 0d ff 00,"あ〜あ、飛行機さえあれば
オレもウルやシバといっしょに
飛べるのになぁ〜","아아, 비행기만 있다면
나도 울이나 시바와 함께
날 수 있을 텐데~",UNASSIGNED,ユウキ,"[{""offset"":-5,""raw_hex"":""02 0e 00 01 00"",""kind"":""MESSAGE_HEADER"",""opcode"":2,""argument"":1},{""offset"":15,""raw_hex"":""08"",""kind"":""LINE_BREAK""},{""offset"":33,""raw_hex"":""08"",""kind"":""LINE_BREAK""},{""offset"":43,""raw_hex"":""0d ff 00"",""kind"":""MESSAGE_END""}]",REVIEW_1,NO,CHARACTER_GUIDE v0.1 적용. context-v1 복원 원문 1차 번역.,SUPPORTED: structured scenario command; header FACE slot maps to face_yuuki_02; runtime display not yet checked. PROVEN: byte-identical source command exists at the same path and offsets on Disc 2. SUPPORTED: context-v1 glyph 복원; 런타임 원문 검증 전. TERM: 버스피어·파스·도박장.,"あ〜あ<G0001>飛行機さえあれば
オレもウルやシバといっしょに
飛べるのにな<G0054>〜",SUPPORTED,"0001,0054",NONE,
SCN_01080701_00740000_0042,SCENARIO,scenario_message,DATA/01080701.MDZ,DATA/01080701.MDT,0x00740000,01080701,41,0x002c4769,0x002c4764,75 a0 da da c5 46 46 44 0d ff 00,あのジジィ……？,그 영감님……?,UNASSIGNED,ユウキ,"[{""offset"":-5,""raw_hex"":""02 0e 00 0b 00"",""kind"":""MESSAGE_HEADER"",""opcode"":2,""argument"":11},{""offset"":8,""raw_hex"":""0d ff 00"",""kind"":""MESSAGE_END""}]",REVIEW_1,NO,CHARACTER_GUIDE v0.1 적용. context-v1 복원 원문 1차 번역.,SUPPORTED: structured scenario command; header FACE slot maps to face_yuuki_12; runtime display not yet checked. PROVEN: byte-identical source command exists at the same path and offsets on Disc 2. SUPPORTED: context-v1 glyph 복원; 런타임 원문 검증 전. TERM: 버스피어·파스·도박장.,あのジジィ<G0026><G0026>？,SUPPORTED,0026,NONE,
SCN_01080701_00740000_0043,SCENARIO,scenario_message,DATA/01080701.MDZ,DATA/01080701.MDT,0x00740000,01080701,42,0x002c47be,0x002c47b9,90 21 90 be 95 98 08 b4 8a 7e 8a 98 46 46 43 0d ff 00,"そ、それって
もしかして……！","그, 그건
설마……!",UNASSIGNED,アルフィナ,"[{""offset"":-5,""raw_hex"":""02 0e 00 0c 00"",""kind"":""MESSAGE_HEADER"",""opcode"":2,""argument"":12},{""offset"":6,""raw_hex"":""08"",""kind"":""LINE_BREAK""},{""offset"":15,""raw_hex"":""0d ff 00"",""kind"":""MESSAGE_END""}]",REVIEW_1,NO,CHARACTER_GUIDE v0.1 적용. context-v1 복원 원문 1차 번역.,SUPPORTED: structured scenario command; header FACE slot maps to face_alfina_01; runtime display not yet checked. PROVEN: byte-identical source command exists at the same path and offsets on Disc 2. SUPPORTED: context-v1 glyph 복원; 런타임 원문 검증 전. TERM: 버스피어·파스·도박장.,"そ<G0001>それって
もしかして<G0026><G0026>！",SUPPORTED,"0001,0026",NONE,
SCN_01080701_00740000_0044,SCENARIO,scenario_message,DATA/01080701.MDZ,DATA/01080701.MDT,0x00740000,01080701,43,0x002c47fd,0x002c47f8,c8 3d f0 a0 77 79 21 75 a0 da da c5 95 98 08 b4 8a 7e 8a 98 46 46 42 0d ff 00,"ウルのいう、あのジジィって
もしかして……？","울이 말한 그 영감님이
설마……?",UNASSIGNED,アルフィナ,"[{""offset"":-5,""raw_hex"":""02 0e 00 0c 00"",""kind"":""MESSAGE_HEADER"",""opcode"":2,""argument"":12},{""offset"":14,""raw_hex"":""08"",""kind"":""LINE_BREAK""},{""offset"":23,""raw_hex"":""0d ff 00"",""kind"":""MESSAGE_END""}]",REVIEW_1,NO,CHARACTER_GUIDE v0.1 적용. context-v1 복원 원문 1차 번역.,SUPPORTED: structured scenario command; header FACE slot maps to face_alfina_01; runtime display not yet checked. PROVEN: byte-identical source command exists at the same path and offsets on Disc 2. SUPPORTED: context-v1 glyph 복원; 런타임 원문 검증 전. TERM: 버스피어·파스·도박장.,"ウルのいう<G0001>あのジジィって
もしかして<G0026><G0026><G0022>",SUPPORTED,"0001,0022,0026",NONE,
SCN_01080701_00740000_0045,SCENARIO,scenario_message,DATA/01080701.MDZ,DATA/01080701.MDT,0x00740000,01080701,44,0x002c4837,0x002c4832,d9 36 f0 30 f0 e4 e9 a1 46 46 08 cc 3e f0 a0 75 86 7f be 9c c2 93 43 08 63 f0 c0 8e 98 82 be 46 46 21 82 f2 b2 95 41 0d ff 00,"シュミットは……
オレのあこがれなんだ！
会わせてくれ……、頼むっ！","슈미트는……
내 동경의 대상이야!
만나게 해 줘…… 부탁이야!",UNASSIGNED,ユウキ,"[{""offset"":-5,""raw_hex"":""02 0e 00 07 00"",""kind"":""MESSAGE_HEADER"",""opcode"":2,""argument"":7},{""offset"":10,""raw_hex"":""08"",""kind"":""LINE_BREAK""},{""offset"":23,""raw_hex"":""08"",""kind"":""LINE_BREAK""},{""offset"":39,""raw_hex"":""0d ff 00"",""kind"":""MESSAGE_END""}]",REVIEW_1,NO,CHARACTER_GUIDE v0.1 적용. context-v1 복원 원문 1차 번역.,SUPPORTED: structured scenario command; header FACE slot maps to face_yuuki_08; runtime display not yet checked. PROVEN: byte-identical source command exists at the same path and offsets on Disc 2. SUPPORTED: context-v1 glyph 복원; 런타임 원문 검증 전. TERM: 버스피어·파스·도박장.,"シュミットは<G0026><G0026>
オレのあこがれなんだ！
<G0113>わせてくれ<G0026><G0026><G0001>頼むっ<G0021>",SUPPORTED,"0001,0021,0026,0113",NONE,
SCN_01080701_00740000_0048,SCENARIO,scenario_message,DATA/01080701.MDZ,DATA/01080701.MDT,0x00740000,01080701,47,0x002c4b02,0x002c4afd,d9 21 f0 b1 92 77 9c a0 b4 42 0d ff 00,シバみたいなのも？,시바 같은 비룡도?,UNASSIGNED,ユウキ,"[{""offset"":-5,""raw_hex"":""02 0e 00 02 00"",""kind"":""MESSAGE_HEADER"",""opcode"":2,""argument"":2},{""offset"":10,""raw_hex"":""0d ff 00"",""kind"":""MESSAGE_END""}]",REVIEW_1,NO,CHARACTER_GUIDE v0.1 적용. context-v1 복원 원문 1차 번역.,SUPPORTED: structured scenario command; header FACE slot maps to face_yuuki_03; runtime display not yet checked. PROVEN: byte-identical source command exists at the same path and offsets on Disc 2. SUPPORTED: context-v1 glyph 복원; 런타임 원문 검증 전. TERM: 버스피어·파스·도박장.,シバみたいなのも<G0022>,SUPPORTED,0022,NONE,
SCN_01080701_00740000_0049,SCENARIO,scenario_message,DATA/01080701.MDZ,DATA/01080701.MDT,0x00740000,01080701,48,0x002c4b6e,0x002c4b69,8c 87 77 9c 74 46 46 08 77 96 7e cc 3e f0 b4 6b f2 be 98 95 98 82 be ba 08 90 a0 49 f1 4e f1 a0 3e f5 95 98 9a 86 bf 9d 43 0d ff 00,"すごいなぁ……
いつかオレも連れてってくれよ
その飛竜の巣ってところに！","대단하다……
언젠가 나도 데려가 줘
그 비룡의 둥지라는 곳에!",UNASSIGNED,ユウキ,"[{""offset"":-5,""raw_hex"":""02 0e 00 09 00"",""kind"":""MESSAGE_HEADER"",""opcode"":2,""argument"":9},{""offset"":7,""raw_hex"":""08"",""kind"":""LINE_BREAK""},{""offset"":24,""raw_hex"":""08"",""kind"":""LINE_BREAK""},{""offset"":41,""raw_hex"":""0d ff 00"",""kind"":""MESSAGE_END""}]",REVIEW_1,NO,CHARACTER_GUIDE v0.1 적용. context-v1 복원 원문 1차 번역.,SUPPORTED: structured scenario command; header FACE slot maps to face_yuuki_10; runtime display not yet checked. PROVEN: byte-identical source command exists at the same path and offsets on Disc 2. SUPPORTED: context-v1 glyph 복원; 런타임 원문 검증 전. TERM: 버스피어·파스·도박장.,"すごいな<G0054><G0026><G0026>
いつかオレも連れてってくれよ
その飛竜の<G04FE>ってところに！",SUPPORTED,"0026,0054,04FE",NONE,
SCN_01080701_00740000_0050,SCENARIO,scenario_message,DATA/01080701.MDZ,DATA/01080701.MDT,0x00740000,01080701,49,0x002c4df5,0x002c4df0,79 aa 7a 46 46 08 86 be c1 54 f1 8d f0 9d c3 f4 ab 92 d7 f0 08 df 3a f0 d3 c6 8a 94 b5 79 ba 21 cc 3e f0 0d ff 00,"うへぇ……
これを最初に食べた人
ソンケイしちゃうよ、オレ","우웩……
이걸 처음 먹은 사람은
정말 존경스러워, 난.",UNASSIGNED,ユウキ,"[{""offset"":-5,""raw_hex"":""02 0e 00 08 00"",""kind"":""MESSAGE_HEADER"",""opcode"":2,""argument"":8},{""offset"":5,""raw_hex"":""08"",""kind"":""LINE_BREAK""},{""offset"":20,""raw_hex"":""08"",""kind"":""LINE_BREAK""},{""offset"":35,""raw_hex"":""0d ff 00"",""kind"":""MESSAGE_END""}]",REVIEW_1,NO,CHARACTER_GUIDE v0.1 적용. context-v1 복원 원문 1차 번역.,SUPPORTED: structured scenario command; header FACE slot maps to face_yuuki_09; runtime display not yet checked. PROVEN: byte-identical source command exists at the same path and offsets on Disc 2. SUPPORTED: context-v1 glyph 복원; 런타임 원문 검증 전. TERM: 버스피어·파스·도박장.,"うへ<G005A><G0026><G0026>
これを<G01D4>初に食べた人
ソンケイしちゃうよ<G0001>オレ",SUPPORTED,"0001,0026,005A,01D4",NONE,
SCN_01080701_00740000_0051,SCENARIO,scenario_message,DATA/01080701.MDZ,DATA/01080701.MDT,0x00740000,01080701,50,0x002c4e87,0x002c4e82,de f4 95 98 46 46 08 77 b0 a1 77 9c 77 a0 44 0d ff 00,"昔って……
いまはいないの？","옛날에는……
지금은 없는 거야?",UNASSIGNED,ユウキ,"[{""offset"":-5,""raw_hex"":""02 0e 00 01 00"",""kind"":""MESSAGE_HEADER"",""opcode"":2,""argument"":1},{""offset"":6,""raw_hex"":""08"",""kind"":""LINE_BREAK""},{""offset"":15,""raw_hex"":""0d ff 00"",""kind"":""MESSAGE_END""}]",REVIEW_1,NO,CHARACTER_GUIDE v0.1 적용. context-v1 복원 원문 1차 번역.,SUPPORTED: structured scenario command; header FACE slot maps to face_yuuki_02; runtime display not yet checked. PROVEN: byte-identical source command exists at the same path and offsets on Disc 2. SUPPORTED: context-v1 glyph 복원; 런타임 원문 검증 전. TERM: 버스피어·파스·도박장.,"<G04CE>って<G0026><G0026>
いまはいないの？",SUPPORTED,"0026,04CE",NONE,
SCN_01080701_00740000_0052,SCENARIO,scenario_message,DATA/01080701.MDZ,DATA/01080701.MDT,0x00740000,01080701,51,0x002c4efa,0x002c4ef5,d7 21 d7 32 f0 95 42 0d ff 00,サ、サメっ？,"상, 상어?",UNASSIGNED,ユウキ,"[{""offset"":-5,""raw_hex"":""02 0e 00 06 00"",""kind"":""MESSAGE_HEADER"",""opcode"":2,""argument"":6},{""offset"":7,""raw_hex"":""0d ff 00"",""kind"":""MESSAGE_END""}]",REVIEW_1,NO,CHARACTER_GUIDE v0.1 적용. context-v1 복원 원문 1차 번역.,SUPPORTED: structured scenario command; header FACE slot maps to face_yuuki_07; runtime display not yet checked. PROVEN: byte-identical source command exists at the same path and offsets on Disc 2. SUPPORTED: context-v1 glyph 복원; 런타임 원문 검증 전. TERM: 버스피어·파스·도박장.,サ<G0001>サメっ<G0022>,SUPPORTED,"0001,0022",NONE,
SCN_01080701_00740000_0053,SCENARIO,scenario_message,DATA/01080701.MDZ,DATA/01080701.MDT,0x00740000,01080701,52,0x002c4f97,0x002c4f92,90 be 95 98 21 f2 c8 f0 a3 f0 95 98 77 79 7e 08 b0 c2 b0 ca 3a f0 da 3a f0 9c c2 8b b5 46 46 0d ff 00,"それって航海長っていうか
まんまエンジンなんじゃ……","그건 항해장이라기보다
그냥 엔진 아니야……?",UNASSIGNED,ユウキ,"[{""offset"":-5,""raw_hex"":""02 0e 00 08 00"",""kind"":""MESSAGE_HEADER"",""opcode"":2,""argument"":8},{""offset"":15,""raw_hex"":""08"",""kind"":""LINE_BREAK""},{""offset"":31,""raw_hex"":""0d ff 00"",""kind"":""MESSAGE_END""}]",REVIEW_1,NO,CHARACTER_GUIDE v0.1 적용. context-v1 복원 원문 1차 번역.,SUPPORTED: structured scenario command; header FACE slot maps to face_yuuki_09; runtime display not yet checked. PROVEN: byte-identical source command exists at the same path and offsets on Disc 2. SUPPORTED: context-v1 glyph 복원; 런타임 원문 검증 전. TERM: 버스피어·파스·도박장.,"それって<G0271>海長っていうか
まんまエンジンなんじゃ<G0026><G0026>",SUPPORTED,0026,SUPPORTED,0271
SCN_01080701_00740000_0054,SCENARIO,scenario_message,DATA/01080701.MDZ,DATA/01080701.MDT,0x00740000,01080701,53,0x002c523b,0x002c5236,9b c2 9c 9d 46 f1 82 98 b4 08 6c f0 8d bb f2 77 96 77 98 46 46 08 77 b6 21 bb f2 77 2f f3 77 98 b1 8e bd 88 43 0d ff 00,"どんなに速くても
必ず追いついて……
いや、追い歩いてみせるさ！","아무리 빨라도
반드시 따라잡아서……
아니, 따라잡고 말 거야!",UNASSIGNED,ユウキ,"[{""offset"":-5,""raw_hex"":""02 0e 00 0a 00"",""kind"":""MESSAGE_HEADER"",""opcode"":2,""argument"":10},{""offset"":9,""raw_hex"":""08"",""kind"":""LINE_BREAK""},{""offset"":21,""raw_hex"":""08"",""kind"":""LINE_BREAK""},{""offset"":37,""raw_hex"":""0d ff 00"",""kind"":""MESSAGE_END""}]",REVIEW_1,NO,CHARACTER_GUIDE v0.1 적용. context-v1 복원 원문 1차 번역.,SUPPORTED: structured scenario command; header FACE slot maps to face_yuuki_11; runtime display not yet checked. PROVEN: byte-identical source command exists at the same path and offsets on Disc 2. SUPPORTED: context-v1 glyph 복원; 런타임 원문 검증 전. TERM: 버스피어·파스·도박장.,"どんなに速くても
<G011C>ず<G030B>いついて<G0026><G0026>
いや<G0001><G030B>い<G034F>いてみせるさ！",SUPPORTED,"0001,0026,011C,030B,034F",NONE,
SCN_01080701_00740000_0055,SCENARIO,scenario_message,DATA/01080701.MDZ,DATA/01080701.MDT,0x00740000,01080701,54,0x002c52ed,0x002c52e8,cc 3e f0 9c c2 7e 9d 08 63 f0 95 98 82 be bd 7e 9c 08 75 a0 2a f1 e2 f4 a0 49 f1 42 f1 a5 f1 7f 46 46 0d ff 00,"オレなんかに
会ってくれるかな
あの伝説の飛行王が……","나 같은 사람도
만나 줄까
저 전설의 비행왕이……",UNASSIGNED,アルフィナ,"[{""offset"":-5,""raw_hex"":""02 0e 00 0c 00"",""kind"":""MESSAGE_HEADER"",""opcode"":2,""argument"":12},{""offset"":7,""raw_hex"":""08"",""kind"":""LINE_BREAK""},{""offset"":17,""raw_hex"":""08"",""kind"":""LINE_BREAK""},{""offset"":34,""raw_hex"":""0d ff 00"",""kind"":""MESSAGE_END""}]",REVIEW_1,NO,CHARACTER_GUIDE v0.1 적용. context-v1 복원 원문 1차 번역.,SUPPORTED: structured scenario command; header FACE slot maps to face_alfina_01; runtime display not yet checked. PROVEN: byte-identical source command exists at the same path and offsets on Disc 2. SUPPORTED: context-v1 glyph 복원; 런타임 원문 검증 전. TERM: 버스피어·파스·도박장.,"オレなんかに
<G0113>ってくれるかな
あの伝説の飛行王が<G0026><G0026>",SUPPORTED,"0026,0113",NONE,
SCN_01080701_00740000_0056,SCENARIO,scenario_message,DATA/01080701.MDZ,DATA/01080701.MDT,0x00740000,01080701,55,0x002c5367,0x002c5362,94 7f 79 88 43 21 cc 3e f0 9d 9a 95 98 a1 08 9d f0 78 f1 9d 21 9d f0 78 f1 9d 08 75 86 7f be a0 d7 f0 9c c2 93 46 46 0d ff 00,"ちがうさ！、オレにとっては
本当に、本当に
あこがれの人なんだ……","아니야! 나에게는
정말로, 정말로
동경하는 사람이야……",UNASSIGNED,ユウキ,"[{""offset"":-5,""raw_hex"":""02 0e 00 09 00"",""kind"":""MESSAGE_HEADER"",""opcode"":2,""argument"":9},{""offset"":14,""raw_hex"":""08"",""kind"":""LINE_BREAK""},{""offset"":26,""raw_hex"":""08"",""kind"":""LINE_BREAK""},{""offset"":39,""raw_hex"":""0d ff 00"",""kind"":""MESSAGE_END""}]",REVIEW_1,NO,CHARACTER_GUIDE v0.1 적용. context-v1 복원 원문 1차 번역.,SUPPORTED: structured scenario command; header FACE slot maps to face_yuuki_10; runtime display not yet checked. PROVEN: byte-identical source command exists at the same path and offsets on Disc 2. SUPPORTED: context-v1 glyph 복원; 런타임 원문 검증 전. TERM: 버스피어·파스·도박장.,"ちがうさ！<G0001>オレにとっては
本当に<G0001>本当に
あこがれの人なんだ<G0026><G0026>",SUPPORTED,"0001,0026",NONE,
SCN_01080701_00740000_0057,SCENARIO,scenario_message,DATA/01080701.MDZ,DATA/01080701.MDT,0x00740000,01080701,56,0x002c5543,0x002c553e,a2 f2 77 86 b0 be 92 d7 f0 92 94 a1 08 9b 86 aa 46 46 44 0d ff 00,"吸いこまれた人たちは
どこへ……？","빨려 들어간 사람들은
어디로……?",UNASSIGNED,ユウキ,"[{""offset"":-5,""raw_hex"":""02 0e 00 01 00"",""kind"":""MESSAGE_HEADER"",""opcode"":2,""argument"":1},{""offset"":12,""raw_hex"":""08"",""kind"":""LINE_BREAK""},{""offset"":19,""raw_hex"":""0d ff 00"",""kind"":""MESSAGE_END""}]",REVIEW_1,NO,CHARACTER_GUIDE v0.1 적용. context-v1 복원 원문 1차 번역.,SUPPORTED: structured scenario command; header FACE slot maps to face_yuuki_02; runtime display not yet checked. PROVEN: byte-identical source command exists at the same path and offsets on Disc 2. SUPPORTED: context-v1 glyph 복원; 런타임 원문 검증 전. TERM: 버스피어·파스·도박장.,"<G02F2>いこまれた人たちは
どこへ<G0026><G0026>？",SUPPORTED,"0026,02F2",NONE,
SCN_01080701_00740000_0058,SCENARIO,scenario_message,DATA/01080701.MDZ,DATA/01080701.MDT,0x00740000,01080701,57,0x002c5681,0x002c567c,c4 21 c4 3d f0 26 f0 c5 eb 46 46 0d ff 00,ア、アルフィナ……,"알, 알피나……",UNASSIGNED,アルフィナ,"[{""offset"":-5,""raw_hex"":""02 0e 00 0c 00"",""kind"":""MESSAGE_HEADER"",""opcode"":2,""argument"":12},{""offset"":11,""raw_hex"":""0d ff 00"",""kind"":""MESSAGE_END""}]",REVIEW_1,NO,CHARACTER_GUIDE v0.1 적용. context-v1 복원 원문 1차 번역.,SUPPORTED: structured scenario command; header FACE slot maps to face_alfina_01; runtime display not yet checked. PROVEN: byte-identical source command exists at the same path and offsets on Disc 2. SUPPORTED: context-v1 glyph 복원; 런타임 원문 검증 전. TERM: 버스피어·파스·도박장.,ア<G0001>アルフィナ<G0026><G0026>,SUPPORTED,"0001,0026",NONE,
SCN_01080701_00740000_0059,SCENARIO,scenario_message,DATA/01080701.MDZ,DATA/01080701.MDT,0x00740000,01080701,58,0x002c574b,0x002c5746,9b 21 9b 79 77 79 5b f1 5b f0 44 0d ff 00,ど、どういう意味？,"무, 무슨 뜻이야?",UNASSIGNED,ユウキ,"[{""offset"":-5,""raw_hex"":""02 0e 00 0b 00"",""kind"":""MESSAGE_HEADER"",""opcode"":2,""argument"":11},{""offset"":11,""raw_hex"":""0d ff 00"",""kind"":""MESSAGE_END""}]",REVIEW_1,NO,CHARACTER_GUIDE v0.1 적용. context-v1 복원 원문 1차 번역.,SUPPORTED: structured scenario command; header FACE slot maps to face_yuuki_12; runtime display not yet checked. PROVEN: byte-identical source command exists at the same path and offsets on Disc 2. SUPPORTED: context-v1 glyph 복원; 런타임 원문 검증 전. TERM: 버스피어·파스·도박장.,ど<G0001>どういう意味？,SUPPORTED,0001,NONE,
SCN_01080701_00740000_0060,SCENARIO,scenario_message,DATA/01080701.MDZ,DATA/01080701.MDT,0x00740000,01080701,59,0x002c59ad,0x002c59a8,79 95 21 90 21 90 be a1 46 46 0d ff 00,うっ、そ、それは……,"윽, 그, 그건……",UNASSIGNED,ユウキ,"[{""offset"":-5,""raw_hex"":""02 0e 00 06 00"",""kind"":""MESSAGE_HEADER"",""opcode"":2,""argument"":6},{""offset"":10,""raw_hex"":""0d ff 00"",""kind"":""MESSAGE_END""}]",REVIEW_1,NO,CHARACTER_GUIDE v0.1 적용. context-v1 복원 원문 1차 번역.,SUPPORTED: structured scenario command; header FACE slot maps to face_yuuki_07; runtime display not yet checked. PROVEN: byte-identical source command exists at the same path and offsets on Disc 2. SUPPORTED: context-v1 glyph 복원; 런타임 원문 검증 전. TERM: 버스피어·파스·도박장.,うっ<G0001>そ<G0001>それは<G0026><G0026>,SUPPORTED,"0001,0026",NONE,
SCN_01080701_00740000_0061,SCENARIO,scenario_message,DATA/01080701.MDZ,DATA/01080701.MDT,0x00740000,01080701,60,0x002c5a0f,0x002c5a0a,94 21 94 7f 79 88 43 21 75 be a1 08 77 95 8a b9 9d bc f2 95 98 92 30 f0 3b f0 3a f0 e2 7f 08 56 f1 8c 81 92 8e 77 99 46 46 41 0d ff 00,"ち、ちがうさ！、あれは
いっしょに乗ってたミランダが
重すぎたせいで……！","아, 아니야! 그건
같이 타고 있던 미란다가
너무 무거웠기 때문에……!",UNASSIGNED,ユウキ,"[{""offset"":-5,""raw_hex"":""02 0e 00 07 00"",""kind"":""MESSAGE_HEADER"",""opcode"":2,""argument"":7},{""offset"":11,""raw_hex"":""08"",""kind"":""LINE_BREAK""},{""offset"":30,""raw_hex"":""08"",""kind"":""LINE_BREAK""},{""offset"":42,""raw_hex"":""0d ff 00"",""kind"":""MESSAGE_END""}]",REVIEW_1,NO,CHARACTER_GUIDE v0.1 적용. context-v1 복원 원문 1차 번역.,SUPPORTED: structured scenario command; header FACE slot maps to face_yuuki_08; runtime display not yet checked. PROVEN: byte-identical source command exists at the same path and offsets on Disc 2. SUPPORTED: context-v1 glyph 복원; 런타임 원문 검증 전. TERM: 버스피어·파스·도박장.,"ち<G0001>ちがうさ！<G0001>あれは
いっしょに乗ってたミランダが
重すぎたせいで<G0026><G0026><G0021>",SUPPORTED,"0001,0021,0026",NONE,
SCN_01080701_00740000_0063,SCENARIO,scenario_message,DATA/01080701.MDZ,DATA/01080701.MDT,0x00740000,01080701,62,0x002c5a96,0x002c5a91,a1 e4 21 a1 a4 e4 43 21 7d b7 f0 88 b0 43 0d ff 00,はッ、はひッ！、お母さま！,"네, 넵! 어머니!",UNASSIGNED,ユウキ,"[{""offset"":-5,""raw_hex"":""02 0e 00 06 00"",""kind"":""MESSAGE_HEADER"",""opcode"":2,""argument"":6},{""offset"":14,""raw_hex"":""0d ff 00"",""kind"":""MESSAGE_END""}]",REVIEW_1,NO,CHARACTER_GUIDE v0.1 적용. context-v1 복원 원문 1차 번역.,SUPPORTED: structured scenario command; header FACE slot maps to face_yuuki_07; runtime display not yet checked. PROVEN: byte-identical source command exists at the same path and offsets on Disc 2. SUPPORTED: context-v1 glyph 복원; 런타임 원문 검증 전. TERM: 버스피어·파스·도박장.,はッ<G0001>はひッ！<G0001>お<G0167>さま！,SUPPORTED,"0001,0167",NONE,
SCN_01080701_00740000_0065,SCENARIO,scenario_message,DATA/01080701.MDZ,DATA/01080701.MDT,0x00740000,01080701,64,0x002c5bcc,0x002c5bc7,63 f0 c0 8e 98 82 be 95 41 0d ff 00,会わせてくれっ！,만나게 해 줘!,UNASSIGNED,ユウキ,"[{""offset"":-5,""raw_hex"":""02 0e 00 04 00"",""kind"":""MESSAGE_HEADER"",""opcode"":2,""argument"":4},{""offset"":9,""raw_hex"":""0d ff 00"",""kind"":""MESSAGE_END""}]",REVIEW_1,NO,CHARACTER_GUIDE v0.1 적용. context-v1 복원 원문 1차 번역.,SUPPORTED: structured scenario command; header FACE slot maps to face_yuuki_05; runtime display not yet checked. PROVEN: byte-identical source command exists at the same path and offsets on Disc 2. SUPPORTED: context-v1 glyph 복원; 런타임 원문 검증 전. TERM: 버스피어·파스·도박장.,<G0113>わせてくれっ<G0021>,SUPPORTED,"0021,0113",NONE,
SCN_01080701_00740000_0066,SCENARIO,scenario_message,DATA/01080701.MDZ,DATA/01080701.MDT,0x00740000,01080701,65,0x002c5bff,0x002c5bfa,d9 36 f0 30 f0 e4 e9 a1 46 46 08 cc 3e f0 a0 75 86 7f be 9c c2 93 43 08 93 7e bb 46 46 21 82 f2 b2 95 41 0d ff 00,"シュミットは……
オレのあこがれなんだ！
だから……、頼むっ！","슈미트는……
내 동경의 대상이야!
그러니까…… 부탁이야!",UNASSIGNED,ユウキ,"[{""offset"":-5,""raw_hex"":""02 0e 00 07 00"",""kind"":""MESSAGE_HEADER"",""opcode"":2,""argument"":7},{""offset"":10,""raw_hex"":""08"",""kind"":""LINE_BREAK""},{""offset"":23,""raw_hex"":""08"",""kind"":""LINE_BREAK""},{""offset"":35,""raw_hex"":""0d ff 00"",""kind"":""MESSAGE_END""}]",REVIEW_1,NO,CHARACTER_GUIDE v0.1 적용. context-v1 복원 원문 1차 번역.,SUPPORTED: structured scenario command; header FACE slot maps to face_yuuki_08; runtime display not yet checked. PROVEN: byte-identical source command exists at the same path and offsets on Disc 2. SUPPORTED: context-v1 glyph 복원; 런타임 원문 검증 전. TERM: 버스피어·파스·도박장.,"シュミットは<G0026><G0026>
オレのあこがれなんだ！
だから<G0026><G0026><G0001>頼むっ<G0021>",SUPPORTED,"0001,0021,0026",NONE,
SCN_01080701_00740000_0067,SCENARIO,scenario_message,DATA/01080701.MDZ,DATA/01080701.MDT,0x00740000,01080701,66,0x002c5c7f,0x002c5c7a,cc 3e f0 21 9b 79 8a 98 b4 08 d9 36 f0 30 f0 e4 e9 9d 63 f0 77 92 77 c2 93 43 08 82 f2 b2 46 46 43 0d ff 00,"オレ、どうしても
シュミットに会いたいんだ！
頼む……！","나, 어떻게 해서든
슈미트를 만나고 싶어!
부탁이야……!",UNASSIGNED,ユウキ,"[{""offset"":-5,""raw_hex"":""02 0e 00 07 00"",""kind"":""MESSAGE_HEADER"",""opcode"":2,""argument"":7},{""offset"":9,""raw_hex"":""08"",""kind"":""LINE_BREAK""},{""offset"":26,""raw_hex"":""08"",""kind"":""LINE_BREAK""},{""offset"":33,""raw_hex"":""0d ff 00"",""kind"":""MESSAGE_END""}]",REVIEW_1,NO,CHARACTER_GUIDE v0.1 적용. context-v1 복원 원문 1차 번역.,SUPPORTED: structured scenario command; header FACE slot maps to face_yuuki_08; runtime display not yet checked. PROVEN: byte-identical source command exists at the same path and offsets on Disc 2. SUPPORTED: context-v1 glyph 복원; 런타임 원문 검증 전. TERM: 버스피어·파스·도박장.,"オレ<G0001>どうしても
シュミットに<G0113>いたいんだ！
頼む<G0026><G0026>！",SUPPORTED,"0001,0026,0113",NONE,
SCN_01080701_00740000_0068,SCENARIO,scenario_message,DATA/01080701.MDZ,DATA/01080701.MDT,0x00740000,01080701,67,0x002c5e15,0x002c5e10,77 ba 77 ba 21 32 f0 3a f0 e8 c5 9d 7d f5 4a f2 7e 74 08 63 f0 7b bd 7e 9c 21 d9 36 f0 30 f0 e4 e9 9d 0d ff 00,"いよいよ、メンディに到着かぁ
会えるかな、シュミットに","드디어 멘디에 도착하는 건가
슈미트를 만날 수 있을까?",UNASSIGNED,ユウキ,"[{""offset"":-5,""raw_hex"":""02 0e 00 02 00"",""kind"":""MESSAGE_HEADER"",""opcode"":2,""argument"":2},{""offset"":18,""raw_hex"":""08"",""kind"":""LINE_BREAK""},{""offset"":34,""raw_hex"":""0d ff 00"",""kind"":""MESSAGE_END""}]",REVIEW_1,NO,CHARACTER_GUIDE v0.1 적용. context-v1 복원 원문 1차 번역.,SUPPORTED: structured scenario command; header FACE slot maps to face_yuuki_03; runtime display not yet checked. PROVEN: byte-identical source command exists at the same path and offsets on Disc 2. SUPPORTED: context-v1 glyph 복원; 런타임 원문 검증 전. TERM: 버스피어·파스·도박장.,"いよいよ<G0001>メンディに<G053D>着か<G0054>
<G0113>えるかな<G0001>シュミットに",SUPPORTED,"0001,0054,0113,053D",NONE,
SCN_01080701_00740000_0069,SCENARIO,scenario_message,DATA/01080701.MDZ,DATA/01080701.MDT,0x00740000,01080701,68,0x002c5e6e,0x002c5e69,75 75 43 21 2a f1 e2 f4 a0 49 f1 42 f1 a5 f1 88 43 0d ff 00,ああ！、伝説の飛行王さ！,그래! 전설의 비행왕이야!,UNASSIGNED,ユウキ,"[{""offset"":-5,""raw_hex"":""02 0e 00 0a 00"",""kind"":""MESSAGE_HEADER"",""opcode"":2,""argument"":10},{""offset"":17,""raw_hex"":""0d ff 00"",""kind"":""MESSAGE_END""}]",REVIEW_1,NO,CHARACTER_GUIDE v0.1 적용. context-v1 복원 원문 1차 번역.,SUPPORTED: structured scenario command; header FACE slot maps to face_yuuki_11; runtime display not yet checked. PROVEN: byte-identical source command exists at the same path and offsets on Disc 2. SUPPORTED: context-v1 glyph 복원; 런타임 원문 검증 전. TERM: 버스피어·파스·도박장.,ああ！<G0001>伝説の飛行王さ！,SUPPORTED,0001,NONE,
SCN_01080701_00740000_0070,SCENARIO,scenario_message,DATA/01080701.MDZ,DATA/01080701.MDT,0x00740000,01080701,69,0x002c5ea2,0x002c5e9d,c4 3d f0 26 f0 c5 eb a0 86 9a 8a 7e 08 75 a0 9a 80 a1 44 f4 7b bb be 9c 7e 95 92 08 cc 3e f0 7f a9 f4 84 9c 80 b5 95 98 08 90 be 93 84 8a 7e 46 46 0d ff 00,"アルフィナのことしか
あのときは考えられなかった
オレが助けなきゃって
それだけしか……","그때는 알피나 생각밖에
할 수 없었어
내가 구해야 한다는
생각밖에는……",UNASSIGNED,ユウキ,"[{""offset"":-5,""raw_hex"":""02 0e 00 01 00"",""kind"":""MESSAGE_HEADER"",""opcode"":2,""argument"":1},{""offset"":12,""raw_hex"":""08"",""kind"":""LINE_BREAK""},{""offset"":27,""raw_hex"":""08"",""kind"":""LINE_BREAK""},{""offset"":40,""raw_hex"":""08"",""kind"":""LINE_BREAK""},{""offset"":49,""raw_hex"":""0d ff 00"",""kind"":""MESSAGE_END""}]",REVIEW_1,NO,CHARACTER_GUIDE v0.1 적용. context-v1 복원 원문 1차 번역.,SUPPORTED: structured scenario command; header FACE slot maps to face_yuuki_02; runtime display not yet checked. PROVEN: byte-identical source command exists at the same path and offsets on Disc 2. SUPPORTED: context-v1 glyph 복원; 런타임 원문 검증 전. TERM: 버스피어·파스·도박장.,"アルフィナのことしか
あのときは考えられなかった
オレが<G0499>けなきゃって
それだけしか<G0026><G0026>",SUPPORTED,"0026,0499",NONE,
SCN_01080701_00740000_0072,SCENARIO,scenario_message,DATA/01080701.MDZ,DATA/01080701.MDT,0x00740000,01080701,71,0x002c5fb1,0x002c5fac,c4 3d f0 26 f0 c5 eb a1 08 6a f2 a0 2f f3 84 7f bb 93 95 98 77 95 92 84 9b 08 92 8a 7e 9d 90 c2 9c 9c f3 8b 93 95 92 ba 0d ff 00,"アルフィナは
命の歩けがらだっていったけど
たしかにそんな感じだったよ","알피나는
생명의 껍데기라고 했지만
정말 그런 느낌이었어.",UNASSIGNED,ユウキ,"[{""offset"":-5,""raw_hex"":""02 0e 00 01 00"",""kind"":""MESSAGE_HEADER"",""opcode"":2,""argument"":1},{""offset"":8,""raw_hex"":""08"",""kind"":""LINE_BREAK""},{""offset"":25,""raw_hex"":""08"",""kind"":""LINE_BREAK""},{""offset"":40,""raw_hex"":""0d ff 00"",""kind"":""MESSAGE_END""}]",REVIEW_1,NO,CHARACTER_GUIDE v0.1 적용. context-v1 복원 원문 1차 번역.,SUPPORTED: structured scenario command; header FACE slot maps to face_yuuki_02; runtime display not yet checked. PROVEN: byte-identical source command exists at the same path and offsets on Disc 2. SUPPORTED: context-v1 glyph 복원; 런타임 원문 검증 전. TERM: 버스피어·파스·도박장.,"アルフィナは
命の<G034F>けがらだっていったけど
たしかにそんな感じだったよ",SUPPORTED,034F,NONE,
SCN_01080701_00740000_0073,SCENARIO,scenario_message,DATA/01080701.MDZ,DATA/01080701.MDT,0x00740000,01080701,72,0x002c6019,0x002c6014,9a 98 b4 80 be 77 99 08 99 b4 21 9b 86 7e ac f5 8a 77 46 46 08 90 c2 9c 6a f2 a0 9c 77 eb f2 97 f2 93 95 92 c2 93 0d ff 00,"とてもきれいで
でも、どこか悲しい……
そんな命のない世界だったんだ","아주 아름답지만
어딘가 슬픈……
그런 생명 없는 세계였어.",UNASSIGNED,ユウキ,"[{""offset"":-5,""raw_hex"":""02 0e 00 01 00"",""kind"":""MESSAGE_HEADER"",""opcode"":2,""argument"":1},{""offset"":7,""raw_hex"":""08"",""kind"":""LINE_BREAK""},{""offset"":20,""raw_hex"":""08"",""kind"":""LINE_BREAK""},{""offset"":38,""raw_hex"":""0d ff 00"",""kind"":""MESSAGE_END""}]",REVIEW_1,NO,CHARACTER_GUIDE v0.1 적용. context-v1 복원 원문 1차 번역.,SUPPORTED: structured scenario command; header FACE slot maps to face_yuuki_02; runtime display not yet checked. PROVEN: byte-identical source command exists at the same path and offsets on Disc 2. SUPPORTED: context-v1 glyph 복원; 런타임 원문 검증 전. TERM: 버스피어·파스·도박장.,"とてもきれいで
でも<G0001>どこか悲しい<G0026><G0026>
そんな命のない世界だったんだ",SUPPORTED,"0001,0026",NONE,
SCN_01080701_00740000_0074,SCENARIO,scenario_message,DATA/01080701.MDZ,DATA/01080701.MDT,0x00740000,01080701,73,0x002c6062,0x002c605d,75 a0 59 f1 a1 92 95 92 a4 9a bc 99 08 c1 f1 80 98 bd a0 7e 9c 08 6a f2 a0 9c 77 75 a0 eb f2 97 f2 99 46 46 0d ff 00,"あの子はたったひとりで
生きてるのかな
命のないあの世界で……","그 애는 혼자서
살고 있는 걸까
생명 없는 그 세계에서……",UNASSIGNED,ユウキ,"[{""offset"":-5,""raw_hex"":""02 0e 00 01 00"",""kind"":""MESSAGE_HEADER"",""opcode"":2,""argument"":1},{""offset"":12,""raw_hex"":""08"",""kind"":""LINE_BREAK""},{""offset"":21,""raw_hex"":""08"",""kind"":""LINE_BREAK""},{""offset"":36,""raw_hex"":""0d ff 00"",""kind"":""MESSAGE_END""}]",REVIEW_1,NO,CHARACTER_GUIDE v0.1 적용. context-v1 복원 원문 1차 번역.,SUPPORTED: structured scenario command; header FACE slot maps to face_yuuki_02; runtime display not yet checked. PROVEN: byte-identical source command exists at the same path and offsets on Disc 2. SUPPORTED: context-v1 glyph 복원; 런타임 원문 검증 전. TERM: 버스피어·파스·도박장.,"あの子はたったひとりで
生きてるのかな
命のないあの世界で<G0026><G0026>",SUPPORTED,0026,NONE,
SCN_01080701_00740000_0076,SCENARIO,scenario_message,DATA/01080701.MDZ,DATA/01080701.MDT,0x00740000,01080701,75,0x002c614a,0x002c6145,7b f5 7b a1 80 95 9a a1 f0 96 7e bd 43 08 d8 f0 8a 9d 77 86 79 21 c4 3d f0 26 f0 c5 eb 43 0d ff 00,"答えはきっと見つかる！
探しにいこう、アルフィナ！","답은 분명 찾을 수 있어!
찾으러 가자, 알피나!",UNASSIGNED,ユウキ,"[{""offset"":-5,""raw_hex"":""02 0e 00 0a 00"",""kind"":""MESSAGE_HEADER"",""opcode"":2,""argument"":10},{""offset"":13,""raw_hex"":""08"",""kind"":""LINE_BREAK""},{""offset"":30,""raw_hex"":""0d ff 00"",""kind"":""MESSAGE_END""}]",REVIEW_1,NO,CHARACTER_GUIDE v0.1 적용. context-v1 복원 원문 1차 번역.,SUPPORTED: structured scenario command; header FACE slot maps to face_yuuki_11; runtime display not yet checked. PROVEN: byte-identical source command exists at the same path and offsets on Disc 2. SUPPORTED: context-v1 glyph 복원; 런타임 원문 검증 전. TERM: 버스피어·파스·도박장.,"<G053B>えはきっと見つかる！
<G0188>しにいこう<G0001>アルフィナ！",SUPPORTED,"0001,0188,053B",NONE,
SCN_01080701_00740000_0078,SCENARIO,scenario_message,DATA/01080701.MDZ,DATA/01080701.MDT,0x00740000,01080701,77,0x002c6344,0x002c633f,6a f2 c1 9c f3 8b 9c 77 eb f2 97 f2 93 95 92 c2 93 08 9a 98 b4 80 be 77 9c c2 93 84 9b 08 9b 86 7e ac f5 8a 77 46 46 0d ff 00,"命を感じない世界だったんだ
とてもきれいなんだけど
どこか悲しい……","생명이 느껴지지 않는 세계였어
아주 아름답지만
어딘가 슬퍼……",UNASSIGNED,ユウキ,"[{""offset"":-5,""raw_hex"":""02 0e 00 01 00"",""kind"":""MESSAGE_HEADER"",""opcode"":2,""argument"":1},{""offset"":17,""raw_hex"":""08"",""kind"":""LINE_BREAK""},{""offset"":29,""raw_hex"":""08"",""kind"":""LINE_BREAK""},{""offset"":39,""raw_hex"":""0d ff 00"",""kind"":""MESSAGE_END""}]",REVIEW_1,NO,CHARACTER_GUIDE v0.1 적용. context-v1 복원 원문 1차 번역.,SUPPORTED: structured scenario command; header FACE slot maps to face_yuuki_02; runtime display not yet checked. PROVEN: byte-identical source command exists at the same path and offsets on Disc 2. SUPPORTED: context-v1 glyph 복원; 런타임 원문 검증 전. TERM: 버스피어·파스·도박장.,"命を感じない世界だったんだ
とてもきれいなんだけど
どこか悲しい<G0026><G0026>",SUPPORTED,0026,NONE,
SCN_01080701_00740000_0079,SCENARIO,scenario_message,DATA/01080701.MDZ,DATA/01080701.MDT,0x00740000,01080701,78,0x002c6611,0x002c660c,7b 95 46 46 44 08 9c 9d 21 c8 f2 c2 93 44 0d ff 00,"えっ……？
なに、呼んだ？","어……?
뭐야, 불렀어?",UNASSIGNED,ミランダ,"[{""offset"":-5,""raw_hex"":""22 0e 00 1d 00"",""kind"":""MESSAGE_HEADER"",""opcode"":34,""argument"":29},{""offset"":5,""raw_hex"":""08"",""kind"":""LINE_BREAK""},{""offset"":14,""raw_hex"":""0d ff 00"",""kind"":""MESSAGE_END""}]",REVIEW_1,NO,CHARACTER_GUIDE v0.1 적용. context-v1 복원 원문 1차 번역.,SUPPORTED: structured scenario command; header FACE slot maps to face_miranda_04; runtime display not yet checked. PROVEN: byte-identical source command exists at the same path and offsets on Disc 2. SUPPORTED: context-v1 glyph 복원; 런타임 원문 검증 전. TERM: 버스피어·파스·도박장.,"えっ<G0026><G0026>？
なに<G0001>呼んだ？",SUPPORTED,"0001,0026",NONE,
SCN_01080701_00740000_0080,SCENARIO,scenario_message,DATA/01080701.MDZ,DATA/01080701.MDT,0x00740000,01080701,79,0x002c665f,0x002c665a,37 f0 c8 cf 46 46 08 75 c2 92 21 b6 95 a3 bc 46 46 0d ff 00,"ユウキ……
あんた、やっぱり……","유키……
너, 역시……",UNASSIGNED,アロンソ,"[{""offset"":-5,""raw_hex"":""22 0e 00 23 00"",""kind"":""MESSAGE_HEADER"",""opcode"":34,""argument"":35},{""offset"":6,""raw_hex"":""08"",""kind"":""LINE_BREAK""},{""offset"":17,""raw_hex"":""0d ff 00"",""kind"":""MESSAGE_END""}]",REVIEW_1,NO,CHARACTER_GUIDE v0.1 적용. context-v1 복원 원문 1차 번역.,SUPPORTED: structured scenario command; header FACE slot maps to face_alonso_02; runtime display not yet checked. PROVEN: byte-identical source command exists at the same path and offsets on Disc 2. SUPPORTED: context-v1 glyph 복원; 런타임 원문 검증 전. TERM: 버스피어·파스·도박장.,"ユウキ<G0026><G0026>
あんた<G0001>やっ<G0083>り<G0026><G0026>",SUPPORTED,"0001,0026,0083",NONE,
SCN_01080701_00740000_0081,SCENARIO,scenario_message,DATA/01080701.MDZ,DATA/01080701.MDT,0x00740000,01080701,80,0x002c692c,0x002c6927,75 75 21 95 f5 dc f2 9d 5b f2 7f 75 bd 08 db f0 5c f1 a1 9f 46 46 0d ff 00,"ああ、背中に羽がある
以外はね……","그래, 등에 날개가 있다는
것 말고는……",UNASSIGNED,ユウキ,"[{""offset"":-5,""raw_hex"":""02 0e 00 01 00"",""kind"":""MESSAGE_HEADER"",""opcode"":2,""argument"":1},{""offset"":13,""raw_hex"":""08"",""kind"":""LINE_BREAK""},{""offset"":22,""raw_hex"":""0d ff 00"",""kind"":""MESSAGE_END""}]",REVIEW_1,NO,CHARACTER_GUIDE v0.1 적용. context-v1 복원 원문 1차 번역.,SUPPORTED: structured scenario command; header FACE slot maps to face_yuuki_02; runtime display not yet checked. PROVEN: byte-identical source command exists at the same path and offsets on Disc 2. SUPPORTED: context-v1 glyph 복원; 런타임 원문 검증 전. TERM: 버스피어·파스·도박장.,"ああ<G0001><G0555>中に羽がある
<G018B><G01DC>はね<G0026><G0026>",SUPPORTED,"0001,0026,018B,01DC",SUPPORTED,0555
SCN_01080701_00740000_0082,SCENARIO,scenario_message,DATA/01080701.MDZ,DATA/01080701.MDT,0x00740000,01080701,81,0x002c6a1c,0x002c6a17,b0 93 21 47 f1 82 9c 77 c2 93 46 46 08 90 79 93 9c 21 4d f4 84 f2 a1 b4 79 af f5 be 92 ba 0d ff 00,"まだ、眠くないんだ……
そうだな、あ日はもう疲れたよ","아직 졸리지 않아……
그래, 오늘은 이제 지쳤어.",UNASSIGNED,ユウキ,"[{""offset"":-5,""raw_hex"":""02 0e 00 01 00"",""kind"":""MESSAGE_HEADER"",""opcode"":2,""argument"":1},{""offset"":12,""raw_hex"":""08"",""kind"":""LINE_BREAK""},{""offset"":30,""raw_hex"":""0d ff 00"",""kind"":""MESSAGE_END""}]",REVIEW_1,NO,CHARACTER_GUIDE v0.1 적용. context-v1 복원 원문 1차 번역.,SUPPORTED: structured scenario command; header FACE slot maps to face_yuuki_02; runtime display not yet checked. PROVEN: byte-identical source command exists at the same path and offsets on Disc 2. SUPPORTED: context-v1 glyph 복원; 런타임 원문 검증 전. TERM: 버스피어·파스·도박장.,"まだ<G0001>眠くないんだ<G0026><G0026>
そうだな<G0001><G043D><G02D4>はもう<G056F>れたよ",SUPPORTED,"0001,0026,02D4,043D,056F",NONE,
SCN_01080701_00740000_0083,SCENARIO,scenario_message,DATA/01080701.MDZ,DATA/01080701.MDT,0x00740000,01080701,82,0x002c6b07,0x002c6b02,c2 45 21 4d f4 84 f2 95 98 08 93 be 7e a0 42 f5 c1 f1 84 f2 9a 7e 93 95 84 44 0d ff 00,"ん〜、あ日って
だれかの誕生日とかだっけ？","으음~ 오늘이
누군가의 생일 같은 날이던가?",UNASSIGNED,ユウキ,"[{""offset"":-5,""raw_hex"":""02 0e 00 0b 00"",""kind"":""MESSAGE_HEADER"",""opcode"":2,""argument"":11},{""offset"":9,""raw_hex"":""08"",""kind"":""LINE_BREAK""},{""offset"":26,""raw_hex"":""0d ff 00"",""kind"":""MESSAGE_END""}]",REVIEW_1,NO,CHARACTER_GUIDE v0.1 적용. context-v1 복원 원문 1차 번역.,SUPPORTED: structured scenario command; header FACE slot maps to face_yuuki_12; runtime display not yet checked. PROVEN: byte-identical source command exists at the same path and offsets on Disc 2. SUPPORTED: context-v1 glyph 복원; 런타임 원문 검증 전. TERM: 버스피어·파스·도박장.,"ん〜<G0001><G043D><G02D4>って
だれかの<G0502>生<G02D4>とかだっけ？",SUPPORTED,"0001,02D4,043D,0502",NONE,
SCN_01080701_00740000_0085,SCENARIO,scenario_message,DATA/01080701.MDZ,DATA/01080701.MDT,0x00740000,01080701,84,0x002c6b86,0x002c6b81,77 21 77 b6 43 08 90 c2 9c 86 9a 9c 77 84 9b 0d ff 00,"い、いや！
そんなことないけど","아, 아니야!
그런 건 아니지만.",UNASSIGNED,ユウキ,"[{""offset"":-5,""raw_hex"":""02 0e 00 08 00"",""kind"":""MESSAGE_HEADER"",""opcode"":2,""argument"":8},{""offset"":5,""raw_hex"":""08"",""kind"":""LINE_BREAK""},{""offset"":15,""raw_hex"":""0d ff 00"",""kind"":""MESSAGE_END""}]",REVIEW_1,NO,CHARACTER_GUIDE v0.1 적용. context-v1 복원 원문 1차 번역.,SUPPORTED: structured scenario command; header FACE slot maps to face_yuuki_09; runtime display not yet checked. PROVEN: byte-identical source command exists at the same path and offsets on Disc 2. SUPPORTED: context-v1 glyph 복원; 런타임 원문 검증 전. TERM: 버스피어·파스·도박장.,"い<G0001>いや！
そんなことないけど",SUPPORTED,0001,NONE,
SCN_01080701_00740000_0086,SCENARIO,scenario_message,DATA/01080701.MDZ,DATA/01080701.MDT,0x00740000,01080701,85,0x002c6bdb,0x002c6bd6,7b 95 46 46 44 0d ff 00,えっ……？,어……?,UNASSIGNED,ユウキ,"[{""offset"":-5,""raw_hex"":""02 0e 00 01 00"",""kind"":""MESSAGE_HEADER"",""opcode"":2,""argument"":1},{""offset"":5,""raw_hex"":""0d ff 00"",""kind"":""MESSAGE_END""}]",REVIEW_1,NO,CHARACTER_GUIDE v0.1 적용. context-v1 복원 원문 1차 번역.,SUPPORTED: structured scenario command; header FACE slot maps to face_yuuki_02; runtime display not yet checked. PROVEN: byte-identical source command exists at the same path and offsets on Disc 2. SUPPORTED: context-v1 glyph 복원; 런타임 원문 검증 전. TERM: 버스피어·파스·도박장.,えっ<G0026><G0026>？,SUPPORTED,0026,NONE,
SCN_01080701_00740000_0087,SCENARIO,scenario_message,DATA/01080701.MDZ,DATA/01080701.MDT,0x00740000,01080701,86,0x002c6c3d,0x002c6c38,cd f2 ce f5 9c 84 f2 9d 9c bd 95 98 08 9b 79 77 79 5b f1 5b f0 21 c4 3f f0 3a f0 df 44 0d ff 00,"特別な日になるって
どういう意味、アロンソ？","특별한 날이 된다는 게
무슨 뜻이야, 알론소?",UNASSIGNED,ユウキ,"[{""offset"":-5,""raw_hex"":""02 0e 00 01 00"",""kind"":""MESSAGE_HEADER"",""opcode"":2,""argument"":1},{""offset"":12,""raw_hex"":""08"",""kind"":""LINE_BREAK""},{""offset"":29,""raw_hex"":""0d ff 00"",""kind"":""MESSAGE_END""}]",REVIEW_1,NO,CHARACTER_GUIDE v0.1 적용. context-v1 복원 원문 1차 번역.,SUPPORTED: structured scenario command; header FACE slot maps to face_yuuki_02; runtime display not yet checked. PROVEN: byte-identical source command exists at the same path and offsets on Disc 2. SUPPORTED: context-v1 glyph 복원; 런타임 원문 검증 전. TERM: 버스피어·파스·도박장.,"特別な<G02D4>になるって
どういう意味<G0001>アロンソ？",SUPPORTED,"0001,02D4",NONE,
SCN_01080701_00740000_0088,SCENARIO,scenario_message,DATA/01080701.MDZ,DATA/01080701.MDT,0x00740000,01080701,87,0x002c6c99,0x002c6c94,79 45 c2 21 90 79 77 c0 be bd 9a 08 ba 84 77 9d bb f0 9d 9c bd 46 46 0d ff 00,"う〜ん、そういわれると
よけいに気になる……","으음, 그렇게 말하니까
더 신경 쓰이는데……",UNASSIGNED,ユウキ,"[{""offset"":-5,""raw_hex"":""02 0e 00 0b 00"",""kind"":""MESSAGE_HEADER"",""opcode"":2,""argument"":11},{""offset"":11,""raw_hex"":""08"",""kind"":""LINE_BREAK""},{""offset"":23,""raw_hex"":""0d ff 00"",""kind"":""MESSAGE_END""}]",REVIEW_1,NO,CHARACTER_GUIDE v0.1 적용. context-v1 복원 원문 1차 번역.,SUPPORTED: structured scenario command; header FACE slot maps to face_yuuki_12; runtime display not yet checked. PROVEN: byte-identical source command exists at the same path and offsets on Disc 2. SUPPORTED: context-v1 glyph 복원; 런타임 원문 검증 전. TERM: 버스피어·파스·도박장.,"う〜ん<G0001>そういわれると
よけいに気になる<G0026><G0026>",SUPPORTED,"0001,0026",NONE,
SCN_01080801_00740000_0005,SCENARIO,scenario_message,DATA/01080801.MDZ,DATA/01080801.MDT,0x00740000,01080801,4,0x004472ad,0x004472a8,7d f0 7f 5d f0 c1 f2 9d 66 f0 77 94 b5 95 92 a0 ba 08 9c c2 7e 86 79 21 20 f3 bc 7f 32 f0 3b f0 32 f0 3b f0 9a 08 c0 77 98 80 94 b5 95 98 d7 0d ff 00,"手が自然に動いちゃったのよ
なんかこう、怒りがメラメラと
わいてきちゃってサ","손이 저절로 움직여 버렸어
뭐랄까, 화가 활활
솟아올라서 말이야.",UNASSIGNED,アロンソ,"[{""offset"":-5,""raw_hex"":""22 0e 00 24 00"",""kind"":""MESSAGE_HEADER"",""opcode"":34,""argument"":36},{""offset"":17,""raw_hex"":""08"",""kind"":""LINE_BREAK""},{""offset"":37,""raw_hex"":""08"",""kind"":""LINE_BREAK""},{""offset"":47,""raw_hex"":""0d ff 00"",""kind"":""MESSAGE_END""}]",REVIEW_1,NO,CHARACTER_GUIDE v0.1 적용. context-v1 복원 원문 1차 번역.,SUPPORTED: structured scenario command; header FACE slot maps to face_alonso_03; runtime display not yet checked. PROVEN: byte-identical source command exists at the same path and offsets on Disc 2. SUPPORTED: context-v1 glyph 복원; 런타임 원문 검증 전. TERM: 버스피어·파스·도박장.,"手が自然に動いちゃったのよ
なんかこう<G0001>怒りがメラメラと
わいてきちゃってサ",SUPPORTED,0001,NONE,
SCN_01080801_00740000_0006,SCENARIO,scenario_message,DATA/01080801.MDZ,DATA/01080801.MDT,0x00740000,01080801,5,0x004472ee,0x004472e9,9c 9d 77 95 92 c2 93 bf 08 c4 3f f0 3a f0 df 46 0d ff 00,"なにいったんだろ
アロンソ…","무슨 말을 한 걸까
알론소는…",UNASSIGNED,ユウキ,"[{""offset"":-5,""raw_hex"":""02 0e 00 08 00"",""kind"":""MESSAGE_HEADER"",""opcode"":2,""argument"":8},{""offset"":8,""raw_hex"":""08"",""kind"":""LINE_BREAK""},{""offset"":16,""raw_hex"":""0d ff 00"",""kind"":""MESSAGE_END""}]",REVIEW_1,NO,CHARACTER_GUIDE v0.1 적용. context-v1 복원 원문 1차 번역.,SUPPORTED: structured scenario command; header FACE slot maps to face_yuuki_09; runtime display not yet checked. PROVEN: byte-identical source command exists at the same path and offsets on Disc 2. SUPPORTED: context-v1 glyph 복원; 런타임 원문 검증 전. TERM: 버스피어·파스·도박장.,"なにいったんだろ
アロンソ<G0026>",SUPPORTED,0026,NONE,
SCN_01080801_00740000_0007,SCENARIO,scenario_message,DATA/01080801.MDZ,DATA/01080801.MDT,0x00740000,01080801,6,0x00447389,0x00447384,7d 95 21 e9 3b f0 27 f0 3d f0 a0 34 f6 9c f3 43 08 b6 95 a3 b5 f0 a1 21 86 79 99 9c 77 9a 9c 43 0d ff 00,"おっ、トラブルの予感！
やっぱ旅は、こうでないとな！","오, 사건의 예감!
역시 여행은 이래야지!",UNASSIGNED,ユウキ,"[{""offset"":-5,""raw_hex"":""02 0e 00 0a 00"",""kind"":""MESSAGE_HEADER"",""opcode"":2,""argument"":10},{""offset"":16,""raw_hex"":""08"",""kind"":""LINE_BREAK""},{""offset"":32,""raw_hex"":""0d ff 00"",""kind"":""MESSAGE_END""}]",REVIEW_1,NO,CHARACTER_GUIDE v0.1 적용. context-v1 복원 원문 1차 번역.,SUPPORTED: structured scenario command; header FACE slot maps to face_yuuki_11; runtime display not yet checked. PROVEN: byte-identical source command exists at the same path and offsets on Disc 2. SUPPORTED: context-v1 glyph 복원; 런타임 원문 검증 전. TERM: 버스피어·파스·도박장.,"おっ<G0001>トラブルの<G05C4>感！
やっ<G0083>旅は<G0001>こうでないとな！",SUPPORTED,"0001,0083,05C4",NONE,
SCN_01080801_00740000_0008,SCENARIO,scenario_message,DATA/01080801.MDZ,DATA/01080801.MDT,0x00740000,01080801,7,0x0044742e,0x00447429,54 f1 8d f0 9d 7e b0 be 98 9c 80 b5 08 cc 3e f0 b4 90 79 a1 f1 95 92 7e b4 9c 46 0d ff 00,"最初にかまれてなきゃ
オレもそう思ったかもな…","처음에 물리지 않았더라면
나도 그렇게 생각했을지도 모르겠네…",UNASSIGNED,ユウキ,"[{""offset"":-5,""raw_hex"":""02 0e 00 08 00"",""kind"":""MESSAGE_HEADER"",""opcode"":2,""argument"":8},{""offset"":12,""raw_hex"":""08"",""kind"":""LINE_BREAK""},{""offset"":27,""raw_hex"":""0d ff 00"",""kind"":""MESSAGE_END""}]",REVIEW_1,NO,CHARACTER_GUIDE v0.1 적용. context-v1 복원 원문 1차 번역.,SUPPORTED: structured scenario command; header FACE slot maps to face_yuuki_09; runtime display not yet checked. PROVEN: byte-identical source command exists at the same path and offsets on Disc 2. SUPPORTED: context-v1 glyph 복원; 런타임 원문 검증 전. TERM: 버스피어·파스·도박장.,"<G01D4>初にかまれてなきゃ
オレもそう思ったかもな<G0026>",SUPPORTED,"0026,01D4",NONE,
SCN_01080801_00740000_0011,SCENARIO,scenario_message,DATA/01080801.MDZ,DATA/01080801.MDT,0x00740000,01080801,10,0x004475d0,0x004475cb,bb f3 9d 88 f0 8a 94 b5 08 35 f0 21 f0 77 95 98 21 c4 3e f0 43 0d ff 00,"客に出しちゃ
ヤバいって、アレ！","손님에게 내놓으면
큰일 난다고, 저건!",UNASSIGNED,ユウキ,"[{""offset"":-5,""raw_hex"":""02 0e 00 06 00"",""kind"":""MESSAGE_HEADER"",""opcode"":2,""argument"":6},{""offset"":8,""raw_hex"":""08"",""kind"":""LINE_BREAK""},{""offset"":21,""raw_hex"":""0d ff 00"",""kind"":""MESSAGE_END""}]",REVIEW_1,NO,CHARACTER_GUIDE v0.1 적용. context-v1 복원 원문 1차 번역.,SUPPORTED: structured scenario command; header FACE slot maps to face_yuuki_07; runtime display not yet checked. PROVEN: byte-identical source command exists at the same path and offsets on Disc 2. SUPPORTED: context-v1 glyph 복원; 런타임 원문 검증 전. TERM: 버스피어·파스·도박장.,"<G03DB>に出しちゃ
ヤバいって<G0001>アレ！",SUPPORTED,0001,SUPPORTED,03DB
SCN_01080801_00740000_0012,SCENARIO,scenario_message,DATA/01080801.MDZ,DATA/01080801.MDT,0x00740000,01080801,11,0x00447602,0x004475fd,d2 3f f0 e7 db d1 9c b4 a0 ad 9b 08 5c f3 5c f1 21 c3 f4 ab bd 9a 7d 77 8a 77 b4 a0 ba 08 b0 21 49 f6 44 f6 a0 3a f1 30 f5 95 98 35 f0 e5 44 0d ff 00,"グロテスクなものほど
意外、食べるとおいしいものよ
ま、料理の鉄則ってヤツ？","징그러운 것일수록
의외로 먹으면 맛있는 법이야
뭐, 요리의 철칙 같은 거지?",UNASSIGNED,ミランダ,"[{""offset"":-5,""raw_hex"":""22 0e 00 1e 00"",""kind"":""MESSAGE_HEADER"",""opcode"":34,""argument"":30},{""offset"":11,""raw_hex"":""08"",""kind"":""LINE_BREAK""},{""offset"":29,""raw_hex"":""08"",""kind"":""LINE_BREAK""},{""offset"":47,""raw_hex"":""0d ff 00"",""kind"":""MESSAGE_END""}]",REVIEW_1,NO,CHARACTER_GUIDE v0.1 적용. context-v1 복원 원문 1차 번역.,SUPPORTED: structured scenario command; header FACE slot maps to face_miranda_05; runtime display not yet checked. PROVEN: byte-identical source command exists at the same path and offsets on Disc 2. SUPPORTED: context-v1 glyph 복원; 런타임 원문 검증 전. TERM: 버스피어·파스·도박장.,"グロテスクなものほど
<G037C><G01DC><G0001>食べるとおいしいものよ
ま<G0001><G05D9><G05D4>の鉄<G04F0>ってヤツ？",SUPPORTED,"0001,01DC,037C,05D4,05D9",SUPPORTED,04F0
SCN_01080801_00740000_0013,SCENARIO,scenario_message,DATA/01080801.MDZ,DATA/01080801.MDT,0x00740000,01080801,12,0x00447643,0x0044763e,cc 21 cc 3e f0 a1 08 ca 3a f0 3c f0 38 f0 8a 9a 82 ba 46 0d ff 00,"オ、オレは
エンリョしとくよ…","나, 나는
사양할게…",UNASSIGNED,ユウキ,"[{""offset"":-5,""raw_hex"":""02 0e 00 08 00"",""kind"":""MESSAGE_HEADER"",""opcode"":2,""argument"":8},{""offset"":6,""raw_hex"":""08"",""kind"":""LINE_BREAK""},{""offset"":19,""raw_hex"":""0d ff 00"",""kind"":""MESSAGE_END""}]",REVIEW_1,NO,CHARACTER_GUIDE v0.1 적용. context-v1 복원 원문 1차 번역.,SUPPORTED: structured scenario command; header FACE slot maps to face_yuuki_09; runtime display not yet checked. PROVEN: byte-identical source command exists at the same path and offsets on Disc 2. SUPPORTED: context-v1 glyph 복원; 런타임 원문 검증 전. TERM: 버스피어·파스·도박장.,"オ<G0001>オレは
エンリョしとくよ<G0026>",SUPPORTED,"0001,0026",NONE,
SCN_01080801_00740000_0014,SCENARIO,scenario_message,DATA/01080801.MDZ,DATA/01080801.MDT,0x00740000,01080801,13,0x004476e1,0x004476dc,93 77 8b b9 79 a8 44 08 8c 87 77 68 f0 8a 92 84 9b 46 0d ff 00,"だいじょうぶ？
すごい音したけど…","괜찮아?
엄청난 소리가 났는데…",UNASSIGNED,アルフィナ,"[{""offset"":-5,""raw_hex"":""02 0e 00 0c 00"",""kind"":""MESSAGE_HEADER"",""opcode"":2,""argument"":12},{""offset"":7,""raw_hex"":""08"",""kind"":""LINE_BREAK""},{""offset"":18,""raw_hex"":""0d ff 00"",""kind"":""MESSAGE_END""}]",REVIEW_1,NO,CHARACTER_GUIDE v0.1 적용. context-v1 복원 원문 1차 번역.,SUPPORTED: structured scenario command; header FACE slot maps to face_alfina_01; runtime display not yet checked. PROVEN: byte-identical source command exists at the same path and offsets on Disc 2. SUPPORTED: context-v1 glyph 복원; 런타임 원문 검증 전. TERM: 버스피어·파스·도박장.,"だいじょうぶ？
すごい音したけど<G0026>",SUPPORTED,0026,NONE,
SCN_01080801_00740000_0016,SCENARIO,scenario_message,DATA/01080801.MDZ,DATA/01080801.MDT,0x00740000,01080801,15,0x004479ff,0x004479fa,9c c2 93 46 21 86 86 9d 08 80 f3 7e 6a f5 bb be 98 92 a0 7e 46 44 0d ff 00,"なんだ…、ここに
何か貼られてたのか…？","뭐야… 여기에
뭔가 붙어 있었던 건가…?",UNASSIGNED,ユウキ,"[{""offset"":-5,""raw_hex"":""02 0e 00 0b 00"",""kind"":""MESSAGE_HEADER"",""opcode"":2,""argument"":11},{""offset"":8,""raw_hex"":""08"",""kind"":""LINE_BREAK""},{""offset"":22,""raw_hex"":""0d ff 00"",""kind"":""MESSAGE_END""}]",REVIEW_1,NO,CHARACTER_GUIDE v0.1 적용. context-v1 복원 원문 1차 번역.,SUPPORTED: structured scenario command; header FACE slot maps to face_yuuki_12; runtime display not yet checked. PROVEN: byte-identical source command exists at the same path and offsets on Disc 2. SUPPORTED: context-v1 glyph 복원; 런타임 원문 검증 전. TERM: 버스피어·파스·도박장.,"なんだ<G0026><G0001>ここに
何か貼られてたのか<G0026>？",SUPPORTED,"0001,0026",NONE,
SCN_01080801_00740000_0017,SCENARIO,scenario_message,DATA/01080801.MDZ,DATA/01080801.MDT,0x00740000,01080801,16,0x00447a27,0x00447a22,75 c2 92 21 86 c2 9c 9a 86 bf 99 08 80 f3 8a 98 c2 a0 43 08 75 a0 e7 3a f0 e9 9d df f0 82 42 f1 7e 9c 77 9a 08 75 77 96 9d 41 f1 85 bb be 94 b5 79 c0 ba 43 0d ff 00,"あんた、こんなところで
何してんの！
あのテントに早く行かないと
あいつに逃げられちゃうわよ！","너, 이런 데서
뭐 하는 거야!
얼른 저 텐트로 가지 않으면
그 녀석을 놓치겠어!",UNASSIGNED,アロンソ,"[{""offset"":-5,""raw_hex"":""22 0e 00 24 00"",""kind"":""MESSAGE_HEADER"",""opcode"":34,""argument"":36},{""offset"":11,""raw_hex"":""08"",""kind"":""LINE_BREAK""},{""offset"":19,""raw_hex"":""08"",""kind"":""LINE_BREAK""},{""offset"":36,""raw_hex"":""08"",""kind"":""LINE_BREAK""},{""offset"":52,""raw_hex"":""0d ff 00"",""kind"":""MESSAGE_END""}]",REVIEW_1,NO,CHARACTER_GUIDE v0.1 적용. context-v1 복원 원문 1차 번역.,SUPPORTED: structured scenario command; header FACE slot maps to face_alonso_03; runtime display not yet checked. PROVEN: byte-identical source command exists at the same path and offsets on Disc 2. SUPPORTED: context-v1 glyph 복원; 런타임 원문 검증 전. TERM: 버스피어·파스·도박장.,"あんた<G0001>こんなところで
何してんの！
あのテントに早く行かないと
あいつに逃げられちゃうわよ！",SUPPORTED,0001,NONE,
SCN_01080801_00740000_0018,SCENARIO,scenario_message,DATA/01080801.MDZ,DATA/01080801.MDT,0x00740000,01080801,17,0x00447a7e,0x00447a79,ad bb 95 21 2d f0 3a f0 35 f0 3c f0 08 cd f5 9c c2 98 a1 f0 98 bd b1 f0 a3 f1 8b b5 08 9c 77 99 8a b9 43 08 df f0 82 e7 3a f0 e9 9d 42 f1 82 c0 ba 43 0d ff 00,"ほらっ、ボンヤリ
空なんて見てる場合じゃ
ないでしょ！
早くテントに行くわよ！","자, 멍하니
하늘이나 보고 있을 때가
아니잖아!
얼른 텐트로 가자!",UNASSIGNED,アロンソ,"[{""offset"":-5,""raw_hex"":""22 0e 00 24 00"",""kind"":""MESSAGE_HEADER"",""opcode"":34,""argument"":36},{""offset"":12,""raw_hex"":""08"",""kind"":""LINE_BREAK""},{""offset"":28,""raw_hex"":""08"",""kind"":""LINE_BREAK""},{""offset"":35,""raw_hex"":""08"",""kind"":""LINE_BREAK""},{""offset"":50,""raw_hex"":""0d ff 00"",""kind"":""MESSAGE_END""}]",REVIEW_1,NO,CHARACTER_GUIDE v0.1 적용. context-v1 복원 원문 1차 번역.,SUPPORTED: structured scenario command; header FACE slot maps to face_alonso_03; runtime display not yet checked. PROVEN: byte-identical source command exists at the same path and offsets on Disc 2. SUPPORTED: context-v1 glyph 복원; 런타임 원문 검증 전. TERM: 버스피어·파스·도박장.,"ほらっ<G0001>ボンヤリ
<G058D>なんて見てる場合じゃ
ないでしょ！
早くテントに行くわよ！",SUPPORTED,0001,SUPPORTED,058D
SCN_01080801_00740000_0019,SCENARIO,scenario_message,DATA/01080801.MDZ,DATA/01080801.MDT,0x00740000,01080801,18,0x00447ae4,0x00447adf,c4 3f f0 3a f0 df a0 c8 f0 cc f4 46 08 86 be 9d c9 f2 7e be 98 bd 9a 86 bf 08 9b f1 3b f2 42 f1 95 92 a0 7e 44 0d ff 00,"アロンソの海図…
これに描かれてるところ
全部行ったのか？","알론소의 해도…
여기에 그려진 곳을
전부 가 본 거야?",UNASSIGNED,ユウキ,"[{""offset"":-5,""raw_hex"":""02 0e 00 01 00"",""kind"":""MESSAGE_HEADER"",""opcode"":2,""argument"":1},{""offset"":12,""raw_hex"":""08"",""kind"":""LINE_BREAK""},{""offset"":25,""raw_hex"":""08"",""kind"":""LINE_BREAK""},{""offset"":37,""raw_hex"":""0d ff 00"",""kind"":""MESSAGE_END""}]",REVIEW_1,NO,CHARACTER_GUIDE v0.1 적용. context-v1 복원 원문 1차 번역.,SUPPORTED: structured scenario command; header FACE slot maps to face_yuuki_02; runtime display not yet checked. PROVEN: byte-identical source command exists at the same path and offsets on Disc 2. SUPPORTED: context-v1 glyph 복원; 런타임 원문 검증 전. TERM: 버스피어·파스·도박장.,"アロンソの海<G04BC><G0026>
これに描かれてるところ
全部行ったのか？",SUPPORTED,"0026,04BC",NONE,
SCN_01080801_00740000_0020,SCENARIO,scenario_message,DATA/01080801.MDZ,DATA/01080801.MDT,0x00740000,01080801,19,0x00447b97,0x00447b92,c4 3f f0 3a f0 df 7f c1 f1 80 92 a9 f1 21 7e 46 0d ff 00,アロンソが生きた証、か…,알론소가 살아온 증거인가…,UNASSIGNED,ユウキ,"[{""offset"":-5,""raw_hex"":""02 0e 00 02 00"",""kind"":""MESSAGE_HEADER"",""opcode"":2,""argument"":2},{""offset"":16,""raw_hex"":""0d ff 00"",""kind"":""MESSAGE_END""}]",REVIEW_1,NO,CHARACTER_GUIDE v0.1 적용. context-v1 복원 원문 1차 번역.,SUPPORTED: structured scenario command; header FACE slot maps to face_yuuki_03; runtime display not yet checked. PROVEN: byte-identical source command exists at the same path and offsets on Disc 2. SUPPORTED: context-v1 glyph 복원; 런타임 원문 검증 전. TERM: 버스피어·파스·도박장.,アロンソが生きた証<G0001>か<G0026>,SUPPORTED,"0001,0026",NONE,
SCN_01080801_00740000_0022,SCENARIO,scenario_message,DATA/01080801.MDZ,DATA/01080801.MDT,0x00740000,01080801,21,0x00447c40,0x00447c3b,c4 3f f0 3a f0 df a0 c8 f0 cc f4 46 08 86 be 9d c9 f2 7e be 98 bd 9a 86 bf 08 9b f1 3b f2 42 f1 95 92 a0 7e 44 0d ff 00,"アロンソの海図…
これに描かれてるところ
全部行ったのか？","알론소의 해도…
여기에 그려진 곳을
전부 가 본 거야?",UNASSIGNED,ユウキ,"[{""offset"":-5,""raw_hex"":""02 0e 00 01 00"",""kind"":""MESSAGE_HEADER"",""opcode"":2,""argument"":1},{""offset"":12,""raw_hex"":""08"",""kind"":""LINE_BREAK""},{""offset"":25,""raw_hex"":""08"",""kind"":""LINE_BREAK""},{""offset"":37,""raw_hex"":""0d ff 00"",""kind"":""MESSAGE_END""}]",REVIEW_1,NO,CHARACTER_GUIDE v0.1 적용. context-v1 복원 원문 1차 번역.,SUPPORTED: structured scenario command; header FACE slot maps to face_yuuki_02; runtime display not yet checked. PROVEN: byte-identical source command exists at the same path and offsets on Disc 2. SUPPORTED: context-v1 glyph 복원; 런타임 원문 검증 전. TERM: 버스피어·파스·도박장.,"アロンソの海<G04BC><G0026>
これに描かれてるところ
全部行ったのか？",SUPPORTED,"0026,04BC",NONE,
SCN_01080801_00740000_0023,SCENARIO,scenario_message,DATA/01080801.MDZ,DATA/01080801.MDT,0x00740000,01080801,22,0x00447cf3,0x00447cee,c4 3f f0 3a f0 df 7f c1 f1 80 92 a9 f1 21 7e 46 0d ff 00,アロンソが生きた証、か…,알론소가 살아온 증거인가…,UNASSIGNED,ユウキ,"[{""offset"":-5,""raw_hex"":""02 0e 00 02 00"",""kind"":""MESSAGE_HEADER"",""opcode"":2,""argument"":2},{""offset"":16,""raw_hex"":""0d ff 00"",""kind"":""MESSAGE_END""}]",REVIEW_1,NO,CHARACTER_GUIDE v0.1 적용. context-v1 복원 원문 1차 번역.,SUPPORTED: structured scenario command; header FACE slot maps to face_yuuki_03; runtime display not yet checked. PROVEN: byte-identical source command exists at the same path and offsets on Disc 2. SUPPORTED: context-v1 glyph 복원; 런타임 원문 검증 전. TERM: 버스피어·파스·도박장.,アロンソが生きた証<G0001>か<G0026>,SUPPORTED,"0001,0026",NONE,
SCN_01080801_00740000_0026,SCENARIO,scenario_message,DATA/01080801.MDZ,DATA/01080801.MDT,0x00740000,01080801,25,0x00447ddd,0x00447dd8,99 95 84 7a 46 08 86 be 46 21 9c c2 a0 ec f2 9c c2 93 46 44 0d ff 00,"でっけぇ…
これ…、なんの牙なんだ…？","크다…
이건… 무슨 송곳니야…?",UNASSIGNED,ユウキ,"[{""offset"":-5,""raw_hex"":""02 0e 00 06 00"",""kind"":""MESSAGE_HEADER"",""opcode"":2,""argument"":6},{""offset"":5,""raw_hex"":""08"",""kind"":""LINE_BREAK""},{""offset"":20,""raw_hex"":""0d ff 00"",""kind"":""MESSAGE_END""}]",REVIEW_1,NO,CHARACTER_GUIDE v0.1 적용. context-v1 복원 원문 1차 번역.,SUPPORTED: structured scenario command; header FACE slot maps to face_yuuki_07; runtime display not yet checked. PROVEN: byte-identical source command exists at the same path and offsets on Disc 2. SUPPORTED: context-v1 glyph 복원; 런타임 원문 검증 전. TERM: 버스피어·파스·도박장.,"でっけ<G005A><G0026>
これ<G0026><G0001>なんの<G033C>なんだ<G0026>？",SUPPORTED,"0001,0026,005A",SUPPORTED,033C
SCN_01080801_00740000_0028,SCENARIO,scenario_message,DATA/01080801.MDZ,DATA/01080801.MDT,0x00740000,01080801,27,0x00447ef3,0x00447eee,90 be 99 21 3b f1 95 92 a0 7e 46 43 0d ff 00,それで、戦ったのか…！,그걸로 싸운 거야…!,UNASSIGNED,ユウキ,"[{""offset"":-5,""raw_hex"":""02 0e 00 07 00"",""kind"":""MESSAGE_HEADER"",""opcode"":2,""argument"":7},{""offset"":12,""raw_hex"":""0d ff 00"",""kind"":""MESSAGE_END""}]",REVIEW_1,NO,CHARACTER_GUIDE v0.1 적용. context-v1 복원 원문 1차 번역.,SUPPORTED: structured scenario command; header FACE slot maps to face_yuuki_08; runtime display not yet checked. PROVEN: byte-identical source command exists at the same path and offsets on Disc 2. SUPPORTED: context-v1 glyph 복원; 런타임 원문 검증 전. TERM: 버스피어·파스·도박장.,それで<G0001>戦ったのか<G0026>！,SUPPORTED,"0001,0026",NONE,
SCN_01080801_00740000_0029,SCENARIO,scenario_message,DATA/01080801.MDZ,DATA/01080801.MDT,0x00740000,01080801,28,0x00447f55,0x00447f50,c3 f4 3e f6 7e ba 46 0d ff 00,食欲かよ…,식욕이냐…,UNASSIGNED,ユウキ,"[{""offset"":-5,""raw_hex"":""02 0e 00 06 00"",""kind"":""MESSAGE_HEADER"",""opcode"":2,""argument"":6},{""offset"":7,""raw_hex"":""0d ff 00"",""kind"":""MESSAGE_END""}]",REVIEW_1,NO,CHARACTER_GUIDE v0.1 적용. context-v1 복원 원문 1차 번역.,SUPPORTED: structured scenario command; header FACE slot maps to face_yuuki_07; runtime display not yet checked. PROVEN: byte-identical source command exists at the same path and offsets on Disc 2. SUPPORTED: context-v1 glyph 복원; 런타임 원문 검증 전. TERM: 버스피어·파스·도박장.,食<G05CE>かよ<G0026>,SUPPORTED,"0026,05CE",NONE,
SCN_01080801_00740000_0030,SCENARIO,scenario_message,DATA/01080801.MDZ,DATA/01080801.MDT,0x00740000,01080801,29,0x00447f7f,0x00447f7a,86 a0 58 f1 8f f5 9c ec f2 a0 b8 f1 94 ae f2 b4 08 c4 3f f0 3a f0 df a0 61 f3 82 f1 9d 46 0d ff 00,"この立派な牙の持ち主も
アロンソの胃袋に…","이 훌륭한 송곳니의 주인도
알론소의 뱃속으로…",UNASSIGNED,ユウキ,"[{""offset"":-5,""raw_hex"":""02 0e 00 01 00"",""kind"":""MESSAGE_HEADER"",""opcode"":2,""argument"":1},{""offset"":16,""raw_hex"":""08"",""kind"":""LINE_BREAK""},{""offset"":30,""raw_hex"":""0d ff 00"",""kind"":""MESSAGE_END""}]",REVIEW_1,NO,CHARACTER_GUIDE v0.1 적용. context-v1 복원 원문 1차 번역.,SUPPORTED: structured scenario command; header FACE slot maps to face_yuuki_02; runtime display not yet checked. PROVEN: byte-identical source command exists at the same path and offsets on Disc 2. SUPPORTED: context-v1 glyph 복원; 런타임 원문 검증 전. TERM: 버스피어·파스·도박장.,"この立<G054F>な<G033C>の持ち<G02FE>も
アロンソの<G0381><G0202>に<G0026>",SUPPORTED,"0026,054F",SUPPORTED,"0202,02FE,033C,0381"
SCN_01080801_00740000_0031,SCENARIO,scenario_message,DATA/01080801.MDZ,DATA/01080801.MDT,0x00740000,01080801,30,0x00447fc7,0x00447fc2,8c 87 77 ec f2 93 43 08 d5 c6 e5 c1 6c f4 46 f6 b3 92 c2 9c bb 08 ea f1 95 a9 8a 9d 5d f0 81 f2 7f 75 bd 95 98 08 2e f4 95 98 92 a0 b4 7b f0 7e bd 9c 46 0d ff 00,"すごい牙だ！
コイツを仕留めたんなら
腕っぶしに自信があるって
言ってたのも分かるな…","대단한 송곳니야!
이 녀석을 해치웠다면
힘에는 자신이 있다고
말한 것도 이해되네…",UNASSIGNED,ユウキ,"[{""offset"":-5,""raw_hex"":""02 0e 00 02 00"",""kind"":""MESSAGE_HEADER"",""opcode"":2,""argument"":2},{""offset"":7,""raw_hex"":""08"",""kind"":""LINE_BREAK""},{""offset"":21,""raw_hex"":""08"",""kind"":""LINE_BREAK""},{""offset"":37,""raw_hex"":""08"",""kind"":""LINE_BREAK""},{""offset"":51,""raw_hex"":""0d ff 00"",""kind"":""MESSAGE_END""}]",REVIEW_1,NO,CHARACTER_GUIDE v0.1 적용. context-v1 복원 원문 1차 번역.,SUPPORTED: structured scenario command; header FACE slot maps to face_yuuki_03; runtime display not yet checked. PROVEN: byte-identical source command exists at the same path and offsets on Disc 2. SUPPORTED: context-v1 glyph 복원; 런타임 원문 검증 전. TERM: 버스피어·파스·도박장.,"すごい<G033C>だ！
コイツを仕<G05D6>めたんなら
<G026A>っ<G0089>しに自信があるって
<G041E>ってたのも分かるな<G0026>",SUPPORTED,"0026,041E",SUPPORTED,"0089,026A,033C,05D6"
SCN_01080801_00740000_0033,SCENARIO,scenario_message,DATA/01080801.MDZ,DATA/01080801.MDT,0x00740000,01080801,32,0x00448088,0x00448083,9c c2 93 86 bc b5 44 08 e6 f1 84 f0 a0 96 f9 46 44 08 39 f0 3f f0 c6 9d 8a 94 b5 08 29 f0 3a f0 9c 53 f3 3d f4 93 9c 0d ff 00,"なんだこりゃ？
金属の像…？
ヨロイにしちゃ
ヘンな格好だな","이게 뭐야?
금속 조각상…?
갑옷이라고 하기엔
이상한 모양이네.",UNASSIGNED,ユウキ,"[{""offset"":-5,""raw_hex"":""02 0e 00 01 00"",""kind"":""MESSAGE_HEADER"",""opcode"":2,""argument"":1},{""offset"":7,""raw_hex"":""08"",""kind"":""LINE_BREAK""},{""offset"":17,""raw_hex"":""08"",""kind"":""LINE_BREAK""},{""offset"":27,""raw_hex"":""08"",""kind"":""LINE_BREAK""},{""offset"":39,""raw_hex"":""0d ff 00"",""kind"":""MESSAGE_END""}]",REVIEW_1,NO,CHARACTER_GUIDE v0.1 적용. context-v1 복원 원문 1차 번역.,SUPPORTED: structured scenario command; header FACE slot maps to face_yuuki_02; runtime display not yet checked. PROVEN: byte-identical source command exists at the same path and offsets on Disc 2. SUPPORTED: context-v1 glyph 복원; 런타임 원문 검증 전. TERM: 버스피어·파스·도박장.,"なんだこりゃ？
金属の<G0896><G0026>？
ヨロイにしちゃ
ヘンな<G0373>好だな",SUPPORTED,"0026,0373",SUPPORTED,0896
SCN_01080801_00740000_0035,SCENARIO,scenario_message,DATA/01080801.MDZ,DATA/01080801.MDT,0x00740000,01080801,34,0x004481a6,0x004481a1,46 9c c2 7e 08 59 f2 5a f2 9c 31 f6 d0 f5 2e f0 db e9 b1 92 77 93 9c 0d ff 00,"…なんか
奇妙な郵便ポストみたいだな","…뭔가
기묘한 우체통 같네.",UNASSIGNED,ユウキ,"[{""offset"":-5,""raw_hex"":""02 0e 00 08 00"",""kind"":""MESSAGE_HEADER"",""opcode"":2,""argument"":8},{""offset"":4,""raw_hex"":""08"",""kind"":""LINE_BREAK""},{""offset"":23,""raw_hex"":""0d ff 00"",""kind"":""MESSAGE_END""}]",REVIEW_1,NO,CHARACTER_GUIDE v0.1 적용. context-v1 복원 원문 1차 번역.,SUPPORTED: structured scenario command; header FACE slot maps to face_yuuki_09; runtime display not yet checked. PROVEN: byte-identical source command exists at the same path and offsets on Disc 2. SUPPORTED: context-v1 glyph 복원; 런타임 원문 검증 전. TERM: 버스피어·파스·도박장.,"<G0026>なんか
奇<G02AA>な<G05C1>便ポストみたいだな",SUPPORTED,"0026,02AA",SUPPORTED,05C1
SCN_01080801_00740000_0036,SCENARIO,scenario_message,DATA/01080801.MDZ,DATA/01080801.MDT,0x00740000,01080801,35,0x00448425,0x00448420,9c 74 9c 74 21 c8 3d f0 95 98 88 08 9b 79 b6 95 98 d9 21 f0 9a 08 4d f5 71 f1 82 9c 95 92 c2 93 44 0d ff 00,"なぁなぁ、ウルってさ
どうやってシバと
仲良くなったんだ？","저기, 울 말이야
어떻게 시바와
친해진 거야?",UNASSIGNED,ユウキ,"[{""offset"":-5,""raw_hex"":""02 0e 00 02 00"",""kind"":""MESSAGE_HEADER"",""opcode"":2,""argument"":2},{""offset"":11,""raw_hex"":""08"",""kind"":""LINE_BREAK""},{""offset"":21,""raw_hex"":""08"",""kind"":""LINE_BREAK""},{""offset"":33,""raw_hex"":""0d ff 00"",""kind"":""MESSAGE_END""}]",REVIEW_1,NO,CHARACTER_GUIDE v0.1 적용. context-v1 복원 원문 1차 번역.,SUPPORTED: structured scenario command; header FACE slot maps to face_yuuki_03; runtime display not yet checked. PROVEN: byte-identical source command exists at the same path and offsets on Disc 2. SUPPORTED: context-v1 glyph 복원; 런타임 원문 검증 전. TERM: 버스피어·파스·도박장.,"な<G0054>な<G0054><G0001>ウルってさ
どうやってシバと
仲良くなったんだ？",SUPPORTED,"0001,0054",NONE,
SCN_01080801_00740000_0037,SCENARIO,scenario_message,DATA/01080801.MDZ,DATA/01080801.MDT,0x00740000,01080801,36,0x00448493,0x0044848e,8d 95 9a 77 95 8a b9 42 08 e6 f3 63 f5 b1 92 77 93 9c 21 b0 bd 99 43 0d ff 00,"ずっといっしょ？
父弟みたいだな、まるで！","계속 함께였어?
아버지와 아들 같네, 정말!",UNASSIGNED,ユウキ,"[{""offset"":-5,""raw_hex"":""02 0e 00 02 00"",""kind"":""MESSAGE_HEADER"",""opcode"":2,""argument"":2},{""offset"":8,""raw_hex"":""08"",""kind"":""LINE_BREAK""},{""offset"":23,""raw_hex"":""0d ff 00"",""kind"":""MESSAGE_END""}]",REVIEW_1,NO,CHARACTER_GUIDE v0.1 적용. context-v1 복원 원문 1차 번역.,SUPPORTED: structured scenario command; header FACE slot maps to face_yuuki_03; runtime display not yet checked. PROVEN: byte-identical source command exists at the same path and offsets on Disc 2. SUPPORTED: context-v1 glyph 복원; 런타임 원문 검증 전. TERM: 버스피어·파스·도박장.,"ずっといっしょ<G0022>
<G0406><G0523>みたいだな<G0001>まるで！",SUPPORTED,"0001,0022,0406",SUPPORTED,0523
SCN_01080801_00740000_0038,SCENARIO,scenario_message,DATA/01080801.MDZ,DATA/01080801.MDT,0x00740000,01080801,37,0x00448510,0x0044850b,9e f0 a0 4d f0 3b f2 7e 74 46 46 08 90 be 95 98 44 f6 21 f5 9c c2 93 ba 9c 08 49 f1 42 f1 af f3 bc f2 bc 9d 9a 95 98 b4 0d ff 00,"体の一部かぁ……
それって理思なんだよな
飛行機乗りにとっても","몸의 일부라……
그건 비행기 조종사에게도
이상적인 일이겠지.",UNASSIGNED,ユウキ,"[{""offset"":-5,""raw_hex"":""02 0e 00 02 00"",""kind"":""MESSAGE_HEADER"",""opcode"":2,""argument"":2},{""offset"":11,""raw_hex"":""08"",""kind"":""LINE_BREAK""},{""offset"":25,""raw_hex"":""08"",""kind"":""LINE_BREAK""},{""offset"":40,""raw_hex"":""0d ff 00"",""kind"":""MESSAGE_END""}]",REVIEW_1,NO,CHARACTER_GUIDE v0.1 적용. context-v1 복원 원문 1차 번역.,SUPPORTED: structured scenario command; header FACE slot maps to face_yuuki_03; runtime display not yet checked. PROVEN: byte-identical source command exists at the same path and offsets on Disc 2. SUPPORTED: context-v1 glyph 복원; 런타임 원문 검증 전. TERM: 버스피어·파스·도박장.,"体の一部か<G0054><G0026><G0026>
それって<G05D4><G04E1>なんだよな
飛行機乗りにとっても",SUPPORTED,"0026,0054,04E1,05D4",NONE,
SCN_01080801_00740000_0039,SCENARIO,scenario_message,DATA/01080801.MDZ,DATA/01080801.MDT,0x00740000,01080801,38,0x0044855b,0x00448556,49 f1 4e f1 a0 73 f1 46 46 08 90 79 c8 f2 a2 be 98 bd a0 7e 08 c8 3d f0 92 94 a1 0d ff 00,"飛竜の民……
そう呼ばれてるのか
ウルたちは","비룡의 민족……
울 일행은
그렇게 불리는구나.",UNASSIGNED,ユウキ,"[{""offset"":-5,""raw_hex"":""02 0e 00 0b 00"",""kind"":""MESSAGE_HEADER"",""opcode"":2,""argument"":11},{""offset"":9,""raw_hex"":""08"",""kind"":""LINE_BREAK""},{""offset"":20,""raw_hex"":""08"",""kind"":""LINE_BREAK""},{""offset"":27,""raw_hex"":""0d ff 00"",""kind"":""MESSAGE_END""}]",REVIEW_1,NO,CHARACTER_GUIDE v0.1 적용. context-v1 복원 원문 1차 번역.,SUPPORTED: structured scenario command; header FACE slot maps to face_yuuki_12; runtime display not yet checked. PROVEN: byte-identical source command exists at the same path and offsets on Disc 2. SUPPORTED: context-v1 glyph 복원; 런타임 원문 검증 전. TERM: 버스피어·파스·도박장.,"飛竜の<G01F3><G0026><G0026>
そう呼ばれてるのか
ウルたちは",SUPPORTED,0026,SUPPORTED,01F3
SCN_01080801_00740000_0040,SCENARIO,scenario_message,DATA/01080801.MDZ,DATA/01080801.MDT,0x00740000,01080801,39,0x00448599,0x00448594,49 f1 4e f1 a0 3e f5 7e 74 08 6b f2 be 98 95 98 82 be ba 21 cc 3e f0 b4 43 0d ff 00,"飛竜の巣かぁ
連れてってくれよ、オレも！","비룡의 둥지라…
나도 데려가 줘!",UNASSIGNED,ユウキ,"[{""offset"":-5,""raw_hex"":""02 0e 00 02 00"",""kind"":""MESSAGE_HEADER"",""opcode"":2,""argument"":2},{""offset"":9,""raw_hex"":""08"",""kind"":""LINE_BREAK""},{""offset"":25,""raw_hex"":""0d ff 00"",""kind"":""MESSAGE_END""}]",REVIEW_1,NO,CHARACTER_GUIDE v0.1 적용. context-v1 복원 원문 1차 번역.,SUPPORTED: structured scenario command; header FACE slot maps to face_yuuki_03; runtime display not yet checked. PROVEN: byte-identical source command exists at the same path and offsets on Disc 2. SUPPORTED: context-v1 glyph 복원; 런타임 원문 검증 전. TERM: 버스피어·파스·도박장.,"飛竜の<G04FE>か<G0054>
連れてってくれよ<G0001>オレも！",SUPPORTED,"0001,0054,04FE",NONE,
SCN_01080801_00740000_0041,SCENARIO,scenario_message,DATA/01080801.MDZ,DATA/01080801.MDT,0x00740000,01080801,40,0x004485f3,0x004485ee,75 45 75 21 49 f1 42 f1 af f3 88 7b 75 be a2 08 cc 3e f0 b4 c8 3d f0 b6 d9 21 f0 9a 77 95 8a b9 9d 08 49 f1 ab bd a0 9d 9c 74 45 0d ff 00,"あ〜あ、飛行機さえあれば
オレもウルやシバといっしょに
飛べるのになぁ〜","아아, 비행기만 있다면
나도 울이나 시바와 함께
날 수 있을 텐데~",UNASSIGNED,ユウキ,"[{""offset"":-5,""raw_hex"":""02 0e 00 01 00"",""kind"":""MESSAGE_HEADER"",""opcode"":2,""argument"":1},{""offset"":15,""raw_hex"":""08"",""kind"":""LINE_BREAK""},{""offset"":33,""raw_hex"":""08"",""kind"":""LINE_BREAK""},{""offset"":43,""raw_hex"":""0d ff 00"",""kind"":""MESSAGE_END""}]",REVIEW_1,NO,CHARACTER_GUIDE v0.1 적용. context-v1 복원 원문 1차 번역.,SUPPORTED: structured scenario command; header FACE slot maps to face_yuuki_02; runtime display not yet checked. PROVEN: byte-identical source command exists at the same path and offsets on Disc 2. SUPPORTED: context-v1 glyph 복원; 런타임 원문 검증 전. TERM: 버스피어·파스·도박장.,"あ〜あ<G0001>飛行機さえあれば
オレもウルやシバといっしょに
飛べるのにな<G0054>〜",SUPPORTED,"0001,0054",NONE,
SCN_01080801_00740000_0042,SCENARIO,scenario_message,DATA/01080801.MDZ,DATA/01080801.MDT,0x00740000,01080801,41,0x00448669,0x00448664,75 a0 da da c5 46 46 44 0d ff 00,あのジジィ……？,그 영감님……?,UNASSIGNED,ユウキ,"[{""offset"":-5,""raw_hex"":""02 0e 00 0b 00"",""kind"":""MESSAGE_HEADER"",""opcode"":2,""argument"":11},{""offset"":8,""raw_hex"":""0d ff 00"",""kind"":""MESSAGE_END""}]",REVIEW_1,NO,CHARACTER_GUIDE v0.1 적용. context-v1 복원 원문 1차 번역.,SUPPORTED: structured scenario command; header FACE slot maps to face_yuuki_12; runtime display not yet checked. PROVEN: byte-identical source command exists at the same path and offsets on Disc 2. SUPPORTED: context-v1 glyph 복원; 런타임 원문 검증 전. TERM: 버스피어·파스·도박장.,あのジジィ<G0026><G0026>？,SUPPORTED,0026,NONE,
SCN_01080801_00740000_0043,SCENARIO,scenario_message,DATA/01080801.MDZ,DATA/01080801.MDT,0x00740000,01080801,42,0x004486be,0x004486b9,90 21 90 be 95 98 08 b4 8a 7e 8a 98 46 46 43 0d ff 00,"そ、それって
もしかして……！","그, 그건
설마……!",UNASSIGNED,アルフィナ,"[{""offset"":-5,""raw_hex"":""02 0e 00 0c 00"",""kind"":""MESSAGE_HEADER"",""opcode"":2,""argument"":12},{""offset"":6,""raw_hex"":""08"",""kind"":""LINE_BREAK""},{""offset"":15,""raw_hex"":""0d ff 00"",""kind"":""MESSAGE_END""}]",REVIEW_1,NO,CHARACTER_GUIDE v0.1 적용. context-v1 복원 원문 1차 번역.,SUPPORTED: structured scenario command; header FACE slot maps to face_alfina_01; runtime display not yet checked. PROVEN: byte-identical source command exists at the same path and offsets on Disc 2. SUPPORTED: context-v1 glyph 복원; 런타임 원문 검증 전. TERM: 버스피어·파스·도박장.,"そ<G0001>それって
もしかして<G0026><G0026>！",SUPPORTED,"0001,0026",NONE,
SCN_01080801_00740000_0044,SCENARIO,scenario_message,DATA/01080801.MDZ,DATA/01080801.MDT,0x00740000,01080801,43,0x004486fd,0x004486f8,c8 3d f0 a0 77 79 21 75 a0 da da c5 95 98 08 b4 8a 7e 8a 98 46 46 42 0d ff 00,"ウルのいう、あのジジィって
もしかして……？","울이 말한 그 영감님이
설마……?",UNASSIGNED,アルフィナ,"[{""offset"":-5,""raw_hex"":""02 0e 00 0c 00"",""kind"":""MESSAGE_HEADER"",""opcode"":2,""argument"":12},{""offset"":14,""raw_hex"":""08"",""kind"":""LINE_BREAK""},{""offset"":23,""raw_hex"":""0d ff 00"",""kind"":""MESSAGE_END""}]",REVIEW_1,NO,CHARACTER_GUIDE v0.1 적용. context-v1 복원 원문 1차 번역.,SUPPORTED: structured scenario command; header FACE slot maps to face_alfina_01; runtime display not yet checked. PROVEN: byte-identical source command exists at the same path and offsets on Disc 2. SUPPORTED: context-v1 glyph 복원; 런타임 원문 검증 전. TERM: 버스피어·파스·도박장.,"ウルのいう<G0001>あのジジィって
もしかして<G0026><G0026><G0022>",SUPPORTED,"0001,0022,0026",NONE,
SCN_01080801_00740000_0045,SCENARIO,scenario_message,DATA/01080801.MDZ,DATA/01080801.MDT,0x00740000,01080801,44,0x00448737,0x00448732,d9 36 f0 30 f0 e4 e9 a1 46 46 08 cc 3e f0 a0 75 86 7f be 9c c2 93 43 08 63 f0 c0 8e 98 82 be 46 46 21 82 f2 b2 95 41 0d ff 00,"シュミットは……
オレのあこがれなんだ！
会わせてくれ……、頼むっ！","슈미트는……
내 동경의 대상이야!
만나게 해 줘…… 부탁이야!",UNASSIGNED,ユウキ,"[{""offset"":-5,""raw_hex"":""02 0e 00 07 00"",""kind"":""MESSAGE_HEADER"",""opcode"":2,""argument"":7},{""offset"":10,""raw_hex"":""08"",""kind"":""LINE_BREAK""},{""offset"":23,""raw_hex"":""08"",""kind"":""LINE_BREAK""},{""offset"":39,""raw_hex"":""0d ff 00"",""kind"":""MESSAGE_END""}]",REVIEW_1,NO,CHARACTER_GUIDE v0.1 적용. context-v1 복원 원문 1차 번역.,SUPPORTED: structured scenario command; header FACE slot maps to face_yuuki_08; runtime display not yet checked. PROVEN: byte-identical source command exists at the same path and offsets on Disc 2. SUPPORTED: context-v1 glyph 복원; 런타임 원문 검증 전. TERM: 버스피어·파스·도박장.,"シュミットは<G0026><G0026>
オレのあこがれなんだ！
<G0113>わせてくれ<G0026><G0026><G0001>頼むっ<G0021>",SUPPORTED,"0001,0021,0026,0113",NONE,
SCN_01080801_00740000_0048,SCENARIO,scenario_message,DATA/01080801.MDZ,DATA/01080801.MDT,0x00740000,01080801,47,0x00448a02,0x004489fd,d9 21 f0 b1 92 77 9c a0 b4 42 0d ff 00,シバみたいなのも？,시바 같은 비룡도?,UNASSIGNED,ユウキ,"[{""offset"":-5,""raw_hex"":""02 0e 00 02 00"",""kind"":""MESSAGE_HEADER"",""opcode"":2,""argument"":2},{""offset"":10,""raw_hex"":""0d ff 00"",""kind"":""MESSAGE_END""}]",REVIEW_1,NO,CHARACTER_GUIDE v0.1 적용. context-v1 복원 원문 1차 번역.,SUPPORTED: structured scenario command; header FACE slot maps to face_yuuki_03; runtime display not yet checked. PROVEN: byte-identical source command exists at the same path and offsets on Disc 2. SUPPORTED: context-v1 glyph 복원; 런타임 원문 검증 전. TERM: 버스피어·파스·도박장.,シバみたいなのも<G0022>,SUPPORTED,0022,NONE,
SCN_01080801_00740000_0049,SCENARIO,scenario_message,DATA/01080801.MDZ,DATA/01080801.MDT,0x00740000,01080801,48,0x00448a6e,0x00448a69,8c 87 77 9c 74 46 46 08 77 96 7e cc 3e f0 b4 6b f2 be 98 95 98 82 be ba 08 90 a0 49 f1 4e f1 a0 3e f5 95 98 9a 86 bf 9d 43 0d ff 00,"すごいなぁ……
いつかオレも連れてってくれよ
その飛竜の巣ってところに！","대단하다……
언젠가 나도 데려가 줘
그 비룡의 둥지라는 곳에!",UNASSIGNED,ユウキ,"[{""offset"":-5,""raw_hex"":""02 0e 00 09 00"",""kind"":""MESSAGE_HEADER"",""opcode"":2,""argument"":9},{""offset"":7,""raw_hex"":""08"",""kind"":""LINE_BREAK""},{""offset"":24,""raw_hex"":""08"",""kind"":""LINE_BREAK""},{""offset"":41,""raw_hex"":""0d ff 00"",""kind"":""MESSAGE_END""}]",REVIEW_1,NO,CHARACTER_GUIDE v0.1 적용. context-v1 복원 원문 1차 번역.,SUPPORTED: structured scenario command; header FACE slot maps to face_yuuki_10; runtime display not yet checked. PROVEN: byte-identical source command exists at the same path and offsets on Disc 2. SUPPORTED: context-v1 glyph 복원; 런타임 원문 검증 전. TERM: 버스피어·파스·도박장.,"すごいな<G0054><G0026><G0026>
いつかオレも連れてってくれよ
その飛竜の<G04FE>ってところに！",SUPPORTED,"0026,0054,04FE",NONE,
SCN_01080801_00740000_0050,SCENARIO,scenario_message,DATA/01080801.MDZ,DATA/01080801.MDT,0x00740000,01080801,49,0x00448cf5,0x00448cf0,79 aa 7a 46 46 08 86 be c1 54 f1 8d f0 9d c3 f4 ab 92 d7 f0 08 df 3a f0 d3 c6 8a 94 b5 79 ba 21 cc 3e f0 0d ff 00,"うへぇ……
これを最初に食べた人
ソンケイしちゃうよ、オレ","우웩……
이걸 처음 먹은 사람은
정말 존경스러워, 난.",UNASSIGNED,ユウキ,"[{""offset"":-5,""raw_hex"":""02 0e 00 08 00"",""kind"":""MESSAGE_HEADER"",""opcode"":2,""argument"":8},{""offset"":5,""raw_hex"":""08"",""kind"":""LINE_BREAK""},{""offset"":20,""raw_hex"":""08"",""kind"":""LINE_BREAK""},{""offset"":35,""raw_hex"":""0d ff 00"",""kind"":""MESSAGE_END""}]",REVIEW_1,NO,CHARACTER_GUIDE v0.1 적용. context-v1 복원 원문 1차 번역.,SUPPORTED: structured scenario command; header FACE slot maps to face_yuuki_09; runtime display not yet checked. PROVEN: byte-identical source command exists at the same path and offsets on Disc 2. SUPPORTED: context-v1 glyph 복원; 런타임 원문 검증 전. TERM: 버스피어·파스·도박장.,"うへ<G005A><G0026><G0026>
これを<G01D4>初に食べた人
ソンケイしちゃうよ<G0001>オレ",SUPPORTED,"0001,0026,005A,01D4",NONE,
SCN_01080801_00740000_0051,SCENARIO,scenario_message,DATA/01080801.MDZ,DATA/01080801.MDT,0x00740000,01080801,50,0x00448d87,0x00448d82,de f4 95 98 46 46 08 77 b0 a1 77 9c 77 a0 44 0d ff 00,"昔って……
いまはいないの？","옛날에는……
지금은 없는 거야?",UNASSIGNED,ユウキ,"[{""offset"":-5,""raw_hex"":""02 0e 00 01 00"",""kind"":""MESSAGE_HEADER"",""opcode"":2,""argument"":1},{""offset"":6,""raw_hex"":""08"",""kind"":""LINE_BREAK""},{""offset"":15,""raw_hex"":""0d ff 00"",""kind"":""MESSAGE_END""}]",REVIEW_1,NO,CHARACTER_GUIDE v0.1 적용. context-v1 복원 원문 1차 번역.,SUPPORTED: structured scenario command; header FACE slot maps to face_yuuki_02; runtime display not yet checked. PROVEN: byte-identical source command exists at the same path and offsets on Disc 2. SUPPORTED: context-v1 glyph 복원; 런타임 원문 검증 전. TERM: 버스피어·파스·도박장.,"<G04CE>って<G0026><G0026>
いまはいないの？",SUPPORTED,"0026,04CE",NONE,
SCN_01080801_00740000_0052,SCENARIO,scenario_message,DATA/01080801.MDZ,DATA/01080801.MDT,0x00740000,01080801,51,0x00448dfa,0x00448df5,d7 21 d7 32 f0 95 42 0d ff 00,サ、サメっ？,"상, 상어?",UNASSIGNED,ユウキ,"[{""offset"":-5,""raw_hex"":""02 0e 00 06 00"",""kind"":""MESSAGE_HEADER"",""opcode"":2,""argument"":6},{""offset"":7,""raw_hex"":""0d ff 00"",""kind"":""MESSAGE_END""}]",REVIEW_1,NO,CHARACTER_GUIDE v0.1 적용. context-v1 복원 원문 1차 번역.,SUPPORTED: structured scenario command; header FACE slot maps to face_yuuki_07; runtime display not yet checked. PROVEN: byte-identical source command exists at the same path and offsets on Disc 2. SUPPORTED: context-v1 glyph 복원; 런타임 원문 검증 전. TERM: 버스피어·파스·도박장.,サ<G0001>サメっ<G0022>,SUPPORTED,"0001,0022",NONE,
SCN_01080801_00740000_0053,SCENARIO,scenario_message,DATA/01080801.MDZ,DATA/01080801.MDT,0x00740000,01080801,52,0x00448e97,0x00448e92,90 be 95 98 21 f2 c8 f0 a3 f0 95 98 77 79 7e 08 b0 c2 b0 ca 3a f0 da 3a f0 9c c2 8b b5 46 46 0d ff 00,"それって航海長っていうか
まんまエンジンなんじゃ……","그건 항해장이라기보다
그냥 엔진 아니야……?",UNASSIGNED,ユウキ,"[{""offset"":-5,""raw_hex"":""02 0e 00 08 00"",""kind"":""MESSAGE_HEADER"",""opcode"":2,""argument"":8},{""offset"":15,""raw_hex"":""08"",""kind"":""LINE_BREAK""},{""offset"":31,""raw_hex"":""0d ff 00"",""kind"":""MESSAGE_END""}]",REVIEW_1,NO,CHARACTER_GUIDE v0.1 적용. context-v1 복원 원문 1차 번역.,SUPPORTED: structured scenario command; header FACE slot maps to face_yuuki_09; runtime display not yet checked. PROVEN: byte-identical source command exists at the same path and offsets on Disc 2. SUPPORTED: context-v1 glyph 복원; 런타임 원문 검증 전. TERM: 버스피어·파스·도박장.,"それって<G0271>海長っていうか
まんまエンジンなんじゃ<G0026><G0026>",SUPPORTED,0026,SUPPORTED,0271
SCN_01080801_00740000_0054,SCENARIO,scenario_message,DATA/01080801.MDZ,DATA/01080801.MDT,0x00740000,01080801,53,0x0044913b,0x00449136,9b c2 9c 9d 46 f1 82 98 b4 08 6c f0 8d bb f2 77 96 77 98 46 46 08 77 b6 21 bb f2 77 2f f3 77 98 b1 8e bd 88 43 0d ff 00,"どんなに速くても
必ず追いついて……
いや、追い歩いてみせるさ！","아무리 빨라도
반드시 따라잡아서……
아니, 따라잡고 말 거야!",UNASSIGNED,ユウキ,"[{""offset"":-5,""raw_hex"":""02 0e 00 0a 00"",""kind"":""MESSAGE_HEADER"",""opcode"":2,""argument"":10},{""offset"":9,""raw_hex"":""08"",""kind"":""LINE_BREAK""},{""offset"":21,""raw_hex"":""08"",""kind"":""LINE_BREAK""},{""offset"":37,""raw_hex"":""0d ff 00"",""kind"":""MESSAGE_END""}]",REVIEW_1,NO,CHARACTER_GUIDE v0.1 적용. context-v1 복원 원문 1차 번역.,SUPPORTED: structured scenario command; header FACE slot maps to face_yuuki_11; runtime display not yet checked. PROVEN: byte-identical source command exists at the same path and offsets on Disc 2. SUPPORTED: context-v1 glyph 복원; 런타임 원문 검증 전. TERM: 버스피어·파스·도박장.,"どんなに速くても
<G011C>ず<G030B>いついて<G0026><G0026>
いや<G0001><G030B>い<G034F>いてみせるさ！",SUPPORTED,"0001,0026,011C,030B,034F",NONE,
SCN_01080801_00740000_0055,SCENARIO,scenario_message,DATA/01080801.MDZ,DATA/01080801.MDT,0x00740000,01080801,54,0x004491ed,0x004491e8,cc 3e f0 9c c2 7e 9d 08 63 f0 95 98 82 be bd 7e 9c 08 75 a0 2a f1 e2 f4 a0 49 f1 42 f1 a5 f1 7f 46 46 0d ff 00,"オレなんかに
会ってくれるかな
あの伝説の飛行王が……","나 같은 사람도
만나 줄까
저 전설의 비행왕이……",UNASSIGNED,アルフィナ,"[{""offset"":-5,""raw_hex"":""02 0e 00 0c 00"",""kind"":""MESSAGE_HEADER"",""opcode"":2,""argument"":12},{""offset"":7,""raw_hex"":""08"",""kind"":""LINE_BREAK""},{""offset"":17,""raw_hex"":""08"",""kind"":""LINE_BREAK""},{""offset"":34,""raw_hex"":""0d ff 00"",""kind"":""MESSAGE_END""}]",REVIEW_1,NO,CHARACTER_GUIDE v0.1 적용. context-v1 복원 원문 1차 번역.,SUPPORTED: structured scenario command; header FACE slot maps to face_alfina_01; runtime display not yet checked. PROVEN: byte-identical source command exists at the same path and offsets on Disc 2. SUPPORTED: context-v1 glyph 복원; 런타임 원문 검증 전. TERM: 버스피어·파스·도박장.,"オレなんかに
<G0113>ってくれるかな
あの伝説の飛行王が<G0026><G0026>",SUPPORTED,"0026,0113",NONE,
SCN_01080801_00740000_0056,SCENARIO,scenario_message,DATA/01080801.MDZ,DATA/01080801.MDT,0x00740000,01080801,55,0x00449267,0x00449262,94 7f 79 88 43 21 cc 3e f0 9d 9a 95 98 a1 08 9d f0 78 f1 9d 21 9d f0 78 f1 9d 08 75 86 7f be a0 d7 f0 9c c2 93 46 46 0d ff 00,"ちがうさ！、オレにとっては
本当に、本当に
あこがれの人なんだ……","아니야! 나에게는
정말로, 정말로
동경하는 사람이야……",UNASSIGNED,ユウキ,"[{""offset"":-5,""raw_hex"":""02 0e 00 09 00"",""kind"":""MESSAGE_HEADER"",""opcode"":2,""argument"":9},{""offset"":14,""raw_hex"":""08"",""kind"":""LINE_BREAK""},{""offset"":26,""raw_hex"":""08"",""kind"":""LINE_BREAK""},{""offset"":39,""raw_hex"":""0d ff 00"",""kind"":""MESSAGE_END""}]",REVIEW_1,NO,CHARACTER_GUIDE v0.1 적용. context-v1 복원 원문 1차 번역.,SUPPORTED: structured scenario command; header FACE slot maps to face_yuuki_10; runtime display not yet checked. PROVEN: byte-identical source command exists at the same path and offsets on Disc 2. SUPPORTED: context-v1 glyph 복원; 런타임 원문 검증 전. TERM: 버스피어·파스·도박장.,"ちがうさ！<G0001>オレにとっては
本当に<G0001>本当に
あこがれの人なんだ<G0026><G0026>",SUPPORTED,"0001,0026",NONE,
SCN_01080801_00740000_0057,SCENARIO,scenario_message,DATA/01080801.MDZ,DATA/01080801.MDT,0x00740000,01080801,56,0x00449443,0x0044943e,a2 f2 77 86 b0 be 92 d7 f0 92 94 a1 08 9b 86 aa 46 46 44 0d ff 00,"吸いこまれた人たちは
どこへ……？","빨려 들어간 사람들은
어디로……?",UNASSIGNED,ユウキ,"[{""offset"":-5,""raw_hex"":""02 0e 00 01 00"",""kind"":""MESSAGE_HEADER"",""opcode"":2,""argument"":1},{""offset"":12,""raw_hex"":""08"",""kind"":""LINE_BREAK""},{""offset"":19,""raw_hex"":""0d ff 00"",""kind"":""MESSAGE_END""}]",REVIEW_1,NO,CHARACTER_GUIDE v0.1 적용. context-v1 복원 원문 1차 번역.,SUPPORTED: structured scenario command; header FACE slot maps to face_yuuki_02; runtime display not yet checked. PROVEN: byte-identical source command exists at the same path and offsets on Disc 2. SUPPORTED: context-v1 glyph 복원; 런타임 원문 검증 전. TERM: 버스피어·파스·도박장.,"<G02F2>いこまれた人たちは
どこへ<G0026><G0026>？",SUPPORTED,"0026,02F2",NONE,
SCN_01080801_00740000_0058,SCENARIO,scenario_message,DATA/01080801.MDZ,DATA/01080801.MDT,0x00740000,01080801,57,0x00449581,0x0044957c,c4 21 c4 3d f0 26 f0 c5 eb 46 46 0d ff 00,ア、アルフィナ……,"알, 알피나……",UNASSIGNED,アルフィナ,"[{""offset"":-5,""raw_hex"":""02 0e 00 0c 00"",""kind"":""MESSAGE_HEADER"",""opcode"":2,""argument"":12},{""offset"":11,""raw_hex"":""0d ff 00"",""kind"":""MESSAGE_END""}]",REVIEW_1,NO,CHARACTER_GUIDE v0.1 적용. context-v1 복원 원문 1차 번역.,SUPPORTED: structured scenario command; header FACE slot maps to face_alfina_01; runtime display not yet checked. PROVEN: byte-identical source command exists at the same path and offsets on Disc 2. SUPPORTED: context-v1 glyph 복원; 런타임 원문 검증 전. TERM: 버스피어·파스·도박장.,ア<G0001>アルフィナ<G0026><G0026>,SUPPORTED,"0001,0026",NONE,
SCN_01080801_00740000_0059,SCENARIO,scenario_message,DATA/01080801.MDZ,DATA/01080801.MDT,0x00740000,01080801,58,0x0044964b,0x00449646,9b 21 9b 79 77 79 5b f1 5b f0 44 0d ff 00,ど、どういう意味？,"무, 무슨 뜻이야?",UNASSIGNED,ユウキ,"[{""offset"":-5,""raw_hex"":""02 0e 00 0b 00"",""kind"":""MESSAGE_HEADER"",""opcode"":2,""argument"":11},{""offset"":11,""raw_hex"":""0d ff 00"",""kind"":""MESSAGE_END""}]",REVIEW_1,NO,CHARACTER_GUIDE v0.1 적용. context-v1 복원 원문 1차 번역.,SUPPORTED: structured scenario command; header FACE slot maps to face_yuuki_12; runtime display not yet checked. PROVEN: byte-identical source command exists at the same path and offsets on Disc 2. SUPPORTED: context-v1 glyph 복원; 런타임 원문 검증 전. TERM: 버스피어·파스·도박장.,ど<G0001>どういう意味？,SUPPORTED,0001,NONE,
SCN_01080801_00740000_0060,SCENARIO,scenario_message,DATA/01080801.MDZ,DATA/01080801.MDT,0x00740000,01080801,59,0x004498ad,0x004498a8,79 95 21 90 21 90 be a1 46 46 0d ff 00,うっ、そ、それは……,"윽, 그, 그건……",UNASSIGNED,ユウキ,"[{""offset"":-5,""raw_hex"":""02 0e 00 06 00"",""kind"":""MESSAGE_HEADER"",""opcode"":2,""argument"":6},{""offset"":10,""raw_hex"":""0d ff 00"",""kind"":""MESSAGE_END""}]",REVIEW_1,NO,CHARACTER_GUIDE v0.1 적용. context-v1 복원 원문 1차 번역.,SUPPORTED: structured scenario command; header FACE slot maps to face_yuuki_07; runtime display not yet checked. PROVEN: byte-identical source command exists at the same path and offsets on Disc 2. SUPPORTED: context-v1 glyph 복원; 런타임 원문 검증 전. TERM: 버스피어·파스·도박장.,うっ<G0001>そ<G0001>それは<G0026><G0026>,SUPPORTED,"0001,0026",NONE,
SCN_01080801_00740000_0061,SCENARIO,scenario_message,DATA/01080801.MDZ,DATA/01080801.MDT,0x00740000,01080801,60,0x0044990f,0x0044990a,94 21 94 7f 79 88 43 21 75 be a1 08 77 95 8a b9 9d bc f2 95 98 92 30 f0 3b f0 3a f0 e2 7f 08 56 f1 8c 81 92 8e 77 99 46 46 41 0d ff 00,"ち、ちがうさ！、あれは
いっしょに乗ってたミランダが
重すぎたせいで……！","아, 아니야! 그건
같이 타고 있던 미란다가
너무 무거웠기 때문에……!",UNASSIGNED,ユウキ,"[{""offset"":-5,""raw_hex"":""02 0e 00 07 00"",""kind"":""MESSAGE_HEADER"",""opcode"":2,""argument"":7},{""offset"":11,""raw_hex"":""08"",""kind"":""LINE_BREAK""},{""offset"":30,""raw_hex"":""08"",""kind"":""LINE_BREAK""},{""offset"":42,""raw_hex"":""0d ff 00"",""kind"":""MESSAGE_END""}]",REVIEW_1,NO,CHARACTER_GUIDE v0.1 적용. context-v1 복원 원문 1차 번역.,SUPPORTED: structured scenario command; header FACE slot maps to face_yuuki_08; runtime display not yet checked. PROVEN: byte-identical source command exists at the same path and offsets on Disc 2. SUPPORTED: context-v1 glyph 복원; 런타임 원문 검증 전. TERM: 버스피어·파스·도박장.,"ち<G0001>ちがうさ！<G0001>あれは
いっしょに乗ってたミランダが
重すぎたせいで<G0026><G0026><G0021>",SUPPORTED,"0001,0021,0026",NONE,
SCN_01080801_00740000_0063,SCENARIO,scenario_message,DATA/01080801.MDZ,DATA/01080801.MDT,0x00740000,01080801,62,0x00449996,0x00449991,a1 e4 21 a1 a4 e4 43 21 7d b7 f0 88 b0 43 0d ff 00,はッ、はひッ！、お母さま！,"네, 넵! 어머니!",UNASSIGNED,ユウキ,"[{""offset"":-5,""raw_hex"":""02 0e 00 06 00"",""kind"":""MESSAGE_HEADER"",""opcode"":2,""argument"":6},{""offset"":14,""raw_hex"":""0d ff 00"",""kind"":""MESSAGE_END""}]",REVIEW_1,NO,CHARACTER_GUIDE v0.1 적용. context-v1 복원 원문 1차 번역.,SUPPORTED: structured scenario command; header FACE slot maps to face_yuuki_07; runtime display not yet checked. PROVEN: byte-identical source command exists at the same path and offsets on Disc 2. SUPPORTED: context-v1 glyph 복원; 런타임 원문 검증 전. TERM: 버스피어·파스·도박장.,はッ<G0001>はひッ！<G0001>お<G0167>さま！,SUPPORTED,"0001,0167",NONE,
SCN_01080801_00740000_0065,SCENARIO,scenario_message,DATA/01080801.MDZ,DATA/01080801.MDT,0x00740000,01080801,64,0x00449acc,0x00449ac7,63 f0 c0 8e 98 82 be 95 41 0d ff 00,会わせてくれっ！,만나게 해 줘!,UNASSIGNED,ユウキ,"[{""offset"":-5,""raw_hex"":""02 0e 00 04 00"",""kind"":""MESSAGE_HEADER"",""opcode"":2,""argument"":4},{""offset"":9,""raw_hex"":""0d ff 00"",""kind"":""MESSAGE_END""}]",REVIEW_1,NO,CHARACTER_GUIDE v0.1 적용. context-v1 복원 원문 1차 번역.,SUPPORTED: structured scenario command; header FACE slot maps to face_yuuki_05; runtime display not yet checked. PROVEN: byte-identical source command exists at the same path and offsets on Disc 2. SUPPORTED: context-v1 glyph 복원; 런타임 원문 검증 전. TERM: 버스피어·파스·도박장.,<G0113>わせてくれっ<G0021>,SUPPORTED,"0021,0113",NONE,
SCN_01080801_00740000_0066,SCENARIO,scenario_message,DATA/01080801.MDZ,DATA/01080801.MDT,0x00740000,01080801,65,0x00449aff,0x00449afa,d9 36 f0 30 f0 e4 e9 a1 46 46 08 cc 3e f0 a0 75 86 7f be 9c c2 93 43 08 93 7e bb 46 46 21 82 f2 b2 95 41 0d ff 00,"シュミットは……
オレのあこがれなんだ！
だから……、頼むっ！","슈미트는……
내 동경의 대상이야!
그러니까…… 부탁이야!",UNASSIGNED,ユウキ,"[{""offset"":-5,""raw_hex"":""02 0e 00 07 00"",""kind"":""MESSAGE_HEADER"",""opcode"":2,""argument"":7},{""offset"":10,""raw_hex"":""08"",""kind"":""LINE_BREAK""},{""offset"":23,""raw_hex"":""08"",""kind"":""LINE_BREAK""},{""offset"":35,""raw_hex"":""0d ff 00"",""kind"":""MESSAGE_END""}]",REVIEW_1,NO,CHARACTER_GUIDE v0.1 적용. context-v1 복원 원문 1차 번역.,SUPPORTED: structured scenario command; header FACE slot maps to face_yuuki_08; runtime display not yet checked. PROVEN: byte-identical source command exists at the same path and offsets on Disc 2. SUPPORTED: context-v1 glyph 복원; 런타임 원문 검증 전. TERM: 버스피어·파스·도박장.,"シュミットは<G0026><G0026>
オレのあこがれなんだ！
だから<G0026><G0026><G0001>頼むっ<G0021>",SUPPORTED,"0001,0021,0026",NONE,
SCN_01080801_00740000_0067,SCENARIO,scenario_message,DATA/01080801.MDZ,DATA/01080801.MDT,0x00740000,01080801,66,0x00449b7f,0x00449b7a,cc 3e f0 21 9b 79 8a 98 b4 08 d9 36 f0 30 f0 e4 e9 9d 63 f0 77 92 77 c2 93 43 08 82 f2 b2 46 46 43 0d ff 00,"オレ、どうしても
シュミットに会いたいんだ！
頼む……！","나, 어떻게 해서든
슈미트를 만나고 싶어!
부탁이야……!",UNASSIGNED,ユウキ,"[{""offset"":-5,""raw_hex"":""02 0e 00 07 00"",""kind"":""MESSAGE_HEADER"",""opcode"":2,""argument"":7},{""offset"":9,""raw_hex"":""08"",""kind"":""LINE_BREAK""},{""offset"":26,""raw_hex"":""08"",""kind"":""LINE_BREAK""},{""offset"":33,""raw_hex"":""0d ff 00"",""kind"":""MESSAGE_END""}]",REVIEW_1,NO,CHARACTER_GUIDE v0.1 적용. context-v1 복원 원문 1차 번역.,SUPPORTED: structured scenario command; header FACE slot maps to face_yuuki_08; runtime display not yet checked. PROVEN: byte-identical source command exists at the same path and offsets on Disc 2. SUPPORTED: context-v1 glyph 복원; 런타임 원문 검증 전. TERM: 버스피어·파스·도박장.,"オレ<G0001>どうしても
シュミットに<G0113>いたいんだ！
頼む<G0026><G0026>！",SUPPORTED,"0001,0026,0113",NONE,
SCN_01080801_00740000_0068,SCENARIO,scenario_message,DATA/01080801.MDZ,DATA/01080801.MDT,0x00740000,01080801,67,0x00449d15,0x00449d10,77 ba 77 ba 21 32 f0 3a f0 e8 c5 9d 7d f5 4a f2 7e 74 08 63 f0 7b bd 7e 9c 21 d9 36 f0 30 f0 e4 e9 9d 0d ff 00,"いよいよ、メンディに到着かぁ
会えるかな、シュミットに","드디어 멘디에 도착하는 건가
슈미트를 만날 수 있을까?",UNASSIGNED,ユウキ,"[{""offset"":-5,""raw_hex"":""02 0e 00 02 00"",""kind"":""MESSAGE_HEADER"",""opcode"":2,""argument"":2},{""offset"":18,""raw_hex"":""08"",""kind"":""LINE_BREAK""},{""offset"":34,""raw_hex"":""0d ff 00"",""kind"":""MESSAGE_END""}]",REVIEW_1,NO,CHARACTER_GUIDE v0.1 적용. context-v1 복원 원문 1차 번역.,SUPPORTED: structured scenario command; header FACE slot maps to face_yuuki_03; runtime display not yet checked. PROVEN: byte-identical source command exists at the same path and offsets on Disc 2. SUPPORTED: context-v1 glyph 복원; 런타임 원문 검증 전. TERM: 버스피어·파스·도박장.,"いよいよ<G0001>メンディに<G053D>着か<G0054>
<G0113>えるかな<G0001>シュミットに",SUPPORTED,"0001,0054,0113,053D",NONE,
SCN_01080801_00740000_0069,SCENARIO,scenario_message,DATA/01080801.MDZ,DATA/01080801.MDT,0x00740000,01080801,68,0x00449d6e,0x00449d69,75 75 43 21 2a f1 e2 f4 a0 49 f1 42 f1 a5 f1 88 43 0d ff 00,ああ！、伝説の飛行王さ！,그래! 전설의 비행왕이야!,UNASSIGNED,ユウキ,"[{""offset"":-5,""raw_hex"":""02 0e 00 0a 00"",""kind"":""MESSAGE_HEADER"",""opcode"":2,""argument"":10},{""offset"":17,""raw_hex"":""0d ff 00"",""kind"":""MESSAGE_END""}]",REVIEW_1,NO,CHARACTER_GUIDE v0.1 적용. context-v1 복원 원문 1차 번역.,SUPPORTED: structured scenario command; header FACE slot maps to face_yuuki_11; runtime display not yet checked. PROVEN: byte-identical source command exists at the same path and offsets on Disc 2. SUPPORTED: context-v1 glyph 복원; 런타임 원문 검증 전. TERM: 버스피어·파스·도박장.,ああ！<G0001>伝説の飛行王さ！,SUPPORTED,0001,NONE,
SCN_01080801_00740000_0070,SCENARIO,scenario_message,DATA/01080801.MDZ,DATA/01080801.MDT,0x00740000,01080801,69,0x00449da2,0x00449d9d,c4 3d f0 26 f0 c5 eb a0 86 9a 8a 7e 08 75 a0 9a 80 a1 44 f4 7b bb be 9c 7e 95 92 08 cc 3e f0 7f a9 f4 84 9c 80 b5 95 98 08 90 be 93 84 8a 7e 46 46 0d ff 00,"アルフィナのことしか
あのときは考えられなかった
オレが助けなきゃって
それだけしか……","그때는 알피나 생각밖에
할 수 없었어
내가 구해야 한다는
생각밖에는……",UNASSIGNED,ユウキ,"[{""offset"":-5,""raw_hex"":""02 0e 00 01 00"",""kind"":""MESSAGE_HEADER"",""opcode"":2,""argument"":1},{""offset"":12,""raw_hex"":""08"",""kind"":""LINE_BREAK""},{""offset"":27,""raw_hex"":""08"",""kind"":""LINE_BREAK""},{""offset"":40,""raw_hex"":""08"",""kind"":""LINE_BREAK""},{""offset"":49,""raw_hex"":""0d ff 00"",""kind"":""MESSAGE_END""}]",REVIEW_1,NO,CHARACTER_GUIDE v0.1 적용. context-v1 복원 원문 1차 번역.,SUPPORTED: structured scenario command; header FACE slot maps to face_yuuki_02; runtime display not yet checked. PROVEN: byte-identical source command exists at the same path and offsets on Disc 2. SUPPORTED: context-v1 glyph 복원; 런타임 원문 검증 전. TERM: 버스피어·파스·도박장.,"アルフィナのことしか
あのときは考えられなかった
オレが<G0499>けなきゃって
それだけしか<G0026><G0026>",SUPPORTED,"0026,0499",NONE,
SCN_01080801_00740000_0072,SCENARIO,scenario_message,DATA/01080801.MDZ,DATA/01080801.MDT,0x00740000,01080801,71,0x00449eb1,0x00449eac,c4 3d f0 26 f0 c5 eb a1 08 6a f2 a0 2f f3 84 7f bb 93 95 98 77 95 92 84 9b 08 92 8a 7e 9d 90 c2 9c 9c f3 8b 93 95 92 ba 0d ff 00,"アルフィナは
命の歩けがらだっていったけど
たしかにそんな感じだったよ","알피나는
생명의 껍데기라고 했지만
정말 그런 느낌이었어.",UNASSIGNED,ユウキ,"[{""offset"":-5,""raw_hex"":""02 0e 00 01 00"",""kind"":""MESSAGE_HEADER"",""opcode"":2,""argument"":1},{""offset"":8,""raw_hex"":""08"",""kind"":""LINE_BREAK""},{""offset"":25,""raw_hex"":""08"",""kind"":""LINE_BREAK""},{""offset"":40,""raw_hex"":""0d ff 00"",""kind"":""MESSAGE_END""}]",REVIEW_1,NO,CHARACTER_GUIDE v0.1 적용. context-v1 복원 원문 1차 번역.,SUPPORTED: structured scenario command; header FACE slot maps to face_yuuki_02; runtime display not yet checked. PROVEN: byte-identical source command exists at the same path and offsets on Disc 2. SUPPORTED: context-v1 glyph 복원; 런타임 원문 검증 전. TERM: 버스피어·파스·도박장.,"アルフィナは
命の<G034F>けがらだっていったけど
たしかにそんな感じだったよ",SUPPORTED,034F,NONE,
SCN_01080801_00740000_0073,SCENARIO,scenario_message,DATA/01080801.MDZ,DATA/01080801.MDT,0x00740000,01080801,72,0x00449f19,0x00449f14,9a 98 b4 80 be 77 99 08 99 b4 21 9b 86 7e ac f5 8a 77 46 46 08 90 c2 9c 6a f2 a0 9c 77 eb f2 97 f2 93 95 92 c2 93 0d ff 00,"とてもきれいで
でも、どこか悲しい……
そんな命のない世界だったんだ","아주 아름답지만
어딘가 슬픈……
그런 생명 없는 세계였어.",UNASSIGNED,ユウキ,"[{""offset"":-5,""raw_hex"":""02 0e 00 01 00"",""kind"":""MESSAGE_HEADER"",""opcode"":2,""argument"":1},{""offset"":7,""raw_hex"":""08"",""kind"":""LINE_BREAK""},{""offset"":20,""raw_hex"":""08"",""kind"":""LINE_BREAK""},{""offset"":38,""raw_hex"":""0d ff 00"",""kind"":""MESSAGE_END""}]",REVIEW_1,NO,CHARACTER_GUIDE v0.1 적용. context-v1 복원 원문 1차 번역.,SUPPORTED: structured scenario command; header FACE slot maps to face_yuuki_02; runtime display not yet checked. PROVEN: byte-identical source command exists at the same path and offsets on Disc 2. SUPPORTED: context-v1 glyph 복원; 런타임 원문 검증 전. TERM: 버스피어·파스·도박장.,"とてもきれいで
でも<G0001>どこか悲しい<G0026><G0026>
そんな命のない世界だったんだ",SUPPORTED,"0001,0026",NONE,
SCN_01080801_00740000_0074,SCENARIO,scenario_message,DATA/01080801.MDZ,DATA/01080801.MDT,0x00740000,01080801,73,0x00449f62,0x00449f5d,75 a0 59 f1 a1 92 95 92 a4 9a bc 99 08 c1 f1 80 98 bd a0 7e 9c 08 6a f2 a0 9c 77 75 a0 eb f2 97 f2 99 46 46 0d ff 00,"あの子はたったひとりで
生きてるのかな
命のないあの世界で……","그 애는 혼자서
살고 있는 걸까
생명 없는 그 세계에서……",UNASSIGNED,ユウキ,"[{""offset"":-5,""raw_hex"":""02 0e 00 01 00"",""kind"":""MESSAGE_HEADER"",""opcode"":2,""argument"":1},{""offset"":12,""raw_hex"":""08"",""kind"":""LINE_BREAK""},{""offset"":21,""raw_hex"":""08"",""kind"":""LINE_BREAK""},{""offset"":36,""raw_hex"":""0d ff 00"",""kind"":""MESSAGE_END""}]",REVIEW_1,NO,CHARACTER_GUIDE v0.1 적용. context-v1 복원 원문 1차 번역.,SUPPORTED: structured scenario command; header FACE slot maps to face_yuuki_02; runtime display not yet checked. PROVEN: byte-identical source command exists at the same path and offsets on Disc 2. SUPPORTED: context-v1 glyph 복원; 런타임 원문 검증 전. TERM: 버스피어·파스·도박장.,"あの子はたったひとりで
生きてるのかな
命のないあの世界で<G0026><G0026>",SUPPORTED,0026,NONE,
SCN_01080801_00740000_0076,SCENARIO,scenario_message,DATA/01080801.MDZ,DATA/01080801.MDT,0x00740000,01080801,75,0x0044a04a,0x0044a045,7b f5 7b a1 80 95 9a a1 f0 96 7e bd 43 08 d8 f0 8a 9d 77 86 79 21 c4 3d f0 26 f0 c5 eb 43 0d ff 00,"答えはきっと見つかる！
探しにいこう、アルフィナ！","답은 분명 찾을 수 있어!
찾으러 가자, 알피나!",UNASSIGNED,ユウキ,"[{""offset"":-5,""raw_hex"":""02 0e 00 0a 00"",""kind"":""MESSAGE_HEADER"",""opcode"":2,""argument"":10},{""offset"":13,""raw_hex"":""08"",""kind"":""LINE_BREAK""},{""offset"":30,""raw_hex"":""0d ff 00"",""kind"":""MESSAGE_END""}]",REVIEW_1,NO,CHARACTER_GUIDE v0.1 적용. context-v1 복원 원문 1차 번역.,SUPPORTED: structured scenario command; header FACE slot maps to face_yuuki_11; runtime display not yet checked. PROVEN: byte-identical source command exists at the same path and offsets on Disc 2. SUPPORTED: context-v1 glyph 복원; 런타임 원문 검증 전. TERM: 버스피어·파스·도박장.,"<G053B>えはきっと見つかる！
<G0188>しにいこう<G0001>アルフィナ！",SUPPORTED,"0001,0188,053B",NONE,
SCN_01080801_00740000_0078,SCENARIO,scenario_message,DATA/01080801.MDZ,DATA/01080801.MDT,0x00740000,01080801,77,0x0044a244,0x0044a23f,6a f2 c1 9c f3 8b 9c 77 eb f2 97 f2 93 95 92 c2 93 08 9a 98 b4 80 be 77 9c c2 93 84 9b 08 9b 86 7e ac f5 8a 77 46 46 0d ff 00,"命を感じない世界だったんだ
とてもきれいなんだけど
どこか悲しい……","생명이 느껴지지 않는 세계였어
아주 아름답지만
어딘가 슬퍼……",UNASSIGNED,ユウキ,"[{""offset"":-5,""raw_hex"":""02 0e 00 01 00"",""kind"":""MESSAGE_HEADER"",""opcode"":2,""argument"":1},{""offset"":17,""raw_hex"":""08"",""kind"":""LINE_BREAK""},{""offset"":29,""raw_hex"":""08"",""kind"":""LINE_BREAK""},{""offset"":39,""raw_hex"":""0d ff 00"",""kind"":""MESSAGE_END""}]",REVIEW_1,NO,CHARACTER_GUIDE v0.1 적용. context-v1 복원 원문 1차 번역.,SUPPORTED: structured scenario command; header FACE slot maps to face_yuuki_02; runtime display not yet checked. PROVEN: byte-identical source command exists at the same path and offsets on Disc 2. SUPPORTED: context-v1 glyph 복원; 런타임 원문 검증 전. TERM: 버스피어·파스·도박장.,"命を感じない世界だったんだ
とてもきれいなんだけど
どこか悲しい<G0026><G0026>",SUPPORTED,0026,NONE,
SCN_01080801_00740000_0079,SCENARIO,scenario_message,DATA/01080801.MDZ,DATA/01080801.MDT,0x00740000,01080801,78,0x0044a511,0x0044a50c,7b 95 46 46 44 08 9c 9d 21 c8 f2 c2 93 44 0d ff 00,"えっ……？
なに、呼んだ？","어……?
뭐야, 불렀어?",UNASSIGNED,ミランダ,"[{""offset"":-5,""raw_hex"":""22 0e 00 1d 00"",""kind"":""MESSAGE_HEADER"",""opcode"":34,""argument"":29},{""offset"":5,""raw_hex"":""08"",""kind"":""LINE_BREAK""},{""offset"":14,""raw_hex"":""0d ff 00"",""kind"":""MESSAGE_END""}]",REVIEW_1,NO,CHARACTER_GUIDE v0.1 적용. context-v1 복원 원문 1차 번역.,SUPPORTED: structured scenario command; header FACE slot maps to face_miranda_04; runtime display not yet checked. PROVEN: byte-identical source command exists at the same path and offsets on Disc 2. SUPPORTED: context-v1 glyph 복원; 런타임 원문 검증 전. TERM: 버스피어·파스·도박장.,"えっ<G0026><G0026>？
なに<G0001>呼んだ？",SUPPORTED,"0001,0026",NONE,
SCN_01080801_00740000_0080,SCENARIO,scenario_message,DATA/01080801.MDZ,DATA/01080801.MDT,0x00740000,01080801,79,0x0044a55f,0x0044a55a,37 f0 c8 cf 46 46 08 75 c2 92 21 b6 95 a3 bc 46 46 0d ff 00,"ユウキ……
あんた、やっぱり……","유키……
너, 역시……",UNASSIGNED,アロンソ,"[{""offset"":-5,""raw_hex"":""22 0e 00 23 00"",""kind"":""MESSAGE_HEADER"",""opcode"":34,""argument"":35},{""offset"":6,""raw_hex"":""08"",""kind"":""LINE_BREAK""},{""offset"":17,""raw_hex"":""0d ff 00"",""kind"":""MESSAGE_END""}]",REVIEW_1,NO,CHARACTER_GUIDE v0.1 적용. context-v1 복원 원문 1차 번역.,SUPPORTED: structured scenario command; header FACE slot maps to face_alonso_02; runtime display not yet checked. PROVEN: byte-identical source command exists at the same path and offsets on Disc 2. SUPPORTED: context-v1 glyph 복원; 런타임 원문 검증 전. TERM: 버스피어·파스·도박장.,"ユウキ<G0026><G0026>
あんた<G0001>やっ<G0083>り<G0026><G0026>",SUPPORTED,"0001,0026,0083",NONE,
SCN_01080801_00740000_0081,SCENARIO,scenario_message,DATA/01080801.MDZ,DATA/01080801.MDT,0x00740000,01080801,80,0x0044a82c,0x0044a827,75 75 21 95 f5 dc f2 9d 5b f2 7f 75 bd 08 db f0 5c f1 a1 9f 46 46 0d ff 00,"ああ、背中に羽がある
以外はね……","그래, 등에 날개가 있다는
것 말고는……",UNASSIGNED,ユウキ,"[{""offset"":-5,""raw_hex"":""02 0e 00 01 00"",""kind"":""MESSAGE_HEADER"",""opcode"":2,""argument"":1},{""offset"":13,""raw_hex"":""08"",""kind"":""LINE_BREAK""},{""offset"":22,""raw_hex"":""0d ff 00"",""kind"":""MESSAGE_END""}]",REVIEW_1,NO,CHARACTER_GUIDE v0.1 적용. context-v1 복원 원문 1차 번역.,SUPPORTED: structured scenario command; header FACE slot maps to face_yuuki_02; runtime display not yet checked. PROVEN: byte-identical source command exists at the same path and offsets on Disc 2. SUPPORTED: context-v1 glyph 복원; 런타임 원문 검증 전. TERM: 버스피어·파스·도박장.,"ああ<G0001><G0555>中に羽がある
<G018B><G01DC>はね<G0026><G0026>",SUPPORTED,"0001,0026,018B,01DC",SUPPORTED,0555
SCN_01080801_00740000_0082,SCENARIO,scenario_message,DATA/01080801.MDZ,DATA/01080801.MDT,0x00740000,01080801,81,0x0044a91c,0x0044a917,b0 93 21 47 f1 82 9c 77 c2 93 46 46 08 90 79 93 9c 21 4d f4 84 f2 a1 b4 79 af f5 be 92 ba 0d ff 00,"まだ、眠くないんだ……
そうだな、あ日はもう疲れたよ","아직 졸리지 않아……
그래, 오늘은 이제 지쳤어.",UNASSIGNED,ユウキ,"[{""offset"":-5,""raw_hex"":""02 0e 00 01 00"",""kind"":""MESSAGE_HEADER"",""opcode"":2,""argument"":1},{""offset"":12,""raw_hex"":""08"",""kind"":""LINE_BREAK""},{""offset"":30,""raw_hex"":""0d ff 00"",""kind"":""MESSAGE_END""}]",REVIEW_1,NO,CHARACTER_GUIDE v0.1 적용. context-v1 복원 원문 1차 번역.,SUPPORTED: structured scenario command; header FACE slot maps to face_yuuki_02; runtime display not yet checked. PROVEN: byte-identical source command exists at the same path and offsets on Disc 2. SUPPORTED: context-v1 glyph 복원; 런타임 원문 검증 전. TERM: 버스피어·파스·도박장.,"まだ<G0001>眠くないんだ<G0026><G0026>
そうだな<G0001><G043D><G02D4>はもう<G056F>れたよ",SUPPORTED,"0001,0026,02D4,043D,056F",NONE,
SCN_01080801_00740000_0083,SCENARIO,scenario_message,DATA/01080801.MDZ,DATA/01080801.MDT,0x00740000,01080801,82,0x0044aa07,0x0044aa02,c2 45 21 4d f4 84 f2 95 98 08 93 be 7e a0 42 f5 c1 f1 84 f2 9a 7e 93 95 84 44 0d ff 00,"ん〜、あ日って
だれかの誕生日とかだっけ？","으음~ 오늘이
누군가의 생일 같은 날이던가?",UNASSIGNED,ユウキ,"[{""offset"":-5,""raw_hex"":""02 0e 00 0b 00"",""kind"":""MESSAGE_HEADER"",""opcode"":2,""argument"":11},{""offset"":9,""raw_hex"":""08"",""kind"":""LINE_BREAK""},{""offset"":26,""raw_hex"":""0d ff 00"",""kind"":""MESSAGE_END""}]",REVIEW_1,NO,CHARACTER_GUIDE v0.1 적용. context-v1 복원 원문 1차 번역.,SUPPORTED: structured scenario command; header FACE slot maps to face_yuuki_12; runtime display not yet checked. PROVEN: byte-identical source command exists at the same path and offsets on Disc 2. SUPPORTED: context-v1 glyph 복원; 런타임 원문 검증 전. TERM: 버스피어·파스·도박장.,"ん〜<G0001><G043D><G02D4>って
だれかの<G0502>生<G02D4>とかだっけ？",SUPPORTED,"0001,02D4,043D,0502",NONE,
SCN_01080801_00740000_0085,SCENARIO,scenario_message,DATA/01080801.MDZ,DATA/01080801.MDT,0x00740000,01080801,84,0x0044aa86,0x0044aa81,77 21 77 b6 43 08 90 c2 9c 86 9a 9c 77 84 9b 0d ff 00,"い、いや！
そんなことないけど","아, 아니야!
그런 건 아니지만.",UNASSIGNED,ユウキ,"[{""offset"":-5,""raw_hex"":""02 0e 00 08 00"",""kind"":""MESSAGE_HEADER"",""opcode"":2,""argument"":8},{""offset"":5,""raw_hex"":""08"",""kind"":""LINE_BREAK""},{""offset"":15,""raw_hex"":""0d ff 00"",""kind"":""MESSAGE_END""}]",REVIEW_1,NO,CHARACTER_GUIDE v0.1 적용. context-v1 복원 원문 1차 번역.,SUPPORTED: structured scenario command; header FACE slot maps to face_yuuki_09; runtime display not yet checked. PROVEN: byte-identical source command exists at the same path and offsets on Disc 2. SUPPORTED: context-v1 glyph 복원; 런타임 원문 검증 전. TERM: 버스피어·파스·도박장.,"い<G0001>いや！
そんなことないけど",SUPPORTED,0001,NONE,
SCN_01080801_00740000_0086,SCENARIO,scenario_message,DATA/01080801.MDZ,DATA/01080801.MDT,0x00740000,01080801,85,0x0044aadb,0x0044aad6,7b 95 46 46 44 0d ff 00,えっ……？,어……?,UNASSIGNED,ユウキ,"[{""offset"":-5,""raw_hex"":""02 0e 00 01 00"",""kind"":""MESSAGE_HEADER"",""opcode"":2,""argument"":1},{""offset"":5,""raw_hex"":""0d ff 00"",""kind"":""MESSAGE_END""}]",REVIEW_1,NO,CHARACTER_GUIDE v0.1 적용. context-v1 복원 원문 1차 번역.,SUPPORTED: structured scenario command; header FACE slot maps to face_yuuki_02; runtime display not yet checked. PROVEN: byte-identical source command exists at the same path and offsets on Disc 2. SUPPORTED: context-v1 glyph 복원; 런타임 원문 검증 전. TERM: 버스피어·파스·도박장.,えっ<G0026><G0026>？,SUPPORTED,0026,NONE,
SCN_01080801_00740000_0087,SCENARIO,scenario_message,DATA/01080801.MDZ,DATA/01080801.MDT,0x00740000,01080801,86,0x0044ab3d,0x0044ab38,cd f2 ce f5 9c 84 f2 9d 9c bd 95 98 08 9b 79 77 79 5b f1 5b f0 21 c4 3f f0 3a f0 df 44 0d ff 00,"特別な日になるって
どういう意味、アロンソ？","특별한 날이 된다는 게
무슨 뜻이야, 알론소?",UNASSIGNED,ユウキ,"[{""offset"":-5,""raw_hex"":""02 0e 00 01 00"",""kind"":""MESSAGE_HEADER"",""opcode"":2,""argument"":1},{""offset"":12,""raw_hex"":""08"",""kind"":""LINE_BREAK""},{""offset"":29,""raw_hex"":""0d ff 00"",""kind"":""MESSAGE_END""}]",REVIEW_1,NO,CHARACTER_GUIDE v0.1 적용. context-v1 복원 원문 1차 번역.,SUPPORTED: structured scenario command; header FACE slot maps to face_yuuki_02; runtime display not yet checked. PROVEN: byte-identical source command exists at the same path and offsets on Disc 2. SUPPORTED: context-v1 glyph 복원; 런타임 원문 검증 전. TERM: 버스피어·파스·도박장.,"特別な<G02D4>になるって
どういう意味<G0001>アロンソ？",SUPPORTED,"0001,02D4",NONE,
SCN_01080801_00740000_0088,SCENARIO,scenario_message,DATA/01080801.MDZ,DATA/01080801.MDT,0x00740000,01080801,87,0x0044ab99,0x0044ab94,79 45 c2 21 90 79 77 c0 be bd 9a 08 ba 84 77 9d bb f0 9d 9c bd 46 46 0d ff 00,"う〜ん、そういわれると
よけいに気になる……","으음, 그렇게 말하니까
더 신경 쓰이는데……",UNASSIGNED,ユウキ,"[{""offset"":-5,""raw_hex"":""02 0e 00 0b 00"",""kind"":""MESSAGE_HEADER"",""opcode"":2,""argument"":11},{""offset"":11,""raw_hex"":""08"",""kind"":""LINE_BREAK""},{""offset"":23,""raw_hex"":""0d ff 00"",""kind"":""MESSAGE_END""}]",REVIEW_1,NO,CHARACTER_GUIDE v0.1 적용. context-v1 복원 원문 1차 번역.,SUPPORTED: structured scenario command; header FACE slot maps to face_yuuki_12; runtime display not yet checked. PROVEN: byte-identical source command exists at the same path and offsets on Disc 2. SUPPORTED: context-v1 glyph 복원; 런타임 원문 검증 전. TERM: 버스피어·파스·도박장.,"う〜ん<G0001>そういわれると
よけいに気になる<G0026><G0026>",SUPPORTED,"0001,0026",NONE,
