id,category,sub_category,source_file,inner_file,record_id,scene_id,string_index,original_offset,pointer_offset,jp_raw_hex,jp_text,kr_text,kr_encoded_hex,speaker,control_codes,status,game_verified,translator_note,review_note,canonical_jp_text,reference_glyph_status,reference_glyphs_used,image_glyph_status,image_glyphs_used
SCN_00151000_00740000_0092,SCENARIO,scenario_message,DATA/00151000.MDZ,DATA/00151000.MDT,0x00740000,00151000,91,0x002f2326,0x002f2321,99 b4 88 21 cc 3e f0 a0 e1 f4 ec f3 cc f4 08 d9 36 f0 30 f0 e4 e9 9d 2c f0 32 f0 bb be 92 c2 93 8f 08 c4 f2 21 f5 a1 7d b4 8a bf 77 95 98 0d ff 00,"でもさ、オレの設計図
シュミットにホメられたんだよ
発思はおもしろいって","그런데 내 설계도를
슈미트가 칭찬해 줬어
발상이 재미있다고 하더라.",UNASSIGNED,ユウキ,"[{""offset"":-5,""raw_hex"":""02 0e 00 0a 00"",""kind"":""MESSAGE_HEADER"",""opcode"":2,""argument"":10},{""offset"":14,""raw_hex"":""08"",""kind"":""LINE_BREAK""},{""offset"":33,""raw_hex"":""08"",""kind"":""LINE_BREAK""},{""offset"":46,""raw_hex"":""0d ff 00"",""kind"":""MESSAGE_END""}]",REVIEW_1,NO,CHARACTER_GUIDE v0.1 적용. context-v1 복원 원문 1차 번역.,SUPPORTED: structured scenario command; header FACE slot maps to face_yuuki_11; runtime display not yet checked. PROVEN: byte-identical source command exists at the same path and offsets on Disc 2. SUPPORTED: context-v1 glyph 복원; 런타임 원문 검증 전. TERM: 버스피어·파스·도박장.,"でもさ<G0001>オレの<G04D1><G040C><G04BC>
シュミットにホメられたんだ<G006F>
発<G04E1>はおもしろいって",SUPPORTED,"0001,006F,040C,04BC,04D1,04E1",NONE,
SCN_00151000_00740000_0094,SCENARIO,scenario_message,DATA/00151000.MDZ,DATA/00151000.MDT,0x00740000,00151000,93,0x002f242a,0x002f2425,90 79 93 08 94 b9 95 9a 77 77 7e 9c 21 30 f0 3b f0 3a f0 e2 08 62 f0 da f0 9c 64 f0 7f 75 bd c2 93 0d ff 00,"そうだ
ちょっといいかな、ミランダ
大事な話があるんだ","그래
잠깐 괜찮아, 미란다?
중요한 얘기가 있어.",UNASSIGNED,ユウキ,"[{""offset"":-5,""raw_hex"":""02 0e 00 01 00"",""kind"":""MESSAGE_HEADER"",""opcode"":2,""argument"":1},{""offset"":3,""raw_hex"":""08"",""kind"":""LINE_BREAK""},{""offset"":20,""raw_hex"":""08"",""kind"":""LINE_BREAK""},{""offset"":33,""raw_hex"":""0d ff 00"",""kind"":""MESSAGE_END""}]",REVIEW_1,NO,CHARACTER_GUIDE v0.1 적용. context-v1 복원 원문 1차 번역.,SUPPORTED: structured scenario command; header FACE slot maps to face_yuuki_02; runtime display not yet checked. PROVEN: byte-identical source command exists at the same path and offsets on Disc 2. SUPPORTED: context-v1 glyph 복원; 런타임 원문 검증 전. TERM: 버스피어·파스·도박장.,"そうだ
ちょっといいかな<G0001>ミランダ
大事な<G0114>があるんだ",SUPPORTED,"0001,0114",NONE,
SCN_00151000_00740000_0096,SCENARIO,scenario_message,DATA/00151000.MDZ,DATA/00151000.MDT,0x00740000,00151000,95,0x002f251f,0x002f251a,9b 21 9b 79 21 c4 3d f0 26 f0 c5 eb 42 08 4d f4 84 f2 a0 49 f6 44 f6 7d 77 8a 77 44 0d ff 00,"ど、どう、アルフィナ？
あ日の料理おいしい？","어, 어때, 알피나?
오늘 요리 맛있어?",UNASSIGNED,アロンソ,"[{""offset"":-5,""raw_hex"":""22 0e 00 22 00"",""kind"":""MESSAGE_HEADER"",""opcode"":34,""argument"":34},{""offset"":13,""raw_hex"":""08"",""kind"":""LINE_BREAK""},{""offset"":28,""raw_hex"":""0d ff 00"",""kind"":""MESSAGE_END""}]",REVIEW_1,NO,CHARACTER_GUIDE v0.1 적용. context-v1 복원 원문 1차 번역.,SUPPORTED: structured scenario command; header FACE slot maps to face_alonso_01; runtime display not yet checked. PROVEN: byte-identical source command exists at the same path and offsets on Disc 2. SUPPORTED: context-v1 glyph 복원; 런타임 원문 검증 전. TERM: 버스피어·파스·도박장.,"ど<G0001>どう<G0001>アルフィナ<G0022>
<G043D><G02D4>の<G05D9><G05D4>おいしい？",SUPPORTED,"0001,0022,02D4,043D,05D4,05D9",NONE,
SCN_00151000_00740000_0097,SCENARIO,scenario_message,DATA/00151000.MDZ,DATA/00151000.MDT,0x00740000,00151000,96,0x002f2573,0x002f256e,90 79 21 ba 7e 95 92 43 08 9b c2 9b c2 7d 7e c0 bc 8a 98 9f 95 43 0d ff 00,"そう、よかった！
どんどんおかわりしてねっ！","그래, 다행이다!
마음껏 더 먹으렴!",UNASSIGNED,ミランダ,"[{""offset"":-5,""raw_hex"":""22 0e 00 1f 00"",""kind"":""MESSAGE_HEADER"",""opcode"":34,""argument"":31},{""offset"":8,""raw_hex"":""08"",""kind"":""LINE_BREAK""},{""offset"":22,""raw_hex"":""0d ff 00"",""kind"":""MESSAGE_END""}]",REVIEW_1,NO,CHARACTER_GUIDE v0.1 적용. context-v1 복원 원문 1차 번역.,SUPPORTED: structured scenario command; header FACE slot maps to face_miranda_06; runtime display not yet checked. PROVEN: byte-identical source command exists at the same path and offsets on Disc 2. SUPPORTED: context-v1 glyph 복원; 런타임 원문 검증 전. TERM: 버스피어·파스·도박장.,"そう<G0001>よかった！
どんどんおかわりしてねっ！",SUPPORTED,0001,NONE,
SCN_00151000_00740000_0100,SCENARIO,scenario_message,DATA/00151000.MDZ,DATA/00151000.MDT,0x00740000,00151000,99,0x002f2677,0x002f2672,30 f0 3b f0 3a f0 e2 43 21 0d ff 00,ミランダ！、,미란다!,UNASSIGNED,ユウキ,"[{""offset"":-5,""raw_hex"":""02 0e 00 07 00"",""kind"":""MESSAGE_HEADER"",""opcode"":2,""argument"":7},{""offset"":9,""raw_hex"":""0d ff 00"",""kind"":""MESSAGE_END""}]",REVIEW_1,NO,CHARACTER_GUIDE v0.1 적용. context-v1 복원 원문 1차 번역.,SUPPORTED: structured scenario command; header FACE slot maps to face_yuuki_08; runtime display not yet checked. PROVEN: byte-identical source command exists at the same path and offsets on Disc 2. SUPPORTED: context-v1 glyph 복원; 런타임 원문 검증 전. TERM: 버스피어·파스·도박장.,ミランダ！<G0001>,SUPPORTED,0001,NONE,
SCN_00151000_00740000_0101,SCENARIO,scenario_message,DATA/00151000.MDZ,DATA/00151000.MDT,0x00740000,00151000,100,0x002f2692,0x002f268d,9c e4 21 9c 9d ba 08 bf f5 77 ab f3 8a 94 b5 95 98 46 46 0d ff 00,"なッ、なによ
怖い顔しちゃって……","뭐, 뭐야
무서운 얼굴을 하고……",UNASSIGNED,アロンソ,"[{""offset"":-5,""raw_hex"":""22 0e 00 22 00"",""kind"":""MESSAGE_HEADER"",""opcode"":34,""argument"":34},{""offset"":6,""raw_hex"":""08"",""kind"":""LINE_BREAK""},{""offset"":19,""raw_hex"":""0d ff 00"",""kind"":""MESSAGE_END""}]",REVIEW_1,NO,CHARACTER_GUIDE v0.1 적용. context-v1 복원 원문 1차 번역.,SUPPORTED: structured scenario command; header FACE slot maps to face_alonso_01; runtime display not yet checked. PROVEN: byte-identical source command exists at the same path and offsets on Disc 2. SUPPORTED: context-v1 glyph 복원; 런타임 원문 검증 전. TERM: 버스피어·파스·도박장.,"なッ<G0001>なによ
怖い<G03CB>しちゃって<G0026><G0026>",SUPPORTED,"0001,0026,03CB",NONE,
SCN_00151000_00740000_0102,SCENARIO,scenario_message,DATA/00151000.MDZ,DATA/00151000.MDT,0x00740000,00151000,101,0x002f26b7,0x002f26b2,79 f2 9d de f4 a0 86 9a 64 f0 8a 92 bc 8a 98 08 9c c2 7e 46 46 29 f0 3a f0 93 ba 0d ff 00,"急に昔のこと話したりして
なんか……ヘンだよ","갑자기 옛날 얘기를 하기도 하고
뭔가…… 이상해.",UNASSIGNED,アルフィナ,"[{""offset"":-5,""raw_hex"":""02 0e 00 0c 00"",""kind"":""MESSAGE_HEADER"",""opcode"":2,""argument"":12},{""offset"":15,""raw_hex"":""08"",""kind"":""LINE_BREAK""},{""offset"":27,""raw_hex"":""0d ff 00"",""kind"":""MESSAGE_END""}]",REVIEW_1,NO,CHARACTER_GUIDE v0.1 적용. context-v1 복원 원문 1차 번역.,SUPPORTED: structured scenario command; header FACE slot maps to face_alfina_01; runtime display not yet checked. PROVEN: byte-identical source command exists at the same path and offsets on Disc 2. SUPPORTED: context-v1 glyph 복원; 런타임 원문 검증 전. TERM: 버스피어·파스·도박장.,"急に<G04CE>のこと<G0114>したりして
なんか<G0026><G0026>ヘンだよ",SUPPORTED,"0026,0114,04CE",NONE,
SCN_00151000_00740000_0103,SCENARIO,scenario_message,DATA/00151000.MDZ,DATA/00151000.MDT,0x00740000,00151000,102,0x002f26e4,0x002f26df,90 21 90 c2 9c 86 9a 46 46 08 9c 77 c0 ba 46 46 0d ff 00,"そ、そんなこと……
ないわよ……","그, 그런 건……
아니야……",UNASSIGNED,アロンソ,"[{""offset"":-5,""raw_hex"":""22 0e 00 23 00"",""kind"":""MESSAGE_HEADER"",""opcode"":34,""argument"":35},{""offset"":9,""raw_hex"":""08"",""kind"":""LINE_BREAK""},{""offset"":16,""raw_hex"":""0d ff 00"",""kind"":""MESSAGE_END""}]",REVIEW_1,NO,CHARACTER_GUIDE v0.1 적용. context-v1 복원 원문 1차 번역.,SUPPORTED: structured scenario command; header FACE slot maps to face_alonso_02; runtime display not yet checked. PROVEN: byte-identical source command exists at the same path and offsets on Disc 2. SUPPORTED: context-v1 glyph 복원; 런타임 원문 검증 전. TERM: 버스피어·파스·도박장.,"そ<G0001>そんなこと<G0026><G0026>
ないわよ<G0026><G0026>",SUPPORTED,"0001,0026",NONE,
SCN_00151000_00740000_0104,SCENARIO,scenario_message,DATA/00151000.MDZ,DATA/00151000.MDT,0x00740000,00151000,103,0x002f272e,0x002f2729,dc f1 2d f1 21 7d 7e 8a 77 ba 08 4d f4 84 f2 a0 30 f0 3b f0 3a f0 e2 0d ff 00,"絶対、おかしいよ
あ日のミランダ","분명 이상해
오늘의 미란다는.",UNASSIGNED,ユウキ,"[{""offset"":-5,""raw_hex"":""02 0e 00 01 00"",""kind"":""MESSAGE_HEADER"",""opcode"":2,""argument"":1},{""offset"":10,""raw_hex"":""08"",""kind"":""LINE_BREAK""},{""offset"":23,""raw_hex"":""0d ff 00"",""kind"":""MESSAGE_END""}]",REVIEW_1,NO,CHARACTER_GUIDE v0.1 적용. context-v1 복원 원문 1차 번역.,SUPPORTED: structured scenario command; header FACE slot maps to face_yuuki_02; runtime display not yet checked. PROVEN: byte-identical source command exists at the same path and offsets on Disc 2. SUPPORTED: context-v1 glyph 복원; 런타임 원문 검증 전. TERM: 버스피어·파스·도박장.,"絶対<G0001>おかしいよ
<G043D><G02D4>のミランダ",SUPPORTED,"0001,02D4,043D",NONE,
SCN_00151000_00740000_0105,SCENARIO,scenario_message,DATA/00151000.MDZ,DATA/00151000.MDT,0x00740000,00151000,104,0x002f27bf,0x002f27ba,93 77 8b b9 79 a8 21 93 77 8b b9 79 a8 08 c4 3d f0 26 f0 c5 eb a1 9e f1 a4 f1 8a 98 08 a1 f0 98 98 82 be be a2 77 77 7e bb 0d ff 00,"だいじょうぶ、だいじょうぶ
アルフィナは安心して
見ててくれればいいから","괜찮아, 괜찮아
알피나는 안심하고
지켜보기만 하면 돼.",UNASSIGNED,ユウキ,"[{""offset"":-5,""raw_hex"":""02 0e 00 02 00"",""kind"":""MESSAGE_HEADER"",""opcode"":2,""argument"":2},{""offset"":13,""raw_hex"":""08"",""kind"":""LINE_BREAK""},{""offset"":28,""raw_hex"":""08"",""kind"":""LINE_BREAK""},{""offset"":41,""raw_hex"":""0d ff 00"",""kind"":""MESSAGE_END""}]",REVIEW_1,NO,CHARACTER_GUIDE v0.1 적용. context-v1 복원 원문 1차 번역.,SUPPORTED: structured scenario command; header FACE slot maps to face_yuuki_03; runtime display not yet checked. PROVEN: byte-identical source command exists at the same path and offsets on Disc 2. SUPPORTED: context-v1 glyph 복원; 런타임 원문 검증 전. TERM: 버스피어·파스·도박장.,"だいじょうぶ<G0001>だいじょうぶ
アルフィナは<G021E>心して
見ててくれればいいから",SUPPORTED,"0001,021E",NONE,
SCN_00151000_00740000_0107,SCENARIO,scenario_message,DATA/00151000.MDZ,DATA/00151000.MDT,0x00740000,00151000,106,0x002f2949,0x002f2944,75 92 bc b0 7b 88 43 08 d9 36 f0 30 f0 e4 e9 9d 63 f0 7b 92 c2 93 8f 08 75 a0 d9 36 f0 30 f0 e4 e9 9d 43 0d ff 00,"あたりまえさ！
シュミットに会えたんだよ
あのシュミットに！","당연하지!
슈미트를 만났다고
그 슈미트를!",UNASSIGNED,ユウキ,"[{""offset"":-5,""raw_hex"":""02 0e 00 0a 00"",""kind"":""MESSAGE_HEADER"",""opcode"":2,""argument"":10},{""offset"":7,""raw_hex"":""08"",""kind"":""LINE_BREAK""},{""offset"":23,""raw_hex"":""08"",""kind"":""LINE_BREAK""},{""offset"":35,""raw_hex"":""0d ff 00"",""kind"":""MESSAGE_END""}]",REVIEW_1,NO,CHARACTER_GUIDE v0.1 적용. context-v1 복원 원문 1차 번역.,SUPPORTED: structured scenario command; header FACE slot maps to face_yuuki_11; runtime display not yet checked. PROVEN: byte-identical source command exists at the same path and offsets on Disc 2. SUPPORTED: context-v1 glyph 복원; 런타임 원문 검증 전. TERM: 버스피어·파스·도박장.,"あたりまえさ！
シュミットに<G0113>えたんだ<G006F>
あのシュミットに！",SUPPORTED,"006F,0113",NONE,
SCN_00151000_00740000_0108,SCENARIO,scenario_message,DATA/00151000.MDZ,DATA/00151000.MDT,0x00740000,00151000,107,0x002f29d1,0x002f29cc,75 75 21 3c f2 a0 a7 f0 a0 9c f0 92 f0 93 ba 08 77 b0 a1 b0 93 46 46 9f 0d ff 00,"ああ、雲の上の存在だよ
いまはまだ……ね","그래, 아직은
구름 위의 존재지……",UNASSIGNED,ユウキ,"[{""offset"":-5,""raw_hex"":""02 0e 00 09 00"",""kind"":""MESSAGE_HEADER"",""opcode"":2,""argument"":9},{""offset"":15,""raw_hex"":""08"",""kind"":""LINE_BREAK""},{""offset"":24,""raw_hex"":""0d ff 00"",""kind"":""MESSAGE_END""}]",REVIEW_1,NO,CHARACTER_GUIDE v0.1 적용. context-v1 복원 원문 1차 번역.,SUPPORTED: structured scenario command; header FACE slot maps to face_yuuki_10; runtime display not yet checked. PROVEN: byte-identical source command exists at the same path and offsets on Disc 2. SUPPORTED: context-v1 glyph 복원; 런타임 원문 검증 전. TERM: 버스피어·파스·도박장.,"ああ<G0001>雲の上の<G014C><G0142>だよ
いまはまだ<G0026><G0026>ね",SUPPORTED,"0001,0026",SUPPORTED,"0142,014C"
SCN_00151000_00740000_0109,SCENARIO,scenario_message,DATA/00151000.MDZ,DATA/00151000.MDT,0x00740000,00151000,108,0x002f29fb,0x002f29f6,99 b4 21 80 95 9a 08 bb f2 77 86 8a 98 b1 8e bd 95 43 08 77 96 7e 21 6c f0 8d 46 46 43 0d ff 00,"でも、きっと
追いこしてみせるっ！
いつか、必ず……！","하지만 분명
추월하고 말 거야!
언젠가, 반드시……!",UNASSIGNED,ユウキ,"[{""offset"":-5,""raw_hex"":""02 0e 00 0a 00"",""kind"":""MESSAGE_HEADER"",""opcode"":2,""argument"":10},{""offset"":6,""raw_hex"":""08"",""kind"":""LINE_BREAK""},{""offset"":18,""raw_hex"":""08"",""kind"":""LINE_BREAK""},{""offset"":29,""raw_hex"":""0d ff 00"",""kind"":""MESSAGE_END""}]",REVIEW_1,NO,CHARACTER_GUIDE v0.1 적용. context-v1 복원 원문 1차 번역.,SUPPORTED: structured scenario command; header FACE slot maps to face_yuuki_11; runtime display not yet checked. PROVEN: byte-identical source command exists at the same path and offsets on Disc 2. SUPPORTED: context-v1 glyph 복원; 런타임 원문 검증 전. TERM: 버스피어·파스·도박장.,"でも<G0001>きっと
<G030B>いこしてみせるっ！
いつか<G0001><G011C>ず<G0026><G0026>！",SUPPORTED,"0001,0026,011C,030B",NONE,
SCN_00151000_00740000_0110,SCENARIO,scenario_message,DATA/00151000.MDZ,DATA/00151000.MDT,0x00740000,00151000,109,0x002f2a54,0x002f2a4f,75 21 75 75 46 46 0d ff 00,あ、ああ……,"아, 아아……",UNASSIGNED,アルフィナ,"[{""offset"":-5,""raw_hex"":""02 0e 00 0c 00"",""kind"":""MESSAGE_HEADER"",""opcode"":2,""argument"":12},{""offset"":6,""raw_hex"":""0d ff 00"",""kind"":""MESSAGE_END""}]",REVIEW_1,NO,CHARACTER_GUIDE v0.1 적용. context-v1 복원 원문 1차 번역.,SUPPORTED: structured scenario command; header FACE slot maps to face_alfina_01; runtime display not yet checked. PROVEN: byte-identical source command exists at the same path and offsets on Disc 2. SUPPORTED: context-v1 glyph 복원; 런타임 원문 검증 전. TERM: 버스피어·파스·도박장.,あ<G0001>ああ<G0026><G0026>,SUPPORTED,"0001,0026",NONE,
SCN_00151000_00740000_0111,SCENARIO,scenario_message,DATA/00151000.MDZ,DATA/00151000.MDT,0x00740000,00151000,110,0x002f2ab5,0x002f2ab0,95 92 82 21 75 c2 92 7f 08 ba bf 86 a8 93 bf 79 9a a1 f1 95 98 08 50 f1 95 98 75 85 92 a0 9d d7 08 27 f0 e5 27 f0 e5 46 46 0d ff 00,"ったく、あんたが
よろこぶだろうと思って
作ってあげたのにサ
ブツブツ……","정말이지, 네가
기뻐할 줄 알고
만들어 줬는데 말이야
중얼중얼……",UNASSIGNED,アロンソ,"[{""offset"":-5,""raw_hex"":""22 0e 00 24 00"",""kind"":""MESSAGE_HEADER"",""opcode"":34,""argument"":36},{""offset"":8,""raw_hex"":""08"",""kind"":""LINE_BREAK""},{""offset"":21,""raw_hex"":""08"",""kind"":""LINE_BREAK""},{""offset"":32,""raw_hex"":""08"",""kind"":""LINE_BREAK""},{""offset"":41,""raw_hex"":""0d ff 00"",""kind"":""MESSAGE_END""}]",REVIEW_1,NO,CHARACTER_GUIDE v0.1 적용. context-v1 복원 원문 1차 번역.,SUPPORTED: structured scenario command; header FACE slot maps to face_alonso_03; runtime display not yet checked. PROVEN: byte-identical source command exists at the same path and offsets on Disc 2. SUPPORTED: context-v1 glyph 복원; 런타임 원문 검증 전. TERM: 버스피어·파스·도박장.,"ったく<G0001>あんたが
よろこぶだろうと思って
作ってあげたのにサ
ブツブツ<G0026><G0026>",SUPPORTED,"0001,0026",NONE,
SCN_00151000_00740000_0112,SCENARIO,scenario_message,DATA/00151000.MDZ,DATA/00151000.MDT,0x00740000,00151000,111,0x002f2af0,0x002f2aeb,7e 21 9c f3 8b f4 8a 98 bd 95 98 a2 08 46 46 94 b9 95 9a a0 f1 bb f0 5b f0 93 84 9b 0d ff 00,"か、感謝してるってば
……ちょっと不気味だけど","고, 고맙다니까
……조금 무섭긴 하지만.",UNASSIGNED,ユウキ,"[{""offset"":-5,""raw_hex"":""02 0e 00 08 00"",""kind"":""MESSAGE_HEADER"",""opcode"":2,""argument"":8},{""offset"":12,""raw_hex"":""08"",""kind"":""LINE_BREAK""},{""offset"":28,""raw_hex"":""0d ff 00"",""kind"":""MESSAGE_END""}]",REVIEW_1,NO,CHARACTER_GUIDE v0.1 적용. context-v1 복원 원문 1차 번역.,SUPPORTED: structured scenario command; header FACE slot maps to face_yuuki_09; runtime display not yet checked. PROVEN: byte-identical source command exists at the same path and offsets on Disc 2. SUPPORTED: context-v1 glyph 복원; 런타임 원문 검증 전. TERM: 버스피어·파스·도박장.,"か<G0001>感<G047B>してるってば
<G0026><G0026>ちょっと不気味だけど",SUPPORTED,"0001,0026,047B",NONE,
SCN_00151000_00740000_0114,SCENARIO,scenario_message,DATA/00151000.MDZ,DATA/00151000.MDT,0x00740000,00151000,113,0x002f2b5a,0x002f2b55,75 75 21 d9 f0 57 f6 8a 92 84 9b 9f 08 90 95 94 b4 9c c2 9a 7e 0d ff 00,"ああ、苦労したけどね
そっちもなんとか","그래, 고생은 했지만
너희 쪽도 어떻게든 됐네.",UNASSIGNED,ユウキ,"[{""offset"":-5,""raw_hex"":""02 0e 00 02 00"",""kind"":""MESSAGE_HEADER"",""opcode"":2,""argument"":2},{""offset"":12,""raw_hex"":""08"",""kind"":""LINE_BREAK""},{""offset"":21,""raw_hex"":""0d ff 00"",""kind"":""MESSAGE_END""}]",REVIEW_1,NO,CHARACTER_GUIDE v0.1 적용. context-v1 복원 원문 1차 번역.,SUPPORTED: structured scenario command; header FACE slot maps to face_yuuki_03; runtime display not yet checked. PROVEN: byte-identical source command exists at the same path and offsets on Disc 2. SUPPORTED: context-v1 glyph 복원; 런타임 원문 검증 전. TERM: 버스피어·파스·도박장.,"ああ<G0001>苦<G05E7>したけどね
そっちもなんとか",SUPPORTED,"0001,05E7",NONE,
SCN_00151000_00740000_0118,SCENARIO,scenario_message,DATA/00151000.MDZ,DATA/00151000.MDT,0x00740000,00151000,117,0x002f2c72,0x002f2c6d,75 21 75 75 21 75 bc 7f 9a 79 46 46 0d ff 00,あ、ああ、ありがとう……,"아, 아아, 고마워……",UNASSIGNED,ユウキ,"[{""offset"":-5,""raw_hex"":""02 0e 00 01 00"",""kind"":""MESSAGE_HEADER"",""opcode"":2,""argument"":1},{""offset"":12,""raw_hex"":""0d ff 00"",""kind"":""MESSAGE_END""}]",REVIEW_1,NO,CHARACTER_GUIDE v0.1 적용. context-v1 복원 원문 1차 번역.,SUPPORTED: structured scenario command; header FACE slot maps to face_yuuki_02; runtime display not yet checked. PROVEN: byte-identical source command exists at the same path and offsets on Disc 2. SUPPORTED: context-v1 glyph 복원; 런타임 원문 검증 전. TERM: 버스피어·파스·도박장.,あ<G0001>ああ<G0001>ありがとう<G0026><G0026>,SUPPORTED,"0001,0026",NONE,
SCN_00151000_00740000_0119,SCENARIO,scenario_message,DATA/00151000.MDZ,DATA/00151000.MDT,0x00740000,00151000,118,0x002f2ca1,0x002f2c9c,49 f1 42 f1 af f3 a0 86 9a 9d 9c bd 9a 08 7f f1 a0 80 f1 70 f0 7b 94 b5 95 98 46 46 08 90 c2 9c 9d 49 f1 a5 92 77 a0 21 75 c2 92 44 0d ff 00,"飛行機のことになると
目の色変えちゃって……
そんなに飛びたいの、あんた？","비행기 얘기만 나오면
눈빛이 달라진다니까……
그렇게 날고 싶은 거야, 너?",UNASSIGNED,ミランダ,"[{""offset"":-5,""raw_hex"":""22 0e 00 1d 00"",""kind"":""MESSAGE_HEADER"",""opcode"":34,""argument"":29},{""offset"":13,""raw_hex"":""08"",""kind"":""LINE_BREAK""},{""offset"":28,""raw_hex"":""08"",""kind"":""LINE_BREAK""},{""offset"":44,""raw_hex"":""0d ff 00"",""kind"":""MESSAGE_END""}]",REVIEW_1,NO,CHARACTER_GUIDE v0.1 적용. context-v1 복원 원문 1차 번역.,SUPPORTED: structured scenario command; header FACE slot maps to face_miranda_04; runtime display not yet checked. PROVEN: byte-identical source command exists at the same path and offsets on Disc 2. SUPPORTED: context-v1 glyph 복원; 런타임 원문 검증 전. TERM: 버스피어·파스·도박장.,"飛行機のことになると
<G01FF>の色変えちゃって<G0026><G0026>
そんなに飛びたいの<G0001>あんた？",SUPPORTED,"0001,0026,01FF",NONE,
SCN_00151000_00740000_0120,SCENARIO,scenario_message,DATA/00151000.MDZ,DATA/00151000.MDT,0x00740000,00151000,119,0x002f2cdf,0x002f2cda,75 75 46 46 08 cc 3e f0 9d a1 3f f6 7f 6c f0 3d f6 9c c2 93 0d ff 00,"ああ……
オレには翼が必要なんだ","그래……
나에게는 날개가 필요해.",UNASSIGNED,ユウキ,"[{""offset"":-5,""raw_hex"":""02 0e 00 09 00"",""kind"":""MESSAGE_HEADER"",""opcode"":2,""argument"":9},{""offset"":4,""raw_hex"":""08"",""kind"":""LINE_BREAK""},{""offset"":20,""raw_hex"":""0d ff 00"",""kind"":""MESSAGE_END""}]",REVIEW_1,NO,CHARACTER_GUIDE v0.1 적용. context-v1 복원 원문 1차 번역.,SUPPORTED: structured scenario command; header FACE slot maps to face_yuuki_10; runtime display not yet checked. PROVEN: byte-identical source command exists at the same path and offsets on Disc 2. SUPPORTED: context-v1 glyph 복원; 런타임 원문 검증 전. TERM: 버스피어·파스·도박장.,"ああ<G0026><G0026>
オレには翼が<G011C><G05CD>なんだ",SUPPORTED,"0026,011C,05CD",NONE,
SCN_00151000_00740000_0121,SCENARIO,scenario_message,DATA/00151000.MDZ,DATA/00151000.MDT,0x00740000,00151000,120,0x002f2d16,0x002f2d11,ad bb 95 21 37 f0 c8 cf b4 08 9b c2 9b c2 c3 f4 ab 9c 88 77 ba 08 75 c2 92 a0 92 b3 9d 50 f1 95 92 c2 93 7e bb 0d ff 00,"ほらっ、ユウキも
どんどん食べなさいよ
あんたのために作ったんだから","자, 유키도
얼른 먹으렴
너를 위해 만든 거니까.",UNASSIGNED,ミランダ,"[{""offset"":-5,""raw_hex"":""22 0e 00 1f 00"",""kind"":""MESSAGE_HEADER"",""opcode"":34,""argument"":31},{""offset"":9,""raw_hex"":""08"",""kind"":""LINE_BREAK""},{""offset"":21,""raw_hex"":""08"",""kind"":""LINE_BREAK""},{""offset"":37,""raw_hex"":""0d ff 00"",""kind"":""MESSAGE_END""}]",REVIEW_1,NO,CHARACTER_GUIDE v0.1 적용. context-v1 복원 원문 1차 번역.,SUPPORTED: structured scenario command; header FACE slot maps to face_miranda_06; runtime display not yet checked. PROVEN: byte-identical source command exists at the same path and offsets on Disc 2. SUPPORTED: context-v1 glyph 복원; 런타임 원문 검증 전. TERM: 버스피어·파스·도박장.,"ほらっ<G0001>ユウキも
どんどん食べなさいよ
あんたのために作ったんだから",SUPPORTED,0001,NONE,
SCN_00151000_00740000_0122,SCENARIO,scenario_message,DATA/00151000.MDZ,DATA/00151000.MDT,0x00740000,00151000,121,0x002f2d4d,0x002f2d48,cc 3e f0 a0 92 b3 9d 46 46 44 0d ff 00,オレのために……？,나를 위해서……?,UNASSIGNED,ユウキ,"[{""offset"":-5,""raw_hex"":""02 0e 00 01 00"",""kind"":""MESSAGE_HEADER"",""opcode"":2,""argument"":1},{""offset"":10,""raw_hex"":""0d ff 00"",""kind"":""MESSAGE_END""}]",REVIEW_1,NO,CHARACTER_GUIDE v0.1 적용. context-v1 복원 원문 1차 번역.,SUPPORTED: structured scenario command; header FACE slot maps to face_yuuki_02; runtime display not yet checked. PROVEN: byte-identical source command exists at the same path and offsets on Disc 2. SUPPORTED: context-v1 glyph 복원; 런타임 원문 검증 전. TERM: 버스피어·파스·도박장.,オレのために<G0026><G0026>？,SUPPORTED,0026,NONE,
SCN_00151000_00740000_0125,SCENARIO,scenario_message,DATA/00151000.MDZ,DATA/00151000.MDT,0x00740000,00151000,124,0x002f2e27,0x002f2e22,46 46 46 46 46 08 94 b9 95 9a 46 46 08 c8 f0 c1 9c 7f b3 98 82 bd 46 46 0d ff 00,"……………
ちょっと……
海をながめてくる……","……………
잠깐……
바다를 보고 올게……",UNASSIGNED,ユウキ,"[{""offset"":-5,""raw_hex"":""02 0e 00 05 00"",""kind"":""MESSAGE_HEADER"",""opcode"":2,""argument"":5},{""offset"":5,""raw_hex"":""08"",""kind"":""LINE_BREAK""},{""offset"":12,""raw_hex"":""08"",""kind"":""LINE_BREAK""},{""offset"":24,""raw_hex"":""0d ff 00"",""kind"":""MESSAGE_END""}]",REVIEW_1,NO,CHARACTER_GUIDE v0.1 적용. context-v1 복원 원문 1차 번역.,SUPPORTED: structured scenario command; header FACE slot maps to face_yuuki_06; runtime display not yet checked. PROVEN: byte-identical source command exists at the same path and offsets on Disc 2. SUPPORTED: context-v1 glyph 복원; 런타임 원문 검증 전. TERM: 버스피어·파스·도박장.,"<G0026><G0026><G0026><G0026><G0026>
ちょっと<G0026><G0026>
海をながめてくる<G0026><G0026>",SUPPORTED,0026,NONE,
SCN_00151000_00740000_0126,SCENARIO,scenario_message,DATA/00151000.MDZ,DATA/00151000.MDT,0x00740000,00151000,125,0x002f2ea6,0x002f2ea1,75 75 21 9c c2 9a 7e 9f 0d ff 00,ああ、なんとかね,"그래, 어떻게든.",UNASSIGNED,ユウキ,"[{""offset"":-5,""raw_hex"":""02 0e 00 02 00"",""kind"":""MESSAGE_HEADER"",""opcode"":2,""argument"":2},{""offset"":8,""raw_hex"":""0d ff 00"",""kind"":""MESSAGE_END""}]",REVIEW_1,NO,CHARACTER_GUIDE v0.1 적용. context-v1 복원 원문 1차 번역.,SUPPORTED: structured scenario command; header FACE slot maps to face_yuuki_03; runtime display not yet checked. PROVEN: byte-identical source command exists at the same path and offsets on Disc 2. SUPPORTED: context-v1 glyph 복원; 런타임 원문 검증 전. TERM: 버스피어·파스·도박장.,ああ<G0001>なんとかね,SUPPORTED,0001,NONE,
SCN_00151000_00740000_0128,SCENARIO,scenario_message,DATA/00151000.MDZ,DATA/00151000.MDT,0x00740000,00151000,127,0x002f2f9e,0x002f2f99,75 75 21 3f f0 e4 e5 a1 cc 3e f0 a0 08 54 f1 d6 f1 a0 22 f0 47 e9 eb 47 88 0d ff 00,"ああ、ロッツはオレの
最高のパートナーさ","그래, 롯츠는 내
최고의 파트너야.",UNASSIGNED,ユウキ,"[{""offset"":-5,""raw_hex"":""02 0e 00 09 00"",""kind"":""MESSAGE_HEADER"",""opcode"":2,""argument"":9},{""offset"":12,""raw_hex"":""08"",""kind"":""LINE_BREAK""},{""offset"":25,""raw_hex"":""0d ff 00"",""kind"":""MESSAGE_END""}]",REVIEW_1,NO,CHARACTER_GUIDE v0.1 적용. context-v1 복원 원문 1차 번역.,SUPPORTED: structured scenario command; header FACE slot maps to face_yuuki_10; runtime display not yet checked. PROVEN: byte-identical source command exists at the same path and offsets on Disc 2. SUPPORTED: context-v1 glyph 복원; 런타임 원문 검증 전. TERM: 버스피어·파스·도박장.,"ああ<G0001>ロッツはオレの
<G01D4>高のパートナーさ",SUPPORTED,"0001,01D4",NONE,
SCN_00151000_00740000_0129,SCENARIO,scenario_message,DATA/00151000.MDZ,DATA/00151000.MDT,0x00740000,00151000,128,0x002f3016,0x002f3011,d9 36 f0 30 f0 e4 e9 a1 08 b4 f0 a1 50 f1 bb 9c 77 9a a1 f1 79 ba 08 92 a8 c2 46 46 0d ff 00,"シュミットは
船は作らないと思うよ
たぶん……","슈미트는
배는 만들지 않을 거야
아마도……",UNASSIGNED,ユウキ,"[{""offset"":-5,""raw_hex"":""02 0e 00 08 00"",""kind"":""MESSAGE_HEADER"",""opcode"":2,""argument"":8},{""offset"":8,""raw_hex"":""08"",""kind"":""LINE_BREAK""},{""offset"":22,""raw_hex"":""08"",""kind"":""LINE_BREAK""},{""offset"":28,""raw_hex"":""0d ff 00"",""kind"":""MESSAGE_END""}]",REVIEW_1,NO,CHARACTER_GUIDE v0.1 적용. context-v1 복원 원문 1차 번역.,SUPPORTED: structured scenario command; header FACE slot maps to face_yuuki_09; runtime display not yet checked. PROVEN: byte-identical source command exists at the same path and offsets on Disc 2. SUPPORTED: context-v1 glyph 복원; 런타임 원문 검증 전. TERM: 버스피어·파스·도박장.,"シュミットは
船は作らないと思うよ
たぶん<G0026><G0026>",SUPPORTED,0026,NONE,
SCN_00151000_00740000_0130,SCENARIO,scenario_message,DATA/00151000.MDZ,DATA/00151000.MDT,0x00740000,00151000,129,0x002f30f8,0x002f30f3,cc 3e f0 9a 30 f0 3b f0 3a f0 e2 a0 46 46 44 0d ff 00,オレとミランダの……？,나와 미란다의……?,UNASSIGNED,アルフィナ,"[{""offset"":-5,""raw_hex"":""02 0e 00 0c 00"",""kind"":""MESSAGE_HEADER"",""opcode"":2,""argument"":12},{""offset"":15,""raw_hex"":""0d ff 00"",""kind"":""MESSAGE_END""}]",REVIEW_1,NO,CHARACTER_GUIDE v0.1 적용. context-v1 복원 원문 1차 번역.,SUPPORTED: structured scenario command; header FACE slot maps to face_alfina_01; runtime display not yet checked. PROVEN: byte-identical source command exists at the same path and offsets on Disc 2. SUPPORTED: context-v1 glyph 복원; 런타임 원문 검증 전. TERM: 버스피어·파스·도박장.,オレとミランダの<G0026><G0026>？,SUPPORTED,0026,NONE,
SCN_00151000_00740000_0132,SCENARIO,scenario_message,DATA/00151000.MDZ,DATA/00151000.MDT,0x00740000,00151000,131,0x002f316c,0x002f3167,b0 93 21 df f0 8c 81 bd ba 43 08 90 79 93 9c 21 b4 79 d1 e1 d1 e1 46 46 0d ff 00,"まだ、早すぎるよ！
そうだな、もうクタクタ……","아직 너무 일러!
그렇네, 이제 완전히 지쳤어……",UNASSIGNED,ユウキ,"[{""offset"":-5,""raw_hex"":""02 0e 00 01 00"",""kind"":""MESSAGE_HEADER"",""opcode"":2,""argument"":1},{""offset"":10,""raw_hex"":""08"",""kind"":""LINE_BREAK""},{""offset"":24,""raw_hex"":""0d ff 00"",""kind"":""MESSAGE_END""}]",REVIEW_1,NO,CHARACTER_GUIDE v0.1 적용. context-v1 복원 원문 1차 번역.,SUPPORTED: structured scenario command; header FACE slot maps to face_yuuki_02; runtime display not yet checked. PROVEN: byte-identical source command exists at the same path and offsets on Disc 2. SUPPORTED: context-v1 glyph 복원; 런타임 원문 검증 전. TERM: 버스피어·파스·도박장.,"まだ<G0001>早すぎるよ！
そうだな<G0001>もうクタクタ<G0026><G0026>",SUPPORTED,"0001,0026",NONE,
SCN_00151000_00740000_0141,SCENARIO,scenario_message,DATA/00151000.MDZ,DATA/00151000.MDT,0x00740000,00151000,140,0x002f3444,0x002f343f,b4 79 a6 f0 8a b4 f0 c1 a1 f0 92 77 c2 93 08 79 c2 21 90 79 8c bd ba 0d ff 00,"もう少し船を見たいんだ
うん、そうするよ","배를 조금 더 보고 싶어
응, 그럴게.",UNASSIGNED,ユウキ,"[{""offset"":-5,""raw_hex"":""02 0e 00 01 00"",""kind"":""MESSAGE_HEADER"",""opcode"":2,""argument"":1},{""offset"":14,""raw_hex"":""08"",""kind"":""LINE_BREAK""},{""offset"":23,""raw_hex"":""0d ff 00"",""kind"":""MESSAGE_END""}]",REVIEW_1,NO,CHARACTER_GUIDE v0.1 적용. context-v1 복원 원문 1차 번역.,SUPPORTED: structured scenario command; header FACE slot maps to face_yuuki_02; runtime display not yet checked. PROVEN: byte-identical source command exists at the same path and offsets on Disc 2. SUPPORTED: context-v1 glyph 복원; 런타임 원문 검증 전. TERM: 버스피어·파스·도박장.,"もう少し船を見たいんだ
うん<G0001>そうするよ",SUPPORTED,0001,NONE,
SCN_00151000_00740000_0146,SCENARIO,scenario_message,DATA/00151000.MDZ,DATA/00151000.MDT,0x00740000,00151000,145,0x002f35c0,0x002f35bb,b4 79 a6 f0 8a 44 f4 7b 98 b1 bd 08 79 c2 21 90 79 8c bd ba 0d ff 00,"もう少し考えてみる
うん、そうするよ","조금 더 생각해 볼게
응, 그럴게.",UNASSIGNED,ユウキ,"[{""offset"":-5,""raw_hex"":""02 0e 00 01 00"",""kind"":""MESSAGE_HEADER"",""opcode"":2,""argument"":1},{""offset"":11,""raw_hex"":""08"",""kind"":""LINE_BREAK""},{""offset"":20,""raw_hex"":""0d ff 00"",""kind"":""MESSAGE_END""}]",REVIEW_1,NO,CHARACTER_GUIDE v0.1 적용. context-v1 복원 원문 1차 번역.,SUPPORTED: structured scenario command; header FACE slot maps to face_yuuki_02; runtime display not yet checked. PROVEN: byte-identical source command exists at the same path and offsets on Disc 2. SUPPORTED: context-v1 glyph 복원; 런타임 원문 검증 전. TERM: 버스피어·파스·도박장.,"もう少し考えてみる
うん<G0001>そうするよ",SUPPORTED,0001,NONE,
SCN_00180100_00740000_0009,SCENARIO,scenario_message,DATA/00180100.MDZ,DATA/00180100.MDT,0x00740000,00180100,8,0x00283c2f,0x00283c2a,87 b3 c2 21 94 b9 95 9a 34 f5 95 98 43 08 75 75 21 32 f0 3a f0 e8 c5 aa 42 f1 86 79 8f 43 0d ff 00,"ごめん、ちょっと待って！
ああ、メンディへ行こうよ！","미안, 잠깐만 기다려!
그래, 멘디로 가자!",UNASSIGNED,ユウキ,"[{""offset"":-5,""raw_hex"":""02 0e 00 01 00"",""kind"":""MESSAGE_HEADER"",""opcode"":2,""argument"":1},{""offset"":13,""raw_hex"":""08"",""kind"":""LINE_BREAK""},{""offset"":30,""raw_hex"":""0d ff 00"",""kind"":""MESSAGE_END""}]",REVIEW_1,NO,CHARACTER_GUIDE v0.1 적용. context-v1 복원 원문 1차 번역.,SUPPORTED: structured scenario command; header FACE slot maps to face_yuuki_02; runtime display not yet checked. PROVEN: byte-identical source command exists at the same path and offsets on Disc 2. SUPPORTED: context-v1 glyph 복원; 런타임 원문 검증 전. TERM: 버스피어·파스·도박장.,"ごめん<G0001>ちょっと<G04F4>って！
ああ<G0001>メンディへ行こう<G006F>！",SUPPORTED,"0001,006F,04F4",NONE,
SCN_00180500_00740000_0007,SCENARIO,scenario_message,DATA/00180500.MDZ,DATA/00180500.MDT,0x00740000,00180500,6,0x002da7a2,0x002da79d,b4 79 94 b9 77 bf f3 c2 99 98 77 77 8f 08 75 75 21 b0 92 bc f2 8e 98 82 be 43 0d ff 00,"もうちょい休んでていいよ
ああ、また乗せてくれ！","조금 더 쉬고 있어도 돼
그래, 또 태워 줘!",UNASSIGNED,ユウキ,"[{""offset"":-5,""raw_hex"":""02 0e 00 01 00"",""kind"":""MESSAGE_HEADER"",""opcode"":2,""argument"":1},{""offset"":13,""raw_hex"":""08"",""kind"":""LINE_BREAK""},{""offset"":26,""raw_hex"":""0d ff 00"",""kind"":""MESSAGE_END""}]",REVIEW_1,NO,CHARACTER_GUIDE v0.1 적용. context-v1 복원 원문 1차 번역.,SUPPORTED: structured scenario command; header FACE slot maps to face_yuuki_02; runtime display not yet checked. PROVEN: byte-identical source command exists at the same path and offsets on Disc 2. SUPPORTED: context-v1 glyph 복원; 런타임 원문 검증 전. TERM: 버스피어·파스·도박장.,"もうちょい<G03DF>んでていい<G006F>
ああ<G0001>また乗せてくれ！",SUPPORTED,"0001,006F,03DF",NONE,
SCN_00180500_00740000_0009,SCENARIO,scenario_message,DATA/00180500.MDZ,DATA/00180500.MDT,0x00740000,00180500,8,0x002da915,0x002da910,77 b6 21 3e f0 31 f0 a0 6f f2 7f 2c f1 93 43 08 90 79 8a ba 79 7e 9c 0d ff 00,"いや、レムの実が先だ！
そうしようかな","아니, 렘 열매가 먼저야!
그럴까.",UNASSIGNED,ユウキ,"[{""offset"":-5,""raw_hex"":""02 0e 00 01 00"",""kind"":""MESSAGE_HEADER"",""opcode"":2,""argument"":1},{""offset"":15,""raw_hex"":""08"",""kind"":""LINE_BREAK""},{""offset"":23,""raw_hex"":""0d ff 00"",""kind"":""MESSAGE_END""}]",REVIEW_1,NO,CHARACTER_GUIDE v0.1 적용. context-v1 복원 원문 1차 번역.,SUPPORTED: structured scenario command; header FACE slot maps to face_yuuki_02; runtime display not yet checked. PROVEN: byte-identical source command exists at the same path and offsets on Disc 2. SUPPORTED: context-v1 glyph 복원; 런타임 원문 검증 전. TERM: 버스피어·파스·도박장.,"いや<G0001>レムの実が先だ！
そうしようかな",SUPPORTED,0001,NONE,
SCN_00211000_00740000_0005,SCENARIO,scenario_message,DATA/00211000.MDZ,DATA/00211000.MDT,0x00740000,00211000,4,0x006ea915,0x006ea910,78 f3 88 c2 46 a1 35 f6 ec f3 93 84 9b 08 75 c2 92 21 8f f2 5a f5 a6 f1 9f 43 08 94 b9 95 9a d7 c6 26 f0 a0 23 f0 33 f0 7f 08 b8 bd c2 8b b5 95 92 7e 9c 44 0d ff 00,"奥さん…は余計だけど
あんた、正直者ね！
ちょっとサイフのヒモが
ゆるんじゃったかな？","사모님이라는 말은 좀 그렇지만
너 참 솔직하네!
내 지갑 끈이
조금 풀려 버렸나?",UNASSIGNED,ミランダ,"[{""offset"":-5,""raw_hex"":""22 0e 00 20 00"",""kind"":""MESSAGE_HEADER"",""opcode"":34,""argument"":32},{""offset"":13,""raw_hex"":""08"",""kind"":""LINE_BREAK""},{""offset"":26,""raw_hex"":""08"",""kind"":""LINE_BREAK""},{""offset"":41,""raw_hex"":""08"",""kind"":""LINE_BREAK""},{""offset"":52,""raw_hex"":""0d ff 00"",""kind"":""MESSAGE_END""}]",REVIEW_1,NO,CHARACTER_GUIDE v0.1 적용. context-v1 복원 원문 1차 번역.,SUPPORTED: structured scenario command; header FACE slot maps to face_miranda_07; runtime display not yet checked. PROVEN: byte-identical source command exists at the same path and offsets on Disc 2. SUPPORTED: context-v1 glyph 복원; 런타임 원문 검증 전. TERM: 버스피어·파스·도박장.,"奥さん<G0026>は<G05C5><G040C>だけど
あんた<G0001>正<G051A>者ね！
ちょっとサイフのヒモが
ゆるんじゃったかな？",SUPPORTED,"0001,0026,040C,051A",SUPPORTED,05C5
SCN_00211000_00740000_0006,SCENARIO,scenario_message,DATA/00211000.MDZ,DATA/00211000.MDT,0x00740000,00211000,5,0x006ea9a9,0x006ea9a4,ba 8a 95 21 a9 f5 59 f0 a8 f5 a1 08 c4 da 26 f0 3b f0 c6 9d 20 f4 b0 bc 9f 43 08 b0 f3 bc 9d 82 f0 95 98 82 c0 43 0d ff 00,"よしっ、晩御飯は
アジフライに決まりね！
戻りに買ってくわ！","좋아, 저녁은
전갱이 튀김으로 결정이네!
돌아오는 길에 사 올게!",UNASSIGNED,ミランダ,"[{""offset"":-5,""raw_hex"":""22 0e 00 1f 00"",""kind"":""MESSAGE_HEADER"",""opcode"":34,""argument"":31},{""offset"":11,""raw_hex"":""08"",""kind"":""LINE_BREAK""},{""offset"":26,""raw_hex"":""08"",""kind"":""LINE_BREAK""},{""offset"":38,""raw_hex"":""0d ff 00"",""kind"":""MESSAGE_END""}]",REVIEW_1,NO,CHARACTER_GUIDE v0.1 적용. context-v1 복원 원문 1차 번역.,SUPPORTED: structured scenario command; header FACE slot maps to face_miranda_06; runtime display not yet checked. PROVEN: byte-identical source command exists at the same path and offsets on Disc 2. SUPPORTED: context-v1 glyph 복원; 런타임 원문 검증 전. TERM: 버스피어·파스·도박장.,"よしっ<G0001><G0569><G0109><G0568>は
アジフライに<G0410>まりね！
<G03D0>りに<G0132>ってくわ！",SUPPORTED,"0001,0132,03D0,0410,0568,0569",SUPPORTED,0109
SCN_00211000_00740000_0007,SCENARIO,scenario_message,DATA/00211000.MDZ,DATA/00211000.MDT,0x00740000,00211000,6,0x006ea9e1,0x006ea9dc,db f1 a6 f0 aa f4 46 21 31 f0 3c f0 7f 75 bd 93 bf 46 0d ff 00,美少女…、ムリがあるだろ…,미소녀라니…… 무리겠지…,UNASSIGNED,ユウキ,"[{""offset"":-5,""raw_hex"":""02 0e 00 05 00"",""kind"":""MESSAGE_HEADER"",""opcode"":2,""argument"":5},{""offset"":18,""raw_hex"":""0d ff 00"",""kind"":""MESSAGE_END""}]",REVIEW_1,NO,CHARACTER_GUIDE v0.1 적용. context-v1 복원 원문 1차 번역.,SUPPORTED: structured scenario command; header FACE slot maps to face_yuuki_06; runtime display not yet checked. PROVEN: byte-identical source command exists at the same path and offsets on Disc 2. SUPPORTED: context-v1 glyph 복원; 런타임 원문 검증 전. TERM: 버스피어·파스·도박장.,美少女<G0026><G0001>ムリがあるだろ<G0026>,SUPPORTED,"0001,0026",NONE,
SCN_00211000_00740000_0008,SCENARIO,scenario_message,DATA/00211000.MDZ,DATA/00211000.MDT,0x00740000,00211000,7,0x006eaa05,0x006eaa00,c2 95 44 21 9c c2 7e 2e f4 95 92 42 0d ff 00,んっ？、なんか言った？,응? 뭐라고 했어?,UNASSIGNED,アロンソ,"[{""offset"":-5,""raw_hex"":""22 0e 00 24 00"",""kind"":""MESSAGE_HEADER"",""opcode"":34,""argument"":36},{""offset"":12,""raw_hex"":""0d ff 00"",""kind"":""MESSAGE_END""}]",REVIEW_1,NO,CHARACTER_GUIDE v0.1 적용. context-v1 복원 원문 1차 번역.,SUPPORTED: structured scenario command; header FACE slot maps to face_alonso_03; runtime display not yet checked. PROVEN: byte-identical source command exists at the same path and offsets on Disc 2. SUPPORTED: context-v1 glyph 복원; 런타임 원문 검증 전. TERM: 버스피어·파스·도박장.,んっ？<G0001>なんか<G041E>った<G0022>,SUPPORTED,"0001,0022,041E",NONE,
SCN_00211000_00740000_0010,SCENARIO,scenario_message,DATA/00211000.MDZ,DATA/00211000.MDT,0x00740000,00211000,9,0x006eab84,0x006eab7f,99 b4 88 21 c4 3d f0 26 f0 c5 eb 08 86 c2 9c a0 c3 f4 77 80 be 9c 77 93 bf 43 0d ff 00,"でもさ、アルフィナ
こんなの食いきれないだろ！","그런데 알피나
이런 건 다 못 먹잖아!",UNASSIGNED,ユウキ,"[{""offset"":-5,""raw_hex"":""02 0e 00 03 00"",""kind"":""MESSAGE_HEADER"",""opcode"":2,""argument"":3},{""offset"":11,""raw_hex"":""08"",""kind"":""LINE_BREAK""},{""offset"":26,""raw_hex"":""0d ff 00"",""kind"":""MESSAGE_END""}]",REVIEW_1,NO,CHARACTER_GUIDE v0.1 적용. context-v1 복원 원문 1차 번역.,SUPPORTED: structured scenario command; header FACE slot maps to face_yuuki_04; runtime display not yet checked. PROVEN: byte-identical source command exists at the same path and offsets on Disc 2. SUPPORTED: context-v1 glyph 복원; 런타임 원문 검증 전. TERM: 버스피어·파스·도박장.,"でもさ<G0001>アルフィナ
こんなの食いきれないだろ！",SUPPORTED,0001,NONE,
SCN_00211000_00740000_0011,SCENARIO,scenario_message,DATA/00211000.MDZ,DATA/00211000.MDT,0x00740000,00211000,10,0x006eacbe,0x006eacb9,7d f1 a1 c3 f4 ab 9c 77 a0 44 08 7d 77 8a 90 79 9c a0 08 92 82 88 c2 83 f0 95 98 bd 8b b5 c2 0d ff 00,"魚は食べないの？
おいしそうなの
たくさん売ってるじゃん","생선은 안 먹어?
맛있어 보이는 게
잔뜩 팔리고 있잖아.",UNASSIGNED,ユウキ,"[{""offset"":-5,""raw_hex"":""02 0e 00 02 00"",""kind"":""MESSAGE_HEADER"",""opcode"":2,""argument"":2},{""offset"":10,""raw_hex"":""08"",""kind"":""LINE_BREAK""},{""offset"":18,""raw_hex"":""08"",""kind"":""LINE_BREAK""},{""offset"":31,""raw_hex"":""0d ff 00"",""kind"":""MESSAGE_END""}]",REVIEW_1,NO,CHARACTER_GUIDE v0.1 적용. context-v1 복원 원문 1차 번역.,SUPPORTED: structured scenario command; header FACE slot maps to face_yuuki_03; runtime display not yet checked. PROVEN: byte-identical source command exists at the same path and offsets on Disc 2. SUPPORTED: context-v1 glyph 복원; 런타임 원문 검증 전. TERM: 버스피어·파스·도박장.,"<G01FD>は食べないの？
おいしそうなの
たくさん<G0133>ってるじゃん",SUPPORTED,0133,SUPPORTED,01FD
SCN_00211000_00740000_0012,SCENARIO,scenario_message,DATA/00211000.MDZ,DATA/00211000.MDT,0x00740000,00211000,11,0x006ead40,0x006ead3b,46 db f5 80 94 b5 79 44 0d ff 00,…飽きちゃう？,…질려 버려?,UNASSIGNED,ユウキ,"[{""offset"":-5,""raw_hex"":""02 0e 00 02 00"",""kind"":""MESSAGE_HEADER"",""opcode"":2,""argument"":2},{""offset"":8,""raw_hex"":""0d ff 00"",""kind"":""MESSAGE_END""}]",REVIEW_1,NO,CHARACTER_GUIDE v0.1 적용. context-v1 복원 원문 1차 번역.,SUPPORTED: structured scenario command; header FACE slot maps to face_yuuki_03; runtime display not yet checked. PROVEN: byte-identical source command exists at the same path and offsets on Disc 2. SUPPORTED: context-v1 glyph 복원; 런타임 원문 검증 전. TERM: 버스피어·파스·도박장.,<G0026><G059B>きちゃう？,SUPPORTED,"0026,059B",NONE,
SCN_00211000_00740000_0014,SCENARIO,scenario_message,DATA/00211000.MDZ,DATA/00211000.MDT,0x00740000,00211000,13,0x006eafc5,0x006eafc0,ea f5 84 f1 c1 a1 f0 bd 46 44 08 90 c2 9c 86 9a 99 80 bd a0 7e 44 0d ff 00,"未来を見る…？
そんなことできるのか？","미래를 본다고……?
그런 게 가능해?",UNASSIGNED,ユウキ,"[{""offset"":-5,""raw_hex"":""02 0e 00 01 00"",""kind"":""MESSAGE_HEADER"",""opcode"":2,""argument"":1},{""offset"":10,""raw_hex"":""08"",""kind"":""LINE_BREAK""},{""offset"":22,""raw_hex"":""0d ff 00"",""kind"":""MESSAGE_END""}]",REVIEW_1,NO,CHARACTER_GUIDE v0.1 적용. context-v1 복원 원문 1차 번역.,SUPPORTED: structured scenario command; header FACE slot maps to face_yuuki_02; runtime display not yet checked. PROVEN: byte-identical source command exists at the same path and offsets on Disc 2. SUPPORTED: context-v1 glyph 복원; 런타임 원문 검증 전. TERM: 버스피어·파스·도박장.,"<G05AA>来を見る<G0026>？
そんなことできるのか？",SUPPORTED,"0026,05AA",NONE,
SCN_00211000_00740000_0015,SCENARIO,scenario_message,DATA/00211000.MDZ,DATA/00211000.MDT,0x00740000,00211000,14,0x006eb0ba,0x006eb0b5,90 c2 9c 21 79 be 8a 90 79 9d 46 08 b6 b3 bf ba 21 90 86 99 9d f0 78 f1 9d 08 ed f0 c2 99 77 95 92 d7 f0 7f 08 92 82 88 c2 77 bd c2 93 46 0d ff 00,"そんな、うれしそうに…
やめろよ、そこで本当に
死んでいった人が
たくさんいるんだ…","그렇게 기뻐하지 마…
그곳에서 정말로
죽어 간 사람이
많단 말이야…",UNASSIGNED,ユウキ,"[{""offset"":-5,""raw_hex"":""02 0e 00 05 00"",""kind"":""MESSAGE_HEADER"",""opcode"":2,""argument"":5},{""offset"":11,""raw_hex"":""08"",""kind"":""LINE_BREAK""},{""offset"":25,""raw_hex"":""08"",""kind"":""LINE_BREAK""},{""offset"":36,""raw_hex"":""08"",""kind"":""LINE_BREAK""},{""offset"":46,""raw_hex"":""0d ff 00"",""kind"":""MESSAGE_END""}]",REVIEW_1,NO,CHARACTER_GUIDE v0.1 적용. context-v1 복원 원문 1차 번역.,SUPPORTED: structured scenario command; header FACE slot maps to face_yuuki_06; runtime display not yet checked. PROVEN: byte-identical source command exists at the same path and offsets on Disc 2. SUPPORTED: context-v1 glyph 복원; 런타임 원문 검증 전. TERM: 버스피어·파스·도박장.,"そんな<G0001>うれしそうに<G0026>
やめろよ<G0001>そこで本当に
死んでいった人が
たくさんいるんだ<G0026>",SUPPORTED,"0001,0026",NONE,
SCN_00211000_00740000_0016,SCENARIO,scenario_message,DATA/00211000.MDZ,DATA/00211000.MDT,0x00740000,00211000,15,0x006eb62d,0x006eb628,46 9c c2 7e 21 7d e6 f3 88 c2 08 90 79 77 79 34 f6 2e f4 a6 f1 b1 92 77 9c c2 f7 d1 f1 bb f0 08 b0 95 92 82 9c f3 8b 9c 77 c2 93 ba 9c 46 0d ff 00,"…なんか、お父さん
そういう予言者みたいな雰囲気
まったく感じないんだよな…","…뭔가 아버지에게서는
그런 예언자 같은 분위기가
전혀 느껴지지 않는데…",UNASSIGNED,ユウキ,"[{""offset"":-5,""raw_hex"":""02 0e 00 08 00"",""kind"":""MESSAGE_HEADER"",""opcode"":2,""argument"":8},{""offset"":10,""raw_hex"":""08"",""kind"":""LINE_BREAK""},{""offset"":31,""raw_hex"":""08"",""kind"":""LINE_BREAK""},{""offset"":46,""raw_hex"":""0d ff 00"",""kind"":""MESSAGE_END""}]",REVIEW_1,NO,CHARACTER_GUIDE v0.1 적용. context-v1 복원 원문 1차 번역.,SUPPORTED: structured scenario command; header FACE slot maps to face_yuuki_09; runtime display not yet checked. PROVEN: byte-identical source command exists at the same path and offsets on Disc 2. SUPPORTED: context-v1 glyph 복원; 런타임 원문 검증 전. TERM: 버스피어·파스·도박장.,"<G0026>なんか<G0001>お<G0406>さん
そういう<G05C4><G041E>者みたいな<G0722>囲気
まったく感じないんだよな<G0026>",SUPPORTED,"0001,0026,0406,041E,05C4",SUPPORTED,0722
SCN_00211000_00740000_0017,SCENARIO,scenario_message,DATA/00211000.MDZ,DATA/00211000.MDT,0x00740000,00211000,16,0x006eb821,0x006eb81c,a9 f4 7e 95 92 95 98 46 21 9c c2 99 08 86 c2 9c 86 9a 8a 92 c2 93 ba 44 0d ff 00,"助かったって…、なんで
こんなことしたんだよ？","살았다고…… 왜
이런 일을 한 거야?",UNASSIGNED,ユウキ,"[{""offset"":-5,""raw_hex"":""02 0e 00 01 00"",""kind"":""MESSAGE_HEADER"",""opcode"":2,""argument"":1},{""offset"":12,""raw_hex"":""08"",""kind"":""LINE_BREAK""},{""offset"":24,""raw_hex"":""0d ff 00"",""kind"":""MESSAGE_END""}]",REVIEW_1,NO,CHARACTER_GUIDE v0.1 적용. context-v1 복원 원문 1차 번역.,SUPPORTED: structured scenario command; header FACE slot maps to face_yuuki_02; runtime display not yet checked. PROVEN: byte-identical source command exists at the same path and offsets on Disc 2. SUPPORTED: context-v1 glyph 복원; 런타임 원문 검증 전. TERM: 버스피어·파스·도박장.,"<G0499>かったって<G0026><G0001>なんで
こんなことしたんだよ？",SUPPORTED,"0001,0026,0499",NONE,
SCN_00211000_00740000_0018,SCENARIO,scenario_message,DATA/00211000.MDZ,DATA/00211000.MDT,0x00740000,00211000,17,0x006eb931,0x006eb92c,95 92 82 21 8a b9 79 7f 9c 77 9c 46 08 99 b4 21 9b 79 8c c2 93 ba 08 86 86 a0 21 f0 c4 94 b5 c2 92 94 a1 88 08 b0 93 75 c2 92 c1 81 f2 8b 98 bd ba 0d ff 00,"ったく、しょうがないな…
でも、どうすんだよ
ここのバアちゃんたちはさ
まだあんたを信じてるよ","정말이지, 어쩔 수 없네…
그런데 어떻게 할 거야?
여기 할머니들은 아직도
너를 믿고 있다고.",UNASSIGNED,ユウキ,"[{""offset"":-5,""raw_hex"":""02 0e 00 08 00"",""kind"":""MESSAGE_HEADER"",""opcode"":2,""argument"":8},{""offset"":12,""raw_hex"":""08"",""kind"":""LINE_BREAK""},{""offset"":22,""raw_hex"":""08"",""kind"":""LINE_BREAK""},{""offset"":36,""raw_hex"":""08"",""kind"":""LINE_BREAK""},{""offset"":49,""raw_hex"":""0d ff 00"",""kind"":""MESSAGE_END""}]",REVIEW_1,NO,CHARACTER_GUIDE v0.1 적용. context-v1 복원 원문 1차 번역.,SUPPORTED: structured scenario command; header FACE slot maps to face_yuuki_09; runtime display not yet checked. PROVEN: byte-identical source command exists at the same path and offsets on Disc 2. SUPPORTED: context-v1 glyph 복원; 런타임 원문 검증 전. TERM: 버스피어·파스·도박장.,"ったく<G0001>しょうがないな<G0026>
でも<G0001>どうすんだよ
ここのバアちゃんたちはさ
まだあんたを信じてるよ",SUPPORTED,"0001,0026",NONE,
SCN_00211000_00740000_0020,SCENARIO,scenario_message,DATA/00211000.MDZ,DATA/00211000.MDT,0x00740000,00211000,19,0x006ebc16,0x006ebc11,d9 36 f0 30 f0 e4 e9 7f cf f3 bf 8a 77 46 44 08 7d b0 7b 21 80 f3 c1 a1 f0 92 c2 93 44 0d ff 00,"シュミットが恐ろしい…？
おまえ、何を見たんだ？","슈미트가 무섭다고……?
너, 뭘 본 거야?",UNASSIGNED,ユウキ,"[{""offset"":-5,""raw_hex"":""02 0e 00 0b 00"",""kind"":""MESSAGE_HEADER"",""opcode"":2,""argument"":11},{""offset"":15,""raw_hex"":""08"",""kind"":""LINE_BREAK""},{""offset"":29,""raw_hex"":""0d ff 00"",""kind"":""MESSAGE_END""}]",REVIEW_1,NO,CHARACTER_GUIDE v0.1 적용. context-v1 복원 원문 1차 번역.,SUPPORTED: structured scenario command; header FACE slot maps to face_yuuki_12; runtime display not yet checked. PROVEN: byte-identical source command exists at the same path and offsets on Disc 2. SUPPORTED: context-v1 glyph 복원; 런타임 원문 검증 전. TERM: 버스피어·파스·도박장.,"シュミットが恐ろしい<G0026>？
おまえ<G0001>何を見たんだ？",SUPPORTED,"0001,0026",NONE,
SCN_00211000_00740000_0021,SCENARIO,scenario_message,DATA/00211000.MDZ,DATA/00211000.MDT,0x00740000,00211000,20,0x006ebcb0,0x006ebcab,9a f1 bb f0 9e f7 bd 46 21 95 98 b6 96 7e 08 49 f1 42 f1 a5 f1 d9 36 f0 30 f0 e4 e9 46 08 b4 79 21 49 f1 42 f1 af f3 c1 50 f1 95 98 bd 67 f0 7e f2 99 08 9d f0 bb f0 9c c2 93 9c 46 0d ff 00,"鬼気迫る…、ってやつか
飛行王シュミット…
もう、飛行機を作ってる時点で
本気なんだな…","귀기 어린 기세라는 건가
비행왕 슈미트……
비행기를 만들고 있는 시점부터
진심이었던 거구나…",UNASSIGNED,ユウキ,"[{""offset"":-5,""raw_hex"":""02 0e 00 0a 00"",""kind"":""MESSAGE_HEADER"",""opcode"":2,""argument"":10},{""offset"":14,""raw_hex"":""08"",""kind"":""LINE_BREAK""},{""offset"":29,""raw_hex"":""08"",""kind"":""LINE_BREAK""},{""offset"":50,""raw_hex"":""08"",""kind"":""LINE_BREAK""},{""offset"":60,""raw_hex"":""0d ff 00"",""kind"":""MESSAGE_END""}]",REVIEW_1,NO,CHARACTER_GUIDE v0.1 적용. context-v1 복원 원문 1차 번역.,SUPPORTED: structured scenario command; header FACE slot maps to face_yuuki_11; runtime display not yet checked. PROVEN: byte-identical source command exists at the same path and offsets on Disc 2. SUPPORTED: context-v1 glyph 복원; 런타임 원문 검증 전. TERM: 버스피어·파스·도박장.,"鬼気<G06FE>る<G0026><G0001>ってやつか
飛行王シュミット<G0026>
もう<G0001>飛行機を作ってる時点で
本気なんだな<G0026>",SUPPORTED,"0001,0026,06FE",NONE,
SCN_00211000_00740000_0022,SCENARIO,scenario_message,DATA/00211000.MDZ,DATA/00211000.MDT,0x00740000,00211000,21,0x006ebe74,0x006ebe6f,ca f3 25 f5 8a 98 c2 a0 7e 08 90 bc b5 21 b6 bc 7f 77 75 c2 9c 0d ff 00,"加争してんのか
そりゃ、やりがいあんな","고생하고 있나?
그야 보람 있겠네.",UNASSIGNED,ユウキ,"[{""offset"":-5,""raw_hex"":""02 0e 00 03 00"",""kind"":""MESSAGE_HEADER"",""opcode"":2,""argument"":3},{""offset"":9,""raw_hex"":""08"",""kind"":""LINE_BREAK""},{""offset"":21,""raw_hex"":""0d ff 00"",""kind"":""MESSAGE_END""}]",REVIEW_1,NO,CHARACTER_GUIDE v0.1 적용. context-v1 복원 원문 1차 번역.,SUPPORTED: structured scenario command; header FACE slot maps to face_yuuki_04; runtime display not yet checked. PROVEN: byte-identical source command exists at the same path and offsets on Disc 2. SUPPORTED: context-v1 glyph 복원; 런타임 원문 검증 전. TERM: 버스피어·파스·도박장.,"<G03EA><G04E5>してんのか
そりゃ<G0001>やりがいあんな",SUPPORTED,"0001,03EA",SUPPORTED,04E5
SCN_00211000_00740000_0023,SCENARIO,scenario_message,DATA/00211000.MDZ,DATA/00211000.MDT,0x00740000,00211000,22,0x006ebfbe,0x006ebfb9,99 b4 21 9d f0 78 f1 9d 78 f1 98 92 9c bb 46 08 90 bc b5 8c 87 77 86 9a 7e b4 9c 0d ff 00,"でも、本当に当てたなら…
そりゃすごいことかもな","그래도 정말 맞혔다면…
그건 대단한 일일지도 모르겠네.",UNASSIGNED,ユウキ,"[{""offset"":-5,""raw_hex"":""02 0e 00 01 00"",""kind"":""MESSAGE_HEADER"",""opcode"":2,""argument"":1},{""offset"":15,""raw_hex"":""08"",""kind"":""LINE_BREAK""},{""offset"":27,""raw_hex"":""0d ff 00"",""kind"":""MESSAGE_END""}]",REVIEW_1,NO,CHARACTER_GUIDE v0.1 적용. context-v1 복원 원문 1차 번역.,SUPPORTED: structured scenario command; header FACE slot maps to face_yuuki_02; runtime display not yet checked. PROVEN: byte-identical source command exists at the same path and offsets on Disc 2. SUPPORTED: context-v1 glyph 복원; 런타임 원문 검증 전. TERM: 버스피어·파스·도박장.,"でも<G0001>本当に当てたなら<G0026>
そりゃすごいことかもな",SUPPORTED,"0001,0026",NONE,
SCN_00211000_00740000_0024,SCENARIO,scenario_message,DATA/00211000.MDZ,DATA/00211000.MDT,0x00740000,00211000,23,0x006ec042,0x006ec03d,9c bd ad 9b 9c 21 90 be 8b b5 75 08 7d f1 7f 9a f9 9d e5 f2 b0 be 98 b4 08 4e 62 f0 70 f0 9c 86 9a 4f 7e 0d ff 00,"なるほどな、それじゃあ
魚が猫に盗まれても
「大変なこと」か","그렇구나, 그럼
생선을 고양이에게 도둑맞아도
「큰일」인 거야?",UNASSIGNED,ユウキ,"[{""offset"":-5,""raw_hex"":""02 0e 00 01 00"",""kind"":""MESSAGE_HEADER"",""opcode"":2,""argument"":1},{""offset"":11,""raw_hex"":""08"",""kind"":""LINE_BREAK""},{""offset"":24,""raw_hex"":""08"",""kind"":""LINE_BREAK""},{""offset"":35,""raw_hex"":""0d ff 00"",""kind"":""MESSAGE_END""}]",REVIEW_1,NO,CHARACTER_GUIDE v0.1 적용. context-v1 복원 원문 1차 번역.,SUPPORTED: structured scenario command; header FACE slot maps to face_yuuki_02; runtime display not yet checked. PROVEN: byte-identical source command exists at the same path and offsets on Disc 2. SUPPORTED: context-v1 glyph 복원; 런타임 원문 검증 전. TERM: 버스피어·파스·도박장.,"なるほどな<G0001>それじゃあ
<G01FD>が<G089A>に盗まれても
<G002E>大変なこと<G002F>か",SUPPORTED,"0001,002E,002F",SUPPORTED,"01FD,089A"
SCN_00211000_00740000_0025,SCENARIO,scenario_message,DATA/00211000.MDZ,DATA/00211000.MDT,0x00740000,00211000,24,0x006ec204,0x006ec1ff,cd ec 44 21 86 86 95 98 08 ca 24 f0 93 84 8b b5 9c 82 98 08 cd ec b4 83 f0 95 98 c2 a0 44 0d ff 00,"カニ？、ここって
エビだけじゃなくて
カニも売ってんの？","게? 여기서는
새우뿐 아니라
게도 파는 거야?",UNASSIGNED,ユウキ,"[{""offset"":-5,""raw_hex"":""02 0e 00 0b 00"",""kind"":""MESSAGE_HEADER"",""opcode"":2,""argument"":11},{""offset"":8,""raw_hex"":""08"",""kind"":""LINE_BREAK""},{""offset"":19,""raw_hex"":""08"",""kind"":""LINE_BREAK""},{""offset"":30,""raw_hex"":""0d ff 00"",""kind"":""MESSAGE_END""}]",REVIEW_1,NO,CHARACTER_GUIDE v0.1 적용. context-v1 복원 원문 1차 번역.,SUPPORTED: structured scenario command; header FACE slot maps to face_yuuki_12; runtime display not yet checked. PROVEN: byte-identical source command exists at the same path and offsets on Disc 2. SUPPORTED: context-v1 glyph 복원; 런타임 원문 검증 전. TERM: 버스피어·파스·도박장.,"カニ？<G0001>ここって
エビだけじゃなくて
カニも<G0133>ってんの？",SUPPORTED,"0001,0133",NONE,
SCN_00211000_00740000_0026,SCENARIO,scenario_message,DATA/00211000.MDZ,DATA/00211000.MDT,0x00740000,00211000,25,0x006ec4c4,0x006ec4bf,2c f0 3a f0 e9 7e ba 46 08 90 be 95 98 77 96 87 bf 08 2e f4 95 98 92 c2 93 44 0d ff 00,"ホントかよ…
それっていつごろ
言ってたんだ？","정말이야…?
그거 언제쯤
말한 거야?",UNASSIGNED,ユウキ,"[{""offset"":-5,""raw_hex"":""02 0e 00 0b 00"",""kind"":""MESSAGE_HEADER"",""opcode"":2,""argument"":11},{""offset"":8,""raw_hex"":""08"",""kind"":""LINE_BREAK""},{""offset"":17,""raw_hex"":""08"",""kind"":""LINE_BREAK""},{""offset"":26,""raw_hex"":""0d ff 00"",""kind"":""MESSAGE_END""}]",REVIEW_1,NO,CHARACTER_GUIDE v0.1 적용. context-v1 복원 원문 1차 번역.,SUPPORTED: structured scenario command; header FACE slot maps to face_yuuki_12; runtime display not yet checked. PROVEN: byte-identical source command exists at the same path and offsets on Disc 2. SUPPORTED: context-v1 glyph 복원; 런타임 원문 검증 전. TERM: 버스피어·파스·도박장.,"ホントかよ<G0026>
それっていつごろ
<G041E>ってたんだ？",SUPPORTED,"0026,041E",NONE,
SCN_00211000_00740000_0027,SCENARIO,scenario_message,DATA/00211000.MDZ,DATA/00211000.MDT,0x00740000,00211000,26,0x006ec587,0x006ec582,99 b4 21 81 f2 8b 98 bd d7 f0 7f 77 bd 7e bb 08 2c f0 3a f0 e9 a0 86 9a 95 98 08 c0 84 99 b4 9c 77 7e bb 9c 0d ff 00,"でも、信じてる人がいるから
ホントのことって
わけでもないからな","하지만 믿는 사람이 있다고 해서
진실이라는
뜻은 아니니까.",UNASSIGNED,ユウキ,"[{""offset"":-5,""raw_hex"":""02 0e 00 01 00"",""kind"":""MESSAGE_HEADER"",""opcode"":2,""argument"":1},{""offset"":15,""raw_hex"":""08"",""kind"":""LINE_BREAK""},{""offset"":26,""raw_hex"":""08"",""kind"":""LINE_BREAK""},{""offset"":36,""raw_hex"":""0d ff 00"",""kind"":""MESSAGE_END""}]",REVIEW_1,NO,CHARACTER_GUIDE v0.1 적용. context-v1 복원 원문 1차 번역.,SUPPORTED: structured scenario command; header FACE slot maps to face_yuuki_02; runtime display not yet checked. PROVEN: byte-identical source command exists at the same path and offsets on Disc 2. SUPPORTED: context-v1 glyph 복원; 런타임 원문 검증 전. TERM: 버스피어·파스·도박장.,"でも<G0001>信じてる人がいるから
ホントのことって
わけでもないからな",SUPPORTED,0001,NONE,
SCN_00211000_00740000_0028,SCENARIO,scenario_message,DATA/00211000.MDZ,DATA/00211000.MDT,0x00740000,00211000,27,0x006ec6c1,0x006ec6bc,7d b0 7b 9c 46 08 7d a2 75 88 c2 9a 7e 08 b1 c2 9c 21 81 f2 8b 98 bd c2 93 91 46 08 a6 f0 8a a1 a3 f5 b4 f4 8a bf 43 0d ff 00,"おまえな…
おばあさんとか
みんな、信じてるんだぞ…
少しは反省しろ！","너 말이야…
할머니를 비롯해서
다들 널 믿고 있다고…
조금은 반성해!",UNASSIGNED,ユウキ,"[{""offset"":-5,""raw_hex"":""02 0e 00 07 00"",""kind"":""MESSAGE_HEADER"",""opcode"":2,""argument"":7},{""offset"":5,""raw_hex"":""08"",""kind"":""LINE_BREAK""},{""offset"":13,""raw_hex"":""08"",""kind"":""LINE_BREAK""},{""offset"":27,""raw_hex"":""08"",""kind"":""LINE_BREAK""},{""offset"":39,""raw_hex"":""0d ff 00"",""kind"":""MESSAGE_END""}]",REVIEW_1,NO,CHARACTER_GUIDE v0.1 적용. context-v1 복원 원문 1차 번역.,SUPPORTED: structured scenario command; header FACE slot maps to face_yuuki_08; runtime display not yet checked. PROVEN: byte-identical source command exists at the same path and offsets on Disc 2. SUPPORTED: context-v1 glyph 복원; 런타임 원문 검증 전. TERM: 버스피어·파스·도박장.,"おまえな<G0026>
おばあさんとか
みんな<G0001>信じてるんだ<G0071><G0026>
少しは反<G04A4>しろ！",SUPPORTED,"0001,0026,04A4",SUPPORTED,0071
SCN_00211000_00740000_0029,SCENARIO,scenario_message,DATA/00211000.MDZ,DATA/00211000.MDT,0x00740000,00211000,28,0x006ec79e,0x006ec799,9c bb 21 7d 8a 7d 80 9d 08 30 f0 3b f0 3a f0 e2 5a f5 2a f1 08 d3 e5 24 f0 3a f0 e1 51 50 50 c4 f2 93 9c 43 08 ad bb 95 21 44 f3 c1 93 8e 43 0d ff 00,"なら、おしおきに
ミランダ直伝
ケツビンタ100発だな！
ほらっ、尻をだせ！","그럼 벌로
미란다에게 전수받은
엉덩이 따귀 백 대다!
자, 엉덩이 내밀어!",UNASSIGNED,ユウキ,"[{""offset"":-5,""raw_hex"":""02 0e 00 07 00"",""kind"":""MESSAGE_HEADER"",""opcode"":2,""argument"":7},{""offset"":8,""raw_hex"":""08"",""kind"":""LINE_BREAK""},{""offset"":20,""raw_hex"":""08"",""kind"":""LINE_BREAK""},{""offset"":36,""raw_hex"":""08"",""kind"":""LINE_BREAK""},{""offset"":47,""raw_hex"":""0d ff 00"",""kind"":""MESSAGE_END""}]",REVIEW_1,NO,CHARACTER_GUIDE v0.1 적용. context-v1 복원 원문 1차 번역.,SUPPORTED: structured scenario command; header FACE slot maps to face_yuuki_08; runtime display not yet checked. PROVEN: byte-identical source command exists at the same path and offsets on Disc 2. SUPPORTED: context-v1 glyph 복원; 런타임 원문 검증 전. TERM: 버스피어·파스·도박장.,"なら<G0001>おしおきに
ミランダ<G051A>伝
ケツビンタ100発だな！
ほらっ<G0001><G0364>をだせ！",SUPPORTED,"0001,051A",SUPPORTED,0364
SCN_00211000_00740000_0030,SCENARIO,scenario_message,DATA/00211000.MDZ,DATA/00211000.MDT,0x00740000,00211000,29,0x006ec853,0x006ec84e,ba 8a 95 43 21 d3 e5 24 f0 3a f0 e1 43 0d ff 00,よしっ！、ケツビンタ！,좋아! 엉덩이 따귀!,UNASSIGNED,ユウキ,"[{""offset"":-5,""raw_hex"":""02 0e 00 07 00"",""kind"":""MESSAGE_HEADER"",""opcode"":2,""argument"":7},{""offset"":13,""raw_hex"":""0d ff 00"",""kind"":""MESSAGE_END""}]",REVIEW_1,NO,CHARACTER_GUIDE v0.1 적용. context-v1 복원 원문 1차 번역.,SUPPORTED: structured scenario command; header FACE slot maps to face_yuuki_08; runtime display not yet checked. PROVEN: byte-identical source command exists at the same path and offsets on Disc 2. SUPPORTED: context-v1 glyph 복원; 런타임 원문 검증 전. TERM: 버스피어·파스·도박장.,よしっ！<G0001>ケツビンタ！,SUPPORTED,0001,NONE,
SCN_00211000_00740000_0031,SCENARIO,scenario_message,DATA/00211000.MDZ,DATA/00211000.MDT,0x00740000,00211000,30,0x006ec96c,0x006ec967,86 bc b5 75 08 ad 9a c2 9b 7a f6 8a 93 ba 9c 46 08 69 f5 9c f2 8a 98 bd 59 f1 b4 08 7d a5 7b 98 bd 8a 46 0d ff 00,"こりゃあ
ほとんど脅しだよな…
店番してる子も
おびえてるし…","이건 거의
협박이나 다름없잖아…
가게를 보고 있는 아이도
겁먹었고…",UNASSIGNED,ユウキ,"[{""offset"":-5,""raw_hex"":""02 0e 00 08 00"",""kind"":""MESSAGE_HEADER"",""opcode"":2,""argument"":8},{""offset"":4,""raw_hex"":""08"",""kind"":""LINE_BREAK""},{""offset"":16,""raw_hex"":""08"",""kind"":""LINE_BREAK""},{""offset"":27,""raw_hex"":""08"",""kind"":""LINE_BREAK""},{""offset"":35,""raw_hex"":""0d ff 00"",""kind"":""MESSAGE_END""}]",REVIEW_1,NO,CHARACTER_GUIDE v0.1 적용. context-v1 복원 원문 1차 번역.,SUPPORTED: structured scenario command; header FACE slot maps to face_yuuki_09; runtime display not yet checked. PROVEN: byte-identical source command exists at the same path and offsets on Disc 2. SUPPORTED: context-v1 glyph 복원; 런타임 원문 검증 전. TERM: 버스피어·파스·도박장.,"こりゃあ
ほとんど<G060A>しだよな<G0026>
<G0529><G02EC>してる子も
おびえてるし<G0026>",SUPPORTED,"0026,02EC,0529",SUPPORTED,060A
SCN_00211000_00740000_0032,SCENARIO,scenario_message,DATA/00211000.MDZ,DATA/00211000.MDT,0x00740000,00211000,31,0x006ec9f6,0x006ec9f1,7d a2 88 c2 08 df 3e f0 21 90 c2 9c d6 f1 82 9c 77 c2 93 8a 46 08 b4 79 90 86 bb aa c2 99 08 b6 b3 9a 84 ba 0d ff 00,"おばさん
ソレ、そんな高くないんだし…
もうそこらへんで
やめとけよ","아주머니,
그거 그렇게 비싼 것도 아닌데…
이쯤에서
그만해.",UNASSIGNED,ユウキ,"[{""offset"":-5,""raw_hex"":""02 0e 00 08 00"",""kind"":""MESSAGE_HEADER"",""opcode"":2,""argument"":8},{""offset"":4,""raw_hex"":""08"",""kind"":""LINE_BREAK""},{""offset"":21,""raw_hex"":""08"",""kind"":""LINE_BREAK""},{""offset"":30,""raw_hex"":""08"",""kind"":""LINE_BREAK""},{""offset"":36,""raw_hex"":""0d ff 00"",""kind"":""MESSAGE_END""}]",REVIEW_1,NO,CHARACTER_GUIDE v0.1 적용. context-v1 복원 원문 1차 번역.,SUPPORTED: structured scenario command; header FACE slot maps to face_yuuki_09; runtime display not yet checked. PROVEN: byte-identical source command exists at the same path and offsets on Disc 2. SUPPORTED: context-v1 glyph 복원; 런타임 원문 검증 전. TERM: 버스피어·파스·도박장.,"おばさん
ソレ<G0001>そんな高くないんだし<G0026>
もうそこらへんで
やめとけよ",SUPPORTED,"0001,0026",NONE,
SCN_00211000_00740000_0033,SCENARIO,scenario_message,DATA/00211000.MDZ,DATA/00211000.MDT,0x00740000,00211000,32,0x006ecaad,0x006ecaa8,77 b6 46 21 90 79 77 79 c0 84 8b b5 46 08 46 87 b3 c2 21 35 f6 ec f3 9c 86 9a 2e f4 95 98 0d ff 00,"いや…、そういうわけじゃ…
…ごめん、余計なこと言って","아니… 그런 뜻은 아니야…
…미안, 쓸데없는 말을 했네.",UNASSIGNED,ユウキ,"[{""offset"":-5,""raw_hex"":""02 0e 00 08 00"",""kind"":""MESSAGE_HEADER"",""opcode"":2,""argument"":8},{""offset"":13,""raw_hex"":""08"",""kind"":""LINE_BREAK""},{""offset"":30,""raw_hex"":""0d ff 00"",""kind"":""MESSAGE_END""}]",REVIEW_1,NO,CHARACTER_GUIDE v0.1 적용. context-v1 복원 원문 1차 번역.,SUPPORTED: structured scenario command; header FACE slot maps to face_yuuki_09; runtime display not yet checked. PROVEN: byte-identical source command exists at the same path and offsets on Disc 2. SUPPORTED: context-v1 glyph 복원; 런타임 원문 검증 전. TERM: 버스피어·파스·도박장.,"いや<G0026><G0001>そういうわけじゃ<G0026>
<G0026>ごめん<G0001><G05C5><G040C>なこと<G041E>って",SUPPORTED,"0001,0026,040C,041E",SUPPORTED,05C5
SCN_00211000_00740000_0034,SCENARIO,scenario_message,DATA/00211000.MDZ,DATA/00211000.MDT,0x00740000,00211000,33,0x006ecb8f,0x006ecb8a,95 9a 21 b4 79 90 c2 9c 67 f0 ca f2 7e 46 08 90 79 77 b6 30 f0 3b f0 3a f0 e2 08 4d f4 26 f6 a1 21 87 94 90 79 95 98 08 2e f4 95 98 92 9c 46 0d ff 00,"っと、もうそんな時間か…
そういやミランダ
あ夜は、ごちそうって
言ってたな…","앗, 벌써 시간이 이렇게 됐나…
그러고 보니 미란다가
오늘 밤은 진수성찬이라고
했었지…",UNASSIGNED,ユウキ,"[{""offset"":-5,""raw_hex"":""02 0e 00 02 00"",""kind"":""MESSAGE_HEADER"",""opcode"":2,""argument"":2},{""offset"":14,""raw_hex"":""08"",""kind"":""LINE_BREAK""},{""offset"":26,""raw_hex"":""08"",""kind"":""LINE_BREAK""},{""offset"":39,""raw_hex"":""08"",""kind"":""LINE_BREAK""},{""offset"":47,""raw_hex"":""0d ff 00"",""kind"":""MESSAGE_END""}]",REVIEW_1,NO,CHARACTER_GUIDE v0.1 적용. context-v1 복원 원문 1차 번역.,SUPPORTED: structured scenario command; header FACE slot maps to face_yuuki_03; runtime display not yet checked. PROVEN: byte-identical source command exists at the same path and offsets on Disc 2. SUPPORTED: context-v1 glyph 복원; 런타임 원문 검증 전. TERM: 버스피어·파스·도박장.,"っと<G0001>もうそんな時間か<G0026>
そういやミランダ
<G043D><G05B6>は<G0001>ごちそうって
<G041E>ってたな<G0026>",SUPPORTED,"0001,0026,041E,043D",SUPPORTED,05B6
SCN_00211000_00740000_0035,SCENARIO,scenario_message,DATA/00211000.MDZ,DATA/00211000.MDT,0x00740000,00211000,34,0x006ecc1c,0x006ecc17,94 21 94 7f 79 ba 43 08 30 f0 3b f0 3a f0 e2 a1 46 21 b7 f0 c9 f4 88 43 0d ff 00,"ち、ちがうよ！
ミランダは…、母親さ！","아, 아니야!
미란다는… 엄마야!",UNASSIGNED,ユウキ,"[{""offset"":-5,""raw_hex"":""02 0e 00 06 00"",""kind"":""MESSAGE_HEADER"",""opcode"":2,""argument"":6},{""offset"":7,""raw_hex"":""08"",""kind"":""LINE_BREAK""},{""offset"":24,""raw_hex"":""0d ff 00"",""kind"":""MESSAGE_END""}]",REVIEW_1,NO,CHARACTER_GUIDE v0.1 적용. context-v1 복원 원문 1차 번역.,SUPPORTED: structured scenario command; header FACE slot maps to face_yuuki_07; runtime display not yet checked. PROVEN: byte-identical source command exists at the same path and offsets on Disc 2. SUPPORTED: context-v1 glyph 복원; 런타임 원문 검증 전. TERM: 버스피어·파스·도박장.,"ち<G0001>ちがうよ！
ミランダは<G0026><G0001><G0167>親さ！",SUPPORTED,"0001,0026,0167",NONE,
SCN_00211000_00740000_0036,SCENARIO,scenario_message,DATA/00211000.MDZ,DATA/00211000.MDT,0x00740000,00211000,35,0x006ece70,0x006ece6b,a1 a1 46 21 62 f0 70 f0 90 79 93 9f 46 08 cc 3e f0 21 b4 f0 cf f4 77 a1 08 b0 bd 95 80 bc c9 f5 bb f0 93 95 92 7e bb 08 90 a0 d8 f1 88 7b f0 7e bb 9c 77 b6 46 0d ff 00,"はは…、大変そうだね…
オレ、船酔いは
まるっきり平気だったから
その辛さ分からないや…","하하… 힘들어 보이네…
난 배멀미는
전혀 괜찮았어서
그 괴로움은 모르겠어…",UNASSIGNED,ユウキ,"[{""offset"":-5,""raw_hex"":""02 0e 00 08 00"",""kind"":""MESSAGE_HEADER"",""opcode"":2,""argument"":8},{""offset"":13,""raw_hex"":""08"",""kind"":""LINE_BREAK""},{""offset"":24,""raw_hex"":""08"",""kind"":""LINE_BREAK""},{""offset"":39,""raw_hex"":""08"",""kind"":""LINE_BREAK""},{""offset"":53,""raw_hex"":""0d ff 00"",""kind"":""MESSAGE_END""}]",REVIEW_1,NO,CHARACTER_GUIDE v0.1 적용. context-v1 복원 원문 1차 번역.,SUPPORTED: structured scenario command; header FACE slot maps to face_yuuki_09; runtime display not yet checked. PROVEN: byte-identical source command exists at the same path and offsets on Disc 2. SUPPORTED: context-v1 glyph 복원; 런타임 원문 검증 전. TERM: 버스피어·파스·도박장.,"はは<G0026><G0001>大変そうだね<G0026>
オレ<G0001>船<G04BF>いは
まるっきり平気だったから
その<G0258>さ分からないや<G0026>",SUPPORTED,"0001,0026,0258,04BF",NONE,
SCN_00211000_00740000_0038,SCENARIO,scenario_message,DATA/00211000.MDZ,DATA/00211000.MDT,0x00740000,00211000,37,0x006ed01a,0x006ed015,7d 8b 88 c2 21 b4 f0 bc f2 bc 9c a0 9d 46 08 b4 8a 7e 8a 98 b4 f0 cf f4 77 44 0d ff 00,"おじさん、船乗りなのに…
もしかして船酔い？","아저씨, 선원인데…
설마 배멀미야?",UNASSIGNED,ユウキ,"[{""offset"":-5,""raw_hex"":""02 0e 00 02 00"",""kind"":""MESSAGE_HEADER"",""opcode"":2,""argument"":2},{""offset"":14,""raw_hex"":""08"",""kind"":""LINE_BREAK""},{""offset"":26,""raw_hex"":""0d ff 00"",""kind"":""MESSAGE_END""}]",REVIEW_1,NO,CHARACTER_GUIDE v0.1 적용. context-v1 복원 원문 1차 번역.,SUPPORTED: structured scenario command; header FACE slot maps to face_yuuki_03; runtime display not yet checked. PROVEN: byte-identical source command exists at the same path and offsets on Disc 2. SUPPORTED: context-v1 glyph 복원; 런타임 원문 검증 전. TERM: 버스피어·파스·도박장.,"おじさん<G0001>船乗りなのに<G0026>
もしかして船<G04BF>い？",SUPPORTED,"0001,0026,04BF",NONE,
SCN_00211000_00740000_0039,SCENARIO,scenario_message,DATA/00211000.MDZ,DATA/00211000.MDT,0x00740000,00211000,38,0x006ed19c,0x006ed197,75 c2 92 21 b4 f0 bc f2 bc 9c a0 9d 46 08 b4 8a 7e 8a 98 b4 f0 cf f4 77 44 0d ff 00,"あんた、船乗りなのに…
もしかして船酔い？","너, 선원인데…
설마 배멀미야?",UNASSIGNED,ユウキ,"[{""offset"":-5,""raw_hex"":""02 0e 00 02 00"",""kind"":""MESSAGE_HEADER"",""opcode"":2,""argument"":2},{""offset"":13,""raw_hex"":""08"",""kind"":""LINE_BREAK""},{""offset"":25,""raw_hex"":""0d ff 00"",""kind"":""MESSAGE_END""}]",REVIEW_1,NO,CHARACTER_GUIDE v0.1 적용. context-v1 복원 원문 1차 번역.,SUPPORTED: structured scenario command; header FACE slot maps to face_yuuki_03; runtime display not yet checked. PROVEN: byte-identical source command exists at the same path and offsets on Disc 2. SUPPORTED: context-v1 glyph 복원; 런타임 원문 검증 전. TERM: 버스피어·파스·도박장.,"あんた<G0001>船乗りなのに<G0026>
もしかして船<G04BF>い？",SUPPORTED,"0001,0026,04BF",NONE,
SCN_00211000_00740000_0042,SCENARIO,scenario_message,DATA/00211000.MDZ,DATA/00211000.MDT,0x00740000,00211000,41,0x006ed916,0x006ed911,cc 3e f0 21 b4 f0 9d a1 bc f2 bb 9c 77 ba 43 08 b0 21 b5 f0 9d 88 f0 bd 95 98 a0 a1 08 78 f1 92 bc 93 84 9b 43 0d ff 00,"オレ、船には乗らないよ！
ま、旅に出るってのは
当たりだけど！","난 배에는 안 타!
뭐, 여행을 떠난다는 건
맞지만!",UNASSIGNED,ユウキ,"[{""offset"":-5,""raw_hex"":""02 0e 00 03 00"",""kind"":""MESSAGE_HEADER"",""opcode"":2,""argument"":3},{""offset"":15,""raw_hex"":""08"",""kind"":""LINE_BREAK""},{""offset"":28,""raw_hex"":""08"",""kind"":""LINE_BREAK""},{""offset"":37,""raw_hex"":""0d ff 00"",""kind"":""MESSAGE_END""}]",REVIEW_1,NO,CHARACTER_GUIDE v0.1 적용. context-v1 복원 원문 1차 번역.,SUPPORTED: structured scenario command; header FACE slot maps to face_yuuki_04; runtime display not yet checked. PROVEN: byte-identical source command exists at the same path and offsets on Disc 2. SUPPORTED: context-v1 glyph 복원; 런타임 원문 검증 전. TERM: 버스피어·파스·도박장.,"オレ<G0001>船には乗らないよ！
ま<G0001>旅に出るってのは
当たりだけど！",SUPPORTED,0001,NONE,
SCN_00211000_00740000_0043,SCENARIO,scenario_message,DATA/00211000.MDZ,DATA/00211000.MDT,0x00740000,00211000,42,0x006eda0b,0x006eda06,49 f1 42 f1 af f3 bc f2 bc 46 46 08 aa aa 95 21 9c c2 7e b2 f4 be bd 9c 46 08 b0 74 21 b0 93 bf f1 cc f5 88 43 0d ff 00,"飛行機乗り……
へへっ、なんか照れるな…
まぁ、まだ新米さ！","비행기 조종사……
헤헤, 왠지 쑥스럽네…
뭐, 아직 초보지만!",UNASSIGNED,ユウキ,"[{""offset"":-5,""raw_hex"":""02 0e 00 02 00"",""kind"":""MESSAGE_HEADER"",""opcode"":2,""argument"":2},{""offset"":11,""raw_hex"":""08"",""kind"":""LINE_BREAK""},{""offset"":25,""raw_hex"":""08"",""kind"":""LINE_BREAK""},{""offset"":37,""raw_hex"":""0d ff 00"",""kind"":""MESSAGE_END""}]",REVIEW_1,NO,CHARACTER_GUIDE v0.1 적용. context-v1 복원 원문 1차 번역.,SUPPORTED: structured scenario command; header FACE slot maps to face_yuuki_03; runtime display not yet checked. PROVEN: byte-identical source command exists at the same path and offsets on Disc 2. SUPPORTED: context-v1 glyph 복원; 런타임 원문 검증 전. TERM: 버스피어·파스·도박장.,"飛行機乗り<G0026><G0026>
へへっ<G0001>なんか<G04A2>れるな<G0026>
ま<G0054><G0001>まだ<G023F><G058C>さ！",SUPPORTED,"0001,0026,0054,023F,04A2",SUPPORTED,058C
SCN_00211000_00740000_0044,SCENARIO,scenario_message,DATA/00211000.MDZ,DATA/00211000.MDT,0x00740000,00211000,43,0x006edb0e,0x006edb09,9b 46 21 9b 79 8a 92 a0 42 0d ff 00,ど…、どうしたの？,어… 무슨 일이야?,UNASSIGNED,ユウキ,"[{""offset"":-5,""raw_hex"":""02 0e 00 06 00"",""kind"":""MESSAGE_HEADER"",""opcode"":2,""argument"":6},{""offset"":9,""raw_hex"":""0d ff 00"",""kind"":""MESSAGE_END""}]",REVIEW_1,NO,CHARACTER_GUIDE v0.1 적용. context-v1 복원 원문 1차 번역.,SUPPORTED: structured scenario command; header FACE slot maps to face_yuuki_07; runtime display not yet checked. PROVEN: byte-identical source command exists at the same path and offsets on Disc 2. SUPPORTED: context-v1 glyph 복원; 런타임 원문 검증 전. TERM: 버스피어·파스·도박장.,ど<G0026><G0001>どうしたの<G0022>,SUPPORTED,"0001,0022,0026",NONE,
SCN_00211000_00740000_0045,SCENARIO,scenario_message,DATA/00211000.MDZ,DATA/00211000.MDT,0x00740000,00211000,44,0x006edd68,0x006edd63,46 77 b6 21 cc 3e f0 a1 08 4d f4 7e bb b5 f0 9d 88 f0 bd c2 93 0d ff 00,"…いや、オレは
あから旅に出るんだ","…아니, 나는
그래서 여행을 떠나는 거야.",UNASSIGNED,ユウキ,"[{""offset"":-5,""raw_hex"":""02 0e 00 02 00"",""kind"":""MESSAGE_HEADER"",""opcode"":2,""argument"":2},{""offset"":8,""raw_hex"":""08"",""kind"":""LINE_BREAK""},{""offset"":21,""raw_hex"":""0d ff 00"",""kind"":""MESSAGE_END""}]",REVIEW_1,NO,CHARACTER_GUIDE v0.1 적용. context-v1 복원 원문 1차 번역.,SUPPORTED: structured scenario command; header FACE slot maps to face_yuuki_03; runtime display not yet checked. PROVEN: byte-identical source command exists at the same path and offsets on Disc 2. SUPPORTED: context-v1 glyph 복원; 런타임 원문 검증 전. TERM: 버스피어·파스·도박장.,"<G0026>いや<G0001>オレは
<G043D>から旅に出るんだ",SUPPORTED,"0001,0026,043D",NONE,
SCN_00211000_00740000_0046,SCENARIO,scenario_message,DATA/00211000.MDZ,DATA/00211000.MDT,0x00740000,00211000,45,0x006edea3,0x006ede9e,aa 7a 43 08 9b c2 9c e9 d5 42 f1 95 98 80 92 c2 93 ba 08 96 f3 8a 7e 95 92 7e 44 0d ff 00,"へぇ！
どんなトコ行ってきたんだよ
楽しかったか？","헤에!
어떤 곳에 다녀온 거야?
재미있었어?",UNASSIGNED,ユウキ,"[{""offset"":-5,""raw_hex"":""02 0e 00 03 00"",""kind"":""MESSAGE_HEADER"",""opcode"":2,""argument"":3},{""offset"":3,""raw_hex"":""08"",""kind"":""LINE_BREAK""},{""offset"":18,""raw_hex"":""08"",""kind"":""LINE_BREAK""},{""offset"":27,""raw_hex"":""0d ff 00"",""kind"":""MESSAGE_END""}]",REVIEW_1,NO,CHARACTER_GUIDE v0.1 적용. context-v1 복원 원문 1차 번역.,SUPPORTED: structured scenario command; header FACE slot maps to face_yuuki_04; runtime display not yet checked. PROVEN: byte-identical source command exists at the same path and offsets on Disc 2. SUPPORTED: context-v1 glyph 복원; 런타임 원문 검증 전. TERM: 버스피어·파스·도박장.,"へ<G005A>！
どんなトコ行ってきたんだよ
<G03B6>しかったか？",SUPPORTED,"005A,03B6",NONE,
SCN_00211000_00740000_0047,SCENARIO,scenario_message,DATA/00211000.MDZ,DATA/00211000.MDT,0x00740000,00211000,46,0x006edf5b,0x006edf56,2a f2 9b f5 46 21 20 f1 93 f2 46 08 90 79 93 ba 9c 46 21 75 a0 99 f2 a0 2c f1 9d a1 08 cc 3e f0 a0 a1 f0 92 86 9a b4 9c 77 eb f2 97 f2 7f 08 3f f4 7f 95 98 bd c2 93 ba 9c 46 0d ff 00,"砂漠…、雪原…
そうだよな…、あの空の先には
オレの見たこともない世界が
広がってるんだよな…","사막…… 설원……
그렇겠지… 저 하늘 너머에는
내가 본 적 없는 세계가
펼쳐져 있겠지…",UNASSIGNED,ユウキ,"[{""offset"":-5,""raw_hex"":""02 0e 00 09 00"",""kind"":""MESSAGE_HEADER"",""opcode"":2,""argument"":9},{""offset"":11,""raw_hex"":""08"",""kind"":""LINE_BREAK""},{""offset"":28,""raw_hex"":""08"",""kind"":""LINE_BREAK""},{""offset"":46,""raw_hex"":""08"",""kind"":""LINE_BREAK""},{""offset"":58,""raw_hex"":""0d ff 00"",""kind"":""MESSAGE_END""}]",REVIEW_1,NO,CHARACTER_GUIDE v0.1 적용. context-v1 복원 원문 1차 번역.,SUPPORTED: structured scenario command; header FACE slot maps to face_yuuki_10; runtime display not yet checked. PROVEN: byte-identical source command exists at the same path and offsets on Disc 2. SUPPORTED: context-v1 glyph 복원; 런타임 원문 검증 전. TERM: 버스피어·파스·도박장.,"<G027A><G055B><G0026><G0001>雪<G02E3><G0026>
そうだよな<G0026><G0001>あの空の先には
オレの見たこともない世界が
広がってるんだよな<G0026>",SUPPORTED,"0001,0026",SUPPORTED,"027A,02E3,055B"
SCN_00211000_00740000_0048,SCENARIO,scenario_message,DATA/00211000.MDZ,DATA/00211000.MDT,0x00740000,00211000,47,0x006ee4df,0x006ee4da,94 b5 c2 9a 5d f0 7b f0 99 e8 f4 95 98 bd ba 08 9c 74 21 c4 3d f0 26 f0 c5 eb 44 0d ff 00,"ちゃんと自分で洗ってるよ
なぁ、アルフィナ？","내가 직접 제대로 씻고 있어
그렇지, 알피나?",UNASSIGNED,ユウキ,"[{""offset"":-5,""raw_hex"":""02 0e 00 08 00"",""kind"":""MESSAGE_HEADER"",""opcode"":2,""argument"":8},{""offset"":15,""raw_hex"":""08"",""kind"":""LINE_BREAK""},{""offset"":27,""raw_hex"":""0d ff 00"",""kind"":""MESSAGE_END""}]",REVIEW_1,NO,CHARACTER_GUIDE v0.1 적용. context-v1 복원 원문 1차 번역.,SUPPORTED: structured scenario command; header FACE slot maps to face_yuuki_09; runtime display not yet checked. PROVEN: byte-identical source command exists at the same path and offsets on Disc 2. SUPPORTED: context-v1 glyph 복원; 런타임 원문 검증 전. TERM: 버스피어·파스·도박장.,"ちゃんと自分で<G04D8>ってるよ
な<G0054><G0001>アルフィナ？",SUPPORTED,"0001,0054,04D8",NONE,
SCN_00211000_00740000_0049,SCENARIO,scenario_message,DATA/00211000.MDZ,DATA/00211000.MDT,0x00740000,00211000,48,0x006ee6a7,0x006ee6a2,9c 74 21 a2 75 88 c2 21 75 a0 88 46 08 c4 3f f0 3a f0 df 9a 4d f0 8b f6 9d 08 aa f4 a0 d7 f0 7f 77 92 93 bf 08 9b c2 9c ab f1 59 f1 93 95 92 46 44 0d ff 00,"なぁ、ばあさん、あのさ…
アロンソと一緒に
女の人がいただろ
どんな様子だった…？","저기, 할머니, 그게 말이야…
알론소와 함께
여자가 있었잖아
어떤 모습이었어…?",UNASSIGNED,ユウキ,"[{""offset"":-5,""raw_hex"":""02 0e 00 01 00"",""kind"":""MESSAGE_HEADER"",""opcode"":2,""argument"":1},{""offset"":12,""raw_hex"":""08"",""kind"":""LINE_BREAK""},{""offset"":25,""raw_hex"":""08"",""kind"":""LINE_BREAK""},{""offset"":36,""raw_hex"":""08"",""kind"":""LINE_BREAK""},{""offset"":49,""raw_hex"":""0d ff 00"",""kind"":""MESSAGE_END""}]",REVIEW_1,NO,CHARACTER_GUIDE v0.1 적용. context-v1 복원 원문 1차 번역.,SUPPORTED: structured scenario command; header FACE slot maps to face_yuuki_02; runtime display not yet checked. PROVEN: byte-identical source command exists at the same path and offsets on Disc 2. SUPPORTED: context-v1 glyph 복원; 런타임 원문 검증 전. TERM: 버스피어·파스·도박장.,"な<G0054><G0001>ばあさん<G0001>あのさ<G0026>
アロンソと一<G061B>に
女の人がいただろ
どんな様子だった<G0026>？",SUPPORTED,"0001,0026,0054,061B",NONE,
SCN_00211000_00740000_0050,SCENARIO,scenario_message,DATA/00211000.MDZ,DATA/00211000.MDT,0x00740000,00211000,49,0x006ee76d,0x006ee768,80 95 9a 46 21 9c 9d 44 0d ff 00,きっと…、なに？,분명히…… 뭐가?,UNASSIGNED,ユウキ,"[{""offset"":-5,""raw_hex"":""02 0e 00 01 00"",""kind"":""MESSAGE_HEADER"",""opcode"":2,""argument"":1},{""offset"":8,""raw_hex"":""0d ff 00"",""kind"":""MESSAGE_END""}]",REVIEW_1,NO,CHARACTER_GUIDE v0.1 적용. context-v1 복원 원문 1차 번역.,SUPPORTED: structured scenario command; header FACE slot maps to face_yuuki_02; runtime display not yet checked. PROVEN: byte-identical source command exists at the same path and offsets on Disc 2. SUPPORTED: context-v1 glyph 복원; 런타임 원문 검증 전. TERM: 버스피어·파스·도박장.,きっと<G0026><G0001>なに？,SUPPORTED,"0001,0026",NONE,
SCN_00211000_00740000_0051,SCENARIO,scenario_message,DATA/00211000.MDZ,DATA/00211000.MDT,0x00740000,00211000,50,0x006ee873,0x006ee86e,78 f1 98 92 44 08 34 f6 2e f4 8a 92 95 98 86 9a 7e 46 44 0d ff 00,"当てた？
予言したってことか…？","맞혔다고?
예언했다는 뜻이야…?",UNASSIGNED,ユウキ,"[{""offset"":-5,""raw_hex"":""02 0e 00 06 00"",""kind"":""MESSAGE_HEADER"",""opcode"":2,""argument"":6},{""offset"":5,""raw_hex"":""08"",""kind"":""LINE_BREAK""},{""offset"":19,""raw_hex"":""0d ff 00"",""kind"":""MESSAGE_END""}]",REVIEW_1,NO,CHARACTER_GUIDE v0.1 적용. context-v1 복원 원문 1차 번역.,SUPPORTED: structured scenario command; header FACE slot maps to face_yuuki_07; runtime display not yet checked. PROVEN: byte-identical source command exists at the same path and offsets on Disc 2. SUPPORTED: context-v1 glyph 복원; 런타임 원문 검증 전. TERM: 버스피어·파스·도박장.,"当てた？
<G05C4><G041E>したってことか<G0026>？",SUPPORTED,"0026,041E,05C4",NONE,
SCN_00211000_00740000_0052,SCENARIO,scenario_message,DATA/00211000.MDZ,DATA/00211000.MDT,0x00740000,00211000,51,0x006ee8e5,0x006ee8e0,90 be 7f 21 ad c2 9a 9d 9c 95 92 a0 7e 46 0d ff 00,それが、ほんとになったのか…,그게 정말로 이루어진 거야…,UNASSIGNED,ユウキ,"[{""offset"":-5,""raw_hex"":""02 0e 00 0b 00"",""kind"":""MESSAGE_HEADER"",""opcode"":2,""argument"":11},{""offset"":14,""raw_hex"":""0d ff 00"",""kind"":""MESSAGE_END""}]",REVIEW_1,NO,CHARACTER_GUIDE v0.1 적용. context-v1 복원 원문 1차 번역.,SUPPORTED: structured scenario command; header FACE slot maps to face_yuuki_12; runtime display not yet checked. PROVEN: byte-identical source command exists at the same path and offsets on Disc 2. SUPPORTED: context-v1 glyph 복원; 런타임 원문 검증 전. TERM: 버스피어·파스·도박장.,それが<G0001>ほんとになったのか<G0026>,SUPPORTED,"0001,0026",NONE,
SCN_00211000_00740000_0053,SCENARIO,scenario_message,DATA/00211000.MDZ,DATA/00211000.MDT,0x00740000,00211000,52,0x006ef4aa,0x006ef4a5,cc da 88 c2 a0 6c f4 da f0 95 98 08 26 f4 dd f1 8b b5 9c 77 a0 44 0d ff 00,"オジさんの仕事って
商品じゃないの？","아저씨의 일은
상품이 아니야?",UNASSIGNED,ユウキ,"[{""offset"":-5,""raw_hex"":""02 0e 00 01 00"",""kind"":""MESSAGE_HEADER"",""opcode"":2,""argument"":1},{""offset"":11,""raw_hex"":""08"",""kind"":""LINE_BREAK""},{""offset"":22,""raw_hex"":""0d ff 00"",""kind"":""MESSAGE_END""}]",REVIEW_1,NO,CHARACTER_GUIDE v0.1 적용. context-v1 복원 원문 1차 번역.,SUPPORTED: structured scenario command; header FACE slot maps to face_yuuki_02; runtime display not yet checked. PROVEN: byte-identical source command exists at the same path and offsets on Disc 2. SUPPORTED: context-v1 glyph 복원; 런타임 원문 검증 전. TERM: 버스피어·파스·도박장.,"オジさんの仕事って
<G0416>品じゃないの？",NONE,,SUPPORTED,0416
SCN_00211000_00740000_0054,SCENARIO,scenario_message,DATA/00211000.MDZ,DATA/00211000.MDT,0x00740000,00211000,53,0x006ef5f9,0x006ef5f4,9c 9d 8b f5 c2 99 c2 a0 44 08 d7 c6 26 f0 99 b4 27 f1 9a 8a 92 44 0d ff 00,"なに悩んでんの？
サイフでも落とした？","뭘 그렇게 고민해?
지갑이라도 잃어버렸어?",UNASSIGNED,ユウキ,"[{""offset"":-5,""raw_hex"":""02 0e 00 01 00"",""kind"":""MESSAGE_HEADER"",""opcode"":2,""argument"":1},{""offset"":9,""raw_hex"":""08"",""kind"":""LINE_BREAK""},{""offset"":22,""raw_hex"":""0d ff 00"",""kind"":""MESSAGE_END""}]",REVIEW_1,NO,CHARACTER_GUIDE v0.1 적용. context-v1 복원 원문 1차 번역.,SUPPORTED: structured scenario command; header FACE slot maps to face_yuuki_02; runtime display not yet checked. PROVEN: byte-identical source command exists at the same path and offsets on Disc 2. SUPPORTED: context-v1 glyph 복원; 런타임 원문 검증 전. TERM: 버스피어·파스·도박장.,"なに<G054B>んでんの？
サイフでも落とした？",SUPPORTED,054B,NONE,
SCN_00211000_00740000_0055,SCENARIO,scenario_message,DATA/00211000.MDZ,DATA/00211000.MDT,0x00740000,00211000,54,0x006ef674,0x006ef66f,90 79 77 79 67 f0 a1 88 08 44 f4 7b bd c2 93 21 ea f5 ec f1 a0 eb f2 97 f2 c1 43 08 49 f1 42 f1 af f3 99 b4 21 b4 f0 99 b4 88 43 08 99 f2 b6 c8 f0 a0 62 f0 80 88 9d ae f5 ab 92 bb 46 0d ff 00,"そういう時はさ
考えるんだ、未知の世界を！
飛行機でも、船でもさ！
空や海の大きさに比べたら…","그럴 때는 말이야
미지의 세계를 생각하는 거야!
비행기든 배든 말이야!
하늘과 바다의 광대함에 비하면…",UNASSIGNED,ユウキ,"[{""offset"":-5,""raw_hex"":""02 0e 00 09 00"",""kind"":""MESSAGE_HEADER"",""opcode"":2,""argument"":9},{""offset"":8,""raw_hex"":""08"",""kind"":""LINE_BREAK""},{""offset"":27,""raw_hex"":""08"",""kind"":""LINE_BREAK""},{""offset"":43,""raw_hex"":""08"",""kind"":""LINE_BREAK""},{""offset"":61,""raw_hex"":""0d ff 00"",""kind"":""MESSAGE_END""}]",REVIEW_1,NO,CHARACTER_GUIDE v0.1 적용. context-v1 복원 원문 1차 번역.,SUPPORTED: structured scenario command; header FACE slot maps to face_yuuki_10; runtime display not yet checked. PROVEN: byte-identical source command exists at the same path and offsets on Disc 2. SUPPORTED: context-v1 glyph 복원; 런타임 원문 검증 전. TERM: 버스피어·파스·도박장.,"そういう時はさ
考えるんだ<G0001><G05AA>知の世界を！
飛行機でも<G0001>船でもさ！
空や海の大きさに<G056E>べたら<G0026>",SUPPORTED,"0001,0026,056E,05AA",NONE,
SCN_00211000_00740000_0056,SCENARIO,scenario_message,DATA/00211000.MDZ,DATA/00211000.MDT,0x00740000,00211000,55,0x006ef80f,0x006ef80a,62 f0 70 f0 93 9f 46 08 84 9b 88 21 9b 79 8a 98 08 cc da 88 c2 93 84 88 f0 88 f6 9c c2 93 44 08 b4 8a 7e 8a 98 21 c6 da 32 f0 46 44 0d ff 00,"大変だね…
けどさ、どうして
オジさんだけ出勤なんだ？
もしかして、イジメ…？","힘들겠네…
그런데 왜
아저씨만 출근하는 거야?
설마 괴롭힘…?",UNASSIGNED,ユウキ,"[{""offset"":-5,""raw_hex"":""02 0e 00 08 00"",""kind"":""MESSAGE_HEADER"",""opcode"":2,""argument"":8},{""offset"":7,""raw_hex"":""08"",""kind"":""LINE_BREAK""},{""offset"":16,""raw_hex"":""08"",""kind"":""LINE_BREAK""},{""offset"":31,""raw_hex"":""08"",""kind"":""LINE_BREAK""},{""offset"":44,""raw_hex"":""0d ff 00"",""kind"":""MESSAGE_END""}]",REVIEW_1,NO,CHARACTER_GUIDE v0.1 적용. context-v1 복원 원문 1차 번역.,SUPPORTED: structured scenario command; header FACE slot maps to face_yuuki_09; runtime display not yet checked. PROVEN: byte-identical source command exists at the same path and offsets on Disc 2. SUPPORTED: context-v1 glyph 복원; 런타임 원문 검증 전. TERM: 버스피어·파스·도박장.,"大変だね<G0026>
けどさ<G0001>どうして
オジさんだけ出<G0618>なんだ？
もしかして<G0001>イジメ<G0026>？",SUPPORTED,"0001,0026",SUPPORTED,0618
SCN_00211000_00740000_0057,SCENARIO,scenario_message,DATA/00211000.MDZ,DATA/00211000.MDT,0x00740000,00211000,56,0x006ef8a7,0x006ef8a2,48 f3 a0 d7 f0 95 98 08 90 c2 9c 9d 81 f2 39 f1 99 80 9c 77 a0 7e 9c 46 08 92 b0 9d a1 21 b6 95 98 b4 bb 95 92 bb 44 0d ff 00,"他の人って
そんなに信用できないのかな…
たまには、やってもらったら？","다른 사람들은
그렇게 믿을 수 없는 걸까…
가끔은 맡겨 보는 게 어때?",UNASSIGNED,ユウキ,"[{""offset"":-5,""raw_hex"":""02 0e 00 0b 00"",""kind"":""MESSAGE_HEADER"",""opcode"":2,""argument"":11},{""offset"":7,""raw_hex"":""08"",""kind"":""LINE_BREAK""},{""offset"":24,""raw_hex"":""08"",""kind"":""LINE_BREAK""},{""offset"":39,""raw_hex"":""0d ff 00"",""kind"":""MESSAGE_END""}]",REVIEW_1,NO,CHARACTER_GUIDE v0.1 적용. context-v1 복원 원문 1차 번역.,SUPPORTED: structured scenario command; header FACE slot maps to face_yuuki_12; runtime display not yet checked. PROVEN: byte-identical source command exists at the same path and offsets on Disc 2. SUPPORTED: context-v1 glyph 복원; 런타임 원문 검증 전. TERM: 버스피어·파스·도박장.,"<G0368>の人って
そんなに信用できないのかな<G0026>
たまには<G0001>やってもらったら？",SUPPORTED,"0001,0026,0368",NONE,
SCN_00211000_00740000_0058,SCENARIO,scenario_message,DATA/00211000.MDZ,DATA/00211000.MDT,0x00740000,00211000,57,0x006ef92a,0x006ef925,46 95 98 86 9a a1 21 b6 95 a3 bc 08 82 f2 b0 be 98 bd c2 8b b5 9c 82 98 08 cc da 88 c2 7f 21 5d f0 7b f0 7e bb 08 6c f4 da f0 c1 82 f0 95 98 88 f0 98 bd c2 93 ba 9c 46 0d ff 00,"…ってことは、やっぱり
頼まれてるんじゃなくて
オジさんが、自分から
仕事を買って出てるんだよな…","…그렇다는 건 역시
부탁받은 게 아니라
아저씨가 스스로
일을 자청하고 있는 거네…",UNASSIGNED,ユウキ,"[{""offset"":-5,""raw_hex"":""02 0e 00 0b 00"",""kind"":""MESSAGE_HEADER"",""opcode"":2,""argument"":11},{""offset"":11,""raw_hex"":""08"",""kind"":""LINE_BREAK""},{""offset"":24,""raw_hex"":""08"",""kind"":""LINE_BREAK""},{""offset"":37,""raw_hex"":""08"",""kind"":""LINE_BREAK""},{""offset"":56,""raw_hex"":""0d ff 00"",""kind"":""MESSAGE_END""}]",REVIEW_1,NO,CHARACTER_GUIDE v0.1 적용. context-v1 복원 원문 1차 번역.,SUPPORTED: structured scenario command; header FACE slot maps to face_yuuki_12; runtime display not yet checked. PROVEN: byte-identical source command exists at the same path and offsets on Disc 2. SUPPORTED: context-v1 glyph 복원; 런타임 원문 검증 전. TERM: 버스피어·파스·도박장.,"<G0026>ってことは<G0001>やっ<G0083>り
頼まれてるんじゃなくて
オジさんが<G0001>自分から
仕事を<G0132>って出てるんだよな<G0026>",SUPPORTED,"0001,0026,0083,0132",NONE,
SCN_00211000_00740000_0059,SCENARIO,scenario_message,DATA/00211000.MDZ,DATA/00211000.MDT,0x00740000,00211000,58,0x006efd49,0x006efd44,34 f5 98 ba 21 c8 3d f0 08 b4 8a 7e 8a 92 bb 21 21 f0 47 db 26 f0 c5 c4 9a 08 80 f3 7e a8 f3 e4 f3 75 bd c2 8b b5 9c 77 7e 44 0d ff 00,"待てよ、ウル
もしかしたら、バースフィアと
何か関係あるんじゃないか？","잠깐, 울
어쩌면 버스피어와
뭔가 관계가 있는 것 아닐까?",UNASSIGNED,ユウキ,"[{""offset"":-5,""raw_hex"":""02 0e 00 01 00"",""kind"":""MESSAGE_HEADER"",""opcode"":2,""argument"":1},{""offset"":8,""raw_hex"":""08"",""kind"":""LINE_BREAK""},{""offset"":25,""raw_hex"":""08"",""kind"":""LINE_BREAK""},{""offset"":42,""raw_hex"":""0d ff 00"",""kind"":""MESSAGE_END""}]",REVIEW_1,NO,CHARACTER_GUIDE v0.1 적용. context-v1 복원 원문 1차 번역.,SUPPORTED: structured scenario command; header FACE slot maps to face_yuuki_02; runtime display not yet checked. PROVEN: byte-identical source command exists at the same path and offsets on Disc 2. SUPPORTED: context-v1 glyph 복원; 런타임 원문 검증 전. TERM: 버스피어·파스·도박장.,"<G04F4>てよ<G0001>ウル
もしかしたら<G0001>バースフィアと
何か<G03C8><G0404>あるんじゃないか？",SUPPORTED,"0001,04F4",SUPPORTED,"03C8,0404"
SCN_00211000_00740000_0061,SCENARIO,scenario_message,DATA/00211000.MDZ,DATA/00211000.MDT,0x00740000,00211000,60,0x006f0133,0x006f012e,7b 95 44 21 90 be 95 98 bf f3 84 f2 46 44 0d ff 00,えっ？、それって休日…？,뭐? 그게 휴일…?,UNASSIGNED,ユウキ,"[{""offset"":-5,""raw_hex"":""02 0e 00 0b 00"",""kind"":""MESSAGE_HEADER"",""opcode"":2,""argument"":11},{""offset"":14,""raw_hex"":""0d ff 00"",""kind"":""MESSAGE_END""}]",REVIEW_1,NO,CHARACTER_GUIDE v0.1 적용. context-v1 복원 원문 1차 번역.,SUPPORTED: structured scenario command; header FACE slot maps to face_yuuki_12; runtime display not yet checked. PROVEN: byte-identical source command exists at the same path and offsets on Disc 2. SUPPORTED: context-v1 glyph 복원; 런타임 원문 검증 전. TERM: 버스피어·파스·도박장.,えっ？<G0001>それって<G03DF><G02D4><G0026>？,SUPPORTED,"0001,0026,02D4,03DF",NONE,
SCN_00211000_00740000_0062,SCENARIO,scenario_message,DATA/00211000.MDZ,DATA/00211000.MDT,0x00740000,00211000,61,0x006f01a7,0x006f01a2,cc da 88 c2 43 08 90 be 21 bf f3 84 f2 8b b5 9c 77 ba 95 43 08 c4 f1 3a f7 95 98 77 79 c2 93 ba 95 43 0d ff 00,"オジさん！
それ、休日じゃないよっ！
解雇っていうんだよっ！","아저씨!
그건 휴일이 아니야!
해고라고 하는 거야!",UNASSIGNED,ユウキ,"[{""offset"":-5,""raw_hex"":""02 0e 00 07 00"",""kind"":""MESSAGE_HEADER"",""opcode"":2,""argument"":7},{""offset"":5,""raw_hex"":""08"",""kind"":""LINE_BREAK""},{""offset"":20,""raw_hex"":""08"",""kind"":""LINE_BREAK""},{""offset"":34,""raw_hex"":""0d ff 00"",""kind"":""MESSAGE_END""}]",REVIEW_1,NO,CHARACTER_GUIDE v0.1 적용. context-v1 복원 원문 1차 번역.,SUPPORTED: structured scenario command; header FACE slot maps to face_yuuki_08; runtime display not yet checked. PROVEN: byte-identical source command exists at the same path and offsets on Disc 2. SUPPORTED: context-v1 glyph 복원; 런타임 원문 검증 전. TERM: 버스피어·파스·도박장.,"オジさん！
それ<G0001><G03DF><G02D4>じゃないよっ！
解<G069A>っていうんだよっ！",SUPPORTED,"0001,02D4,03DF",SUPPORTED,069A
SCN_00211000_00740000_0063,SCENARIO,scenario_message,DATA/00211000.MDZ,DATA/00211000.MDT,0x00740000,00211000,62,0x006f0351,0x006f034c,7b 7a 95 42 0d ff 00,えぇっ？,에엣?,UNASSIGNED,アロンソ,"[{""offset"":-5,""raw_hex"":""22 0e 00 22 00"",""kind"":""MESSAGE_HEADER"",""opcode"":34,""argument"":34},{""offset"":4,""raw_hex"":""0d ff 00"",""kind"":""MESSAGE_END""}]",REVIEW_1,NO,CHARACTER_GUIDE v0.1 적용. context-v1 복원 원문 1차 번역.,SUPPORTED: structured scenario command; header FACE slot maps to face_alonso_01; runtime display not yet checked. PROVEN: byte-identical source command exists at the same path and offsets on Disc 2. SUPPORTED: context-v1 glyph 복원; 런타임 원문 검증 전. TERM: 버스피어·파스·도박장.,え<G005A>っ<G0022>,SUPPORTED,"0022,005A",NONE,
SCN_00211000_00740000_0064,SCENARIO,scenario_message,DATA/00211000.MDZ,DATA/00211000.MDT,0x00740000,00211000,63,0x006f0372,0x006f036d,aa 7a 43 08 b4 79 51 5f f0 2e f4 95 98 87 bb c2 46 43 08 77 96 7e bb 21 75 92 8a 7f 08 c4 3a f0 e1 a0 4e 31 f1 4f 9d 9c 95 92 95 98 44 0d ff 00,"へぇ！
もう1回言ってごらん…！
いつから、あたしが
アンタの「妻」になったって？","헤에!
한 번 더 말해 봐…!
언제부터 내가
네 「아내」가 됐다는 거야?",UNASSIGNED,ミランダ,"[{""offset"":-5,""raw_hex"":""22 0e 00 20 00"",""kind"":""MESSAGE_HEADER"",""opcode"":34,""argument"":32},{""offset"":3,""raw_hex"":""08"",""kind"":""LINE_BREAK""},{""offset"":18,""raw_hex"":""08"",""kind"":""LINE_BREAK""},{""offset"":28,""raw_hex"":""08"",""kind"":""LINE_BREAK""},{""offset"":45,""raw_hex"":""0d ff 00"",""kind"":""MESSAGE_END""}]",REVIEW_1,NO,CHARACTER_GUIDE v0.1 적용. context-v1 복원 원문 1차 번역.,SUPPORTED: structured scenario command; header FACE slot maps to face_miranda_07; runtime display not yet checked. PROVEN: byte-identical source command exists at the same path and offsets on Disc 2. SUPPORTED: context-v1 glyph 복원; 런타임 원문 검증 전. TERM: 버스피어·파스·도박장.,"へ<G005A>！
もう1回<G041E>ってごらん<G0026>！
いつから<G0001>あたしが
アンタの<G002E>妻<G002F>になったって？",SUPPORTED,"0001,0026,002E,002F,005A,041E",NONE,
SCN_00211000_00740000_0065,SCENARIO,scenario_message,DATA/00211000.MDZ,DATA/00211000.MDT,0x00740000,00211000,64,0x006f03fe,0x006f03f9,90 be b4 bb f4 48 f5 93 95 98 43 08 81 f2 8b bd 9c ba 43 0d ff 00,"それも冗談だって！
信じるなよ！","그것도 농담이라니까!
믿지 마!",UNASSIGNED,ユウキ,"[{""offset"":-5,""raw_hex"":""02 0e 00 07 00"",""kind"":""MESSAGE_HEADER"",""opcode"":2,""argument"":7},{""offset"":11,""raw_hex"":""08"",""kind"":""LINE_BREAK""},{""offset"":19,""raw_hex"":""0d ff 00"",""kind"":""MESSAGE_END""}]",REVIEW_1,NO,CHARACTER_GUIDE v0.1 적용. context-v1 복원 원문 1차 번역.,SUPPORTED: structured scenario command; header FACE slot maps to face_yuuki_08; runtime display not yet checked. PROVEN: byte-identical source command exists at the same path and offsets on Disc 2. SUPPORTED: context-v1 glyph 복원; 런타임 원문 검증 전. TERM: 버스피어·파스·도박장.,"それも<G04AB><G0508>だって！
信じるなよ！",NONE,,SUPPORTED,"04AB,0508"
SCN_00211000_00740000_0066,SCENARIO,scenario_message,DATA/00211000.MDZ,DATA/00211000.MDT,0x00740000,00211000,65,0x006f0502,0x006f04fd,9b 79 8a 98 44 08 c4 3f f0 3a f0 df 95 98 21 b4 8a 7e 8a 98 08 ea f2 4f f4 8a 92 86 9a 7f 46 44 0d ff 00,"どうして？
アロンソって、もしかして
結婚したことが…？","왜?
알론소, 설마
결혼한 적이……?",UNASSIGNED,ユウキ,"[{""offset"":-5,""raw_hex"":""02 0e 00 01 00"",""kind"":""MESSAGE_HEADER"",""opcode"":2,""argument"":1},{""offset"":5,""raw_hex"":""08"",""kind"":""LINE_BREAK""},{""offset"":20,""raw_hex"":""08"",""kind"":""LINE_BREAK""},{""offset"":32,""raw_hex"":""0d ff 00"",""kind"":""MESSAGE_END""}]",REVIEW_1,NO,CHARACTER_GUIDE v0.1 적용. context-v1 복원 원문 1차 번역.,SUPPORTED: structured scenario command; header FACE slot maps to face_yuuki_02; runtime display not yet checked. PROVEN: byte-identical source command exists at the same path and offsets on Disc 2. SUPPORTED: context-v1 glyph 복원; 런타임 원문 검증 전. TERM: 버스피어·파스·도박장.,"どうして？
アロンソって<G0001>もしかして
結<G043F>したことが<G0026>？",SUPPORTED,"0001,0026,043F",NONE,
SCN_00211000_00740000_0067,SCENARIO,scenario_message,DATA/00211000.MDZ,DATA/00211000.MDT,0x00740000,00211000,66,0x006f05f0,0x006f05eb,46 90 be 95 98 08 6f f2 a1 5d f0 7b f0 a0 64 f0 93 bf 44 0d ff 00,"…それって
実は自分の話だろ？","…그거
사실 네 얘기잖아?",UNASSIGNED,ユウキ,"[{""offset"":-5,""raw_hex"":""02 0e 00 08 00"",""kind"":""MESSAGE_HEADER"",""opcode"":2,""argument"":8},{""offset"":5,""raw_hex"":""08"",""kind"":""LINE_BREAK""},{""offset"":19,""raw_hex"":""0d ff 00"",""kind"":""MESSAGE_END""}]",REVIEW_1,NO,CHARACTER_GUIDE v0.1 적용. context-v1 복원 원문 1차 번역.,SUPPORTED: structured scenario command; header FACE slot maps to face_yuuki_09; runtime display not yet checked. PROVEN: byte-identical source command exists at the same path and offsets on Disc 2. SUPPORTED: context-v1 glyph 복원; 런타임 원문 검증 전. TERM: 버스피어·파스·도박장.,"<G0026>それって
実は自分の<G0114>だろ？",SUPPORTED,"0026,0114",NONE,
SCN_00211000_00740000_0068,SCENARIO,scenario_message,DATA/00211000.MDZ,DATA/00211000.MDT,0x00740000,00211000,67,0x006f06fb,0x006f06f6,75 75 46 08 99 b4 21 c8 f0 a0 a7 f0 99 a1 94 7f 79 a0 7e 44 0d ff 00,"ああ…
でも、海の上ではちがうのか？","그래…
하지만 바다 위에서는 다른 건가?",UNASSIGNED,ユウキ,"[{""offset"":-5,""raw_hex"":""02 0e 00 02 00"",""kind"":""MESSAGE_HEADER"",""opcode"":2,""argument"":2},{""offset"":3,""raw_hex"":""08"",""kind"":""LINE_BREAK""},{""offset"":20,""raw_hex"":""0d ff 00"",""kind"":""MESSAGE_END""}]",REVIEW_1,NO,CHARACTER_GUIDE v0.1 적용. context-v1 복원 원문 1차 번역.,SUPPORTED: structured scenario command; header FACE slot maps to face_yuuki_03; runtime display not yet checked. PROVEN: byte-identical source command exists at the same path and offsets on Disc 2. SUPPORTED: context-v1 glyph 복원; 런타임 원문 검증 전. TERM: 버스피어·파스·도박장.,"ああ<G0026>
でも<G0001>海の上ではちがうのか？",SUPPORTED,"0001,0026",NONE,
SCN_00211000_00740000_0069,SCENARIO,scenario_message,DATA/00211000.MDZ,DATA/00211000.MDT,0x00740000,00211000,68,0x006f077a,0x006f0775,90 79 7e 21 24 f1 7f 43 f1 c2 93 bb 08 a4 f5 b4 f0 a1 cb f4 b0 9c 77 21 7e 46 08 49 f1 42 f1 af f3 9d a1 9c 77 d9 f0 57 f6 93 9c 0d ff 00,"そうか、風が止んだら
帆船は進まない、か…
飛行機にはない苦労だな","그렇구나, 바람이 멎으면
범선은 나아가지 못하는 건가…
비행기에는 없는 고생이네.",UNASSIGNED,ユウキ,"[{""offset"":-5,""raw_hex"":""02 0e 00 01 00"",""kind"":""MESSAGE_HEADER"",""opcode"":2,""argument"":1},{""offset"":12,""raw_hex"":""08"",""kind"":""LINE_BREAK""},{""offset"":26,""raw_hex"":""08"",""kind"":""LINE_BREAK""},{""offset"":43,""raw_hex"":""0d ff 00"",""kind"":""MESSAGE_END""}]",REVIEW_1,NO,CHARACTER_GUIDE v0.1 적용. context-v1 복원 원문 1차 번역.,SUPPORTED: structured scenario command; header FACE slot maps to face_yuuki_02; runtime display not yet checked. PROVEN: byte-identical source command exists at the same path and offsets on Disc 2. SUPPORTED: context-v1 glyph 복원; 런타임 원문 검증 전. TERM: 버스피어·파스·도박장.,"そうか<G0001>風が<G01C3>んだら
<G0564>船は進まない<G0001>か<G0026>
飛行機にはない苦<G05E7>だな",SUPPORTED,"0001,0026,01C3,05E7",SUPPORTED,0564
SCN_00211000_00740000_0070,SCENARIO,scenario_message,DATA/00211000.MDZ,DATA/00211000.MDT,0x00740000,00211000,69,0x006f0929,0x006f0924,80 f1 87 f6 75 95 98 88 46 08 77 b0 21 9f f4 c5 f0 c1 d8 f0 8a 98 bd c2 93 08 86 a0 75 92 bc 9d 9c 77 7e 9c 44 0d ff 00,"色々あってさ…
いま、宿屋を探してるんだ
このあたりにないかな？","여러 가지 일이 있어서…
지금 여관을 찾고 있어
이 근처에는 없을까?",UNASSIGNED,ユウキ,"[{""offset"":-5,""raw_hex"":""02 0e 00 01 00"",""kind"":""MESSAGE_HEADER"",""opcode"":2,""argument"":1},{""offset"":9,""raw_hex"":""08"",""kind"":""LINE_BREAK""},{""offset"":25,""raw_hex"":""08"",""kind"":""LINE_BREAK""},{""offset"":37,""raw_hex"":""0d ff 00"",""kind"":""MESSAGE_END""}]",REVIEW_1,NO,CHARACTER_GUIDE v0.1 적용. context-v1 복원 원문 1차 번역.,SUPPORTED: structured scenario command; header FACE slot maps to face_yuuki_02; runtime display not yet checked. PROVEN: byte-identical source command exists at the same path and offsets on Disc 2. SUPPORTED: context-v1 glyph 복원; 런타임 원문 검증 전. TERM: 버스피어·파스·도박장.,"色々あってさ<G0026>
いま<G0001>宿<G0175>を<G0188>してるんだ
このあたりにないかな？",SUPPORTED,"0001,0026,0175,0188",NONE,
SCN_00211000_00740000_0071,SCENARIO,scenario_message,DATA/00211000.MDZ,DATA/00211000.MDT,0x00740000,00211000,70,0x006f0a20,0x006f0a1b,e2 ec b6 ef 30 f0 46 08 90 be 8b b5 21 91 f5 49 f2 8c bd c0 84 93 ba 0d ff 00,"ダニやノミ…
それじゃ、廃業するわけだよ","진드기나 벼룩이라니…
그럼 폐업할 만하네.",UNASSIGNED,ユウキ,"[{""offset"":-5,""raw_hex"":""02 0e 00 08 00"",""kind"":""MESSAGE_HEADER"",""opcode"":2,""argument"":8},{""offset"":7,""raw_hex"":""08"",""kind"":""LINE_BREAK""},{""offset"":23,""raw_hex"":""0d ff 00"",""kind"":""MESSAGE_END""}]",REVIEW_1,NO,CHARACTER_GUIDE v0.1 적용. context-v1 복원 원문 1차 번역.,SUPPORTED: structured scenario command; header FACE slot maps to face_yuuki_09; runtime display not yet checked. PROVEN: byte-identical source command exists at the same path and offsets on Disc 2. SUPPORTED: context-v1 glyph 복원; 런타임 원문 검증 전. TERM: 버스피어·파스·도박장.,"ダニやノミ<G0026>
それじゃ<G0001><G0551>業するわけだよ",SUPPORTED,"0001,0026",SUPPORTED,0551
SCN_00211000_00740000_0072,SCENARIO,scenario_message,DATA/00211000.MDZ,DATA/00211000.MDT,0x00740000,00211000,71,0x006f0d2c,0x006f0d27,9c c2 9c c2 93 21 86 a0 d7 f0 93 7e bc 46 08 7d f1 a0 9e f1 83 f0 bc 99 b4 08 8a 98 c2 a0 7e 9c 44 0d ff 00,"なんなんだ、この人だかり…
魚の安売りでも
してんのかな？","뭐야, 이 사람 무리는…
생선이라도
싸게 팔고 있는 건가?",UNASSIGNED,ユウキ,"[{""offset"":-5,""raw_hex"":""02 0e 00 0b 00"",""kind"":""MESSAGE_HEADER"",""opcode"":2,""argument"":11},{""offset"":14,""raw_hex"":""08"",""kind"":""LINE_BREAK""},{""offset"":25,""raw_hex"":""08"",""kind"":""LINE_BREAK""},{""offset"":33,""raw_hex"":""0d ff 00"",""kind"":""MESSAGE_END""}]",REVIEW_1,NO,CHARACTER_GUIDE v0.1 적용. context-v1 복원 원문 1차 번역.,SUPPORTED: structured scenario command; header FACE slot maps to face_yuuki_12; runtime display not yet checked. PROVEN: byte-identical source command exists at the same path and offsets on Disc 2. SUPPORTED: context-v1 glyph 복원; 런타임 원문 검증 전. TERM: 버스피어·파스·도박장.,"なんなんだ<G0001>この人だかり<G0026>
<G01FD>の<G021E><G0133>りでも
してんのかな？",SUPPORTED,"0001,0026,0133,021E",SUPPORTED,01FD
SCN_00211000_00740000_0073,SCENARIO,scenario_message,DATA/00211000.MDZ,DATA/00211000.MDT,0x00740000,00211000,72,0x006f0dc4,0x006f0dbf,34 f6 2e f4 9f 46 08 9b c2 9c 86 9a c1 08 2e f4 77 78 f1 98 92 c2 93 bf 0d ff 00,"予言ね…
どんなことを
言い当てたんだろ","예언이라…
어떤 일을
맞혔다는 걸까.",UNASSIGNED,ユウキ,"[{""offset"":-5,""raw_hex"":""02 0e 00 0b 00"",""kind"":""MESSAGE_HEADER"",""opcode"":2,""argument"":11},{""offset"":6,""raw_hex"":""08"",""kind"":""LINE_BREAK""},{""offset"":13,""raw_hex"":""08"",""kind"":""LINE_BREAK""},{""offset"":24,""raw_hex"":""0d ff 00"",""kind"":""MESSAGE_END""}]",REVIEW_1,NO,CHARACTER_GUIDE v0.1 적용. context-v1 복원 원문 1차 번역.,SUPPORTED: structured scenario command; header FACE slot maps to face_yuuki_12; runtime display not yet checked. PROVEN: byte-identical source command exists at the same path and offsets on Disc 2. SUPPORTED: context-v1 glyph 복원; 런타임 원문 검증 전. TERM: 버스피어·파스·도박장.,"<G05C4><G041E>ね<G0026>
どんなことを
<G041E>い当てたんだろ",SUPPORTED,"0026,041E,05C4",NONE,
SCN_00211000_00740000_0074,SCENARIO,scenario_message,DATA/00211000.MDZ,DATA/00211000.MDT,0x00740000,00211000,73,0x006f103f,0x006f103a,90 a0 34 f6 2e f4 21 c8 f5 77 92 a0 a1 08 ca 24 f0 c5 f0 93 84 44 0d ff 00,"その予言、聞いたのは
エビ屋だけ？","그 예언을 들은 건
새우 가게뿐이야?",UNASSIGNED,ユウキ,"[{""offset"":-5,""raw_hex"":""02 0e 00 01 00"",""kind"":""MESSAGE_HEADER"",""opcode"":2,""argument"":1},{""offset"":13,""raw_hex"":""08"",""kind"":""LINE_BREAK""},{""offset"":22,""raw_hex"":""0d ff 00"",""kind"":""MESSAGE_END""}]",REVIEW_1,NO,CHARACTER_GUIDE v0.1 적용. context-v1 복원 원문 1차 번역.,SUPPORTED: structured scenario command; header FACE slot maps to face_yuuki_02; runtime display not yet checked. PROVEN: byte-identical source command exists at the same path and offsets on Disc 2. SUPPORTED: context-v1 glyph 복원; 런타임 원문 검증 전. TERM: 버스피어·파스·도박장.,"その<G05C4><G041E><G0001>聞いたのは
エビ<G0175>だけ？",SUPPORTED,"0001,0175,041E,05C4",NONE,
SCN_00211000_00740000_0075,SCENARIO,scenario_message,DATA/00211000.MDZ,DATA/00211000.MDT,0x00740000,00211000,74,0x006f1124,0x006f111f,75 a0 34 f6 2e f4 08 b6 95 a3 bc c6 cd d7 2f f0 93 95 92 ba 08 ca 24 f0 c5 f0 7f 60 f2 99 f5 7f 95 98 08 e1 f0 bc f2 bc 8a 98 92 c2 93 0d ff 00,"あの予言
やっぱりイカサマだったよ
エビ屋が面白がって
悪乗りしてたんだ","그 예언,
역시 사기였어
새우 가게가 재미 삼아
편승했던 거야.",UNASSIGNED,ユウキ,"[{""offset"":-5,""raw_hex"":""02 0e 00 02 00"",""kind"":""MESSAGE_HEADER"",""opcode"":2,""argument"":2},{""offset"":6,""raw_hex"":""08"",""kind"":""LINE_BREAK""},{""offset"":20,""raw_hex"":""08"",""kind"":""LINE_BREAK""},{""offset"":34,""raw_hex"":""08"",""kind"":""LINE_BREAK""},{""offset"":45,""raw_hex"":""0d ff 00"",""kind"":""MESSAGE_END""}]",REVIEW_1,NO,CHARACTER_GUIDE v0.1 적용. context-v1 복원 원문 1차 번역.,SUPPORTED: structured scenario command; header FACE slot maps to face_yuuki_03; runtime display not yet checked. PROVEN: byte-identical source command exists at the same path and offsets on Disc 2. SUPPORTED: context-v1 glyph 복원; 런타임 원문 검증 전. TERM: 버스피어·파스·도박장.,"あの<G05C4><G041E>
やっ<G0083>りイカサマだったよ
エビ<G0175>が面白がって
悪乗りしてたんだ",SUPPORTED,"0083,0175,041E,05C4",NONE,
SCN_00211000_00740000_0076,SCENARIO,scenario_message,DATA/00211000.MDZ,DATA/00211000.MDT,0x00740000,00211000,75,0x006f1245,0x006f1240,b6 43 21 7d a1 ba 46 0d ff 00,や！、おはよ…,야! 좋은 아침…,UNASSIGNED,ユウキ,"[{""offset"":-5,""raw_hex"":""02 0e 00 02 00"",""kind"":""MESSAGE_HEADER"",""opcode"":2,""argument"":2},{""offset"":7,""raw_hex"":""0d ff 00"",""kind"":""MESSAGE_END""}]",REVIEW_1,NO,CHARACTER_GUIDE v0.1 적용. context-v1 복원 원문 1차 번역.,SUPPORTED: structured scenario command; header FACE slot maps to face_yuuki_03; runtime display not yet checked. PROVEN: byte-identical source command exists at the same path and offsets on Disc 2. SUPPORTED: context-v1 glyph 복원; 런타임 원문 검증 전. TERM: 버스피어·파스·도박장.,や！<G0001>おはよ<G0026>,SUPPORTED,"0001,0026",NONE,
SCN_00211000_00740000_0077,SCENARIO,scenario_message,DATA/00211000.MDZ,DATA/00211000.MDT,0x00740000,00211000,76,0x006f1373,0x006f136e,c4 3f f0 3a f0 df 46 08 8a f0 bc 9a f0 b1 dc f2 9c bb 08 86 c2 9c 8f f1 82 9d 77 94 b5 08 20 f6 26 f3 9c c2 8b b5 9c 77 44 0d ff 00,"アロンソ…
取り込み中なら
こんな近くにいちゃ
迷惑なんじゃない？","알론소…
한창 바쁜 중이라면
이렇게 가까이 있으면
방해되는 거 아니야?",UNASSIGNED,ユウキ,"[{""offset"":-5,""raw_hex"":""02 0e 00 08 00"",""kind"":""MESSAGE_HEADER"",""opcode"":2,""argument"":8},{""offset"":7,""raw_hex"":""08"",""kind"":""LINE_BREAK""},{""offset"":18,""raw_hex"":""08"",""kind"":""LINE_BREAK""},{""offset"":29,""raw_hex"":""08"",""kind"":""LINE_BREAK""},{""offset"":41,""raw_hex"":""0d ff 00"",""kind"":""MESSAGE_END""}]",REVIEW_1,NO,CHARACTER_GUIDE v0.1 적용. context-v1 복원 원문 1차 번역.,SUPPORTED: structured scenario command; header FACE slot maps to face_yuuki_09; runtime display not yet checked. PROVEN: byte-identical source command exists at the same path and offsets on Disc 2. SUPPORTED: context-v1 glyph 복원; 런타임 원문 검증 전. TERM: 버스피어·파스·도박장.,"アロンソ<G0026>
取り込み中なら
こんな<G020F>くにいちゃ
<G05B0>惑なんじゃない？",SUPPORTED,"0026,020F",SUPPORTED,05B0
SCN_00211000_00740000_0078,SCENARIO,scenario_message,DATA/00211000.MDZ,DATA/00211000.MDT,0x00740000,00211000,77,0x006f176a,0x006f1765,75 45 75 43 08 5d f0 30 f4 dc f2 99 21 77 77 ce f1 93 f1 9c 61 f2 9d 08 a7 bc 5f f0 88 be 94 b5 95 98 d7 46 08 46 21 f0 cd ba 0d ff 00,"あ〜あ！
自己中で、いい加減な男に
ふり回されちゃってサ…
…バカよ","아아!
제멋대로에 무책임한 남자에게
휘둘려 버렸네…
…바보야.",UNASSIGNED,アロンソ,"[{""offset"":-5,""raw_hex"":""22 0e 00 24 00"",""kind"":""MESSAGE_HEADER"",""opcode"":34,""argument"":36},{""offset"":4,""raw_hex"":""08"",""kind"":""LINE_BREAK""},{""offset"":23,""raw_hex"":""08"",""kind"":""LINE_BREAK""},{""offset"":36,""raw_hex"":""08"",""kind"":""LINE_BREAK""},{""offset"":42,""raw_hex"":""0d ff 00"",""kind"":""MESSAGE_END""}]",REVIEW_1,NO,CHARACTER_GUIDE v0.1 적용. context-v1 복원 원문 1차 번역.,SUPPORTED: structured scenario command; header FACE slot maps to face_alonso_03; runtime display not yet checked. PROVEN: byte-identical source command exists at the same path and offsets on Disc 2. SUPPORTED: context-v1 glyph 복원; 런타임 원문 검증 전. TERM: 버스피어·파스·도박장.,"あ〜あ！
自<G0420>中で<G0001>いい加減な男に
ふり回されちゃってサ<G0026>
<G0026>バカよ",SUPPORTED,"0001,0026",SUPPORTED,0420
SCN_00211000_00740000_0090,SCENARIO,scenario_message,DATA/00211000.MDZ,DATA/00211000.MDT,0x00740000,00211000,89,0x006f2c52,0x006f2c4d,b6 43 21 7d a1 ba 46 0d ff 00,や！、おはよ…,야! 좋은 아침…,UNASSIGNED,ユウキ,"[{""offset"":-5,""raw_hex"":""02 0e 00 02 00"",""kind"":""MESSAGE_HEADER"",""opcode"":2,""argument"":2},{""offset"":7,""raw_hex"":""0d ff 00"",""kind"":""MESSAGE_END""}]",REVIEW_1,NO,CHARACTER_GUIDE v0.1 적용. context-v1 복원 원문 1차 번역.,SUPPORTED: structured scenario command; header FACE slot maps to face_yuuki_03; runtime display not yet checked. PROVEN: byte-identical source command exists at the same path and offsets on Disc 2. SUPPORTED: context-v1 glyph 복원; 런타임 원문 검증 전. TERM: 버스피어·파스·도박장.,や！<G0001>おはよ<G0026>,SUPPORTED,"0001,0026",NONE,
SCN_01051101_00740000_0092,SCENARIO,scenario_message,DATA/01051101.MDZ,DATA/01051101.MDT,0x00740000,01051101,91,0x00401226,0x00401221,99 b4 88 21 cc 3e f0 a0 e1 f4 ec f3 cc f4 08 d9 36 f0 30 f0 e4 e9 9d 2c f0 32 f0 bb be 92 c2 93 8f 08 c4 f2 21 f5 a1 7d b4 8a bf 77 95 98 0d ff 00,"でもさ、オレの設計図
シュミットにホメられたんだよ
発思はおもしろいって","그런데 내 설계도를
슈미트가 칭찬해 줬어
발상이 재미있다고 하더라.",UNASSIGNED,ユウキ,"[{""offset"":-5,""raw_hex"":""02 0e 00 0a 00"",""kind"":""MESSAGE_HEADER"",""opcode"":2,""argument"":10},{""offset"":14,""raw_hex"":""08"",""kind"":""LINE_BREAK""},{""offset"":33,""raw_hex"":""08"",""kind"":""LINE_BREAK""},{""offset"":46,""raw_hex"":""0d ff 00"",""kind"":""MESSAGE_END""}]",REVIEW_1,NO,CHARACTER_GUIDE v0.1 적용. context-v1 복원 원문 1차 번역.,SUPPORTED: structured scenario command; header FACE slot maps to face_yuuki_11; runtime display not yet checked. PROVEN: byte-identical source command exists at the same path and offsets on Disc 2. SUPPORTED: context-v1 glyph 복원; 런타임 원문 검증 전. TERM: 버스피어·파스·도박장.,"でもさ<G0001>オレの<G04D1><G040C><G04BC>
シュミットにホメられたんだ<G006F>
発<G04E1>はおもしろいって",SUPPORTED,"0001,006F,040C,04BC,04D1,04E1",NONE,
SCN_01051101_00740000_0094,SCENARIO,scenario_message,DATA/01051101.MDZ,DATA/01051101.MDT,0x00740000,01051101,93,0x0040132a,0x00401325,90 79 93 08 94 b9 95 9a 77 77 7e 9c 21 30 f0 3b f0 3a f0 e2 08 62 f0 da f0 9c 64 f0 7f 75 bd c2 93 0d ff 00,"そうだ
ちょっといいかな、ミランダ
大事な話があるんだ","그래
잠깐 괜찮아, 미란다?
중요한 얘기가 있어.",UNASSIGNED,ユウキ,"[{""offset"":-5,""raw_hex"":""02 0e 00 01 00"",""kind"":""MESSAGE_HEADER"",""opcode"":2,""argument"":1},{""offset"":3,""raw_hex"":""08"",""kind"":""LINE_BREAK""},{""offset"":20,""raw_hex"":""08"",""kind"":""LINE_BREAK""},{""offset"":33,""raw_hex"":""0d ff 00"",""kind"":""MESSAGE_END""}]",REVIEW_1,NO,CHARACTER_GUIDE v0.1 적용. context-v1 복원 원문 1차 번역.,SUPPORTED: structured scenario command; header FACE slot maps to face_yuuki_02; runtime display not yet checked. PROVEN: byte-identical source command exists at the same path and offsets on Disc 2. SUPPORTED: context-v1 glyph 복원; 런타임 원문 검증 전. TERM: 버스피어·파스·도박장.,"そうだ
ちょっといいかな<G0001>ミランダ
大事な<G0114>があるんだ",SUPPORTED,"0001,0114",NONE,
SCN_01051101_00740000_0096,SCENARIO,scenario_message,DATA/01051101.MDZ,DATA/01051101.MDT,0x00740000,01051101,95,0x0040141f,0x0040141a,9b 21 9b 79 21 c4 3d f0 26 f0 c5 eb 42 08 4d f4 84 f2 a0 49 f6 44 f6 7d 77 8a 77 44 0d ff 00,"ど、どう、アルフィナ？
あ日の料理おいしい？","어, 어때, 알피나?
오늘 요리 맛있어?",UNASSIGNED,アロンソ,"[{""offset"":-5,""raw_hex"":""22 0e 00 22 00"",""kind"":""MESSAGE_HEADER"",""opcode"":34,""argument"":34},{""offset"":13,""raw_hex"":""08"",""kind"":""LINE_BREAK""},{""offset"":28,""raw_hex"":""0d ff 00"",""kind"":""MESSAGE_END""}]",REVIEW_1,NO,CHARACTER_GUIDE v0.1 적용. context-v1 복원 원문 1차 번역.,SUPPORTED: structured scenario command; header FACE slot maps to face_alonso_01; runtime display not yet checked. PROVEN: byte-identical source command exists at the same path and offsets on Disc 2. SUPPORTED: context-v1 glyph 복원; 런타임 원문 검증 전. TERM: 버스피어·파스·도박장.,"ど<G0001>どう<G0001>アルフィナ<G0022>
<G043D><G02D4>の<G05D9><G05D4>おいしい？",SUPPORTED,"0001,0022,02D4,043D,05D4,05D9",NONE,
SCN_01051101_00740000_0097,SCENARIO,scenario_message,DATA/01051101.MDZ,DATA/01051101.MDT,0x00740000,01051101,96,0x00401473,0x0040146e,90 79 21 ba 7e 95 92 43 08 9b c2 9b c2 7d 7e c0 bc 8a 98 9f 95 43 0d ff 00,"そう、よかった！
どんどんおかわりしてねっ！","그래, 다행이다!
마음껏 더 먹으렴!",UNASSIGNED,ミランダ,"[{""offset"":-5,""raw_hex"":""22 0e 00 1f 00"",""kind"":""MESSAGE_HEADER"",""opcode"":34,""argument"":31},{""offset"":8,""raw_hex"":""08"",""kind"":""LINE_BREAK""},{""offset"":22,""raw_hex"":""0d ff 00"",""kind"":""MESSAGE_END""}]",REVIEW_1,NO,CHARACTER_GUIDE v0.1 적용. context-v1 복원 원문 1차 번역.,SUPPORTED: structured scenario command; header FACE slot maps to face_miranda_06; runtime display not yet checked. PROVEN: byte-identical source command exists at the same path and offsets on Disc 2. SUPPORTED: context-v1 glyph 복원; 런타임 원문 검증 전. TERM: 버스피어·파스·도박장.,"そう<G0001>よかった！
どんどんおかわりしてねっ！",SUPPORTED,0001,NONE,
SCN_01051101_00740000_0100,SCENARIO,scenario_message,DATA/01051101.MDZ,DATA/01051101.MDT,0x00740000,01051101,99,0x00401577,0x00401572,30 f0 3b f0 3a f0 e2 43 21 0d ff 00,ミランダ！、,미란다!,UNASSIGNED,ユウキ,"[{""offset"":-5,""raw_hex"":""02 0e 00 07 00"",""kind"":""MESSAGE_HEADER"",""opcode"":2,""argument"":7},{""offset"":9,""raw_hex"":""0d ff 00"",""kind"":""MESSAGE_END""}]",REVIEW_1,NO,CHARACTER_GUIDE v0.1 적용. context-v1 복원 원문 1차 번역.,SUPPORTED: structured scenario command; header FACE slot maps to face_yuuki_08; runtime display not yet checked. PROVEN: byte-identical source command exists at the same path and offsets on Disc 2. SUPPORTED: context-v1 glyph 복원; 런타임 원문 검증 전. TERM: 버스피어·파스·도박장.,ミランダ！<G0001>,SUPPORTED,0001,NONE,
SCN_01051101_00740000_0101,SCENARIO,scenario_message,DATA/01051101.MDZ,DATA/01051101.MDT,0x00740000,01051101,100,0x00401592,0x0040158d,9c e4 21 9c 9d ba 08 bf f5 77 ab f3 8a 94 b5 95 98 46 46 0d ff 00,"なッ、なによ
怖い顔しちゃって……","뭐, 뭐야
무서운 얼굴을 하고……",UNASSIGNED,アロンソ,"[{""offset"":-5,""raw_hex"":""22 0e 00 22 00"",""kind"":""MESSAGE_HEADER"",""opcode"":34,""argument"":34},{""offset"":6,""raw_hex"":""08"",""kind"":""LINE_BREAK""},{""offset"":19,""raw_hex"":""0d ff 00"",""kind"":""MESSAGE_END""}]",REVIEW_1,NO,CHARACTER_GUIDE v0.1 적용. context-v1 복원 원문 1차 번역.,SUPPORTED: structured scenario command; header FACE slot maps to face_alonso_01; runtime display not yet checked. PROVEN: byte-identical source command exists at the same path and offsets on Disc 2. SUPPORTED: context-v1 glyph 복원; 런타임 원문 검증 전. TERM: 버스피어·파스·도박장.,"なッ<G0001>なによ
怖い<G03CB>しちゃって<G0026><G0026>",SUPPORTED,"0001,0026,03CB",NONE,
SCN_01051101_00740000_0102,SCENARIO,scenario_message,DATA/01051101.MDZ,DATA/01051101.MDT,0x00740000,01051101,101,0x004015b7,0x004015b2,79 f2 9d de f4 a0 86 9a 64 f0 8a 92 bc 8a 98 08 9c c2 7e 46 46 29 f0 3a f0 93 ba 0d ff 00,"急に昔のこと話したりして
なんか……ヘンだよ","갑자기 옛날 얘기를 하기도 하고
뭔가…… 이상해.",UNASSIGNED,アルフィナ,"[{""offset"":-5,""raw_hex"":""02 0e 00 0c 00"",""kind"":""MESSAGE_HEADER"",""opcode"":2,""argument"":12},{""offset"":15,""raw_hex"":""08"",""kind"":""LINE_BREAK""},{""offset"":27,""raw_hex"":""0d ff 00"",""kind"":""MESSAGE_END""}]",REVIEW_1,NO,CHARACTER_GUIDE v0.1 적용. context-v1 복원 원문 1차 번역.,SUPPORTED: structured scenario command; header FACE slot maps to face_alfina_01; runtime display not yet checked. PROVEN: byte-identical source command exists at the same path and offsets on Disc 2. SUPPORTED: context-v1 glyph 복원; 런타임 원문 검증 전. TERM: 버스피어·파스·도박장.,"急に<G04CE>のこと<G0114>したりして
なんか<G0026><G0026>ヘンだよ",SUPPORTED,"0026,0114,04CE",NONE,
SCN_01051101_00740000_0103,SCENARIO,scenario_message,DATA/01051101.MDZ,DATA/01051101.MDT,0x00740000,01051101,102,0x004015e4,0x004015df,90 21 90 c2 9c 86 9a 46 46 08 9c 77 c0 ba 46 46 0d ff 00,"そ、そんなこと……
ないわよ……","그, 그런 건……
아니야……",UNASSIGNED,アロンソ,"[{""offset"":-5,""raw_hex"":""22 0e 00 23 00"",""kind"":""MESSAGE_HEADER"",""opcode"":34,""argument"":35},{""offset"":9,""raw_hex"":""08"",""kind"":""LINE_BREAK""},{""offset"":16,""raw_hex"":""0d ff 00"",""kind"":""MESSAGE_END""}]",REVIEW_1,NO,CHARACTER_GUIDE v0.1 적용. context-v1 복원 원문 1차 번역.,SUPPORTED: structured scenario command; header FACE slot maps to face_alonso_02; runtime display not yet checked. PROVEN: byte-identical source command exists at the same path and offsets on Disc 2. SUPPORTED: context-v1 glyph 복원; 런타임 원문 검증 전. TERM: 버스피어·파스·도박장.,"そ<G0001>そんなこと<G0026><G0026>
ないわよ<G0026><G0026>",SUPPORTED,"0001,0026",NONE,
SCN_01051101_00740000_0104,SCENARIO,scenario_message,DATA/01051101.MDZ,DATA/01051101.MDT,0x00740000,01051101,103,0x0040162e,0x00401629,dc f1 2d f1 21 7d 7e 8a 77 ba 08 4d f4 84 f2 a0 30 f0 3b f0 3a f0 e2 0d ff 00,"絶対、おかしいよ
あ日のミランダ","분명 이상해
오늘의 미란다는.",UNASSIGNED,ユウキ,"[{""offset"":-5,""raw_hex"":""02 0e 00 01 00"",""kind"":""MESSAGE_HEADER"",""opcode"":2,""argument"":1},{""offset"":10,""raw_hex"":""08"",""kind"":""LINE_BREAK""},{""offset"":23,""raw_hex"":""0d ff 00"",""kind"":""MESSAGE_END""}]",REVIEW_1,NO,CHARACTER_GUIDE v0.1 적용. context-v1 복원 원문 1차 번역.,SUPPORTED: structured scenario command; header FACE slot maps to face_yuuki_02; runtime display not yet checked. PROVEN: byte-identical source command exists at the same path and offsets on Disc 2. SUPPORTED: context-v1 glyph 복원; 런타임 원문 검증 전. TERM: 버스피어·파스·도박장.,"絶対<G0001>おかしいよ
<G043D><G02D4>のミランダ",SUPPORTED,"0001,02D4,043D",NONE,
SCN_01051101_00740000_0105,SCENARIO,scenario_message,DATA/01051101.MDZ,DATA/01051101.MDT,0x00740000,01051101,104,0x004016bf,0x004016ba,93 77 8b b9 79 a8 21 93 77 8b b9 79 a8 08 c4 3d f0 26 f0 c5 eb a1 9e f1 a4 f1 8a 98 08 a1 f0 98 98 82 be be a2 77 77 7e bb 0d ff 00,"だいじょうぶ、だいじょうぶ
アルフィナは安心して
見ててくれればいいから","괜찮아, 괜찮아
알피나는 안심하고
지켜보기만 하면 돼.",UNASSIGNED,ユウキ,"[{""offset"":-5,""raw_hex"":""02 0e 00 02 00"",""kind"":""MESSAGE_HEADER"",""opcode"":2,""argument"":2},{""offset"":13,""raw_hex"":""08"",""kind"":""LINE_BREAK""},{""offset"":28,""raw_hex"":""08"",""kind"":""LINE_BREAK""},{""offset"":41,""raw_hex"":""0d ff 00"",""kind"":""MESSAGE_END""}]",REVIEW_1,NO,CHARACTER_GUIDE v0.1 적용. context-v1 복원 원문 1차 번역.,SUPPORTED: structured scenario command; header FACE slot maps to face_yuuki_03; runtime display not yet checked. PROVEN: byte-identical source command exists at the same path and offsets on Disc 2. SUPPORTED: context-v1 glyph 복원; 런타임 원문 검증 전. TERM: 버스피어·파스·도박장.,"だいじょうぶ<G0001>だいじょうぶ
アルフィナは<G021E>心して
見ててくれればいいから",SUPPORTED,"0001,021E",NONE,
SCN_01051101_00740000_0107,SCENARIO,scenario_message,DATA/01051101.MDZ,DATA/01051101.MDT,0x00740000,01051101,106,0x00401849,0x00401844,75 92 bc b0 7b 88 43 08 d9 36 f0 30 f0 e4 e9 9d 63 f0 7b 92 c2 93 8f 08 75 a0 d9 36 f0 30 f0 e4 e9 9d 43 0d ff 00,"あたりまえさ！
シュミットに会えたんだよ
あのシュミットに！","당연하지!
슈미트를 만났다고
그 슈미트를!",UNASSIGNED,ユウキ,"[{""offset"":-5,""raw_hex"":""02 0e 00 0a 00"",""kind"":""MESSAGE_HEADER"",""opcode"":2,""argument"":10},{""offset"":7,""raw_hex"":""08"",""kind"":""LINE_BREAK""},{""offset"":23,""raw_hex"":""08"",""kind"":""LINE_BREAK""},{""offset"":35,""raw_hex"":""0d ff 00"",""kind"":""MESSAGE_END""}]",REVIEW_1,NO,CHARACTER_GUIDE v0.1 적용. context-v1 복원 원문 1차 번역.,SUPPORTED: structured scenario command; header FACE slot maps to face_yuuki_11; runtime display not yet checked. PROVEN: byte-identical source command exists at the same path and offsets on Disc 2. SUPPORTED: context-v1 glyph 복원; 런타임 원문 검증 전. TERM: 버스피어·파스·도박장.,"あたりまえさ！
シュミットに<G0113>えたんだ<G006F>
あのシュミットに！",SUPPORTED,"006F,0113",NONE,
SCN_01051101_00740000_0108,SCENARIO,scenario_message,DATA/01051101.MDZ,DATA/01051101.MDT,0x00740000,01051101,107,0x004018d1,0x004018cc,75 75 21 3c f2 a0 a7 f0 a0 9c f0 92 f0 93 ba 08 77 b0 a1 b0 93 46 46 9f 0d ff 00,"ああ、雲の上の存在だよ
いまはまだ……ね","그래, 아직은
구름 위의 존재지……",UNASSIGNED,ユウキ,"[{""offset"":-5,""raw_hex"":""02 0e 00 09 00"",""kind"":""MESSAGE_HEADER"",""opcode"":2,""argument"":9},{""offset"":15,""raw_hex"":""08"",""kind"":""LINE_BREAK""},{""offset"":24,""raw_hex"":""0d ff 00"",""kind"":""MESSAGE_END""}]",REVIEW_1,NO,CHARACTER_GUIDE v0.1 적용. context-v1 복원 원문 1차 번역.,SUPPORTED: structured scenario command; header FACE slot maps to face_yuuki_10; runtime display not yet checked. PROVEN: byte-identical source command exists at the same path and offsets on Disc 2. SUPPORTED: context-v1 glyph 복원; 런타임 원문 검증 전. TERM: 버스피어·파스·도박장.,"ああ<G0001>雲の上の<G014C><G0142>だよ
いまはまだ<G0026><G0026>ね",SUPPORTED,"0001,0026",SUPPORTED,"0142,014C"
SCN_01051101_00740000_0109,SCENARIO,scenario_message,DATA/01051101.MDZ,DATA/01051101.MDT,0x00740000,01051101,108,0x004018fb,0x004018f6,99 b4 21 80 95 9a 08 bb f2 77 86 8a 98 b1 8e bd 95 43 08 77 96 7e 21 6c f0 8d 46 46 43 0d ff 00,"でも、きっと
追いこしてみせるっ！
いつか、必ず……！","하지만 분명
추월하고 말 거야!
언젠가, 반드시……!",UNASSIGNED,ユウキ,"[{""offset"":-5,""raw_hex"":""02 0e 00 0a 00"",""kind"":""MESSAGE_HEADER"",""opcode"":2,""argument"":10},{""offset"":6,""raw_hex"":""08"",""kind"":""LINE_BREAK""},{""offset"":18,""raw_hex"":""08"",""kind"":""LINE_BREAK""},{""offset"":29,""raw_hex"":""0d ff 00"",""kind"":""MESSAGE_END""}]",REVIEW_1,NO,CHARACTER_GUIDE v0.1 적용. context-v1 복원 원문 1차 번역.,SUPPORTED: structured scenario command; header FACE slot maps to face_yuuki_11; runtime display not yet checked. PROVEN: byte-identical source command exists at the same path and offsets on Disc 2. SUPPORTED: context-v1 glyph 복원; 런타임 원문 검증 전. TERM: 버스피어·파스·도박장.,"でも<G0001>きっと
<G030B>いこしてみせるっ！
いつか<G0001><G011C>ず<G0026><G0026>！",SUPPORTED,"0001,0026,011C,030B",NONE,
SCN_01051101_00740000_0110,SCENARIO,scenario_message,DATA/01051101.MDZ,DATA/01051101.MDT,0x00740000,01051101,109,0x00401954,0x0040194f,75 21 75 75 46 46 0d ff 00,あ、ああ……,"아, 아아……",UNASSIGNED,アルフィナ,"[{""offset"":-5,""raw_hex"":""02 0e 00 0c 00"",""kind"":""MESSAGE_HEADER"",""opcode"":2,""argument"":12},{""offset"":6,""raw_hex"":""0d ff 00"",""kind"":""MESSAGE_END""}]",REVIEW_1,NO,CHARACTER_GUIDE v0.1 적용. context-v1 복원 원문 1차 번역.,SUPPORTED: structured scenario command; header FACE slot maps to face_alfina_01; runtime display not yet checked. PROVEN: byte-identical source command exists at the same path and offsets on Disc 2. SUPPORTED: context-v1 glyph 복원; 런타임 원문 검증 전. TERM: 버스피어·파스·도박장.,あ<G0001>ああ<G0026><G0026>,SUPPORTED,"0001,0026",NONE,
SCN_01051101_00740000_0111,SCENARIO,scenario_message,DATA/01051101.MDZ,DATA/01051101.MDT,0x00740000,01051101,110,0x004019b5,0x004019b0,95 92 82 21 75 c2 92 7f 08 ba bf 86 a8 93 bf 79 9a a1 f1 95 98 08 50 f1 95 98 75 85 92 a0 9d d7 08 27 f0 e5 27 f0 e5 46 46 0d ff 00,"ったく、あんたが
よろこぶだろうと思って
作ってあげたのにサ
ブツブツ……","정말이지, 네가
기뻐할 줄 알고
만들어 줬는데 말이야
중얼중얼……",UNASSIGNED,アロンソ,"[{""offset"":-5,""raw_hex"":""22 0e 00 24 00"",""kind"":""MESSAGE_HEADER"",""opcode"":34,""argument"":36},{""offset"":8,""raw_hex"":""08"",""kind"":""LINE_BREAK""},{""offset"":21,""raw_hex"":""08"",""kind"":""LINE_BREAK""},{""offset"":32,""raw_hex"":""08"",""kind"":""LINE_BREAK""},{""offset"":41,""raw_hex"":""0d ff 00"",""kind"":""MESSAGE_END""}]",REVIEW_1,NO,CHARACTER_GUIDE v0.1 적용. context-v1 복원 원문 1차 번역.,SUPPORTED: structured scenario command; header FACE slot maps to face_alonso_03; runtime display not yet checked. PROVEN: byte-identical source command exists at the same path and offsets on Disc 2. SUPPORTED: context-v1 glyph 복원; 런타임 원문 검증 전. TERM: 버스피어·파스·도박장.,"ったく<G0001>あんたが
よろこぶだろうと思って
作ってあげたのにサ
ブツブツ<G0026><G0026>",SUPPORTED,"0001,0026",NONE,
SCN_01051101_00740000_0112,SCENARIO,scenario_message,DATA/01051101.MDZ,DATA/01051101.MDT,0x00740000,01051101,111,0x004019f0,0x004019eb,7e 21 9c f3 8b f4 8a 98 bd 95 98 a2 08 46 46 94 b9 95 9a a0 f1 bb f0 5b f0 93 84 9b 0d ff 00,"か、感謝してるってば
……ちょっと不気味だけど","고, 고맙다니까
……조금 무섭긴 하지만.",UNASSIGNED,ユウキ,"[{""offset"":-5,""raw_hex"":""02 0e 00 08 00"",""kind"":""MESSAGE_HEADER"",""opcode"":2,""argument"":8},{""offset"":12,""raw_hex"":""08"",""kind"":""LINE_BREAK""},{""offset"":28,""raw_hex"":""0d ff 00"",""kind"":""MESSAGE_END""}]",REVIEW_1,NO,CHARACTER_GUIDE v0.1 적용. context-v1 복원 원문 1차 번역.,SUPPORTED: structured scenario command; header FACE slot maps to face_yuuki_09; runtime display not yet checked. PROVEN: byte-identical source command exists at the same path and offsets on Disc 2. SUPPORTED: context-v1 glyph 복원; 런타임 원문 검증 전. TERM: 버스피어·파스·도박장.,"か<G0001>感<G047B>してるってば
<G0026><G0026>ちょっと不気味だけど",SUPPORTED,"0001,0026,047B",NONE,
SCN_01051101_00740000_0114,SCENARIO,scenario_message,DATA/01051101.MDZ,DATA/01051101.MDT,0x00740000,01051101,113,0x00401a5a,0x00401a55,75 75 21 d9 f0 57 f6 8a 92 84 9b 9f 08 90 95 94 b4 9c c2 9a 7e 0d ff 00,"ああ、苦労したけどね
そっちもなんとか","그래, 고생은 했지만
너희 쪽도 어떻게든 됐네.",UNASSIGNED,ユウキ,"[{""offset"":-5,""raw_hex"":""02 0e 00 02 00"",""kind"":""MESSAGE_HEADER"",""opcode"":2,""argument"":2},{""offset"":12,""raw_hex"":""08"",""kind"":""LINE_BREAK""},{""offset"":21,""raw_hex"":""0d ff 00"",""kind"":""MESSAGE_END""}]",REVIEW_1,NO,CHARACTER_GUIDE v0.1 적용. context-v1 복원 원문 1차 번역.,SUPPORTED: structured scenario command; header FACE slot maps to face_yuuki_03; runtime display not yet checked. PROVEN: byte-identical source command exists at the same path and offsets on Disc 2. SUPPORTED: context-v1 glyph 복원; 런타임 원문 검증 전. TERM: 버스피어·파스·도박장.,"ああ<G0001>苦<G05E7>したけどね
そっちもなんとか",SUPPORTED,"0001,05E7",NONE,
SCN_01051101_00740000_0118,SCENARIO,scenario_message,DATA/01051101.MDZ,DATA/01051101.MDT,0x00740000,01051101,117,0x00401b72,0x00401b6d,75 21 75 75 21 75 bc 7f 9a 79 46 46 0d ff 00,あ、ああ、ありがとう……,"아, 아아, 고마워……",UNASSIGNED,ユウキ,"[{""offset"":-5,""raw_hex"":""02 0e 00 01 00"",""kind"":""MESSAGE_HEADER"",""opcode"":2,""argument"":1},{""offset"":12,""raw_hex"":""0d ff 00"",""kind"":""MESSAGE_END""}]",REVIEW_1,NO,CHARACTER_GUIDE v0.1 적용. context-v1 복원 원문 1차 번역.,SUPPORTED: structured scenario command; header FACE slot maps to face_yuuki_02; runtime display not yet checked. PROVEN: byte-identical source command exists at the same path and offsets on Disc 2. SUPPORTED: context-v1 glyph 복원; 런타임 원문 검증 전. TERM: 버스피어·파스·도박장.,あ<G0001>ああ<G0001>ありがとう<G0026><G0026>,SUPPORTED,"0001,0026",NONE,
SCN_01051101_00740000_0119,SCENARIO,scenario_message,DATA/01051101.MDZ,DATA/01051101.MDT,0x00740000,01051101,118,0x00401ba1,0x00401b9c,49 f1 42 f1 af f3 a0 86 9a 9d 9c bd 9a 08 7f f1 a0 80 f1 70 f0 7b 94 b5 95 98 46 46 08 90 c2 9c 9d 49 f1 a5 92 77 a0 21 75 c2 92 44 0d ff 00,"飛行機のことになると
目の色変えちゃって……
そんなに飛びたいの、あんた？","비행기 얘기만 나오면
눈빛이 달라진다니까……
그렇게 날고 싶은 거야, 너?",UNASSIGNED,ミランダ,"[{""offset"":-5,""raw_hex"":""22 0e 00 1d 00"",""kind"":""MESSAGE_HEADER"",""opcode"":34,""argument"":29},{""offset"":13,""raw_hex"":""08"",""kind"":""LINE_BREAK""},{""offset"":28,""raw_hex"":""08"",""kind"":""LINE_BREAK""},{""offset"":44,""raw_hex"":""0d ff 00"",""kind"":""MESSAGE_END""}]",REVIEW_1,NO,CHARACTER_GUIDE v0.1 적용. context-v1 복원 원문 1차 번역.,SUPPORTED: structured scenario command; header FACE slot maps to face_miranda_04; runtime display not yet checked. PROVEN: byte-identical source command exists at the same path and offsets on Disc 2. SUPPORTED: context-v1 glyph 복원; 런타임 원문 검증 전. TERM: 버스피어·파스·도박장.,"飛行機のことになると
<G01FF>の色変えちゃって<G0026><G0026>
そんなに飛びたいの<G0001>あんた？",SUPPORTED,"0001,0026,01FF",NONE,
SCN_01051101_00740000_0120,SCENARIO,scenario_message,DATA/01051101.MDZ,DATA/01051101.MDT,0x00740000,01051101,119,0x00401bdf,0x00401bda,75 75 46 46 08 cc 3e f0 9d a1 3f f6 7f 6c f0 3d f6 9c c2 93 0d ff 00,"ああ……
オレには翼が必要なんだ","그래……
나에게는 날개가 필요해.",UNASSIGNED,ユウキ,"[{""offset"":-5,""raw_hex"":""02 0e 00 09 00"",""kind"":""MESSAGE_HEADER"",""opcode"":2,""argument"":9},{""offset"":4,""raw_hex"":""08"",""kind"":""LINE_BREAK""},{""offset"":20,""raw_hex"":""0d ff 00"",""kind"":""MESSAGE_END""}]",REVIEW_1,NO,CHARACTER_GUIDE v0.1 적용. context-v1 복원 원문 1차 번역.,SUPPORTED: structured scenario command; header FACE slot maps to face_yuuki_10; runtime display not yet checked. PROVEN: byte-identical source command exists at the same path and offsets on Disc 2. SUPPORTED: context-v1 glyph 복원; 런타임 원문 검증 전. TERM: 버스피어·파스·도박장.,"ああ<G0026><G0026>
オレには翼が<G011C><G05CD>なんだ",SUPPORTED,"0026,011C,05CD",NONE,
SCN_01051101_00740000_0121,SCENARIO,scenario_message,DATA/01051101.MDZ,DATA/01051101.MDT,0x00740000,01051101,120,0x00401c16,0x00401c11,ad bb 95 21 37 f0 c8 cf b4 08 9b c2 9b c2 c3 f4 ab 9c 88 77 ba 08 75 c2 92 a0 92 b3 9d 50 f1 95 92 c2 93 7e bb 0d ff 00,"ほらっ、ユウキも
どんどん食べなさいよ
あんたのために作ったんだから","자, 유키도
얼른 먹으렴
너를 위해 만든 거니까.",UNASSIGNED,ミランダ,"[{""offset"":-5,""raw_hex"":""22 0e 00 1f 00"",""kind"":""MESSAGE_HEADER"",""opcode"":34,""argument"":31},{""offset"":9,""raw_hex"":""08"",""kind"":""LINE_BREAK""},{""offset"":21,""raw_hex"":""08"",""kind"":""LINE_BREAK""},{""offset"":37,""raw_hex"":""0d ff 00"",""kind"":""MESSAGE_END""}]",REVIEW_1,NO,CHARACTER_GUIDE v0.1 적용. context-v1 복원 원문 1차 번역.,SUPPORTED: structured scenario command; header FACE slot maps to face_miranda_06; runtime display not yet checked. PROVEN: byte-identical source command exists at the same path and offsets on Disc 2. SUPPORTED: context-v1 glyph 복원; 런타임 원문 검증 전. TERM: 버스피어·파스·도박장.,"ほらっ<G0001>ユウキも
どんどん食べなさいよ
あんたのために作ったんだから",SUPPORTED,0001,NONE,
SCN_01051101_00740000_0122,SCENARIO,scenario_message,DATA/01051101.MDZ,DATA/01051101.MDT,0x00740000,01051101,121,0x00401c4d,0x00401c48,cc 3e f0 a0 92 b3 9d 46 46 44 0d ff 00,オレのために……？,나를 위해서……?,UNASSIGNED,ユウキ,"[{""offset"":-5,""raw_hex"":""02 0e 00 01 00"",""kind"":""MESSAGE_HEADER"",""opcode"":2,""argument"":1},{""offset"":10,""raw_hex"":""0d ff 00"",""kind"":""MESSAGE_END""}]",REVIEW_1,NO,CHARACTER_GUIDE v0.1 적용. context-v1 복원 원문 1차 번역.,SUPPORTED: structured scenario command; header FACE slot maps to face_yuuki_02; runtime display not yet checked. PROVEN: byte-identical source command exists at the same path and offsets on Disc 2. SUPPORTED: context-v1 glyph 복원; 런타임 원문 검증 전. TERM: 버스피어·파스·도박장.,オレのために<G0026><G0026>？,SUPPORTED,0026,NONE,
SCN_01051101_00740000_0125,SCENARIO,scenario_message,DATA/01051101.MDZ,DATA/01051101.MDT,0x00740000,01051101,124,0x00401d27,0x00401d22,46 46 46 46 46 08 94 b9 95 9a 46 46 08 c8 f0 c1 9c 7f b3 98 82 bd 46 46 0d ff 00,"……………
ちょっと……
海をながめてくる……","……………
잠깐……
바다를 보고 올게……",UNASSIGNED,ユウキ,"[{""offset"":-5,""raw_hex"":""02 0e 00 05 00"",""kind"":""MESSAGE_HEADER"",""opcode"":2,""argument"":5},{""offset"":5,""raw_hex"":""08"",""kind"":""LINE_BREAK""},{""offset"":12,""raw_hex"":""08"",""kind"":""LINE_BREAK""},{""offset"":24,""raw_hex"":""0d ff 00"",""kind"":""MESSAGE_END""}]",REVIEW_1,NO,CHARACTER_GUIDE v0.1 적용. context-v1 복원 원문 1차 번역.,SUPPORTED: structured scenario command; header FACE slot maps to face_yuuki_06; runtime display not yet checked. PROVEN: byte-identical source command exists at the same path and offsets on Disc 2. SUPPORTED: context-v1 glyph 복원; 런타임 원문 검증 전. TERM: 버스피어·파스·도박장.,"<G0026><G0026><G0026><G0026><G0026>
ちょっと<G0026><G0026>
海をながめてくる<G0026><G0026>",SUPPORTED,0026,NONE,
SCN_01051101_00740000_0126,SCENARIO,scenario_message,DATA/01051101.MDZ,DATA/01051101.MDT,0x00740000,01051101,125,0x00401da6,0x00401da1,75 75 21 9c c2 9a 7e 9f 0d ff 00,ああ、なんとかね,"그래, 어떻게든.",UNASSIGNED,ユウキ,"[{""offset"":-5,""raw_hex"":""02 0e 00 02 00"",""kind"":""MESSAGE_HEADER"",""opcode"":2,""argument"":2},{""offset"":8,""raw_hex"":""0d ff 00"",""kind"":""MESSAGE_END""}]",REVIEW_1,NO,CHARACTER_GUIDE v0.1 적용. context-v1 복원 원문 1차 번역.,SUPPORTED: structured scenario command; header FACE slot maps to face_yuuki_03; runtime display not yet checked. PROVEN: byte-identical source command exists at the same path and offsets on Disc 2. SUPPORTED: context-v1 glyph 복원; 런타임 원문 검증 전. TERM: 버스피어·파스·도박장.,ああ<G0001>なんとかね,SUPPORTED,0001,NONE,
SCN_01051101_00740000_0128,SCENARIO,scenario_message,DATA/01051101.MDZ,DATA/01051101.MDT,0x00740000,01051101,127,0x00401e9e,0x00401e99,75 75 21 3f f0 e4 e5 a1 cc 3e f0 a0 08 54 f1 d6 f1 a0 22 f0 47 e9 eb 47 88 0d ff 00,"ああ、ロッツはオレの
最高のパートナーさ","그래, 롯츠는 내
최고의 파트너야.",UNASSIGNED,ユウキ,"[{""offset"":-5,""raw_hex"":""02 0e 00 09 00"",""kind"":""MESSAGE_HEADER"",""opcode"":2,""argument"":9},{""offset"":12,""raw_hex"":""08"",""kind"":""LINE_BREAK""},{""offset"":25,""raw_hex"":""0d ff 00"",""kind"":""MESSAGE_END""}]",REVIEW_1,NO,CHARACTER_GUIDE v0.1 적용. context-v1 복원 원문 1차 번역.,SUPPORTED: structured scenario command; header FACE slot maps to face_yuuki_10; runtime display not yet checked. PROVEN: byte-identical source command exists at the same path and offsets on Disc 2. SUPPORTED: context-v1 glyph 복원; 런타임 원문 검증 전. TERM: 버스피어·파스·도박장.,"ああ<G0001>ロッツはオレの
<G01D4>高のパートナーさ",SUPPORTED,"0001,01D4",NONE,
SCN_01051101_00740000_0129,SCENARIO,scenario_message,DATA/01051101.MDZ,DATA/01051101.MDT,0x00740000,01051101,128,0x00401f16,0x00401f11,d9 36 f0 30 f0 e4 e9 a1 08 b4 f0 a1 50 f1 bb 9c 77 9a a1 f1 79 ba 08 92 a8 c2 46 46 0d ff 00,"シュミットは
船は作らないと思うよ
たぶん……","슈미트는
배는 만들지 않을 거야
아마도……",UNASSIGNED,ユウキ,"[{""offset"":-5,""raw_hex"":""02 0e 00 08 00"",""kind"":""MESSAGE_HEADER"",""opcode"":2,""argument"":8},{""offset"":8,""raw_hex"":""08"",""kind"":""LINE_BREAK""},{""offset"":22,""raw_hex"":""08"",""kind"":""LINE_BREAK""},{""offset"":28,""raw_hex"":""0d ff 00"",""kind"":""MESSAGE_END""}]",REVIEW_1,NO,CHARACTER_GUIDE v0.1 적용. context-v1 복원 원문 1차 번역.,SUPPORTED: structured scenario command; header FACE slot maps to face_yuuki_09; runtime display not yet checked. PROVEN: byte-identical source command exists at the same path and offsets on Disc 2. SUPPORTED: context-v1 glyph 복원; 런타임 원문 검증 전. TERM: 버스피어·파스·도박장.,"シュミットは
船は作らないと思うよ
たぶん<G0026><G0026>",SUPPORTED,0026,NONE,
SCN_01051101_00740000_0130,SCENARIO,scenario_message,DATA/01051101.MDZ,DATA/01051101.MDT,0x00740000,01051101,129,0x00401ff8,0x00401ff3,cc 3e f0 9a 30 f0 3b f0 3a f0 e2 a0 46 46 44 0d ff 00,オレとミランダの……？,나와 미란다의……?,UNASSIGNED,アルフィナ,"[{""offset"":-5,""raw_hex"":""02 0e 00 0c 00"",""kind"":""MESSAGE_HEADER"",""opcode"":2,""argument"":12},{""offset"":15,""raw_hex"":""0d ff 00"",""kind"":""MESSAGE_END""}]",REVIEW_1,NO,CHARACTER_GUIDE v0.1 적용. context-v1 복원 원문 1차 번역.,SUPPORTED: structured scenario command; header FACE slot maps to face_alfina_01; runtime display not yet checked. PROVEN: byte-identical source command exists at the same path and offsets on Disc 2. SUPPORTED: context-v1 glyph 복원; 런타임 원문 검증 전. TERM: 버스피어·파스·도박장.,オレとミランダの<G0026><G0026>？,SUPPORTED,0026,NONE,
SCN_01051101_00740000_0132,SCENARIO,scenario_message,DATA/01051101.MDZ,DATA/01051101.MDT,0x00740000,01051101,131,0x0040206c,0x00402067,b0 93 21 df f0 8c 81 bd ba 43 08 90 79 93 9c 21 b4 79 d1 e1 d1 e1 46 46 0d ff 00,"まだ、早すぎるよ！
そうだな、もうクタクタ……","아직 너무 일러!
그렇네, 이제 완전히 지쳤어……",UNASSIGNED,ユウキ,"[{""offset"":-5,""raw_hex"":""02 0e 00 01 00"",""kind"":""MESSAGE_HEADER"",""opcode"":2,""argument"":1},{""offset"":10,""raw_hex"":""08"",""kind"":""LINE_BREAK""},{""offset"":24,""raw_hex"":""0d ff 00"",""kind"":""MESSAGE_END""}]",REVIEW_1,NO,CHARACTER_GUIDE v0.1 적용. context-v1 복원 원문 1차 번역.,SUPPORTED: structured scenario command; header FACE slot maps to face_yuuki_02; runtime display not yet checked. PROVEN: byte-identical source command exists at the same path and offsets on Disc 2. SUPPORTED: context-v1 glyph 복원; 런타임 원문 검증 전. TERM: 버스피어·파스·도박장.,"まだ<G0001>早すぎるよ！
そうだな<G0001>もうクタクタ<G0026><G0026>",SUPPORTED,"0001,0026",NONE,
SCN_01051101_00740000_0141,SCENARIO,scenario_message,DATA/01051101.MDZ,DATA/01051101.MDT,0x00740000,01051101,140,0x00402344,0x0040233f,b4 79 a6 f0 8a b4 f0 c1 a1 f0 92 77 c2 93 08 79 c2 21 90 79 8c bd ba 0d ff 00,"もう少し船を見たいんだ
うん、そうするよ","배를 조금 더 보고 싶어
응, 그럴게.",UNASSIGNED,ユウキ,"[{""offset"":-5,""raw_hex"":""02 0e 00 01 00"",""kind"":""MESSAGE_HEADER"",""opcode"":2,""argument"":1},{""offset"":14,""raw_hex"":""08"",""kind"":""LINE_BREAK""},{""offset"":23,""raw_hex"":""0d ff 00"",""kind"":""MESSAGE_END""}]",REVIEW_1,NO,CHARACTER_GUIDE v0.1 적용. context-v1 복원 원문 1차 번역.,SUPPORTED: structured scenario command; header FACE slot maps to face_yuuki_02; runtime display not yet checked. PROVEN: byte-identical source command exists at the same path and offsets on Disc 2. SUPPORTED: context-v1 glyph 복원; 런타임 원문 검증 전. TERM: 버스피어·파스·도박장.,"もう少し船を見たいんだ
うん<G0001>そうするよ",SUPPORTED,0001,NONE,
SCN_01051101_00740000_0146,SCENARIO,scenario_message,DATA/01051101.MDZ,DATA/01051101.MDT,0x00740000,01051101,145,0x004024c0,0x004024bb,b4 79 a6 f0 8a 44 f4 7b 98 b1 bd 08 79 c2 21 90 79 8c bd ba 0d ff 00,"もう少し考えてみる
うん、そうするよ","조금 더 생각해 볼게
응, 그럴게.",UNASSIGNED,ユウキ,"[{""offset"":-5,""raw_hex"":""02 0e 00 01 00"",""kind"":""MESSAGE_HEADER"",""opcode"":2,""argument"":1},{""offset"":11,""raw_hex"":""08"",""kind"":""LINE_BREAK""},{""offset"":20,""raw_hex"":""0d ff 00"",""kind"":""MESSAGE_END""}]",REVIEW_1,NO,CHARACTER_GUIDE v0.1 적용. context-v1 복원 원문 1차 번역.,SUPPORTED: structured scenario command; header FACE slot maps to face_yuuki_02; runtime display not yet checked. PROVEN: byte-identical source command exists at the same path and offsets on Disc 2. SUPPORTED: context-v1 glyph 복원; 런타임 원문 검증 전. TERM: 버스피어·파스·도박장.,"もう少し考えてみる
うん<G0001>そうするよ",SUPPORTED,0001,NONE,
SCN_01070401_00740000_0092,SCENARIO,scenario_message,DATA/01070401.MDZ,DATA/01070401.MDT,0x00740000,01070401,91,0x003f3c26,0x003f3c21,99 b4 88 21 cc 3e f0 a0 e1 f4 ec f3 cc f4 08 d9 36 f0 30 f0 e4 e9 9d 2c f0 32 f0 bb be 92 c2 93 8f 08 c4 f2 21 f5 a1 7d b4 8a bf 77 95 98 0d ff 00,"でもさ、オレの設計図
シュミットにホメられたんだよ
発思はおもしろいって","그런데 내 설계도를
슈미트가 칭찬해 줬어
발상이 재미있다고 하더라.",UNASSIGNED,ユウキ,"[{""offset"":-5,""raw_hex"":""02 0e 00 0a 00"",""kind"":""MESSAGE_HEADER"",""opcode"":2,""argument"":10},{""offset"":14,""raw_hex"":""08"",""kind"":""LINE_BREAK""},{""offset"":33,""raw_hex"":""08"",""kind"":""LINE_BREAK""},{""offset"":46,""raw_hex"":""0d ff 00"",""kind"":""MESSAGE_END""}]",REVIEW_1,NO,CHARACTER_GUIDE v0.1 적용. context-v1 복원 원문 1차 번역.,SUPPORTED: structured scenario command; header FACE slot maps to face_yuuki_11; runtime display not yet checked. PROVEN: byte-identical source command exists at the same path and offsets on Disc 2. SUPPORTED: context-v1 glyph 복원; 런타임 원문 검증 전. TERM: 버스피어·파스·도박장.,"でもさ<G0001>オレの<G04D1><G040C><G04BC>
シュミットにホメられたんだ<G006F>
発<G04E1>はおもしろいって",SUPPORTED,"0001,006F,040C,04BC,04D1,04E1",NONE,
SCN_01070401_00740000_0094,SCENARIO,scenario_message,DATA/01070401.MDZ,DATA/01070401.MDT,0x00740000,01070401,93,0x003f3d2a,0x003f3d25,90 79 93 08 94 b9 95 9a 77 77 7e 9c 21 30 f0 3b f0 3a f0 e2 08 62 f0 da f0 9c 64 f0 7f 75 bd c2 93 0d ff 00,"そうだ
ちょっといいかな、ミランダ
大事な話があるんだ","그래
잠깐 괜찮아, 미란다?
중요한 얘기가 있어.",UNASSIGNED,ユウキ,"[{""offset"":-5,""raw_hex"":""02 0e 00 01 00"",""kind"":""MESSAGE_HEADER"",""opcode"":2,""argument"":1},{""offset"":3,""raw_hex"":""08"",""kind"":""LINE_BREAK""},{""offset"":20,""raw_hex"":""08"",""kind"":""LINE_BREAK""},{""offset"":33,""raw_hex"":""0d ff 00"",""kind"":""MESSAGE_END""}]",REVIEW_1,NO,CHARACTER_GUIDE v0.1 적용. context-v1 복원 원문 1차 번역.,SUPPORTED: structured scenario command; header FACE slot maps to face_yuuki_02; runtime display not yet checked. PROVEN: byte-identical source command exists at the same path and offsets on Disc 2. SUPPORTED: context-v1 glyph 복원; 런타임 원문 검증 전. TERM: 버스피어·파스·도박장.,"そうだ
ちょっといいかな<G0001>ミランダ
大事な<G0114>があるんだ",SUPPORTED,"0001,0114",NONE,
SCN_01070401_00740000_0096,SCENARIO,scenario_message,DATA/01070401.MDZ,DATA/01070401.MDT,0x00740000,01070401,95,0x003f3e1f,0x003f3e1a,9b 21 9b 79 21 c4 3d f0 26 f0 c5 eb 42 08 4d f4 84 f2 a0 49 f6 44 f6 7d 77 8a 77 44 0d ff 00,"ど、どう、アルフィナ？
あ日の料理おいしい？","어, 어때, 알피나?
오늘 요리 맛있어?",UNASSIGNED,アロンソ,"[{""offset"":-5,""raw_hex"":""22 0e 00 22 00"",""kind"":""MESSAGE_HEADER"",""opcode"":34,""argument"":34},{""offset"":13,""raw_hex"":""08"",""kind"":""LINE_BREAK""},{""offset"":28,""raw_hex"":""0d ff 00"",""kind"":""MESSAGE_END""}]",REVIEW_1,NO,CHARACTER_GUIDE v0.1 적용. context-v1 복원 원문 1차 번역.,SUPPORTED: structured scenario command; header FACE slot maps to face_alonso_01; runtime display not yet checked. PROVEN: byte-identical source command exists at the same path and offsets on Disc 2. SUPPORTED: context-v1 glyph 복원; 런타임 원문 검증 전. TERM: 버스피어·파스·도박장.,"ど<G0001>どう<G0001>アルフィナ<G0022>
<G043D><G02D4>の<G05D9><G05D4>おいしい？",SUPPORTED,"0001,0022,02D4,043D,05D4,05D9",NONE,
SCN_01070401_00740000_0097,SCENARIO,scenario_message,DATA/01070401.MDZ,DATA/01070401.MDT,0x00740000,01070401,96,0x003f3e73,0x003f3e6e,90 79 21 ba 7e 95 92 43 08 9b c2 9b c2 7d 7e c0 bc 8a 98 9f 95 43 0d ff 00,"そう、よかった！
どんどんおかわりしてねっ！","그래, 다행이다!
마음껏 더 먹으렴!",UNASSIGNED,ミランダ,"[{""offset"":-5,""raw_hex"":""22 0e 00 1f 00"",""kind"":""MESSAGE_HEADER"",""opcode"":34,""argument"":31},{""offset"":8,""raw_hex"":""08"",""kind"":""LINE_BREAK""},{""offset"":22,""raw_hex"":""0d ff 00"",""kind"":""MESSAGE_END""}]",REVIEW_1,NO,CHARACTER_GUIDE v0.1 적용. context-v1 복원 원문 1차 번역.,SUPPORTED: structured scenario command; header FACE slot maps to face_miranda_06; runtime display not yet checked. PROVEN: byte-identical source command exists at the same path and offsets on Disc 2. SUPPORTED: context-v1 glyph 복원; 런타임 원문 검증 전. TERM: 버스피어·파스·도박장.,"そう<G0001>よかった！
どんどんおかわりしてねっ！",SUPPORTED,0001,NONE,
SCN_01070401_00740000_0100,SCENARIO,scenario_message,DATA/01070401.MDZ,DATA/01070401.MDT,0x00740000,01070401,99,0x003f3f77,0x003f3f72,30 f0 3b f0 3a f0 e2 43 21 0d ff 00,ミランダ！、,미란다!,UNASSIGNED,ユウキ,"[{""offset"":-5,""raw_hex"":""02 0e 00 07 00"",""kind"":""MESSAGE_HEADER"",""opcode"":2,""argument"":7},{""offset"":9,""raw_hex"":""0d ff 00"",""kind"":""MESSAGE_END""}]",REVIEW_1,NO,CHARACTER_GUIDE v0.1 적용. context-v1 복원 원문 1차 번역.,SUPPORTED: structured scenario command; header FACE slot maps to face_yuuki_08; runtime display not yet checked. PROVEN: byte-identical source command exists at the same path and offsets on Disc 2. SUPPORTED: context-v1 glyph 복원; 런타임 원문 검증 전. TERM: 버스피어·파스·도박장.,ミランダ！<G0001>,SUPPORTED,0001,NONE,
SCN_01070401_00740000_0101,SCENARIO,scenario_message,DATA/01070401.MDZ,DATA/01070401.MDT,0x00740000,01070401,100,0x003f3f92,0x003f3f8d,9c e4 21 9c 9d ba 08 bf f5 77 ab f3 8a 94 b5 95 98 46 46 0d ff 00,"なッ、なによ
怖い顔しちゃって……","뭐, 뭐야
무서운 얼굴을 하고……",UNASSIGNED,アロンソ,"[{""offset"":-5,""raw_hex"":""22 0e 00 22 00"",""kind"":""MESSAGE_HEADER"",""opcode"":34,""argument"":34},{""offset"":6,""raw_hex"":""08"",""kind"":""LINE_BREAK""},{""offset"":19,""raw_hex"":""0d ff 00"",""kind"":""MESSAGE_END""}]",REVIEW_1,NO,CHARACTER_GUIDE v0.1 적용. context-v1 복원 원문 1차 번역.,SUPPORTED: structured scenario command; header FACE slot maps to face_alonso_01; runtime display not yet checked. PROVEN: byte-identical source command exists at the same path and offsets on Disc 2. SUPPORTED: context-v1 glyph 복원; 런타임 원문 검증 전. TERM: 버스피어·파스·도박장.,"なッ<G0001>なによ
怖い<G03CB>しちゃって<G0026><G0026>",SUPPORTED,"0001,0026,03CB",NONE,
SCN_01070401_00740000_0102,SCENARIO,scenario_message,DATA/01070401.MDZ,DATA/01070401.MDT,0x00740000,01070401,101,0x003f3fb7,0x003f3fb2,79 f2 9d de f4 a0 86 9a 64 f0 8a 92 bc 8a 98 08 9c c2 7e 46 46 29 f0 3a f0 93 ba 0d ff 00,"急に昔のこと話したりして
なんか……ヘンだよ","갑자기 옛날 얘기를 하기도 하고
뭔가…… 이상해.",UNASSIGNED,アルフィナ,"[{""offset"":-5,""raw_hex"":""02 0e 00 0c 00"",""kind"":""MESSAGE_HEADER"",""opcode"":2,""argument"":12},{""offset"":15,""raw_hex"":""08"",""kind"":""LINE_BREAK""},{""offset"":27,""raw_hex"":""0d ff 00"",""kind"":""MESSAGE_END""}]",REVIEW_1,NO,CHARACTER_GUIDE v0.1 적용. context-v1 복원 원문 1차 번역.,SUPPORTED: structured scenario command; header FACE slot maps to face_alfina_01; runtime display not yet checked. PROVEN: byte-identical source command exists at the same path and offsets on Disc 2. SUPPORTED: context-v1 glyph 복원; 런타임 원문 검증 전. TERM: 버스피어·파스·도박장.,"急に<G04CE>のこと<G0114>したりして
なんか<G0026><G0026>ヘンだよ",SUPPORTED,"0026,0114,04CE",NONE,
SCN_01070401_00740000_0103,SCENARIO,scenario_message,DATA/01070401.MDZ,DATA/01070401.MDT,0x00740000,01070401,102,0x003f3fe4,0x003f3fdf,90 21 90 c2 9c 86 9a 46 46 08 9c 77 c0 ba 46 46 0d ff 00,"そ、そんなこと……
ないわよ……","그, 그런 건……
아니야……",UNASSIGNED,アロンソ,"[{""offset"":-5,""raw_hex"":""22 0e 00 23 00"",""kind"":""MESSAGE_HEADER"",""opcode"":34,""argument"":35},{""offset"":9,""raw_hex"":""08"",""kind"":""LINE_BREAK""},{""offset"":16,""raw_hex"":""0d ff 00"",""kind"":""MESSAGE_END""}]",REVIEW_1,NO,CHARACTER_GUIDE v0.1 적용. context-v1 복원 원문 1차 번역.,SUPPORTED: structured scenario command; header FACE slot maps to face_alonso_02; runtime display not yet checked. PROVEN: byte-identical source command exists at the same path and offsets on Disc 2. SUPPORTED: context-v1 glyph 복원; 런타임 원문 검증 전. TERM: 버스피어·파스·도박장.,"そ<G0001>そんなこと<G0026><G0026>
ないわよ<G0026><G0026>",SUPPORTED,"0001,0026",NONE,
SCN_01070401_00740000_0104,SCENARIO,scenario_message,DATA/01070401.MDZ,DATA/01070401.MDT,0x00740000,01070401,103,0x003f402e,0x003f4029,dc f1 2d f1 21 7d 7e 8a 77 ba 08 4d f4 84 f2 a0 30 f0 3b f0 3a f0 e2 0d ff 00,"絶対、おかしいよ
あ日のミランダ","분명 이상해
오늘의 미란다는.",UNASSIGNED,ユウキ,"[{""offset"":-5,""raw_hex"":""02 0e 00 01 00"",""kind"":""MESSAGE_HEADER"",""opcode"":2,""argument"":1},{""offset"":10,""raw_hex"":""08"",""kind"":""LINE_BREAK""},{""offset"":23,""raw_hex"":""0d ff 00"",""kind"":""MESSAGE_END""}]",REVIEW_1,NO,CHARACTER_GUIDE v0.1 적용. context-v1 복원 원문 1차 번역.,SUPPORTED: structured scenario command; header FACE slot maps to face_yuuki_02; runtime display not yet checked. PROVEN: byte-identical source command exists at the same path and offsets on Disc 2. SUPPORTED: context-v1 glyph 복원; 런타임 원문 검증 전. TERM: 버스피어·파스·도박장.,"絶対<G0001>おかしいよ
<G043D><G02D4>のミランダ",SUPPORTED,"0001,02D4,043D",NONE,
SCN_01070401_00740000_0105,SCENARIO,scenario_message,DATA/01070401.MDZ,DATA/01070401.MDT,0x00740000,01070401,104,0x003f40bf,0x003f40ba,93 77 8b b9 79 a8 21 93 77 8b b9 79 a8 08 c4 3d f0 26 f0 c5 eb a1 9e f1 a4 f1 8a 98 08 a1 f0 98 98 82 be be a2 77 77 7e bb 0d ff 00,"だいじょうぶ、だいじょうぶ
アルフィナは安心して
見ててくれればいいから","괜찮아, 괜찮아
알피나는 안심하고
지켜보기만 하면 돼.",UNASSIGNED,ユウキ,"[{""offset"":-5,""raw_hex"":""02 0e 00 02 00"",""kind"":""MESSAGE_HEADER"",""opcode"":2,""argument"":2},{""offset"":13,""raw_hex"":""08"",""kind"":""LINE_BREAK""},{""offset"":28,""raw_hex"":""08"",""kind"":""LINE_BREAK""},{""offset"":41,""raw_hex"":""0d ff 00"",""kind"":""MESSAGE_END""}]",REVIEW_1,NO,CHARACTER_GUIDE v0.1 적용. context-v1 복원 원문 1차 번역.,SUPPORTED: structured scenario command; header FACE slot maps to face_yuuki_03; runtime display not yet checked. PROVEN: byte-identical source command exists at the same path and offsets on Disc 2. SUPPORTED: context-v1 glyph 복원; 런타임 원문 검증 전. TERM: 버스피어·파스·도박장.,"だいじょうぶ<G0001>だいじょうぶ
アルフィナは<G021E>心して
見ててくれればいいから",SUPPORTED,"0001,021E",NONE,
SCN_01070401_00740000_0107,SCENARIO,scenario_message,DATA/01070401.MDZ,DATA/01070401.MDT,0x00740000,01070401,106,0x003f4249,0x003f4244,75 92 bc b0 7b 88 43 08 d9 36 f0 30 f0 e4 e9 9d 63 f0 7b 92 c2 93 8f 08 75 a0 d9 36 f0 30 f0 e4 e9 9d 43 0d ff 00,"あたりまえさ！
シュミットに会えたんだよ
あのシュミットに！","당연하지!
슈미트를 만났다고
그 슈미트를!",UNASSIGNED,ユウキ,"[{""offset"":-5,""raw_hex"":""02 0e 00 0a 00"",""kind"":""MESSAGE_HEADER"",""opcode"":2,""argument"":10},{""offset"":7,""raw_hex"":""08"",""kind"":""LINE_BREAK""},{""offset"":23,""raw_hex"":""08"",""kind"":""LINE_BREAK""},{""offset"":35,""raw_hex"":""0d ff 00"",""kind"":""MESSAGE_END""}]",REVIEW_1,NO,CHARACTER_GUIDE v0.1 적용. context-v1 복원 원문 1차 번역.,SUPPORTED: structured scenario command; header FACE slot maps to face_yuuki_11; runtime display not yet checked. PROVEN: byte-identical source command exists at the same path and offsets on Disc 2. SUPPORTED: context-v1 glyph 복원; 런타임 원문 검증 전. TERM: 버스피어·파스·도박장.,"あたりまえさ！
シュミットに<G0113>えたんだ<G006F>
あのシュミットに！",SUPPORTED,"006F,0113",NONE,
SCN_01070401_00740000_0108,SCENARIO,scenario_message,DATA/01070401.MDZ,DATA/01070401.MDT,0x00740000,01070401,107,0x003f42d1,0x003f42cc,75 75 21 3c f2 a0 a7 f0 a0 9c f0 92 f0 93 ba 08 77 b0 a1 b0 93 46 46 9f 0d ff 00,"ああ、雲の上の存在だよ
いまはまだ……ね","그래, 아직은
구름 위의 존재지……",UNASSIGNED,ユウキ,"[{""offset"":-5,""raw_hex"":""02 0e 00 09 00"",""kind"":""MESSAGE_HEADER"",""opcode"":2,""argument"":9},{""offset"":15,""raw_hex"":""08"",""kind"":""LINE_BREAK""},{""offset"":24,""raw_hex"":""0d ff 00"",""kind"":""MESSAGE_END""}]",REVIEW_1,NO,CHARACTER_GUIDE v0.1 적용. context-v1 복원 원문 1차 번역.,SUPPORTED: structured scenario command; header FACE slot maps to face_yuuki_10; runtime display not yet checked. PROVEN: byte-identical source command exists at the same path and offsets on Disc 2. SUPPORTED: context-v1 glyph 복원; 런타임 원문 검증 전. TERM: 버스피어·파스·도박장.,"ああ<G0001>雲の上の<G014C><G0142>だよ
いまはまだ<G0026><G0026>ね",SUPPORTED,"0001,0026",SUPPORTED,"0142,014C"
SCN_01070401_00740000_0109,SCENARIO,scenario_message,DATA/01070401.MDZ,DATA/01070401.MDT,0x00740000,01070401,108,0x003f42fb,0x003f42f6,99 b4 21 80 95 9a 08 bb f2 77 86 8a 98 b1 8e bd 95 43 08 77 96 7e 21 6c f0 8d 46 46 43 0d ff 00,"でも、きっと
追いこしてみせるっ！
いつか、必ず……！","하지만 분명
추월하고 말 거야!
언젠가, 반드시……!",UNASSIGNED,ユウキ,"[{""offset"":-5,""raw_hex"":""02 0e 00 0a 00"",""kind"":""MESSAGE_HEADER"",""opcode"":2,""argument"":10},{""offset"":6,""raw_hex"":""08"",""kind"":""LINE_BREAK""},{""offset"":18,""raw_hex"":""08"",""kind"":""LINE_BREAK""},{""offset"":29,""raw_hex"":""0d ff 00"",""kind"":""MESSAGE_END""}]",REVIEW_1,NO,CHARACTER_GUIDE v0.1 적용. context-v1 복원 원문 1차 번역.,SUPPORTED: structured scenario command; header FACE slot maps to face_yuuki_11; runtime display not yet checked. PROVEN: byte-identical source command exists at the same path and offsets on Disc 2. SUPPORTED: context-v1 glyph 복원; 런타임 원문 검증 전. TERM: 버스피어·파스·도박장.,"でも<G0001>きっと
<G030B>いこしてみせるっ！
いつか<G0001><G011C>ず<G0026><G0026>！",SUPPORTED,"0001,0026,011C,030B",NONE,
SCN_01070401_00740000_0110,SCENARIO,scenario_message,DATA/01070401.MDZ,DATA/01070401.MDT,0x00740000,01070401,109,0x003f4354,0x003f434f,75 21 75 75 46 46 0d ff 00,あ、ああ……,"아, 아아……",UNASSIGNED,アルフィナ,"[{""offset"":-5,""raw_hex"":""02 0e 00 0c 00"",""kind"":""MESSAGE_HEADER"",""opcode"":2,""argument"":12},{""offset"":6,""raw_hex"":""0d ff 00"",""kind"":""MESSAGE_END""}]",REVIEW_1,NO,CHARACTER_GUIDE v0.1 적용. context-v1 복원 원문 1차 번역.,SUPPORTED: structured scenario command; header FACE slot maps to face_alfina_01; runtime display not yet checked. PROVEN: byte-identical source command exists at the same path and offsets on Disc 2. SUPPORTED: context-v1 glyph 복원; 런타임 원문 검증 전. TERM: 버스피어·파스·도박장.,あ<G0001>ああ<G0026><G0026>,SUPPORTED,"0001,0026",NONE,
SCN_01070401_00740000_0111,SCENARIO,scenario_message,DATA/01070401.MDZ,DATA/01070401.MDT,0x00740000,01070401,110,0x003f43b5,0x003f43b0,95 92 82 21 75 c2 92 7f 08 ba bf 86 a8 93 bf 79 9a a1 f1 95 98 08 50 f1 95 98 75 85 92 a0 9d d7 08 27 f0 e5 27 f0 e5 46 46 0d ff 00,"ったく、あんたが
よろこぶだろうと思って
作ってあげたのにサ
ブツブツ……","정말이지, 네가
기뻐할 줄 알고
만들어 줬는데 말이야
중얼중얼……",UNASSIGNED,アロンソ,"[{""offset"":-5,""raw_hex"":""22 0e 00 24 00"",""kind"":""MESSAGE_HEADER"",""opcode"":34,""argument"":36},{""offset"":8,""raw_hex"":""08"",""kind"":""LINE_BREAK""},{""offset"":21,""raw_hex"":""08"",""kind"":""LINE_BREAK""},{""offset"":32,""raw_hex"":""08"",""kind"":""LINE_BREAK""},{""offset"":41,""raw_hex"":""0d ff 00"",""kind"":""MESSAGE_END""}]",REVIEW_1,NO,CHARACTER_GUIDE v0.1 적용. context-v1 복원 원문 1차 번역.,SUPPORTED: structured scenario command; header FACE slot maps to face_alonso_03; runtime display not yet checked. PROVEN: byte-identical source command exists at the same path and offsets on Disc 2. SUPPORTED: context-v1 glyph 복원; 런타임 원문 검증 전. TERM: 버스피어·파스·도박장.,"ったく<G0001>あんたが
よろこぶだろうと思って
作ってあげたのにサ
ブツブツ<G0026><G0026>",SUPPORTED,"0001,0026",NONE,
SCN_01070401_00740000_0112,SCENARIO,scenario_message,DATA/01070401.MDZ,DATA/01070401.MDT,0x00740000,01070401,111,0x003f43f0,0x003f43eb,7e 21 9c f3 8b f4 8a 98 bd 95 98 a2 08 46 46 94 b9 95 9a a0 f1 bb f0 5b f0 93 84 9b 0d ff 00,"か、感謝してるってば
……ちょっと不気味だけど","고, 고맙다니까
……조금 무섭긴 하지만.",UNASSIGNED,ユウキ,"[{""offset"":-5,""raw_hex"":""02 0e 00 08 00"",""kind"":""MESSAGE_HEADER"",""opcode"":2,""argument"":8},{""offset"":12,""raw_hex"":""08"",""kind"":""LINE_BREAK""},{""offset"":28,""raw_hex"":""0d ff 00"",""kind"":""MESSAGE_END""}]",REVIEW_1,NO,CHARACTER_GUIDE v0.1 적용. context-v1 복원 원문 1차 번역.,SUPPORTED: structured scenario command; header FACE slot maps to face_yuuki_09; runtime display not yet checked. PROVEN: byte-identical source command exists at the same path and offsets on Disc 2. SUPPORTED: context-v1 glyph 복원; 런타임 원문 검증 전. TERM: 버스피어·파스·도박장.,"か<G0001>感<G047B>してるってば
<G0026><G0026>ちょっと不気味だけど",SUPPORTED,"0001,0026,047B",NONE,
SCN_01070401_00740000_0114,SCENARIO,scenario_message,DATA/01070401.MDZ,DATA/01070401.MDT,0x00740000,01070401,113,0x003f445a,0x003f4455,75 75 21 d9 f0 57 f6 8a 92 84 9b 9f 08 90 95 94 b4 9c c2 9a 7e 0d ff 00,"ああ、苦労したけどね
そっちもなんとか","그래, 고생은 했지만
너희 쪽도 어떻게든 됐네.",UNASSIGNED,ユウキ,"[{""offset"":-5,""raw_hex"":""02 0e 00 02 00"",""kind"":""MESSAGE_HEADER"",""opcode"":2,""argument"":2},{""offset"":12,""raw_hex"":""08"",""kind"":""LINE_BREAK""},{""offset"":21,""raw_hex"":""0d ff 00"",""kind"":""MESSAGE_END""}]",REVIEW_1,NO,CHARACTER_GUIDE v0.1 적용. context-v1 복원 원문 1차 번역.,SUPPORTED: structured scenario command; header FACE slot maps to face_yuuki_03; runtime display not yet checked. PROVEN: byte-identical source command exists at the same path and offsets on Disc 2. SUPPORTED: context-v1 glyph 복원; 런타임 원문 검증 전. TERM: 버스피어·파스·도박장.,"ああ<G0001>苦<G05E7>したけどね
そっちもなんとか",SUPPORTED,"0001,05E7",NONE,
SCN_01070401_00740000_0118,SCENARIO,scenario_message,DATA/01070401.MDZ,DATA/01070401.MDT,0x00740000,01070401,117,0x003f4572,0x003f456d,75 21 75 75 21 75 bc 7f 9a 79 46 46 0d ff 00,あ、ああ、ありがとう……,"아, 아아, 고마워……",UNASSIGNED,ユウキ,"[{""offset"":-5,""raw_hex"":""02 0e 00 01 00"",""kind"":""MESSAGE_HEADER"",""opcode"":2,""argument"":1},{""offset"":12,""raw_hex"":""0d ff 00"",""kind"":""MESSAGE_END""}]",REVIEW_1,NO,CHARACTER_GUIDE v0.1 적용. context-v1 복원 원문 1차 번역.,SUPPORTED: structured scenario command; header FACE slot maps to face_yuuki_02; runtime display not yet checked. PROVEN: byte-identical source command exists at the same path and offsets on Disc 2. SUPPORTED: context-v1 glyph 복원; 런타임 원문 검증 전. TERM: 버스피어·파스·도박장.,あ<G0001>ああ<G0001>ありがとう<G0026><G0026>,SUPPORTED,"0001,0026",NONE,
SCN_01070401_00740000_0119,SCENARIO,scenario_message,DATA/01070401.MDZ,DATA/01070401.MDT,0x00740000,01070401,118,0x003f45a1,0x003f459c,49 f1 42 f1 af f3 a0 86 9a 9d 9c bd 9a 08 7f f1 a0 80 f1 70 f0 7b 94 b5 95 98 46 46 08 90 c2 9c 9d 49 f1 a5 92 77 a0 21 75 c2 92 44 0d ff 00,"飛行機のことになると
目の色変えちゃって……
そんなに飛びたいの、あんた？","비행기 얘기만 나오면
눈빛이 달라진다니까……
그렇게 날고 싶은 거야, 너?",UNASSIGNED,ミランダ,"[{""offset"":-5,""raw_hex"":""22 0e 00 1d 00"",""kind"":""MESSAGE_HEADER"",""opcode"":34,""argument"":29},{""offset"":13,""raw_hex"":""08"",""kind"":""LINE_BREAK""},{""offset"":28,""raw_hex"":""08"",""kind"":""LINE_BREAK""},{""offset"":44,""raw_hex"":""0d ff 00"",""kind"":""MESSAGE_END""}]",REVIEW_1,NO,CHARACTER_GUIDE v0.1 적용. context-v1 복원 원문 1차 번역.,SUPPORTED: structured scenario command; header FACE slot maps to face_miranda_04; runtime display not yet checked. PROVEN: byte-identical source command exists at the same path and offsets on Disc 2. SUPPORTED: context-v1 glyph 복원; 런타임 원문 검증 전. TERM: 버스피어·파스·도박장.,"飛行機のことになると
<G01FF>の色変えちゃって<G0026><G0026>
そんなに飛びたいの<G0001>あんた？",SUPPORTED,"0001,0026,01FF",NONE,
SCN_01070401_00740000_0120,SCENARIO,scenario_message,DATA/01070401.MDZ,DATA/01070401.MDT,0x00740000,01070401,119,0x003f45df,0x003f45da,75 75 46 46 08 cc 3e f0 9d a1 3f f6 7f 6c f0 3d f6 9c c2 93 0d ff 00,"ああ……
オレには翼が必要なんだ","그래……
나에게는 날개가 필요해.",UNASSIGNED,ユウキ,"[{""offset"":-5,""raw_hex"":""02 0e 00 09 00"",""kind"":""MESSAGE_HEADER"",""opcode"":2,""argument"":9},{""offset"":4,""raw_hex"":""08"",""kind"":""LINE_BREAK""},{""offset"":20,""raw_hex"":""0d ff 00"",""kind"":""MESSAGE_END""}]",REVIEW_1,NO,CHARACTER_GUIDE v0.1 적용. context-v1 복원 원문 1차 번역.,SUPPORTED: structured scenario command; header FACE slot maps to face_yuuki_10; runtime display not yet checked. PROVEN: byte-identical source command exists at the same path and offsets on Disc 2. SUPPORTED: context-v1 glyph 복원; 런타임 원문 검증 전. TERM: 버스피어·파스·도박장.,"ああ<G0026><G0026>
オレには翼が<G011C><G05CD>なんだ",SUPPORTED,"0026,011C,05CD",NONE,
SCN_01070401_00740000_0121,SCENARIO,scenario_message,DATA/01070401.MDZ,DATA/01070401.MDT,0x00740000,01070401,120,0x003f4616,0x003f4611,ad bb 95 21 37 f0 c8 cf b4 08 9b c2 9b c2 c3 f4 ab 9c 88 77 ba 08 75 c2 92 a0 92 b3 9d 50 f1 95 92 c2 93 7e bb 0d ff 00,"ほらっ、ユウキも
どんどん食べなさいよ
あんたのために作ったんだから","자, 유키도
얼른 먹으렴
너를 위해 만든 거니까.",UNASSIGNED,ミランダ,"[{""offset"":-5,""raw_hex"":""22 0e 00 1f 00"",""kind"":""MESSAGE_HEADER"",""opcode"":34,""argument"":31},{""offset"":9,""raw_hex"":""08"",""kind"":""LINE_BREAK""},{""offset"":21,""raw_hex"":""08"",""kind"":""LINE_BREAK""},{""offset"":37,""raw_hex"":""0d ff 00"",""kind"":""MESSAGE_END""}]",REVIEW_1,NO,CHARACTER_GUIDE v0.1 적용. context-v1 복원 원문 1차 번역.,SUPPORTED: structured scenario command; header FACE slot maps to face_miranda_06; runtime display not yet checked. PROVEN: byte-identical source command exists at the same path and offsets on Disc 2. SUPPORTED: context-v1 glyph 복원; 런타임 원문 검증 전. TERM: 버스피어·파스·도박장.,"ほらっ<G0001>ユウキも
どんどん食べなさいよ
あんたのために作ったんだから",SUPPORTED,0001,NONE,
SCN_01070401_00740000_0122,SCENARIO,scenario_message,DATA/01070401.MDZ,DATA/01070401.MDT,0x00740000,01070401,121,0x003f464d,0x003f4648,cc 3e f0 a0 92 b3 9d 46 46 44 0d ff 00,オレのために……？,나를 위해서……?,UNASSIGNED,ユウキ,"[{""offset"":-5,""raw_hex"":""02 0e 00 01 00"",""kind"":""MESSAGE_HEADER"",""opcode"":2,""argument"":1},{""offset"":10,""raw_hex"":""0d ff 00"",""kind"":""MESSAGE_END""}]",REVIEW_1,NO,CHARACTER_GUIDE v0.1 적용. context-v1 복원 원문 1차 번역.,SUPPORTED: structured scenario command; header FACE slot maps to face_yuuki_02; runtime display not yet checked. PROVEN: byte-identical source command exists at the same path and offsets on Disc 2. SUPPORTED: context-v1 glyph 복원; 런타임 원문 검증 전. TERM: 버스피어·파스·도박장.,オレのために<G0026><G0026>？,SUPPORTED,0026,NONE,
SCN_01070401_00740000_0125,SCENARIO,scenario_message,DATA/01070401.MDZ,DATA/01070401.MDT,0x00740000,01070401,124,0x003f4727,0x003f4722,46 46 46 46 46 08 94 b9 95 9a 46 46 08 c8 f0 c1 9c 7f b3 98 82 bd 46 46 0d ff 00,"……………
ちょっと……
海をながめてくる……","……………
잠깐……
바다를 보고 올게……",UNASSIGNED,ユウキ,"[{""offset"":-5,""raw_hex"":""02 0e 00 05 00"",""kind"":""MESSAGE_HEADER"",""opcode"":2,""argument"":5},{""offset"":5,""raw_hex"":""08"",""kind"":""LINE_BREAK""},{""offset"":12,""raw_hex"":""08"",""kind"":""LINE_BREAK""},{""offset"":24,""raw_hex"":""0d ff 00"",""kind"":""MESSAGE_END""}]",REVIEW_1,NO,CHARACTER_GUIDE v0.1 적용. context-v1 복원 원문 1차 번역.,SUPPORTED: structured scenario command; header FACE slot maps to face_yuuki_06; runtime display not yet checked. PROVEN: byte-identical source command exists at the same path and offsets on Disc 2. SUPPORTED: context-v1 glyph 복원; 런타임 원문 검증 전. TERM: 버스피어·파스·도박장.,"<G0026><G0026><G0026><G0026><G0026>
ちょっと<G0026><G0026>
海をながめてくる<G0026><G0026>",SUPPORTED,0026,NONE,
SCN_01070401_00740000_0126,SCENARIO,scenario_message,DATA/01070401.MDZ,DATA/01070401.MDT,0x00740000,01070401,125,0x003f47a6,0x003f47a1,75 75 21 9c c2 9a 7e 9f 0d ff 00,ああ、なんとかね,"그래, 어떻게든.",UNASSIGNED,ユウキ,"[{""offset"":-5,""raw_hex"":""02 0e 00 02 00"",""kind"":""MESSAGE_HEADER"",""opcode"":2,""argument"":2},{""offset"":8,""raw_hex"":""0d ff 00"",""kind"":""MESSAGE_END""}]",REVIEW_1,NO,CHARACTER_GUIDE v0.1 적용. context-v1 복원 원문 1차 번역.,SUPPORTED: structured scenario command; header FACE slot maps to face_yuuki_03; runtime display not yet checked. PROVEN: byte-identical source command exists at the same path and offsets on Disc 2. SUPPORTED: context-v1 glyph 복원; 런타임 원문 검증 전. TERM: 버스피어·파스·도박장.,ああ<G0001>なんとかね,SUPPORTED,0001,NONE,
SCN_01070401_00740000_0128,SCENARIO,scenario_message,DATA/01070401.MDZ,DATA/01070401.MDT,0x00740000,01070401,127,0x003f489e,0x003f4899,75 75 21 3f f0 e4 e5 a1 cc 3e f0 a0 08 54 f1 d6 f1 a0 22 f0 47 e9 eb 47 88 0d ff 00,"ああ、ロッツはオレの
最高のパートナーさ","그래, 롯츠는 내
최고의 파트너야.",UNASSIGNED,ユウキ,"[{""offset"":-5,""raw_hex"":""02 0e 00 09 00"",""kind"":""MESSAGE_HEADER"",""opcode"":2,""argument"":9},{""offset"":12,""raw_hex"":""08"",""kind"":""LINE_BREAK""},{""offset"":25,""raw_hex"":""0d ff 00"",""kind"":""MESSAGE_END""}]",REVIEW_1,NO,CHARACTER_GUIDE v0.1 적용. context-v1 복원 원문 1차 번역.,SUPPORTED: structured scenario command; header FACE slot maps to face_yuuki_10; runtime display not yet checked. PROVEN: byte-identical source command exists at the same path and offsets on Disc 2. SUPPORTED: context-v1 glyph 복원; 런타임 원문 검증 전. TERM: 버스피어·파스·도박장.,"ああ<G0001>ロッツはオレの
<G01D4>高のパートナーさ",SUPPORTED,"0001,01D4",NONE,
SCN_01070401_00740000_0129,SCENARIO,scenario_message,DATA/01070401.MDZ,DATA/01070401.MDT,0x00740000,01070401,128,0x003f4916,0x003f4911,d9 36 f0 30 f0 e4 e9 a1 08 b4 f0 a1 50 f1 bb 9c 77 9a a1 f1 79 ba 08 92 a8 c2 46 46 0d ff 00,"シュミットは
船は作らないと思うよ
たぶん……","슈미트는
배는 만들지 않을 거야
아마도……",UNASSIGNED,ユウキ,"[{""offset"":-5,""raw_hex"":""02 0e 00 08 00"",""kind"":""MESSAGE_HEADER"",""opcode"":2,""argument"":8},{""offset"":8,""raw_hex"":""08"",""kind"":""LINE_BREAK""},{""offset"":22,""raw_hex"":""08"",""kind"":""LINE_BREAK""},{""offset"":28,""raw_hex"":""0d ff 00"",""kind"":""MESSAGE_END""}]",REVIEW_1,NO,CHARACTER_GUIDE v0.1 적용. context-v1 복원 원문 1차 번역.,SUPPORTED: structured scenario command; header FACE slot maps to face_yuuki_09; runtime display not yet checked. PROVEN: byte-identical source command exists at the same path and offsets on Disc 2. SUPPORTED: context-v1 glyph 복원; 런타임 원문 검증 전. TERM: 버스피어·파스·도박장.,"シュミットは
船は作らないと思うよ
たぶん<G0026><G0026>",SUPPORTED,0026,NONE,
SCN_01070401_00740000_0130,SCENARIO,scenario_message,DATA/01070401.MDZ,DATA/01070401.MDT,0x00740000,01070401,129,0x003f49f8,0x003f49f3,cc 3e f0 9a 30 f0 3b f0 3a f0 e2 a0 46 46 44 0d ff 00,オレとミランダの……？,나와 미란다의……?,UNASSIGNED,アルフィナ,"[{""offset"":-5,""raw_hex"":""02 0e 00 0c 00"",""kind"":""MESSAGE_HEADER"",""opcode"":2,""argument"":12},{""offset"":15,""raw_hex"":""0d ff 00"",""kind"":""MESSAGE_END""}]",REVIEW_1,NO,CHARACTER_GUIDE v0.1 적용. context-v1 복원 원문 1차 번역.,SUPPORTED: structured scenario command; header FACE slot maps to face_alfina_01; runtime display not yet checked. PROVEN: byte-identical source command exists at the same path and offsets on Disc 2. SUPPORTED: context-v1 glyph 복원; 런타임 원문 검증 전. TERM: 버스피어·파스·도박장.,オレとミランダの<G0026><G0026>？,SUPPORTED,0026,NONE,
SCN_01070401_00740000_0132,SCENARIO,scenario_message,DATA/01070401.MDZ,DATA/01070401.MDT,0x00740000,01070401,131,0x003f4a6c,0x003f4a67,b0 93 21 df f0 8c 81 bd ba 43 08 90 79 93 9c 21 b4 79 d1 e1 d1 e1 46 46 0d ff 00,"まだ、早すぎるよ！
そうだな、もうクタクタ……","아직 너무 일러!
그렇네, 이제 완전히 지쳤어……",UNASSIGNED,ユウキ,"[{""offset"":-5,""raw_hex"":""02 0e 00 01 00"",""kind"":""MESSAGE_HEADER"",""opcode"":2,""argument"":1},{""offset"":10,""raw_hex"":""08"",""kind"":""LINE_BREAK""},{""offset"":24,""raw_hex"":""0d ff 00"",""kind"":""MESSAGE_END""}]",REVIEW_1,NO,CHARACTER_GUIDE v0.1 적용. context-v1 복원 원문 1차 번역.,SUPPORTED: structured scenario command; header FACE slot maps to face_yuuki_02; runtime display not yet checked. PROVEN: byte-identical source command exists at the same path and offsets on Disc 2. SUPPORTED: context-v1 glyph 복원; 런타임 원문 검증 전. TERM: 버스피어·파스·도박장.,"まだ<G0001>早すぎるよ！
そうだな<G0001>もうクタクタ<G0026><G0026>",SUPPORTED,"0001,0026",NONE,
SCN_01070401_00740000_0141,SCENARIO,scenario_message,DATA/01070401.MDZ,DATA/01070401.MDT,0x00740000,01070401,140,0x003f4d44,0x003f4d3f,b4 79 a6 f0 8a b4 f0 c1 a1 f0 92 77 c2 93 08 79 c2 21 90 79 8c bd ba 0d ff 00,"もう少し船を見たいんだ
うん、そうするよ","배를 조금 더 보고 싶어
응, 그럴게.",UNASSIGNED,ユウキ,"[{""offset"":-5,""raw_hex"":""02 0e 00 01 00"",""kind"":""MESSAGE_HEADER"",""opcode"":2,""argument"":1},{""offset"":14,""raw_hex"":""08"",""kind"":""LINE_BREAK""},{""offset"":23,""raw_hex"":""0d ff 00"",""kind"":""MESSAGE_END""}]",REVIEW_1,NO,CHARACTER_GUIDE v0.1 적용. context-v1 복원 원문 1차 번역.,SUPPORTED: structured scenario command; header FACE slot maps to face_yuuki_02; runtime display not yet checked. PROVEN: byte-identical source command exists at the same path and offsets on Disc 2. SUPPORTED: context-v1 glyph 복원; 런타임 원문 검증 전. TERM: 버스피어·파스·도박장.,"もう少し船を見たいんだ
うん<G0001>そうするよ",SUPPORTED,0001,NONE,
SCN_01070401_00740000_0146,SCENARIO,scenario_message,DATA/01070401.MDZ,DATA/01070401.MDT,0x00740000,01070401,145,0x003f4ec0,0x003f4ebb,b4 79 a6 f0 8a 44 f4 7b 98 b1 bd 08 79 c2 21 90 79 8c bd ba 0d ff 00,"もう少し考えてみる
うん、そうするよ","조금 더 생각해 볼게
응, 그럴게.",UNASSIGNED,ユウキ,"[{""offset"":-5,""raw_hex"":""02 0e 00 01 00"",""kind"":""MESSAGE_HEADER"",""opcode"":2,""argument"":1},{""offset"":11,""raw_hex"":""08"",""kind"":""LINE_BREAK""},{""offset"":20,""raw_hex"":""0d ff 00"",""kind"":""MESSAGE_END""}]",REVIEW_1,NO,CHARACTER_GUIDE v0.1 적용. context-v1 복원 원문 1차 번역.,SUPPORTED: structured scenario command; header FACE slot maps to face_yuuki_02; runtime display not yet checked. PROVEN: byte-identical source command exists at the same path and offsets on Disc 2. SUPPORTED: context-v1 glyph 복원; 런타임 원문 검증 전. TERM: 버스피어·파스·도박장.,"もう少し考えてみる
うん<G0001>そうするよ",SUPPORTED,0001,NONE,
SCN_01080701_00740000_0092,SCENARIO,scenario_message,DATA/01080701.MDZ,DATA/01080701.MDT,0x00740000,01080701,91,0x002c6da6,0x002c6da1,99 b4 88 21 cc 3e f0 a0 e1 f4 ec f3 cc f4 08 d9 36 f0 30 f0 e4 e9 9d 2c f0 32 f0 bb be 92 c2 93 8f 08 c4 f2 21 f5 a1 7d b4 8a bf 77 95 98 0d ff 00,"でもさ、オレの設計図
シュミットにホメられたんだよ
発思はおもしろいって","그런데 내 설계도를
슈미트가 칭찬해 줬어
발상이 재미있다고 하더라.",UNASSIGNED,ユウキ,"[{""offset"":-5,""raw_hex"":""02 0e 00 0a 00"",""kind"":""MESSAGE_HEADER"",""opcode"":2,""argument"":10},{""offset"":14,""raw_hex"":""08"",""kind"":""LINE_BREAK""},{""offset"":33,""raw_hex"":""08"",""kind"":""LINE_BREAK""},{""offset"":46,""raw_hex"":""0d ff 00"",""kind"":""MESSAGE_END""}]",REVIEW_1,NO,CHARACTER_GUIDE v0.1 적용. context-v1 복원 원문 1차 번역.,SUPPORTED: structured scenario command; header FACE slot maps to face_yuuki_11; runtime display not yet checked. PROVEN: byte-identical source command exists at the same path and offsets on Disc 2. SUPPORTED: context-v1 glyph 복원; 런타임 원문 검증 전. TERM: 버스피어·파스·도박장.,"でもさ<G0001>オレの<G04D1><G040C><G04BC>
シュミットにホメられたんだ<G006F>
発<G04E1>はおもしろいって",SUPPORTED,"0001,006F,040C,04BC,04D1,04E1",NONE,
SCN_01080701_00740000_0094,SCENARIO,scenario_message,DATA/01080701.MDZ,DATA/01080701.MDT,0x00740000,01080701,93,0x002c6eaa,0x002c6ea5,90 79 93 08 94 b9 95 9a 77 77 7e 9c 21 30 f0 3b f0 3a f0 e2 08 62 f0 da f0 9c 64 f0 7f 75 bd c2 93 0d ff 00,"そうだ
ちょっといいかな、ミランダ
大事な話があるんだ","그래
잠깐 괜찮아, 미란다?
중요한 얘기가 있어.",UNASSIGNED,ユウキ,"[{""offset"":-5,""raw_hex"":""02 0e 00 01 00"",""kind"":""MESSAGE_HEADER"",""opcode"":2,""argument"":1},{""offset"":3,""raw_hex"":""08"",""kind"":""LINE_BREAK""},{""offset"":20,""raw_hex"":""08"",""kind"":""LINE_BREAK""},{""offset"":33,""raw_hex"":""0d ff 00"",""kind"":""MESSAGE_END""}]",REVIEW_1,NO,CHARACTER_GUIDE v0.1 적용. context-v1 복원 원문 1차 번역.,SUPPORTED: structured scenario command; header FACE slot maps to face_yuuki_02; runtime display not yet checked. PROVEN: byte-identical source command exists at the same path and offsets on Disc 2. SUPPORTED: context-v1 glyph 복원; 런타임 원문 검증 전. TERM: 버스피어·파스·도박장.,"そうだ
ちょっといいかな<G0001>ミランダ
大事な<G0114>があるんだ",SUPPORTED,"0001,0114",NONE,
SCN_01080701_00740000_0096,SCENARIO,scenario_message,DATA/01080701.MDZ,DATA/01080701.MDT,0x00740000,01080701,95,0x002c6f9f,0x002c6f9a,9b 21 9b 79 21 c4 3d f0 26 f0 c5 eb 42 08 4d f4 84 f2 a0 49 f6 44 f6 7d 77 8a 77 44 0d ff 00,"ど、どう、アルフィナ？
あ日の料理おいしい？","어, 어때, 알피나?
오늘 요리 맛있어?",UNASSIGNED,アロンソ,"[{""offset"":-5,""raw_hex"":""22 0e 00 22 00"",""kind"":""MESSAGE_HEADER"",""opcode"":34,""argument"":34},{""offset"":13,""raw_hex"":""08"",""kind"":""LINE_BREAK""},{""offset"":28,""raw_hex"":""0d ff 00"",""kind"":""MESSAGE_END""}]",REVIEW_1,NO,CHARACTER_GUIDE v0.1 적용. context-v1 복원 원문 1차 번역.,SUPPORTED: structured scenario command; header FACE slot maps to face_alonso_01; runtime display not yet checked. PROVEN: byte-identical source command exists at the same path and offsets on Disc 2. SUPPORTED: context-v1 glyph 복원; 런타임 원문 검증 전. TERM: 버스피어·파스·도박장.,"ど<G0001>どう<G0001>アルフィナ<G0022>
<G043D><G02D4>の<G05D9><G05D4>おいしい？",SUPPORTED,"0001,0022,02D4,043D,05D4,05D9",NONE,
SCN_01080701_00740000_0097,SCENARIO,scenario_message,DATA/01080701.MDZ,DATA/01080701.MDT,0x00740000,01080701,96,0x002c6ff3,0x002c6fee,90 79 21 ba 7e 95 92 43 08 9b c2 9b c2 7d 7e c0 bc 8a 98 9f 95 43 0d ff 00,"そう、よかった！
どんどんおかわりしてねっ！","그래, 다행이다!
마음껏 더 먹으렴!",UNASSIGNED,ミランダ,"[{""offset"":-5,""raw_hex"":""22 0e 00 1f 00"",""kind"":""MESSAGE_HEADER"",""opcode"":34,""argument"":31},{""offset"":8,""raw_hex"":""08"",""kind"":""LINE_BREAK""},{""offset"":22,""raw_hex"":""0d ff 00"",""kind"":""MESSAGE_END""}]",REVIEW_1,NO,CHARACTER_GUIDE v0.1 적용. context-v1 복원 원문 1차 번역.,SUPPORTED: structured scenario command; header FACE slot maps to face_miranda_06; runtime display not yet checked. PROVEN: byte-identical source command exists at the same path and offsets on Disc 2. SUPPORTED: context-v1 glyph 복원; 런타임 원문 검증 전. TERM: 버스피어·파스·도박장.,"そう<G0001>よかった！
どんどんおかわりしてねっ！",SUPPORTED,0001,NONE,
SCN_01080701_00740000_0100,SCENARIO,scenario_message,DATA/01080701.MDZ,DATA/01080701.MDT,0x00740000,01080701,99,0x002c70f7,0x002c70f2,30 f0 3b f0 3a f0 e2 43 21 0d ff 00,ミランダ！、,미란다!,UNASSIGNED,ユウキ,"[{""offset"":-5,""raw_hex"":""02 0e 00 07 00"",""kind"":""MESSAGE_HEADER"",""opcode"":2,""argument"":7},{""offset"":9,""raw_hex"":""0d ff 00"",""kind"":""MESSAGE_END""}]",REVIEW_1,NO,CHARACTER_GUIDE v0.1 적용. context-v1 복원 원문 1차 번역.,SUPPORTED: structured scenario command; header FACE slot maps to face_yuuki_08; runtime display not yet checked. PROVEN: byte-identical source command exists at the same path and offsets on Disc 2. SUPPORTED: context-v1 glyph 복원; 런타임 원문 검증 전. TERM: 버스피어·파스·도박장.,ミランダ！<G0001>,SUPPORTED,0001,NONE,
SCN_01080701_00740000_0101,SCENARIO,scenario_message,DATA/01080701.MDZ,DATA/01080701.MDT,0x00740000,01080701,100,0x002c7112,0x002c710d,9c e4 21 9c 9d ba 08 bf f5 77 ab f3 8a 94 b5 95 98 46 46 0d ff 00,"なッ、なによ
怖い顔しちゃって……","뭐, 뭐야
무서운 얼굴을 하고……",UNASSIGNED,アロンソ,"[{""offset"":-5,""raw_hex"":""22 0e 00 22 00"",""kind"":""MESSAGE_HEADER"",""opcode"":34,""argument"":34},{""offset"":6,""raw_hex"":""08"",""kind"":""LINE_BREAK""},{""offset"":19,""raw_hex"":""0d ff 00"",""kind"":""MESSAGE_END""}]",REVIEW_1,NO,CHARACTER_GUIDE v0.1 적용. context-v1 복원 원문 1차 번역.,SUPPORTED: structured scenario command; header FACE slot maps to face_alonso_01; runtime display not yet checked. PROVEN: byte-identical source command exists at the same path and offsets on Disc 2. SUPPORTED: context-v1 glyph 복원; 런타임 원문 검증 전. TERM: 버스피어·파스·도박장.,"なッ<G0001>なによ
怖い<G03CB>しちゃって<G0026><G0026>",SUPPORTED,"0001,0026,03CB",NONE,
SCN_01080701_00740000_0102,SCENARIO,scenario_message,DATA/01080701.MDZ,DATA/01080701.MDT,0x00740000,01080701,101,0x002c7137,0x002c7132,79 f2 9d de f4 a0 86 9a 64 f0 8a 92 bc 8a 98 08 9c c2 7e 46 46 29 f0 3a f0 93 ba 0d ff 00,"急に昔のこと話したりして
なんか……ヘンだよ","갑자기 옛날 얘기를 하기도 하고
뭔가…… 이상해.",UNASSIGNED,アルフィナ,"[{""offset"":-5,""raw_hex"":""02 0e 00 0c 00"",""kind"":""MESSAGE_HEADER"",""opcode"":2,""argument"":12},{""offset"":15,""raw_hex"":""08"",""kind"":""LINE_BREAK""},{""offset"":27,""raw_hex"":""0d ff 00"",""kind"":""MESSAGE_END""}]",REVIEW_1,NO,CHARACTER_GUIDE v0.1 적용. context-v1 복원 원문 1차 번역.,SUPPORTED: structured scenario command; header FACE slot maps to face_alfina_01; runtime display not yet checked. PROVEN: byte-identical source command exists at the same path and offsets on Disc 2. SUPPORTED: context-v1 glyph 복원; 런타임 원문 검증 전. TERM: 버스피어·파스·도박장.,"急に<G04CE>のこと<G0114>したりして
なんか<G0026><G0026>ヘンだよ",SUPPORTED,"0026,0114,04CE",NONE,
SCN_01080701_00740000_0103,SCENARIO,scenario_message,DATA/01080701.MDZ,DATA/01080701.MDT,0x00740000,01080701,102,0x002c7164,0x002c715f,90 21 90 c2 9c 86 9a 46 46 08 9c 77 c0 ba 46 46 0d ff 00,"そ、そんなこと……
ないわよ……","그, 그런 건……
아니야……",UNASSIGNED,アロンソ,"[{""offset"":-5,""raw_hex"":""22 0e 00 23 00"",""kind"":""MESSAGE_HEADER"",""opcode"":34,""argument"":35},{""offset"":9,""raw_hex"":""08"",""kind"":""LINE_BREAK""},{""offset"":16,""raw_hex"":""0d ff 00"",""kind"":""MESSAGE_END""}]",REVIEW_1,NO,CHARACTER_GUIDE v0.1 적용. context-v1 복원 원문 1차 번역.,SUPPORTED: structured scenario command; header FACE slot maps to face_alonso_02; runtime display not yet checked. PROVEN: byte-identical source command exists at the same path and offsets on Disc 2. SUPPORTED: context-v1 glyph 복원; 런타임 원문 검증 전. TERM: 버스피어·파스·도박장.,"そ<G0001>そんなこと<G0026><G0026>
ないわよ<G0026><G0026>",SUPPORTED,"0001,0026",NONE,
SCN_01080701_00740000_0104,SCENARIO,scenario_message,DATA/01080701.MDZ,DATA/01080701.MDT,0x00740000,01080701,103,0x002c71ae,0x002c71a9,dc f1 2d f1 21 7d 7e 8a 77 ba 08 4d f4 84 f2 a0 30 f0 3b f0 3a f0 e2 0d ff 00,"絶対、おかしいよ
あ日のミランダ","분명 이상해
오늘의 미란다는.",UNASSIGNED,ユウキ,"[{""offset"":-5,""raw_hex"":""02 0e 00 01 00"",""kind"":""MESSAGE_HEADER"",""opcode"":2,""argument"":1},{""offset"":10,""raw_hex"":""08"",""kind"":""LINE_BREAK""},{""offset"":23,""raw_hex"":""0d ff 00"",""kind"":""MESSAGE_END""}]",REVIEW_1,NO,CHARACTER_GUIDE v0.1 적용. context-v1 복원 원문 1차 번역.,SUPPORTED: structured scenario command; header FACE slot maps to face_yuuki_02; runtime display not yet checked. PROVEN: byte-identical source command exists at the same path and offsets on Disc 2. SUPPORTED: context-v1 glyph 복원; 런타임 원문 검증 전. TERM: 버스피어·파스·도박장.,"絶対<G0001>おかしいよ
<G043D><G02D4>のミランダ",SUPPORTED,"0001,02D4,043D",NONE,
SCN_01080701_00740000_0105,SCENARIO,scenario_message,DATA/01080701.MDZ,DATA/01080701.MDT,0x00740000,01080701,104,0x002c723f,0x002c723a,93 77 8b b9 79 a8 21 93 77 8b b9 79 a8 08 c4 3d f0 26 f0 c5 eb a1 9e f1 a4 f1 8a 98 08 a1 f0 98 98 82 be be a2 77 77 7e bb 0d ff 00,"だいじょうぶ、だいじょうぶ
アルフィナは安心して
見ててくれればいいから","괜찮아, 괜찮아
알피나는 안심하고
지켜보기만 하면 돼.",UNASSIGNED,ユウキ,"[{""offset"":-5,""raw_hex"":""02 0e 00 02 00"",""kind"":""MESSAGE_HEADER"",""opcode"":2,""argument"":2},{""offset"":13,""raw_hex"":""08"",""kind"":""LINE_BREAK""},{""offset"":28,""raw_hex"":""08"",""kind"":""LINE_BREAK""},{""offset"":41,""raw_hex"":""0d ff 00"",""kind"":""MESSAGE_END""}]",REVIEW_1,NO,CHARACTER_GUIDE v0.1 적용. context-v1 복원 원문 1차 번역.,SUPPORTED: structured scenario command; header FACE slot maps to face_yuuki_03; runtime display not yet checked. PROVEN: byte-identical source command exists at the same path and offsets on Disc 2. SUPPORTED: context-v1 glyph 복원; 런타임 원문 검증 전. TERM: 버스피어·파스·도박장.,"だいじょうぶ<G0001>だいじょうぶ
アルフィナは<G021E>心して
見ててくれればいいから",SUPPORTED,"0001,021E",NONE,
SCN_01080701_00740000_0107,SCENARIO,scenario_message,DATA/01080701.MDZ,DATA/01080701.MDT,0x00740000,01080701,106,0x002c73c9,0x002c73c4,75 92 bc b0 7b 88 43 08 d9 36 f0 30 f0 e4 e9 9d 63 f0 7b 92 c2 93 8f 08 75 a0 d9 36 f0 30 f0 e4 e9 9d 43 0d ff 00,"あたりまえさ！
シュミットに会えたんだよ
あのシュミットに！","당연하지!
슈미트를 만났다고
그 슈미트를!",UNASSIGNED,ユウキ,"[{""offset"":-5,""raw_hex"":""02 0e 00 0a 00"",""kind"":""MESSAGE_HEADER"",""opcode"":2,""argument"":10},{""offset"":7,""raw_hex"":""08"",""kind"":""LINE_BREAK""},{""offset"":23,""raw_hex"":""08"",""kind"":""LINE_BREAK""},{""offset"":35,""raw_hex"":""0d ff 00"",""kind"":""MESSAGE_END""}]",REVIEW_1,NO,CHARACTER_GUIDE v0.1 적용. context-v1 복원 원문 1차 번역.,SUPPORTED: structured scenario command; header FACE slot maps to face_yuuki_11; runtime display not yet checked. PROVEN: byte-identical source command exists at the same path and offsets on Disc 2. SUPPORTED: context-v1 glyph 복원; 런타임 원문 검증 전. TERM: 버스피어·파스·도박장.,"あたりまえさ！
シュミットに<G0113>えたんだ<G006F>
あのシュミットに！",SUPPORTED,"006F,0113",NONE,
SCN_01080701_00740000_0108,SCENARIO,scenario_message,DATA/01080701.MDZ,DATA/01080701.MDT,0x00740000,01080701,107,0x002c7451,0x002c744c,75 75 21 3c f2 a0 a7 f0 a0 9c f0 92 f0 93 ba 08 77 b0 a1 b0 93 46 46 9f 0d ff 00,"ああ、雲の上の存在だよ
いまはまだ……ね","그래, 아직은
구름 위의 존재지……",UNASSIGNED,ユウキ,"[{""offset"":-5,""raw_hex"":""02 0e 00 09 00"",""kind"":""MESSAGE_HEADER"",""opcode"":2,""argument"":9},{""offset"":15,""raw_hex"":""08"",""kind"":""LINE_BREAK""},{""offset"":24,""raw_hex"":""0d ff 00"",""kind"":""MESSAGE_END""}]",REVIEW_1,NO,CHARACTER_GUIDE v0.1 적용. context-v1 복원 원문 1차 번역.,SUPPORTED: structured scenario command; header FACE slot maps to face_yuuki_10; runtime display not yet checked. PROVEN: byte-identical source command exists at the same path and offsets on Disc 2. SUPPORTED: context-v1 glyph 복원; 런타임 원문 검증 전. TERM: 버스피어·파스·도박장.,"ああ<G0001>雲の上の<G014C><G0142>だよ
いまはまだ<G0026><G0026>ね",SUPPORTED,"0001,0026",SUPPORTED,"0142,014C"
SCN_01080701_00740000_0109,SCENARIO,scenario_message,DATA/01080701.MDZ,DATA/01080701.MDT,0x00740000,01080701,108,0x002c747b,0x002c7476,99 b4 21 80 95 9a 08 bb f2 77 86 8a 98 b1 8e bd 95 43 08 77 96 7e 21 6c f0 8d 46 46 43 0d ff 00,"でも、きっと
追いこしてみせるっ！
いつか、必ず……！","하지만 분명
추월하고 말 거야!
언젠가, 반드시……!",UNASSIGNED,ユウキ,"[{""offset"":-5,""raw_hex"":""02 0e 00 0a 00"",""kind"":""MESSAGE_HEADER"",""opcode"":2,""argument"":10},{""offset"":6,""raw_hex"":""08"",""kind"":""LINE_BREAK""},{""offset"":18,""raw_hex"":""08"",""kind"":""LINE_BREAK""},{""offset"":29,""raw_hex"":""0d ff 00"",""kind"":""MESSAGE_END""}]",REVIEW_1,NO,CHARACTER_GUIDE v0.1 적용. context-v1 복원 원문 1차 번역.,SUPPORTED: structured scenario command; header FACE slot maps to face_yuuki_11; runtime display not yet checked. PROVEN: byte-identical source command exists at the same path and offsets on Disc 2. SUPPORTED: context-v1 glyph 복원; 런타임 원문 검증 전. TERM: 버스피어·파스·도박장.,"でも<G0001>きっと
<G030B>いこしてみせるっ！
いつか<G0001><G011C>ず<G0026><G0026>！",SUPPORTED,"0001,0026,011C,030B",NONE,
SCN_01080701_00740000_0110,SCENARIO,scenario_message,DATA/01080701.MDZ,DATA/01080701.MDT,0x00740000,01080701,109,0x002c74d4,0x002c74cf,75 21 75 75 46 46 0d ff 00,あ、ああ……,"아, 아아……",UNASSIGNED,アルフィナ,"[{""offset"":-5,""raw_hex"":""02 0e 00 0c 00"",""kind"":""MESSAGE_HEADER"",""opcode"":2,""argument"":12},{""offset"":6,""raw_hex"":""0d ff 00"",""kind"":""MESSAGE_END""}]",REVIEW_1,NO,CHARACTER_GUIDE v0.1 적용. context-v1 복원 원문 1차 번역.,SUPPORTED: structured scenario command; header FACE slot maps to face_alfina_01; runtime display not yet checked. PROVEN: byte-identical source command exists at the same path and offsets on Disc 2. SUPPORTED: context-v1 glyph 복원; 런타임 원문 검증 전. TERM: 버스피어·파스·도박장.,あ<G0001>ああ<G0026><G0026>,SUPPORTED,"0001,0026",NONE,
SCN_01080701_00740000_0111,SCENARIO,scenario_message,DATA/01080701.MDZ,DATA/01080701.MDT,0x00740000,01080701,110,0x002c7535,0x002c7530,95 92 82 21 75 c2 92 7f 08 ba bf 86 a8 93 bf 79 9a a1 f1 95 98 08 50 f1 95 98 75 85 92 a0 9d d7 08 27 f0 e5 27 f0 e5 46 46 0d ff 00,"ったく、あんたが
よろこぶだろうと思って
作ってあげたのにサ
ブツブツ……","정말이지, 네가
기뻐할 줄 알고
만들어 줬는데 말이야
중얼중얼……",UNASSIGNED,アロンソ,"[{""offset"":-5,""raw_hex"":""22 0e 00 24 00"",""kind"":""MESSAGE_HEADER"",""opcode"":34,""argument"":36},{""offset"":8,""raw_hex"":""08"",""kind"":""LINE_BREAK""},{""offset"":21,""raw_hex"":""08"",""kind"":""LINE_BREAK""},{""offset"":32,""raw_hex"":""08"",""kind"":""LINE_BREAK""},{""offset"":41,""raw_hex"":""0d ff 00"",""kind"":""MESSAGE_END""}]",REVIEW_1,NO,CHARACTER_GUIDE v0.1 적용. context-v1 복원 원문 1차 번역.,SUPPORTED: structured scenario command; header FACE slot maps to face_alonso_03; runtime display not yet checked. PROVEN: byte-identical source command exists at the same path and offsets on Disc 2. SUPPORTED: context-v1 glyph 복원; 런타임 원문 검증 전. TERM: 버스피어·파스·도박장.,"ったく<G0001>あんたが
よろこぶだろうと思って
作ってあげたのにサ
ブツブツ<G0026><G0026>",SUPPORTED,"0001,0026",NONE,
SCN_01080701_00740000_0112,SCENARIO,scenario_message,DATA/01080701.MDZ,DATA/01080701.MDT,0x00740000,01080701,111,0x002c7570,0x002c756b,7e 21 9c f3 8b f4 8a 98 bd 95 98 a2 08 46 46 94 b9 95 9a a0 f1 bb f0 5b f0 93 84 9b 0d ff 00,"か、感謝してるってば
……ちょっと不気味だけど","고, 고맙다니까
……조금 무섭긴 하지만.",UNASSIGNED,ユウキ,"[{""offset"":-5,""raw_hex"":""02 0e 00 08 00"",""kind"":""MESSAGE_HEADER"",""opcode"":2,""argument"":8},{""offset"":12,""raw_hex"":""08"",""kind"":""LINE_BREAK""},{""offset"":28,""raw_hex"":""0d ff 00"",""kind"":""MESSAGE_END""}]",REVIEW_1,NO,CHARACTER_GUIDE v0.1 적용. context-v1 복원 원문 1차 번역.,SUPPORTED: structured scenario command; header FACE slot maps to face_yuuki_09; runtime display not yet checked. PROVEN: byte-identical source command exists at the same path and offsets on Disc 2. SUPPORTED: context-v1 glyph 복원; 런타임 원문 검증 전. TERM: 버스피어·파스·도박장.,"か<G0001>感<G047B>してるってば
<G0026><G0026>ちょっと不気味だけど",SUPPORTED,"0001,0026,047B",NONE,
SCN_01080701_00740000_0114,SCENARIO,scenario_message,DATA/01080701.MDZ,DATA/01080701.MDT,0x00740000,01080701,113,0x002c75da,0x002c75d5,75 75 21 d9 f0 57 f6 8a 92 84 9b 9f 08 90 95 94 b4 9c c2 9a 7e 0d ff 00,"ああ、苦労したけどね
そっちもなんとか","그래, 고생은 했지만
너희 쪽도 어떻게든 됐네.",UNASSIGNED,ユウキ,"[{""offset"":-5,""raw_hex"":""02 0e 00 02 00"",""kind"":""MESSAGE_HEADER"",""opcode"":2,""argument"":2},{""offset"":12,""raw_hex"":""08"",""kind"":""LINE_BREAK""},{""offset"":21,""raw_hex"":""0d ff 00"",""kind"":""MESSAGE_END""}]",REVIEW_1,NO,CHARACTER_GUIDE v0.1 적용. context-v1 복원 원문 1차 번역.,SUPPORTED: structured scenario command; header FACE slot maps to face_yuuki_03; runtime display not yet checked. PROVEN: byte-identical source command exists at the same path and offsets on Disc 2. SUPPORTED: context-v1 glyph 복원; 런타임 원문 검증 전. TERM: 버스피어·파스·도박장.,"ああ<G0001>苦<G05E7>したけどね
そっちもなんとか",SUPPORTED,"0001,05E7",NONE,
SCN_01080701_00740000_0118,SCENARIO,scenario_message,DATA/01080701.MDZ,DATA/01080701.MDT,0x00740000,01080701,117,0x002c76f2,0x002c76ed,75 21 75 75 21 75 bc 7f 9a 79 46 46 0d ff 00,あ、ああ、ありがとう……,"아, 아아, 고마워……",UNASSIGNED,ユウキ,"[{""offset"":-5,""raw_hex"":""02 0e 00 01 00"",""kind"":""MESSAGE_HEADER"",""opcode"":2,""argument"":1},{""offset"":12,""raw_hex"":""0d ff 00"",""kind"":""MESSAGE_END""}]",REVIEW_1,NO,CHARACTER_GUIDE v0.1 적용. context-v1 복원 원문 1차 번역.,SUPPORTED: structured scenario command; header FACE slot maps to face_yuuki_02; runtime display not yet checked. PROVEN: byte-identical source command exists at the same path and offsets on Disc 2. SUPPORTED: context-v1 glyph 복원; 런타임 원문 검증 전. TERM: 버스피어·파스·도박장.,あ<G0001>ああ<G0001>ありがとう<G0026><G0026>,SUPPORTED,"0001,0026",NONE,
SCN_01080701_00740000_0119,SCENARIO,scenario_message,DATA/01080701.MDZ,DATA/01080701.MDT,0x00740000,01080701,118,0x002c7721,0x002c771c,49 f1 42 f1 af f3 a0 86 9a 9d 9c bd 9a 08 7f f1 a0 80 f1 70 f0 7b 94 b5 95 98 46 46 08 90 c2 9c 9d 49 f1 a5 92 77 a0 21 75 c2 92 44 0d ff 00,"飛行機のことになると
目の色変えちゃって……
そんなに飛びたいの、あんた？","비행기 얘기만 나오면
눈빛이 달라진다니까……
그렇게 날고 싶은 거야, 너?",UNASSIGNED,ミランダ,"[{""offset"":-5,""raw_hex"":""22 0e 00 1d 00"",""kind"":""MESSAGE_HEADER"",""opcode"":34,""argument"":29},{""offset"":13,""raw_hex"":""08"",""kind"":""LINE_BREAK""},{""offset"":28,""raw_hex"":""08"",""kind"":""LINE_BREAK""},{""offset"":44,""raw_hex"":""0d ff 00"",""kind"":""MESSAGE_END""}]",REVIEW_1,NO,CHARACTER_GUIDE v0.1 적용. context-v1 복원 원문 1차 번역.,SUPPORTED: structured scenario command; header FACE slot maps to face_miranda_04; runtime display not yet checked. PROVEN: byte-identical source command exists at the same path and offsets on Disc 2. SUPPORTED: context-v1 glyph 복원; 런타임 원문 검증 전. TERM: 버스피어·파스·도박장.,"飛行機のことになると
<G01FF>の色変えちゃって<G0026><G0026>
そんなに飛びたいの<G0001>あんた？",SUPPORTED,"0001,0026,01FF",NONE,
SCN_01080701_00740000_0120,SCENARIO,scenario_message,DATA/01080701.MDZ,DATA/01080701.MDT,0x00740000,01080701,119,0x002c775f,0x002c775a,75 75 46 46 08 cc 3e f0 9d a1 3f f6 7f 6c f0 3d f6 9c c2 93 0d ff 00,"ああ……
オレには翼が必要なんだ","그래……
나에게는 날개가 필요해.",UNASSIGNED,ユウキ,"[{""offset"":-5,""raw_hex"":""02 0e 00 09 00"",""kind"":""MESSAGE_HEADER"",""opcode"":2,""argument"":9},{""offset"":4,""raw_hex"":""08"",""kind"":""LINE_BREAK""},{""offset"":20,""raw_hex"":""0d ff 00"",""kind"":""MESSAGE_END""}]",REVIEW_1,NO,CHARACTER_GUIDE v0.1 적용. context-v1 복원 원문 1차 번역.,SUPPORTED: structured scenario command; header FACE slot maps to face_yuuki_10; runtime display not yet checked. PROVEN: byte-identical source command exists at the same path and offsets on Disc 2. SUPPORTED: context-v1 glyph 복원; 런타임 원문 검증 전. TERM: 버스피어·파스·도박장.,"ああ<G0026><G0026>
オレには翼が<G011C><G05CD>なんだ",SUPPORTED,"0026,011C,05CD",NONE,
SCN_01080701_00740000_0121,SCENARIO,scenario_message,DATA/01080701.MDZ,DATA/01080701.MDT,0x00740000,01080701,120,0x002c7796,0x002c7791,ad bb 95 21 37 f0 c8 cf b4 08 9b c2 9b c2 c3 f4 ab 9c 88 77 ba 08 75 c2 92 a0 92 b3 9d 50 f1 95 92 c2 93 7e bb 0d ff 00,"ほらっ、ユウキも
どんどん食べなさいよ
あんたのために作ったんだから","자, 유키도
얼른 먹으렴
너를 위해 만든 거니까.",UNASSIGNED,ミランダ,"[{""offset"":-5,""raw_hex"":""22 0e 00 1f 00"",""kind"":""MESSAGE_HEADER"",""opcode"":34,""argument"":31},{""offset"":9,""raw_hex"":""08"",""kind"":""LINE_BREAK""},{""offset"":21,""raw_hex"":""08"",""kind"":""LINE_BREAK""},{""offset"":37,""raw_hex"":""0d ff 00"",""kind"":""MESSAGE_END""}]",REVIEW_1,NO,CHARACTER_GUIDE v0.1 적용. context-v1 복원 원문 1차 번역.,SUPPORTED: structured scenario command; header FACE slot maps to face_miranda_06; runtime display not yet checked. PROVEN: byte-identical source command exists at the same path and offsets on Disc 2. SUPPORTED: context-v1 glyph 복원; 런타임 원문 검증 전. TERM: 버스피어·파스·도박장.,"ほらっ<G0001>ユウキも
どんどん食べなさいよ
あんたのために作ったんだから",SUPPORTED,0001,NONE,
SCN_01080701_00740000_0122,SCENARIO,scenario_message,DATA/01080701.MDZ,DATA/01080701.MDT,0x00740000,01080701,121,0x002c77cd,0x002c77c8,cc 3e f0 a0 92 b3 9d 46 46 44 0d ff 00,オレのために……？,나를 위해서……?,UNASSIGNED,ユウキ,"[{""offset"":-5,""raw_hex"":""02 0e 00 01 00"",""kind"":""MESSAGE_HEADER"",""opcode"":2,""argument"":1},{""offset"":10,""raw_hex"":""0d ff 00"",""kind"":""MESSAGE_END""}]",REVIEW_1,NO,CHARACTER_GUIDE v0.1 적용. context-v1 복원 원문 1차 번역.,SUPPORTED: structured scenario command; header FACE slot maps to face_yuuki_02; runtime display not yet checked. PROVEN: byte-identical source command exists at the same path and offsets on Disc 2. SUPPORTED: context-v1 glyph 복원; 런타임 원문 검증 전. TERM: 버스피어·파스·도박장.,オレのために<G0026><G0026>？,SUPPORTED,0026,NONE,
SCN_01080701_00740000_0125,SCENARIO,scenario_message,DATA/01080701.MDZ,DATA/01080701.MDT,0x00740000,01080701,124,0x002c78a7,0x002c78a2,46 46 46 46 46 08 94 b9 95 9a 46 46 08 c8 f0 c1 9c 7f b3 98 82 bd 46 46 0d ff 00,"……………
ちょっと……
海をながめてくる……","……………
잠깐……
바다를 보고 올게……",UNASSIGNED,ユウキ,"[{""offset"":-5,""raw_hex"":""02 0e 00 05 00"",""kind"":""MESSAGE_HEADER"",""opcode"":2,""argument"":5},{""offset"":5,""raw_hex"":""08"",""kind"":""LINE_BREAK""},{""offset"":12,""raw_hex"":""08"",""kind"":""LINE_BREAK""},{""offset"":24,""raw_hex"":""0d ff 00"",""kind"":""MESSAGE_END""}]",REVIEW_1,NO,CHARACTER_GUIDE v0.1 적용. context-v1 복원 원문 1차 번역.,SUPPORTED: structured scenario command; header FACE slot maps to face_yuuki_06; runtime display not yet checked. PROVEN: byte-identical source command exists at the same path and offsets on Disc 2. SUPPORTED: context-v1 glyph 복원; 런타임 원문 검증 전. TERM: 버스피어·파스·도박장.,"<G0026><G0026><G0026><G0026><G0026>
ちょっと<G0026><G0026>
海をながめてくる<G0026><G0026>",SUPPORTED,0026,NONE,
SCN_01080701_00740000_0126,SCENARIO,scenario_message,DATA/01080701.MDZ,DATA/01080701.MDT,0x00740000,01080701,125,0x002c7926,0x002c7921,75 75 21 9c c2 9a 7e 9f 0d ff 00,ああ、なんとかね,"그래, 어떻게든.",UNASSIGNED,ユウキ,"[{""offset"":-5,""raw_hex"":""02 0e 00 02 00"",""kind"":""MESSAGE_HEADER"",""opcode"":2,""argument"":2},{""offset"":8,""raw_hex"":""0d ff 00"",""kind"":""MESSAGE_END""}]",REVIEW_1,NO,CHARACTER_GUIDE v0.1 적용. context-v1 복원 원문 1차 번역.,SUPPORTED: structured scenario command; header FACE slot maps to face_yuuki_03; runtime display not yet checked. PROVEN: byte-identical source command exists at the same path and offsets on Disc 2. SUPPORTED: context-v1 glyph 복원; 런타임 원문 검증 전. TERM: 버스피어·파스·도박장.,ああ<G0001>なんとかね,SUPPORTED,0001,NONE,
SCN_01080701_00740000_0128,SCENARIO,scenario_message,DATA/01080701.MDZ,DATA/01080701.MDT,0x00740000,01080701,127,0x002c7a1e,0x002c7a19,75 75 21 3f f0 e4 e5 a1 cc 3e f0 a0 08 54 f1 d6 f1 a0 22 f0 47 e9 eb 47 88 0d ff 00,"ああ、ロッツはオレの
最高のパートナーさ","그래, 롯츠는 내
최고의 파트너야.",UNASSIGNED,ユウキ,"[{""offset"":-5,""raw_hex"":""02 0e 00 09 00"",""kind"":""MESSAGE_HEADER"",""opcode"":2,""argument"":9},{""offset"":12,""raw_hex"":""08"",""kind"":""LINE_BREAK""},{""offset"":25,""raw_hex"":""0d ff 00"",""kind"":""MESSAGE_END""}]",REVIEW_1,NO,CHARACTER_GUIDE v0.1 적용. context-v1 복원 원문 1차 번역.,SUPPORTED: structured scenario command; header FACE slot maps to face_yuuki_10; runtime display not yet checked. PROVEN: byte-identical source command exists at the same path and offsets on Disc 2. SUPPORTED: context-v1 glyph 복원; 런타임 원문 검증 전. TERM: 버스피어·파스·도박장.,"ああ<G0001>ロッツはオレの
<G01D4>高のパートナーさ",SUPPORTED,"0001,01D4",NONE,
SCN_01080701_00740000_0129,SCENARIO,scenario_message,DATA/01080701.MDZ,DATA/01080701.MDT,0x00740000,01080701,128,0x002c7a96,0x002c7a91,d9 36 f0 30 f0 e4 e9 a1 08 b4 f0 a1 50 f1 bb 9c 77 9a a1 f1 79 ba 08 92 a8 c2 46 46 0d ff 00,"シュミットは
船は作らないと思うよ
たぶん……","슈미트는
배는 만들지 않을 거야
아마도……",UNASSIGNED,ユウキ,"[{""offset"":-5,""raw_hex"":""02 0e 00 08 00"",""kind"":""MESSAGE_HEADER"",""opcode"":2,""argument"":8},{""offset"":8,""raw_hex"":""08"",""kind"":""LINE_BREAK""},{""offset"":22,""raw_hex"":""08"",""kind"":""LINE_BREAK""},{""offset"":28,""raw_hex"":""0d ff 00"",""kind"":""MESSAGE_END""}]",REVIEW_1,NO,CHARACTER_GUIDE v0.1 적용. context-v1 복원 원문 1차 번역.,SUPPORTED: structured scenario command; header FACE slot maps to face_yuuki_09; runtime display not yet checked. PROVEN: byte-identical source command exists at the same path and offsets on Disc 2. SUPPORTED: context-v1 glyph 복원; 런타임 원문 검증 전. TERM: 버스피어·파스·도박장.,"シュミットは
船は作らないと思うよ
たぶん<G0026><G0026>",SUPPORTED,0026,NONE,
SCN_01080701_00740000_0130,SCENARIO,scenario_message,DATA/01080701.MDZ,DATA/01080701.MDT,0x00740000,01080701,129,0x002c7b78,0x002c7b73,cc 3e f0 9a 30 f0 3b f0 3a f0 e2 a0 46 46 44 0d ff 00,オレとミランダの……？,나와 미란다의……?,UNASSIGNED,アルフィナ,"[{""offset"":-5,""raw_hex"":""02 0e 00 0c 00"",""kind"":""MESSAGE_HEADER"",""opcode"":2,""argument"":12},{""offset"":15,""raw_hex"":""0d ff 00"",""kind"":""MESSAGE_END""}]",REVIEW_1,NO,CHARACTER_GUIDE v0.1 적용. context-v1 복원 원문 1차 번역.,SUPPORTED: structured scenario command; header FACE slot maps to face_alfina_01; runtime display not yet checked. PROVEN: byte-identical source command exists at the same path and offsets on Disc 2. SUPPORTED: context-v1 glyph 복원; 런타임 원문 검증 전. TERM: 버스피어·파스·도박장.,オレとミランダの<G0026><G0026>？,SUPPORTED,0026,NONE,
SCN_01080701_00740000_0132,SCENARIO,scenario_message,DATA/01080701.MDZ,DATA/01080701.MDT,0x00740000,01080701,131,0x002c7bec,0x002c7be7,b0 93 21 df f0 8c 81 bd ba 43 08 90 79 93 9c 21 b4 79 d1 e1 d1 e1 46 46 0d ff 00,"まだ、早すぎるよ！
そうだな、もうクタクタ……","아직 너무 일러!
그렇네, 이제 완전히 지쳤어……",UNASSIGNED,ユウキ,"[{""offset"":-5,""raw_hex"":""02 0e 00 01 00"",""kind"":""MESSAGE_HEADER"",""opcode"":2,""argument"":1},{""offset"":10,""raw_hex"":""08"",""kind"":""LINE_BREAK""},{""offset"":24,""raw_hex"":""0d ff 00"",""kind"":""MESSAGE_END""}]",REVIEW_1,NO,CHARACTER_GUIDE v0.1 적용. context-v1 복원 원문 1차 번역.,SUPPORTED: structured scenario command; header FACE slot maps to face_yuuki_02; runtime display not yet checked. PROVEN: byte-identical source command exists at the same path and offsets on Disc 2. SUPPORTED: context-v1 glyph 복원; 런타임 원문 검증 전. TERM: 버스피어·파스·도박장.,"まだ<G0001>早すぎるよ！
そうだな<G0001>もうクタクタ<G0026><G0026>",SUPPORTED,"0001,0026",NONE,
SCN_01080701_00740000_0141,SCENARIO,scenario_message,DATA/01080701.MDZ,DATA/01080701.MDT,0x00740000,01080701,140,0x002c7ec4,0x002c7ebf,b4 79 a6 f0 8a b4 f0 c1 a1 f0 92 77 c2 93 08 79 c2 21 90 79 8c bd ba 0d ff 00,"もう少し船を見たいんだ
うん、そうするよ","배를 조금 더 보고 싶어
응, 그럴게.",UNASSIGNED,ユウキ,"[{""offset"":-5,""raw_hex"":""02 0e 00 01 00"",""kind"":""MESSAGE_HEADER"",""opcode"":2,""argument"":1},{""offset"":14,""raw_hex"":""08"",""kind"":""LINE_BREAK""},{""offset"":23,""raw_hex"":""0d ff 00"",""kind"":""MESSAGE_END""}]",REVIEW_1,NO,CHARACTER_GUIDE v0.1 적용. context-v1 복원 원문 1차 번역.,SUPPORTED: structured scenario command; header FACE slot maps to face_yuuki_02; runtime display not yet checked. PROVEN: byte-identical source command exists at the same path and offsets on Disc 2. SUPPORTED: context-v1 glyph 복원; 런타임 원문 검증 전. TERM: 버스피어·파스·도박장.,"もう少し船を見たいんだ
うん<G0001>そうするよ",SUPPORTED,0001,NONE,
SCN_01080701_00740000_0146,SCENARIO,scenario_message,DATA/01080701.MDZ,DATA/01080701.MDT,0x00740000,01080701,145,0x002c8040,0x002c803b,b4 79 a6 f0 8a 44 f4 7b 98 b1 bd 08 79 c2 21 90 79 8c bd ba 0d ff 00,"もう少し考えてみる
うん、そうするよ","조금 더 생각해 볼게
응, 그럴게.",UNASSIGNED,ユウキ,"[{""offset"":-5,""raw_hex"":""02 0e 00 01 00"",""kind"":""MESSAGE_HEADER"",""opcode"":2,""argument"":1},{""offset"":11,""raw_hex"":""08"",""kind"":""LINE_BREAK""},{""offset"":20,""raw_hex"":""0d ff 00"",""kind"":""MESSAGE_END""}]",REVIEW_1,NO,CHARACTER_GUIDE v0.1 적용. context-v1 복원 원문 1차 번역.,SUPPORTED: structured scenario command; header FACE slot maps to face_yuuki_02; runtime display not yet checked. PROVEN: byte-identical source command exists at the same path and offsets on Disc 2. SUPPORTED: context-v1 glyph 복원; 런타임 원문 검증 전. TERM: 버스피어·파스·도박장.,"もう少し考えてみる
うん<G0001>そうするよ",SUPPORTED,0001,NONE,
SCN_01080801_00740000_0092,SCENARIO,scenario_message,DATA/01080801.MDZ,DATA/01080801.MDT,0x00740000,01080801,91,0x0044aca6,0x0044aca1,99 b4 88 21 cc 3e f0 a0 e1 f4 ec f3 cc f4 08 d9 36 f0 30 f0 e4 e9 9d 2c f0 32 f0 bb be 92 c2 93 8f 08 c4 f2 21 f5 a1 7d b4 8a bf 77 95 98 0d ff 00,"でもさ、オレの設計図
シュミットにホメられたんだよ
発思はおもしろいって","그런데 내 설계도를
슈미트가 칭찬해 줬어
발상이 재미있다고 하더라.",UNASSIGNED,ユウキ,"[{""offset"":-5,""raw_hex"":""02 0e 00 0a 00"",""kind"":""MESSAGE_HEADER"",""opcode"":2,""argument"":10},{""offset"":14,""raw_hex"":""08"",""kind"":""LINE_BREAK""},{""offset"":33,""raw_hex"":""08"",""kind"":""LINE_BREAK""},{""offset"":46,""raw_hex"":""0d ff 00"",""kind"":""MESSAGE_END""}]",REVIEW_1,NO,CHARACTER_GUIDE v0.1 적용. context-v1 복원 원문 1차 번역.,SUPPORTED: structured scenario command; header FACE slot maps to face_yuuki_11; runtime display not yet checked. PROVEN: byte-identical source command exists at the same path and offsets on Disc 2. SUPPORTED: context-v1 glyph 복원; 런타임 원문 검증 전. TERM: 버스피어·파스·도박장.,"でもさ<G0001>オレの<G04D1><G040C><G04BC>
シュミットにホメられたんだ<G006F>
発<G04E1>はおもしろいって",SUPPORTED,"0001,006F,040C,04BC,04D1,04E1",NONE,
SCN_01080801_00740000_0094,SCENARIO,scenario_message,DATA/01080801.MDZ,DATA/01080801.MDT,0x00740000,01080801,93,0x0044adaa,0x0044ada5,90 79 93 08 94 b9 95 9a 77 77 7e 9c 21 30 f0 3b f0 3a f0 e2 08 62 f0 da f0 9c 64 f0 7f 75 bd c2 93 0d ff 00,"そうだ
ちょっといいかな、ミランダ
大事な話があるんだ","그래
잠깐 괜찮아, 미란다?
중요한 얘기가 있어.",UNASSIGNED,ユウキ,"[{""offset"":-5,""raw_hex"":""02 0e 00 01 00"",""kind"":""MESSAGE_HEADER"",""opcode"":2,""argument"":1},{""offset"":3,""raw_hex"":""08"",""kind"":""LINE_BREAK""},{""offset"":20,""raw_hex"":""08"",""kind"":""LINE_BREAK""},{""offset"":33,""raw_hex"":""0d ff 00"",""kind"":""MESSAGE_END""}]",REVIEW_1,NO,CHARACTER_GUIDE v0.1 적용. context-v1 복원 원문 1차 번역.,SUPPORTED: structured scenario command; header FACE slot maps to face_yuuki_02; runtime display not yet checked. PROVEN: byte-identical source command exists at the same path and offsets on Disc 2. SUPPORTED: context-v1 glyph 복원; 런타임 원문 검증 전. TERM: 버스피어·파스·도박장.,"そうだ
ちょっといいかな<G0001>ミランダ
大事な<G0114>があるんだ",SUPPORTED,"0001,0114",NONE,
SCN_01080801_00740000_0096,SCENARIO,scenario_message,DATA/01080801.MDZ,DATA/01080801.MDT,0x00740000,01080801,95,0x0044ae9f,0x0044ae9a,9b 21 9b 79 21 c4 3d f0 26 f0 c5 eb 42 08 4d f4 84 f2 a0 49 f6 44 f6 7d 77 8a 77 44 0d ff 00,"ど、どう、アルフィナ？
あ日の料理おいしい？","어, 어때, 알피나?
오늘 요리 맛있어?",UNASSIGNED,アロンソ,"[{""offset"":-5,""raw_hex"":""22 0e 00 22 00"",""kind"":""MESSAGE_HEADER"",""opcode"":34,""argument"":34},{""offset"":13,""raw_hex"":""08"",""kind"":""LINE_BREAK""},{""offset"":28,""raw_hex"":""0d ff 00"",""kind"":""MESSAGE_END""}]",REVIEW_1,NO,CHARACTER_GUIDE v0.1 적용. context-v1 복원 원문 1차 번역.,SUPPORTED: structured scenario command; header FACE slot maps to face_alonso_01; runtime display not yet checked. PROVEN: byte-identical source command exists at the same path and offsets on Disc 2. SUPPORTED: context-v1 glyph 복원; 런타임 원문 검증 전. TERM: 버스피어·파스·도박장.,"ど<G0001>どう<G0001>アルフィナ<G0022>
<G043D><G02D4>の<G05D9><G05D4>おいしい？",SUPPORTED,"0001,0022,02D4,043D,05D4,05D9",NONE,
SCN_01080801_00740000_0097,SCENARIO,scenario_message,DATA/01080801.MDZ,DATA/01080801.MDT,0x00740000,01080801,96,0x0044aef3,0x0044aeee,90 79 21 ba 7e 95 92 43 08 9b c2 9b c2 7d 7e c0 bc 8a 98 9f 95 43 0d ff 00,"そう、よかった！
どんどんおかわりしてねっ！","그래, 다행이다!
마음껏 더 먹으렴!",UNASSIGNED,ミランダ,"[{""offset"":-5,""raw_hex"":""22 0e 00 1f 00"",""kind"":""MESSAGE_HEADER"",""opcode"":34,""argument"":31},{""offset"":8,""raw_hex"":""08"",""kind"":""LINE_BREAK""},{""offset"":22,""raw_hex"":""0d ff 00"",""kind"":""MESSAGE_END""}]",REVIEW_1,NO,CHARACTER_GUIDE v0.1 적용. context-v1 복원 원문 1차 번역.,SUPPORTED: structured scenario command; header FACE slot maps to face_miranda_06; runtime display not yet checked. PROVEN: byte-identical source command exists at the same path and offsets on Disc 2. SUPPORTED: context-v1 glyph 복원; 런타임 원문 검증 전. TERM: 버스피어·파스·도박장.,"そう<G0001>よかった！
どんどんおかわりしてねっ！",SUPPORTED,0001,NONE,
SCN_01080801_00740000_0100,SCENARIO,scenario_message,DATA/01080801.MDZ,DATA/01080801.MDT,0x00740000,01080801,99,0x0044aff7,0x0044aff2,30 f0 3b f0 3a f0 e2 43 21 0d ff 00,ミランダ！、,미란다!,UNASSIGNED,ユウキ,"[{""offset"":-5,""raw_hex"":""02 0e 00 07 00"",""kind"":""MESSAGE_HEADER"",""opcode"":2,""argument"":7},{""offset"":9,""raw_hex"":""0d ff 00"",""kind"":""MESSAGE_END""}]",REVIEW_1,NO,CHARACTER_GUIDE v0.1 적용. context-v1 복원 원문 1차 번역.,SUPPORTED: structured scenario command; header FACE slot maps to face_yuuki_08; runtime display not yet checked. PROVEN: byte-identical source command exists at the same path and offsets on Disc 2. SUPPORTED: context-v1 glyph 복원; 런타임 원문 검증 전. TERM: 버스피어·파스·도박장.,ミランダ！<G0001>,SUPPORTED,0001,NONE,
SCN_01080801_00740000_0101,SCENARIO,scenario_message,DATA/01080801.MDZ,DATA/01080801.MDT,0x00740000,01080801,100,0x0044b012,0x0044b00d,9c e4 21 9c 9d ba 08 bf f5 77 ab f3 8a 94 b5 95 98 46 46 0d ff 00,"なッ、なによ
怖い顔しちゃって……","뭐, 뭐야
무서운 얼굴을 하고……",UNASSIGNED,アロンソ,"[{""offset"":-5,""raw_hex"":""22 0e 00 22 00"",""kind"":""MESSAGE_HEADER"",""opcode"":34,""argument"":34},{""offset"":6,""raw_hex"":""08"",""kind"":""LINE_BREAK""},{""offset"":19,""raw_hex"":""0d ff 00"",""kind"":""MESSAGE_END""}]",REVIEW_1,NO,CHARACTER_GUIDE v0.1 적용. context-v1 복원 원문 1차 번역.,SUPPORTED: structured scenario command; header FACE slot maps to face_alonso_01; runtime display not yet checked. PROVEN: byte-identical source command exists at the same path and offsets on Disc 2. SUPPORTED: context-v1 glyph 복원; 런타임 원문 검증 전. TERM: 버스피어·파스·도박장.,"なッ<G0001>なによ
怖い<G03CB>しちゃって<G0026><G0026>",SUPPORTED,"0001,0026,03CB",NONE,
SCN_01080801_00740000_0102,SCENARIO,scenario_message,DATA/01080801.MDZ,DATA/01080801.MDT,0x00740000,01080801,101,0x0044b037,0x0044b032,79 f2 9d de f4 a0 86 9a 64 f0 8a 92 bc 8a 98 08 9c c2 7e 46 46 29 f0 3a f0 93 ba 0d ff 00,"急に昔のこと話したりして
なんか……ヘンだよ","갑자기 옛날 얘기를 하기도 하고
뭔가…… 이상해.",UNASSIGNED,アルフィナ,"[{""offset"":-5,""raw_hex"":""02 0e 00 0c 00"",""kind"":""MESSAGE_HEADER"",""opcode"":2,""argument"":12},{""offset"":15,""raw_hex"":""08"",""kind"":""LINE_BREAK""},{""offset"":27,""raw_hex"":""0d ff 00"",""kind"":""MESSAGE_END""}]",REVIEW_1,NO,CHARACTER_GUIDE v0.1 적용. context-v1 복원 원문 1차 번역.,SUPPORTED: structured scenario command; header FACE slot maps to face_alfina_01; runtime display not yet checked. PROVEN: byte-identical source command exists at the same path and offsets on Disc 2. SUPPORTED: context-v1 glyph 복원; 런타임 원문 검증 전. TERM: 버스피어·파스·도박장.,"急に<G04CE>のこと<G0114>したりして
なんか<G0026><G0026>ヘンだよ",SUPPORTED,"0026,0114,04CE",NONE,
SCN_01080801_00740000_0103,SCENARIO,scenario_message,DATA/01080801.MDZ,DATA/01080801.MDT,0x00740000,01080801,102,0x0044b064,0x0044b05f,90 21 90 c2 9c 86 9a 46 46 08 9c 77 c0 ba 46 46 0d ff 00,"そ、そんなこと……
ないわよ……","그, 그런 건……
아니야……",UNASSIGNED,アロンソ,"[{""offset"":-5,""raw_hex"":""22 0e 00 23 00"",""kind"":""MESSAGE_HEADER"",""opcode"":34,""argument"":35},{""offset"":9,""raw_hex"":""08"",""kind"":""LINE_BREAK""},{""offset"":16,""raw_hex"":""0d ff 00"",""kind"":""MESSAGE_END""}]",REVIEW_1,NO,CHARACTER_GUIDE v0.1 적용. context-v1 복원 원문 1차 번역.,SUPPORTED: structured scenario command; header FACE slot maps to face_alonso_02; runtime display not yet checked. PROVEN: byte-identical source command exists at the same path and offsets on Disc 2. SUPPORTED: context-v1 glyph 복원; 런타임 원문 검증 전. TERM: 버스피어·파스·도박장.,"そ<G0001>そんなこと<G0026><G0026>
ないわよ<G0026><G0026>",SUPPORTED,"0001,0026",NONE,
SCN_01080801_00740000_0104,SCENARIO,scenario_message,DATA/01080801.MDZ,DATA/01080801.MDT,0x00740000,01080801,103,0x0044b0ae,0x0044b0a9,dc f1 2d f1 21 7d 7e 8a 77 ba 08 4d f4 84 f2 a0 30 f0 3b f0 3a f0 e2 0d ff 00,"絶対、おかしいよ
あ日のミランダ","분명 이상해
오늘의 미란다는.",UNASSIGNED,ユウキ,"[{""offset"":-5,""raw_hex"":""02 0e 00 01 00"",""kind"":""MESSAGE_HEADER"",""opcode"":2,""argument"":1},{""offset"":10,""raw_hex"":""08"",""kind"":""LINE_BREAK""},{""offset"":23,""raw_hex"":""0d ff 00"",""kind"":""MESSAGE_END""}]",REVIEW_1,NO,CHARACTER_GUIDE v0.1 적용. context-v1 복원 원문 1차 번역.,SUPPORTED: structured scenario command; header FACE slot maps to face_yuuki_02; runtime display not yet checked. PROVEN: byte-identical source command exists at the same path and offsets on Disc 2. SUPPORTED: context-v1 glyph 복원; 런타임 원문 검증 전. TERM: 버스피어·파스·도박장.,"絶対<G0001>おかしいよ
<G043D><G02D4>のミランダ",SUPPORTED,"0001,02D4,043D",NONE,
SCN_01080801_00740000_0105,SCENARIO,scenario_message,DATA/01080801.MDZ,DATA/01080801.MDT,0x00740000,01080801,104,0x0044b13f,0x0044b13a,93 77 8b b9 79 a8 21 93 77 8b b9 79 a8 08 c4 3d f0 26 f0 c5 eb a1 9e f1 a4 f1 8a 98 08 a1 f0 98 98 82 be be a2 77 77 7e bb 0d ff 00,"だいじょうぶ、だいじょうぶ
アルフィナは安心して
見ててくれればいいから","괜찮아, 괜찮아
알피나는 안심하고
지켜보기만 하면 돼.",UNASSIGNED,ユウキ,"[{""offset"":-5,""raw_hex"":""02 0e 00 02 00"",""kind"":""MESSAGE_HEADER"",""opcode"":2,""argument"":2},{""offset"":13,""raw_hex"":""08"",""kind"":""LINE_BREAK""},{""offset"":28,""raw_hex"":""08"",""kind"":""LINE_BREAK""},{""offset"":41,""raw_hex"":""0d ff 00"",""kind"":""MESSAGE_END""}]",REVIEW_1,NO,CHARACTER_GUIDE v0.1 적용. context-v1 복원 원문 1차 번역.,SUPPORTED: structured scenario command; header FACE slot maps to face_yuuki_03; runtime display not yet checked. PROVEN: byte-identical source command exists at the same path and offsets on Disc 2. SUPPORTED: context-v1 glyph 복원; 런타임 원문 검증 전. TERM: 버스피어·파스·도박장.,"だいじょうぶ<G0001>だいじょうぶ
アルフィナは<G021E>心して
見ててくれればいいから",SUPPORTED,"0001,021E",NONE,
SCN_01080801_00740000_0107,SCENARIO,scenario_message,DATA/01080801.MDZ,DATA/01080801.MDT,0x00740000,01080801,106,0x0044b2c9,0x0044b2c4,75 92 bc b0 7b 88 43 08 d9 36 f0 30 f0 e4 e9 9d 63 f0 7b 92 c2 93 8f 08 75 a0 d9 36 f0 30 f0 e4 e9 9d 43 0d ff 00,"あたりまえさ！
シュミットに会えたんだよ
あのシュミットに！","당연하지!
슈미트를 만났다고
그 슈미트를!",UNASSIGNED,ユウキ,"[{""offset"":-5,""raw_hex"":""02 0e 00 0a 00"",""kind"":""MESSAGE_HEADER"",""opcode"":2,""argument"":10},{""offset"":7,""raw_hex"":""08"",""kind"":""LINE_BREAK""},{""offset"":23,""raw_hex"":""08"",""kind"":""LINE_BREAK""},{""offset"":35,""raw_hex"":""0d ff 00"",""kind"":""MESSAGE_END""}]",REVIEW_1,NO,CHARACTER_GUIDE v0.1 적용. context-v1 복원 원문 1차 번역.,SUPPORTED: structured scenario command; header FACE slot maps to face_yuuki_11; runtime display not yet checked. PROVEN: byte-identical source command exists at the same path and offsets on Disc 2. SUPPORTED: context-v1 glyph 복원; 런타임 원문 검증 전. TERM: 버스피어·파스·도박장.,"あたりまえさ！
シュミットに<G0113>えたんだ<G006F>
あのシュミットに！",SUPPORTED,"006F,0113",NONE,
SCN_01080801_00740000_0108,SCENARIO,scenario_message,DATA/01080801.MDZ,DATA/01080801.MDT,0x00740000,01080801,107,0x0044b351,0x0044b34c,75 75 21 3c f2 a0 a7 f0 a0 9c f0 92 f0 93 ba 08 77 b0 a1 b0 93 46 46 9f 0d ff 00,"ああ、雲の上の存在だよ
いまはまだ……ね","그래, 아직은
구름 위의 존재지……",UNASSIGNED,ユウキ,"[{""offset"":-5,""raw_hex"":""02 0e 00 09 00"",""kind"":""MESSAGE_HEADER"",""opcode"":2,""argument"":9},{""offset"":15,""raw_hex"":""08"",""kind"":""LINE_BREAK""},{""offset"":24,""raw_hex"":""0d ff 00"",""kind"":""MESSAGE_END""}]",REVIEW_1,NO,CHARACTER_GUIDE v0.1 적용. context-v1 복원 원문 1차 번역.,SUPPORTED: structured scenario command; header FACE slot maps to face_yuuki_10; runtime display not yet checked. PROVEN: byte-identical source command exists at the same path and offsets on Disc 2. SUPPORTED: context-v1 glyph 복원; 런타임 원문 검증 전. TERM: 버스피어·파스·도박장.,"ああ<G0001>雲の上の<G014C><G0142>だよ
いまはまだ<G0026><G0026>ね",SUPPORTED,"0001,0026",SUPPORTED,"0142,014C"
SCN_01080801_00740000_0109,SCENARIO,scenario_message,DATA/01080801.MDZ,DATA/01080801.MDT,0x00740000,01080801,108,0x0044b37b,0x0044b376,99 b4 21 80 95 9a 08 bb f2 77 86 8a 98 b1 8e bd 95 43 08 77 96 7e 21 6c f0 8d 46 46 43 0d ff 00,"でも、きっと
追いこしてみせるっ！
いつか、必ず……！","하지만 분명
추월하고 말 거야!
언젠가, 반드시……!",UNASSIGNED,ユウキ,"[{""offset"":-5,""raw_hex"":""02 0e 00 0a 00"",""kind"":""MESSAGE_HEADER"",""opcode"":2,""argument"":10},{""offset"":6,""raw_hex"":""08"",""kind"":""LINE_BREAK""},{""offset"":18,""raw_hex"":""08"",""kind"":""LINE_BREAK""},{""offset"":29,""raw_hex"":""0d ff 00"",""kind"":""MESSAGE_END""}]",REVIEW_1,NO,CHARACTER_GUIDE v0.1 적용. context-v1 복원 원문 1차 번역.,SUPPORTED: structured scenario command; header FACE slot maps to face_yuuki_11; runtime display not yet checked. PROVEN: byte-identical source command exists at the same path and offsets on Disc 2. SUPPORTED: context-v1 glyph 복원; 런타임 원문 검증 전. TERM: 버스피어·파스·도박장.,"でも<G0001>きっと
<G030B>いこしてみせるっ！
いつか<G0001><G011C>ず<G0026><G0026>！",SUPPORTED,"0001,0026,011C,030B",NONE,
SCN_01080801_00740000_0110,SCENARIO,scenario_message,DATA/01080801.MDZ,DATA/01080801.MDT,0x00740000,01080801,109,0x0044b3d4,0x0044b3cf,75 21 75 75 46 46 0d ff 00,あ、ああ……,"아, 아아……",UNASSIGNED,アルフィナ,"[{""offset"":-5,""raw_hex"":""02 0e 00 0c 00"",""kind"":""MESSAGE_HEADER"",""opcode"":2,""argument"":12},{""offset"":6,""raw_hex"":""0d ff 00"",""kind"":""MESSAGE_END""}]",REVIEW_1,NO,CHARACTER_GUIDE v0.1 적용. context-v1 복원 원문 1차 번역.,SUPPORTED: structured scenario command; header FACE slot maps to face_alfina_01; runtime display not yet checked. PROVEN: byte-identical source command exists at the same path and offsets on Disc 2. SUPPORTED: context-v1 glyph 복원; 런타임 원문 검증 전. TERM: 버스피어·파스·도박장.,あ<G0001>ああ<G0026><G0026>,SUPPORTED,"0001,0026",NONE,
SCN_01080801_00740000_0111,SCENARIO,scenario_message,DATA/01080801.MDZ,DATA/01080801.MDT,0x00740000,01080801,110,0x0044b435,0x0044b430,95 92 82 21 75 c2 92 7f 08 ba bf 86 a8 93 bf 79 9a a1 f1 95 98 08 50 f1 95 98 75 85 92 a0 9d d7 08 27 f0 e5 27 f0 e5 46 46 0d ff 00,"ったく、あんたが
よろこぶだろうと思って
作ってあげたのにサ
ブツブツ……","정말이지, 네가
기뻐할 줄 알고
만들어 줬는데 말이야
중얼중얼……",UNASSIGNED,アロンソ,"[{""offset"":-5,""raw_hex"":""22 0e 00 24 00"",""kind"":""MESSAGE_HEADER"",""opcode"":34,""argument"":36},{""offset"":8,""raw_hex"":""08"",""kind"":""LINE_BREAK""},{""offset"":21,""raw_hex"":""08"",""kind"":""LINE_BREAK""},{""offset"":32,""raw_hex"":""08"",""kind"":""LINE_BREAK""},{""offset"":41,""raw_hex"":""0d ff 00"",""kind"":""MESSAGE_END""}]",REVIEW_1,NO,CHARACTER_GUIDE v0.1 적용. context-v1 복원 원문 1차 번역.,SUPPORTED: structured scenario command; header FACE slot maps to face_alonso_03; runtime display not yet checked. PROVEN: byte-identical source command exists at the same path and offsets on Disc 2. SUPPORTED: context-v1 glyph 복원; 런타임 원문 검증 전. TERM: 버스피어·파스·도박장.,"ったく<G0001>あんたが
よろこぶだろうと思って
作ってあげたのにサ
ブツブツ<G0026><G0026>",SUPPORTED,"0001,0026",NONE,
SCN_01080801_00740000_0112,SCENARIO,scenario_message,DATA/01080801.MDZ,DATA/01080801.MDT,0x00740000,01080801,111,0x0044b470,0x0044b46b,7e 21 9c f3 8b f4 8a 98 bd 95 98 a2 08 46 46 94 b9 95 9a a0 f1 bb f0 5b f0 93 84 9b 0d ff 00,"か、感謝してるってば
……ちょっと不気味だけど","고, 고맙다니까
……조금 무섭긴 하지만.",UNASSIGNED,ユウキ,"[{""offset"":-5,""raw_hex"":""02 0e 00 08 00"",""kind"":""MESSAGE_HEADER"",""opcode"":2,""argument"":8},{""offset"":12,""raw_hex"":""08"",""kind"":""LINE_BREAK""},{""offset"":28,""raw_hex"":""0d ff 00"",""kind"":""MESSAGE_END""}]",REVIEW_1,NO,CHARACTER_GUIDE v0.1 적용. context-v1 복원 원문 1차 번역.,SUPPORTED: structured scenario command; header FACE slot maps to face_yuuki_09; runtime display not yet checked. PROVEN: byte-identical source command exists at the same path and offsets on Disc 2. SUPPORTED: context-v1 glyph 복원; 런타임 원문 검증 전. TERM: 버스피어·파스·도박장.,"か<G0001>感<G047B>してるってば
<G0026><G0026>ちょっと不気味だけど",SUPPORTED,"0001,0026,047B",NONE,
SCN_01080801_00740000_0114,SCENARIO,scenario_message,DATA/01080801.MDZ,DATA/01080801.MDT,0x00740000,01080801,113,0x0044b4da,0x0044b4d5,75 75 21 d9 f0 57 f6 8a 92 84 9b 9f 08 90 95 94 b4 9c c2 9a 7e 0d ff 00,"ああ、苦労したけどね
そっちもなんとか","그래, 고생은 했지만
너희 쪽도 어떻게든 됐네.",UNASSIGNED,ユウキ,"[{""offset"":-5,""raw_hex"":""02 0e 00 02 00"",""kind"":""MESSAGE_HEADER"",""opcode"":2,""argument"":2},{""offset"":12,""raw_hex"":""08"",""kind"":""LINE_BREAK""},{""offset"":21,""raw_hex"":""0d ff 00"",""kind"":""MESSAGE_END""}]",REVIEW_1,NO,CHARACTER_GUIDE v0.1 적용. context-v1 복원 원문 1차 번역.,SUPPORTED: structured scenario command; header FACE slot maps to face_yuuki_03; runtime display not yet checked. PROVEN: byte-identical source command exists at the same path and offsets on Disc 2. SUPPORTED: context-v1 glyph 복원; 런타임 원문 검증 전. TERM: 버스피어·파스·도박장.,"ああ<G0001>苦<G05E7>したけどね
そっちもなんとか",SUPPORTED,"0001,05E7",NONE,
SCN_01080801_00740000_0118,SCENARIO,scenario_message,DATA/01080801.MDZ,DATA/01080801.MDT,0x00740000,01080801,117,0x0044b5f2,0x0044b5ed,75 21 75 75 21 75 bc 7f 9a 79 46 46 0d ff 00,あ、ああ、ありがとう……,"아, 아아, 고마워……",UNASSIGNED,ユウキ,"[{""offset"":-5,""raw_hex"":""02 0e 00 01 00"",""kind"":""MESSAGE_HEADER"",""opcode"":2,""argument"":1},{""offset"":12,""raw_hex"":""0d ff 00"",""kind"":""MESSAGE_END""}]",REVIEW_1,NO,CHARACTER_GUIDE v0.1 적용. context-v1 복원 원문 1차 번역.,SUPPORTED: structured scenario command; header FACE slot maps to face_yuuki_02; runtime display not yet checked. PROVEN: byte-identical source command exists at the same path and offsets on Disc 2. SUPPORTED: context-v1 glyph 복원; 런타임 원문 검증 전. TERM: 버스피어·파스·도박장.,あ<G0001>ああ<G0001>ありがとう<G0026><G0026>,SUPPORTED,"0001,0026",NONE,
SCN_01080801_00740000_0119,SCENARIO,scenario_message,DATA/01080801.MDZ,DATA/01080801.MDT,0x00740000,01080801,118,0x0044b621,0x0044b61c,49 f1 42 f1 af f3 a0 86 9a 9d 9c bd 9a 08 7f f1 a0 80 f1 70 f0 7b 94 b5 95 98 46 46 08 90 c2 9c 9d 49 f1 a5 92 77 a0 21 75 c2 92 44 0d ff 00,"飛行機のことになると
目の色変えちゃって……
そんなに飛びたいの、あんた？","비행기 얘기만 나오면
눈빛이 달라진다니까……
그렇게 날고 싶은 거야, 너?",UNASSIGNED,ミランダ,"[{""offset"":-5,""raw_hex"":""22 0e 00 1d 00"",""kind"":""MESSAGE_HEADER"",""opcode"":34,""argument"":29},{""offset"":13,""raw_hex"":""08"",""kind"":""LINE_BREAK""},{""offset"":28,""raw_hex"":""08"",""kind"":""LINE_BREAK""},{""offset"":44,""raw_hex"":""0d ff 00"",""kind"":""MESSAGE_END""}]",REVIEW_1,NO,CHARACTER_GUIDE v0.1 적용. context-v1 복원 원문 1차 번역.,SUPPORTED: structured scenario command; header FACE slot maps to face_miranda_04; runtime display not yet checked. PROVEN: byte-identical source command exists at the same path and offsets on Disc 2. SUPPORTED: context-v1 glyph 복원; 런타임 원문 검증 전. TERM: 버스피어·파스·도박장.,"飛行機のことになると
<G01FF>の色変えちゃって<G0026><G0026>
そんなに飛びたいの<G0001>あんた？",SUPPORTED,"0001,0026,01FF",NONE,
SCN_01080801_00740000_0120,SCENARIO,scenario_message,DATA/01080801.MDZ,DATA/01080801.MDT,0x00740000,01080801,119,0x0044b65f,0x0044b65a,75 75 46 46 08 cc 3e f0 9d a1 3f f6 7f 6c f0 3d f6 9c c2 93 0d ff 00,"ああ……
オレには翼が必要なんだ","그래……
나에게는 날개가 필요해.",UNASSIGNED,ユウキ,"[{""offset"":-5,""raw_hex"":""02 0e 00 09 00"",""kind"":""MESSAGE_HEADER"",""opcode"":2,""argument"":9},{""offset"":4,""raw_hex"":""08"",""kind"":""LINE_BREAK""},{""offset"":20,""raw_hex"":""0d ff 00"",""kind"":""MESSAGE_END""}]",REVIEW_1,NO,CHARACTER_GUIDE v0.1 적용. context-v1 복원 원문 1차 번역.,SUPPORTED: structured scenario command; header FACE slot maps to face_yuuki_10; runtime display not yet checked. PROVEN: byte-identical source command exists at the same path and offsets on Disc 2. SUPPORTED: context-v1 glyph 복원; 런타임 원문 검증 전. TERM: 버스피어·파스·도박장.,"ああ<G0026><G0026>
オレには翼が<G011C><G05CD>なんだ",SUPPORTED,"0026,011C,05CD",NONE,
SCN_01080801_00740000_0121,SCENARIO,scenario_message,DATA/01080801.MDZ,DATA/01080801.MDT,0x00740000,01080801,120,0x0044b696,0x0044b691,ad bb 95 21 37 f0 c8 cf b4 08 9b c2 9b c2 c3 f4 ab 9c 88 77 ba 08 75 c2 92 a0 92 b3 9d 50 f1 95 92 c2 93 7e bb 0d ff 00,"ほらっ、ユウキも
どんどん食べなさいよ
あんたのために作ったんだから","자, 유키도
얼른 먹으렴
너를 위해 만든 거니까.",UNASSIGNED,ミランダ,"[{""offset"":-5,""raw_hex"":""22 0e 00 1f 00"",""kind"":""MESSAGE_HEADER"",""opcode"":34,""argument"":31},{""offset"":9,""raw_hex"":""08"",""kind"":""LINE_BREAK""},{""offset"":21,""raw_hex"":""08"",""kind"":""LINE_BREAK""},{""offset"":37,""raw_hex"":""0d ff 00"",""kind"":""MESSAGE_END""}]",REVIEW_1,NO,CHARACTER_GUIDE v0.1 적용. context-v1 복원 원문 1차 번역.,SUPPORTED: structured scenario command; header FACE slot maps to face_miranda_06; runtime display not yet checked. PROVEN: byte-identical source command exists at the same path and offsets on Disc 2. SUPPORTED: context-v1 glyph 복원; 런타임 원문 검증 전. TERM: 버스피어·파스·도박장.,"ほらっ<G0001>ユウキも
どんどん食べなさいよ
あんたのために作ったんだから",SUPPORTED,0001,NONE,
SCN_01080801_00740000_0122,SCENARIO,scenario_message,DATA/01080801.MDZ,DATA/01080801.MDT,0x00740000,01080801,121,0x0044b6cd,0x0044b6c8,cc 3e f0 a0 92 b3 9d 46 46 44 0d ff 00,オレのために……？,나를 위해서……?,UNASSIGNED,ユウキ,"[{""offset"":-5,""raw_hex"":""02 0e 00 01 00"",""kind"":""MESSAGE_HEADER"",""opcode"":2,""argument"":1},{""offset"":10,""raw_hex"":""0d ff 00"",""kind"":""MESSAGE_END""}]",REVIEW_1,NO,CHARACTER_GUIDE v0.1 적용. context-v1 복원 원문 1차 번역.,SUPPORTED: structured scenario command; header FACE slot maps to face_yuuki_02; runtime display not yet checked. PROVEN: byte-identical source command exists at the same path and offsets on Disc 2. SUPPORTED: context-v1 glyph 복원; 런타임 원문 검증 전. TERM: 버스피어·파스·도박장.,オレのために<G0026><G0026>？,SUPPORTED,0026,NONE,
SCN_01080801_00740000_0125,SCENARIO,scenario_message,DATA/01080801.MDZ,DATA/01080801.MDT,0x00740000,01080801,124,0x0044b7a7,0x0044b7a2,46 46 46 46 46 08 94 b9 95 9a 46 46 08 c8 f0 c1 9c 7f b3 98 82 bd 46 46 0d ff 00,"……………
ちょっと……
海をながめてくる……","……………
잠깐……
바다를 보고 올게……",UNASSIGNED,ユウキ,"[{""offset"":-5,""raw_hex"":""02 0e 00 05 00"",""kind"":""MESSAGE_HEADER"",""opcode"":2,""argument"":5},{""offset"":5,""raw_hex"":""08"",""kind"":""LINE_BREAK""},{""offset"":12,""raw_hex"":""08"",""kind"":""LINE_BREAK""},{""offset"":24,""raw_hex"":""0d ff 00"",""kind"":""MESSAGE_END""}]",REVIEW_1,NO,CHARACTER_GUIDE v0.1 적용. context-v1 복원 원문 1차 번역.,SUPPORTED: structured scenario command; header FACE slot maps to face_yuuki_06; runtime display not yet checked. PROVEN: byte-identical source command exists at the same path and offsets on Disc 2. SUPPORTED: context-v1 glyph 복원; 런타임 원문 검증 전. TERM: 버스피어·파스·도박장.,"<G0026><G0026><G0026><G0026><G0026>
ちょっと<G0026><G0026>
海をながめてくる<G0026><G0026>",SUPPORTED,0026,NONE,
SCN_01080801_00740000_0126,SCENARIO,scenario_message,DATA/01080801.MDZ,DATA/01080801.MDT,0x00740000,01080801,125,0x0044b826,0x0044b821,75 75 21 9c c2 9a 7e 9f 0d ff 00,ああ、なんとかね,"그래, 어떻게든.",UNASSIGNED,ユウキ,"[{""offset"":-5,""raw_hex"":""02 0e 00 02 00"",""kind"":""MESSAGE_HEADER"",""opcode"":2,""argument"":2},{""offset"":8,""raw_hex"":""0d ff 00"",""kind"":""MESSAGE_END""}]",REVIEW_1,NO,CHARACTER_GUIDE v0.1 적용. context-v1 복원 원문 1차 번역.,SUPPORTED: structured scenario command; header FACE slot maps to face_yuuki_03; runtime display not yet checked. PROVEN: byte-identical source command exists at the same path and offsets on Disc 2. SUPPORTED: context-v1 glyph 복원; 런타임 원문 검증 전. TERM: 버스피어·파스·도박장.,ああ<G0001>なんとかね,SUPPORTED,0001,NONE,
SCN_01080801_00740000_0128,SCENARIO,scenario_message,DATA/01080801.MDZ,DATA/01080801.MDT,0x00740000,01080801,127,0x0044b91e,0x0044b919,75 75 21 3f f0 e4 e5 a1 cc 3e f0 a0 08 54 f1 d6 f1 a0 22 f0 47 e9 eb 47 88 0d ff 00,"ああ、ロッツはオレの
最高のパートナーさ","그래, 롯츠는 내
최고의 파트너야.",UNASSIGNED,ユウキ,"[{""offset"":-5,""raw_hex"":""02 0e 00 09 00"",""kind"":""MESSAGE_HEADER"",""opcode"":2,""argument"":9},{""offset"":12,""raw_hex"":""08"",""kind"":""LINE_BREAK""},{""offset"":25,""raw_hex"":""0d ff 00"",""kind"":""MESSAGE_END""}]",REVIEW_1,NO,CHARACTER_GUIDE v0.1 적용. context-v1 복원 원문 1차 번역.,SUPPORTED: structured scenario command; header FACE slot maps to face_yuuki_10; runtime display not yet checked. PROVEN: byte-identical source command exists at the same path and offsets on Disc 2. SUPPORTED: context-v1 glyph 복원; 런타임 원문 검증 전. TERM: 버스피어·파스·도박장.,"ああ<G0001>ロッツはオレの
<G01D4>高のパートナーさ",SUPPORTED,"0001,01D4",NONE,
SCN_01080801_00740000_0129,SCENARIO,scenario_message,DATA/01080801.MDZ,DATA/01080801.MDT,0x00740000,01080801,128,0x0044b996,0x0044b991,d9 36 f0 30 f0 e4 e9 a1 08 b4 f0 a1 50 f1 bb 9c 77 9a a1 f1 79 ba 08 92 a8 c2 46 46 0d ff 00,"シュミットは
船は作らないと思うよ
たぶん……","슈미트는
배는 만들지 않을 거야
아마도……",UNASSIGNED,ユウキ,"[{""offset"":-5,""raw_hex"":""02 0e 00 08 00"",""kind"":""MESSAGE_HEADER"",""opcode"":2,""argument"":8},{""offset"":8,""raw_hex"":""08"",""kind"":""LINE_BREAK""},{""offset"":22,""raw_hex"":""08"",""kind"":""LINE_BREAK""},{""offset"":28,""raw_hex"":""0d ff 00"",""kind"":""MESSAGE_END""}]",REVIEW_1,NO,CHARACTER_GUIDE v0.1 적용. context-v1 복원 원문 1차 번역.,SUPPORTED: structured scenario command; header FACE slot maps to face_yuuki_09; runtime display not yet checked. PROVEN: byte-identical source command exists at the same path and offsets on Disc 2. SUPPORTED: context-v1 glyph 복원; 런타임 원문 검증 전. TERM: 버스피어·파스·도박장.,"シュミットは
船は作らないと思うよ
たぶん<G0026><G0026>",SUPPORTED,0026,NONE,
SCN_01080801_00740000_0130,SCENARIO,scenario_message,DATA/01080801.MDZ,DATA/01080801.MDT,0x00740000,01080801,129,0x0044ba78,0x0044ba73,cc 3e f0 9a 30 f0 3b f0 3a f0 e2 a0 46 46 44 0d ff 00,オレとミランダの……？,나와 미란다의……?,UNASSIGNED,アルフィナ,"[{""offset"":-5,""raw_hex"":""02 0e 00 0c 00"",""kind"":""MESSAGE_HEADER"",""opcode"":2,""argument"":12},{""offset"":15,""raw_hex"":""0d ff 00"",""kind"":""MESSAGE_END""}]",REVIEW_1,NO,CHARACTER_GUIDE v0.1 적용. context-v1 복원 원문 1차 번역.,SUPPORTED: structured scenario command; header FACE slot maps to face_alfina_01; runtime display not yet checked. PROVEN: byte-identical source command exists at the same path and offsets on Disc 2. SUPPORTED: context-v1 glyph 복원; 런타임 원문 검증 전. TERM: 버스피어·파스·도박장.,オレとミランダの<G0026><G0026>？,SUPPORTED,0026,NONE,
SCN_01080801_00740000_0132,SCENARIO,scenario_message,DATA/01080801.MDZ,DATA/01080801.MDT,0x00740000,01080801,131,0x0044baec,0x0044bae7,b0 93 21 df f0 8c 81 bd ba 43 08 90 79 93 9c 21 b4 79 d1 e1 d1 e1 46 46 0d ff 00,"まだ、早すぎるよ！
そうだな、もうクタクタ……","아직 너무 일러!
그렇네, 이제 완전히 지쳤어……",UNASSIGNED,ユウキ,"[{""offset"":-5,""raw_hex"":""02 0e 00 01 00"",""kind"":""MESSAGE_HEADER"",""opcode"":2,""argument"":1},{""offset"":10,""raw_hex"":""08"",""kind"":""LINE_BREAK""},{""offset"":24,""raw_hex"":""0d ff 00"",""kind"":""MESSAGE_END""}]",REVIEW_1,NO,CHARACTER_GUIDE v0.1 적용. context-v1 복원 원문 1차 번역.,SUPPORTED: structured scenario command; header FACE slot maps to face_yuuki_02; runtime display not yet checked. PROVEN: byte-identical source command exists at the same path and offsets on Disc 2. SUPPORTED: context-v1 glyph 복원; 런타임 원문 검증 전. TERM: 버스피어·파스·도박장.,"まだ<G0001>早すぎるよ！
そうだな<G0001>もうクタクタ<G0026><G0026>",SUPPORTED,"0001,0026",NONE,
SCN_01080801_00740000_0141,SCENARIO,scenario_message,DATA/01080801.MDZ,DATA/01080801.MDT,0x00740000,01080801,140,0x0044bdc4,0x0044bdbf,b4 79 a6 f0 8a b4 f0 c1 a1 f0 92 77 c2 93 08 79 c2 21 90 79 8c bd ba 0d ff 00,"もう少し船を見たいんだ
うん、そうするよ","배를 조금 더 보고 싶어
응, 그럴게.",UNASSIGNED,ユウキ,"[{""offset"":-5,""raw_hex"":""02 0e 00 01 00"",""kind"":""MESSAGE_HEADER"",""opcode"":2,""argument"":1},{""offset"":14,""raw_hex"":""08"",""kind"":""LINE_BREAK""},{""offset"":23,""raw_hex"":""0d ff 00"",""kind"":""MESSAGE_END""}]",REVIEW_1,NO,CHARACTER_GUIDE v0.1 적용. context-v1 복원 원문 1차 번역.,SUPPORTED: structured scenario command; header FACE slot maps to face_yuuki_02; runtime display not yet checked. PROVEN: byte-identical source command exists at the same path and offsets on Disc 2. SUPPORTED: context-v1 glyph 복원; 런타임 원문 검증 전. TERM: 버스피어·파스·도박장.,"もう少し船を見たいんだ
うん<G0001>そうするよ",SUPPORTED,0001,NONE,
SCN_01080801_00740000_0146,SCENARIO,scenario_message,DATA/01080801.MDZ,DATA/01080801.MDT,0x00740000,01080801,145,0x0044bf40,0x0044bf3b,b4 79 a6 f0 8a 44 f4 7b 98 b1 bd 08 79 c2 21 90 79 8c bd ba 0d ff 00,"もう少し考えてみる
うん、そうするよ","조금 더 생각해 볼게
응, 그럴게.",UNASSIGNED,ユウキ,"[{""offset"":-5,""raw_hex"":""02 0e 00 01 00"",""kind"":""MESSAGE_HEADER"",""opcode"":2,""argument"":1},{""offset"":11,""raw_hex"":""08"",""kind"":""LINE_BREAK""},{""offset"":20,""raw_hex"":""0d ff 00"",""kind"":""MESSAGE_END""}]",REVIEW_1,NO,CHARACTER_GUIDE v0.1 적용. context-v1 복원 원문 1차 번역.,SUPPORTED: structured scenario command; header FACE slot maps to face_yuuki_02; runtime display not yet checked. PROVEN: byte-identical source command exists at the same path and offsets on Disc 2. SUPPORTED: context-v1 glyph 복원; 런타임 원문 검증 전. TERM: 버스피어·파스·도박장.,"もう少し考えてみる
うん<G0001>そうするよ",SUPPORTED,0001,NONE,
