id,category,sub_category,source_file,inner_file,record_id,scene_id,string_index,original_offset,pointer_offset,jp_raw_hex,jp_text,kr_text,kr_encoded_hex,speaker,control_codes,status,game_verified,translator_note,review_note,canonical_jp_text,reference_glyph_status,reference_glyphs_used,image_glyph_status,image_glyphs_used
SCN_00214000_00740000_0190,SCENARIO,scenario_message,DATA/00214000.MDZ,DATA/00214000.MDT,0x00740000,00214000,189,0x007381b8,0x007381b3,75 21 75 75 46 0d ff 00,あ、ああ…,"아, 그래…",UNASSIGNED,ユウキ,"[{""offset"":-5,""raw_hex"":""02 0e 00 05 00"",""kind"":""MESSAGE_HEADER"",""opcode"":2,""argument"":5},{""offset"":5,""raw_hex"":""0d ff 00"",""kind"":""MESSAGE_END""}]",REVIEW_1,NO,CHARACTER_GUIDE v0.1 적용. context-v1 복원 원문 1차 번역.,SUPPORTED: structured scenario command; header FACE slot maps to face_yuuki_06; runtime display not yet checked. PROVEN: byte-identical source command exists at the same path and offsets on Disc 2. SUPPORTED: context-v1 glyph 복원; 런타임 원문 검증 전. TERM: 버스피어·파스·도박장.,あ<G0001>ああ<G0026>,SUPPORTED,"0001,0026",NONE,
SCN_00214000_00740000_0191,SCENARIO,scenario_message,DATA/00214000.MDZ,DATA/00214000.MDT,0x00740000,00214000,190,0x007382cf,0x007382ca,7d f0 b8 f0 46 08 90 79 77 7b a2 21 c4 47 d1 3c f0 26 f0 a0 86 9a 08 30 f0 3b f0 3a f0 e2 9a c4 3f f0 3a f0 df b4 08 ec f1 95 98 bd a0 7e 9c 46 0d ff 00,"手紙…
そういえば、アークリフのこと
ミランダとアロンソも
知ってるのかな…","편지…
그러고 보니 아크리프 이야기를
미란다와 알론소도
알고 있을까…",UNASSIGNED,ユウキ,"[{""offset"":-5,""raw_hex"":""02 0e 00 01 00"",""kind"":""MESSAGE_HEADER"",""opcode"":2,""argument"":1},{""offset"":5,""raw_hex"":""08"",""kind"":""LINE_BREAK""},{""offset"":22,""raw_hex"":""08"",""kind"":""LINE_BREAK""},{""offset"":38,""raw_hex"":""08"",""kind"":""LINE_BREAK""},{""offset"":48,""raw_hex"":""0d ff 00"",""kind"":""MESSAGE_END""}]",REVIEW_1,NO,CHARACTER_GUIDE v0.1 적용. context-v1 복원 원문 1차 번역.,SUPPORTED: structured scenario command; header FACE slot maps to face_yuuki_02; runtime display not yet checked. PROVEN: byte-identical source command exists at the same path and offsets on Disc 2. SUPPORTED: context-v1 glyph 복원; 런타임 원문 검증 전. TERM: 버스피어·파스·도박장.,"手<G0168><G0026>
そういえば<G0001>アークリフのこと
ミランダとアロンソも
知ってるのかな<G0026>",SUPPORTED,"0001,0026",SUPPORTED,0168
SCN_00214000_00740000_0193,SCENARIO,scenario_message,DATA/00214000.MDZ,DATA/00214000.MDT,0x00740000,00214000,192,0x00738639,0x00738634,75 77 96 7e 46 08 ec f1 95 98 bd ba 08 cc 3e f0 b4 21 bb f7 d7 f0 78 f1 98 9d 08 cc f3 a5 f0 8a 98 bd c2 93 21 92 b0 9d 9f 0d ff 00,"あいつか…
知ってるよ
オレも、犯人当てに
協力してるんだ、たまにね","그 녀석 말이야…
알고 있지
나도 가끔 범인 찾기에
협력하고 있어.",UNASSIGNED,ユウキ,"[{""offset"":-5,""raw_hex"":""02 0e 00 02 00"",""kind"":""MESSAGE_HEADER"",""opcode"":2,""argument"":2},{""offset"":5,""raw_hex"":""08"",""kind"":""LINE_BREAK""},{""offset"":12,""raw_hex"":""08"",""kind"":""LINE_BREAK""},{""offset"":26,""raw_hex"":""08"",""kind"":""LINE_BREAK""},{""offset"":41,""raw_hex"":""0d ff 00"",""kind"":""MESSAGE_END""}]",REVIEW_1,NO,CHARACTER_GUIDE v0.1 적용. context-v1 복원 원문 1차 번역.,SUPPORTED: structured scenario command; header FACE slot maps to face_yuuki_03; runtime display not yet checked. PROVEN: byte-identical source command exists at the same path and offsets on Disc 2. SUPPORTED: context-v1 glyph 복원; 런타임 원문 검증 전. TERM: 버스피어·파스·도박장.,"あいつか<G0026>
知ってるよ
オレも<G0001><G071B>人当てに
<G03EC>力してるんだ<G0001>たまにね",SUPPORTED,"0001,0026,03EC",SUPPORTED,071B
SCN_00214000_00740000_0194,SCENARIO,scenario_message,DATA/00214000.MDZ,DATA/00214000.MDT,0x00740000,00214000,193,0x007386c4,0x007386bf,7b 95 42 08 90 a0 ea 3f f0 2d f0 47 95 98 46 0d ff 00,"えっ？
そのドロボーって…","어?
그 도둑이라는 건…",UNASSIGNED,ユウキ,"[{""offset"":-5,""raw_hex"":""02 0e 00 06 00"",""kind"":""MESSAGE_HEADER"",""opcode"":2,""argument"":6},{""offset"":3,""raw_hex"":""08"",""kind"":""LINE_BREAK""},{""offset"":15,""raw_hex"":""0d ff 00"",""kind"":""MESSAGE_END""}]",REVIEW_1,NO,CHARACTER_GUIDE v0.1 적용. context-v1 복원 원문 1차 번역.,SUPPORTED: structured scenario command; header FACE slot maps to face_yuuki_07; runtime display not yet checked. PROVEN: byte-identical source command exists at the same path and offsets on Disc 2. SUPPORTED: context-v1 glyph 복원; 런타임 원문 검증 전. TERM: 버스피어·파스·도박장.,"えっ<G0022>
そのドロボーって<G0026>",SUPPORTED,"0022,0026",NONE,
SCN_00214000_00740000_0195,SCENARIO,scenario_message,DATA/00214000.MDZ,DATA/00214000.MDT,0x00740000,00214000,194,0x00738760,0x0073875b,cc e4 e9 47 46 08 94 b5 c2 9a 21 a3 f5 b4 f4 8a 98 c2 a0 7e 46 44 0d ff 00,"オットー…
ちゃんと、反省してんのか…？","오토…
제대로 반성하고 있는 거야…?",UNASSIGNED,ユウキ,"[{""offset"":-5,""raw_hex"":""02 0e 00 08 00"",""kind"":""MESSAGE_HEADER"",""opcode"":2,""argument"":8},{""offset"":5,""raw_hex"":""08"",""kind"":""LINE_BREAK""},{""offset"":22,""raw_hex"":""0d ff 00"",""kind"":""MESSAGE_END""}]",REVIEW_1,NO,CHARACTER_GUIDE v0.1 적용. context-v1 복원 원문 1차 번역.,SUPPORTED: structured scenario command; header FACE slot maps to face_yuuki_09; runtime display not yet checked. PROVEN: byte-identical source command exists at the same path and offsets on Disc 2. SUPPORTED: context-v1 glyph 복원; 런타임 원문 검증 전. TERM: 버스피어·파스·도박장.,"オットー<G0026>
ちゃんと<G0001>反<G04A4>してんのか<G0026>？",SUPPORTED,"0001,0026,04A4",NONE,
SCN_00214000_00740000_0196,SCENARIO,scenario_message,DATA/00214000.MDZ,DATA/00214000.MDT,0x00740000,00214000,195,0x007389cb,0x007389c6,90 79 2e f4 79 9c ba 08 59 f1 5a f1 9d a1 ba 82 75 bd da f0 93 bf 08 90 be 9d 21 94 b5 c2 9a 75 b6 b0 95 92 8a 0d ff 00,"そう言うなよ
子供にはよくある事だろ
それに、ちゃんとあやまったし","그렇게 말하지 마
아이들에게는 흔히 있는 일이잖아
게다가 제대로 사과도 했고.",UNASSIGNED,ユウキ,"[{""offset"":-5,""raw_hex"":""02 0e 00 02 00"",""kind"":""MESSAGE_HEADER"",""opcode"":2,""argument"":2},{""offset"":7,""raw_hex"":""08"",""kind"":""LINE_BREAK""},{""offset"":22,""raw_hex"":""08"",""kind"":""LINE_BREAK""},{""offset"":37,""raw_hex"":""0d ff 00"",""kind"":""MESSAGE_END""}]",REVIEW_1,NO,CHARACTER_GUIDE v0.1 적용. context-v1 복원 원문 1차 번역.,SUPPORTED: structured scenario command; header FACE slot maps to face_yuuki_03; runtime display not yet checked. PROVEN: byte-identical source command exists at the same path and offsets on Disc 2. SUPPORTED: context-v1 glyph 복원; 런타임 원문 검증 전. TERM: 버스피어·파스·도박장.,"そう<G041E>うなよ
子供にはよくある事だろ
それに<G0001>ちゃんとあやまったし",SUPPORTED,"0001,041E",NONE,
SCN_00214000_00740000_0197,SCENARIO,scenario_message,DATA/00214000.MDZ,DATA/00214000.MDT,0x00740000,00214000,196,0x00738f3e,0x00738f39,75 75 21 9a 9c bc a0 61 f2 a0 59 f1 7e 46 08 59 f1 5a f1 a0 d3 3a f0 cd 9d 08 3b f4 c1 88 f0 8c a0 a1 21 9b 79 7e 9a a1 f1 79 8f 08 c4 3d f0 26 f0 c5 eb 0d ff 00,"ああ、となりの男の子か…
子供のケンカに
口を出すのは、どうかと思うよ
アルフィナ","아, 옆집 남자아이 말이구나…
아이들 싸움에
끼어드는 건 좀 그렇다고 생각해
알피나.",UNASSIGNED,ユウキ,"[{""offset"":-5,""raw_hex"":""02 0e 00 01 00"",""kind"":""MESSAGE_HEADER"",""opcode"":2,""argument"":1},{""offset"":14,""raw_hex"":""08"",""kind"":""LINE_BREAK""},{""offset"":25,""raw_hex"":""08"",""kind"":""LINE_BREAK""},{""offset"":43,""raw_hex"":""08"",""kind"":""LINE_BREAK""},{""offset"":51,""raw_hex"":""0d ff 00"",""kind"":""MESSAGE_END""}]",REVIEW_1,NO,CHARACTER_GUIDE v0.1 적용. context-v1 복원 원문 1차 번역.,SUPPORTED: structured scenario command; header FACE slot maps to face_yuuki_02; runtime display not yet checked. PROVEN: byte-identical source command exists at the same path and offsets on Disc 2. SUPPORTED: context-v1 glyph 복원; 런타임 원문 검증 전. TERM: 버스피어·파스·도박장.,"ああ<G0001>となりの男の子か<G0026>
子供のケンカに
口を出すのは<G0001>どうかと思う<G006F>
アルフィナ",SUPPORTED,"0001,0026,006F",NONE,
SCN_00214000_00740000_0198,SCENARIO,scenario_message,DATA/00214000.MDZ,DATA/00214000.MDT,0x00740000,00214000,197,0x00738fca,0x00738fc5,4e 21 f0 cd 95 98 2e f4 95 92 d7 f0 7f 21 f0 cd 4f 08 95 98 21 95 f3 a9 f2 99 97 f4 95 92 93 bf 44 08 90 79 77 79 86 9a 88 43 0d ff 00,"「バカって言った人がバカ」
って、学校で習っただろ？
そういうことさ！","「바보라고 한 사람이 바보」라고
학교에서 배웠잖아?
그런 뜻이야!",UNASSIGNED,ユウキ,"[{""offset"":-5,""raw_hex"":""02 0e 00 03 00"",""kind"":""MESSAGE_HEADER"",""opcode"":2,""argument"":3},{""offset"":17,""raw_hex"":""08"",""kind"":""LINE_BREAK""},{""offset"":33,""raw_hex"":""08"",""kind"":""LINE_BREAK""},{""offset"":42,""raw_hex"":""0d ff 00"",""kind"":""MESSAGE_END""}]",REVIEW_1,NO,CHARACTER_GUIDE v0.1 적용. context-v1 복원 원문 1차 번역.,SUPPORTED: structured scenario command; header FACE slot maps to face_yuuki_04; runtime display not yet checked. PROVEN: byte-identical source command exists at the same path and offsets on Disc 2. SUPPORTED: context-v1 glyph 복원; 런타임 원문 검증 전. TERM: 버스피어·파스·도박장.,"<G002E>バカって<G041E>った人がバカ<G002F>
って<G0001>学<G02F9>で<G0487>っただろ？
そういうことさ！",SUPPORTED,"0001,002E,002F,041E,0487",SUPPORTED,02F9
SCN_00214000_00740000_0199,SCENARIO,scenario_message,DATA/00214000.MDZ,DATA/00214000.MDT,0x00740000,00214000,198,0x00739035,0x00739030,77 b6 46 21 c4 3a f0 26 f0 cb d2 9d 08 95 f3 a9 f2 a1 9c 7e 95 92 7e bb 08 30 f0 3b f0 3a f0 e2 9d 96 f2 c0 95 92 c2 93 46 0d ff 00,"いや…、アンフォグに
学校はなかったから
ミランダに教わったんだ…","아니… 안포그에는
학교가 없었으니까
미란다에게 배웠어…",UNASSIGNED,ユウキ,"[{""offset"":-5,""raw_hex"":""02 0e 00 08 00"",""kind"":""MESSAGE_HEADER"",""opcode"":2,""argument"":8},{""offset"":12,""raw_hex"":""08"",""kind"":""LINE_BREAK""},{""offset"":24,""raw_hex"":""08"",""kind"":""LINE_BREAK""},{""offset"":41,""raw_hex"":""0d ff 00"",""kind"":""MESSAGE_END""}]",REVIEW_1,NO,CHARACTER_GUIDE v0.1 적용. context-v1 복원 원문 1차 번역.,SUPPORTED: structured scenario command; header FACE slot maps to face_yuuki_09; runtime display not yet checked. PROVEN: byte-identical source command exists at the same path and offsets on Disc 2. SUPPORTED: context-v1 glyph 복원; 런타임 원문 검증 전. TERM: 버스피어·파스·도박장.,"いや<G0026><G0001>アンフォグに
学<G02F9>はなかったから
ミランダに<G02E6>わったんだ<G0026>",SUPPORTED,"0001,0026,02E6",SUPPORTED,02F9
SCN_00214000_00740000_0200,SCENARIO,scenario_message,DATA/00214000.MDZ,DATA/00214000.MDT,0x00740000,00214000,199,0x00739098,0x00739093,90 79 77 79 5b f1 5b f0 8b b5 08 9c 77 c2 93 84 9b 9c 46 0d ff 00,"そういう意味じゃ
ないんだけどな…","그런 뜻은
아닌데…",UNASSIGNED,ユウキ,"[{""offset"":-5,""raw_hex"":""02 0e 00 06 00"",""kind"":""MESSAGE_HEADER"",""opcode"":2,""argument"":6},{""offset"":10,""raw_hex"":""08"",""kind"":""LINE_BREAK""},{""offset"":19,""raw_hex"":""0d ff 00"",""kind"":""MESSAGE_END""}]",REVIEW_1,NO,CHARACTER_GUIDE v0.1 적용. context-v1 복원 원문 1차 번역.,SUPPORTED: structured scenario command; header FACE slot maps to face_yuuki_07; runtime display not yet checked. PROVEN: byte-identical source command exists at the same path and offsets on Disc 2. SUPPORTED: context-v1 glyph 복원; 런타임 원문 검증 전. TERM: 버스피어·파스·도박장.,"そういう意味じゃ
ないんだけどな<G0026>",SUPPORTED,0026,NONE,
SCN_00214000_00740000_0201,SCENARIO,scenario_message,DATA/00214000.MDZ,DATA/00214000.MDT,0x00740000,00214000,200,0x007393dd,0x007393d8,c7 f4 49 f4 9c ab f3 8a 98 c2 9c 43 08 77 8b b3 bb be 99 b4 8a 92 7e 44 0d ff 00,"深刻な顔してんな！
いじめられでもしたか？","심각한 얼굴을 하고 있네!
괴롭힘이라도 당했어?",UNASSIGNED,ユウキ,"[{""offset"":-5,""raw_hex"":""02 0e 00 02 00"",""kind"":""MESSAGE_HEADER"",""opcode"":2,""argument"":2},{""offset"":12,""raw_hex"":""08"",""kind"":""LINE_BREAK""},{""offset"":24,""raw_hex"":""0d ff 00"",""kind"":""MESSAGE_END""}]",REVIEW_1,NO,CHARACTER_GUIDE v0.1 적용. context-v1 복원 원문 1차 번역.,SUPPORTED: structured scenario command; header FACE slot maps to face_yuuki_03; runtime display not yet checked. PROVEN: byte-identical source command exists at the same path and offsets on Disc 2. SUPPORTED: context-v1 glyph 복원; 런타임 원문 검증 전. TERM: 버스피어·파스·도박장.,"<G04B7>刻な<G03CB>してんな！
いじめられでもしたか？",SUPPORTED,03CB,SUPPORTED,04B7
SCN_00214000_00740000_0202,SCENARIO,scenario_message,DATA/00214000.MDZ,DATA/00214000.MDT,0x00740000,00214000,201,0x00739429,0x00739424,c2 44 21 4d f4 9c c2 98 2e f4 95 92 44 0d ff 00,ん？、あなんて言った？,응? 뭐라고 했지?,UNASSIGNED,ユウキ,"[{""offset"":-5,""raw_hex"":""02 0e 00 02 00"",""kind"":""MESSAGE_HEADER"",""opcode"":2,""argument"":2},{""offset"":13,""raw_hex"":""0d ff 00"",""kind"":""MESSAGE_END""}]",REVIEW_1,NO,CHARACTER_GUIDE v0.1 적용. context-v1 복원 원문 1차 번역.,SUPPORTED: structured scenario command; header FACE slot maps to face_yuuki_03; runtime display not yet checked. PROVEN: byte-identical source command exists at the same path and offsets on Disc 2. SUPPORTED: context-v1 glyph 복원; 런타임 원문 검증 전. TERM: 버스피어·파스·도박장.,ん？<G0001><G043D>なんて<G041E>った？,SUPPORTED,"0001,041E,043D",NONE,
SCN_00214000_00740000_0203,SCENARIO,scenario_message,DATA/00214000.MDZ,DATA/00214000.MDT,0x00740000,00214000,202,0x0073946a,0x00739465,c8 f5 86 7b 9c 77 ba 08 88 95 80 21 9c c2 98 2e f4 95 92 c2 93 44 0d ff 00,"聞こえないよ
さっき、なんて言ったんだ？","안 들려
아까 뭐라고 말한 거야?",UNASSIGNED,ユウキ,"[{""offset"":-5,""raw_hex"":""02 0e 00 01 00"",""kind"":""MESSAGE_HEADER"",""opcode"":2,""argument"":1},{""offset"":7,""raw_hex"":""08"",""kind"":""LINE_BREAK""},{""offset"":22,""raw_hex"":""0d ff 00"",""kind"":""MESSAGE_END""}]",REVIEW_1,NO,CHARACTER_GUIDE v0.1 적용. context-v1 복원 원문 1차 번역.,SUPPORTED: structured scenario command; header FACE slot maps to face_yuuki_02; runtime display not yet checked. PROVEN: byte-identical source command exists at the same path and offsets on Disc 2. SUPPORTED: context-v1 glyph 복원; 런타임 원문 검증 전. TERM: 버스피어·파스·도박장.,"聞こえないよ
さっき<G0001>なんて<G041E>ったんだ？",SUPPORTED,"0001,041E",NONE,
SCN_00214000_00740000_0204,SCENARIO,scenario_message,DATA/00214000.MDZ,DATA/00214000.MDT,0x00740000,00214000,203,0x007394be,0x007394b9,46 9c 9d 7f 44 0d ff 00,…なにが？,…뭐가?,UNASSIGNED,ユウキ,"[{""offset"":-5,""raw_hex"":""02 0e 00 0b 00"",""kind"":""MESSAGE_HEADER"",""opcode"":2,""argument"":11},{""offset"":5,""raw_hex"":""0d ff 00"",""kind"":""MESSAGE_END""}]",REVIEW_1,NO,CHARACTER_GUIDE v0.1 적용. context-v1 복원 원문 1차 번역.,SUPPORTED: structured scenario command; header FACE slot maps to face_yuuki_12; runtime display not yet checked. PROVEN: byte-identical source command exists at the same path and offsets on Disc 2. SUPPORTED: context-v1 glyph 복원; 런타임 원문 검증 전. TERM: 버스피어·파스·도박장.,<G0026>なにが？,SUPPORTED,0026,NONE,
SCN_00214000_00740000_0205,SCENARIO,scenario_message,DATA/00214000.MDZ,DATA/00214000.MDT,0x00740000,00214000,204,0x007394f3,0x007394ee,ec f1 bb 9c 77 a1 8d 9c 77 93 bf 08 2e f4 95 98 87 bb c2 0d ff 00,"知らないはずないだろ
言ってごらん","모를 리가 없잖아
말해 봐.",UNASSIGNED,ユウキ,"[{""offset"":-5,""raw_hex"":""02 0e 00 02 00"",""kind"":""MESSAGE_HEADER"",""opcode"":2,""argument"":2},{""offset"":11,""raw_hex"":""08"",""kind"":""LINE_BREAK""},{""offset"":19,""raw_hex"":""0d ff 00"",""kind"":""MESSAGE_END""}]",REVIEW_1,NO,CHARACTER_GUIDE v0.1 적용. context-v1 복원 원문 1차 번역.,SUPPORTED: structured scenario command; header FACE slot maps to face_yuuki_03; runtime display not yet checked. PROVEN: byte-identical source command exists at the same path and offsets on Disc 2. SUPPORTED: context-v1 glyph 복원; 런타임 원문 검증 전. TERM: 버스피어·파스·도박장.,"知らないはずないだろ
<G041E>ってごらん",SUPPORTED,041E,NONE,
SCN_00214000_00740000_0206,SCENARIO,scenario_message,DATA/00214000.MDZ,DATA/00214000.MDT,0x00740000,00214000,205,0x00739538,0x00739533,34 f5 98 ba 21 20 f0 e4 cf 3c f0 8a 9c 77 9c 08 80 f3 c1 3a f3 8a 98 c2 93 44 0d ff 00,"待てよ、ハッキリしないな
何を隠してんだ？","잠깐만, 분명하지가 않네
뭘 숨기고 있는 거야?",UNASSIGNED,ユウキ,"[{""offset"":-5,""raw_hex"":""02 0e 00 0b 00"",""kind"":""MESSAGE_HEADER"",""opcode"":2,""argument"":11},{""offset"":15,""raw_hex"":""08"",""kind"":""LINE_BREAK""},{""offset"":26,""raw_hex"":""0d ff 00"",""kind"":""MESSAGE_END""}]",REVIEW_1,NO,CHARACTER_GUIDE v0.1 적용. context-v1 복원 원문 1차 번역.,SUPPORTED: structured scenario command; header FACE slot maps to face_yuuki_12; runtime display not yet checked. PROVEN: byte-identical source command exists at the same path and offsets on Disc 2. SUPPORTED: context-v1 glyph 복원; 런타임 원문 검증 전. TERM: 버스피어·파스·도박장.,"<G04F4>てよ<G0001>ハッキリしないな
何を<G035A>してんだ？",SUPPORTED,"0001,035A,04F4",NONE,
SCN_00214000_00740000_0207,SCENARIO,scenario_message,DATA/00214000.MDZ,DATA/00214000.MDT,0x00740000,00214000,206,0x00739875,0x00739870,9c 74 21 86 86 a0 b8 f0 86 f4 c6 f3 95 98 08 de f4 64 f0 a0 ad 7e 9d a1 08 9b c2 9c a0 b6 95 98 bd c2 93 44 0d ff 00,"なぁ、ここの紙芝居って
昔話のほかには
どんなのやってるんだ？","저기, 여기 그림 연극은
옛날이야기 말고는
어떤 걸 공연해?",UNASSIGNED,ユウキ,"[{""offset"":-5,""raw_hex"":""02 0e 00 02 00"",""kind"":""MESSAGE_HEADER"",""opcode"":2,""argument"":2},{""offset"":14,""raw_hex"":""08"",""kind"":""LINE_BREAK""},{""offset"":24,""raw_hex"":""08"",""kind"":""LINE_BREAK""},{""offset"":36,""raw_hex"":""0d ff 00"",""kind"":""MESSAGE_END""}]",REVIEW_1,NO,CHARACTER_GUIDE v0.1 적용. context-v1 복원 원문 1차 번역.,SUPPORTED: structured scenario command; header FACE slot maps to face_yuuki_03; runtime display not yet checked. PROVEN: byte-identical source command exists at the same path and offsets on Disc 2. SUPPORTED: context-v1 glyph 복원; 런타임 원문 검증 전. TERM: 버스피어·파스·도박장.,"な<G0054><G0001>ここの<G0168><G0476><G03E6>って
<G04CE><G0114>のほかには
どんなのやってるんだ？",SUPPORTED,"0001,0054,0114,04CE",SUPPORTED,"0168,03E6,0476"
SCN_00214000_00740000_0208,SCENARIO,scenario_message,DATA/00214000.MDZ,DATA/00214000.MDT,0x00740000,00214000,207,0x007398cd,0x007398c8,9c 95 46 42 08 e6 f1 21 8a f0 bd a0 7e 42 0d ff 00,"なっ…？
金、取るのか？","뭐…?
돈을 받는다고?",UNASSIGNED,ユウキ,"[{""offset"":-5,""raw_hex"":""02 0e 00 06 00"",""kind"":""MESSAGE_HEADER"",""opcode"":2,""argument"":6},{""offset"":4,""raw_hex"":""08"",""kind"":""LINE_BREAK""},{""offset"":14,""raw_hex"":""0d ff 00"",""kind"":""MESSAGE_END""}]",REVIEW_1,NO,CHARACTER_GUIDE v0.1 적용. context-v1 복원 원문 1차 번역.,SUPPORTED: structured scenario command; header FACE slot maps to face_yuuki_07; runtime display not yet checked. PROVEN: byte-identical source command exists at the same path and offsets on Disc 2. SUPPORTED: context-v1 glyph 복원; 런타임 원문 검증 전. TERM: 버스피어·파스·도박장.,"なっ<G0026><G0022>
金<G0001>取るのか<G0022>",SUPPORTED,"0001,0022,0026",NONE,
SCN_00214000_00740000_0209,SCENARIO,scenario_message,DATA/00214000.MDZ,DATA/00214000.MDT,0x00740000,00214000,208,0x007398f8,0x007398f3,a1 a1 43 08 94 b5 95 7e bc 8a 92 2d f0 c8 dc 93 9c 08 90 79 93 9c 46 21 55 60 75 85 bd ba 0d ff 00,"はは！
ちゃっかりしたボウズだな
そうだな…、5Gあげるよ","하하!
야무진 꼬마네
그럼… 5G 줄게.",UNASSIGNED,ユウキ,"[{""offset"":-5,""raw_hex"":""02 0e 00 03 00"",""kind"":""MESSAGE_HEADER"",""opcode"":2,""argument"":3},{""offset"":3,""raw_hex"":""08"",""kind"":""LINE_BREAK""},{""offset"":17,""raw_hex"":""08"",""kind"":""LINE_BREAK""},{""offset"":30,""raw_hex"":""0d ff 00"",""kind"":""MESSAGE_END""}]",REVIEW_1,NO,CHARACTER_GUIDE v0.1 적용. context-v1 복원 원문 1차 번역.,SUPPORTED: structured scenario command; header FACE slot maps to face_yuuki_04; runtime display not yet checked. PROVEN: byte-identical source command exists at the same path and offsets on Disc 2. SUPPORTED: context-v1 glyph 복원; 런타임 원문 검증 전. TERM: 버스피어·파스·도박장.,"はは！
ちゃっかりしたボウズだな
そうだな<G0026><G0001><G0035><G0040>あげるよ",SUPPORTED,"0001,0026,0035",SUPPORTED,0040
SCN_00214000_00740000_0210,SCENARIO,scenario_message,DATA/00214000.MDZ,DATA/00214000.MDT,0x00740000,00214000,209,0x0073996d,0x00739968,c6 35 f0 9c aa f0 35 f1 96 f2 64 f3 93 9c 43 08 b0 74 21 77 77 b6 08 48 f3 a0 d7 f0 9d c8 f5 82 ba 0d ff 00,"イヤな家庭教育だな！
まぁ、いいや
他の人に聞くよ","참 별난 가정교육이네!
뭐, 됐어
다른 사람에게 물어볼게.",UNASSIGNED,ユウキ,"[{""offset"":-5,""raw_hex"":""02 0e 00 08 00"",""kind"":""MESSAGE_HEADER"",""opcode"":2,""argument"":8},{""offset"":15,""raw_hex"":""08"",""kind"":""LINE_BREAK""},{""offset"":22,""raw_hex"":""08"",""kind"":""LINE_BREAK""},{""offset"":33,""raw_hex"":""0d ff 00"",""kind"":""MESSAGE_END""}]",REVIEW_1,NO,CHARACTER_GUIDE v0.1 적용. context-v1 복원 원문 1차 번역.,SUPPORTED: structured scenario command; header FACE slot maps to face_yuuki_09; runtime display not yet checked. PROVEN: byte-identical source command exists at the same path and offsets on Disc 2. SUPPORTED: context-v1 glyph 복원; 런타임 원문 검증 전. TERM: 버스피어·파스·도박장.,"イヤな家<G01B5><G02E6><G0384>だな！
ま<G0054><G0001>いいや
<G0368>の人に聞くよ",SUPPORTED,"0001,0054,02E6,0368,0384",SUPPORTED,01B5
SCN_00214000_00740000_0211,SCENARIO,scenario_message,DATA/00214000.MDZ,DATA/00214000.MDT,0x00740000,00214000,210,0x007399c9,0x007399c4,59 f1 5a f1 9c bb 21 b4 79 a6 f0 8a 08 59 f1 5a f1 bb 8a 82 8a 92 5c f0 7f 08 7d 86 97 7e 77 93 95 98 08 b4 bb 7b bd 8f 43 0d ff 00,"子供なら、もう少し
子供らしくした方が
おこづかいだって
もらえるよ！","아이라면 좀 더
아이답게 구는 편이
용돈도
받을 수 있어!",UNASSIGNED,ユウキ,"[{""offset"":-5,""raw_hex"":""02 0e 00 08 00"",""kind"":""MESSAGE_HEADER"",""opcode"":2,""argument"":8},{""offset"":12,""raw_hex"":""08"",""kind"":""LINE_BREAK""},{""offset"":25,""raw_hex"":""08"",""kind"":""LINE_BREAK""},{""offset"":34,""raw_hex"":""08"",""kind"":""LINE_BREAK""},{""offset"":41,""raw_hex"":""0d ff 00"",""kind"":""MESSAGE_END""}]",REVIEW_1,NO,CHARACTER_GUIDE v0.1 적용. context-v1 복원 원문 1차 번역.,SUPPORTED: structured scenario command; header FACE slot maps to face_yuuki_09; runtime display not yet checked. PROVEN: byte-identical source command exists at the same path and offsets on Disc 2. SUPPORTED: context-v1 glyph 복원; 런타임 원문 검증 전. TERM: 버스피어·파스·도박장.,"子供なら<G0001>もう少し
子供らしくした方が
おこづかいだって
もらえる<G006F>！",SUPPORTED,"0001,006F",NONE,
SCN_00214000_00740000_0212,SCENARIO,scenario_message,DATA/00214000.MDZ,DATA/00214000.MDT,0x00740000,00214000,211,0x00739aa3,0x00739a9e,a1 a1 43 21 ea f2 4f f4 87 95 86 7e 44 08 99 b4 21 90 79 77 79 a0 a1 08 59 f1 5a f1 82 f5 70 f1 99 b6 bd b4 c2 93 8f 43 0d ff 00,"はは！、結婚ごっこか？
でも、そういうのは
子供同士でやるもんだよ！","하하! 결혼놀이라니?
하지만 그런 건
아이들끼리 하는 거야!",UNASSIGNED,ユウキ,"[{""offset"":-5,""raw_hex"":""02 0e 00 03 00"",""kind"":""MESSAGE_HEADER"",""opcode"":2,""argument"":3},{""offset"":13,""raw_hex"":""08"",""kind"":""LINE_BREAK""},{""offset"":23,""raw_hex"":""08"",""kind"":""LINE_BREAK""},{""offset"":40,""raw_hex"":""0d ff 00"",""kind"":""MESSAGE_END""}]",REVIEW_1,NO,CHARACTER_GUIDE v0.1 적용. context-v1 복원 원문 1차 번역.,SUPPORTED: structured scenario command; header FACE slot maps to face_yuuki_04; runtime display not yet checked. PROVEN: byte-identical source command exists at the same path and offsets on Disc 2. SUPPORTED: context-v1 glyph 복원; 런타임 원문 검증 전. TERM: 버스피어·파스·도박장.,"はは！<G0001>結<G043F>ごっこか？
でも<G0001>そういうのは
子供<G0542>士でやるもんだ<G006F>！",SUPPORTED,"0001,006F,043F,0542",NONE,
SCN_00214000_00740000_0213,SCENARIO,scenario_message,DATA/00214000.MDZ,DATA/00214000.MDT,0x00740000,00214000,212,0x00739b39,0x00739b34,52 50 80 f2 60 93 95 98 88 08 9b 79 8c bd 21 c4 3d f0 26 f0 c5 eb 44 0d ff 00,"20万Gだってさ
どうする、アルフィナ？","20만 G라는데
어떻게 할래, 알피나?",UNASSIGNED,ユウキ,"[{""offset"":-5,""raw_hex"":""02 0e 00 08 00"",""kind"":""MESSAGE_HEADER"",""opcode"":2,""argument"":8},{""offset"":9,""raw_hex"":""08"",""kind"":""LINE_BREAK""},{""offset"":23,""raw_hex"":""0d ff 00"",""kind"":""MESSAGE_END""}]",REVIEW_1,NO,CHARACTER_GUIDE v0.1 적용. context-v1 복원 원문 1차 번역.,SUPPORTED: structured scenario command; header FACE slot maps to face_yuuki_09; runtime display not yet checked. PROVEN: byte-identical source command exists at the same path and offsets on Disc 2. SUPPORTED: context-v1 glyph 복원; 런타임 원문 검증 전. TERM: 버스피어·파스·도박장.,"20万<G0040>だってさ
どうする<G0001>アルフィナ？",SUPPORTED,0001,SUPPORTED,0040
SCN_00214000_00740000_0215,SCENARIO,scenario_message,DATA/00214000.MDZ,DATA/00214000.MDT,0x00740000,00214000,214,0x0073a1bd,0x0073a1b8,75 a0 59 f1 a0 7d 9f f0 88 c2 95 98 08 9b c2 9c d7 f0 9c c2 93 44 0d ff 00,"あの子のお父さんって
どんな人なんだ？","그 아이의 아버지는
어떤 사람이야?",UNASSIGNED,ユウキ,"[{""offset"":-5,""raw_hex"":""02 0e 00 01 00"",""kind"":""MESSAGE_HEADER"",""opcode"":2,""argument"":1},{""offset"":12,""raw_hex"":""08"",""kind"":""LINE_BREAK""},{""offset"":22,""raw_hex"":""0d ff 00"",""kind"":""MESSAGE_END""}]",REVIEW_1,NO,CHARACTER_GUIDE v0.1 적용. context-v1 복원 원문 1차 번역.,SUPPORTED: structured scenario command; header FACE slot maps to face_yuuki_02; runtime display not yet checked. PROVEN: byte-identical source command exists at the same path and offsets on Disc 2. SUPPORTED: context-v1 glyph 복원; 런타임 원문 검증 전. TERM: 버스피어·파스·도박장.,"あの子のお<G014F>さんって
どんな人なんだ？",NONE,,SUPPORTED,014F
SCN_00214000_00740000_0216,SCENARIO,scenario_message,DATA/00214000.MDZ,DATA/00214000.MDT,0x00740000,00214000,215,0x0073a2fd,0x0073a2f8,46 7d b0 7b b4 21 95 98 86 9a a1 08 75 c2 92 b4 7e 44 0d ff 00,"…おまえも、ってことは
あんたもか？","…너도 그렇다는 건
당신도 그래?",UNASSIGNED,ユウキ,"[{""offset"":-5,""raw_hex"":""02 0e 00 0a 00"",""kind"":""MESSAGE_HEADER"",""opcode"":2,""argument"":10},{""offset"":11,""raw_hex"":""08"",""kind"":""LINE_BREAK""},{""offset"":18,""raw_hex"":""0d ff 00"",""kind"":""MESSAGE_END""}]",REVIEW_1,NO,CHARACTER_GUIDE v0.1 적용. context-v1 복원 원문 1차 번역.,SUPPORTED: structured scenario command; header FACE slot maps to face_yuuki_11; runtime display not yet checked. PROVEN: byte-identical source command exists at the same path and offsets on Disc 2. SUPPORTED: context-v1 glyph 복원; 런타임 원문 검증 전. TERM: 버스피어·파스·도박장.,"<G0026>おまえも<G0001>ってことは
あんたもか？",SUPPORTED,"0001,0026",NONE,
SCN_00214000_00740000_0217,SCENARIO,scenario_message,DATA/00214000.MDZ,DATA/00214000.MDT,0x00740000,00214000,216,0x0073a38e,0x0073a389,aa 7a 45 21 8c 87 90 79 93 9c 08 9b c2 9c 49 f1 42 f1 af f3 bc f2 95 98 c2 93 ba 43 08 b0 88 7e 21 d9 36 f0 30 f0 e4 e9 a0 46 42 0d ff 00,"へぇ〜、すごそうだな
どんな飛行機乗ってんだよ！
まさか、シュミットの…？","헤에~ 대단하겠네
어떤 비행기를 타는데!
설마 슈미트의…?",UNASSIGNED,ユウキ,"[{""offset"":-5,""raw_hex"":""02 0e 00 0b 00"",""kind"":""MESSAGE_HEADER"",""opcode"":2,""argument"":11},{""offset"":10,""raw_hex"":""08"",""kind"":""LINE_BREAK""},{""offset"":28,""raw_hex"":""08"",""kind"":""LINE_BREAK""},{""offset"":43,""raw_hex"":""0d ff 00"",""kind"":""MESSAGE_END""}]",REVIEW_1,NO,CHARACTER_GUIDE v0.1 적용. context-v1 복원 원문 1차 번역.,SUPPORTED: structured scenario command; header FACE slot maps to face_yuuki_12; runtime display not yet checked. PROVEN: byte-identical source command exists at the same path and offsets on Disc 2. SUPPORTED: context-v1 glyph 복원; 런타임 원문 검증 전. TERM: 버스피어·파스·도박장.,"へ<G005A>〜<G0001>すごそうだな
どんな飛行機乗ってんだよ！
まさか<G0001>シュミットの<G0026><G0022>",SUPPORTED,"0001,0022,0026,005A",NONE,
SCN_00214000_00740000_0219,SCENARIO,scenario_message,DATA/00214000.MDZ,DATA/00214000.MDT,0x00740000,00214000,218,0x0073a4ec,0x0073a4e7,9c c2 99 93 ba 44 08 86 86 a1 d9 36 f0 30 f0 e4 e9 7f 77 bd 08 92 f3 93 ba 9c 44 0d ff 00,"なんでだよ？
ここはシュミットがいる
街だよな？","왜?
여기는 슈미트가 있는
도시잖아?",UNASSIGNED,ユウキ,"[{""offset"":-5,""raw_hex"":""02 0e 00 0b 00"",""kind"":""MESSAGE_HEADER"",""opcode"":2,""argument"":11},{""offset"":6,""raw_hex"":""08"",""kind"":""LINE_BREAK""},{""offset"":20,""raw_hex"":""08"",""kind"":""LINE_BREAK""},{""offset"":27,""raw_hex"":""0d ff 00"",""kind"":""MESSAGE_END""}]",REVIEW_1,NO,CHARACTER_GUIDE v0.1 적용. context-v1 복원 원문 1차 번역.,SUPPORTED: structured scenario command; header FACE slot maps to face_yuuki_12; runtime display not yet checked. PROVEN: byte-identical source command exists at the same path and offsets on Disc 2. SUPPORTED: context-v1 glyph 복원; 런타임 원문 검증 전. TERM: 버스피어·파스·도박장.,"なんでだよ？
ここはシュミットがいる
<G03B2>だよな？",NONE,,SUPPORTED,03B2
SCN_00214000_00740000_0221,SCENARIO,scenario_message,DATA/00214000.MDZ,DATA/00214000.MDT,0x00740000,00214000,220,0x0073a812,0x0073a80d,ea f1 95 98 77 79 7e 46 08 9a 9d 7e 82 ee f5 dc f2 99 08 24 f5 72 f8 8a 98 92 93 84 9c c2 93 08 cc 3e f0 a4 9a bc a0 6a f2 8b b5 9c 77 7e bb 9f 0d ff 00,"腕っていうか…
とにかく夢中で
操縦してただけなんだ
オレひとりの命じゃないからね","실력이라기보다는…
그저 정신없이
조종했을 뿐이야
나 혼자만의 목숨이 아니니까.",UNASSIGNED,ユウキ,"[{""offset"":-5,""raw_hex"":""02 0e 00 09 00"",""kind"":""MESSAGE_HEADER"",""opcode"":2,""argument"":9},{""offset"":8,""raw_hex"":""08"",""kind"":""LINE_BREAK""},{""offset"":18,""raw_hex"":""08"",""kind"":""LINE_BREAK""},{""offset"":31,""raw_hex"":""08"",""kind"":""LINE_BREAK""},{""offset"":48,""raw_hex"":""0d ff 00"",""kind"":""MESSAGE_END""}]",REVIEW_1,NO,CHARACTER_GUIDE v0.1 적용. context-v1 복원 원문 1차 번역.,SUPPORTED: structured scenario command; header FACE slot maps to face_yuuki_10; runtime display not yet checked. PROVEN: byte-identical source command exists at the same path and offsets on Disc 2. SUPPORTED: context-v1 glyph 복원; 런타임 원문 검증 전. TERM: 버스피어·파스·도박장.,"<G026A>っていうか<G0026>
とにかく夢中で
<G04E4><G07A2>してただけなんだ
オレひとりの命じゃないからね",SUPPORTED,0026,SUPPORTED,"026A,04E4,07A2"
SCN_00214000_00740000_0222,SCENARIO,scenario_message,DATA/00214000.MDZ,DATA/00214000.MDT,0x00740000,00214000,221,0x0073a9ad,0x0073a9a8,49 f1 42 f1 af f3 bc f2 bc 9d 9c be 9c 77 46 44 08 9b 79 8a 98 46 0d ff 00,"飛行機乗りになれない…？
どうして…","비행기 조종사가 될 수 없다니…?
왜…",UNASSIGNED,ユウキ,"[{""offset"":-5,""raw_hex"":""02 0e 00 01 00"",""kind"":""MESSAGE_HEADER"",""opcode"":2,""argument"":1},{""offset"":16,""raw_hex"":""08"",""kind"":""LINE_BREAK""},{""offset"":22,""raw_hex"":""0d ff 00"",""kind"":""MESSAGE_END""}]",REVIEW_1,NO,CHARACTER_GUIDE v0.1 적용. context-v1 복원 원문 1차 번역.,SUPPORTED: structured scenario command; header FACE slot maps to face_yuuki_02; runtime display not yet checked. PROVEN: byte-identical source command exists at the same path and offsets on Disc 2. SUPPORTED: context-v1 glyph 복원; 런타임 원문 검증 전. TERM: 버스피어·파스·도박장.,"飛行機乗りになれない<G0026>？
どうして<G0026>",SUPPORTED,0026,NONE,
SCN_00214000_00740000_0223,SCENARIO,scenario_message,DATA/00214000.MDZ,DATA/00214000.MDT,0x00740000,00214000,222,0x0073aa21,0x0073aa1c,9c 9d 21 f0 cd 9c 86 9a 08 2e f4 95 98 c2 93 ba 43 08 90 c2 9c a0 08 9d f0 bb f0 99 b6 95 98 9c 77 a9 f1 c8 f3 93 8f 43 0d ff 00,"なにバカなこと
言ってんだよ！
そんなの
本気でやってない証拠だよ！","무슨 바보 같은
소리를 하는 거야!
그건
진심으로 하지 않았다는 증거야!",UNASSIGNED,ユウキ,"[{""offset"":-5,""raw_hex"":""02 0e 00 07 00"",""kind"":""MESSAGE_HEADER"",""opcode"":2,""argument"":7},{""offset"":8,""raw_hex"":""08"",""kind"":""LINE_BREAK""},{""offset"":17,""raw_hex"":""08"",""kind"":""LINE_BREAK""},{""offset"":22,""raw_hex"":""08"",""kind"":""LINE_BREAK""},{""offset"":40,""raw_hex"":""0d ff 00"",""kind"":""MESSAGE_END""}]",REVIEW_1,NO,CHARACTER_GUIDE v0.1 적용. context-v1 복원 원문 1차 번역.,SUPPORTED: structured scenario command; header FACE slot maps to face_yuuki_08; runtime display not yet checked. PROVEN: byte-identical source command exists at the same path and offsets on Disc 2. SUPPORTED: context-v1 glyph 복원; 런타임 원문 검증 전. TERM: 버스피어·파스·도박장.,"なにバカなこと
<G041E>ってんだよ！
そんなの
本気でやってない証<G03E8>だ<G006F>！",SUPPORTED,"006F,03E8,041E",NONE,
SCN_00214000_00740000_0224,SCENARIO,scenario_message,DATA/00214000.MDZ,DATA/00214000.MDT,0x00740000,00214000,223,0x0073ab40,0x0073ab3b,7f f1 78 f1 98 a1 08 49 f1 42 f1 af f3 93 84 8b b5 9c 77 08 2a f1 e2 f4 a0 49 f1 42 f1 a5 f1 9d 63 f0 77 92 77 c2 93 46 0d ff 00,"目当ては
飛行機だけじゃない
伝説の飛行王に会いたいんだ…","목적은
비행기만이 아니야
전설의 비행왕을 만나고 싶어…",UNASSIGNED,ユウキ,"[{""offset"":-5,""raw_hex"":""02 0e 00 09 00"",""kind"":""MESSAGE_HEADER"",""opcode"":2,""argument"":9},{""offset"":6,""raw_hex"":""08"",""kind"":""LINE_BREAK""},{""offset"":19,""raw_hex"":""08"",""kind"":""LINE_BREAK""},{""offset"":40,""raw_hex"":""0d ff 00"",""kind"":""MESSAGE_END""}]",REVIEW_1,NO,CHARACTER_GUIDE v0.1 적용. context-v1 복원 원문 1차 번역.,SUPPORTED: structured scenario command; header FACE slot maps to face_yuuki_10; runtime display not yet checked. PROVEN: byte-identical source command exists at the same path and offsets on Disc 2. SUPPORTED: context-v1 glyph 복원; 런타임 원문 검증 전. TERM: 버스피어·파스·도박장.,"<G01FF>当ては
飛行機だけじゃない
伝説の飛行王に<G0113>いたいんだ<G0026>",SUPPORTED,"0026,0113,01FF",NONE,
SCN_00214000_00740000_0225,SCENARIO,scenario_message,DATA/00214000.MDZ,DATA/00214000.MDT,0x00740000,00214000,224,0x0073ab85,0x0073ab80,cc 3e f0 21 d9 36 f0 30 f0 e4 e9 9d 46 08 2a f1 e2 f4 a0 49 f1 42 f1 a5 f1 9d 63 f0 77 92 77 c2 93 41 0d ff 00,"オレ、シュミットに…
伝説の飛行王に会いたいんだ！","나는 슈미트…
전설의 비행왕을 만나고 싶어!",UNASSIGNED,ユウキ,"[{""offset"":-5,""raw_hex"":""02 0e 00 07 00"",""kind"":""MESSAGE_HEADER"",""opcode"":2,""argument"":7},{""offset"":13,""raw_hex"":""08"",""kind"":""LINE_BREAK""},{""offset"":34,""raw_hex"":""0d ff 00"",""kind"":""MESSAGE_END""}]",REVIEW_1,NO,CHARACTER_GUIDE v0.1 적용. context-v1 복원 원문 1차 번역.,SUPPORTED: structured scenario command; header FACE slot maps to face_yuuki_08; runtime display not yet checked. PROVEN: byte-identical source command exists at the same path and offsets on Disc 2. SUPPORTED: context-v1 glyph 복원; 런타임 원문 검증 전. TERM: 버스피어·파스·도박장.,"オレ<G0001>シュミットに<G0026>
伝説の飛行王に<G0113>いたいんだ<G0021>",SUPPORTED,"0001,0021,0026,0113",NONE,
SCN_00214000_00740000_0227,SCENARIO,scenario_message,DATA/00214000.MDZ,DATA/00214000.MDT,0x00740000,00214000,226,0x0073ace5,0x0073ace0,eb f4 b2 46 95 98 08 80 f3 8a ba 79 95 98 c2 93 ba 44 0d ff 00,"企む…って
何しようってんだよ？","꾸민다니…
뭘 하려는 건데?",UNASSIGNED,ユウキ,"[{""offset"":-5,""raw_hex"":""02 0e 00 06 00"",""kind"":""MESSAGE_HEADER"",""opcode"":2,""argument"":6},{""offset"":6,""raw_hex"":""08"",""kind"":""LINE_BREAK""},{""offset"":18,""raw_hex"":""0d ff 00"",""kind"":""MESSAGE_END""}]",REVIEW_1,NO,CHARACTER_GUIDE v0.1 적용. context-v1 복원 원문 1차 번역.,SUPPORTED: structured scenario command; header FACE slot maps to face_yuuki_07; runtime display not yet checked. PROVEN: byte-identical source command exists at the same path and offsets on Disc 2. SUPPORTED: context-v1 glyph 복원; 런타임 원문 검증 전. TERM: 버스피어·파스·도박장.,"<G04DB>む<G0026>って
何しようってんだよ？",SUPPORTED,0026,SUPPORTED,04DB
SCN_00214000_00740000_0229,SCENARIO,scenario_message,DATA/00214000.MDZ,DATA/00214000.MDT,0x00740000,00214000,228,0x0073ae95,0x0073ae90,49 f1 42 f1 af f3 c1 50 f1 95 98 b4 bb 7b bd c2 93 41 08 90 be b4 21 ef f2 84 f2 88 41 08 cc 3e f0 21 88 f5 b3 bb be 92 c2 93 ba 08 75 a0 49 f1 42 f1 a5 f1 d9 36 f0 30 f0 e4 e9 9d 41 0d ff 00,"飛行機を作ってもらえるんだ！
それも、明日さ！
オレ、認められたんだよ
あの飛行王シュミットに！","비행기를 만들어 준대!
그것도 내일 말이야!
난 인정받았어
그 비행왕 슈미트에게!",UNASSIGNED,ユウキ,"[{""offset"":-5,""raw_hex"":""02 0e 00 03 00"",""kind"":""MESSAGE_HEADER"",""opcode"":2,""argument"":3},{""offset"":18,""raw_hex"":""08"",""kind"":""LINE_BREAK""},{""offset"":29,""raw_hex"":""08"",""kind"":""LINE_BREAK""},{""offset"":43,""raw_hex"":""08"",""kind"":""LINE_BREAK""},{""offset"":61,""raw_hex"":""0d ff 00"",""kind"":""MESSAGE_END""}]",REVIEW_1,NO,CHARACTER_GUIDE v0.1 적용. context-v1 복원 원문 1차 번역.,SUPPORTED: structured scenario command; header FACE slot maps to face_yuuki_04; runtime display not yet checked. PROVEN: byte-identical source command exists at the same path and offsets on Disc 2. SUPPORTED: context-v1 glyph 복원; 런타임 원문 검증 전. TERM: 버스피어·파스·도박장.,"飛行機を作ってもらえるんだ<G0021>
それも<G0001><G033F><G02D4>さ<G0021>
オレ<G0001><G0548>められたんだよ
あの飛行王シュミットに<G0021>",SUPPORTED,"0001,0021,02D4,033F,0548",NONE,
SCN_00214000_00740000_0230,SCENARIO,scenario_message,DATA/00214000.MDZ,DATA/00214000.MDT,0x00740000,00214000,229,0x0073afe7,0x0073afe2,77 b6 21 cc 3e f0 a1 46 0d ff 00,いや、オレは…,"아니, 나는…",UNASSIGNED,アルフィナ,"[{""offset"":-5,""raw_hex"":""02 0e 00 0c 00"",""kind"":""MESSAGE_HEADER"",""opcode"":2,""argument"":12},{""offset"":8,""raw_hex"":""0d ff 00"",""kind"":""MESSAGE_END""}]",REVIEW_1,NO,CHARACTER_GUIDE v0.1 적용. context-v1 복원 원문 1차 번역.,SUPPORTED: structured scenario command; header FACE slot maps to face_alfina_01; runtime display not yet checked. PROVEN: byte-identical source command exists at the same path and offsets on Disc 2. SUPPORTED: context-v1 glyph 복원; 런타임 원문 검증 전. TERM: 버스피어·파스·도박장.,いや<G0001>オレは<G0026>,SUPPORTED,"0001,0026",NONE,
SCN_00214000_00740000_0231,SCENARIO,scenario_message,DATA/00214000.MDZ,DATA/00214000.MDT,0x00740000,00214000,230,0x0073b0d6,0x0073b0d1,c2 46 21 80 f3 7f 44 0d ff 00,ん…、何が？,응… 뭐가?,UNASSIGNED,ユウキ,"[{""offset"":-5,""raw_hex"":""02 0e 00 0b 00"",""kind"":""MESSAGE_HEADER"",""opcode"":2,""argument"":11},{""offset"":7,""raw_hex"":""0d ff 00"",""kind"":""MESSAGE_END""}]",REVIEW_1,NO,CHARACTER_GUIDE v0.1 적용. context-v1 복원 원문 1차 번역.,SUPPORTED: structured scenario command; header FACE slot maps to face_yuuki_12; runtime display not yet checked. PROVEN: byte-identical source command exists at the same path and offsets on Disc 2. SUPPORTED: context-v1 glyph 복원; 런타임 원문 검증 전. TERM: 버스피어·파스·도박장.,ん<G0026><G0001>何が？,SUPPORTED,"0001,0026",NONE,
SCN_00214000_00740000_0232,SCENARIO,scenario_message,DATA/00214000.MDZ,DATA/00214000.MDT,0x00740000,00214000,231,0x0073b1de,0x0073b1d9,90 86 b0 99 8a 98 08 d9 36 f0 30 f0 e4 e9 9d 46 42 0d ff 00,"そこまでして
シュミットに…？","그렇게까지 해서
슈미트에게…?",UNASSIGNED,ユウキ,"[{""offset"":-5,""raw_hex"":""02 0e 00 06 00"",""kind"":""MESSAGE_HEADER"",""opcode"":2,""argument"":6},{""offset"":6,""raw_hex"":""08"",""kind"":""LINE_BREAK""},{""offset"":17,""raw_hex"":""0d ff 00"",""kind"":""MESSAGE_END""}]",REVIEW_1,NO,CHARACTER_GUIDE v0.1 적용. context-v1 복원 원문 1차 번역.,SUPPORTED: structured scenario command; header FACE slot maps to face_yuuki_07; runtime display not yet checked. PROVEN: byte-identical source command exists at the same path and offsets on Disc 2. SUPPORTED: context-v1 glyph 복원; 런타임 원문 검증 전. TERM: 버스피어·파스·도박장.,"そこまでして
シュミットに<G0026><G0022>",SUPPORTED,"0022,0026",NONE,
SCN_00214000_00740000_0234,SCENARIO,scenario_message,DATA/00214000.MDZ,DATA/00214000.MDT,0x00740000,00214000,233,0x0073b365,0x0073b360,75 c2 92 21 4d f4 46 08 80 f3 7e 3a f3 88 9c 7e 95 92 7e 42 0d ff 00,"あんた、あ…
何か隠さなかったか？","당신, 아…
뭔가 숨기지 않았어?",UNASSIGNED,ユウキ,"[{""offset"":-5,""raw_hex"":""02 0e 00 07 00"",""kind"":""MESSAGE_HEADER"",""opcode"":2,""argument"":7},{""offset"":7,""raw_hex"":""08"",""kind"":""LINE_BREAK""},{""offset"":20,""raw_hex"":""0d ff 00"",""kind"":""MESSAGE_END""}]",REVIEW_1,NO,CHARACTER_GUIDE v0.1 적용. context-v1 복원 원문 1차 번역.,SUPPORTED: structured scenario command; header FACE slot maps to face_yuuki_08; runtime display not yet checked. PROVEN: byte-identical source command exists at the same path and offsets on Disc 2. SUPPORTED: context-v1 glyph 복원; 런타임 원문 검증 전. TERM: 버스피어·파스·도박장.,"あんた<G0001><G043D><G0026>
何か<G035A>さなかったか<G0022>",SUPPORTED,"0001,0022,0026,035A,043D",NONE,
SCN_00214000_00740000_0235,SCENARIO,scenario_message,DATA/00214000.MDZ,DATA/00214000.MDT,0x00740000,00214000,234,0x0073b3c6,0x0073b3c1,86 86 a1 21 d9 36 f0 30 f0 e4 e9 a0 69 f5 a0 c0 f0 46 08 7d 8b 88 c2 08 86 c2 9c 9a 86 99 08 80 f3 8a 98 92 c2 93 ba 44 0d ff 00,"ここは、シュミットの店の前…
おじさん
こんなとこで
何してたんだよ？","여기는 슈미트 가게 앞이야…
아저씨는
이런 곳에서
뭐 하고 있었어?",UNASSIGNED,ユウキ,"[{""offset"":-5,""raw_hex"":""02 0e 00 07 00"",""kind"":""MESSAGE_HEADER"",""opcode"":2,""argument"":7},{""offset"":18,""raw_hex"":""08"",""kind"":""LINE_BREAK""},{""offset"":23,""raw_hex"":""08"",""kind"":""LINE_BREAK""},{""offset"":30,""raw_hex"":""08"",""kind"":""LINE_BREAK""},{""offset"":40,""raw_hex"":""0d ff 00"",""kind"":""MESSAGE_END""}]",REVIEW_1,NO,CHARACTER_GUIDE v0.1 적용. context-v1 복원 원문 1차 번역.,SUPPORTED: structured scenario command; header FACE slot maps to face_yuuki_08; runtime display not yet checked. PROVEN: byte-identical source command exists at the same path and offsets on Disc 2. SUPPORTED: context-v1 glyph 복원; 런타임 원문 검증 전. TERM: 버스피어·파스·도박장.,"ここは<G0001>シュミットの<G0529>の<G0170><G0026>
おじさん
こんなとこで
何してたんだよ？",SUPPORTED,"0001,0026,0170,0529",NONE,
SCN_00214000_00740000_0237,SCENARIO,scenario_message,DATA/00214000.MDZ,DATA/00214000.MDT,0x00740000,00214000,236,0x0073b5a1,0x0073b59c,9c c2 7e 46 08 87 f0 95 7e 7e bd 2e f4 77 5c f0 93 9c 46 0d ff 00,"なんか…
引っかかる言い方だな…","뭔가…
신경 쓰이는 말투네…",UNASSIGNED,ユウキ,"[{""offset"":-5,""raw_hex"":""02 0e 00 01 00"",""kind"":""MESSAGE_HEADER"",""opcode"":2,""argument"":1},{""offset"":4,""raw_hex"":""08"",""kind"":""LINE_BREAK""},{""offset"":19,""raw_hex"":""0d ff 00"",""kind"":""MESSAGE_END""}]",REVIEW_1,NO,CHARACTER_GUIDE v0.1 적용. context-v1 복원 원문 1차 번역.,SUPPORTED: structured scenario command; header FACE slot maps to face_yuuki_02; runtime display not yet checked. PROVEN: byte-identical source command exists at the same path and offsets on Disc 2. SUPPORTED: context-v1 glyph 복원; 런타임 원문 검증 전. TERM: 버스피어·파스·도박장.,"なんか<G0026>
引っかかる<G041E>い方だな<G0026>",SUPPORTED,"0026,041E",NONE,
SCN_00214000_00740000_0238,SCENARIO,scenario_message,DATA/00214000.MDZ,DATA/00214000.MDT,0x00740000,00214000,237,0x0073b624,0x0073b61f,b0 c2 b0 9a 46 95 98 08 b0 88 7e 20 f5 31 f4 99 21 80 f3 7e e1 f0 88 c1 46 42 0d ff 00,"まんまと…って
まさか倉庫で、何か悪さを…？","감쪽같이 당했다니…
설마 창고에서 무슨 나쁜 짓을…?",UNASSIGNED,ユウキ,"[{""offset"":-5,""raw_hex"":""02 0e 00 07 00"",""kind"":""MESSAGE_HEADER"",""opcode"":2,""argument"":7},{""offset"":7,""raw_hex"":""08"",""kind"":""LINE_BREAK""},{""offset"":26,""raw_hex"":""0d ff 00"",""kind"":""MESSAGE_END""}]",REVIEW_1,NO,CHARACTER_GUIDE v0.1 적용. context-v1 복원 원문 1차 번역.,SUPPORTED: structured scenario command; header FACE slot maps to face_yuuki_08; runtime display not yet checked. PROVEN: byte-identical source command exists at the same path and offsets on Disc 2. SUPPORTED: context-v1 glyph 복원; 런타임 원문 검증 전. TERM: 버스피어·파스·도박장.,"まんまと<G0026>って
まさか<G04E0><G0421>で<G0001>何か悪さを<G0026><G0022>",SUPPORTED,"0001,0022,0026",SUPPORTED,"0421,04E0"
SCN_00214000_00740000_0239,SCENARIO,scenario_message,DATA/00214000.MDZ,DATA/00214000.MDT,0x00740000,00214000,238,0x0073b69f,0x0073b69a,75 46 21 77 b6 46 0d ff 00,あ…、いや…,아… 아니…,UNASSIGNED,ユウキ,"[{""offset"":-5,""raw_hex"":""02 0e 00 06 00"",""kind"":""MESSAGE_HEADER"",""opcode"":2,""argument"":6},{""offset"":6,""raw_hex"":""0d ff 00"",""kind"":""MESSAGE_END""}]",REVIEW_1,NO,CHARACTER_GUIDE v0.1 적용. context-v1 복원 원문 1차 번역.,SUPPORTED: structured scenario command; header FACE slot maps to face_yuuki_07; runtime display not yet checked. PROVEN: byte-identical source command exists at the same path and offsets on Disc 2. SUPPORTED: context-v1 glyph 복원; 런타임 원문 검증 전. TERM: 버스피어·파스·도박장.,あ<G0026><G0001>いや<G0026>,SUPPORTED,"0001,0026",NONE,
SCN_00214000_00740000_0241,SCENARIO,scenario_message,DATA/00214000.MDZ,DATA/00214000.MDT,0x00740000,00214000,240,0x0073b928,0x0073b923,9c 95 46 43 08 b4 f2 c1 f1 3e f1 93 95 98 e4 42 0d ff 00,"なっ…！
寄生虫だってッ？","뭐…!
기생충이라고?",UNASSIGNED,ユウキ,"[{""offset"":-5,""raw_hex"":""02 0e 00 07 00"",""kind"":""MESSAGE_HEADER"",""opcode"":2,""argument"":7},{""offset"":4,""raw_hex"":""08"",""kind"":""LINE_BREAK""},{""offset"":16,""raw_hex"":""0d ff 00"",""kind"":""MESSAGE_END""}]",REVIEW_1,NO,CHARACTER_GUIDE v0.1 적용. context-v1 복원 원문 1차 번역.,SUPPORTED: structured scenario command; header FACE slot maps to face_yuuki_08; runtime display not yet checked. PROVEN: byte-identical source command exists at the same path and offsets on Disc 2. SUPPORTED: context-v1 glyph 복원; 런타임 원문 검증 전. TERM: 버스피어·파스·도박장.,"なっ<G0026>！
寄生虫だってッ<G0022>",SUPPORTED,"0022,0026",NONE,
SCN_00214000_00740000_0242,SCENARIO,scenario_message,DATA/00214000.MDZ,DATA/00214000.MDT,0x00740000,00214000,241,0x0073ba8e,0x0073ba89,7d 8b 88 c2 b4 4d f0 8b f6 9d 84 f1 bd 44 0d ff 00,おじさんも一緒に来る？,아저씨도 같이 갈래?,UNASSIGNED,ユウキ,"[{""offset"":-5,""raw_hex"":""02 0e 00 03 00"",""kind"":""MESSAGE_HEADER"",""opcode"":2,""argument"":3},{""offset"":14,""raw_hex"":""0d ff 00"",""kind"":""MESSAGE_END""}]",REVIEW_1,NO,CHARACTER_GUIDE v0.1 적용. context-v1 복원 원문 1차 번역.,SUPPORTED: structured scenario command; header FACE slot maps to face_yuuki_04; runtime display not yet checked. PROVEN: byte-identical source command exists at the same path and offsets on Disc 2. SUPPORTED: context-v1 glyph 복원; 런타임 원문 검증 전. TERM: 버스피어·파스·도박장.,おじさんも一<G061B>に来る？,SUPPORTED,061B,NONE,
SCN_00214000_00740000_0243,SCENARIO,scenario_message,DATA/00214000.MDZ,DATA/00214000.MDT,0x00740000,00214000,242,0x0073bbe8,0x0073bbe3,90 79 77 79 86 9a 95 98 46 08 9b 79 77 79 86 9a 93 ba 44 0d ff 00,"そういうことって…
どういうことだよ？","그런 일이라니…
무슨 뜻이야?",UNASSIGNED,ユウキ,"[{""offset"":-5,""raw_hex"":""02 0e 00 0b 00"",""kind"":""MESSAGE_HEADER"",""opcode"":2,""argument"":11},{""offset"":9,""raw_hex"":""08"",""kind"":""LINE_BREAK""},{""offset"":19,""raw_hex"":""0d ff 00"",""kind"":""MESSAGE_END""}]",REVIEW_1,NO,CHARACTER_GUIDE v0.1 적용. context-v1 복원 원문 1차 번역.,SUPPORTED: structured scenario command; header FACE slot maps to face_yuuki_12; runtime display not yet checked. PROVEN: byte-identical source command exists at the same path and offsets on Disc 2. SUPPORTED: context-v1 glyph 복원; 런타임 원문 검증 전. TERM: 버스피어·파스·도박장.,"そういうことって<G0026>
どういうことだよ？",SUPPORTED,0026,NONE,
SCN_00214000_00740000_0244,SCENARIO,scenario_message,DATA/00214000.MDZ,DATA/00214000.MDT,0x00740000,00214000,243,0x0073bd0e,0x0073bd09,2c f0 3a f0 e9 93 08 5c f9 a2 95 7e ca f5 c2 99 46 08 86 86 93 84 08 c4 3a f0 26 f0 cb d2 b1 92 77 93 9c 43 0d ff 00,"ホントだ
夢ばっか並んで…
ここだけ
アンフォグみたいだな！","정말이네
꿈만 늘어서 있어…
여기만은
안포그 같아!",UNASSIGNED,ユウキ,"[{""offset"":-5,""raw_hex"":""02 0e 00 02 00"",""kind"":""MESSAGE_HEADER"",""opcode"":2,""argument"":2},{""offset"":6,""raw_hex"":""08"",""kind"":""LINE_BREAK""},{""offset"":17,""raw_hex"":""08"",""kind"":""LINE_BREAK""},{""offset"":22,""raw_hex"":""08"",""kind"":""LINE_BREAK""},{""offset"":36,""raw_hex"":""0d ff 00"",""kind"":""MESSAGE_END""}]",REVIEW_1,NO,CHARACTER_GUIDE v0.1 적용. context-v1 복원 원문 1차 번역.,SUPPORTED: structured scenario command; header FACE slot maps to face_yuuki_03; runtime display not yet checked. PROVEN: byte-identical source command exists at the same path and offsets on Disc 2. SUPPORTED: context-v1 glyph 복원; 런타임 원문 검증 전. TERM: 버스피어·파스·도박장.,"ホントだ
<G085C>ばっか<G058A>んで<G0026>
ここだけ
アンフォグみたいだな！",SUPPORTED,"0026,058A,085C",NONE,
SCN_00214000_00740000_0246,SCENARIO,scenario_message,DATA/00214000.MDZ,DATA/00214000.MDT,0x00740000,00214000,245,0x0073bdef,0x0073bdea,c4 3a f0 26 f0 cb d2 80 95 98 a0 3d f9 8a f7 aa f0 88 08 5d f0 7b f0 99 21 bb f0 9d 80 f0 bb 9c 77 50 f1 dd f1 a1 08 38 f6 55 f7 9c 82 21 92 92 80 98 f0 8c 08 bd f4 c6 f2 a0 d7 f0 93 46 0d ff 00,"アンフォグきっての芸術家さ
自分で、気に入らない作品は
容赦なく、たたき壊す
情熱の人だ…","안포그 최고의 예술가야
자기가 마음에 들지 않는 작품은
가차 없이 때려 부수는
열정적인 사람이지…",UNASSIGNED,ユウキ,"[{""offset"":-5,""raw_hex"":""02 0e 00 07 00"",""kind"":""MESSAGE_HEADER"",""opcode"":2,""argument"":7},{""offset"":18,""raw_hex"":""08"",""kind"":""LINE_BREAK""},{""offset"":38,""raw_hex"":""08"",""kind"":""LINE_BREAK""},{""offset"":52,""raw_hex"":""08"",""kind"":""LINE_BREAK""},{""offset"":62,""raw_hex"":""0d ff 00"",""kind"":""MESSAGE_END""}]",REVIEW_1,NO,CHARACTER_GUIDE v0.1 적용. context-v1 복원 원문 1차 번역.,SUPPORTED: structured scenario command; header FACE slot maps to face_yuuki_08; runtime display not yet checked. PROVEN: byte-identical source command exists at the same path and offsets on Disc 2. SUPPORTED: context-v1 glyph 복원; 런타임 원문 검증 전. TERM: 버스피어·파스·도박장.,"アンフォグきっての<G083D><G06EA>家さ
自分で<G0001>気に入らない作品は
<G05C8><G06B5>なく<G0001>たたき壊す
<G04AD>熱の人だ<G0026>",SUPPORTED,"0001,0026,04AD,05C8",SUPPORTED,"06B5,06EA,083D"
SCN_00214000_00740000_0247,SCENARIO,scenario_message,DATA/00214000.MDZ,DATA/00214000.MDT,0x00740000,00214000,246,0x0073be50,0x0073be4b,86 c2 9c 28 f3 99 08 ce d9 34 f0 3a f0 7d 8b 88 c2 a0 50 f1 dd f1 9d 08 88 f0 63 f0 79 9c c2 98 9c 46 0d ff 00,"こんな所で
ガシャンおじさんの作品に
出会うなんてな…","이런 곳에서
가샹 아저씨의 작품을
만나게 될 줄이야…",UNASSIGNED,ユウキ,"[{""offset"":-5,""raw_hex"":""02 0e 00 02 00"",""kind"":""MESSAGE_HEADER"",""opcode"":2,""argument"":2},{""offset"":6,""raw_hex"":""08"",""kind"":""LINE_BREAK""},{""offset"":23,""raw_hex"":""08"",""kind"":""LINE_BREAK""},{""offset"":34,""raw_hex"":""0d ff 00"",""kind"":""MESSAGE_END""}]",REVIEW_1,NO,CHARACTER_GUIDE v0.1 적용. context-v1 복원 원문 1차 번역.,SUPPORTED: structured scenario command; header FACE slot maps to face_yuuki_03; runtime display not yet checked. PROVEN: byte-identical source command exists at the same path and offsets on Disc 2. SUPPORTED: context-v1 glyph 복원; 런타임 원문 검증 전. TERM: 버스피어·파스·도박장.,"こんな<G0348>で
ガシャンおじさんの作品に
出<G0113>うなんてな<G0026>",SUPPORTED,"0026,0113,0348",NONE,
SCN_00214000_00740000_0249,SCENARIO,scenario_message,DATA/00214000.MDZ,DATA/00214000.MDT,0x00740000,00214000,248,0x0073bf28,0x0073bf23,a1 a1 95 21 87 b3 c2 21 87 b3 c2 43 08 c4 3d f0 26 f0 c5 eb 7f 08 a1 f0 9a be 98 92 7e bb 88 21 96 77 46 0d ff 00,"ははっ、ごめん、ごめん！
アルフィナが
見とれてたからさ、つい…","하핫, 미안 미안!
알피나가
넋을 잃고 보고 있길래, 그만…",UNASSIGNED,ユウキ,"[{""offset"":-5,""raw_hex"":""02 0e 00 03 00"",""kind"":""MESSAGE_HEADER"",""opcode"":2,""argument"":3},{""offset"":12,""raw_hex"":""08"",""kind"":""LINE_BREAK""},{""offset"":21,""raw_hex"":""08"",""kind"":""LINE_BREAK""},{""offset"":35,""raw_hex"":""0d ff 00"",""kind"":""MESSAGE_END""}]",REVIEW_1,NO,CHARACTER_GUIDE v0.1 적용. context-v1 복원 원문 1차 번역.,SUPPORTED: structured scenario command; header FACE slot maps to face_yuuki_04; runtime display not yet checked. PROVEN: byte-identical source command exists at the same path and offsets on Disc 2. SUPPORTED: context-v1 glyph 복원; 런타임 원문 검증 전. TERM: 버스피어·파스·도박장.,"ははっ<G0001>ごめん<G0001>ごめん！
アルフィナが
見とれてたからさ<G0001>つい<G0026>",SUPPORTED,"0001,0026",NONE,
SCN_00214000_00740000_0251,SCENARIO,scenario_message,DATA/00214000.MDZ,DATA/00214000.MDT,0x00740000,00214000,250,0x0073c024,0x0073c01f,67 f1 a0 56 f5 21 7e 46 0d ff 00,水の街、か…,물의 도시라…,UNASSIGNED,ユウキ,"[{""offset"":-5,""raw_hex"":""02 0e 00 02 00"",""kind"":""MESSAGE_HEADER"",""opcode"":2,""argument"":2},{""offset"":8,""raw_hex"":""0d ff 00"",""kind"":""MESSAGE_END""}]",REVIEW_1,NO,CHARACTER_GUIDE v0.1 적용. context-v1 복원 원문 1차 번역.,SUPPORTED: structured scenario command; header FACE slot maps to face_yuuki_03; runtime display not yet checked. PROVEN: byte-identical source command exists at the same path and offsets on Disc 2. SUPPORTED: context-v1 glyph 복원; 런타임 원문 검증 전. TERM: 버스피어·파스·도박장.,水の<G0516><G0001>か<G0026>,SUPPORTED,"0001,0026,0516",NONE,
SCN_00214000_00740000_0252,SCENARIO,scenario_message,DATA/00214000.MDZ,DATA/00214000.MDT,0x00740000,00214000,251,0x0073c0d1,0x0073c0cc,9c c2 93 bf 79 08 45 f2 74 f0 46 21 7e 9c 44 0d ff 00,"なんだろう
天使…、かな？","뭘까?
천사…일까?",UNASSIGNED,ユウキ,"[{""offset"":-5,""raw_hex"":""02 0e 00 09 00"",""kind"":""MESSAGE_HEADER"",""opcode"":2,""argument"":9},{""offset"":5,""raw_hex"":""08"",""kind"":""LINE_BREAK""},{""offset"":15,""raw_hex"":""0d ff 00"",""kind"":""MESSAGE_END""}]",REVIEW_1,NO,CHARACTER_GUIDE v0.1 적용. context-v1 복원 원문 1차 번역.,SUPPORTED: structured scenario command; header FACE slot maps to face_yuuki_10; runtime display not yet checked. PROVEN: byte-identical source command exists at the same path and offsets on Disc 2. SUPPORTED: context-v1 glyph 복원; 런타임 원문 검증 전. TERM: 버스피어·파스·도박장.,"なんだろう
天使<G0026><G0001>かな？",SUPPORTED,"0001,0026",NONE,
SCN_00214000_00740000_0253,SCENARIO,scenario_message,DATA/00214000.MDZ,DATA/00214000.MDT,0x00740000,00214000,252,0x0073c103,0x0073c0fe,42 f1 86 79 43 08 49 f1 42 f1 af f3 7f 34 f5 95 98 bd 46 43 0d ff 00,"行こう！
飛行機が待ってる…！","가자!
비행기가 기다리고 있어…!",UNASSIGNED,ユウキ,"[{""offset"":-5,""raw_hex"":""02 0e 00 02 00"",""kind"":""MESSAGE_HEADER"",""opcode"":2,""argument"":2},{""offset"":5,""raw_hex"":""08"",""kind"":""LINE_BREAK""},{""offset"":20,""raw_hex"":""0d ff 00"",""kind"":""MESSAGE_END""}]",REVIEW_1,NO,CHARACTER_GUIDE v0.1 적용. context-v1 복원 원문 1차 번역.,SUPPORTED: structured scenario command; header FACE slot maps to face_yuuki_03; runtime display not yet checked. PROVEN: byte-identical source command exists at the same path and offsets on Disc 2. SUPPORTED: context-v1 glyph 복원; 런타임 원문 검증 전. TERM: 버스피어·파스·도박장.,"行こう！
飛行機が<G04F4>ってる<G0026>！",SUPPORTED,"0026,04F4",NONE,
SCN_00214000_00740000_0254,SCENARIO,scenario_message,DATA/00214000.MDZ,DATA/00214000.MDT,0x00740000,00214000,253,0x0073c141,0x0073c13c,21 f3 67 f1 21 a1 f0 98 bd b1 f0 a3 f1 8b b5 9c 77 08 9f f4 c5 f0 9d 42 f1 7e 9c 80 b5 46 0d ff 00,"噴水、見てる場合じゃない
宿屋に行かなきゃ…","분수를 보고 있을 때가 아니야
여관에 가야 해…",UNASSIGNED,ユウキ,"[{""offset"":-5,""raw_hex"":""02 0e 00 01 00"",""kind"":""MESSAGE_HEADER"",""opcode"":2,""argument"":1},{""offset"":17,""raw_hex"":""08"",""kind"":""LINE_BREAK""},{""offset"":30,""raw_hex"":""0d ff 00"",""kind"":""MESSAGE_END""}]",REVIEW_1,NO,CHARACTER_GUIDE v0.1 적용. context-v1 복원 원문 1차 번역.,SUPPORTED: structured scenario command; header FACE slot maps to face_yuuki_02; runtime display not yet checked. PROVEN: byte-identical source command exists at the same path and offsets on Disc 2. SUPPORTED: context-v1 glyph 복원; 런타임 원문 검증 전. TERM: 버스피어·파스·도박장.,"噴水<G0001>見てる場合じゃない
宿<G0175>に行かなきゃ<G0026>",SUPPORTED,"0001,0026,0175",NONE,
SCN_00214000_00740000_0255,SCENARIO,scenario_message,DATA/00214000.MDZ,DATA/00214000.MDT,0x00740000,00214000,254,0x0073c205,0x0073c200,95 92 82 46 08 a6 f0 8a a1 21 b1 f0 28 f3 c1 44 f4 7b bf 95 98 0d ff 00,"ったく…
少しは、場所を考えろって","정말이지…
장소를 좀 가려야지.",UNASSIGNED,ユウキ,"[{""offset"":-5,""raw_hex"":""02 0e 00 08 00"",""kind"":""MESSAGE_HEADER"",""opcode"":2,""argument"":8},{""offset"":4,""raw_hex"":""08"",""kind"":""LINE_BREAK""},{""offset"":21,""raw_hex"":""0d ff 00"",""kind"":""MESSAGE_END""}]",REVIEW_1,NO,CHARACTER_GUIDE v0.1 적용. context-v1 복원 원문 1차 번역.,SUPPORTED: structured scenario command; header FACE slot maps to face_yuuki_09; runtime display not yet checked. PROVEN: byte-identical source command exists at the same path and offsets on Disc 2. SUPPORTED: context-v1 glyph 복원; 런타임 원문 검증 전. TERM: 버스피어·파스·도박장.,"ったく<G0026>
少しは<G0001>場<G0348>を考えろって",SUPPORTED,"0001,0026,0348",NONE,
SCN_00214000_00740000_0256,SCENARIO,scenario_message,DATA/00214000.MDZ,DATA/00214000.MDT,0x00740000,00214000,255,0x0073c2a4,0x0073c29f,c2 44 08 67 f1 a0 62 f5 9d 21 9c c2 7e 27 f1 94 98 bd 91 0d ff 00,"ん？
水の底に、なんか落ちてるぞ","응?
물 밑에 뭔가 떨어져 있어.",UNASSIGNED,ユウキ,"[{""offset"":-5,""raw_hex"":""02 0e 00 01 00"",""kind"":""MESSAGE_HEADER"",""opcode"":2,""argument"":1},{""offset"":2,""raw_hex"":""08"",""kind"":""LINE_BREAK""},{""offset"":19,""raw_hex"":""0d ff 00"",""kind"":""MESSAGE_END""}]",REVIEW_1,NO,CHARACTER_GUIDE v0.1 적용. context-v1 복원 원문 1차 번역.,SUPPORTED: structured scenario command; header FACE slot maps to face_yuuki_02; runtime display not yet checked. PROVEN: byte-identical source command exists at the same path and offsets on Disc 2. SUPPORTED: context-v1 glyph 복원; 런타임 원문 검증 전. TERM: 버스피어·파스·도박장.,"ん？
水の<G0522>に<G0001>なんか落ちてる<G0071>",SUPPORTED,0001,SUPPORTED,"0071,0522"
SCN_00214000_00740000_0257,SCENARIO,scenario_message,DATA/00214000.MDZ,DATA/00214000.MDT,0x00740000,00214000,256,0x0073c3e0,0x0073c3db,26 f5 a3 f1 ce d7 93 bf 08 5d f0 7b f0 a0 2b f1 c0 f0 9a 21 3d f4 80 9c d7 f0 a0 2b f1 c0 f0 08 43 f3 5c f0 c1 87 f2 77 98 7d 82 c2 93 08 7d b0 8b 9c 77 21 46 7e 9c 0d ff 00,"相合ガサだろ
自分の名前と、好きな人の名前
両方を書いておくんだ
おまじない、…かな","같이 쓰는 우산이잖아
자기 이름과 좋아하는 사람의 이름을
둘 다 적어 두는 거야
주술 같은 거지… 아마.",UNASSIGNED,ユウキ,"[{""offset"":-5,""raw_hex"":""02 0e 00 01 00"",""kind"":""MESSAGE_HEADER"",""opcode"":2,""argument"":1},{""offset"":8,""raw_hex"":""08"",""kind"":""LINE_BREAK""},{""offset"":31,""raw_hex"":""08"",""kind"":""LINE_BREAK""},{""offset"":45,""raw_hex"":""08"",""kind"":""LINE_BREAK""},{""offset"":55,""raw_hex"":""0d ff 00"",""kind"":""MESSAGE_END""}]",REVIEW_1,NO,CHARACTER_GUIDE v0.1 적용. context-v1 복원 원문 1차 번역.,SUPPORTED: structured scenario command; header FACE slot maps to face_yuuki_02; runtime display not yet checked. PROVEN: byte-identical source command exists at the same path and offsets on Disc 2. SUPPORTED: context-v1 glyph 복원; 런타임 원문 검증 전. TERM: 버스피어·파스·도박장.,"<G04E6>合ガサだろ
自分の名<G0170>と<G0001>好きな人の名<G0170>
両方を書いておくんだ
おまじない<G0001><G0026>かな",SUPPORTED,"0001,0026,0170,04E6",NONE,
SCN_00214000_00740000_0258,SCENARIO,scenario_message,DATA/00214000.MDZ,DATA/00214000.MDT,0x00740000,00214000,257,0x0073c474,0x0073c46f,75 75 46 0d ff 00,ああ…,그래…,UNASSIGNED,ユウキ,"[{""offset"":-5,""raw_hex"":""02 0e 00 02 00"",""kind"":""MESSAGE_HEADER"",""opcode"":2,""argument"":2},{""offset"":3,""raw_hex"":""0d ff 00"",""kind"":""MESSAGE_END""}]",REVIEW_1,NO,CHARACTER_GUIDE v0.1 적용. context-v1 복원 원문 1차 번역.,SUPPORTED: structured scenario command; header FACE slot maps to face_yuuki_03; runtime display not yet checked. PROVEN: byte-identical source command exists at the same path and offsets on Disc 2. SUPPORTED: context-v1 glyph 복원; 런타임 원문 검증 전. TERM: 버스피어·파스·도박장.,ああ<G0026>,SUPPORTED,0026,NONE,
SCN_00214100_00740000_0006,SCENARIO,scenario_message,DATA/00214100.MDZ,DATA/00214100.MDT,0x00740000,00214100,5,0x0037f7ec,0x0037f7e7,b6 b3 bd 08 9f f4 98 f5 8c bd 0d ff 00,"やめる
宿泊する","그만둔다
숙박한다",UNASSIGNED,ユウキ,"[{""offset"":-5,""raw_hex"":""02 0e 00 01 00"",""kind"":""MESSAGE_HEADER"",""opcode"":2,""argument"":1},{""offset"":3,""raw_hex"":""08"",""kind"":""LINE_BREAK""},{""offset"":10,""raw_hex"":""0d ff 00"",""kind"":""MESSAGE_END""}]",REVIEW_1,NO,CHARACTER_GUIDE v0.1 적용. context-v1 복원 원문 1차 번역.,SUPPORTED: structured scenario command; header FACE slot maps to face_yuuki_02; runtime display not yet checked. PROVEN: byte-identical source command exists at the same path and offsets on Disc 2. SUPPORTED: context-v1 glyph 복원; 런타임 원문 검증 전. TERM: 버스피어·파스·도박장.,"やめる
宿<G0558>する",SUPPORTED,0558,NONE,
SCN_00214100_00740000_0007,SCENARIO,scenario_message,DATA/00214100.MDZ,DATA/00214100.MDT,0x00740000,00214100,6,0x0037f928,0x0037f923,b6 b3 bd 08 9f f4 98 f5 8c bd 0d ff 00,"やめる
宿泊する","그만둔다
숙박한다",UNASSIGNED,ユウキ,"[{""offset"":-5,""raw_hex"":""02 0e 00 01 00"",""kind"":""MESSAGE_HEADER"",""opcode"":2,""argument"":1},{""offset"":3,""raw_hex"":""08"",""kind"":""LINE_BREAK""},{""offset"":10,""raw_hex"":""0d ff 00"",""kind"":""MESSAGE_END""}]",REVIEW_1,NO,CHARACTER_GUIDE v0.1 적용. context-v1 복원 원문 1차 번역.,SUPPORTED: structured scenario command; header FACE slot maps to face_yuuki_02; runtime display not yet checked. PROVEN: byte-identical source command exists at the same path and offsets on Disc 2. SUPPORTED: context-v1 glyph 복원; 런타임 원문 검증 전. TERM: 버스피어·파스·도박장.,"やめる
宿<G0558>する",SUPPORTED,0558,NONE,
SCN_00214100_00740000_0008,SCENARIO,scenario_message,DATA/00214100.MDZ,DATA/00214100.MDT,0x00740000,00214100,7,0x0037f951,0x0037f94c,ef f2 84 f2 99 7d ce f5 be 93 95 98 86 9a 08 b4 f0 9d 23 f6 95 98 08 30 f0 3b f0 3a f0 e2 9d 2e f4 c0 9c 77 9a 46 0d ff 00,"明日でお別れだってこと
船に戻って
ミランダに言わないと…","내일이면 헤어진다는 걸
배로 돌아가서
미란다에게 말해야 해…",UNASSIGNED,アルフィナ,"[{""offset"":-5,""raw_hex"":""02 0e 00 0c 00"",""kind"":""MESSAGE_HEADER"",""opcode"":2,""argument"":12},{""offset"":14,""raw_hex"":""08"",""kind"":""LINE_BREAK""},{""offset"":22,""raw_hex"":""08"",""kind"":""LINE_BREAK""},{""offset"":38,""raw_hex"":""0d ff 00"",""kind"":""MESSAGE_END""}]",REVIEW_1,NO,CHARACTER_GUIDE v0.1 적용. context-v1 복원 원문 1차 번역.,SUPPORTED: structured scenario command; header FACE slot maps to face_alfina_01; runtime display not yet checked. PROVEN: byte-identical source command exists at the same path and offsets on Disc 2. SUPPORTED: context-v1 glyph 복원; 런타임 원문 검증 전. TERM: 버스피어·파스·도박장.,"<G033F><G02D4>でお別れだってこと
船に戻って
ミランダに<G041E>わないと<G0026>",SUPPORTED,"0026,02D4,033F,041E",NONE,
SCN_00214100_00740000_0009,SCENARIO,scenario_message,DATA/00214100.MDZ,DATA/00214100.MDT,0x00740000,00214100,8,0x0037fa69,0x0037fa64,b6 b3 bd 08 9f f4 98 f5 8c bd 0d ff 00,"やめる
宿泊する","그만둔다
숙박한다",UNASSIGNED,ユウキ,"[{""offset"":-5,""raw_hex"":""02 0e 00 01 00"",""kind"":""MESSAGE_HEADER"",""opcode"":2,""argument"":1},{""offset"":3,""raw_hex"":""08"",""kind"":""LINE_BREAK""},{""offset"":10,""raw_hex"":""0d ff 00"",""kind"":""MESSAGE_END""}]",REVIEW_1,NO,CHARACTER_GUIDE v0.1 적용. context-v1 복원 원문 1차 번역.,SUPPORTED: structured scenario command; header FACE slot maps to face_yuuki_02; runtime display not yet checked. PROVEN: byte-identical source command exists at the same path and offsets on Disc 2. SUPPORTED: context-v1 glyph 복원; 런타임 원문 검증 전. TERM: 버스피어·파스·도박장.,"やめる
宿<G0558>する",SUPPORTED,0558,NONE,
SCN_00214100_00740000_0010,SCENARIO,scenario_message,DATA/00214100.MDZ,DATA/00214100.MDT,0x00740000,00214100,9,0x0037fa92,0x0037fa8d,9c 9d 21 f0 cd 9c 86 9a 2e f4 95 98 c2 a0 ba 43 08 2c f0 3b f0 e4 43 08 df f0 82 21 49 f1 42 f1 af f3 c5 f0 88 c2 a0 9a 86 bf 9d 08 42 f1 82 c0 ba 43 0d ff 00,"なにバカなこと言ってんのよ！
ホラッ！
早く、飛行機屋さんのところに
行くわよ！","무슨 바보 같은 소리를 하는 거야!
자!
어서 비행기 아저씨에게
가자!",UNASSIGNED,アロンソ,"[{""offset"":-5,""raw_hex"":""22 0e 00 24 00"",""kind"":""MESSAGE_HEADER"",""opcode"":34,""argument"":36},{""offset"":16,""raw_hex"":""08"",""kind"":""LINE_BREAK""},{""offset"":23,""raw_hex"":""08"",""kind"":""LINE_BREAK""},{""offset"":43,""raw_hex"":""08"",""kind"":""LINE_BREAK""},{""offset"":50,""raw_hex"":""0d ff 00"",""kind"":""MESSAGE_END""}]",REVIEW_1,NO,CHARACTER_GUIDE v0.1 적용. context-v1 복원 원문 1차 번역.,SUPPORTED: structured scenario command; header FACE slot maps to face_alonso_03; runtime display not yet checked. PROVEN: byte-identical source command exists at the same path and offsets on Disc 2. SUPPORTED: context-v1 glyph 복원; 런타임 원문 검증 전. TERM: 버스피어·파스·도박장.,"なにバカなこと<G041E>ってんのよ！
ホラッ！
早く<G0001>飛行機<G0175>さんのところに
行くわよ！",SUPPORTED,"0001,0175,041E",NONE,
SCN_00214100_00740000_0011,SCENARIO,scenario_message,DATA/00214100.MDZ,DATA/00214100.MDT,0x00740000,00214100,10,0x0037fb8a,0x0037fb85,b6 b3 bd 08 9f f4 98 f5 8c bd 0d ff 00,"やめる
宿泊する","그만둔다
숙박한다",UNASSIGNED,ユウキ,"[{""offset"":-5,""raw_hex"":""02 0e 00 01 00"",""kind"":""MESSAGE_HEADER"",""opcode"":2,""argument"":1},{""offset"":3,""raw_hex"":""08"",""kind"":""LINE_BREAK""},{""offset"":10,""raw_hex"":""0d ff 00"",""kind"":""MESSAGE_END""}]",REVIEW_1,NO,CHARACTER_GUIDE v0.1 적용. context-v1 복원 원문 1차 번역.,SUPPORTED: structured scenario command; header FACE slot maps to face_yuuki_02; runtime display not yet checked. PROVEN: byte-identical source command exists at the same path and offsets on Disc 2. SUPPORTED: context-v1 glyph 복원; 런타임 원문 검증 전. TERM: 버스피어·파스·도박장.,"やめる
宿<G0558>する",SUPPORTED,0558,NONE,
SCN_00214100_00740000_0012,SCENARIO,scenario_message,DATA/00214100.MDZ,DATA/00214100.MDT,0x00740000,00214100,11,0x0037fcbe,0x0037fcb9,b6 b3 bd 08 9f f4 98 f5 8c bd 4c c3 f4 da f0 69 f1 80 4d 0d ff 00,"やめる
宿泊する「食事付き」","그만둔다
숙박한다 「식사 포함」",UNASSIGNED,ユウキ,"[{""offset"":-5,""raw_hex"":""02 0e 00 01 00"",""kind"":""MESSAGE_HEADER"",""opcode"":2,""argument"":1},{""offset"":3,""raw_hex"":""08"",""kind"":""LINE_BREAK""},{""offset"":19,""raw_hex"":""0d ff 00"",""kind"":""MESSAGE_END""}]",REVIEW_1,NO,CHARACTER_GUIDE v0.1 적용. context-v1 복원 원문 1차 번역.,SUPPORTED: structured scenario command; header FACE slot maps to face_yuuki_02; runtime display not yet checked. PROVEN: byte-identical source command exists at the same path and offsets on Disc 2. SUPPORTED: context-v1 glyph 복원; 런타임 원문 검증 전. TERM: 버스피어·파스·도박장.,"やめる
宿<G0558>する<G002C>食事付き<G002D>",SUPPORTED,"002C,002D,0558",NONE,
SCN_00214100_00740000_0013,SCENARIO,scenario_message,DATA/00214100.MDZ,DATA/00214100.MDT,0x00740000,00214100,12,0x0037fdc2,0x0037fdbd,b6 b3 bd 08 9f f4 98 f5 8c bd 4c c3 f4 da f0 69 f1 80 4d 0d ff 00,"やめる
宿泊する「食事付き」","그만둔다
숙박한다 「식사 포함」",UNASSIGNED,ユウキ,"[{""offset"":-5,""raw_hex"":""02 0e 00 01 00"",""kind"":""MESSAGE_HEADER"",""opcode"":2,""argument"":1},{""offset"":3,""raw_hex"":""08"",""kind"":""LINE_BREAK""},{""offset"":19,""raw_hex"":""0d ff 00"",""kind"":""MESSAGE_END""}]",REVIEW_1,NO,CHARACTER_GUIDE v0.1 적용. context-v1 복원 원문 1차 번역.,SUPPORTED: structured scenario command; header FACE slot maps to face_yuuki_02; runtime display not yet checked. PROVEN: byte-identical source command exists at the same path and offsets on Disc 2. SUPPORTED: context-v1 glyph 복원; 런타임 원문 검증 전. TERM: 버스피어·파스·도박장.,"やめる
宿<G0558>する<G002C>食事付き<G002D>",SUPPORTED,"002C,002D,0558",NONE,
SCN_00214100_00740000_0014,SCENARIO,scenario_message,DATA/00214100.MDZ,DATA/00214100.MDT,0x00740000,00214100,13,0x0037feb9,0x0037feb4,b6 b3 bd 08 9f f4 98 f5 8c bd 4c c3 f4 da f0 69 f1 80 4d 0d ff 00,"やめる
宿泊する「食事付き」","그만둔다
숙박한다 「식사 포함」",UNASSIGNED,ユウキ,"[{""offset"":-5,""raw_hex"":""02 0e 00 01 00"",""kind"":""MESSAGE_HEADER"",""opcode"":2,""argument"":1},{""offset"":3,""raw_hex"":""08"",""kind"":""LINE_BREAK""},{""offset"":19,""raw_hex"":""0d ff 00"",""kind"":""MESSAGE_END""}]",REVIEW_1,NO,CHARACTER_GUIDE v0.1 적용. context-v1 복원 원문 1차 번역.,SUPPORTED: structured scenario command; header FACE slot maps to face_yuuki_02; runtime display not yet checked. PROVEN: byte-identical source command exists at the same path and offsets on Disc 2. SUPPORTED: context-v1 glyph 복원; 런타임 원문 검증 전. TERM: 버스피어·파스·도박장.,"やめる
宿<G0558>する<G002C>食事付き<G002D>",SUPPORTED,"002C,002D,0558",NONE,
SCN_00214100_00740000_0015,SCENARIO,scenario_message,DATA/00214100.MDZ,DATA/00214100.MDT,0x00740000,00214100,14,0x0037ffa3,0x0037ff9e,b6 b3 bd 08 9f f4 98 f5 8c bd 4c c3 f4 da f0 69 f1 80 4d 0d ff 00,"やめる
宿泊する「食事付き」","그만둔다
숙박한다 「식사 포함」",UNASSIGNED,ユウキ,"[{""offset"":-5,""raw_hex"":""02 0e 00 01 00"",""kind"":""MESSAGE_HEADER"",""opcode"":2,""argument"":1},{""offset"":3,""raw_hex"":""08"",""kind"":""LINE_BREAK""},{""offset"":19,""raw_hex"":""0d ff 00"",""kind"":""MESSAGE_END""}]",REVIEW_1,NO,CHARACTER_GUIDE v0.1 적용. context-v1 복원 원문 1차 번역.,SUPPORTED: structured scenario command; header FACE slot maps to face_yuuki_02; runtime display not yet checked. PROVEN: byte-identical source command exists at the same path and offsets on Disc 2. SUPPORTED: context-v1 glyph 복원; 런타임 원문 검증 전. TERM: 버스피어·파스·도박장.,"やめる
宿<G0558>する<G002C>食事付き<G002D>",SUPPORTED,"002C,002D,0558",NONE,
SCN_00214100_00740000_0017,SCENARIO,scenario_message,DATA/00214100.MDZ,DATA/00214100.MDT,0x00740000,00214100,16,0x003801cb,0x003801c6,cf e7 bd d7 f0 9c a0 7e 9c 46 08 c4 3d f0 26 f0 c5 eb 21 42 f1 86 79 7e 46 0d ff 00,"キテる人なのかな…
アルフィナ、行こうか…","좀 특이한 사람인가…
알피나, 갈까…",UNASSIGNED,ユウキ,"[{""offset"":-5,""raw_hex"":""02 0e 00 07 00"",""kind"":""MESSAGE_HEADER"",""opcode"":2,""argument"":7},{""offset"":10,""raw_hex"":""08"",""kind"":""LINE_BREAK""},{""offset"":25,""raw_hex"":""0d ff 00"",""kind"":""MESSAGE_END""}]",REVIEW_1,NO,CHARACTER_GUIDE v0.1 적용. context-v1 복원 원문 1차 번역.,SUPPORTED: structured scenario command; header FACE slot maps to face_yuuki_08; runtime display not yet checked. PROVEN: byte-identical source command exists at the same path and offsets on Disc 2. SUPPORTED: context-v1 glyph 복원; 런타임 원문 검증 전. TERM: 버스피어·파스·도박장.,"キテる人なのかな<G0026>
アルフィナ<G0001>行こうか<G0026>",SUPPORTED,"0001,0026",NONE,
SCN_00214100_00740000_0018,SCENARIO,scenario_message,DATA/00214100.MDZ,DATA/00214100.MDT,0x00740000,00214100,17,0x0038026a,0x00380265,9c c2 7e 21 5b f1 5b f0 7f 75 bc 90 79 99 08 ad 9a c2 9b 21 9c 88 90 79 9c 08 e1 c6 e9 3d f0 93 9c 46 08 dc f1 2d f1 9d 99 f0 b2 86 9a a1 9c 77 9c 46 0d ff 00,"なんか、意味がありそうで
ほとんど、なさそうな
タイトルだな…
絶対に読むことはないな…","뭔가 의미가 있을 것 같으면서도
거의 의미가 없어 보이는
제목이네…
절대 읽을 일은 없겠다…",UNASSIGNED,ユウキ,"[{""offset"":-5,""raw_hex"":""02 0e 00 05 00"",""kind"":""MESSAGE_HEADER"",""opcode"":2,""argument"":5},{""offset"":14,""raw_hex"":""08"",""kind"":""LINE_BREAK""},{""offset"":25,""raw_hex"":""08"",""kind"":""LINE_BREAK""},{""offset"":34,""raw_hex"":""08"",""kind"":""LINE_BREAK""},{""offset"":50,""raw_hex"":""0d ff 00"",""kind"":""MESSAGE_END""}]",REVIEW_1,NO,CHARACTER_GUIDE v0.1 적용. context-v1 복원 원문 1차 번역.,SUPPORTED: structured scenario command; header FACE slot maps to face_yuuki_06; runtime display not yet checked. PROVEN: byte-identical source command exists at the same path and offsets on Disc 2. SUPPORTED: context-v1 glyph 복원; 런타임 원문 검증 전. TERM: 버스피어·파스·도박장.,"なんか<G0001>意味がありそうで
ほとんど<G0001>なさそうな
タイトルだな<G0026>
絶対に読むことはないな<G0026>",SUPPORTED,"0001,0026",NONE,
SCN_00214100_00740000_0019,SCENARIO,scenario_message,DATA/00214100.MDZ,DATA/00214100.MDT,0x00740000,00214100,18,0x0038040a,0x00380405,51 2b f0 47 da 99 08 b0 9a b3 98 87 f2 84 ba 46 0d ff 00,"1ページで
まとめて書けよ…","한 페이지에
정리해서 쓰지…",UNASSIGNED,ユウキ,"[{""offset"":-5,""raw_hex"":""02 0e 00 05 00"",""kind"":""MESSAGE_HEADER"",""opcode"":2,""argument"":5},{""offset"":6,""raw_hex"":""08"",""kind"":""LINE_BREAK""},{""offset"":16,""raw_hex"":""0d ff 00"",""kind"":""MESSAGE_END""}]",REVIEW_1,NO,CHARACTER_GUIDE v0.1 적용. context-v1 복원 원문 1차 번역.,SUPPORTED: structured scenario command; header FACE slot maps to face_yuuki_06; runtime display not yet checked. PROVEN: byte-identical source command exists at the same path and offsets on Disc 2. SUPPORTED: context-v1 glyph 복원; 런타임 원문 검증 전. TERM: 버스피어·파스·도박장.,"1ページで
まとめて書けよ<G0026>",SUPPORTED,0026,NONE,
SCN_00214100_00740000_0020,SCENARIO,scenario_message,DATA/00214100.MDZ,DATA/00214100.MDT,0x00740000,00214100,19,0x00380463,0x0038045e,92 77 8a 92 da f0 8b b5 9c 88 90 79 93 8a 08 44 f4 7b 92 82 b4 9c 77 9c 46 0d ff 00,"たいした事じゃなさそうだし
考えたくもないな…","별일 아닌 것 같고
생각하고 싶지도 않네…",UNASSIGNED,ユウキ,"[{""offset"":-5,""raw_hex"":""02 0e 00 05 00"",""kind"":""MESSAGE_HEADER"",""opcode"":2,""argument"":5},{""offset"":14,""raw_hex"":""08"",""kind"":""LINE_BREAK""},{""offset"":25,""raw_hex"":""0d ff 00"",""kind"":""MESSAGE_END""}]",REVIEW_1,NO,CHARACTER_GUIDE v0.1 적용. context-v1 복원 원문 1차 번역.,SUPPORTED: structured scenario command; header FACE slot maps to face_yuuki_06; runtime display not yet checked. PROVEN: byte-identical source command exists at the same path and offsets on Disc 2. SUPPORTED: context-v1 glyph 복원; 런타임 원문 검증 전. TERM: 버스피어·파스·도박장.,"たいした事じゃなさそうだし
考えたくもないな<G0026>",SUPPORTED,0026,NONE,
SCN_00214100_00740000_0021,SCENARIO,scenario_message,DATA/00214100.MDZ,DATA/00214100.MDT,0x00740000,00214100,20,0x0038063f,0x0038063a,9c c2 7e 08 49 f5 8d 7e 8a 77 61 f0 e2 f4 93 9c 46 46 0d ff 00,"なんか
恥ずかしい小説だな……","왠지
부끄러운 소설이네……",UNASSIGNED,ユウキ,"[{""offset"":-5,""raw_hex"":""02 0e 00 08 00"",""kind"":""MESSAGE_HEADER"",""opcode"":2,""argument"":8},{""offset"":3,""raw_hex"":""08"",""kind"":""LINE_BREAK""},{""offset"":18,""raw_hex"":""0d ff 00"",""kind"":""MESSAGE_END""}]",REVIEW_1,NO,CHARACTER_GUIDE v0.1 적용. context-v1 복원 원문 1차 번역.,SUPPORTED: structured scenario command; header FACE slot maps to face_yuuki_09; runtime display not yet checked. PROVEN: byte-identical source command exists at the same path and offsets on Disc 2. SUPPORTED: context-v1 glyph 복원; 런타임 원문 검증 전. TERM: 버스피어·파스·도박장.,"なんか
<G0509>ずかしい小説だな<G0026><G0026>",SUPPORTED,"0026,0509",NONE,
SCN_00214100_00740000_0022,SCENARIO,scenario_message,DATA/00214100.MDZ,DATA/00214100.MDT,0x00740000,00214100,21,0x003806c4,0x003806bf,77 b6 21 ce f5 9d 46 08 75 c2 b0 d2 f3 5b f0 9c 77 93 84 46 0d ff 00,"いや、別に…
あんま興味ないだけ…","아니, 별로…
그냥 별로 관심이 없어서…",UNASSIGNED,ユウキ,"[{""offset"":-5,""raw_hex"":""02 0e 00 08 00"",""kind"":""MESSAGE_HEADER"",""opcode"":2,""argument"":8},{""offset"":7,""raw_hex"":""08"",""kind"":""LINE_BREAK""},{""offset"":20,""raw_hex"":""0d ff 00"",""kind"":""MESSAGE_END""}]",REVIEW_1,NO,CHARACTER_GUIDE v0.1 적용. context-v1 복원 원문 1차 번역.,SUPPORTED: structured scenario command; header FACE slot maps to face_yuuki_09; runtime display not yet checked. PROVEN: byte-identical source command exists at the same path and offsets on Disc 2. SUPPORTED: context-v1 glyph 복원; 런타임 원문 검증 전. TERM: 버스피어·파스·도박장.,"いや<G0001>別に<G0026>
あんま<G03F2>味ないだけ<G0026>",SUPPORTED,"0001,0026,03F2",NONE,
SCN_00214100_00740000_0023,SCENARIO,scenario_message,DATA/00214100.MDZ,DATA/00214100.MDT,0x00740000,00214100,22,0x00380769,0x00380764,b0 c2 b0 8b b5 c2 46 46 0d ff 00,まんまじゃん……,그대로잖아……,UNASSIGNED,ユウキ,"[{""offset"":-5,""raw_hex"":""02 0e 00 05 00"",""kind"":""MESSAGE_HEADER"",""opcode"":2,""argument"":5},{""offset"":8,""raw_hex"":""0d ff 00"",""kind"":""MESSAGE_END""}]",REVIEW_1,NO,CHARACTER_GUIDE v0.1 적용. context-v1 복원 원문 1차 번역.,SUPPORTED: structured scenario command; header FACE slot maps to face_yuuki_06; runtime display not yet checked. PROVEN: byte-identical source command exists at the same path and offsets on Disc 2. SUPPORTED: context-v1 glyph 복원; 런타임 원문 검증 전. TERM: 버스피어·파스·도박장.,まんまじゃん<G0026><G0026>,SUPPORTED,0026,NONE,
SCN_00214100_00740000_0024,SCENARIO,scenario_message,DATA/00214100.MDZ,DATA/00214100.MDT,0x00740000,00214100,23,0x0038084d,0x00380848,b6 93 ba 46 08 94 b9 95 9a 99 f0 b2 93 84 93 8f 46 0d ff 00,"やだよ…
ちょっと読むだけだよ…","싫어…
조금 읽기만 할 거야…",UNASSIGNED,ユウキ,"[{""offset"":-5,""raw_hex"":""02 0e 00 01 00"",""kind"":""MESSAGE_HEADER"",""opcode"":2,""argument"":1},{""offset"":4,""raw_hex"":""08"",""kind"":""LINE_BREAK""},{""offset"":17,""raw_hex"":""0d ff 00"",""kind"":""MESSAGE_END""}]",REVIEW_1,NO,CHARACTER_GUIDE v0.1 적용. context-v1 복원 원문 1차 번역.,SUPPORTED: structured scenario command; header FACE slot maps to face_yuuki_02; runtime display not yet checked. PROVEN: byte-identical source command exists at the same path and offsets on Disc 2. SUPPORTED: context-v1 glyph 복원; 런타임 원문 검증 전. TERM: 버스피어·파스·도박장.,"やだよ<G0026>
ちょっと読むだけだ<G006F><G0026>",SUPPORTED,"0026,006F",NONE,
SCN_00214100_00740000_0025,SCENARIO,scenario_message,DATA/00214100.MDZ,DATA/00214100.MDT,0x00740000,00214100,24,0x0038087d,0x00380878,90 c2 9c 08 49 f5 8d 7e 8a 77 e1 c6 e9 3d f0 a0 61 f0 e2 f4 08 99 f0 b1 92 82 9c 77 9c 46 0d ff 00,"そんな
恥ずかしいタイトルの小説
読みたくないな…","그렇게
부끄러운 제목의 소설은
읽고 싶지 않아…",UNASSIGNED,ユウキ,"[{""offset"":-5,""raw_hex"":""02 0e 00 08 00"",""kind"":""MESSAGE_HEADER"",""opcode"":2,""argument"":8},{""offset"":3,""raw_hex"":""08"",""kind"":""LINE_BREAK""},{""offset"":20,""raw_hex"":""08"",""kind"":""LINE_BREAK""},{""offset"":30,""raw_hex"":""0d ff 00"",""kind"":""MESSAGE_END""}]",REVIEW_1,NO,CHARACTER_GUIDE v0.1 적용. context-v1 복원 원문 1차 번역.,SUPPORTED: structured scenario command; header FACE slot maps to face_yuuki_09; runtime display not yet checked. PROVEN: byte-identical source command exists at the same path and offsets on Disc 2. SUPPORTED: context-v1 glyph 복원; 런타임 원문 검증 전. TERM: 버스피어·파스·도박장.,"そんな
<G0509>ずかしいタイトルの小説
読みたくないな<G0026>",SUPPORTED,"0026,0509",NONE,
SCN_00214100_00740000_0028,SCENARIO,scenario_message,DATA/00214100.MDZ,DATA/00214100.MDT,0x00740000,00214100,27,0x00380dba,0x00380db5,2c f0 3a f0 e9 9d 75 bd c2 93 ba 08 90 79 77 79 28 f3 7f 88 08 cc 3e f0 92 94 21 42 f1 95 98 80 92 c2 93 43 08 7b 95 9a 88 46 46 0d ff 00,"ホントにあるんだよ
そういう所がさ
オレたち、行ってきたんだ！
えっとさ……","정말로 있어
그런 곳이 말이야
우리도 다녀왔다고!
그러니까……",UNASSIGNED,ユウキ,"[{""offset"":-5,""raw_hex"":""02 0e 00 02 00"",""kind"":""MESSAGE_HEADER"",""opcode"":2,""argument"":2},{""offset"":11,""raw_hex"":""08"",""kind"":""LINE_BREAK""},{""offset"":20,""raw_hex"":""08"",""kind"":""LINE_BREAK""},{""offset"":36,""raw_hex"":""08"",""kind"":""LINE_BREAK""},{""offset"":43,""raw_hex"":""0d ff 00"",""kind"":""MESSAGE_END""}]",REVIEW_1,NO,CHARACTER_GUIDE v0.1 적용. context-v1 복원 원문 1차 번역.,SUPPORTED: structured scenario command; header FACE slot maps to face_yuuki_03; runtime display not yet checked. PROVEN: byte-identical source command exists at the same path and offsets on Disc 2. SUPPORTED: context-v1 glyph 복원; 런타임 원문 검증 전. TERM: 버스피어·파스·도박장.,"ホントにあるんだよ
そういう<G0348>がさ
オレたち<G0001>行ってきたんだ！
えっとさ<G0026><G0026>",SUPPORTED,"0001,0026,0348",NONE,
SCN_00214100_00740000_0029,SCENARIO,scenario_message,DATA/00214100.MDZ,DATA/00214100.MDT,0x00740000,00214100,28,0x0038114c,0x00381147,a1 95 44 21 31 f2 c1 f2 08 9c 9d 2e f4 95 98 c2 93 ba 0d ff 00,"はっ？、突然
なに言ってんだよ","뭐? 갑자기
무슨 소리야?",UNASSIGNED,ユウキ,"[{""offset"":-5,""raw_hex"":""02 0e 00 07 00"",""kind"":""MESSAGE_HEADER"",""opcode"":2,""argument"":7},{""offset"":8,""raw_hex"":""08"",""kind"":""LINE_BREAK""},{""offset"":18,""raw_hex"":""0d ff 00"",""kind"":""MESSAGE_END""}]",REVIEW_1,NO,CHARACTER_GUIDE v0.1 적용. context-v1 복원 원문 1차 번역.,SUPPORTED: structured scenario command; header FACE slot maps to face_yuuki_08; runtime display not yet checked. PROVEN: byte-identical source command exists at the same path and offsets on Disc 2. SUPPORTED: context-v1 glyph 복원; 런타임 원문 검증 전. TERM: 버스피어·파스·도박장.,"はっ？<G0001>突然
なに<G041E>ってんだよ",SUPPORTED,"0001,041E",NONE,
SCN_00214100_00740000_0030,SCENARIO,scenario_message,DATA/00214100.MDZ,DATA/00214100.MDT,0x00740000,00214100,29,0x00381311,0x0038130c,2b f1 c0 f0 a0 87 f2 77 98 75 bd b8 f0 c1 08 41 f2 95 92 93 84 8b b5 c2 46 0d ff 00,"名前の書いてある紙を
破っただけじゃん…","이름이 적힌 종이를
찢었을 뿐이잖아…",UNASSIGNED,ユウキ,"[{""offset"":-5,""raw_hex"":""02 0e 00 08 00"",""kind"":""MESSAGE_HEADER"",""opcode"":2,""argument"":8},{""offset"":14,""raw_hex"":""08"",""kind"":""LINE_BREAK""},{""offset"":25,""raw_hex"":""0d ff 00"",""kind"":""MESSAGE_END""}]",REVIEW_1,NO,CHARACTER_GUIDE v0.1 적용. context-v1 복원 원문 1차 번역.,SUPPORTED: structured scenario command; header FACE slot maps to face_yuuki_09; runtime display not yet checked. PROVEN: byte-identical source command exists at the same path and offsets on Disc 2. SUPPORTED: context-v1 glyph 복원; 런타임 원문 검증 전. TERM: 버스피어·파스·도박장.,"名<G0170>の書いてある<G0168>を
破っただけじゃん<G0026>",SUPPORTED,"0026,0170",SUPPORTED,0168
SCN_00214100_00740000_0032,SCENARIO,scenario_message,DATA/00214100.MDZ,DATA/00214100.MDT,0x00740000,00214100,31,0x003813f8,0x003813f3,99 f1 7b f0 21 dc f2 9d 77 bd d7 f0 08 c5 f4 98 bd 93 bf 79 8a 46 08 ef e4 d1 8c bd a0 a1 08 43 f1 b3 9a 86 79 7e 9c 46 0d ff 00,"多分、中にいる人
寝てるだろうし…
ノックするのは
止めとこうかな…","아마 안에 있는 사람이
자고 있을 테니까…
노크하는 건
그만둘까…",UNASSIGNED,ユウキ,"[{""offset"":-5,""raw_hex"":""02 0e 00 02 00"",""kind"":""MESSAGE_HEADER"",""opcode"":2,""argument"":2},{""offset"":12,""raw_hex"":""08"",""kind"":""LINE_BREAK""},{""offset"":22,""raw_hex"":""08"",""kind"":""LINE_BREAK""},{""offset"":30,""raw_hex"":""08"",""kind"":""LINE_BREAK""},{""offset"":40,""raw_hex"":""0d ff 00"",""kind"":""MESSAGE_END""}]",REVIEW_1,NO,CHARACTER_GUIDE v0.1 적용. context-v1 복원 원문 1차 번역.,SUPPORTED: structured scenario command; header FACE slot maps to face_yuuki_03; runtime display not yet checked. PROVEN: byte-identical source command exists at the same path and offsets on Disc 2. SUPPORTED: context-v1 glyph 복원; 런타임 원문 검증 전. TERM: 버스피어·파스·도박장.,"多分<G0001>中にいる人
<G04B5>てるだろうし<G0026>
ノックするのは
<G01C3>めとこうかな<G0026>",SUPPORTED,"0001,0026,01C3",SUPPORTED,04B5
SCN_00214100_00740000_0034,SCENARIO,scenario_message,DATA/00214100.MDZ,DATA/00214100.MDT,0x00740000,00214100,33,0x00381490,0x0038148b,86 c2 86 c2 46 21 95 9a 46 0d ff 00,こんこん…、っと…,똑똑… 어…,UNASSIGNED,ユウキ,"[{""offset"":-5,""raw_hex"":""02 0e 00 01 00"",""kind"":""MESSAGE_HEADER"",""opcode"":2,""argument"":1},{""offset"":9,""raw_hex"":""0d ff 00"",""kind"":""MESSAGE_END""}]",REVIEW_1,NO,CHARACTER_GUIDE v0.1 적용. context-v1 복원 원문 1차 번역.,SUPPORTED: structured scenario command; header FACE slot maps to face_yuuki_02; runtime display not yet checked. PROVEN: byte-identical source command exists at the same path and offsets on Disc 2. SUPPORTED: context-v1 glyph 복원; 런타임 원문 검증 전. TERM: 버스피어·파스·도박장.,こんこん<G0026><G0001>っと<G0026>,SUPPORTED,"0001,0026",NONE,
SCN_00214100_00740000_0035,SCENARIO,scenario_message,DATA/00214100.MDZ,DATA/00214100.MDT,0x00740000,00214100,34,0x0038153c,0x00381537,75 95 46 21 94 7f 77 b0 8c 43 08 87 95 21 87 b3 c2 9c 88 77 08 9c c2 99 b4 9c 77 99 8c 43 0d ff 00,"あっ…、ちがいます！
ごっ、ごめんなさい
なんでもないです！","아… 아니에요!
죄, 죄송합니다
아무것도 아니에요!",UNASSIGNED,ユウキ,"[{""offset"":-5,""raw_hex"":""02 0e 00 06 00"",""kind"":""MESSAGE_HEADER"",""opcode"":2,""argument"":6},{""offset"":10,""raw_hex"":""08"",""kind"":""LINE_BREAK""},{""offset"":20,""raw_hex"":""08"",""kind"":""LINE_BREAK""},{""offset"":30,""raw_hex"":""0d ff 00"",""kind"":""MESSAGE_END""}]",REVIEW_1,NO,CHARACTER_GUIDE v0.1 적용. context-v1 복원 원문 1차 번역.,SUPPORTED: structured scenario command; header FACE slot maps to face_yuuki_07; runtime display not yet checked. PROVEN: byte-identical source command exists at the same path and offsets on Disc 2. SUPPORTED: context-v1 glyph 복원; 런타임 원문 검증 전. TERM: 버스피어·파스·도박장.,"あっ<G0026><G0001>ちがいます！
ごっ<G0001>ごめんなさい
なんでもないです！",SUPPORTED,"0001,0026",NONE,
SCN_00214100_00740000_0037,SCENARIO,scenario_message,DATA/00214100.MDZ,DATA/00214100.MDT,0x00740000,00214100,36,0x00381663,0x0038165e,77 bf c2 9c d7 f0 7f 86 a0 3b f2 c5 f0 9d 08 98 f5 b0 95 98 77 95 92 c2 93 46 08 c4 3d f0 26 f0 c5 eb b4 21 90 a0 51 d7 f0 46 93 9c 0d ff 00,"いろんな人がこの部屋に
泊まっていったんだ…
アルフィナも、その1人…だな","여러 사람이 이 방에
묵고 갔어…
알피나도 그중 한 명…이지.",UNASSIGNED,ユウキ,"[{""offset"":-5,""raw_hex"":""02 0e 00 02 00"",""kind"":""MESSAGE_HEADER"",""opcode"":2,""argument"":2},{""offset"":14,""raw_hex"":""08"",""kind"":""LINE_BREAK""},{""offset"":26,""raw_hex"":""08"",""kind"":""LINE_BREAK""},{""offset"":44,""raw_hex"":""0d ff 00"",""kind"":""MESSAGE_END""}]",REVIEW_1,NO,CHARACTER_GUIDE v0.1 적용. context-v1 복원 원문 1차 번역.,SUPPORTED: structured scenario command; header FACE slot maps to face_yuuki_03; runtime display not yet checked. PROVEN: byte-identical source command exists at the same path and offsets on Disc 2. SUPPORTED: context-v1 glyph 복원; 런타임 원문 검증 전. TERM: 버스피어·파스·도박장.,"いろんな人がこの部<G0175>に
<G0558>まっていったんだ<G0026>
アルフィナも<G0001>その1人<G0026>だな",SUPPORTED,"0001,0026,0175,0558",NONE,
SCN_00214100_00740000_0039,SCENARIO,scenario_message,DATA/00214100.MDZ,DATA/00214100.MDT,0x00740000,00214100,38,0x0038173b,0x00381736,46 86 a0 ea c4 a0 dd f2 86 79 7e bb 08 c8 f5 86 7b 98 82 bd 62 f0 31 f3 46 08 9b 95 7e 99 c8 f5 77 92 86 9a 7f 46 0d ff 00,"…このドアの向こうから
聞こえてくる大声…
どっかで聞いたことが…","…이 문 너머에서
들려오는 큰 목소리…
어디선가 들어 본 적이…",UNASSIGNED,ユウキ,"[{""offset"":-5,""raw_hex"":""02 0e 00 06 00"",""kind"":""MESSAGE_HEADER"",""opcode"":2,""argument"":6},{""offset"":12,""raw_hex"":""08"",""kind"":""LINE_BREAK""},{""offset"":25,""raw_hex"":""08"",""kind"":""LINE_BREAK""},{""offset"":38,""raw_hex"":""0d ff 00"",""kind"":""MESSAGE_END""}]",REVIEW_1,NO,CHARACTER_GUIDE v0.1 적용. context-v1 복원 원문 1차 번역.,SUPPORTED: structured scenario command; header FACE slot maps to face_yuuki_07; runtime display not yet checked. PROVEN: byte-identical source command exists at the same path and offsets on Disc 2. SUPPORTED: context-v1 glyph 복원; 런타임 원문 검증 전. TERM: 버스피어·파스·도박장.,"<G0026>このドアの向こうから
聞こえてくる大<G0351><G0026>
どっかで聞いたことが<G0026>",SUPPORTED,"0026,0351",NONE,
SCN_00214100_00740000_0040,SCENARIO,scenario_message,DATA/00214100.MDZ,DATA/00214100.MDT,0x00740000,00214100,39,0x0038188b,0x00381886,86 a0 d9 34 f0 d1 9d b3 f2 bd b6 f4 77 31 f3 46 08 9b 95 7e 99 c8 f5 77 92 86 9a 7f 46 08 81 f0 93 95 84 46 44 0d ff 00,"このシャクに触る笑い声…
どっかで聞いたことが…
誰だっけ…？","이 신경을 긁는 웃음소리…
어디선가 들어 본 적이…
누구였더라…?",UNASSIGNED,ユウキ,"[{""offset"":-5,""raw_hex"":""02 0e 00 05 00"",""kind"":""MESSAGE_HEADER"",""opcode"":2,""argument"":5},{""offset"":16,""raw_hex"":""08"",""kind"":""LINE_BREAK""},{""offset"":29,""raw_hex"":""08"",""kind"":""LINE_BREAK""},{""offset"":37,""raw_hex"":""0d ff 00"",""kind"":""MESSAGE_END""}]",REVIEW_1,NO,CHARACTER_GUIDE v0.1 적용. context-v1 복원 원문 1차 번역.,SUPPORTED: structured scenario command; header FACE slot maps to face_yuuki_06; runtime display not yet checked. PROVEN: byte-identical source command exists at the same path and offsets on Disc 2. SUPPORTED: context-v1 glyph 복원; 런타임 원문 검증 전. TERM: 버스피어·파스·도박장.,"このシャクに触る<G04A6>い<G0351><G0026>
どっかで聞いたことが<G0026>
誰だっけ<G0026>？",SUPPORTED,"0026,0351,04A6",NONE,
SCN_00214100_00740000_0041,SCENARIO,scenario_message,DATA/00214100.MDZ,DATA/00214100.MDT,0x00740000,00214100,40,0x00381a2d,0x00381a28,86 be 95 98 99 f1 7b f0 08 24 f0 c4 3a f0 cd 46 21 93 ba 9c 44 08 2c f0 3a f0 e9 26 f5 70 f0 c0 bb 8d 93 9c 46 0d ff 00,"これって多分
ビアンカ…、だよな？
ホント相変わらずだな…","이건 아마
비앙카… 맞지?
정말 여전하네…",UNASSIGNED,ユウキ,"[{""offset"":-5,""raw_hex"":""02 0e 00 08 00"",""kind"":""MESSAGE_HEADER"",""opcode"":2,""argument"":8},{""offset"":8,""raw_hex"":""08"",""kind"":""LINE_BREAK""},{""offset"":21,""raw_hex"":""08"",""kind"":""LINE_BREAK""},{""offset"":37,""raw_hex"":""0d ff 00"",""kind"":""MESSAGE_END""}]",REVIEW_1,NO,CHARACTER_GUIDE v0.1 적용. context-v1 복원 원문 1차 번역.,SUPPORTED: structured scenario command; header FACE slot maps to face_yuuki_09; runtime display not yet checked. PROVEN: byte-identical source command exists at the same path and offsets on Disc 2. SUPPORTED: context-v1 glyph 복원; 런타임 원문 검증 전. TERM: 버스피어·파스·도박장.,"これって多分
ビアンカ<G0026><G0001>だよな？
ホント<G04E6>変わらずだな<G0026>",SUPPORTED,"0001,0026,04E6",NONE,
SCN_00214100_00740000_0042,SCENARIO,scenario_message,DATA/00214100.MDZ,DATA/00214100.MDT,0x00740000,00214100,41,0x00381b0d,0x00381b08,7b 95 21 c4 3d f0 26 f0 c5 eb 08 25 f0 c4 ef 9c c2 98 48 f1 84 bd a0 44 0d ff 00,"えっ、アルフィナ
ピアノなんて弾けるの？","어, 알피나
피아노도 칠 줄 알아?",UNASSIGNED,ユウキ,"[{""offset"":-5,""raw_hex"":""02 0e 00 06 00"",""kind"":""MESSAGE_HEADER"",""opcode"":2,""argument"":6},{""offset"":10,""raw_hex"":""08"",""kind"":""LINE_BREAK""},{""offset"":24,""raw_hex"":""0d ff 00"",""kind"":""MESSAGE_END""}]",REVIEW_1,NO,CHARACTER_GUIDE v0.1 적용. context-v1 복원 원문 1차 번역.,SUPPORTED: structured scenario command; header FACE slot maps to face_yuuki_07; runtime display not yet checked. PROVEN: byte-identical source command exists at the same path and offsets on Disc 2. SUPPORTED: context-v1 glyph 복원; 런타임 원문 검증 전. TERM: 버스피어·파스·도박장.,"えっ<G0001>アルフィナ
ピアノなんて弾けるの？",SUPPORTED,0001,NONE,
SCN_00214100_00740000_0043,SCENARIO,scenario_message,DATA/00214100.MDZ,DATA/00214100.MDT,0x00740000,00214100,42,0x00381c06,0x00381c01,46 90 be 95 98 9b c2 9c 28 f1 93 95 92 a0 44 0d ff 00,…それってどんな曲だったの？,…그건 어떤 곡이었어?,UNASSIGNED,ミランダ,"[{""offset"":-5,""raw_hex"":""22 0e 00 1e 00"",""kind"":""MESSAGE_HEADER"",""opcode"":34,""argument"":30},{""offset"":15,""raw_hex"":""0d ff 00"",""kind"":""MESSAGE_END""}]",REVIEW_1,NO,CHARACTER_GUIDE v0.1 적용. context-v1 복원 원문 1차 번역.,SUPPORTED: structured scenario command; header FACE slot maps to face_miranda_05; runtime display not yet checked. PROVEN: byte-identical source command exists at the same path and offsets on Disc 2. SUPPORTED: context-v1 glyph 복원; 런타임 원문 검증 전. TERM: 버스피어·파스·도박장.,<G0026>それってどんな曲だったの？,SUPPORTED,0026,NONE,
SCN_00214100_00740000_0044,SCENARIO,scenario_message,DATA/00214100.MDZ,DATA/00214100.MDT,0x00740000,00214100,43,0x00381cda,0x00381cd5,25 f0 c4 ef 9c c2 7e 21 ae c2 b6 bc 08 6d f8 b3 98 98 b4 8a b9 79 7f 9c 77 7e 46 0d ff 00,"ピアノなんか、ぼんやり
眺めててもしょうがないか…","피아노나 멍하니
바라보고 있어 봐야 소용없나…",UNASSIGNED,ユウキ,"[{""offset"":-5,""raw_hex"":""02 0e 00 05 00"",""kind"":""MESSAGE_HEADER"",""opcode"":2,""argument"":5},{""offset"":12,""raw_hex"":""08"",""kind"":""LINE_BREAK""},{""offset"":27,""raw_hex"":""0d ff 00"",""kind"":""MESSAGE_END""}]",REVIEW_1,NO,CHARACTER_GUIDE v0.1 적용. context-v1 복원 원문 1차 번역.,SUPPORTED: structured scenario command; header FACE slot maps to face_yuuki_06; runtime display not yet checked. PROVEN: byte-identical source command exists at the same path and offsets on Disc 2. SUPPORTED: context-v1 glyph 복원; 런타임 원문 검증 전. TERM: 버스피어·파스·도박장.,"ピアノなんか<G0001>ぼんやり
<G079D>めててもしょうがないか<G0026>",SUPPORTED,"0001,0026",SUPPORTED,079D
SCN_00214100_00740000_0045,SCENARIO,scenario_message,DATA/00214100.MDZ,DATA/00214100.MDT,0x00740000,00214100,44,0x00381d2f,0x00381d2a,86 be 21 77 82 bb 83 bb 77 08 8c bd c2 93 bf 46 21 9c c2 7e d6 f1 90 79 9c 08 e7 c5 47 cd e4 28 f0 93 9c 46 0d ff 00,"これ、いくらぐらい
するんだろ…、なんか高そうな
ティーカップだな…","이거 얼마쯤
할까… 왠지 비싸 보이는
찻잔이네…",UNASSIGNED,ユウキ,"[{""offset"":-5,""raw_hex"":""02 0e 00 0b 00"",""kind"":""MESSAGE_HEADER"",""opcode"":2,""argument"":11},{""offset"":9,""raw_hex"":""08"",""kind"":""LINE_BREAK""},{""offset"":25,""raw_hex"":""08"",""kind"":""LINE_BREAK""},{""offset"":36,""raw_hex"":""0d ff 00"",""kind"":""MESSAGE_END""}]",REVIEW_1,NO,CHARACTER_GUIDE v0.1 적용. context-v1 복원 원문 1차 번역.,SUPPORTED: structured scenario command; header FACE slot maps to face_yuuki_12; runtime display not yet checked. PROVEN: byte-identical source command exists at the same path and offsets on Disc 2. SUPPORTED: context-v1 glyph 복원; 런타임 원문 검증 전. TERM: 버스피어·파스·도박장.,"これ<G0001>いくらぐらい
するんだろ<G0026><G0001>なんか高そうな
ティーカップだな<G0026>",SUPPORTED,"0001,0026",NONE,
SCN_00214100_00740000_0046,SCENARIO,scenario_message,DATA/00214100.MDZ,DATA/00214100.MDT,0x00740000,00214100,45,0x00381da2,0x00381d9d,a1 a1 46 21 cc 3e f0 a1 bd f3 9d 08 d9 f3 52 f5 8a 94 b5 95 98 e2 32 f0 90 79 93 9c 08 86 c2 9c d6 f1 c2 f3 dd f1 46 0d ff 00,"はは…、オレは先に
緊張しちゃってダメそうだな
こんな高級品…","하하… 나는 먼저
긴장해서 안 될 것 같네
이런 고급품 앞에서는…",UNASSIGNED,ユウキ,"[{""offset"":-5,""raw_hex"":""02 0e 00 08 00"",""kind"":""MESSAGE_HEADER"",""opcode"":2,""argument"":8},{""offset"":11,""raw_hex"":""08"",""kind"":""LINE_BREAK""},{""offset"":28,""raw_hex"":""08"",""kind"":""LINE_BREAK""},{""offset"":39,""raw_hex"":""0d ff 00"",""kind"":""MESSAGE_END""}]",REVIEW_1,NO,CHARACTER_GUIDE v0.1 적용. context-v1 복원 원문 1차 번역.,SUPPORTED: structured scenario command; header FACE slot maps to face_yuuki_09; runtime display not yet checked. PROVEN: byte-identical source command exists at the same path and offsets on Disc 2. SUPPORTED: context-v1 glyph 복원; 런타임 원문 검증 전. TERM: 버스피어·파스·도박장.,"はは<G0026><G0001>オレは<G03DD>に
<G03F9><G0512>しちゃってダメそうだな
こんな高級品<G0026>",SUPPORTED,"0001,0026,03F9",SUPPORTED,"03DD,0512"
SCN_00214100_00740000_0047,SCENARIO,scenario_message,DATA/00214100.MDZ,DATA/00214100.MDT,0x00740000,00214100,46,0x00381dec,0x00381de7,d6 f1 90 79 9c e7 c5 47 cd e4 28 f0 7f 08 cf f0 77 98 75 bd 46 08 86 86 99 87 a8 f5 21 c3 f4 ab bd 9a 80 08 74 f0 79 a0 7e 9c 44 0d ff 00,"高そうなティーカップが
置いてある…
ここでご飯、食べるとき
使うのかな？","비싸 보이는 찻잔이
놓여 있어…
여기서 식사할 때
쓰는 걸까?",UNASSIGNED,ユウキ,"[{""offset"":-5,""raw_hex"":""02 0e 00 0b 00"",""kind"":""MESSAGE_HEADER"",""opcode"":2,""argument"":11},{""offset"":13,""raw_hex"":""08"",""kind"":""LINE_BREAK""},{""offset"":21,""raw_hex"":""08"",""kind"":""LINE_BREAK""},{""offset"":35,""raw_hex"":""08"",""kind"":""LINE_BREAK""},{""offset"":43,""raw_hex"":""0d ff 00"",""kind"":""MESSAGE_END""}]",REVIEW_1,NO,CHARACTER_GUIDE v0.1 적용. context-v1 복원 원문 1차 번역.,SUPPORTED: structured scenario command; header FACE slot maps to face_yuuki_12; runtime display not yet checked. PROVEN: byte-identical source command exists at the same path and offsets on Disc 2. SUPPORTED: context-v1 glyph 복원; 런타임 원문 검증 전. TERM: 버스피어·파스·도박장.,"高そうなティーカップが
置いてある<G0026>
ここでご<G0568><G0001>食べるとき
使うのかな？",SUPPORTED,"0001,0026,0568",NONE,
SCN_00214100_00740000_0048,SCENARIO,scenario_message,DATA/00214100.MDZ,DATA/00214100.MDT,0x00740000,00214100,47,0x00381e4b,0x00381e46,d6 f1 90 79 9c e7 c5 47 cd e4 28 f0 93 9c 46 08 86 be 21 77 82 bb 83 bb 77 8c bd c2 93 bf 0d ff 00,"高そうなティーカップだな…
これ、いくらぐらいするんだろ","비싸 보이는 찻잔이네…
이거 얼마쯤 할까?",UNASSIGNED,ユウキ,"[{""offset"":-5,""raw_hex"":""02 0e 00 01 00"",""kind"":""MESSAGE_HEADER"",""opcode"":2,""argument"":1},{""offset"":15,""raw_hex"":""08"",""kind"":""LINE_BREAK""},{""offset"":30,""raw_hex"":""0d ff 00"",""kind"":""MESSAGE_END""}]",REVIEW_1,NO,CHARACTER_GUIDE v0.1 적용. context-v1 복원 원문 1차 번역.,SUPPORTED: structured scenario command; header FACE slot maps to face_yuuki_02; runtime display not yet checked. PROVEN: byte-identical source command exists at the same path and offsets on Disc 2. SUPPORTED: context-v1 glyph 복원; 런타임 원문 검증 전. TERM: 버스피어·파스·도박장.,"高そうなティーカップだな<G0026>
これ<G0001>いくらぐらいするんだろ",SUPPORTED,"0001,0026",NONE,
SCN_00214100_00740000_0050,SCENARIO,scenario_message,DATA/00214100.MDZ,DATA/00214100.MDT,0x00740000,00214100,49,0x00381ec6,0x00381ec1,b0 74 9f 46 21 77 be b4 c2 a4 9a 96 99 08 53 50 50 50 60 9c c2 98 46 08 cc 3e f0 9d a1 44 f6 c4 f1 99 80 9c 77 9c 0d ff 00,"まぁね…、いれもんひとつで
2000Gなんて…
オレには理解できないな","그렇긴 하지… 그릇 하나가
2000G라니…
나는 이해할 수가 없네.",UNASSIGNED,ユウキ,"[{""offset"":-5,""raw_hex"":""02 0e 00 08 00"",""kind"":""MESSAGE_HEADER"",""opcode"":2,""argument"":8},{""offset"":13,""raw_hex"":""08"",""kind"":""LINE_BREAK""},{""offset"":23,""raw_hex"":""08"",""kind"":""LINE_BREAK""},{""offset"":38,""raw_hex"":""0d ff 00"",""kind"":""MESSAGE_END""}]",REVIEW_1,NO,CHARACTER_GUIDE v0.1 적용. context-v1 복원 원문 1차 번역.,SUPPORTED: structured scenario command; header FACE slot maps to face_yuuki_09; runtime display not yet checked. PROVEN: byte-identical source command exists at the same path and offsets on Disc 2. SUPPORTED: context-v1 glyph 복원; 런타임 원문 검증 전. TERM: 버스피어·파스·도박장.,"ま<G0054>ね<G0026><G0001>いれもんひとつで
<G0033>000<G0040>なんて<G0026>
オレには<G05D4>解できないな",SUPPORTED,"0001,0026,0033,0054,05D4",SUPPORTED,0040
SCN_00214100_00740000_0051,SCENARIO,scenario_message,DATA/00214100.MDZ,DATA/00214100.MDT,0x00740000,00214100,50,0x00381f0f,0x00381f0a,86 be 7f 53 50 50 50 60 46 08 86 a0 e7 c5 47 cd e4 28 f0 a4 9a 96 99 08 54 f1 bf f1 e7 f3 a0 ca 3a f0 da 3a f0 7f 08 82 f0 7b bd a0 7e 46 0d ff 00,"これが2000G…
このティーカップひとつで
最新型のエンジンが
買えるのか…","이게 2000G…
이 찻잔 하나면
최신형 엔진을
살 수 있겠네…",UNASSIGNED,ユウキ,"[{""offset"":-5,""raw_hex"":""02 0e 00 08 00"",""kind"":""MESSAGE_HEADER"",""opcode"":2,""argument"":8},{""offset"":9,""raw_hex"":""08"",""kind"":""LINE_BREAK""},{""offset"":23,""raw_hex"":""08"",""kind"":""LINE_BREAK""},{""offset"":38,""raw_hex"":""08"",""kind"":""LINE_BREAK""},{""offset"":46,""raw_hex"":""0d ff 00"",""kind"":""MESSAGE_END""}]",REVIEW_1,NO,CHARACTER_GUIDE v0.1 적용. context-v1 복원 원문 1차 번역.,SUPPORTED: structured scenario command; header FACE slot maps to face_yuuki_09; runtime display not yet checked. PROVEN: byte-identical source command exists at the same path and offsets on Disc 2. SUPPORTED: context-v1 glyph 복원; 런타임 원문 검증 전. TERM: 버스피어·파스·도박장.,"これが<G0033>000<G0040><G0026>
このティーカップひとつで
<G01D4><G023F>型のエンジンが
<G0132>えるのか<G0026>",SUPPORTED,"0026,0033,0132,01D4,023F",SUPPORTED,0040
SCN_00214100_00740000_0052,SCENARIO,scenario_message,DATA/00214100.MDZ,DATA/00214100.MDT,0x00740000,00214100,51,0x00381f67,0x00381f62,c4 3d f0 26 f0 c5 eb 46 08 af f5 be 98 bd c2 93 bf 79 9c 08 7d 98 f2 99 b4 67 f3 c2 99 08 db f2 9e f0 21 bf f3 b3 98 98 82 be ba 46 0d ff 00,"アルフィナ…
疲れてるんだろうな
お茶でも飲んで
身体、休めててくれよ…","알피나…
지쳤겠지
차라도 마시면서
몸을 쉬게 해…",UNASSIGNED,ユウキ,"[{""offset"":-5,""raw_hex"":""02 0e 00 05 00"",""kind"":""MESSAGE_HEADER"",""opcode"":2,""argument"":5},{""offset"":8,""raw_hex"":""08"",""kind"":""LINE_BREAK""},{""offset"":19,""raw_hex"":""08"",""kind"":""LINE_BREAK""},{""offset"":29,""raw_hex"":""08"",""kind"":""LINE_BREAK""},{""offset"":44,""raw_hex"":""0d ff 00"",""kind"":""MESSAGE_END""}]",REVIEW_1,NO,CHARACTER_GUIDE v0.1 적용. context-v1 복원 원문 1차 번역.,SUPPORTED: structured scenario command; header FACE slot maps to face_yuuki_06; runtime display not yet checked. PROVEN: byte-identical source command exists at the same path and offsets on Disc 2. SUPPORTED: context-v1 glyph 복원; 런타임 원문 검증 전. TERM: 버스피어·파스·도박장.,"アルフィナ<G0026>
<G056F>れてるんだろうな
お<G02E8>でも飲んで
身体<G0001><G03DF>めててくれよ<G0026>",SUPPORTED,"0001,0026,03DF,056F",SUPPORTED,02E8
SCN_00214100_00740000_0059,SCENARIO,scenario_message,DATA/00214100.MDZ,DATA/00214100.MDT,0x00740000,00214100,58,0x003825d5,0x003825d0,a1 a1 95 46 21 c8 3d f0 08 8c 87 77 d2 f4 77 99 c3 f4 ab 94 f2 b3 92 9c 46 0d ff 00,"ははっ…、ウル
すごい勢いで食べ始めたな…","하핫… 울
엄청난 기세로 먹기 시작했네…",UNASSIGNED,ユウキ,"[{""offset"":-5,""raw_hex"":""02 0e 00 08 00"",""kind"":""MESSAGE_HEADER"",""opcode"":2,""argument"":8},{""offset"":8,""raw_hex"":""08"",""kind"":""LINE_BREAK""},{""offset"":25,""raw_hex"":""0d ff 00"",""kind"":""MESSAGE_END""}]",REVIEW_1,NO,CHARACTER_GUIDE v0.1 적용. context-v1 복원 원문 1차 번역.,SUPPORTED: structured scenario command; header FACE slot maps to face_yuuki_09; runtime display not yet checked. PROVEN: byte-identical source command exists at the same path and offsets on Disc 2. SUPPORTED: context-v1 glyph 복원; 런타임 원문 검증 전. TERM: 버스피어·파스·도박장.,"ははっ<G0026><G0001>ウル
すごい<G04C2>いで食べ<G02E4>めたな<G0026>",SUPPORTED,"0001,0026,02E4,04C2",NONE,
SCN_00214100_00740000_0060,SCENARIO,scenario_message,DATA/00214100.MDZ,DATA/00214100.MDT,0x00740000,00214100,59,0x00382659,0x00382654,46 87 b3 c2 08 77 b6 88 46 21 c4 3d f0 26 f0 c5 eb 08 3e f2 bb f0 9d 9c 95 98 ba 7e 95 92 9c 46 08 95 98 46 0d ff 00,"…ごめん
いやさ…、アルフィナ
元気になってよかったな…
って…","…미안
그게… 알피나가
기운을 차려서 다행이라고
말하려던 거야…",UNASSIGNED,ユウキ,"[{""offset"":-5,""raw_hex"":""02 0e 00 02 00"",""kind"":""MESSAGE_HEADER"",""opcode"":2,""argument"":2},{""offset"":4,""raw_hex"":""08"",""kind"":""LINE_BREAK""},{""offset"":17,""raw_hex"":""08"",""kind"":""LINE_BREAK""},{""offset"":32,""raw_hex"":""08"",""kind"":""LINE_BREAK""},{""offset"":36,""raw_hex"":""0d ff 00"",""kind"":""MESSAGE_END""}]",REVIEW_1,NO,CHARACTER_GUIDE v0.1 적용. context-v1 복원 원문 1차 번역.,SUPPORTED: structured scenario command; header FACE slot maps to face_yuuki_03; runtime display not yet checked. PROVEN: byte-identical source command exists at the same path and offsets on Disc 2. SUPPORTED: context-v1 glyph 복원; 런타임 원문 검증 전. TERM: 버스피어·파스·도박장.,"<G0026>ごめん
いやさ<G0026><G0001>アルフィナ
元気になってよかったな<G0026>
って<G0026>",SUPPORTED,"0001,0026",NONE,
SCN_00214100_00740000_0062,SCENARIO,scenario_message,DATA/00214100.MDZ,DATA/00214100.MDT,0x00740000,00214100,61,0x00382761,0x0038275c,90 79 77 7b a2 c4 3d f0 26 f0 c5 eb 46 08 86 a0 b5 f0 7f e3 f1 c0 95 92 bb 08 9b 79 8c bd a0 44 21 9b f1 3b f2 08 79 b0 77 78 f0 a3 f1 9d c4 f1 20 f4 8a 92 bb 88 43 0d ff 00,"そういえばアルフィナ…
この旅が終わったら
どうするの？、全部
うまい具合に解決したらさ！","그러고 보니 알피나…
이 여행이 끝나면
어떻게 할 거야? 모든 일이
잘 해결된다면 말이야!",UNASSIGNED,ユウキ,"[{""offset"":-5,""raw_hex"":""02 0e 00 02 00"",""kind"":""MESSAGE_HEADER"",""opcode"":2,""argument"":2},{""offset"":13,""raw_hex"":""08"",""kind"":""LINE_BREAK""},{""offset"":25,""raw_hex"":""08"",""kind"":""LINE_BREAK""},{""offset"":37,""raw_hex"":""08"",""kind"":""LINE_BREAK""},{""offset"":55,""raw_hex"":""0d ff 00"",""kind"":""MESSAGE_END""}]",REVIEW_1,NO,CHARACTER_GUIDE v0.1 적용. context-v1 복원 원문 1차 번역.,SUPPORTED: structured scenario command; header FACE slot maps to face_yuuki_03; runtime display not yet checked. PROVEN: byte-identical source command exists at the same path and offsets on Disc 2. SUPPORTED: context-v1 glyph 복원; 런타임 원문 검증 전. TERM: 버스피어·파스·도박장.,"そういえばアルフィナ<G0026>
この旅が<G0263>わったら
どうするの？<G0001>全部
うまい具合に解<G0410>したらさ！",SUPPORTED,"0001,0026,0263,0410",NONE,
SCN_00214100_00740000_0063,SCENARIO,scenario_message,DATA/00214100.MDZ,DATA/00214100.MDT,0x00740000,00214100,62,0x003828d4,0x003828cf,c4 3d f0 26 f0 c5 eb a0 22 f0 3a f0 c5 f0 88 c2 7e 46 08 90 c2 9c 7d 69 f5 75 95 92 bb 08 cc 3e f0 21 2e f3 95 94 b5 79 9c 46 0d ff 00,"アルフィナのパン屋さんか…
そんなお店あったら
オレ、通っちゃうな…","알피나의 빵집인가…
그런 가게가 있다면
나 매일 다닐 텐데…",UNASSIGNED,ユウキ,"[{""offset"":-5,""raw_hex"":""02 0e 00 02 00"",""kind"":""MESSAGE_HEADER"",""opcode"":2,""argument"":2},{""offset"":18,""raw_hex"":""08"",""kind"":""LINE_BREAK""},{""offset"":29,""raw_hex"":""08"",""kind"":""LINE_BREAK""},{""offset"":42,""raw_hex"":""0d ff 00"",""kind"":""MESSAGE_END""}]",REVIEW_1,NO,CHARACTER_GUIDE v0.1 적용. context-v1 복원 원문 1차 번역.,SUPPORTED: structured scenario command; header FACE slot maps to face_yuuki_03; runtime display not yet checked. PROVEN: byte-identical source command exists at the same path and offsets on Disc 2. SUPPORTED: context-v1 glyph 복원; 런타임 원문 검증 전. TERM: 버스피어·파스·도박장.,"アルフィナのパン<G0175>さんか<G0026>
そんなお<G0529>あったら
オレ<G0001>通っちゃうな<G0026>",SUPPORTED,"0001,0026,0175,0529",NONE,
SCN_00214100_00740000_0066,SCENARIO,scenario_message,DATA/00214100.MDZ,DATA/00214100.MDT,0x00740000,00214100,65,0x00382a2a,0x00382a25,62 f0 e0 f0 9c 99 f2 a0 4d f5 ca f2 c1 21 c3 f4 da f0 dc f2 9d 08 84 f4 79 c0 84 9d a1 77 7e 9c 77 7e bb 9c 08 a9 f4 7e 95 98 2c f0 3a f0 e9 71 f1 7e 95 92 46 0d ff 00,"大切な空の仲間を、食事中に
失うわけにはいかないからな
助かってホント良かった…","소중한 하늘의 동료를 식사 중에
잃을 수는 없으니까
살아서 정말 다행이야…",UNASSIGNED,ユウキ,"[{""offset"":-5,""raw_hex"":""02 0e 00 08 00"",""kind"":""MESSAGE_HEADER"",""opcode"":2,""argument"":8},{""offset"":21,""raw_hex"":""08"",""kind"":""LINE_BREAK""},{""offset"":36,""raw_hex"":""08"",""kind"":""LINE_BREAK""},{""offset"":53,""raw_hex"":""0d ff 00"",""kind"":""MESSAGE_END""}]",REVIEW_1,NO,CHARACTER_GUIDE v0.1 적용. context-v1 복원 원문 1차 번역.,SUPPORTED: structured scenario command; header FACE slot maps to face_yuuki_09; runtime display not yet checked. PROVEN: byte-identical source command exists at the same path and offsets on Disc 2. SUPPORTED: context-v1 glyph 복원; 런타임 원문 검증 전. TERM: 버스피어·파스·도박장.,"大切な空の仲間を<G0001>食事中に
<G0474>うわけにはいかないからな
<G0499>かってホント良かった<G0026>",SUPPORTED,"0001,0026,0474,0499",NONE,
SCN_00214100_00740000_0068,SCENARIO,scenario_message,DATA/00214100.MDZ,DATA/00214100.MDT,0x00740000,00214100,67,0x00382b45,0x00382b40,9c 74 c8 3d f0 21 7b f0 7e bd 93 bf 44 08 db f2 9e f0 9d b0 9a c0 bc 96 82 3c f2 c1 08 26 f0 3d f0 db 25 f0 47 ea 99 08 41 f3 bc e0 f0 95 92 2c f1 9d 75 bd 30 f2 50 f2 46 0d ff 00,"なぁウル、分かるだろ？
身体にまとわりつく雲を
フルスピードで
振り切った先にある太陽…","그렇지, 울? 알겠지?
몸에 달라붙는 구름을
최고 속도로
뿌리치고 나면 보이는 태양…",UNASSIGNED,ユウキ,"[{""offset"":-5,""raw_hex"":""02 0e 00 02 00"",""kind"":""MESSAGE_HEADER"",""opcode"":2,""argument"":2},{""offset"":13,""raw_hex"":""08"",""kind"":""LINE_BREAK""},{""offset"":28,""raw_hex"":""08"",""kind"":""LINE_BREAK""},{""offset"":39,""raw_hex"":""08"",""kind"":""LINE_BREAK""},{""offset"":57,""raw_hex"":""0d ff 00"",""kind"":""MESSAGE_END""}]",REVIEW_1,NO,CHARACTER_GUIDE v0.1 적용. context-v1 복원 원문 1차 번역.,SUPPORTED: structured scenario command; header FACE slot maps to face_yuuki_03; runtime display not yet checked. PROVEN: byte-identical source command exists at the same path and offsets on Disc 2. SUPPORTED: context-v1 glyph 복원; 런타임 원문 검증 전. TERM: 버스피어·파스·도박장.,"な<G0054>ウル<G0001>分かるだろ？
身体にまとわりつく雲を
フルスピードで
振り切った先にある太陽<G0026>",SUPPORTED,"0001,0026,0054",NONE,
SCN_00214100_00740000_0069,SCENARIO,scenario_message,DATA/00214100.MDZ,DATA/00214100.MDT,0x00740000,00214100,68,0x00382be3,0x00382bde,b4 8a 7e 8a 98 c4 3d f0 26 f0 c5 eb 08 49 f1 42 f1 af f3 a0 24 f5 72 f8 8a 98 b1 92 77 44 08 d2 f3 5b f0 75 bd a0 44 0d ff 00,"もしかしてアルフィナ
飛行機の操縦してみたい？
興味あるの？","혹시 알피나도
비행기를 조종해 보고 싶어?
관심 있어?",UNASSIGNED,ユウキ,"[{""offset"":-5,""raw_hex"":""02 0e 00 02 00"",""kind"":""MESSAGE_HEADER"",""opcode"":2,""argument"":2},{""offset"":12,""raw_hex"":""08"",""kind"":""LINE_BREAK""},{""offset"":30,""raw_hex"":""08"",""kind"":""LINE_BREAK""},{""offset"":39,""raw_hex"":""0d ff 00"",""kind"":""MESSAGE_END""}]",REVIEW_1,NO,CHARACTER_GUIDE v0.1 적용. context-v1 복원 원문 1차 번역.,SUPPORTED: structured scenario command; header FACE slot maps to face_yuuki_03; runtime display not yet checked. PROVEN: byte-identical source command exists at the same path and offsets on Disc 2. SUPPORTED: context-v1 glyph 복원; 런타임 원문 검증 전. TERM: 버스피어·파스·도박장.,"もしかしてアルフィナ
飛行機の<G04E4><G07A2>してみたい？
<G03F2>味あるの？",SUPPORTED,03F2,SUPPORTED,"04E4,07A2"
SCN_00214100_00740000_0070,SCENARIO,scenario_message,DATA/00214100.MDZ,DATA/00214100.MDT,0x00740000,00214100,69,0x00382c64,0x00382c5f,90 95 7e 46 08 9c bb 77 96 7e 96 f2 7b bd ba 08 90 a0 7e c0 bc 21 80 a5 8a 82 77 82 7e bb 08 6f f0 37 f4 8a 9a 77 98 82 be ba 43 0d ff 00,"そっか…
ならいつか教えるよ
そのかわり、きびしくいくから
覚悟しといてくれよ！","그렇구나…
그럼 언젠가 가르쳐 줄게
대신 엄하게 할 테니까
각오해 둬!",UNASSIGNED,ユウキ,"[{""offset"":-5,""raw_hex"":""02 0e 00 0a 00"",""kind"":""MESSAGE_HEADER"",""opcode"":2,""argument"":10},{""offset"":4,""raw_hex"":""08"",""kind"":""LINE_BREAK""},{""offset"":15,""raw_hex"":""08"",""kind"":""LINE_BREAK""},{""offset"":30,""raw_hex"":""08"",""kind"":""LINE_BREAK""},{""offset"":43,""raw_hex"":""0d ff 00"",""kind"":""MESSAGE_END""}]",REVIEW_1,NO,CHARACTER_GUIDE v0.1 적용. context-v1 복원 원문 1차 번역.,SUPPORTED: structured scenario command; header FACE slot maps to face_yuuki_11; runtime display not yet checked. PROVEN: byte-identical source command exists at the same path and offsets on Disc 2. SUPPORTED: context-v1 glyph 복원; 런타임 원문 검증 전. TERM: 버스피어·파스·도박장.,"そっか<G0026>
ならいつか<G02E6>えるよ
そのかわり<G0001>きびしくいくから
覚<G0427>しといてくれよ！",SUPPORTED,"0001,0026,02E6,0427",NONE,
SCN_00214100_00740000_0071,SCENARIO,scenario_message,DATA/00214100.MDZ,DATA/00214100.MDT,0x00740000,00214100,70,0x00382cdf,0x00382cda,aa f4 a0 59 f1 9c a0 9d 49 f1 42 f1 af f3 c1 08 24 f5 72 f8 8a 98 b1 92 77 95 98 46 08 c4 3d f0 26 f0 c5 eb 95 98 21 b6 95 a3 08 94 b9 95 9a 70 f0 c0 95 98 bd ba 9c 0d ff 00,"女の子なのに飛行機を
操縦してみたいって…
アルフィナって、やっぱ
ちょっと変わってるよな","여자아이인데 비행기를
조종해 보고 싶다니…
알피나는 역시
조금 특이하네.",UNASSIGNED,ユウキ,"[{""offset"":-5,""raw_hex"":""02 0e 00 03 00"",""kind"":""MESSAGE_HEADER"",""opcode"":2,""argument"":3},{""offset"":15,""raw_hex"":""08"",""kind"":""LINE_BREAK""},{""offset"":28,""raw_hex"":""08"",""kind"":""LINE_BREAK""},{""offset"":42,""raw_hex"":""08"",""kind"":""LINE_BREAK""},{""offset"":55,""raw_hex"":""0d ff 00"",""kind"":""MESSAGE_END""}]",REVIEW_1,NO,CHARACTER_GUIDE v0.1 적용. context-v1 복원 원문 1차 번역.,SUPPORTED: structured scenario command; header FACE slot maps to face_yuuki_04; runtime display not yet checked. PROVEN: byte-identical source command exists at the same path and offsets on Disc 2. SUPPORTED: context-v1 glyph 복원; 런타임 원문 검증 전. TERM: 버스피어·파스·도박장.,"女の子なのに飛行機を
<G04E4><G07A2>してみたいって<G0026>
アルフィナって<G0001>やっ<G0083>
ちょっと変わってるよな",SUPPORTED,"0001,0026,0083",SUPPORTED,"04E4,07A2"
SCN_00214100_00740000_0072,SCENARIO,scenario_message,DATA/00214100.MDZ,DATA/00214100.MDT,0x00740000,00214100,71,0x00382dff,0x00382dfa,9b 79 8c bd 46 08 90 bf 90 bf 42 f1 82 44 0d ff 00,"どうする…
そろそろ行く？","어떻게 할까…
슬슬 갈까?",UNASSIGNED,ユウキ,"[{""offset"":-5,""raw_hex"":""02 0e 00 02 00"",""kind"":""MESSAGE_HEADER"",""opcode"":2,""argument"":2},{""offset"":5,""raw_hex"":""08"",""kind"":""LINE_BREAK""},{""offset"":14,""raw_hex"":""0d ff 00"",""kind"":""MESSAGE_END""}]",REVIEW_1,NO,CHARACTER_GUIDE v0.1 적용. context-v1 복원 원문 1차 번역.,SUPPORTED: structured scenario command; header FACE slot maps to face_yuuki_03; runtime display not yet checked. PROVEN: byte-identical source command exists at the same path and offsets on Disc 2. SUPPORTED: context-v1 glyph 복원; 런타임 원문 검증 전. TERM: 버스피어·파스·도박장.,"どうする<G0026>
そろそろ行く？",SUPPORTED,0026,NONE,
SCN_00360400_00740000_0006,SCENARIO,scenario_message,DATA/00360400.MDZ,DATA/00360400.MDT,0x00740000,00360400,5,0x00239ac0,0x00239abb,b6 b3 bd 08 9f f4 98 f5 8c bd 4c c3 f4 da f0 69 f1 80 4d 0d ff 00,"やめる
宿泊する「食事付き」","그만둔다
숙박한다 「식사 포함」",UNASSIGNED,ユウキ,"[{""offset"":-5,""raw_hex"":""02 0e 00 01 00"",""kind"":""MESSAGE_HEADER"",""opcode"":2,""argument"":1},{""offset"":3,""raw_hex"":""08"",""kind"":""LINE_BREAK""},{""offset"":19,""raw_hex"":""0d ff 00"",""kind"":""MESSAGE_END""}]",REVIEW_1,NO,CHARACTER_GUIDE v0.1 적용. context-v1 복원 원문 1차 번역.,SUPPORTED: structured scenario command; header FACE slot maps to face_yuuki_02; runtime display not yet checked. PROVEN: byte-identical source command exists at the same path and offsets on Disc 2. SUPPORTED: context-v1 glyph 복원; 런타임 원문 검증 전. TERM: 버스피어·파스·도박장.,"やめる
宿<G0558>する<G002C>食事付き<G002D>",SUPPORTED,"002C,002D,0558",NONE,
SCN_00360400_00740000_0008,SCENARIO,scenario_message,DATA/00360400.MDZ,DATA/00360400.MDT,0x00740000,00360400,7,0x00239d73,0x00239d6e,b6 b3 bd 08 9f f4 98 f5 8c bd 4c c3 f4 da f0 69 f1 80 4d 0d ff 00,"やめる
宿泊する「食事付き」","그만둔다
숙박한다 「식사 포함」",UNASSIGNED,ユウキ,"[{""offset"":-5,""raw_hex"":""02 0e 00 01 00"",""kind"":""MESSAGE_HEADER"",""opcode"":2,""argument"":1},{""offset"":3,""raw_hex"":""08"",""kind"":""LINE_BREAK""},{""offset"":19,""raw_hex"":""0d ff 00"",""kind"":""MESSAGE_END""}]",REVIEW_1,NO,CHARACTER_GUIDE v0.1 적용. context-v1 복원 원문 1차 번역.,SUPPORTED: structured scenario command; header FACE slot maps to face_yuuki_02; runtime display not yet checked. PROVEN: byte-identical source command exists at the same path and offsets on Disc 2. SUPPORTED: context-v1 glyph 복원; 런타임 원문 검증 전. TERM: 버스피어·파스·도박장.,"やめる
宿<G0558>する<G002C>食事付き<G002D>",SUPPORTED,"002C,002D,0558",NONE,
SCN_00450000_00740000_0068,SCENARIO,scenario_message,DATA/00450000.MDZ,DATA/00450000.MDT,0x00740000,00450000,67,0x007239e1,0x007239dc,75 75 46 0d ff 00,ああ…,그래…,UNASSIGNED,アルフィナ,"[{""offset"":-5,""raw_hex"":""02 0e 00 0c 00"",""kind"":""MESSAGE_HEADER"",""opcode"":2,""argument"":12},{""offset"":3,""raw_hex"":""0d ff 00"",""kind"":""MESSAGE_END""}]",REVIEW_1,NO,CHARACTER_GUIDE v0.1 적용. context-v1 복원 원문 1차 번역.,SUPPORTED: structured scenario command; header FACE slot maps to face_alfina_01; runtime display not yet checked. PROVEN: byte-identical source command exists at the same path and offsets on Disc 2. SUPPORTED: context-v1 glyph 복원; 런타임 원문 검증 전. TERM: 버스피어·파스·도박장.,ああ<G0026>,SUPPORTED,0026,NONE,
SCN_00450200_00740000_0005,SCENARIO,scenario_message,DATA/00450200.MDZ,DATA/00450200.MDT,0x00740000,00450200,4,0x002f755f,0x002f755a,b6 b3 bd 08 9f f4 98 f5 8c bd 4c c3 f4 da f0 69 f1 80 4d 0d ff 00,"やめる
宿泊する「食事付き」","그만둔다
숙박한다 「식사 포함」",UNASSIGNED,ユウキ,"[{""offset"":-5,""raw_hex"":""02 0e 00 01 00"",""kind"":""MESSAGE_HEADER"",""opcode"":2,""argument"":1},{""offset"":3,""raw_hex"":""08"",""kind"":""LINE_BREAK""},{""offset"":19,""raw_hex"":""0d ff 00"",""kind"":""MESSAGE_END""}]",REVIEW_1,NO,CHARACTER_GUIDE v0.1 적용. context-v1 복원 원문 1차 번역.,SUPPORTED: structured scenario command; header FACE slot maps to face_yuuki_02; runtime display not yet checked. PROVEN: byte-identical source command exists at the same path and offsets on Disc 2. SUPPORTED: context-v1 glyph 복원; 런타임 원문 검증 전. TERM: 버스피어·파스·도박장.,"やめる
宿<G0558>する<G002C>食事付き<G002D>",SUPPORTED,"002C,002D,0558",NONE,
SCN_00630100_00740000_0018,SCENARIO,scenario_message,DATA/00630100.MDZ,DATA/00630100.MDT,0x00740000,00630100,17,0x00373c32,0x00373c2d,b6 b3 bd 08 9f f4 98 f5 8c bd 4c c3 f4 da f0 69 f1 80 4d 0d ff 00,"やめる
宿泊する「食事付き」","그만둔다
숙박한다 「식사 포함」",UNASSIGNED,ユウキ,"[{""offset"":-5,""raw_hex"":""02 0e 00 01 00"",""kind"":""MESSAGE_HEADER"",""opcode"":2,""argument"":1},{""offset"":3,""raw_hex"":""08"",""kind"":""LINE_BREAK""},{""offset"":19,""raw_hex"":""0d ff 00"",""kind"":""MESSAGE_END""}]",REVIEW_1,NO,CHARACTER_GUIDE v0.1 적용. context-v1 복원 원문 1차 번역.,SUPPORTED: structured scenario command; header FACE slot maps to face_yuuki_02; runtime display not yet checked. PROVEN: byte-identical source command exists at the same path and offsets on Disc 2. SUPPORTED: context-v1 glyph 복원; 런타임 원문 검증 전. TERM: 버스피어·파스·도박장.,"やめる
宿<G0558>する<G002C>食事付き<G002D>",SUPPORTED,"002C,002D,0558",NONE,
SCN_00630900_00740000_0035,SCENARIO,scenario_message,DATA/00630900.MDZ,DATA/00630900.MDT,0x00740000,00630900,34,0x003432f2,0x003432ed,75 21 75 75 46 0d ff 00,あ、ああ…,"아, 그래…",UNASSIGNED,ユウキ,"[{""offset"":-5,""raw_hex"":""02 0e 00 08 00"",""kind"":""MESSAGE_HEADER"",""opcode"":2,""argument"":8},{""offset"":5,""raw_hex"":""0d ff 00"",""kind"":""MESSAGE_END""}]",REVIEW_1,NO,CHARACTER_GUIDE v0.1 적용. context-v1 복원 원문 1차 번역.,SUPPORTED: structured scenario command; header FACE slot maps to face_yuuki_09; runtime display not yet checked. PROVEN: byte-identical source command exists at the same path and offsets on Disc 2. SUPPORTED: context-v1 glyph 복원; 런타임 원문 검증 전. TERM: 버스피어·파스·도박장.,あ<G0001>ああ<G0026>,SUPPORTED,"0001,0026",NONE,
SCN_00630900_00740000_0043,SCENARIO,scenario_message,DATA/00630900.MDZ,DATA/00630900.MDT,0x00740000,00630900,42,0x00343ce9,0x00343ce4,75 75 46 0d ff 00,ああ…,그래…,UNASSIGNED,ユウキ,"[{""offset"":-5,""raw_hex"":""02 0e 00 02 00"",""kind"":""MESSAGE_HEADER"",""opcode"":2,""argument"":2},{""offset"":3,""raw_hex"":""0d ff 00"",""kind"":""MESSAGE_END""}]",REVIEW_1,NO,CHARACTER_GUIDE v0.1 적용. context-v1 복원 원문 1차 번역.,SUPPORTED: structured scenario command; header FACE slot maps to face_yuuki_03; runtime display not yet checked. PROVEN: byte-identical source command exists at the same path and offsets on Disc 2. SUPPORTED: context-v1 glyph 복원; 런타임 원문 검증 전. TERM: 버스피어·파스·도박장.,ああ<G0026>,SUPPORTED,0026,NONE,
SCN_01160301_00740000_0068,SCENARIO,scenario_message,DATA/01160301.MDZ,DATA/01160301.MDT,0x00740000,01160301,67,0x006707e1,0x006707dc,75 75 46 0d ff 00,ああ…,그래…,UNASSIGNED,アルフィナ,"[{""offset"":-5,""raw_hex"":""02 0e 00 0c 00"",""kind"":""MESSAGE_HEADER"",""opcode"":2,""argument"":12},{""offset"":3,""raw_hex"":""0d ff 00"",""kind"":""MESSAGE_END""}]",REVIEW_1,NO,CHARACTER_GUIDE v0.1 적용. context-v1 복원 원문 1차 번역.,SUPPORTED: structured scenario command; header FACE slot maps to face_alfina_01; runtime display not yet checked. PROVEN: byte-identical source command exists at the same path and offsets on Disc 2. SUPPORTED: context-v1 glyph 복원; 런타임 원문 검증 전. TERM: 버스피어·파스·도박장.,ああ<G0026>,SUPPORTED,0026,NONE,
SCN_01160901_00740000_0005,SCENARIO,scenario_message,DATA/01160901.MDZ,DATA/01160901.MDT,0x00740000,01160901,4,0x004a005f,0x004a005a,b6 b3 bd 08 9f f4 98 f5 8c bd 4c c3 f4 da f0 69 f1 80 4d 0d ff 00,"やめる
宿泊する「食事付き」","그만둔다
숙박한다 「식사 포함」",UNASSIGNED,ユウキ,"[{""offset"":-5,""raw_hex"":""02 0e 00 01 00"",""kind"":""MESSAGE_HEADER"",""opcode"":2,""argument"":1},{""offset"":3,""raw_hex"":""08"",""kind"":""LINE_BREAK""},{""offset"":19,""raw_hex"":""0d ff 00"",""kind"":""MESSAGE_END""}]",REVIEW_1,NO,CHARACTER_GUIDE v0.1 적용. context-v1 복원 원문 1차 번역.,SUPPORTED: structured scenario command; header FACE slot maps to face_yuuki_02; runtime display not yet checked. PROVEN: byte-identical source command exists at the same path and offsets on Disc 2. SUPPORTED: context-v1 glyph 복원; 런타임 원문 검증 전. TERM: 버스피어·파스·도박장.,"やめる
宿<G0558>する<G002C>食事付き<G002D>",SUPPORTED,"002C,002D,0558",NONE,
SCN_10214101_00740000_0006,SCENARIO,scenario_message,DATA/10214101.MDZ,DATA/10214101.MDT,0x00740000,10214101,5,0x0046596c,0x00465967,b6 b3 bd 08 9f f4 98 f5 8c bd 0d ff 00,"やめる
宿泊する","그만둔다
숙박한다",UNASSIGNED,ユウキ,"[{""offset"":-5,""raw_hex"":""02 0e 00 01 00"",""kind"":""MESSAGE_HEADER"",""opcode"":2,""argument"":1},{""offset"":3,""raw_hex"":""08"",""kind"":""LINE_BREAK""},{""offset"":10,""raw_hex"":""0d ff 00"",""kind"":""MESSAGE_END""}]",REVIEW_1,NO,CHARACTER_GUIDE v0.1 적용. context-v1 복원 원문 1차 번역.,SUPPORTED: structured scenario command; header FACE slot maps to face_yuuki_02; runtime display not yet checked. PROVEN: byte-identical source command exists at the same path and offsets on Disc 2. SUPPORTED: context-v1 glyph 복원; 런타임 원문 검증 전. TERM: 버스피어·파스·도박장.,"やめる
宿<G0558>する",SUPPORTED,0558,NONE,
SCN_10214101_00740000_0007,SCENARIO,scenario_message,DATA/10214101.MDZ,DATA/10214101.MDT,0x00740000,10214101,6,0x00465aa8,0x00465aa3,b6 b3 bd 08 9f f4 98 f5 8c bd 0d ff 00,"やめる
宿泊する","그만둔다
숙박한다",UNASSIGNED,ユウキ,"[{""offset"":-5,""raw_hex"":""02 0e 00 01 00"",""kind"":""MESSAGE_HEADER"",""opcode"":2,""argument"":1},{""offset"":3,""raw_hex"":""08"",""kind"":""LINE_BREAK""},{""offset"":10,""raw_hex"":""0d ff 00"",""kind"":""MESSAGE_END""}]",REVIEW_1,NO,CHARACTER_GUIDE v0.1 적용. context-v1 복원 원문 1차 번역.,SUPPORTED: structured scenario command; header FACE slot maps to face_yuuki_02; runtime display not yet checked. PROVEN: byte-identical source command exists at the same path and offsets on Disc 2. SUPPORTED: context-v1 glyph 복원; 런타임 원문 검증 전. TERM: 버스피어·파스·도박장.,"やめる
宿<G0558>する",SUPPORTED,0558,NONE,
SCN_10214101_00740000_0008,SCENARIO,scenario_message,DATA/10214101.MDZ,DATA/10214101.MDT,0x00740000,10214101,7,0x00465ad1,0x00465acc,ef f2 84 f2 99 7d ce f5 be 93 95 98 86 9a 08 b4 f0 9d 23 f6 95 98 08 30 f0 3b f0 3a f0 e2 9d 2e f4 c0 9c 77 9a 46 0d ff 00,"明日でお別れだってこと
船に戻って
ミランダに言わないと…","내일이면 헤어진다는 걸
배로 돌아가서
미란다에게 말해야 해…",UNASSIGNED,アルフィナ,"[{""offset"":-5,""raw_hex"":""02 0e 00 0c 00"",""kind"":""MESSAGE_HEADER"",""opcode"":2,""argument"":12},{""offset"":14,""raw_hex"":""08"",""kind"":""LINE_BREAK""},{""offset"":22,""raw_hex"":""08"",""kind"":""LINE_BREAK""},{""offset"":38,""raw_hex"":""0d ff 00"",""kind"":""MESSAGE_END""}]",REVIEW_1,NO,CHARACTER_GUIDE v0.1 적용. context-v1 복원 원문 1차 번역.,SUPPORTED: structured scenario command; header FACE slot maps to face_alfina_01; runtime display not yet checked. PROVEN: byte-identical source command exists at the same path and offsets on Disc 2. SUPPORTED: context-v1 glyph 복원; 런타임 원문 검증 전. TERM: 버스피어·파스·도박장.,"<G033F><G02D4>でお別れだってこと
船に戻って
ミランダに<G041E>わないと<G0026>",SUPPORTED,"0026,02D4,033F,041E",NONE,
SCN_10214101_00740000_0009,SCENARIO,scenario_message,DATA/10214101.MDZ,DATA/10214101.MDT,0x00740000,10214101,8,0x00465be9,0x00465be4,b6 b3 bd 08 9f f4 98 f5 8c bd 0d ff 00,"やめる
宿泊する","그만둔다
숙박한다",UNASSIGNED,ユウキ,"[{""offset"":-5,""raw_hex"":""02 0e 00 01 00"",""kind"":""MESSAGE_HEADER"",""opcode"":2,""argument"":1},{""offset"":3,""raw_hex"":""08"",""kind"":""LINE_BREAK""},{""offset"":10,""raw_hex"":""0d ff 00"",""kind"":""MESSAGE_END""}]",REVIEW_1,NO,CHARACTER_GUIDE v0.1 적용. context-v1 복원 원문 1차 번역.,SUPPORTED: structured scenario command; header FACE slot maps to face_yuuki_02; runtime display not yet checked. PROVEN: byte-identical source command exists at the same path and offsets on Disc 2. SUPPORTED: context-v1 glyph 복원; 런타임 원문 검증 전. TERM: 버스피어·파스·도박장.,"やめる
宿<G0558>する",SUPPORTED,0558,NONE,
SCN_10214101_00740000_0010,SCENARIO,scenario_message,DATA/10214101.MDZ,DATA/10214101.MDT,0x00740000,10214101,9,0x00465c12,0x00465c0d,9c 9d 21 f0 cd 9c 86 9a 2e f4 95 98 c2 a0 ba 43 08 2c f0 3b f0 e4 43 08 df f0 82 21 49 f1 42 f1 af f3 c5 f0 88 c2 a0 9a 86 bf 9d 08 42 f1 82 c0 ba 43 0d ff 00,"なにバカなこと言ってんのよ！
ホラッ！
早く、飛行機屋さんのところに
行くわよ！","무슨 바보 같은 소리를 하는 거야!
자!
어서 비행기 아저씨에게
가자!",UNASSIGNED,アロンソ,"[{""offset"":-5,""raw_hex"":""22 0e 00 24 00"",""kind"":""MESSAGE_HEADER"",""opcode"":34,""argument"":36},{""offset"":16,""raw_hex"":""08"",""kind"":""LINE_BREAK""},{""offset"":23,""raw_hex"":""08"",""kind"":""LINE_BREAK""},{""offset"":43,""raw_hex"":""08"",""kind"":""LINE_BREAK""},{""offset"":50,""raw_hex"":""0d ff 00"",""kind"":""MESSAGE_END""}]",REVIEW_1,NO,CHARACTER_GUIDE v0.1 적용. context-v1 복원 원문 1차 번역.,SUPPORTED: structured scenario command; header FACE slot maps to face_alonso_03; runtime display not yet checked. PROVEN: byte-identical source command exists at the same path and offsets on Disc 2. SUPPORTED: context-v1 glyph 복원; 런타임 원문 검증 전. TERM: 버스피어·파스·도박장.,"なにバカなこと<G041E>ってんのよ！
ホラッ！
早く<G0001>飛行機<G0175>さんのところに
行くわよ！",SUPPORTED,"0001,0175,041E",NONE,
SCN_10214101_00740000_0011,SCENARIO,scenario_message,DATA/10214101.MDZ,DATA/10214101.MDT,0x00740000,10214101,10,0x00465d0a,0x00465d05,b6 b3 bd 08 9f f4 98 f5 8c bd 0d ff 00,"やめる
宿泊する","그만둔다
숙박한다",UNASSIGNED,ユウキ,"[{""offset"":-5,""raw_hex"":""02 0e 00 01 00"",""kind"":""MESSAGE_HEADER"",""opcode"":2,""argument"":1},{""offset"":3,""raw_hex"":""08"",""kind"":""LINE_BREAK""},{""offset"":10,""raw_hex"":""0d ff 00"",""kind"":""MESSAGE_END""}]",REVIEW_1,NO,CHARACTER_GUIDE v0.1 적용. context-v1 복원 원문 1차 번역.,SUPPORTED: structured scenario command; header FACE slot maps to face_yuuki_02; runtime display not yet checked. PROVEN: byte-identical source command exists at the same path and offsets on Disc 2. SUPPORTED: context-v1 glyph 복원; 런타임 원문 검증 전. TERM: 버스피어·파스·도박장.,"やめる
宿<G0558>する",SUPPORTED,0558,NONE,
SCN_10214101_00740000_0012,SCENARIO,scenario_message,DATA/10214101.MDZ,DATA/10214101.MDT,0x00740000,10214101,11,0x00465e3e,0x00465e39,b6 b3 bd 08 9f f4 98 f5 8c bd 4c c3 f4 da f0 69 f1 80 4d 0d ff 00,"やめる
宿泊する「食事付き」","그만둔다
숙박한다 「식사 포함」",UNASSIGNED,ユウキ,"[{""offset"":-5,""raw_hex"":""02 0e 00 01 00"",""kind"":""MESSAGE_HEADER"",""opcode"":2,""argument"":1},{""offset"":3,""raw_hex"":""08"",""kind"":""LINE_BREAK""},{""offset"":19,""raw_hex"":""0d ff 00"",""kind"":""MESSAGE_END""}]",REVIEW_1,NO,CHARACTER_GUIDE v0.1 적용. context-v1 복원 원문 1차 번역.,SUPPORTED: structured scenario command; header FACE slot maps to face_yuuki_02; runtime display not yet checked. PROVEN: byte-identical source command exists at the same path and offsets on Disc 2. SUPPORTED: context-v1 glyph 복원; 런타임 원문 검증 전. TERM: 버스피어·파스·도박장.,"やめる
宿<G0558>する<G002C>食事付き<G002D>",SUPPORTED,"002C,002D,0558",NONE,
SCN_10214101_00740000_0013,SCENARIO,scenario_message,DATA/10214101.MDZ,DATA/10214101.MDT,0x00740000,10214101,12,0x00465f42,0x00465f3d,b6 b3 bd 08 9f f4 98 f5 8c bd 4c c3 f4 da f0 69 f1 80 4d 0d ff 00,"やめる
宿泊する「食事付き」","그만둔다
숙박한다 「식사 포함」",UNASSIGNED,ユウキ,"[{""offset"":-5,""raw_hex"":""02 0e 00 01 00"",""kind"":""MESSAGE_HEADER"",""opcode"":2,""argument"":1},{""offset"":3,""raw_hex"":""08"",""kind"":""LINE_BREAK""},{""offset"":19,""raw_hex"":""0d ff 00"",""kind"":""MESSAGE_END""}]",REVIEW_1,NO,CHARACTER_GUIDE v0.1 적용. context-v1 복원 원문 1차 번역.,SUPPORTED: structured scenario command; header FACE slot maps to face_yuuki_02; runtime display not yet checked. PROVEN: byte-identical source command exists at the same path and offsets on Disc 2. SUPPORTED: context-v1 glyph 복원; 런타임 원문 검증 전. TERM: 버스피어·파스·도박장.,"やめる
宿<G0558>する<G002C>食事付き<G002D>",SUPPORTED,"002C,002D,0558",NONE,
SCN_10214101_00740000_0014,SCENARIO,scenario_message,DATA/10214101.MDZ,DATA/10214101.MDT,0x00740000,10214101,13,0x00466039,0x00466034,b6 b3 bd 08 9f f4 98 f5 8c bd 4c c3 f4 da f0 69 f1 80 4d 0d ff 00,"やめる
宿泊する「食事付き」","그만둔다
숙박한다 「식사 포함」",UNASSIGNED,ユウキ,"[{""offset"":-5,""raw_hex"":""02 0e 00 01 00"",""kind"":""MESSAGE_HEADER"",""opcode"":2,""argument"":1},{""offset"":3,""raw_hex"":""08"",""kind"":""LINE_BREAK""},{""offset"":19,""raw_hex"":""0d ff 00"",""kind"":""MESSAGE_END""}]",REVIEW_1,NO,CHARACTER_GUIDE v0.1 적용. context-v1 복원 원문 1차 번역.,SUPPORTED: structured scenario command; header FACE slot maps to face_yuuki_02; runtime display not yet checked. PROVEN: byte-identical source command exists at the same path and offsets on Disc 2. SUPPORTED: context-v1 glyph 복원; 런타임 원문 검증 전. TERM: 버스피어·파스·도박장.,"やめる
宿<G0558>する<G002C>食事付き<G002D>",SUPPORTED,"002C,002D,0558",NONE,
SCN_10214101_00740000_0015,SCENARIO,scenario_message,DATA/10214101.MDZ,DATA/10214101.MDT,0x00740000,10214101,14,0x00466123,0x0046611e,b6 b3 bd 08 9f f4 98 f5 8c bd 4c c3 f4 da f0 69 f1 80 4d 0d ff 00,"やめる
宿泊する「食事付き」","그만둔다
숙박한다 「식사 포함」",UNASSIGNED,ユウキ,"[{""offset"":-5,""raw_hex"":""02 0e 00 01 00"",""kind"":""MESSAGE_HEADER"",""opcode"":2,""argument"":1},{""offset"":3,""raw_hex"":""08"",""kind"":""LINE_BREAK""},{""offset"":19,""raw_hex"":""0d ff 00"",""kind"":""MESSAGE_END""}]",REVIEW_1,NO,CHARACTER_GUIDE v0.1 적용. context-v1 복원 원문 1차 번역.,SUPPORTED: structured scenario command; header FACE slot maps to face_yuuki_02; runtime display not yet checked. PROVEN: byte-identical source command exists at the same path and offsets on Disc 2. SUPPORTED: context-v1 glyph 복원; 런타임 원문 검증 전. TERM: 버스피어·파스·도박장.,"やめる
宿<G0558>する<G002C>食事付き<G002D>",SUPPORTED,"002C,002D,0558",NONE,
SCN_10214101_00740000_0017,SCENARIO,scenario_message,DATA/10214101.MDZ,DATA/10214101.MDT,0x00740000,10214101,16,0x0046634b,0x00466346,cf e7 bd d7 f0 9c a0 7e 9c 46 08 c4 3d f0 26 f0 c5 eb 21 42 f1 86 79 7e 46 0d ff 00,"キテる人なのかな…
アルフィナ、行こうか…","좀 특이한 사람인가…
알피나, 갈까…",UNASSIGNED,ユウキ,"[{""offset"":-5,""raw_hex"":""02 0e 00 07 00"",""kind"":""MESSAGE_HEADER"",""opcode"":2,""argument"":7},{""offset"":10,""raw_hex"":""08"",""kind"":""LINE_BREAK""},{""offset"":25,""raw_hex"":""0d ff 00"",""kind"":""MESSAGE_END""}]",REVIEW_1,NO,CHARACTER_GUIDE v0.1 적용. context-v1 복원 원문 1차 번역.,SUPPORTED: structured scenario command; header FACE slot maps to face_yuuki_08; runtime display not yet checked. PROVEN: byte-identical source command exists at the same path and offsets on Disc 2. SUPPORTED: context-v1 glyph 복원; 런타임 원문 검증 전. TERM: 버스피어·파스·도박장.,"キテる人なのかな<G0026>
アルフィナ<G0001>行こうか<G0026>",SUPPORTED,"0001,0026",NONE,
SCN_10214101_00740000_0018,SCENARIO,scenario_message,DATA/10214101.MDZ,DATA/10214101.MDT,0x00740000,10214101,17,0x004663ea,0x004663e5,9c c2 7e 21 5b f1 5b f0 7f 75 bc 90 79 99 08 ad 9a c2 9b 21 9c 88 90 79 9c 08 e1 c6 e9 3d f0 93 9c 46 08 dc f1 2d f1 9d 99 f0 b2 86 9a a1 9c 77 9c 46 0d ff 00,"なんか、意味がありそうで
ほとんど、なさそうな
タイトルだな…
絶対に読むことはないな…","뭔가 의미가 있을 것 같으면서도
거의 의미가 없어 보이는
제목이네…
절대 읽을 일은 없겠다…",UNASSIGNED,ユウキ,"[{""offset"":-5,""raw_hex"":""02 0e 00 05 00"",""kind"":""MESSAGE_HEADER"",""opcode"":2,""argument"":5},{""offset"":14,""raw_hex"":""08"",""kind"":""LINE_BREAK""},{""offset"":25,""raw_hex"":""08"",""kind"":""LINE_BREAK""},{""offset"":34,""raw_hex"":""08"",""kind"":""LINE_BREAK""},{""offset"":50,""raw_hex"":""0d ff 00"",""kind"":""MESSAGE_END""}]",REVIEW_1,NO,CHARACTER_GUIDE v0.1 적용. context-v1 복원 원문 1차 번역.,SUPPORTED: structured scenario command; header FACE slot maps to face_yuuki_06; runtime display not yet checked. PROVEN: byte-identical source command exists at the same path and offsets on Disc 2. SUPPORTED: context-v1 glyph 복원; 런타임 원문 검증 전. TERM: 버스피어·파스·도박장.,"なんか<G0001>意味がありそうで
ほとんど<G0001>なさそうな
タイトルだな<G0026>
絶対に読むことはないな<G0026>",SUPPORTED,"0001,0026",NONE,
SCN_10214101_00740000_0019,SCENARIO,scenario_message,DATA/10214101.MDZ,DATA/10214101.MDT,0x00740000,10214101,18,0x0046658a,0x00466585,51 2b f0 47 da 99 08 b0 9a b3 98 87 f2 84 ba 46 0d ff 00,"1ページで
まとめて書けよ…","한 페이지에
정리해서 쓰지…",UNASSIGNED,ユウキ,"[{""offset"":-5,""raw_hex"":""02 0e 00 05 00"",""kind"":""MESSAGE_HEADER"",""opcode"":2,""argument"":5},{""offset"":6,""raw_hex"":""08"",""kind"":""LINE_BREAK""},{""offset"":16,""raw_hex"":""0d ff 00"",""kind"":""MESSAGE_END""}]",REVIEW_1,NO,CHARACTER_GUIDE v0.1 적용. context-v1 복원 원문 1차 번역.,SUPPORTED: structured scenario command; header FACE slot maps to face_yuuki_06; runtime display not yet checked. PROVEN: byte-identical source command exists at the same path and offsets on Disc 2. SUPPORTED: context-v1 glyph 복원; 런타임 원문 검증 전. TERM: 버스피어·파스·도박장.,"1ページで
まとめて書けよ<G0026>",SUPPORTED,0026,NONE,
SCN_10214101_00740000_0020,SCENARIO,scenario_message,DATA/10214101.MDZ,DATA/10214101.MDT,0x00740000,10214101,19,0x004665e3,0x004665de,92 77 8a 92 da f0 8b b5 9c 88 90 79 93 8a 08 44 f4 7b 92 82 b4 9c 77 9c 46 0d ff 00,"たいした事じゃなさそうだし
考えたくもないな…","별일 아닌 것 같고
생각하고 싶지도 않네…",UNASSIGNED,ユウキ,"[{""offset"":-5,""raw_hex"":""02 0e 00 05 00"",""kind"":""MESSAGE_HEADER"",""opcode"":2,""argument"":5},{""offset"":14,""raw_hex"":""08"",""kind"":""LINE_BREAK""},{""offset"":25,""raw_hex"":""0d ff 00"",""kind"":""MESSAGE_END""}]",REVIEW_1,NO,CHARACTER_GUIDE v0.1 적용. context-v1 복원 원문 1차 번역.,SUPPORTED: structured scenario command; header FACE slot maps to face_yuuki_06; runtime display not yet checked. PROVEN: byte-identical source command exists at the same path and offsets on Disc 2. SUPPORTED: context-v1 glyph 복원; 런타임 원문 검증 전. TERM: 버스피어·파스·도박장.,"たいした事じゃなさそうだし
考えたくもないな<G0026>",SUPPORTED,0026,NONE,
SCN_10214101_00740000_0021,SCENARIO,scenario_message,DATA/10214101.MDZ,DATA/10214101.MDT,0x00740000,10214101,20,0x004667bf,0x004667ba,9c c2 7e 08 49 f5 8d 7e 8a 77 61 f0 e2 f4 93 9c 46 46 0d ff 00,"なんか
恥ずかしい小説だな……","왠지
부끄러운 소설이네……",UNASSIGNED,ユウキ,"[{""offset"":-5,""raw_hex"":""02 0e 00 08 00"",""kind"":""MESSAGE_HEADER"",""opcode"":2,""argument"":8},{""offset"":3,""raw_hex"":""08"",""kind"":""LINE_BREAK""},{""offset"":18,""raw_hex"":""0d ff 00"",""kind"":""MESSAGE_END""}]",REVIEW_1,NO,CHARACTER_GUIDE v0.1 적용. context-v1 복원 원문 1차 번역.,SUPPORTED: structured scenario command; header FACE slot maps to face_yuuki_09; runtime display not yet checked. PROVEN: byte-identical source command exists at the same path and offsets on Disc 2. SUPPORTED: context-v1 glyph 복원; 런타임 원문 검증 전. TERM: 버스피어·파스·도박장.,"なんか
<G0509>ずかしい小説だな<G0026><G0026>",SUPPORTED,"0026,0509",NONE,
SCN_10214101_00740000_0022,SCENARIO,scenario_message,DATA/10214101.MDZ,DATA/10214101.MDT,0x00740000,10214101,21,0x00466844,0x0046683f,77 b6 21 ce f5 9d 46 08 75 c2 b0 d2 f3 5b f0 9c 77 93 84 46 0d ff 00,"いや、別に…
あんま興味ないだけ…","아니, 별로…
그냥 별로 관심이 없어서…",UNASSIGNED,ユウキ,"[{""offset"":-5,""raw_hex"":""02 0e 00 08 00"",""kind"":""MESSAGE_HEADER"",""opcode"":2,""argument"":8},{""offset"":7,""raw_hex"":""08"",""kind"":""LINE_BREAK""},{""offset"":20,""raw_hex"":""0d ff 00"",""kind"":""MESSAGE_END""}]",REVIEW_1,NO,CHARACTER_GUIDE v0.1 적용. context-v1 복원 원문 1차 번역.,SUPPORTED: structured scenario command; header FACE slot maps to face_yuuki_09; runtime display not yet checked. PROVEN: byte-identical source command exists at the same path and offsets on Disc 2. SUPPORTED: context-v1 glyph 복원; 런타임 원문 검증 전. TERM: 버스피어·파스·도박장.,"いや<G0001>別に<G0026>
あんま<G03F2>味ないだけ<G0026>",SUPPORTED,"0001,0026,03F2",NONE,
SCN_10214101_00740000_0023,SCENARIO,scenario_message,DATA/10214101.MDZ,DATA/10214101.MDT,0x00740000,10214101,22,0x004668e9,0x004668e4,b0 c2 b0 8b b5 c2 46 46 0d ff 00,まんまじゃん……,그대로잖아……,UNASSIGNED,ユウキ,"[{""offset"":-5,""raw_hex"":""02 0e 00 05 00"",""kind"":""MESSAGE_HEADER"",""opcode"":2,""argument"":5},{""offset"":8,""raw_hex"":""0d ff 00"",""kind"":""MESSAGE_END""}]",REVIEW_1,NO,CHARACTER_GUIDE v0.1 적용. context-v1 복원 원문 1차 번역.,SUPPORTED: structured scenario command; header FACE slot maps to face_yuuki_06; runtime display not yet checked. PROVEN: byte-identical source command exists at the same path and offsets on Disc 2. SUPPORTED: context-v1 glyph 복원; 런타임 원문 검증 전. TERM: 버스피어·파스·도박장.,まんまじゃん<G0026><G0026>,SUPPORTED,0026,NONE,
SCN_10214101_00740000_0024,SCENARIO,scenario_message,DATA/10214101.MDZ,DATA/10214101.MDT,0x00740000,10214101,23,0x004669cd,0x004669c8,b6 93 ba 46 08 94 b9 95 9a 99 f0 b2 93 84 93 8f 46 0d ff 00,"やだよ…
ちょっと読むだけだよ…","싫어…
조금 읽기만 할 거야…",UNASSIGNED,ユウキ,"[{""offset"":-5,""raw_hex"":""02 0e 00 01 00"",""kind"":""MESSAGE_HEADER"",""opcode"":2,""argument"":1},{""offset"":4,""raw_hex"":""08"",""kind"":""LINE_BREAK""},{""offset"":17,""raw_hex"":""0d ff 00"",""kind"":""MESSAGE_END""}]",REVIEW_1,NO,CHARACTER_GUIDE v0.1 적용. context-v1 복원 원문 1차 번역.,SUPPORTED: structured scenario command; header FACE slot maps to face_yuuki_02; runtime display not yet checked. PROVEN: byte-identical source command exists at the same path and offsets on Disc 2. SUPPORTED: context-v1 glyph 복원; 런타임 원문 검증 전. TERM: 버스피어·파스·도박장.,"やだよ<G0026>
ちょっと読むだけだ<G006F><G0026>",SUPPORTED,"0026,006F",NONE,
SCN_10214101_00740000_0025,SCENARIO,scenario_message,DATA/10214101.MDZ,DATA/10214101.MDT,0x00740000,10214101,24,0x004669fd,0x004669f8,90 c2 9c 08 49 f5 8d 7e 8a 77 e1 c6 e9 3d f0 a0 61 f0 e2 f4 08 99 f0 b1 92 82 9c 77 9c 46 0d ff 00,"そんな
恥ずかしいタイトルの小説
読みたくないな…","그렇게
부끄러운 제목의 소설은
읽고 싶지 않아…",UNASSIGNED,ユウキ,"[{""offset"":-5,""raw_hex"":""02 0e 00 08 00"",""kind"":""MESSAGE_HEADER"",""opcode"":2,""argument"":8},{""offset"":3,""raw_hex"":""08"",""kind"":""LINE_BREAK""},{""offset"":20,""raw_hex"":""08"",""kind"":""LINE_BREAK""},{""offset"":30,""raw_hex"":""0d ff 00"",""kind"":""MESSAGE_END""}]",REVIEW_1,NO,CHARACTER_GUIDE v0.1 적용. context-v1 복원 원문 1차 번역.,SUPPORTED: structured scenario command; header FACE slot maps to face_yuuki_09; runtime display not yet checked. PROVEN: byte-identical source command exists at the same path and offsets on Disc 2. SUPPORTED: context-v1 glyph 복원; 런타임 원문 검증 전. TERM: 버스피어·파스·도박장.,"そんな
<G0509>ずかしいタイトルの小説
読みたくないな<G0026>",SUPPORTED,"0026,0509",NONE,
SCN_10214101_00740000_0028,SCENARIO,scenario_message,DATA/10214101.MDZ,DATA/10214101.MDT,0x00740000,10214101,27,0x00466f3a,0x00466f35,2c f0 3a f0 e9 9d 75 bd c2 93 ba 08 90 79 77 79 28 f3 7f 88 08 cc 3e f0 92 94 21 42 f1 95 98 80 92 c2 93 43 08 7b 95 9a 88 46 46 0d ff 00,"ホントにあるんだよ
そういう所がさ
オレたち、行ってきたんだ！
えっとさ……","정말로 있어
그런 곳이 말이야
우리도 다녀왔다고!
그러니까……",UNASSIGNED,ユウキ,"[{""offset"":-5,""raw_hex"":""02 0e 00 02 00"",""kind"":""MESSAGE_HEADER"",""opcode"":2,""argument"":2},{""offset"":11,""raw_hex"":""08"",""kind"":""LINE_BREAK""},{""offset"":20,""raw_hex"":""08"",""kind"":""LINE_BREAK""},{""offset"":36,""raw_hex"":""08"",""kind"":""LINE_BREAK""},{""offset"":43,""raw_hex"":""0d ff 00"",""kind"":""MESSAGE_END""}]",REVIEW_1,NO,CHARACTER_GUIDE v0.1 적용. context-v1 복원 원문 1차 번역.,SUPPORTED: structured scenario command; header FACE slot maps to face_yuuki_03; runtime display not yet checked. PROVEN: byte-identical source command exists at the same path and offsets on Disc 2. SUPPORTED: context-v1 glyph 복원; 런타임 원문 검증 전. TERM: 버스피어·파스·도박장.,"ホントにあるんだよ
そういう<G0348>がさ
オレたち<G0001>行ってきたんだ！
えっとさ<G0026><G0026>",SUPPORTED,"0001,0026,0348",NONE,
SCN_10214101_00740000_0029,SCENARIO,scenario_message,DATA/10214101.MDZ,DATA/10214101.MDT,0x00740000,10214101,28,0x004672cc,0x004672c7,a1 95 44 21 31 f2 c1 f2 08 9c 9d 2e f4 95 98 c2 93 ba 0d ff 00,"はっ？、突然
なに言ってんだよ","뭐? 갑자기
무슨 소리야?",UNASSIGNED,ユウキ,"[{""offset"":-5,""raw_hex"":""02 0e 00 07 00"",""kind"":""MESSAGE_HEADER"",""opcode"":2,""argument"":7},{""offset"":8,""raw_hex"":""08"",""kind"":""LINE_BREAK""},{""offset"":18,""raw_hex"":""0d ff 00"",""kind"":""MESSAGE_END""}]",REVIEW_1,NO,CHARACTER_GUIDE v0.1 적용. context-v1 복원 원문 1차 번역.,SUPPORTED: structured scenario command; header FACE slot maps to face_yuuki_08; runtime display not yet checked. PROVEN: byte-identical source command exists at the same path and offsets on Disc 2. SUPPORTED: context-v1 glyph 복원; 런타임 원문 검증 전. TERM: 버스피어·파스·도박장.,"はっ？<G0001>突然
なに<G041E>ってんだよ",SUPPORTED,"0001,041E",NONE,
SCN_10214101_00740000_0030,SCENARIO,scenario_message,DATA/10214101.MDZ,DATA/10214101.MDT,0x00740000,10214101,29,0x00467491,0x0046748c,2b f1 c0 f0 a0 87 f2 77 98 75 bd b8 f0 c1 08 41 f2 95 92 93 84 8b b5 c2 46 0d ff 00,"名前の書いてある紙を
破っただけじゃん…","이름이 적힌 종이를
찢었을 뿐이잖아…",UNASSIGNED,ユウキ,"[{""offset"":-5,""raw_hex"":""02 0e 00 08 00"",""kind"":""MESSAGE_HEADER"",""opcode"":2,""argument"":8},{""offset"":14,""raw_hex"":""08"",""kind"":""LINE_BREAK""},{""offset"":25,""raw_hex"":""0d ff 00"",""kind"":""MESSAGE_END""}]",REVIEW_1,NO,CHARACTER_GUIDE v0.1 적용. context-v1 복원 원문 1차 번역.,SUPPORTED: structured scenario command; header FACE slot maps to face_yuuki_09; runtime display not yet checked. PROVEN: byte-identical source command exists at the same path and offsets on Disc 2. SUPPORTED: context-v1 glyph 복원; 런타임 원문 검증 전. TERM: 버스피어·파스·도박장.,"名<G0170>の書いてある<G0168>を
破っただけじゃん<G0026>",SUPPORTED,"0026,0170",SUPPORTED,0168
SCN_10214101_00740000_0032,SCENARIO,scenario_message,DATA/10214101.MDZ,DATA/10214101.MDT,0x00740000,10214101,31,0x00467578,0x00467573,99 f1 7b f0 21 dc f2 9d 77 bd d7 f0 08 c5 f4 98 bd 93 bf 79 8a 46 08 ef e4 d1 8c bd a0 a1 08 43 f1 b3 9a 86 79 7e 9c 46 0d ff 00,"多分、中にいる人
寝てるだろうし…
ノックするのは
止めとこうかな…","아마 안에 있는 사람이
자고 있을 테니까…
노크하는 건
그만둘까…",UNASSIGNED,ユウキ,"[{""offset"":-5,""raw_hex"":""02 0e 00 02 00"",""kind"":""MESSAGE_HEADER"",""opcode"":2,""argument"":2},{""offset"":12,""raw_hex"":""08"",""kind"":""LINE_BREAK""},{""offset"":22,""raw_hex"":""08"",""kind"":""LINE_BREAK""},{""offset"":30,""raw_hex"":""08"",""kind"":""LINE_BREAK""},{""offset"":40,""raw_hex"":""0d ff 00"",""kind"":""MESSAGE_END""}]",REVIEW_1,NO,CHARACTER_GUIDE v0.1 적용. context-v1 복원 원문 1차 번역.,SUPPORTED: structured scenario command; header FACE slot maps to face_yuuki_03; runtime display not yet checked. PROVEN: byte-identical source command exists at the same path and offsets on Disc 2. SUPPORTED: context-v1 glyph 복원; 런타임 원문 검증 전. TERM: 버스피어·파스·도박장.,"多分<G0001>中にいる人
<G04B5>てるだろうし<G0026>
ノックするのは
<G01C3>めとこうかな<G0026>",SUPPORTED,"0001,0026,01C3",SUPPORTED,04B5
SCN_10214101_00740000_0034,SCENARIO,scenario_message,DATA/10214101.MDZ,DATA/10214101.MDT,0x00740000,10214101,33,0x00467610,0x0046760b,86 c2 86 c2 46 21 95 9a 46 0d ff 00,こんこん…、っと…,똑똑… 어…,UNASSIGNED,ユウキ,"[{""offset"":-5,""raw_hex"":""02 0e 00 01 00"",""kind"":""MESSAGE_HEADER"",""opcode"":2,""argument"":1},{""offset"":9,""raw_hex"":""0d ff 00"",""kind"":""MESSAGE_END""}]",REVIEW_1,NO,CHARACTER_GUIDE v0.1 적용. context-v1 복원 원문 1차 번역.,SUPPORTED: structured scenario command; header FACE slot maps to face_yuuki_02; runtime display not yet checked. PROVEN: byte-identical source command exists at the same path and offsets on Disc 2. SUPPORTED: context-v1 glyph 복원; 런타임 원문 검증 전. TERM: 버스피어·파스·도박장.,こんこん<G0026><G0001>っと<G0026>,SUPPORTED,"0001,0026",NONE,
SCN_10214101_00740000_0035,SCENARIO,scenario_message,DATA/10214101.MDZ,DATA/10214101.MDT,0x00740000,10214101,34,0x004676bc,0x004676b7,75 95 46 21 94 7f 77 b0 8c 43 08 87 95 21 87 b3 c2 9c 88 77 08 9c c2 99 b4 9c 77 99 8c 43 0d ff 00,"あっ…、ちがいます！
ごっ、ごめんなさい
なんでもないです！","아… 아니에요!
죄, 죄송합니다
아무것도 아니에요!",UNASSIGNED,ユウキ,"[{""offset"":-5,""raw_hex"":""02 0e 00 06 00"",""kind"":""MESSAGE_HEADER"",""opcode"":2,""argument"":6},{""offset"":10,""raw_hex"":""08"",""kind"":""LINE_BREAK""},{""offset"":20,""raw_hex"":""08"",""kind"":""LINE_BREAK""},{""offset"":30,""raw_hex"":""0d ff 00"",""kind"":""MESSAGE_END""}]",REVIEW_1,NO,CHARACTER_GUIDE v0.1 적용. context-v1 복원 원문 1차 번역.,SUPPORTED: structured scenario command; header FACE slot maps to face_yuuki_07; runtime display not yet checked. PROVEN: byte-identical source command exists at the same path and offsets on Disc 2. SUPPORTED: context-v1 glyph 복원; 런타임 원문 검증 전. TERM: 버스피어·파스·도박장.,"あっ<G0026><G0001>ちがいます！
ごっ<G0001>ごめんなさい
なんでもないです！",SUPPORTED,"0001,0026",NONE,
SCN_10214101_00740000_0037,SCENARIO,scenario_message,DATA/10214101.MDZ,DATA/10214101.MDT,0x00740000,10214101,36,0x004677e3,0x004677de,77 bf c2 9c d7 f0 7f 86 a0 3b f2 c5 f0 9d 08 98 f5 b0 95 98 77 95 92 c2 93 46 08 c4 3d f0 26 f0 c5 eb b4 21 90 a0 51 d7 f0 46 93 9c 0d ff 00,"いろんな人がこの部屋に
泊まっていったんだ…
アルフィナも、その1人…だな","여러 사람이 이 방에
묵고 갔어…
알피나도 그중 한 명…이지.",UNASSIGNED,ユウキ,"[{""offset"":-5,""raw_hex"":""02 0e 00 02 00"",""kind"":""MESSAGE_HEADER"",""opcode"":2,""argument"":2},{""offset"":14,""raw_hex"":""08"",""kind"":""LINE_BREAK""},{""offset"":26,""raw_hex"":""08"",""kind"":""LINE_BREAK""},{""offset"":44,""raw_hex"":""0d ff 00"",""kind"":""MESSAGE_END""}]",REVIEW_1,NO,CHARACTER_GUIDE v0.1 적용. context-v1 복원 원문 1차 번역.,SUPPORTED: structured scenario command; header FACE slot maps to face_yuuki_03; runtime display not yet checked. PROVEN: byte-identical source command exists at the same path and offsets on Disc 2. SUPPORTED: context-v1 glyph 복원; 런타임 원문 검증 전. TERM: 버스피어·파스·도박장.,"いろんな人がこの部<G0175>に
<G0558>まっていったんだ<G0026>
アルフィナも<G0001>その1人<G0026>だな",SUPPORTED,"0001,0026,0175,0558",NONE,
SCN_10214101_00740000_0039,SCENARIO,scenario_message,DATA/10214101.MDZ,DATA/10214101.MDT,0x00740000,10214101,38,0x004678bb,0x004678b6,46 86 a0 ea c4 a0 dd f2 86 79 7e bb 08 c8 f5 86 7b 98 82 bd 62 f0 31 f3 46 08 9b 95 7e 99 c8 f5 77 92 86 9a 7f 46 0d ff 00,"…このドアの向こうから
聞こえてくる大声…
どっかで聞いたことが…","…이 문 너머에서
들려오는 큰 목소리…
어디선가 들어 본 적이…",UNASSIGNED,ユウキ,"[{""offset"":-5,""raw_hex"":""02 0e 00 06 00"",""kind"":""MESSAGE_HEADER"",""opcode"":2,""argument"":6},{""offset"":12,""raw_hex"":""08"",""kind"":""LINE_BREAK""},{""offset"":25,""raw_hex"":""08"",""kind"":""LINE_BREAK""},{""offset"":38,""raw_hex"":""0d ff 00"",""kind"":""MESSAGE_END""}]",REVIEW_1,NO,CHARACTER_GUIDE v0.1 적용. context-v1 복원 원문 1차 번역.,SUPPORTED: structured scenario command; header FACE slot maps to face_yuuki_07; runtime display not yet checked. PROVEN: byte-identical source command exists at the same path and offsets on Disc 2. SUPPORTED: context-v1 glyph 복원; 런타임 원문 검증 전. TERM: 버스피어·파스·도박장.,"<G0026>このドアの向こうから
聞こえてくる大<G0351><G0026>
どっかで聞いたことが<G0026>",SUPPORTED,"0026,0351",NONE,
SCN_10214101_00740000_0040,SCENARIO,scenario_message,DATA/10214101.MDZ,DATA/10214101.MDT,0x00740000,10214101,39,0x00467a0b,0x00467a06,86 a0 d9 34 f0 d1 9d b3 f2 bd b6 f4 77 31 f3 46 08 9b 95 7e 99 c8 f5 77 92 86 9a 7f 46 08 81 f0 93 95 84 46 44 0d ff 00,"このシャクに触る笑い声…
どっかで聞いたことが…
誰だっけ…？","이 신경을 긁는 웃음소리…
어디선가 들어 본 적이…
누구였더라…?",UNASSIGNED,ユウキ,"[{""offset"":-5,""raw_hex"":""02 0e 00 05 00"",""kind"":""MESSAGE_HEADER"",""opcode"":2,""argument"":5},{""offset"":16,""raw_hex"":""08"",""kind"":""LINE_BREAK""},{""offset"":29,""raw_hex"":""08"",""kind"":""LINE_BREAK""},{""offset"":37,""raw_hex"":""0d ff 00"",""kind"":""MESSAGE_END""}]",REVIEW_1,NO,CHARACTER_GUIDE v0.1 적용. context-v1 복원 원문 1차 번역.,SUPPORTED: structured scenario command; header FACE slot maps to face_yuuki_06; runtime display not yet checked. PROVEN: byte-identical source command exists at the same path and offsets on Disc 2. SUPPORTED: context-v1 glyph 복원; 런타임 원문 검증 전. TERM: 버스피어·파스·도박장.,"このシャクに触る<G04A6>い<G0351><G0026>
どっかで聞いたことが<G0026>
誰だっけ<G0026>？",SUPPORTED,"0026,0351,04A6",NONE,
SCN_10214101_00740000_0041,SCENARIO,scenario_message,DATA/10214101.MDZ,DATA/10214101.MDT,0x00740000,10214101,40,0x00467bad,0x00467ba8,86 be 95 98 99 f1 7b f0 08 24 f0 c4 3a f0 cd 46 21 93 ba 9c 44 08 2c f0 3a f0 e9 26 f5 70 f0 c0 bb 8d 93 9c 46 0d ff 00,"これって多分
ビアンカ…、だよな？
ホント相変わらずだな…","이건 아마
비앙카… 맞지?
정말 여전하네…",UNASSIGNED,ユウキ,"[{""offset"":-5,""raw_hex"":""02 0e 00 08 00"",""kind"":""MESSAGE_HEADER"",""opcode"":2,""argument"":8},{""offset"":8,""raw_hex"":""08"",""kind"":""LINE_BREAK""},{""offset"":21,""raw_hex"":""08"",""kind"":""LINE_BREAK""},{""offset"":37,""raw_hex"":""0d ff 00"",""kind"":""MESSAGE_END""}]",REVIEW_1,NO,CHARACTER_GUIDE v0.1 적용. context-v1 복원 원문 1차 번역.,SUPPORTED: structured scenario command; header FACE slot maps to face_yuuki_09; runtime display not yet checked. PROVEN: byte-identical source command exists at the same path and offsets on Disc 2. SUPPORTED: context-v1 glyph 복원; 런타임 원문 검증 전. TERM: 버스피어·파스·도박장.,"これって多分
ビアンカ<G0026><G0001>だよな？
ホント<G04E6>変わらずだな<G0026>",SUPPORTED,"0001,0026,04E6",NONE,
SCN_10214101_00740000_0042,SCENARIO,scenario_message,DATA/10214101.MDZ,DATA/10214101.MDT,0x00740000,10214101,41,0x00467c8d,0x00467c88,7b 95 21 c4 3d f0 26 f0 c5 eb 08 25 f0 c4 ef 9c c2 98 48 f1 84 bd a0 44 0d ff 00,"えっ、アルフィナ
ピアノなんて弾けるの？","어, 알피나
피아노도 칠 줄 알아?",UNASSIGNED,ユウキ,"[{""offset"":-5,""raw_hex"":""02 0e 00 06 00"",""kind"":""MESSAGE_HEADER"",""opcode"":2,""argument"":6},{""offset"":10,""raw_hex"":""08"",""kind"":""LINE_BREAK""},{""offset"":24,""raw_hex"":""0d ff 00"",""kind"":""MESSAGE_END""}]",REVIEW_1,NO,CHARACTER_GUIDE v0.1 적용. context-v1 복원 원문 1차 번역.,SUPPORTED: structured scenario command; header FACE slot maps to face_yuuki_07; runtime display not yet checked. PROVEN: byte-identical source command exists at the same path and offsets on Disc 2. SUPPORTED: context-v1 glyph 복원; 런타임 원문 검증 전. TERM: 버스피어·파스·도박장.,"えっ<G0001>アルフィナ
ピアノなんて弾けるの？",SUPPORTED,0001,NONE,
SCN_10214101_00740000_0043,SCENARIO,scenario_message,DATA/10214101.MDZ,DATA/10214101.MDT,0x00740000,10214101,42,0x00467d86,0x00467d81,46 90 be 95 98 9b c2 9c 28 f1 93 95 92 a0 44 0d ff 00,…それってどんな曲だったの？,…그건 어떤 곡이었어?,UNASSIGNED,ミランダ,"[{""offset"":-5,""raw_hex"":""22 0e 00 1e 00"",""kind"":""MESSAGE_HEADER"",""opcode"":34,""argument"":30},{""offset"":15,""raw_hex"":""0d ff 00"",""kind"":""MESSAGE_END""}]",REVIEW_1,NO,CHARACTER_GUIDE v0.1 적용. context-v1 복원 원문 1차 번역.,SUPPORTED: structured scenario command; header FACE slot maps to face_miranda_05; runtime display not yet checked. PROVEN: byte-identical source command exists at the same path and offsets on Disc 2. SUPPORTED: context-v1 glyph 복원; 런타임 원문 검증 전. TERM: 버스피어·파스·도박장.,<G0026>それってどんな曲だったの？,SUPPORTED,0026,NONE,
SCN_10214101_00740000_0044,SCENARIO,scenario_message,DATA/10214101.MDZ,DATA/10214101.MDT,0x00740000,10214101,43,0x00467e5a,0x00467e55,25 f0 c4 ef 9c c2 7e 21 ae c2 b6 bc 08 6d f8 b3 98 98 b4 8a b9 79 7f 9c 77 7e 46 0d ff 00,"ピアノなんか、ぼんやり
眺めててもしょうがないか…","피아노나 멍하니
바라보고 있어 봐야 소용없나…",UNASSIGNED,ユウキ,"[{""offset"":-5,""raw_hex"":""02 0e 00 05 00"",""kind"":""MESSAGE_HEADER"",""opcode"":2,""argument"":5},{""offset"":12,""raw_hex"":""08"",""kind"":""LINE_BREAK""},{""offset"":27,""raw_hex"":""0d ff 00"",""kind"":""MESSAGE_END""}]",REVIEW_1,NO,CHARACTER_GUIDE v0.1 적용. context-v1 복원 원문 1차 번역.,SUPPORTED: structured scenario command; header FACE slot maps to face_yuuki_06; runtime display not yet checked. PROVEN: byte-identical source command exists at the same path and offsets on Disc 2. SUPPORTED: context-v1 glyph 복원; 런타임 원문 검증 전. TERM: 버스피어·파스·도박장.,"ピアノなんか<G0001>ぼんやり
<G079D>めててもしょうがないか<G0026>",SUPPORTED,"0001,0026",SUPPORTED,079D
SCN_10214101_00740000_0045,SCENARIO,scenario_message,DATA/10214101.MDZ,DATA/10214101.MDT,0x00740000,10214101,44,0x00467eaf,0x00467eaa,86 be 21 77 82 bb 83 bb 77 08 8c bd c2 93 bf 46 21 9c c2 7e d6 f1 90 79 9c 08 e7 c5 47 cd e4 28 f0 93 9c 46 0d ff 00,"これ、いくらぐらい
するんだろ…、なんか高そうな
ティーカップだな…","이거 얼마쯤
할까… 왠지 비싸 보이는
찻잔이네…",UNASSIGNED,ユウキ,"[{""offset"":-5,""raw_hex"":""02 0e 00 0b 00"",""kind"":""MESSAGE_HEADER"",""opcode"":2,""argument"":11},{""offset"":9,""raw_hex"":""08"",""kind"":""LINE_BREAK""},{""offset"":25,""raw_hex"":""08"",""kind"":""LINE_BREAK""},{""offset"":36,""raw_hex"":""0d ff 00"",""kind"":""MESSAGE_END""}]",REVIEW_1,NO,CHARACTER_GUIDE v0.1 적용. context-v1 복원 원문 1차 번역.,SUPPORTED: structured scenario command; header FACE slot maps to face_yuuki_12; runtime display not yet checked. PROVEN: byte-identical source command exists at the same path and offsets on Disc 2. SUPPORTED: context-v1 glyph 복원; 런타임 원문 검증 전. TERM: 버스피어·파스·도박장.,"これ<G0001>いくらぐらい
するんだろ<G0026><G0001>なんか高そうな
ティーカップだな<G0026>",SUPPORTED,"0001,0026",NONE,
SCN_10214101_00740000_0046,SCENARIO,scenario_message,DATA/10214101.MDZ,DATA/10214101.MDT,0x00740000,10214101,45,0x00467f22,0x00467f1d,a1 a1 46 21 cc 3e f0 a1 bd f3 9d 08 d9 f3 52 f5 8a 94 b5 95 98 e2 32 f0 90 79 93 9c 08 86 c2 9c d6 f1 c2 f3 dd f1 46 0d ff 00,"はは…、オレは先に
緊張しちゃってダメそうだな
こんな高級品…","하하… 나는 먼저
긴장해서 안 될 것 같네
이런 고급품 앞에서는…",UNASSIGNED,ユウキ,"[{""offset"":-5,""raw_hex"":""02 0e 00 08 00"",""kind"":""MESSAGE_HEADER"",""opcode"":2,""argument"":8},{""offset"":11,""raw_hex"":""08"",""kind"":""LINE_BREAK""},{""offset"":28,""raw_hex"":""08"",""kind"":""LINE_BREAK""},{""offset"":39,""raw_hex"":""0d ff 00"",""kind"":""MESSAGE_END""}]",REVIEW_1,NO,CHARACTER_GUIDE v0.1 적용. context-v1 복원 원문 1차 번역.,SUPPORTED: structured scenario command; header FACE slot maps to face_yuuki_09; runtime display not yet checked. PROVEN: byte-identical source command exists at the same path and offsets on Disc 2. SUPPORTED: context-v1 glyph 복원; 런타임 원문 검증 전. TERM: 버스피어·파스·도박장.,"はは<G0026><G0001>オレは<G03DD>に
<G03F9><G0512>しちゃってダメそうだな
こんな高級品<G0026>",SUPPORTED,"0001,0026,03F9",SUPPORTED,"03DD,0512"
SCN_10214101_00740000_0047,SCENARIO,scenario_message,DATA/10214101.MDZ,DATA/10214101.MDT,0x00740000,10214101,46,0x00467f6c,0x00467f67,d6 f1 90 79 9c e7 c5 47 cd e4 28 f0 7f 08 cf f0 77 98 75 bd 46 08 86 86 99 87 a8 f5 21 c3 f4 ab bd 9a 80 08 74 f0 79 a0 7e 9c 44 0d ff 00,"高そうなティーカップが
置いてある…
ここでご飯、食べるとき
使うのかな？","비싸 보이는 찻잔이
놓여 있어…
여기서 식사할 때
쓰는 걸까?",UNASSIGNED,ユウキ,"[{""offset"":-5,""raw_hex"":""02 0e 00 0b 00"",""kind"":""MESSAGE_HEADER"",""opcode"":2,""argument"":11},{""offset"":13,""raw_hex"":""08"",""kind"":""LINE_BREAK""},{""offset"":21,""raw_hex"":""08"",""kind"":""LINE_BREAK""},{""offset"":35,""raw_hex"":""08"",""kind"":""LINE_BREAK""},{""offset"":43,""raw_hex"":""0d ff 00"",""kind"":""MESSAGE_END""}]",REVIEW_1,NO,CHARACTER_GUIDE v0.1 적용. context-v1 복원 원문 1차 번역.,SUPPORTED: structured scenario command; header FACE slot maps to face_yuuki_12; runtime display not yet checked. PROVEN: byte-identical source command exists at the same path and offsets on Disc 2. SUPPORTED: context-v1 glyph 복원; 런타임 원문 검증 전. TERM: 버스피어·파스·도박장.,"高そうなティーカップが
置いてある<G0026>
ここでご<G0568><G0001>食べるとき
使うのかな？",SUPPORTED,"0001,0026,0568",NONE,
SCN_10214101_00740000_0048,SCENARIO,scenario_message,DATA/10214101.MDZ,DATA/10214101.MDT,0x00740000,10214101,47,0x00467fcb,0x00467fc6,d6 f1 90 79 9c e7 c5 47 cd e4 28 f0 93 9c 46 08 86 be 21 77 82 bb 83 bb 77 8c bd c2 93 bf 0d ff 00,"高そうなティーカップだな…
これ、いくらぐらいするんだろ","비싸 보이는 찻잔이네…
이거 얼마쯤 할까?",UNASSIGNED,ユウキ,"[{""offset"":-5,""raw_hex"":""02 0e 00 01 00"",""kind"":""MESSAGE_HEADER"",""opcode"":2,""argument"":1},{""offset"":15,""raw_hex"":""08"",""kind"":""LINE_BREAK""},{""offset"":30,""raw_hex"":""0d ff 00"",""kind"":""MESSAGE_END""}]",REVIEW_1,NO,CHARACTER_GUIDE v0.1 적용. context-v1 복원 원문 1차 번역.,SUPPORTED: structured scenario command; header FACE slot maps to face_yuuki_02; runtime display not yet checked. PROVEN: byte-identical source command exists at the same path and offsets on Disc 2. SUPPORTED: context-v1 glyph 복원; 런타임 원문 검증 전. TERM: 버스피어·파스·도박장.,"高そうなティーカップだな<G0026>
これ<G0001>いくらぐらいするんだろ",SUPPORTED,"0001,0026",NONE,
SCN_10214101_00740000_0050,SCENARIO,scenario_message,DATA/10214101.MDZ,DATA/10214101.MDT,0x00740000,10214101,49,0x00468046,0x00468041,b0 74 9f 46 21 77 be b4 c2 a4 9a 96 99 08 53 50 50 50 60 9c c2 98 46 08 cc 3e f0 9d a1 44 f6 c4 f1 99 80 9c 77 9c 0d ff 00,"まぁね…、いれもんひとつで
2000Gなんて…
オレには理解できないな","그렇긴 하지… 그릇 하나가
2000G라니…
나는 이해할 수가 없네.",UNASSIGNED,ユウキ,"[{""offset"":-5,""raw_hex"":""02 0e 00 08 00"",""kind"":""MESSAGE_HEADER"",""opcode"":2,""argument"":8},{""offset"":13,""raw_hex"":""08"",""kind"":""LINE_BREAK""},{""offset"":23,""raw_hex"":""08"",""kind"":""LINE_BREAK""},{""offset"":38,""raw_hex"":""0d ff 00"",""kind"":""MESSAGE_END""}]",REVIEW_1,NO,CHARACTER_GUIDE v0.1 적용. context-v1 복원 원문 1차 번역.,SUPPORTED: structured scenario command; header FACE slot maps to face_yuuki_09; runtime display not yet checked. PROVEN: byte-identical source command exists at the same path and offsets on Disc 2. SUPPORTED: context-v1 glyph 복원; 런타임 원문 검증 전. TERM: 버스피어·파스·도박장.,"ま<G0054>ね<G0026><G0001>いれもんひとつで
<G0033>000<G0040>なんて<G0026>
オレには<G05D4>解できないな",SUPPORTED,"0001,0026,0033,0054,05D4",SUPPORTED,0040
SCN_10214101_00740000_0051,SCENARIO,scenario_message,DATA/10214101.MDZ,DATA/10214101.MDT,0x00740000,10214101,50,0x0046808f,0x0046808a,86 be 7f 53 50 50 50 60 46 08 86 a0 e7 c5 47 cd e4 28 f0 a4 9a 96 99 08 54 f1 bf f1 e7 f3 a0 ca 3a f0 da 3a f0 7f 08 82 f0 7b bd a0 7e 46 0d ff 00,"これが2000G…
このティーカップひとつで
最新型のエンジンが
買えるのか…","이게 2000G…
이 찻잔 하나면
최신형 엔진을
살 수 있겠네…",UNASSIGNED,ユウキ,"[{""offset"":-5,""raw_hex"":""02 0e 00 08 00"",""kind"":""MESSAGE_HEADER"",""opcode"":2,""argument"":8},{""offset"":9,""raw_hex"":""08"",""kind"":""LINE_BREAK""},{""offset"":23,""raw_hex"":""08"",""kind"":""LINE_BREAK""},{""offset"":38,""raw_hex"":""08"",""kind"":""LINE_BREAK""},{""offset"":46,""raw_hex"":""0d ff 00"",""kind"":""MESSAGE_END""}]",REVIEW_1,NO,CHARACTER_GUIDE v0.1 적용. context-v1 복원 원문 1차 번역.,SUPPORTED: structured scenario command; header FACE slot maps to face_yuuki_09; runtime display not yet checked. PROVEN: byte-identical source command exists at the same path and offsets on Disc 2. SUPPORTED: context-v1 glyph 복원; 런타임 원문 검증 전. TERM: 버스피어·파스·도박장.,"これが<G0033>000<G0040><G0026>
このティーカップひとつで
<G01D4><G023F>型のエンジンが
<G0132>えるのか<G0026>",SUPPORTED,"0026,0033,0132,01D4,023F",SUPPORTED,0040
SCN_10214101_00740000_0052,SCENARIO,scenario_message,DATA/10214101.MDZ,DATA/10214101.MDT,0x00740000,10214101,51,0x004680e7,0x004680e2,c4 3d f0 26 f0 c5 eb 46 08 af f5 be 98 bd c2 93 bf 79 9c 08 7d 98 f2 99 b4 67 f3 c2 99 08 db f2 9e f0 21 bf f3 b3 98 98 82 be ba 46 0d ff 00,"アルフィナ…
疲れてるんだろうな
お茶でも飲んで
身体、休めててくれよ…","알피나…
지쳤겠지
차라도 마시면서
몸을 쉬게 해…",UNASSIGNED,ユウキ,"[{""offset"":-5,""raw_hex"":""02 0e 00 05 00"",""kind"":""MESSAGE_HEADER"",""opcode"":2,""argument"":5},{""offset"":8,""raw_hex"":""08"",""kind"":""LINE_BREAK""},{""offset"":19,""raw_hex"":""08"",""kind"":""LINE_BREAK""},{""offset"":29,""raw_hex"":""08"",""kind"":""LINE_BREAK""},{""offset"":44,""raw_hex"":""0d ff 00"",""kind"":""MESSAGE_END""}]",REVIEW_1,NO,CHARACTER_GUIDE v0.1 적용. context-v1 복원 원문 1차 번역.,SUPPORTED: structured scenario command; header FACE slot maps to face_yuuki_06; runtime display not yet checked. PROVEN: byte-identical source command exists at the same path and offsets on Disc 2. SUPPORTED: context-v1 glyph 복원; 런타임 원문 검증 전. TERM: 버스피어·파스·도박장.,"アルフィナ<G0026>
<G056F>れてるんだろうな
お<G02E8>でも飲んで
身体<G0001><G03DF>めててくれよ<G0026>",SUPPORTED,"0001,0026,03DF,056F",SUPPORTED,02E8
SCN_10214101_00740000_0059,SCENARIO,scenario_message,DATA/10214101.MDZ,DATA/10214101.MDT,0x00740000,10214101,58,0x00468755,0x00468750,a1 a1 95 46 21 c8 3d f0 08 8c 87 77 d2 f4 77 99 c3 f4 ab 94 f2 b3 92 9c 46 0d ff 00,"ははっ…、ウル
すごい勢いで食べ始めたな…","하핫… 울
엄청난 기세로 먹기 시작했네…",UNASSIGNED,ユウキ,"[{""offset"":-5,""raw_hex"":""02 0e 00 08 00"",""kind"":""MESSAGE_HEADER"",""opcode"":2,""argument"":8},{""offset"":8,""raw_hex"":""08"",""kind"":""LINE_BREAK""},{""offset"":25,""raw_hex"":""0d ff 00"",""kind"":""MESSAGE_END""}]",REVIEW_1,NO,CHARACTER_GUIDE v0.1 적용. context-v1 복원 원문 1차 번역.,SUPPORTED: structured scenario command; header FACE slot maps to face_yuuki_09; runtime display not yet checked. PROVEN: byte-identical source command exists at the same path and offsets on Disc 2. SUPPORTED: context-v1 glyph 복원; 런타임 원문 검증 전. TERM: 버스피어·파스·도박장.,"ははっ<G0026><G0001>ウル
すごい<G04C2>いで食べ<G02E4>めたな<G0026>",SUPPORTED,"0001,0026,02E4,04C2",NONE,
SCN_10214101_00740000_0060,SCENARIO,scenario_message,DATA/10214101.MDZ,DATA/10214101.MDT,0x00740000,10214101,59,0x004687d9,0x004687d4,46 87 b3 c2 08 77 b6 88 46 21 c4 3d f0 26 f0 c5 eb 08 3e f2 bb f0 9d 9c 95 98 ba 7e 95 92 9c 46 08 95 98 46 0d ff 00,"…ごめん
いやさ…、アルフィナ
元気になってよかったな…
って…","…미안
그게… 알피나가
기운을 차려서 다행이라고
말하려던 거야…",UNASSIGNED,ユウキ,"[{""offset"":-5,""raw_hex"":""02 0e 00 02 00"",""kind"":""MESSAGE_HEADER"",""opcode"":2,""argument"":2},{""offset"":4,""raw_hex"":""08"",""kind"":""LINE_BREAK""},{""offset"":17,""raw_hex"":""08"",""kind"":""LINE_BREAK""},{""offset"":32,""raw_hex"":""08"",""kind"":""LINE_BREAK""},{""offset"":36,""raw_hex"":""0d ff 00"",""kind"":""MESSAGE_END""}]",REVIEW_1,NO,CHARACTER_GUIDE v0.1 적용. context-v1 복원 원문 1차 번역.,SUPPORTED: structured scenario command; header FACE slot maps to face_yuuki_03; runtime display not yet checked. PROVEN: byte-identical source command exists at the same path and offsets on Disc 2. SUPPORTED: context-v1 glyph 복원; 런타임 원문 검증 전. TERM: 버스피어·파스·도박장.,"<G0026>ごめん
いやさ<G0026><G0001>アルフィナ
元気になってよかったな<G0026>
って<G0026>",SUPPORTED,"0001,0026",NONE,
SCN_10214101_00740000_0062,SCENARIO,scenario_message,DATA/10214101.MDZ,DATA/10214101.MDT,0x00740000,10214101,61,0x004688e1,0x004688dc,90 79 77 7b a2 c4 3d f0 26 f0 c5 eb 46 08 86 a0 b5 f0 7f e3 f1 c0 95 92 bb 08 9b 79 8c bd a0 44 21 9b f1 3b f2 08 79 b0 77 78 f0 a3 f1 9d c4 f1 20 f4 8a 92 bb 88 43 0d ff 00,"そういえばアルフィナ…
この旅が終わったら
どうするの？、全部
うまい具合に解決したらさ！","그러고 보니 알피나…
이 여행이 끝나면
어떻게 할 거야? 모든 일이
잘 해결된다면 말이야!",UNASSIGNED,ユウキ,"[{""offset"":-5,""raw_hex"":""02 0e 00 02 00"",""kind"":""MESSAGE_HEADER"",""opcode"":2,""argument"":2},{""offset"":13,""raw_hex"":""08"",""kind"":""LINE_BREAK""},{""offset"":25,""raw_hex"":""08"",""kind"":""LINE_BREAK""},{""offset"":37,""raw_hex"":""08"",""kind"":""LINE_BREAK""},{""offset"":55,""raw_hex"":""0d ff 00"",""kind"":""MESSAGE_END""}]",REVIEW_1,NO,CHARACTER_GUIDE v0.1 적용. context-v1 복원 원문 1차 번역.,SUPPORTED: structured scenario command; header FACE slot maps to face_yuuki_03; runtime display not yet checked. PROVEN: byte-identical source command exists at the same path and offsets on Disc 2. SUPPORTED: context-v1 glyph 복원; 런타임 원문 검증 전. TERM: 버스피어·파스·도박장.,"そういえばアルフィナ<G0026>
この旅が<G0263>わったら
どうするの？<G0001>全部
うまい具合に解<G0410>したらさ！",SUPPORTED,"0001,0026,0263,0410",NONE,
SCN_10214101_00740000_0063,SCENARIO,scenario_message,DATA/10214101.MDZ,DATA/10214101.MDT,0x00740000,10214101,62,0x00468a54,0x00468a4f,c4 3d f0 26 f0 c5 eb a0 22 f0 3a f0 c5 f0 88 c2 7e 46 08 90 c2 9c 7d 69 f5 75 95 92 bb 08 cc 3e f0 21 2e f3 95 94 b5 79 9c 46 0d ff 00,"アルフィナのパン屋さんか…
そんなお店あったら
オレ、通っちゃうな…","알피나의 빵집인가…
그런 가게가 있다면
나 매일 다닐 텐데…",UNASSIGNED,ユウキ,"[{""offset"":-5,""raw_hex"":""02 0e 00 02 00"",""kind"":""MESSAGE_HEADER"",""opcode"":2,""argument"":2},{""offset"":18,""raw_hex"":""08"",""kind"":""LINE_BREAK""},{""offset"":29,""raw_hex"":""08"",""kind"":""LINE_BREAK""},{""offset"":42,""raw_hex"":""0d ff 00"",""kind"":""MESSAGE_END""}]",REVIEW_1,NO,CHARACTER_GUIDE v0.1 적용. context-v1 복원 원문 1차 번역.,SUPPORTED: structured scenario command; header FACE slot maps to face_yuuki_03; runtime display not yet checked. PROVEN: byte-identical source command exists at the same path and offsets on Disc 2. SUPPORTED: context-v1 glyph 복원; 런타임 원문 검증 전. TERM: 버스피어·파스·도박장.,"アルフィナのパン<G0175>さんか<G0026>
そんなお<G0529>あったら
オレ<G0001>通っちゃうな<G0026>",SUPPORTED,"0001,0026,0175,0529",NONE,
SCN_10214101_00740000_0066,SCENARIO,scenario_message,DATA/10214101.MDZ,DATA/10214101.MDT,0x00740000,10214101,65,0x00468baa,0x00468ba5,62 f0 e0 f0 9c 99 f2 a0 4d f5 ca f2 c1 21 c3 f4 da f0 dc f2 9d 08 84 f4 79 c0 84 9d a1 77 7e 9c 77 7e bb 9c 08 a9 f4 7e 95 98 2c f0 3a f0 e9 71 f1 7e 95 92 46 0d ff 00,"大切な空の仲間を、食事中に
失うわけにはいかないからな
助かってホント良かった…","소중한 하늘의 동료를 식사 중에
잃을 수는 없으니까
살아서 정말 다행이야…",UNASSIGNED,ユウキ,"[{""offset"":-5,""raw_hex"":""02 0e 00 08 00"",""kind"":""MESSAGE_HEADER"",""opcode"":2,""argument"":8},{""offset"":21,""raw_hex"":""08"",""kind"":""LINE_BREAK""},{""offset"":36,""raw_hex"":""08"",""kind"":""LINE_BREAK""},{""offset"":53,""raw_hex"":""0d ff 00"",""kind"":""MESSAGE_END""}]",REVIEW_1,NO,CHARACTER_GUIDE v0.1 적용. context-v1 복원 원문 1차 번역.,SUPPORTED: structured scenario command; header FACE slot maps to face_yuuki_09; runtime display not yet checked. PROVEN: byte-identical source command exists at the same path and offsets on Disc 2. SUPPORTED: context-v1 glyph 복원; 런타임 원문 검증 전. TERM: 버스피어·파스·도박장.,"大切な空の仲間を<G0001>食事中に
<G0474>うわけにはいかないからな
<G0499>かってホント良かった<G0026>",SUPPORTED,"0001,0026,0474,0499",NONE,
SCN_10214101_00740000_0068,SCENARIO,scenario_message,DATA/10214101.MDZ,DATA/10214101.MDT,0x00740000,10214101,67,0x00468cc5,0x00468cc0,9c 74 c8 3d f0 21 7b f0 7e bd 93 bf 44 08 db f2 9e f0 9d b0 9a c0 bc 96 82 3c f2 c1 08 26 f0 3d f0 db 25 f0 47 ea 99 08 41 f3 bc e0 f0 95 92 2c f1 9d 75 bd 30 f2 50 f2 46 0d ff 00,"なぁウル、分かるだろ？
身体にまとわりつく雲を
フルスピードで
振り切った先にある太陽…","그렇지, 울? 알겠지?
몸에 달라붙는 구름을
최고 속도로
뿌리치고 나면 보이는 태양…",UNASSIGNED,ユウキ,"[{""offset"":-5,""raw_hex"":""02 0e 00 02 00"",""kind"":""MESSAGE_HEADER"",""opcode"":2,""argument"":2},{""offset"":13,""raw_hex"":""08"",""kind"":""LINE_BREAK""},{""offset"":28,""raw_hex"":""08"",""kind"":""LINE_BREAK""},{""offset"":39,""raw_hex"":""08"",""kind"":""LINE_BREAK""},{""offset"":57,""raw_hex"":""0d ff 00"",""kind"":""MESSAGE_END""}]",REVIEW_1,NO,CHARACTER_GUIDE v0.1 적용. context-v1 복원 원문 1차 번역.,SUPPORTED: structured scenario command; header FACE slot maps to face_yuuki_03; runtime display not yet checked. PROVEN: byte-identical source command exists at the same path and offsets on Disc 2. SUPPORTED: context-v1 glyph 복원; 런타임 원문 검증 전. TERM: 버스피어·파스·도박장.,"な<G0054>ウル<G0001>分かるだろ？
身体にまとわりつく雲を
フルスピードで
振り切った先にある太陽<G0026>",SUPPORTED,"0001,0026,0054",NONE,
SCN_10214101_00740000_0069,SCENARIO,scenario_message,DATA/10214101.MDZ,DATA/10214101.MDT,0x00740000,10214101,68,0x00468d63,0x00468d5e,b4 8a 7e 8a 98 c4 3d f0 26 f0 c5 eb 08 49 f1 42 f1 af f3 a0 24 f5 72 f8 8a 98 b1 92 77 44 08 d2 f3 5b f0 75 bd a0 44 0d ff 00,"もしかしてアルフィナ
飛行機の操縦してみたい？
興味あるの？","혹시 알피나도
비행기를 조종해 보고 싶어?
관심 있어?",UNASSIGNED,ユウキ,"[{""offset"":-5,""raw_hex"":""02 0e 00 02 00"",""kind"":""MESSAGE_HEADER"",""opcode"":2,""argument"":2},{""offset"":12,""raw_hex"":""08"",""kind"":""LINE_BREAK""},{""offset"":30,""raw_hex"":""08"",""kind"":""LINE_BREAK""},{""offset"":39,""raw_hex"":""0d ff 00"",""kind"":""MESSAGE_END""}]",REVIEW_1,NO,CHARACTER_GUIDE v0.1 적용. context-v1 복원 원문 1차 번역.,SUPPORTED: structured scenario command; header FACE slot maps to face_yuuki_03; runtime display not yet checked. PROVEN: byte-identical source command exists at the same path and offsets on Disc 2. SUPPORTED: context-v1 glyph 복원; 런타임 원문 검증 전. TERM: 버스피어·파스·도박장.,"もしかしてアルフィナ
飛行機の<G04E4><G07A2>してみたい？
<G03F2>味あるの？",SUPPORTED,03F2,SUPPORTED,"04E4,07A2"
SCN_10214101_00740000_0070,SCENARIO,scenario_message,DATA/10214101.MDZ,DATA/10214101.MDT,0x00740000,10214101,69,0x00468de4,0x00468ddf,90 95 7e 46 08 9c bb 77 96 7e 96 f2 7b bd ba 08 90 a0 7e c0 bc 21 80 a5 8a 82 77 82 7e bb 08 6f f0 37 f4 8a 9a 77 98 82 be ba 43 0d ff 00,"そっか…
ならいつか教えるよ
そのかわり、きびしくいくから
覚悟しといてくれよ！","그렇구나…
그럼 언젠가 가르쳐 줄게
대신 엄하게 할 테니까
각오해 둬!",UNASSIGNED,ユウキ,"[{""offset"":-5,""raw_hex"":""02 0e 00 0a 00"",""kind"":""MESSAGE_HEADER"",""opcode"":2,""argument"":10},{""offset"":4,""raw_hex"":""08"",""kind"":""LINE_BREAK""},{""offset"":15,""raw_hex"":""08"",""kind"":""LINE_BREAK""},{""offset"":30,""raw_hex"":""08"",""kind"":""LINE_BREAK""},{""offset"":43,""raw_hex"":""0d ff 00"",""kind"":""MESSAGE_END""}]",REVIEW_1,NO,CHARACTER_GUIDE v0.1 적용. context-v1 복원 원문 1차 번역.,SUPPORTED: structured scenario command; header FACE slot maps to face_yuuki_11; runtime display not yet checked. PROVEN: byte-identical source command exists at the same path and offsets on Disc 2. SUPPORTED: context-v1 glyph 복원; 런타임 원문 검증 전. TERM: 버스피어·파스·도박장.,"そっか<G0026>
ならいつか<G02E6>えるよ
そのかわり<G0001>きびしくいくから
覚<G0427>しといてくれよ！",SUPPORTED,"0001,0026,02E6,0427",NONE,
SCN_10214101_00740000_0071,SCENARIO,scenario_message,DATA/10214101.MDZ,DATA/10214101.MDT,0x00740000,10214101,70,0x00468e5f,0x00468e5a,aa f4 a0 59 f1 9c a0 9d 49 f1 42 f1 af f3 c1 08 24 f5 72 f8 8a 98 b1 92 77 95 98 46 08 c4 3d f0 26 f0 c5 eb 95 98 21 b6 95 a3 08 94 b9 95 9a 70 f0 c0 95 98 bd ba 9c 0d ff 00,"女の子なのに飛行機を
操縦してみたいって…
アルフィナって、やっぱ
ちょっと変わってるよな","여자아이인데 비행기를
조종해 보고 싶다니…
알피나는 역시
조금 특이하네.",UNASSIGNED,ユウキ,"[{""offset"":-5,""raw_hex"":""02 0e 00 03 00"",""kind"":""MESSAGE_HEADER"",""opcode"":2,""argument"":3},{""offset"":15,""raw_hex"":""08"",""kind"":""LINE_BREAK""},{""offset"":28,""raw_hex"":""08"",""kind"":""LINE_BREAK""},{""offset"":42,""raw_hex"":""08"",""kind"":""LINE_BREAK""},{""offset"":55,""raw_hex"":""0d ff 00"",""kind"":""MESSAGE_END""}]",REVIEW_1,NO,CHARACTER_GUIDE v0.1 적용. context-v1 복원 원문 1차 번역.,SUPPORTED: structured scenario command; header FACE slot maps to face_yuuki_04; runtime display not yet checked. PROVEN: byte-identical source command exists at the same path and offsets on Disc 2. SUPPORTED: context-v1 glyph 복원; 런타임 원문 검증 전. TERM: 버스피어·파스·도박장.,"女の子なのに飛行機を
<G04E4><G07A2>してみたいって<G0026>
アルフィナって<G0001>やっ<G0083>
ちょっと変わってるよな",SUPPORTED,"0001,0026,0083",SUPPORTED,"04E4,07A2"
SCN_10214101_00740000_0072,SCENARIO,scenario_message,DATA/10214101.MDZ,DATA/10214101.MDT,0x00740000,10214101,71,0x00468f7f,0x00468f7a,9b 79 8c bd 46 08 90 bf 90 bf 42 f1 82 44 0d ff 00,"どうする…
そろそろ行く？","어떻게 할까…
슬슬 갈까?",UNASSIGNED,ユウキ,"[{""offset"":-5,""raw_hex"":""02 0e 00 02 00"",""kind"":""MESSAGE_HEADER"",""opcode"":2,""argument"":2},{""offset"":5,""raw_hex"":""08"",""kind"":""LINE_BREAK""},{""offset"":14,""raw_hex"":""0d ff 00"",""kind"":""MESSAGE_END""}]",REVIEW_1,NO,CHARACTER_GUIDE v0.1 적용. context-v1 복원 원문 1차 번역.,SUPPORTED: structured scenario command; header FACE slot maps to face_yuuki_03; runtime display not yet checked. PROVEN: byte-identical source command exists at the same path and offsets on Disc 2. SUPPORTED: context-v1 glyph 복원; 런타임 원문 검증 전. TERM: 버스피어·파스·도박장.,"どうする<G0026>
そろそろ行く？",SUPPORTED,0026,NONE,
SCN_10214102_00740000_0006,SCENARIO,scenario_message,DATA/10214102.MDZ,DATA/10214102.MDT,0x00740000,10214102,5,0x004d2f6c,0x004d2f67,b6 b3 bd 08 9f f4 98 f5 8c bd 0d ff 00,"やめる
宿泊する","그만둔다
숙박한다",UNASSIGNED,ユウキ,"[{""offset"":-5,""raw_hex"":""02 0e 00 01 00"",""kind"":""MESSAGE_HEADER"",""opcode"":2,""argument"":1},{""offset"":3,""raw_hex"":""08"",""kind"":""LINE_BREAK""},{""offset"":10,""raw_hex"":""0d ff 00"",""kind"":""MESSAGE_END""}]",REVIEW_1,NO,CHARACTER_GUIDE v0.1 적용. context-v1 복원 원문 1차 번역.,SUPPORTED: structured scenario command; header FACE slot maps to face_yuuki_02; runtime display not yet checked. PROVEN: byte-identical source command exists at the same path and offsets on Disc 2. SUPPORTED: context-v1 glyph 복원; 런타임 원문 검증 전. TERM: 버스피어·파스·도박장.,"やめる
宿<G0558>する",SUPPORTED,0558,NONE,
SCN_10214102_00740000_0007,SCENARIO,scenario_message,DATA/10214102.MDZ,DATA/10214102.MDT,0x00740000,10214102,6,0x004d30a8,0x004d30a3,b6 b3 bd 08 9f f4 98 f5 8c bd 0d ff 00,"やめる
宿泊する","그만둔다
숙박한다",UNASSIGNED,ユウキ,"[{""offset"":-5,""raw_hex"":""02 0e 00 01 00"",""kind"":""MESSAGE_HEADER"",""opcode"":2,""argument"":1},{""offset"":3,""raw_hex"":""08"",""kind"":""LINE_BREAK""},{""offset"":10,""raw_hex"":""0d ff 00"",""kind"":""MESSAGE_END""}]",REVIEW_1,NO,CHARACTER_GUIDE v0.1 적용. context-v1 복원 원문 1차 번역.,SUPPORTED: structured scenario command; header FACE slot maps to face_yuuki_02; runtime display not yet checked. PROVEN: byte-identical source command exists at the same path and offsets on Disc 2. SUPPORTED: context-v1 glyph 복원; 런타임 원문 검증 전. TERM: 버스피어·파스·도박장.,"やめる
宿<G0558>する",SUPPORTED,0558,NONE,
SCN_10214102_00740000_0008,SCENARIO,scenario_message,DATA/10214102.MDZ,DATA/10214102.MDT,0x00740000,10214102,7,0x004d30d1,0x004d30cc,ef f2 84 f2 99 7d ce f5 be 93 95 98 86 9a 08 b4 f0 9d 23 f6 95 98 08 30 f0 3b f0 3a f0 e2 9d 2e f4 c0 9c 77 9a 46 0d ff 00,"明日でお別れだってこと
船に戻って
ミランダに言わないと…","내일이면 헤어진다는 걸
배로 돌아가서
미란다에게 말해야 해…",UNASSIGNED,アルフィナ,"[{""offset"":-5,""raw_hex"":""02 0e 00 0c 00"",""kind"":""MESSAGE_HEADER"",""opcode"":2,""argument"":12},{""offset"":14,""raw_hex"":""08"",""kind"":""LINE_BREAK""},{""offset"":22,""raw_hex"":""08"",""kind"":""LINE_BREAK""},{""offset"":38,""raw_hex"":""0d ff 00"",""kind"":""MESSAGE_END""}]",REVIEW_1,NO,CHARACTER_GUIDE v0.1 적용. context-v1 복원 원문 1차 번역.,SUPPORTED: structured scenario command; header FACE slot maps to face_alfina_01; runtime display not yet checked. PROVEN: byte-identical source command exists at the same path and offsets on Disc 2. SUPPORTED: context-v1 glyph 복원; 런타임 원문 검증 전. TERM: 버스피어·파스·도박장.,"<G033F><G02D4>でお別れだってこと
船に戻って
ミランダに<G041E>わないと<G0026>",SUPPORTED,"0026,02D4,033F,041E",NONE,
SCN_10214102_00740000_0009,SCENARIO,scenario_message,DATA/10214102.MDZ,DATA/10214102.MDT,0x00740000,10214102,8,0x004d31e9,0x004d31e4,b6 b3 bd 08 9f f4 98 f5 8c bd 0d ff 00,"やめる
宿泊する","그만둔다
숙박한다",UNASSIGNED,ユウキ,"[{""offset"":-5,""raw_hex"":""02 0e 00 01 00"",""kind"":""MESSAGE_HEADER"",""opcode"":2,""argument"":1},{""offset"":3,""raw_hex"":""08"",""kind"":""LINE_BREAK""},{""offset"":10,""raw_hex"":""0d ff 00"",""kind"":""MESSAGE_END""}]",REVIEW_1,NO,CHARACTER_GUIDE v0.1 적용. context-v1 복원 원문 1차 번역.,SUPPORTED: structured scenario command; header FACE slot maps to face_yuuki_02; runtime display not yet checked. PROVEN: byte-identical source command exists at the same path and offsets on Disc 2. SUPPORTED: context-v1 glyph 복원; 런타임 원문 검증 전. TERM: 버스피어·파스·도박장.,"やめる
宿<G0558>する",SUPPORTED,0558,NONE,
SCN_10214102_00740000_0010,SCENARIO,scenario_message,DATA/10214102.MDZ,DATA/10214102.MDT,0x00740000,10214102,9,0x004d3212,0x004d320d,9c 9d 21 f0 cd 9c 86 9a 2e f4 95 98 c2 a0 ba 43 08 2c f0 3b f0 e4 43 08 df f0 82 21 49 f1 42 f1 af f3 c5 f0 88 c2 a0 9a 86 bf 9d 08 42 f1 82 c0 ba 43 0d ff 00,"なにバカなこと言ってんのよ！
ホラッ！
早く、飛行機屋さんのところに
行くわよ！","무슨 바보 같은 소리를 하는 거야!
자!
어서 비행기 아저씨에게
가자!",UNASSIGNED,アロンソ,"[{""offset"":-5,""raw_hex"":""22 0e 00 24 00"",""kind"":""MESSAGE_HEADER"",""opcode"":34,""argument"":36},{""offset"":16,""raw_hex"":""08"",""kind"":""LINE_BREAK""},{""offset"":23,""raw_hex"":""08"",""kind"":""LINE_BREAK""},{""offset"":43,""raw_hex"":""08"",""kind"":""LINE_BREAK""},{""offset"":50,""raw_hex"":""0d ff 00"",""kind"":""MESSAGE_END""}]",REVIEW_1,NO,CHARACTER_GUIDE v0.1 적용. context-v1 복원 원문 1차 번역.,SUPPORTED: structured scenario command; header FACE slot maps to face_alonso_03; runtime display not yet checked. PROVEN: byte-identical source command exists at the same path and offsets on Disc 2. SUPPORTED: context-v1 glyph 복원; 런타임 원문 검증 전. TERM: 버스피어·파스·도박장.,"なにバカなこと<G041E>ってんのよ！
ホラッ！
早く<G0001>飛行機<G0175>さんのところに
行くわよ！",SUPPORTED,"0001,0175,041E",NONE,
SCN_10214102_00740000_0011,SCENARIO,scenario_message,DATA/10214102.MDZ,DATA/10214102.MDT,0x00740000,10214102,10,0x004d330a,0x004d3305,b6 b3 bd 08 9f f4 98 f5 8c bd 0d ff 00,"やめる
宿泊する","그만둔다
숙박한다",UNASSIGNED,ユウキ,"[{""offset"":-5,""raw_hex"":""02 0e 00 01 00"",""kind"":""MESSAGE_HEADER"",""opcode"":2,""argument"":1},{""offset"":3,""raw_hex"":""08"",""kind"":""LINE_BREAK""},{""offset"":10,""raw_hex"":""0d ff 00"",""kind"":""MESSAGE_END""}]",REVIEW_1,NO,CHARACTER_GUIDE v0.1 적용. context-v1 복원 원문 1차 번역.,SUPPORTED: structured scenario command; header FACE slot maps to face_yuuki_02; runtime display not yet checked. PROVEN: byte-identical source command exists at the same path and offsets on Disc 2. SUPPORTED: context-v1 glyph 복원; 런타임 원문 검증 전. TERM: 버스피어·파스·도박장.,"やめる
宿<G0558>する",SUPPORTED,0558,NONE,
SCN_10214102_00740000_0012,SCENARIO,scenario_message,DATA/10214102.MDZ,DATA/10214102.MDT,0x00740000,10214102,11,0x004d343e,0x004d3439,b6 b3 bd 08 9f f4 98 f5 8c bd 4c c3 f4 da f0 69 f1 80 4d 0d ff 00,"やめる
宿泊する「食事付き」","그만둔다
숙박한다 「식사 포함」",UNASSIGNED,ユウキ,"[{""offset"":-5,""raw_hex"":""02 0e 00 01 00"",""kind"":""MESSAGE_HEADER"",""opcode"":2,""argument"":1},{""offset"":3,""raw_hex"":""08"",""kind"":""LINE_BREAK""},{""offset"":19,""raw_hex"":""0d ff 00"",""kind"":""MESSAGE_END""}]",REVIEW_1,NO,CHARACTER_GUIDE v0.1 적용. context-v1 복원 원문 1차 번역.,SUPPORTED: structured scenario command; header FACE slot maps to face_yuuki_02; runtime display not yet checked. PROVEN: byte-identical source command exists at the same path and offsets on Disc 2. SUPPORTED: context-v1 glyph 복원; 런타임 원문 검증 전. TERM: 버스피어·파스·도박장.,"やめる
宿<G0558>する<G002C>食事付き<G002D>",SUPPORTED,"002C,002D,0558",NONE,
SCN_10214102_00740000_0013,SCENARIO,scenario_message,DATA/10214102.MDZ,DATA/10214102.MDT,0x00740000,10214102,12,0x004d3542,0x004d353d,b6 b3 bd 08 9f f4 98 f5 8c bd 4c c3 f4 da f0 69 f1 80 4d 0d ff 00,"やめる
宿泊する「食事付き」","그만둔다
숙박한다 「식사 포함」",UNASSIGNED,ユウキ,"[{""offset"":-5,""raw_hex"":""02 0e 00 01 00"",""kind"":""MESSAGE_HEADER"",""opcode"":2,""argument"":1},{""offset"":3,""raw_hex"":""08"",""kind"":""LINE_BREAK""},{""offset"":19,""raw_hex"":""0d ff 00"",""kind"":""MESSAGE_END""}]",REVIEW_1,NO,CHARACTER_GUIDE v0.1 적용. context-v1 복원 원문 1차 번역.,SUPPORTED: structured scenario command; header FACE slot maps to face_yuuki_02; runtime display not yet checked. PROVEN: byte-identical source command exists at the same path and offsets on Disc 2. SUPPORTED: context-v1 glyph 복원; 런타임 원문 검증 전. TERM: 버스피어·파스·도박장.,"やめる
宿<G0558>する<G002C>食事付き<G002D>",SUPPORTED,"002C,002D,0558",NONE,
SCN_10214102_00740000_0014,SCENARIO,scenario_message,DATA/10214102.MDZ,DATA/10214102.MDT,0x00740000,10214102,13,0x004d3639,0x004d3634,b6 b3 bd 08 9f f4 98 f5 8c bd 4c c3 f4 da f0 69 f1 80 4d 0d ff 00,"やめる
宿泊する「食事付き」","그만둔다
숙박한다 「식사 포함」",UNASSIGNED,ユウキ,"[{""offset"":-5,""raw_hex"":""02 0e 00 01 00"",""kind"":""MESSAGE_HEADER"",""opcode"":2,""argument"":1},{""offset"":3,""raw_hex"":""08"",""kind"":""LINE_BREAK""},{""offset"":19,""raw_hex"":""0d ff 00"",""kind"":""MESSAGE_END""}]",REVIEW_1,NO,CHARACTER_GUIDE v0.1 적용. context-v1 복원 원문 1차 번역.,SUPPORTED: structured scenario command; header FACE slot maps to face_yuuki_02; runtime display not yet checked. PROVEN: byte-identical source command exists at the same path and offsets on Disc 2. SUPPORTED: context-v1 glyph 복원; 런타임 원문 검증 전. TERM: 버스피어·파스·도박장.,"やめる
宿<G0558>する<G002C>食事付き<G002D>",SUPPORTED,"002C,002D,0558",NONE,
SCN_10214102_00740000_0015,SCENARIO,scenario_message,DATA/10214102.MDZ,DATA/10214102.MDT,0x00740000,10214102,14,0x004d3723,0x004d371e,b6 b3 bd 08 9f f4 98 f5 8c bd 4c c3 f4 da f0 69 f1 80 4d 0d ff 00,"やめる
宿泊する「食事付き」","그만둔다
숙박한다 「식사 포함」",UNASSIGNED,ユウキ,"[{""offset"":-5,""raw_hex"":""02 0e 00 01 00"",""kind"":""MESSAGE_HEADER"",""opcode"":2,""argument"":1},{""offset"":3,""raw_hex"":""08"",""kind"":""LINE_BREAK""},{""offset"":19,""raw_hex"":""0d ff 00"",""kind"":""MESSAGE_END""}]",REVIEW_1,NO,CHARACTER_GUIDE v0.1 적용. context-v1 복원 원문 1차 번역.,SUPPORTED: structured scenario command; header FACE slot maps to face_yuuki_02; runtime display not yet checked. PROVEN: byte-identical source command exists at the same path and offsets on Disc 2. SUPPORTED: context-v1 glyph 복원; 런타임 원문 검증 전. TERM: 버스피어·파스·도박장.,"やめる
宿<G0558>する<G002C>食事付き<G002D>",SUPPORTED,"002C,002D,0558",NONE,
SCN_10214102_00740000_0017,SCENARIO,scenario_message,DATA/10214102.MDZ,DATA/10214102.MDT,0x00740000,10214102,16,0x004d394b,0x004d3946,cf e7 bd d7 f0 9c a0 7e 9c 46 08 c4 3d f0 26 f0 c5 eb 21 42 f1 86 79 7e 46 0d ff 00,"キテる人なのかな…
アルフィナ、行こうか…","좀 특이한 사람인가…
알피나, 갈까…",UNASSIGNED,ユウキ,"[{""offset"":-5,""raw_hex"":""02 0e 00 07 00"",""kind"":""MESSAGE_HEADER"",""opcode"":2,""argument"":7},{""offset"":10,""raw_hex"":""08"",""kind"":""LINE_BREAK""},{""offset"":25,""raw_hex"":""0d ff 00"",""kind"":""MESSAGE_END""}]",REVIEW_1,NO,CHARACTER_GUIDE v0.1 적용. context-v1 복원 원문 1차 번역.,SUPPORTED: structured scenario command; header FACE slot maps to face_yuuki_08; runtime display not yet checked. PROVEN: byte-identical source command exists at the same path and offsets on Disc 2. SUPPORTED: context-v1 glyph 복원; 런타임 원문 검증 전. TERM: 버스피어·파스·도박장.,"キテる人なのかな<G0026>
アルフィナ<G0001>行こうか<G0026>",SUPPORTED,"0001,0026",NONE,
SCN_10214102_00740000_0018,SCENARIO,scenario_message,DATA/10214102.MDZ,DATA/10214102.MDT,0x00740000,10214102,17,0x004d39ea,0x004d39e5,9c c2 7e 21 5b f1 5b f0 7f 75 bc 90 79 99 08 ad 9a c2 9b 21 9c 88 90 79 9c 08 e1 c6 e9 3d f0 93 9c 46 08 dc f1 2d f1 9d 99 f0 b2 86 9a a1 9c 77 9c 46 0d ff 00,"なんか、意味がありそうで
ほとんど、なさそうな
タイトルだな…
絶対に読むことはないな…","뭔가 의미가 있을 것 같으면서도
거의 의미가 없어 보이는
제목이네…
절대 읽을 일은 없겠다…",UNASSIGNED,ユウキ,"[{""offset"":-5,""raw_hex"":""02 0e 00 05 00"",""kind"":""MESSAGE_HEADER"",""opcode"":2,""argument"":5},{""offset"":14,""raw_hex"":""08"",""kind"":""LINE_BREAK""},{""offset"":25,""raw_hex"":""08"",""kind"":""LINE_BREAK""},{""offset"":34,""raw_hex"":""08"",""kind"":""LINE_BREAK""},{""offset"":50,""raw_hex"":""0d ff 00"",""kind"":""MESSAGE_END""}]",REVIEW_1,NO,CHARACTER_GUIDE v0.1 적용. context-v1 복원 원문 1차 번역.,SUPPORTED: structured scenario command; header FACE slot maps to face_yuuki_06; runtime display not yet checked. PROVEN: byte-identical source command exists at the same path and offsets on Disc 2. SUPPORTED: context-v1 glyph 복원; 런타임 원문 검증 전. TERM: 버스피어·파스·도박장.,"なんか<G0001>意味がありそうで
ほとんど<G0001>なさそうな
タイトルだな<G0026>
絶対に読むことはないな<G0026>",SUPPORTED,"0001,0026",NONE,
SCN_10214102_00740000_0019,SCENARIO,scenario_message,DATA/10214102.MDZ,DATA/10214102.MDT,0x00740000,10214102,18,0x004d3b8a,0x004d3b85,51 2b f0 47 da 99 08 b0 9a b3 98 87 f2 84 ba 46 0d ff 00,"1ページで
まとめて書けよ…","한 페이지에
정리해서 쓰지…",UNASSIGNED,ユウキ,"[{""offset"":-5,""raw_hex"":""02 0e 00 05 00"",""kind"":""MESSAGE_HEADER"",""opcode"":2,""argument"":5},{""offset"":6,""raw_hex"":""08"",""kind"":""LINE_BREAK""},{""offset"":16,""raw_hex"":""0d ff 00"",""kind"":""MESSAGE_END""}]",REVIEW_1,NO,CHARACTER_GUIDE v0.1 적용. context-v1 복원 원문 1차 번역.,SUPPORTED: structured scenario command; header FACE slot maps to face_yuuki_06; runtime display not yet checked. PROVEN: byte-identical source command exists at the same path and offsets on Disc 2. SUPPORTED: context-v1 glyph 복원; 런타임 원문 검증 전. TERM: 버스피어·파스·도박장.,"1ページで
まとめて書けよ<G0026>",SUPPORTED,0026,NONE,
SCN_10214102_00740000_0020,SCENARIO,scenario_message,DATA/10214102.MDZ,DATA/10214102.MDT,0x00740000,10214102,19,0x004d3be3,0x004d3bde,92 77 8a 92 da f0 8b b5 9c 88 90 79 93 8a 08 44 f4 7b 92 82 b4 9c 77 9c 46 0d ff 00,"たいした事じゃなさそうだし
考えたくもないな…","별일 아닌 것 같고
생각하고 싶지도 않네…",UNASSIGNED,ユウキ,"[{""offset"":-5,""raw_hex"":""02 0e 00 05 00"",""kind"":""MESSAGE_HEADER"",""opcode"":2,""argument"":5},{""offset"":14,""raw_hex"":""08"",""kind"":""LINE_BREAK""},{""offset"":25,""raw_hex"":""0d ff 00"",""kind"":""MESSAGE_END""}]",REVIEW_1,NO,CHARACTER_GUIDE v0.1 적용. context-v1 복원 원문 1차 번역.,SUPPORTED: structured scenario command; header FACE slot maps to face_yuuki_06; runtime display not yet checked. PROVEN: byte-identical source command exists at the same path and offsets on Disc 2. SUPPORTED: context-v1 glyph 복원; 런타임 원문 검증 전. TERM: 버스피어·파스·도박장.,"たいした事じゃなさそうだし
考えたくもないな<G0026>",SUPPORTED,0026,NONE,
SCN_10214102_00740000_0021,SCENARIO,scenario_message,DATA/10214102.MDZ,DATA/10214102.MDT,0x00740000,10214102,20,0x004d3dbf,0x004d3dba,9c c2 7e 08 49 f5 8d 7e 8a 77 61 f0 e2 f4 93 9c 46 46 0d ff 00,"なんか
恥ずかしい小説だな……","왠지
부끄러운 소설이네……",UNASSIGNED,ユウキ,"[{""offset"":-5,""raw_hex"":""02 0e 00 08 00"",""kind"":""MESSAGE_HEADER"",""opcode"":2,""argument"":8},{""offset"":3,""raw_hex"":""08"",""kind"":""LINE_BREAK""},{""offset"":18,""raw_hex"":""0d ff 00"",""kind"":""MESSAGE_END""}]",REVIEW_1,NO,CHARACTER_GUIDE v0.1 적용. context-v1 복원 원문 1차 번역.,SUPPORTED: structured scenario command; header FACE slot maps to face_yuuki_09; runtime display not yet checked. PROVEN: byte-identical source command exists at the same path and offsets on Disc 2. SUPPORTED: context-v1 glyph 복원; 런타임 원문 검증 전. TERM: 버스피어·파스·도박장.,"なんか
<G0509>ずかしい小説だな<G0026><G0026>",SUPPORTED,"0026,0509",NONE,
SCN_10214102_00740000_0022,SCENARIO,scenario_message,DATA/10214102.MDZ,DATA/10214102.MDT,0x00740000,10214102,21,0x004d3e44,0x004d3e3f,77 b6 21 ce f5 9d 46 08 75 c2 b0 d2 f3 5b f0 9c 77 93 84 46 0d ff 00,"いや、別に…
あんま興味ないだけ…","아니, 별로…
그냥 별로 관심이 없어서…",UNASSIGNED,ユウキ,"[{""offset"":-5,""raw_hex"":""02 0e 00 08 00"",""kind"":""MESSAGE_HEADER"",""opcode"":2,""argument"":8},{""offset"":7,""raw_hex"":""08"",""kind"":""LINE_BREAK""},{""offset"":20,""raw_hex"":""0d ff 00"",""kind"":""MESSAGE_END""}]",REVIEW_1,NO,CHARACTER_GUIDE v0.1 적용. context-v1 복원 원문 1차 번역.,SUPPORTED: structured scenario command; header FACE slot maps to face_yuuki_09; runtime display not yet checked. PROVEN: byte-identical source command exists at the same path and offsets on Disc 2. SUPPORTED: context-v1 glyph 복원; 런타임 원문 검증 전. TERM: 버스피어·파스·도박장.,"いや<G0001>別に<G0026>
あんま<G03F2>味ないだけ<G0026>",SUPPORTED,"0001,0026,03F2",NONE,
SCN_10214102_00740000_0023,SCENARIO,scenario_message,DATA/10214102.MDZ,DATA/10214102.MDT,0x00740000,10214102,22,0x004d3ee9,0x004d3ee4,b0 c2 b0 8b b5 c2 46 46 0d ff 00,まんまじゃん……,그대로잖아……,UNASSIGNED,ユウキ,"[{""offset"":-5,""raw_hex"":""02 0e 00 05 00"",""kind"":""MESSAGE_HEADER"",""opcode"":2,""argument"":5},{""offset"":8,""raw_hex"":""0d ff 00"",""kind"":""MESSAGE_END""}]",REVIEW_1,NO,CHARACTER_GUIDE v0.1 적용. context-v1 복원 원문 1차 번역.,SUPPORTED: structured scenario command; header FACE slot maps to face_yuuki_06; runtime display not yet checked. PROVEN: byte-identical source command exists at the same path and offsets on Disc 2. SUPPORTED: context-v1 glyph 복원; 런타임 원문 검증 전. TERM: 버스피어·파스·도박장.,まんまじゃん<G0026><G0026>,SUPPORTED,0026,NONE,
SCN_10214102_00740000_0024,SCENARIO,scenario_message,DATA/10214102.MDZ,DATA/10214102.MDT,0x00740000,10214102,23,0x004d3fcd,0x004d3fc8,b6 93 ba 46 08 94 b9 95 9a 99 f0 b2 93 84 93 8f 46 0d ff 00,"やだよ…
ちょっと読むだけだよ…","싫어…
조금 읽기만 할 거야…",UNASSIGNED,ユウキ,"[{""offset"":-5,""raw_hex"":""02 0e 00 01 00"",""kind"":""MESSAGE_HEADER"",""opcode"":2,""argument"":1},{""offset"":4,""raw_hex"":""08"",""kind"":""LINE_BREAK""},{""offset"":17,""raw_hex"":""0d ff 00"",""kind"":""MESSAGE_END""}]",REVIEW_1,NO,CHARACTER_GUIDE v0.1 적용. context-v1 복원 원문 1차 번역.,SUPPORTED: structured scenario command; header FACE slot maps to face_yuuki_02; runtime display not yet checked. PROVEN: byte-identical source command exists at the same path and offsets on Disc 2. SUPPORTED: context-v1 glyph 복원; 런타임 원문 검증 전. TERM: 버스피어·파스·도박장.,"やだよ<G0026>
ちょっと読むだけだ<G006F><G0026>",SUPPORTED,"0026,006F",NONE,
SCN_10214102_00740000_0025,SCENARIO,scenario_message,DATA/10214102.MDZ,DATA/10214102.MDT,0x00740000,10214102,24,0x004d3ffd,0x004d3ff8,90 c2 9c 08 49 f5 8d 7e 8a 77 e1 c6 e9 3d f0 a0 61 f0 e2 f4 08 99 f0 b1 92 82 9c 77 9c 46 0d ff 00,"そんな
恥ずかしいタイトルの小説
読みたくないな…","그렇게
부끄러운 제목의 소설은
읽고 싶지 않아…",UNASSIGNED,ユウキ,"[{""offset"":-5,""raw_hex"":""02 0e 00 08 00"",""kind"":""MESSAGE_HEADER"",""opcode"":2,""argument"":8},{""offset"":3,""raw_hex"":""08"",""kind"":""LINE_BREAK""},{""offset"":20,""raw_hex"":""08"",""kind"":""LINE_BREAK""},{""offset"":30,""raw_hex"":""0d ff 00"",""kind"":""MESSAGE_END""}]",REVIEW_1,NO,CHARACTER_GUIDE v0.1 적용. context-v1 복원 원문 1차 번역.,SUPPORTED: structured scenario command; header FACE slot maps to face_yuuki_09; runtime display not yet checked. PROVEN: byte-identical source command exists at the same path and offsets on Disc 2. SUPPORTED: context-v1 glyph 복원; 런타임 원문 검증 전. TERM: 버스피어·파스·도박장.,"そんな
<G0509>ずかしいタイトルの小説
読みたくないな<G0026>",SUPPORTED,"0026,0509",NONE,
SCN_10214102_00740000_0028,SCENARIO,scenario_message,DATA/10214102.MDZ,DATA/10214102.MDT,0x00740000,10214102,27,0x004d453a,0x004d4535,2c f0 3a f0 e9 9d 75 bd c2 93 ba 08 90 79 77 79 28 f3 7f 88 08 cc 3e f0 92 94 21 42 f1 95 98 80 92 c2 93 43 08 7b 95 9a 88 46 46 0d ff 00,"ホントにあるんだよ
そういう所がさ
オレたち、行ってきたんだ！
えっとさ……","정말로 있어
그런 곳이 말이야
우리도 다녀왔다고!
그러니까……",UNASSIGNED,ユウキ,"[{""offset"":-5,""raw_hex"":""02 0e 00 02 00"",""kind"":""MESSAGE_HEADER"",""opcode"":2,""argument"":2},{""offset"":11,""raw_hex"":""08"",""kind"":""LINE_BREAK""},{""offset"":20,""raw_hex"":""08"",""kind"":""LINE_BREAK""},{""offset"":36,""raw_hex"":""08"",""kind"":""LINE_BREAK""},{""offset"":43,""raw_hex"":""0d ff 00"",""kind"":""MESSAGE_END""}]",REVIEW_1,NO,CHARACTER_GUIDE v0.1 적용. context-v1 복원 원문 1차 번역.,SUPPORTED: structured scenario command; header FACE slot maps to face_yuuki_03; runtime display not yet checked. PROVEN: byte-identical source command exists at the same path and offsets on Disc 2. SUPPORTED: context-v1 glyph 복원; 런타임 원문 검증 전. TERM: 버스피어·파스·도박장.,"ホントにあるんだよ
そういう<G0348>がさ
オレたち<G0001>行ってきたんだ！
えっとさ<G0026><G0026>",SUPPORTED,"0001,0026,0348",NONE,
SCN_10214102_00740000_0029,SCENARIO,scenario_message,DATA/10214102.MDZ,DATA/10214102.MDT,0x00740000,10214102,28,0x004d48cc,0x004d48c7,a1 95 44 21 31 f2 c1 f2 08 9c 9d 2e f4 95 98 c2 93 ba 0d ff 00,"はっ？、突然
なに言ってんだよ","뭐? 갑자기
무슨 소리야?",UNASSIGNED,ユウキ,"[{""offset"":-5,""raw_hex"":""02 0e 00 07 00"",""kind"":""MESSAGE_HEADER"",""opcode"":2,""argument"":7},{""offset"":8,""raw_hex"":""08"",""kind"":""LINE_BREAK""},{""offset"":18,""raw_hex"":""0d ff 00"",""kind"":""MESSAGE_END""}]",REVIEW_1,NO,CHARACTER_GUIDE v0.1 적용. context-v1 복원 원문 1차 번역.,SUPPORTED: structured scenario command; header FACE slot maps to face_yuuki_08; runtime display not yet checked. PROVEN: byte-identical source command exists at the same path and offsets on Disc 2. SUPPORTED: context-v1 glyph 복원; 런타임 원문 검증 전. TERM: 버스피어·파스·도박장.,"はっ？<G0001>突然
なに<G041E>ってんだよ",SUPPORTED,"0001,041E",NONE,
SCN_10214102_00740000_0030,SCENARIO,scenario_message,DATA/10214102.MDZ,DATA/10214102.MDT,0x00740000,10214102,29,0x004d4a91,0x004d4a8c,2b f1 c0 f0 a0 87 f2 77 98 75 bd b8 f0 c1 08 41 f2 95 92 93 84 8b b5 c2 46 0d ff 00,"名前の書いてある紙を
破っただけじゃん…","이름이 적힌 종이를
찢었을 뿐이잖아…",UNASSIGNED,ユウキ,"[{""offset"":-5,""raw_hex"":""02 0e 00 08 00"",""kind"":""MESSAGE_HEADER"",""opcode"":2,""argument"":8},{""offset"":14,""raw_hex"":""08"",""kind"":""LINE_BREAK""},{""offset"":25,""raw_hex"":""0d ff 00"",""kind"":""MESSAGE_END""}]",REVIEW_1,NO,CHARACTER_GUIDE v0.1 적용. context-v1 복원 원문 1차 번역.,SUPPORTED: structured scenario command; header FACE slot maps to face_yuuki_09; runtime display not yet checked. PROVEN: byte-identical source command exists at the same path and offsets on Disc 2. SUPPORTED: context-v1 glyph 복원; 런타임 원문 검증 전. TERM: 버스피어·파스·도박장.,"名<G0170>の書いてある<G0168>を
破っただけじゃん<G0026>",SUPPORTED,"0026,0170",SUPPORTED,0168
SCN_10214102_00740000_0032,SCENARIO,scenario_message,DATA/10214102.MDZ,DATA/10214102.MDT,0x00740000,10214102,31,0x004d4b78,0x004d4b73,99 f1 7b f0 21 dc f2 9d 77 bd d7 f0 08 c5 f4 98 bd 93 bf 79 8a 46 08 ef e4 d1 8c bd a0 a1 08 43 f1 b3 9a 86 79 7e 9c 46 0d ff 00,"多分、中にいる人
寝てるだろうし…
ノックするのは
止めとこうかな…","아마 안에 있는 사람이
자고 있을 테니까…
노크하는 건
그만둘까…",UNASSIGNED,ユウキ,"[{""offset"":-5,""raw_hex"":""02 0e 00 02 00"",""kind"":""MESSAGE_HEADER"",""opcode"":2,""argument"":2},{""offset"":12,""raw_hex"":""08"",""kind"":""LINE_BREAK""},{""offset"":22,""raw_hex"":""08"",""kind"":""LINE_BREAK""},{""offset"":30,""raw_hex"":""08"",""kind"":""LINE_BREAK""},{""offset"":40,""raw_hex"":""0d ff 00"",""kind"":""MESSAGE_END""}]",REVIEW_1,NO,CHARACTER_GUIDE v0.1 적용. context-v1 복원 원문 1차 번역.,SUPPORTED: structured scenario command; header FACE slot maps to face_yuuki_03; runtime display not yet checked. PROVEN: byte-identical source command exists at the same path and offsets on Disc 2. SUPPORTED: context-v1 glyph 복원; 런타임 원문 검증 전. TERM: 버스피어·파스·도박장.,"多分<G0001>中にいる人
<G04B5>てるだろうし<G0026>
ノックするのは
<G01C3>めとこうかな<G0026>",SUPPORTED,"0001,0026,01C3",SUPPORTED,04B5
SCN_10214102_00740000_0034,SCENARIO,scenario_message,DATA/10214102.MDZ,DATA/10214102.MDT,0x00740000,10214102,33,0x004d4c10,0x004d4c0b,86 c2 86 c2 46 21 95 9a 46 0d ff 00,こんこん…、っと…,똑똑… 어…,UNASSIGNED,ユウキ,"[{""offset"":-5,""raw_hex"":""02 0e 00 01 00"",""kind"":""MESSAGE_HEADER"",""opcode"":2,""argument"":1},{""offset"":9,""raw_hex"":""0d ff 00"",""kind"":""MESSAGE_END""}]",REVIEW_1,NO,CHARACTER_GUIDE v0.1 적용. context-v1 복원 원문 1차 번역.,SUPPORTED: structured scenario command; header FACE slot maps to face_yuuki_02; runtime display not yet checked. PROVEN: byte-identical source command exists at the same path and offsets on Disc 2. SUPPORTED: context-v1 glyph 복원; 런타임 원문 검증 전. TERM: 버스피어·파스·도박장.,こんこん<G0026><G0001>っと<G0026>,SUPPORTED,"0001,0026",NONE,
SCN_10214102_00740000_0035,SCENARIO,scenario_message,DATA/10214102.MDZ,DATA/10214102.MDT,0x00740000,10214102,34,0x004d4cbc,0x004d4cb7,75 95 46 21 94 7f 77 b0 8c 43 08 87 95 21 87 b3 c2 9c 88 77 08 9c c2 99 b4 9c 77 99 8c 43 0d ff 00,"あっ…、ちがいます！
ごっ、ごめんなさい
なんでもないです！","아… 아니에요!
죄, 죄송합니다
아무것도 아니에요!",UNASSIGNED,ユウキ,"[{""offset"":-5,""raw_hex"":""02 0e 00 06 00"",""kind"":""MESSAGE_HEADER"",""opcode"":2,""argument"":6},{""offset"":10,""raw_hex"":""08"",""kind"":""LINE_BREAK""},{""offset"":20,""raw_hex"":""08"",""kind"":""LINE_BREAK""},{""offset"":30,""raw_hex"":""0d ff 00"",""kind"":""MESSAGE_END""}]",REVIEW_1,NO,CHARACTER_GUIDE v0.1 적용. context-v1 복원 원문 1차 번역.,SUPPORTED: structured scenario command; header FACE slot maps to face_yuuki_07; runtime display not yet checked. PROVEN: byte-identical source command exists at the same path and offsets on Disc 2. SUPPORTED: context-v1 glyph 복원; 런타임 원문 검증 전. TERM: 버스피어·파스·도박장.,"あっ<G0026><G0001>ちがいます！
ごっ<G0001>ごめんなさい
なんでもないです！",SUPPORTED,"0001,0026",NONE,
SCN_10214102_00740000_0037,SCENARIO,scenario_message,DATA/10214102.MDZ,DATA/10214102.MDT,0x00740000,10214102,36,0x004d4de3,0x004d4dde,77 bf c2 9c d7 f0 7f 86 a0 3b f2 c5 f0 9d 08 98 f5 b0 95 98 77 95 92 c2 93 46 08 c4 3d f0 26 f0 c5 eb b4 21 90 a0 51 d7 f0 46 93 9c 0d ff 00,"いろんな人がこの部屋に
泊まっていったんだ…
アルフィナも、その1人…だな","여러 사람이 이 방에
묵고 갔어…
알피나도 그중 한 명…이지.",UNASSIGNED,ユウキ,"[{""offset"":-5,""raw_hex"":""02 0e 00 02 00"",""kind"":""MESSAGE_HEADER"",""opcode"":2,""argument"":2},{""offset"":14,""raw_hex"":""08"",""kind"":""LINE_BREAK""},{""offset"":26,""raw_hex"":""08"",""kind"":""LINE_BREAK""},{""offset"":44,""raw_hex"":""0d ff 00"",""kind"":""MESSAGE_END""}]",REVIEW_1,NO,CHARACTER_GUIDE v0.1 적용. context-v1 복원 원문 1차 번역.,SUPPORTED: structured scenario command; header FACE slot maps to face_yuuki_03; runtime display not yet checked. PROVEN: byte-identical source command exists at the same path and offsets on Disc 2. SUPPORTED: context-v1 glyph 복원; 런타임 원문 검증 전. TERM: 버스피어·파스·도박장.,"いろんな人がこの部<G0175>に
<G0558>まっていったんだ<G0026>
アルフィナも<G0001>その1人<G0026>だな",SUPPORTED,"0001,0026,0175,0558",NONE,
SCN_10214102_00740000_0039,SCENARIO,scenario_message,DATA/10214102.MDZ,DATA/10214102.MDT,0x00740000,10214102,38,0x004d4ebb,0x004d4eb6,46 86 a0 ea c4 a0 dd f2 86 79 7e bb 08 c8 f5 86 7b 98 82 bd 62 f0 31 f3 46 08 9b 95 7e 99 c8 f5 77 92 86 9a 7f 46 0d ff 00,"…このドアの向こうから
聞こえてくる大声…
どっかで聞いたことが…","…이 문 너머에서
들려오는 큰 목소리…
어디선가 들어 본 적이…",UNASSIGNED,ユウキ,"[{""offset"":-5,""raw_hex"":""02 0e 00 06 00"",""kind"":""MESSAGE_HEADER"",""opcode"":2,""argument"":6},{""offset"":12,""raw_hex"":""08"",""kind"":""LINE_BREAK""},{""offset"":25,""raw_hex"":""08"",""kind"":""LINE_BREAK""},{""offset"":38,""raw_hex"":""0d ff 00"",""kind"":""MESSAGE_END""}]",REVIEW_1,NO,CHARACTER_GUIDE v0.1 적용. context-v1 복원 원문 1차 번역.,SUPPORTED: structured scenario command; header FACE slot maps to face_yuuki_07; runtime display not yet checked. PROVEN: byte-identical source command exists at the same path and offsets on Disc 2. SUPPORTED: context-v1 glyph 복원; 런타임 원문 검증 전. TERM: 버스피어·파스·도박장.,"<G0026>このドアの向こうから
聞こえてくる大<G0351><G0026>
どっかで聞いたことが<G0026>",SUPPORTED,"0026,0351",NONE,
SCN_10214102_00740000_0040,SCENARIO,scenario_message,DATA/10214102.MDZ,DATA/10214102.MDT,0x00740000,10214102,39,0x004d500b,0x004d5006,86 a0 d9 34 f0 d1 9d b3 f2 bd b6 f4 77 31 f3 46 08 9b 95 7e 99 c8 f5 77 92 86 9a 7f 46 08 81 f0 93 95 84 46 44 0d ff 00,"このシャクに触る笑い声…
どっかで聞いたことが…
誰だっけ…？","이 신경을 긁는 웃음소리…
어디선가 들어 본 적이…
누구였더라…?",UNASSIGNED,ユウキ,"[{""offset"":-5,""raw_hex"":""02 0e 00 05 00"",""kind"":""MESSAGE_HEADER"",""opcode"":2,""argument"":5},{""offset"":16,""raw_hex"":""08"",""kind"":""LINE_BREAK""},{""offset"":29,""raw_hex"":""08"",""kind"":""LINE_BREAK""},{""offset"":37,""raw_hex"":""0d ff 00"",""kind"":""MESSAGE_END""}]",REVIEW_1,NO,CHARACTER_GUIDE v0.1 적용. context-v1 복원 원문 1차 번역.,SUPPORTED: structured scenario command; header FACE slot maps to face_yuuki_06; runtime display not yet checked. PROVEN: byte-identical source command exists at the same path and offsets on Disc 2. SUPPORTED: context-v1 glyph 복원; 런타임 원문 검증 전. TERM: 버스피어·파스·도박장.,"このシャクに触る<G04A6>い<G0351><G0026>
どっかで聞いたことが<G0026>
誰だっけ<G0026>？",SUPPORTED,"0026,0351,04A6",NONE,
SCN_10214102_00740000_0041,SCENARIO,scenario_message,DATA/10214102.MDZ,DATA/10214102.MDT,0x00740000,10214102,40,0x004d51ad,0x004d51a8,86 be 95 98 99 f1 7b f0 08 24 f0 c4 3a f0 cd 46 21 93 ba 9c 44 08 2c f0 3a f0 e9 26 f5 70 f0 c0 bb 8d 93 9c 46 0d ff 00,"これって多分
ビアンカ…、だよな？
ホント相変わらずだな…","이건 아마
비앙카… 맞지?
정말 여전하네…",UNASSIGNED,ユウキ,"[{""offset"":-5,""raw_hex"":""02 0e 00 08 00"",""kind"":""MESSAGE_HEADER"",""opcode"":2,""argument"":8},{""offset"":8,""raw_hex"":""08"",""kind"":""LINE_BREAK""},{""offset"":21,""raw_hex"":""08"",""kind"":""LINE_BREAK""},{""offset"":37,""raw_hex"":""0d ff 00"",""kind"":""MESSAGE_END""}]",REVIEW_1,NO,CHARACTER_GUIDE v0.1 적용. context-v1 복원 원문 1차 번역.,SUPPORTED: structured scenario command; header FACE slot maps to face_yuuki_09; runtime display not yet checked. PROVEN: byte-identical source command exists at the same path and offsets on Disc 2. SUPPORTED: context-v1 glyph 복원; 런타임 원문 검증 전. TERM: 버스피어·파스·도박장.,"これって多分
ビアンカ<G0026><G0001>だよな？
ホント<G04E6>変わらずだな<G0026>",SUPPORTED,"0001,0026,04E6",NONE,
SCN_10214102_00740000_0042,SCENARIO,scenario_message,DATA/10214102.MDZ,DATA/10214102.MDT,0x00740000,10214102,41,0x004d528d,0x004d5288,7b 95 21 c4 3d f0 26 f0 c5 eb 08 25 f0 c4 ef 9c c2 98 48 f1 84 bd a0 44 0d ff 00,"えっ、アルフィナ
ピアノなんて弾けるの？","어, 알피나
피아노도 칠 줄 알아?",UNASSIGNED,ユウキ,"[{""offset"":-5,""raw_hex"":""02 0e 00 06 00"",""kind"":""MESSAGE_HEADER"",""opcode"":2,""argument"":6},{""offset"":10,""raw_hex"":""08"",""kind"":""LINE_BREAK""},{""offset"":24,""raw_hex"":""0d ff 00"",""kind"":""MESSAGE_END""}]",REVIEW_1,NO,CHARACTER_GUIDE v0.1 적용. context-v1 복원 원문 1차 번역.,SUPPORTED: structured scenario command; header FACE slot maps to face_yuuki_07; runtime display not yet checked. PROVEN: byte-identical source command exists at the same path and offsets on Disc 2. SUPPORTED: context-v1 glyph 복원; 런타임 원문 검증 전. TERM: 버스피어·파스·도박장.,"えっ<G0001>アルフィナ
ピアノなんて弾けるの？",SUPPORTED,0001,NONE,
SCN_10214102_00740000_0043,SCENARIO,scenario_message,DATA/10214102.MDZ,DATA/10214102.MDT,0x00740000,10214102,42,0x004d5386,0x004d5381,46 90 be 95 98 9b c2 9c 28 f1 93 95 92 a0 44 0d ff 00,…それってどんな曲だったの？,…그건 어떤 곡이었어?,UNASSIGNED,ミランダ,"[{""offset"":-5,""raw_hex"":""22 0e 00 1e 00"",""kind"":""MESSAGE_HEADER"",""opcode"":34,""argument"":30},{""offset"":15,""raw_hex"":""0d ff 00"",""kind"":""MESSAGE_END""}]",REVIEW_1,NO,CHARACTER_GUIDE v0.1 적용. context-v1 복원 원문 1차 번역.,SUPPORTED: structured scenario command; header FACE slot maps to face_miranda_05; runtime display not yet checked. PROVEN: byte-identical source command exists at the same path and offsets on Disc 2. SUPPORTED: context-v1 glyph 복원; 런타임 원문 검증 전. TERM: 버스피어·파스·도박장.,<G0026>それってどんな曲だったの？,SUPPORTED,0026,NONE,
SCN_10214102_00740000_0044,SCENARIO,scenario_message,DATA/10214102.MDZ,DATA/10214102.MDT,0x00740000,10214102,43,0x004d545a,0x004d5455,25 f0 c4 ef 9c c2 7e 21 ae c2 b6 bc 08 6d f8 b3 98 98 b4 8a b9 79 7f 9c 77 7e 46 0d ff 00,"ピアノなんか、ぼんやり
眺めててもしょうがないか…","피아노나 멍하니
바라보고 있어 봐야 소용없나…",UNASSIGNED,ユウキ,"[{""offset"":-5,""raw_hex"":""02 0e 00 05 00"",""kind"":""MESSAGE_HEADER"",""opcode"":2,""argument"":5},{""offset"":12,""raw_hex"":""08"",""kind"":""LINE_BREAK""},{""offset"":27,""raw_hex"":""0d ff 00"",""kind"":""MESSAGE_END""}]",REVIEW_1,NO,CHARACTER_GUIDE v0.1 적용. context-v1 복원 원문 1차 번역.,SUPPORTED: structured scenario command; header FACE slot maps to face_yuuki_06; runtime display not yet checked. PROVEN: byte-identical source command exists at the same path and offsets on Disc 2. SUPPORTED: context-v1 glyph 복원; 런타임 원문 검증 전. TERM: 버스피어·파스·도박장.,"ピアノなんか<G0001>ぼんやり
<G079D>めててもしょうがないか<G0026>",SUPPORTED,"0001,0026",SUPPORTED,079D
SCN_10214102_00740000_0045,SCENARIO,scenario_message,DATA/10214102.MDZ,DATA/10214102.MDT,0x00740000,10214102,44,0x004d54af,0x004d54aa,86 be 21 77 82 bb 83 bb 77 08 8c bd c2 93 bf 46 21 9c c2 7e d6 f1 90 79 9c 08 e7 c5 47 cd e4 28 f0 93 9c 46 0d ff 00,"これ、いくらぐらい
するんだろ…、なんか高そうな
ティーカップだな…","이거 얼마쯤
할까… 왠지 비싸 보이는
찻잔이네…",UNASSIGNED,ユウキ,"[{""offset"":-5,""raw_hex"":""02 0e 00 0b 00"",""kind"":""MESSAGE_HEADER"",""opcode"":2,""argument"":11},{""offset"":9,""raw_hex"":""08"",""kind"":""LINE_BREAK""},{""offset"":25,""raw_hex"":""08"",""kind"":""LINE_BREAK""},{""offset"":36,""raw_hex"":""0d ff 00"",""kind"":""MESSAGE_END""}]",REVIEW_1,NO,CHARACTER_GUIDE v0.1 적용. context-v1 복원 원문 1차 번역.,SUPPORTED: structured scenario command; header FACE slot maps to face_yuuki_12; runtime display not yet checked. PROVEN: byte-identical source command exists at the same path and offsets on Disc 2. SUPPORTED: context-v1 glyph 복원; 런타임 원문 검증 전. TERM: 버스피어·파스·도박장.,"これ<G0001>いくらぐらい
するんだろ<G0026><G0001>なんか高そうな
ティーカップだな<G0026>",SUPPORTED,"0001,0026",NONE,
SCN_10214102_00740000_0046,SCENARIO,scenario_message,DATA/10214102.MDZ,DATA/10214102.MDT,0x00740000,10214102,45,0x004d5522,0x004d551d,a1 a1 46 21 cc 3e f0 a1 bd f3 9d 08 d9 f3 52 f5 8a 94 b5 95 98 e2 32 f0 90 79 93 9c 08 86 c2 9c d6 f1 c2 f3 dd f1 46 0d ff 00,"はは…、オレは先に
緊張しちゃってダメそうだな
こんな高級品…","하하… 나는 먼저
긴장해서 안 될 것 같네
이런 고급품 앞에서는…",UNASSIGNED,ユウキ,"[{""offset"":-5,""raw_hex"":""02 0e 00 08 00"",""kind"":""MESSAGE_HEADER"",""opcode"":2,""argument"":8},{""offset"":11,""raw_hex"":""08"",""kind"":""LINE_BREAK""},{""offset"":28,""raw_hex"":""08"",""kind"":""LINE_BREAK""},{""offset"":39,""raw_hex"":""0d ff 00"",""kind"":""MESSAGE_END""}]",REVIEW_1,NO,CHARACTER_GUIDE v0.1 적용. context-v1 복원 원문 1차 번역.,SUPPORTED: structured scenario command; header FACE slot maps to face_yuuki_09; runtime display not yet checked. PROVEN: byte-identical source command exists at the same path and offsets on Disc 2. SUPPORTED: context-v1 glyph 복원; 런타임 원문 검증 전. TERM: 버스피어·파스·도박장.,"はは<G0026><G0001>オレは<G03DD>に
<G03F9><G0512>しちゃってダメそうだな
こんな高級品<G0026>",SUPPORTED,"0001,0026,03F9",SUPPORTED,"03DD,0512"
SCN_10214102_00740000_0047,SCENARIO,scenario_message,DATA/10214102.MDZ,DATA/10214102.MDT,0x00740000,10214102,46,0x004d556c,0x004d5567,d6 f1 90 79 9c e7 c5 47 cd e4 28 f0 7f 08 cf f0 77 98 75 bd 46 08 86 86 99 87 a8 f5 21 c3 f4 ab bd 9a 80 08 74 f0 79 a0 7e 9c 44 0d ff 00,"高そうなティーカップが
置いてある…
ここでご飯、食べるとき
使うのかな？","비싸 보이는 찻잔이
놓여 있어…
여기서 식사할 때
쓰는 걸까?",UNASSIGNED,ユウキ,"[{""offset"":-5,""raw_hex"":""02 0e 00 0b 00"",""kind"":""MESSAGE_HEADER"",""opcode"":2,""argument"":11},{""offset"":13,""raw_hex"":""08"",""kind"":""LINE_BREAK""},{""offset"":21,""raw_hex"":""08"",""kind"":""LINE_BREAK""},{""offset"":35,""raw_hex"":""08"",""kind"":""LINE_BREAK""},{""offset"":43,""raw_hex"":""0d ff 00"",""kind"":""MESSAGE_END""}]",REVIEW_1,NO,CHARACTER_GUIDE v0.1 적용. context-v1 복원 원문 1차 번역.,SUPPORTED: structured scenario command; header FACE slot maps to face_yuuki_12; runtime display not yet checked. PROVEN: byte-identical source command exists at the same path and offsets on Disc 2. SUPPORTED: context-v1 glyph 복원; 런타임 원문 검증 전. TERM: 버스피어·파스·도박장.,"高そうなティーカップが
置いてある<G0026>
ここでご<G0568><G0001>食べるとき
使うのかな？",SUPPORTED,"0001,0026,0568",NONE,
SCN_10214102_00740000_0048,SCENARIO,scenario_message,DATA/10214102.MDZ,DATA/10214102.MDT,0x00740000,10214102,47,0x004d55cb,0x004d55c6,d6 f1 90 79 9c e7 c5 47 cd e4 28 f0 93 9c 46 08 86 be 21 77 82 bb 83 bb 77 8c bd c2 93 bf 0d ff 00,"高そうなティーカップだな…
これ、いくらぐらいするんだろ","비싸 보이는 찻잔이네…
이거 얼마쯤 할까?",UNASSIGNED,ユウキ,"[{""offset"":-5,""raw_hex"":""02 0e 00 01 00"",""kind"":""MESSAGE_HEADER"",""opcode"":2,""argument"":1},{""offset"":15,""raw_hex"":""08"",""kind"":""LINE_BREAK""},{""offset"":30,""raw_hex"":""0d ff 00"",""kind"":""MESSAGE_END""}]",REVIEW_1,NO,CHARACTER_GUIDE v0.1 적용. context-v1 복원 원문 1차 번역.,SUPPORTED: structured scenario command; header FACE slot maps to face_yuuki_02; runtime display not yet checked. PROVEN: byte-identical source command exists at the same path and offsets on Disc 2. SUPPORTED: context-v1 glyph 복원; 런타임 원문 검증 전. TERM: 버스피어·파스·도박장.,"高そうなティーカップだな<G0026>
これ<G0001>いくらぐらいするんだろ",SUPPORTED,"0001,0026",NONE,
SCN_10214102_00740000_0050,SCENARIO,scenario_message,DATA/10214102.MDZ,DATA/10214102.MDT,0x00740000,10214102,49,0x004d5646,0x004d5641,b0 74 9f 46 21 77 be b4 c2 a4 9a 96 99 08 53 50 50 50 60 9c c2 98 46 08 cc 3e f0 9d a1 44 f6 c4 f1 99 80 9c 77 9c 0d ff 00,"まぁね…、いれもんひとつで
2000Gなんて…
オレには理解できないな","그렇긴 하지… 그릇 하나가
2000G라니…
나는 이해할 수가 없네.",UNASSIGNED,ユウキ,"[{""offset"":-5,""raw_hex"":""02 0e 00 08 00"",""kind"":""MESSAGE_HEADER"",""opcode"":2,""argument"":8},{""offset"":13,""raw_hex"":""08"",""kind"":""LINE_BREAK""},{""offset"":23,""raw_hex"":""08"",""kind"":""LINE_BREAK""},{""offset"":38,""raw_hex"":""0d ff 00"",""kind"":""MESSAGE_END""}]",REVIEW_1,NO,CHARACTER_GUIDE v0.1 적용. context-v1 복원 원문 1차 번역.,SUPPORTED: structured scenario command; header FACE slot maps to face_yuuki_09; runtime display not yet checked. PROVEN: byte-identical source command exists at the same path and offsets on Disc 2. SUPPORTED: context-v1 glyph 복원; 런타임 원문 검증 전. TERM: 버스피어·파스·도박장.,"ま<G0054>ね<G0026><G0001>いれもんひとつで
<G0033>000<G0040>なんて<G0026>
オレには<G05D4>解できないな",SUPPORTED,"0001,0026,0033,0054,05D4",SUPPORTED,0040
SCN_10214102_00740000_0051,SCENARIO,scenario_message,DATA/10214102.MDZ,DATA/10214102.MDT,0x00740000,10214102,50,0x004d568f,0x004d568a,86 be 7f 53 50 50 50 60 46 08 86 a0 e7 c5 47 cd e4 28 f0 a4 9a 96 99 08 54 f1 bf f1 e7 f3 a0 ca 3a f0 da 3a f0 7f 08 82 f0 7b bd a0 7e 46 0d ff 00,"これが2000G…
このティーカップひとつで
最新型のエンジンが
買えるのか…","이게 2000G…
이 찻잔 하나면
최신형 엔진을
살 수 있겠네…",UNASSIGNED,ユウキ,"[{""offset"":-5,""raw_hex"":""02 0e 00 08 00"",""kind"":""MESSAGE_HEADER"",""opcode"":2,""argument"":8},{""offset"":9,""raw_hex"":""08"",""kind"":""LINE_BREAK""},{""offset"":23,""raw_hex"":""08"",""kind"":""LINE_BREAK""},{""offset"":38,""raw_hex"":""08"",""kind"":""LINE_BREAK""},{""offset"":46,""raw_hex"":""0d ff 00"",""kind"":""MESSAGE_END""}]",REVIEW_1,NO,CHARACTER_GUIDE v0.1 적용. context-v1 복원 원문 1차 번역.,SUPPORTED: structured scenario command; header FACE slot maps to face_yuuki_09; runtime display not yet checked. PROVEN: byte-identical source command exists at the same path and offsets on Disc 2. SUPPORTED: context-v1 glyph 복원; 런타임 원문 검증 전. TERM: 버스피어·파스·도박장.,"これが<G0033>000<G0040><G0026>
このティーカップひとつで
<G01D4><G023F>型のエンジンが
<G0132>えるのか<G0026>",SUPPORTED,"0026,0033,0132,01D4,023F",SUPPORTED,0040
SCN_10214102_00740000_0052,SCENARIO,scenario_message,DATA/10214102.MDZ,DATA/10214102.MDT,0x00740000,10214102,51,0x004d56e7,0x004d56e2,c4 3d f0 26 f0 c5 eb 46 08 af f5 be 98 bd c2 93 bf 79 9c 08 7d 98 f2 99 b4 67 f3 c2 99 08 db f2 9e f0 21 bf f3 b3 98 98 82 be ba 46 0d ff 00,"アルフィナ…
疲れてるんだろうな
お茶でも飲んで
身体、休めててくれよ…","알피나…
지쳤겠지
차라도 마시면서
몸을 쉬게 해…",UNASSIGNED,ユウキ,"[{""offset"":-5,""raw_hex"":""02 0e 00 05 00"",""kind"":""MESSAGE_HEADER"",""opcode"":2,""argument"":5},{""offset"":8,""raw_hex"":""08"",""kind"":""LINE_BREAK""},{""offset"":19,""raw_hex"":""08"",""kind"":""LINE_BREAK""},{""offset"":29,""raw_hex"":""08"",""kind"":""LINE_BREAK""},{""offset"":44,""raw_hex"":""0d ff 00"",""kind"":""MESSAGE_END""}]",REVIEW_1,NO,CHARACTER_GUIDE v0.1 적용. context-v1 복원 원문 1차 번역.,SUPPORTED: structured scenario command; header FACE slot maps to face_yuuki_06; runtime display not yet checked. PROVEN: byte-identical source command exists at the same path and offsets on Disc 2. SUPPORTED: context-v1 glyph 복원; 런타임 원문 검증 전. TERM: 버스피어·파스·도박장.,"アルフィナ<G0026>
<G056F>れてるんだろうな
お<G02E8>でも飲んで
身体<G0001><G03DF>めててくれよ<G0026>",SUPPORTED,"0001,0026,03DF,056F",SUPPORTED,02E8
SCN_10214102_00740000_0059,SCENARIO,scenario_message,DATA/10214102.MDZ,DATA/10214102.MDT,0x00740000,10214102,58,0x004d5d55,0x004d5d50,a1 a1 95 46 21 c8 3d f0 08 8c 87 77 d2 f4 77 99 c3 f4 ab 94 f2 b3 92 9c 46 0d ff 00,"ははっ…、ウル
すごい勢いで食べ始めたな…","하핫… 울
엄청난 기세로 먹기 시작했네…",UNASSIGNED,ユウキ,"[{""offset"":-5,""raw_hex"":""02 0e 00 08 00"",""kind"":""MESSAGE_HEADER"",""opcode"":2,""argument"":8},{""offset"":8,""raw_hex"":""08"",""kind"":""LINE_BREAK""},{""offset"":25,""raw_hex"":""0d ff 00"",""kind"":""MESSAGE_END""}]",REVIEW_1,NO,CHARACTER_GUIDE v0.1 적용. context-v1 복원 원문 1차 번역.,SUPPORTED: structured scenario command; header FACE slot maps to face_yuuki_09; runtime display not yet checked. PROVEN: byte-identical source command exists at the same path and offsets on Disc 2. SUPPORTED: context-v1 glyph 복원; 런타임 원문 검증 전. TERM: 버스피어·파스·도박장.,"ははっ<G0026><G0001>ウル
すごい<G04C2>いで食べ<G02E4>めたな<G0026>",SUPPORTED,"0001,0026,02E4,04C2",NONE,
SCN_10214102_00740000_0060,SCENARIO,scenario_message,DATA/10214102.MDZ,DATA/10214102.MDT,0x00740000,10214102,59,0x004d5dd9,0x004d5dd4,46 87 b3 c2 08 77 b6 88 46 21 c4 3d f0 26 f0 c5 eb 08 3e f2 bb f0 9d 9c 95 98 ba 7e 95 92 9c 46 08 95 98 46 0d ff 00,"…ごめん
いやさ…、アルフィナ
元気になってよかったな…
って…","…미안
그게… 알피나가
기운을 차려서 다행이라고
말하려던 거야…",UNASSIGNED,ユウキ,"[{""offset"":-5,""raw_hex"":""02 0e 00 02 00"",""kind"":""MESSAGE_HEADER"",""opcode"":2,""argument"":2},{""offset"":4,""raw_hex"":""08"",""kind"":""LINE_BREAK""},{""offset"":17,""raw_hex"":""08"",""kind"":""LINE_BREAK""},{""offset"":32,""raw_hex"":""08"",""kind"":""LINE_BREAK""},{""offset"":36,""raw_hex"":""0d ff 00"",""kind"":""MESSAGE_END""}]",REVIEW_1,NO,CHARACTER_GUIDE v0.1 적용. context-v1 복원 원문 1차 번역.,SUPPORTED: structured scenario command; header FACE slot maps to face_yuuki_03; runtime display not yet checked. PROVEN: byte-identical source command exists at the same path and offsets on Disc 2. SUPPORTED: context-v1 glyph 복원; 런타임 원문 검증 전. TERM: 버스피어·파스·도박장.,"<G0026>ごめん
いやさ<G0026><G0001>アルフィナ
元気になってよかったな<G0026>
って<G0026>",SUPPORTED,"0001,0026",NONE,
SCN_10214102_00740000_0062,SCENARIO,scenario_message,DATA/10214102.MDZ,DATA/10214102.MDT,0x00740000,10214102,61,0x004d5ee1,0x004d5edc,90 79 77 7b a2 c4 3d f0 26 f0 c5 eb 46 08 86 a0 b5 f0 7f e3 f1 c0 95 92 bb 08 9b 79 8c bd a0 44 21 9b f1 3b f2 08 79 b0 77 78 f0 a3 f1 9d c4 f1 20 f4 8a 92 bb 88 43 0d ff 00,"そういえばアルフィナ…
この旅が終わったら
どうするの？、全部
うまい具合に解決したらさ！","그러고 보니 알피나…
이 여행이 끝나면
어떻게 할 거야? 모든 일이
잘 해결된다면 말이야!",UNASSIGNED,ユウキ,"[{""offset"":-5,""raw_hex"":""02 0e 00 02 00"",""kind"":""MESSAGE_HEADER"",""opcode"":2,""argument"":2},{""offset"":13,""raw_hex"":""08"",""kind"":""LINE_BREAK""},{""offset"":25,""raw_hex"":""08"",""kind"":""LINE_BREAK""},{""offset"":37,""raw_hex"":""08"",""kind"":""LINE_BREAK""},{""offset"":55,""raw_hex"":""0d ff 00"",""kind"":""MESSAGE_END""}]",REVIEW_1,NO,CHARACTER_GUIDE v0.1 적용. context-v1 복원 원문 1차 번역.,SUPPORTED: structured scenario command; header FACE slot maps to face_yuuki_03; runtime display not yet checked. PROVEN: byte-identical source command exists at the same path and offsets on Disc 2. SUPPORTED: context-v1 glyph 복원; 런타임 원문 검증 전. TERM: 버스피어·파스·도박장.,"そういえばアルフィナ<G0026>
この旅が<G0263>わったら
どうするの？<G0001>全部
うまい具合に解<G0410>したらさ！",SUPPORTED,"0001,0026,0263,0410",NONE,
SCN_10214102_00740000_0063,SCENARIO,scenario_message,DATA/10214102.MDZ,DATA/10214102.MDT,0x00740000,10214102,62,0x004d6054,0x004d604f,c4 3d f0 26 f0 c5 eb a0 22 f0 3a f0 c5 f0 88 c2 7e 46 08 90 c2 9c 7d 69 f5 75 95 92 bb 08 cc 3e f0 21 2e f3 95 94 b5 79 9c 46 0d ff 00,"アルフィナのパン屋さんか…
そんなお店あったら
オレ、通っちゃうな…","알피나의 빵집인가…
그런 가게가 있다면
나 매일 다닐 텐데…",UNASSIGNED,ユウキ,"[{""offset"":-5,""raw_hex"":""02 0e 00 02 00"",""kind"":""MESSAGE_HEADER"",""opcode"":2,""argument"":2},{""offset"":18,""raw_hex"":""08"",""kind"":""LINE_BREAK""},{""offset"":29,""raw_hex"":""08"",""kind"":""LINE_BREAK""},{""offset"":42,""raw_hex"":""0d ff 00"",""kind"":""MESSAGE_END""}]",REVIEW_1,NO,CHARACTER_GUIDE v0.1 적용. context-v1 복원 원문 1차 번역.,SUPPORTED: structured scenario command; header FACE slot maps to face_yuuki_03; runtime display not yet checked. PROVEN: byte-identical source command exists at the same path and offsets on Disc 2. SUPPORTED: context-v1 glyph 복원; 런타임 원문 검증 전. TERM: 버스피어·파스·도박장.,"アルフィナのパン<G0175>さんか<G0026>
そんなお<G0529>あったら
オレ<G0001>通っちゃうな<G0026>",SUPPORTED,"0001,0026,0175,0529",NONE,
SCN_10214102_00740000_0066,SCENARIO,scenario_message,DATA/10214102.MDZ,DATA/10214102.MDT,0x00740000,10214102,65,0x004d61aa,0x004d61a5,62 f0 e0 f0 9c 99 f2 a0 4d f5 ca f2 c1 21 c3 f4 da f0 dc f2 9d 08 84 f4 79 c0 84 9d a1 77 7e 9c 77 7e bb 9c 08 a9 f4 7e 95 98 2c f0 3a f0 e9 71 f1 7e 95 92 46 0d ff 00,"大切な空の仲間を、食事中に
失うわけにはいかないからな
助かってホント良かった…","소중한 하늘의 동료를 식사 중에
잃을 수는 없으니까
살아서 정말 다행이야…",UNASSIGNED,ユウキ,"[{""offset"":-5,""raw_hex"":""02 0e 00 08 00"",""kind"":""MESSAGE_HEADER"",""opcode"":2,""argument"":8},{""offset"":21,""raw_hex"":""08"",""kind"":""LINE_BREAK""},{""offset"":36,""raw_hex"":""08"",""kind"":""LINE_BREAK""},{""offset"":53,""raw_hex"":""0d ff 00"",""kind"":""MESSAGE_END""}]",REVIEW_1,NO,CHARACTER_GUIDE v0.1 적용. context-v1 복원 원문 1차 번역.,SUPPORTED: structured scenario command; header FACE slot maps to face_yuuki_09; runtime display not yet checked. PROVEN: byte-identical source command exists at the same path and offsets on Disc 2. SUPPORTED: context-v1 glyph 복원; 런타임 원문 검증 전. TERM: 버스피어·파스·도박장.,"大切な空の仲間を<G0001>食事中に
<G0474>うわけにはいかないからな
<G0499>かってホント良かった<G0026>",SUPPORTED,"0001,0026,0474,0499",NONE,
SCN_10214102_00740000_0068,SCENARIO,scenario_message,DATA/10214102.MDZ,DATA/10214102.MDT,0x00740000,10214102,67,0x004d62c5,0x004d62c0,9c 74 c8 3d f0 21 7b f0 7e bd 93 bf 44 08 db f2 9e f0 9d b0 9a c0 bc 96 82 3c f2 c1 08 26 f0 3d f0 db 25 f0 47 ea 99 08 41 f3 bc e0 f0 95 92 2c f1 9d 75 bd 30 f2 50 f2 46 0d ff 00,"なぁウル、分かるだろ？
身体にまとわりつく雲を
フルスピードで
振り切った先にある太陽…","그렇지, 울? 알겠지?
몸에 달라붙는 구름을
최고 속도로
뿌리치고 나면 보이는 태양…",UNASSIGNED,ユウキ,"[{""offset"":-5,""raw_hex"":""02 0e 00 02 00"",""kind"":""MESSAGE_HEADER"",""opcode"":2,""argument"":2},{""offset"":13,""raw_hex"":""08"",""kind"":""LINE_BREAK""},{""offset"":28,""raw_hex"":""08"",""kind"":""LINE_BREAK""},{""offset"":39,""raw_hex"":""08"",""kind"":""LINE_BREAK""},{""offset"":57,""raw_hex"":""0d ff 00"",""kind"":""MESSAGE_END""}]",REVIEW_1,NO,CHARACTER_GUIDE v0.1 적용. context-v1 복원 원문 1차 번역.,SUPPORTED: structured scenario command; header FACE slot maps to face_yuuki_03; runtime display not yet checked. PROVEN: byte-identical source command exists at the same path and offsets on Disc 2. SUPPORTED: context-v1 glyph 복원; 런타임 원문 검증 전. TERM: 버스피어·파스·도박장.,"な<G0054>ウル<G0001>分かるだろ？
身体にまとわりつく雲を
フルスピードで
振り切った先にある太陽<G0026>",SUPPORTED,"0001,0026,0054",NONE,
SCN_10214102_00740000_0069,SCENARIO,scenario_message,DATA/10214102.MDZ,DATA/10214102.MDT,0x00740000,10214102,68,0x004d6363,0x004d635e,b4 8a 7e 8a 98 c4 3d f0 26 f0 c5 eb 08 49 f1 42 f1 af f3 a0 24 f5 72 f8 8a 98 b1 92 77 44 08 d2 f3 5b f0 75 bd a0 44 0d ff 00,"もしかしてアルフィナ
飛行機の操縦してみたい？
興味あるの？","혹시 알피나도
비행기를 조종해 보고 싶어?
관심 있어?",UNASSIGNED,ユウキ,"[{""offset"":-5,""raw_hex"":""02 0e 00 02 00"",""kind"":""MESSAGE_HEADER"",""opcode"":2,""argument"":2},{""offset"":12,""raw_hex"":""08"",""kind"":""LINE_BREAK""},{""offset"":30,""raw_hex"":""08"",""kind"":""LINE_BREAK""},{""offset"":39,""raw_hex"":""0d ff 00"",""kind"":""MESSAGE_END""}]",REVIEW_1,NO,CHARACTER_GUIDE v0.1 적용. context-v1 복원 원문 1차 번역.,SUPPORTED: structured scenario command; header FACE slot maps to face_yuuki_03; runtime display not yet checked. PROVEN: byte-identical source command exists at the same path and offsets on Disc 2. SUPPORTED: context-v1 glyph 복원; 런타임 원문 검증 전. TERM: 버스피어·파스·도박장.,"もしかしてアルフィナ
飛行機の<G04E4><G07A2>してみたい？
<G03F2>味あるの？",SUPPORTED,03F2,SUPPORTED,"04E4,07A2"
SCN_10214102_00740000_0070,SCENARIO,scenario_message,DATA/10214102.MDZ,DATA/10214102.MDT,0x00740000,10214102,69,0x004d63e4,0x004d63df,90 95 7e 46 08 9c bb 77 96 7e 96 f2 7b bd ba 08 90 a0 7e c0 bc 21 80 a5 8a 82 77 82 7e bb 08 6f f0 37 f4 8a 9a 77 98 82 be ba 43 0d ff 00,"そっか…
ならいつか教えるよ
そのかわり、きびしくいくから
覚悟しといてくれよ！","그렇구나…
그럼 언젠가 가르쳐 줄게
대신 엄하게 할 테니까
각오해 둬!",UNASSIGNED,ユウキ,"[{""offset"":-5,""raw_hex"":""02 0e 00 0a 00"",""kind"":""MESSAGE_HEADER"",""opcode"":2,""argument"":10},{""offset"":4,""raw_hex"":""08"",""kind"":""LINE_BREAK""},{""offset"":15,""raw_hex"":""08"",""kind"":""LINE_BREAK""},{""offset"":30,""raw_hex"":""08"",""kind"":""LINE_BREAK""},{""offset"":43,""raw_hex"":""0d ff 00"",""kind"":""MESSAGE_END""}]",REVIEW_1,NO,CHARACTER_GUIDE v0.1 적용. context-v1 복원 원문 1차 번역.,SUPPORTED: structured scenario command; header FACE slot maps to face_yuuki_11; runtime display not yet checked. PROVEN: byte-identical source command exists at the same path and offsets on Disc 2. SUPPORTED: context-v1 glyph 복원; 런타임 원문 검증 전. TERM: 버스피어·파스·도박장.,"そっか<G0026>
ならいつか<G02E6>えるよ
そのかわり<G0001>きびしくいくから
覚<G0427>しといてくれよ！",SUPPORTED,"0001,0026,02E6,0427",NONE,
SCN_10214102_00740000_0071,SCENARIO,scenario_message,DATA/10214102.MDZ,DATA/10214102.MDT,0x00740000,10214102,70,0x004d645f,0x004d645a,aa f4 a0 59 f1 9c a0 9d 49 f1 42 f1 af f3 c1 08 24 f5 72 f8 8a 98 b1 92 77 95 98 46 08 c4 3d f0 26 f0 c5 eb 95 98 21 b6 95 a3 08 94 b9 95 9a 70 f0 c0 95 98 bd ba 9c 0d ff 00,"女の子なのに飛行機を
操縦してみたいって…
アルフィナって、やっぱ
ちょっと変わってるよな","여자아이인데 비행기를
조종해 보고 싶다니…
알피나는 역시
조금 특이하네.",UNASSIGNED,ユウキ,"[{""offset"":-5,""raw_hex"":""02 0e 00 03 00"",""kind"":""MESSAGE_HEADER"",""opcode"":2,""argument"":3},{""offset"":15,""raw_hex"":""08"",""kind"":""LINE_BREAK""},{""offset"":28,""raw_hex"":""08"",""kind"":""LINE_BREAK""},{""offset"":42,""raw_hex"":""08"",""kind"":""LINE_BREAK""},{""offset"":55,""raw_hex"":""0d ff 00"",""kind"":""MESSAGE_END""}]",REVIEW_1,NO,CHARACTER_GUIDE v0.1 적용. context-v1 복원 원문 1차 번역.,SUPPORTED: structured scenario command; header FACE slot maps to face_yuuki_04; runtime display not yet checked. PROVEN: byte-identical source command exists at the same path and offsets on Disc 2. SUPPORTED: context-v1 glyph 복원; 런타임 원문 검증 전. TERM: 버스피어·파스·도박장.,"女の子なのに飛行機を
<G04E4><G07A2>してみたいって<G0026>
アルフィナって<G0001>やっ<G0083>
ちょっと変わってるよな",SUPPORTED,"0001,0026,0083",SUPPORTED,"04E4,07A2"
SCN_10214102_00740000_0072,SCENARIO,scenario_message,DATA/10214102.MDZ,DATA/10214102.MDT,0x00740000,10214102,71,0x004d657f,0x004d657a,9b 79 8c bd 46 08 90 bf 90 bf 42 f1 82 44 0d ff 00,"どうする…
そろそろ行く？","어떻게 할까…
슬슬 갈까?",UNASSIGNED,ユウキ,"[{""offset"":-5,""raw_hex"":""02 0e 00 02 00"",""kind"":""MESSAGE_HEADER"",""opcode"":2,""argument"":2},{""offset"":5,""raw_hex"":""08"",""kind"":""LINE_BREAK""},{""offset"":14,""raw_hex"":""0d ff 00"",""kind"":""MESSAGE_END""}]",REVIEW_1,NO,CHARACTER_GUIDE v0.1 적용. context-v1 복원 원문 1차 번역.,SUPPORTED: structured scenario command; header FACE slot maps to face_yuuki_03; runtime display not yet checked. PROVEN: byte-identical source command exists at the same path and offsets on Disc 2. SUPPORTED: context-v1 glyph 복원; 런타임 원문 검증 전. TERM: 버스피어·파스·도박장.,"どうする<G0026>
そろそろ行く？",SUPPORTED,0026,NONE,
SCN_10214103_00740000_0006,SCENARIO,scenario_message,DATA/10214103.MDZ,DATA/10214103.MDT,0x00740000,10214103,5,0x004d2f6c,0x004d2f67,b6 b3 bd 08 9f f4 98 f5 8c bd 0d ff 00,"やめる
宿泊する","그만둔다
숙박한다",UNASSIGNED,ユウキ,"[{""offset"":-5,""raw_hex"":""02 0e 00 01 00"",""kind"":""MESSAGE_HEADER"",""opcode"":2,""argument"":1},{""offset"":3,""raw_hex"":""08"",""kind"":""LINE_BREAK""},{""offset"":10,""raw_hex"":""0d ff 00"",""kind"":""MESSAGE_END""}]",REVIEW_1,NO,CHARACTER_GUIDE v0.1 적용. context-v1 복원 원문 1차 번역.,SUPPORTED: structured scenario command; header FACE slot maps to face_yuuki_02; runtime display not yet checked. PROVEN: byte-identical source command exists at the same path and offsets on Disc 2. SUPPORTED: context-v1 glyph 복원; 런타임 원문 검증 전. TERM: 버스피어·파스·도박장.,"やめる
宿<G0558>する",SUPPORTED,0558,NONE,
SCN_10214103_00740000_0007,SCENARIO,scenario_message,DATA/10214103.MDZ,DATA/10214103.MDT,0x00740000,10214103,6,0x004d30a8,0x004d30a3,b6 b3 bd 08 9f f4 98 f5 8c bd 0d ff 00,"やめる
宿泊する","그만둔다
숙박한다",UNASSIGNED,ユウキ,"[{""offset"":-5,""raw_hex"":""02 0e 00 01 00"",""kind"":""MESSAGE_HEADER"",""opcode"":2,""argument"":1},{""offset"":3,""raw_hex"":""08"",""kind"":""LINE_BREAK""},{""offset"":10,""raw_hex"":""0d ff 00"",""kind"":""MESSAGE_END""}]",REVIEW_1,NO,CHARACTER_GUIDE v0.1 적용. context-v1 복원 원문 1차 번역.,SUPPORTED: structured scenario command; header FACE slot maps to face_yuuki_02; runtime display not yet checked. PROVEN: byte-identical source command exists at the same path and offsets on Disc 2. SUPPORTED: context-v1 glyph 복원; 런타임 원문 검증 전. TERM: 버스피어·파스·도박장.,"やめる
宿<G0558>する",SUPPORTED,0558,NONE,
SCN_10214103_00740000_0008,SCENARIO,scenario_message,DATA/10214103.MDZ,DATA/10214103.MDT,0x00740000,10214103,7,0x004d30d1,0x004d30cc,ef f2 84 f2 99 7d ce f5 be 93 95 98 86 9a 08 b4 f0 9d 23 f6 95 98 08 30 f0 3b f0 3a f0 e2 9d 2e f4 c0 9c 77 9a 46 0d ff 00,"明日でお別れだってこと
船に戻って
ミランダに言わないと…","내일이면 헤어진다는 걸
배로 돌아가서
미란다에게 말해야 해…",UNASSIGNED,アルフィナ,"[{""offset"":-5,""raw_hex"":""02 0e 00 0c 00"",""kind"":""MESSAGE_HEADER"",""opcode"":2,""argument"":12},{""offset"":14,""raw_hex"":""08"",""kind"":""LINE_BREAK""},{""offset"":22,""raw_hex"":""08"",""kind"":""LINE_BREAK""},{""offset"":38,""raw_hex"":""0d ff 00"",""kind"":""MESSAGE_END""}]",REVIEW_1,NO,CHARACTER_GUIDE v0.1 적용. context-v1 복원 원문 1차 번역.,SUPPORTED: structured scenario command; header FACE slot maps to face_alfina_01; runtime display not yet checked. PROVEN: byte-identical source command exists at the same path and offsets on Disc 2. SUPPORTED: context-v1 glyph 복원; 런타임 원문 검증 전. TERM: 버스피어·파스·도박장.,"<G033F><G02D4>でお別れだってこと
船に戻って
ミランダに<G041E>わないと<G0026>",SUPPORTED,"0026,02D4,033F,041E",NONE,
SCN_10214103_00740000_0009,SCENARIO,scenario_message,DATA/10214103.MDZ,DATA/10214103.MDT,0x00740000,10214103,8,0x004d31e9,0x004d31e4,b6 b3 bd 08 9f f4 98 f5 8c bd 0d ff 00,"やめる
宿泊する","그만둔다
숙박한다",UNASSIGNED,ユウキ,"[{""offset"":-5,""raw_hex"":""02 0e 00 01 00"",""kind"":""MESSAGE_HEADER"",""opcode"":2,""argument"":1},{""offset"":3,""raw_hex"":""08"",""kind"":""LINE_BREAK""},{""offset"":10,""raw_hex"":""0d ff 00"",""kind"":""MESSAGE_END""}]",REVIEW_1,NO,CHARACTER_GUIDE v0.1 적용. context-v1 복원 원문 1차 번역.,SUPPORTED: structured scenario command; header FACE slot maps to face_yuuki_02; runtime display not yet checked. PROVEN: byte-identical source command exists at the same path and offsets on Disc 2. SUPPORTED: context-v1 glyph 복원; 런타임 원문 검증 전. TERM: 버스피어·파스·도박장.,"やめる
宿<G0558>する",SUPPORTED,0558,NONE,
SCN_10214103_00740000_0010,SCENARIO,scenario_message,DATA/10214103.MDZ,DATA/10214103.MDT,0x00740000,10214103,9,0x004d3212,0x004d320d,9c 9d 21 f0 cd 9c 86 9a 2e f4 95 98 c2 a0 ba 43 08 2c f0 3b f0 e4 43 08 df f0 82 21 49 f1 42 f1 af f3 c5 f0 88 c2 a0 9a 86 bf 9d 08 42 f1 82 c0 ba 43 0d ff 00,"なにバカなこと言ってんのよ！
ホラッ！
早く、飛行機屋さんのところに
行くわよ！","무슨 바보 같은 소리를 하는 거야!
자!
어서 비행기 아저씨에게
가자!",UNASSIGNED,アロンソ,"[{""offset"":-5,""raw_hex"":""22 0e 00 24 00"",""kind"":""MESSAGE_HEADER"",""opcode"":34,""argument"":36},{""offset"":16,""raw_hex"":""08"",""kind"":""LINE_BREAK""},{""offset"":23,""raw_hex"":""08"",""kind"":""LINE_BREAK""},{""offset"":43,""raw_hex"":""08"",""kind"":""LINE_BREAK""},{""offset"":50,""raw_hex"":""0d ff 00"",""kind"":""MESSAGE_END""}]",REVIEW_1,NO,CHARACTER_GUIDE v0.1 적용. context-v1 복원 원문 1차 번역.,SUPPORTED: structured scenario command; header FACE slot maps to face_alonso_03; runtime display not yet checked. PROVEN: byte-identical source command exists at the same path and offsets on Disc 2. SUPPORTED: context-v1 glyph 복원; 런타임 원문 검증 전. TERM: 버스피어·파스·도박장.,"なにバカなこと<G041E>ってんのよ！
ホラッ！
早く<G0001>飛行機<G0175>さんのところに
行くわよ！",SUPPORTED,"0001,0175,041E",NONE,
SCN_10214103_00740000_0011,SCENARIO,scenario_message,DATA/10214103.MDZ,DATA/10214103.MDT,0x00740000,10214103,10,0x004d330a,0x004d3305,b6 b3 bd 08 9f f4 98 f5 8c bd 0d ff 00,"やめる
宿泊する","그만둔다
숙박한다",UNASSIGNED,ユウキ,"[{""offset"":-5,""raw_hex"":""02 0e 00 01 00"",""kind"":""MESSAGE_HEADER"",""opcode"":2,""argument"":1},{""offset"":3,""raw_hex"":""08"",""kind"":""LINE_BREAK""},{""offset"":10,""raw_hex"":""0d ff 00"",""kind"":""MESSAGE_END""}]",REVIEW_1,NO,CHARACTER_GUIDE v0.1 적용. context-v1 복원 원문 1차 번역.,SUPPORTED: structured scenario command; header FACE slot maps to face_yuuki_02; runtime display not yet checked. PROVEN: byte-identical source command exists at the same path and offsets on Disc 2. SUPPORTED: context-v1 glyph 복원; 런타임 원문 검증 전. TERM: 버스피어·파스·도박장.,"やめる
宿<G0558>する",SUPPORTED,0558,NONE,
SCN_10214103_00740000_0012,SCENARIO,scenario_message,DATA/10214103.MDZ,DATA/10214103.MDT,0x00740000,10214103,11,0x004d343e,0x004d3439,b6 b3 bd 08 9f f4 98 f5 8c bd 4c c3 f4 da f0 69 f1 80 4d 0d ff 00,"やめる
宿泊する「食事付き」","그만둔다
숙박한다 「식사 포함」",UNASSIGNED,ユウキ,"[{""offset"":-5,""raw_hex"":""02 0e 00 01 00"",""kind"":""MESSAGE_HEADER"",""opcode"":2,""argument"":1},{""offset"":3,""raw_hex"":""08"",""kind"":""LINE_BREAK""},{""offset"":19,""raw_hex"":""0d ff 00"",""kind"":""MESSAGE_END""}]",REVIEW_1,NO,CHARACTER_GUIDE v0.1 적용. context-v1 복원 원문 1차 번역.,SUPPORTED: structured scenario command; header FACE slot maps to face_yuuki_02; runtime display not yet checked. PROVEN: byte-identical source command exists at the same path and offsets on Disc 2. SUPPORTED: context-v1 glyph 복원; 런타임 원문 검증 전. TERM: 버스피어·파스·도박장.,"やめる
宿<G0558>する<G002C>食事付き<G002D>",SUPPORTED,"002C,002D,0558",NONE,
SCN_10214103_00740000_0013,SCENARIO,scenario_message,DATA/10214103.MDZ,DATA/10214103.MDT,0x00740000,10214103,12,0x004d3542,0x004d353d,b6 b3 bd 08 9f f4 98 f5 8c bd 4c c3 f4 da f0 69 f1 80 4d 0d ff 00,"やめる
宿泊する「食事付き」","그만둔다
숙박한다 「식사 포함」",UNASSIGNED,ユウキ,"[{""offset"":-5,""raw_hex"":""02 0e 00 01 00"",""kind"":""MESSAGE_HEADER"",""opcode"":2,""argument"":1},{""offset"":3,""raw_hex"":""08"",""kind"":""LINE_BREAK""},{""offset"":19,""raw_hex"":""0d ff 00"",""kind"":""MESSAGE_END""}]",REVIEW_1,NO,CHARACTER_GUIDE v0.1 적용. context-v1 복원 원문 1차 번역.,SUPPORTED: structured scenario command; header FACE slot maps to face_yuuki_02; runtime display not yet checked. PROVEN: byte-identical source command exists at the same path and offsets on Disc 2. SUPPORTED: context-v1 glyph 복원; 런타임 원문 검증 전. TERM: 버스피어·파스·도박장.,"やめる
宿<G0558>する<G002C>食事付き<G002D>",SUPPORTED,"002C,002D,0558",NONE,
SCN_10214103_00740000_0014,SCENARIO,scenario_message,DATA/10214103.MDZ,DATA/10214103.MDT,0x00740000,10214103,13,0x004d3639,0x004d3634,b6 b3 bd 08 9f f4 98 f5 8c bd 4c c3 f4 da f0 69 f1 80 4d 0d ff 00,"やめる
宿泊する「食事付き」","그만둔다
숙박한다 「식사 포함」",UNASSIGNED,ユウキ,"[{""offset"":-5,""raw_hex"":""02 0e 00 01 00"",""kind"":""MESSAGE_HEADER"",""opcode"":2,""argument"":1},{""offset"":3,""raw_hex"":""08"",""kind"":""LINE_BREAK""},{""offset"":19,""raw_hex"":""0d ff 00"",""kind"":""MESSAGE_END""}]",REVIEW_1,NO,CHARACTER_GUIDE v0.1 적용. context-v1 복원 원문 1차 번역.,SUPPORTED: structured scenario command; header FACE slot maps to face_yuuki_02; runtime display not yet checked. PROVEN: byte-identical source command exists at the same path and offsets on Disc 2. SUPPORTED: context-v1 glyph 복원; 런타임 원문 검증 전. TERM: 버스피어·파스·도박장.,"やめる
宿<G0558>する<G002C>食事付き<G002D>",SUPPORTED,"002C,002D,0558",NONE,
SCN_10214103_00740000_0015,SCENARIO,scenario_message,DATA/10214103.MDZ,DATA/10214103.MDT,0x00740000,10214103,14,0x004d3723,0x004d371e,b6 b3 bd 08 9f f4 98 f5 8c bd 4c c3 f4 da f0 69 f1 80 4d 0d ff 00,"やめる
宿泊する「食事付き」","그만둔다
숙박한다 「식사 포함」",UNASSIGNED,ユウキ,"[{""offset"":-5,""raw_hex"":""02 0e 00 01 00"",""kind"":""MESSAGE_HEADER"",""opcode"":2,""argument"":1},{""offset"":3,""raw_hex"":""08"",""kind"":""LINE_BREAK""},{""offset"":19,""raw_hex"":""0d ff 00"",""kind"":""MESSAGE_END""}]",REVIEW_1,NO,CHARACTER_GUIDE v0.1 적용. context-v1 복원 원문 1차 번역.,SUPPORTED: structured scenario command; header FACE slot maps to face_yuuki_02; runtime display not yet checked. PROVEN: byte-identical source command exists at the same path and offsets on Disc 2. SUPPORTED: context-v1 glyph 복원; 런타임 원문 검증 전. TERM: 버스피어·파스·도박장.,"やめる
宿<G0558>する<G002C>食事付き<G002D>",SUPPORTED,"002C,002D,0558",NONE,
SCN_10214103_00740000_0017,SCENARIO,scenario_message,DATA/10214103.MDZ,DATA/10214103.MDT,0x00740000,10214103,16,0x004d394b,0x004d3946,cf e7 bd d7 f0 9c a0 7e 9c 46 08 c4 3d f0 26 f0 c5 eb 21 42 f1 86 79 7e 46 0d ff 00,"キテる人なのかな…
アルフィナ、行こうか…","좀 특이한 사람인가…
알피나, 갈까…",UNASSIGNED,ユウキ,"[{""offset"":-5,""raw_hex"":""02 0e 00 07 00"",""kind"":""MESSAGE_HEADER"",""opcode"":2,""argument"":7},{""offset"":10,""raw_hex"":""08"",""kind"":""LINE_BREAK""},{""offset"":25,""raw_hex"":""0d ff 00"",""kind"":""MESSAGE_END""}]",REVIEW_1,NO,CHARACTER_GUIDE v0.1 적용. context-v1 복원 원문 1차 번역.,SUPPORTED: structured scenario command; header FACE slot maps to face_yuuki_08; runtime display not yet checked. PROVEN: byte-identical source command exists at the same path and offsets on Disc 2. SUPPORTED: context-v1 glyph 복원; 런타임 원문 검증 전. TERM: 버스피어·파스·도박장.,"キテる人なのかな<G0026>
アルフィナ<G0001>行こうか<G0026>",SUPPORTED,"0001,0026",NONE,
SCN_10214103_00740000_0018,SCENARIO,scenario_message,DATA/10214103.MDZ,DATA/10214103.MDT,0x00740000,10214103,17,0x004d39ea,0x004d39e5,9c c2 7e 21 5b f1 5b f0 7f 75 bc 90 79 99 08 ad 9a c2 9b 21 9c 88 90 79 9c 08 e1 c6 e9 3d f0 93 9c 46 08 dc f1 2d f1 9d 99 f0 b2 86 9a a1 9c 77 9c 46 0d ff 00,"なんか、意味がありそうで
ほとんど、なさそうな
タイトルだな…
絶対に読むことはないな…","뭔가 의미가 있을 것 같으면서도
거의 의미가 없어 보이는
제목이네…
절대 읽을 일은 없겠다…",UNASSIGNED,ユウキ,"[{""offset"":-5,""raw_hex"":""02 0e 00 05 00"",""kind"":""MESSAGE_HEADER"",""opcode"":2,""argument"":5},{""offset"":14,""raw_hex"":""08"",""kind"":""LINE_BREAK""},{""offset"":25,""raw_hex"":""08"",""kind"":""LINE_BREAK""},{""offset"":34,""raw_hex"":""08"",""kind"":""LINE_BREAK""},{""offset"":50,""raw_hex"":""0d ff 00"",""kind"":""MESSAGE_END""}]",REVIEW_1,NO,CHARACTER_GUIDE v0.1 적용. context-v1 복원 원문 1차 번역.,SUPPORTED: structured scenario command; header FACE slot maps to face_yuuki_06; runtime display not yet checked. PROVEN: byte-identical source command exists at the same path and offsets on Disc 2. SUPPORTED: context-v1 glyph 복원; 런타임 원문 검증 전. TERM: 버스피어·파스·도박장.,"なんか<G0001>意味がありそうで
ほとんど<G0001>なさそうな
タイトルだな<G0026>
絶対に読むことはないな<G0026>",SUPPORTED,"0001,0026",NONE,
SCN_10214103_00740000_0019,SCENARIO,scenario_message,DATA/10214103.MDZ,DATA/10214103.MDT,0x00740000,10214103,18,0x004d3b8a,0x004d3b85,51 2b f0 47 da 99 08 b0 9a b3 98 87 f2 84 ba 46 0d ff 00,"1ページで
まとめて書けよ…","한 페이지에
정리해서 쓰지…",UNASSIGNED,ユウキ,"[{""offset"":-5,""raw_hex"":""02 0e 00 05 00"",""kind"":""MESSAGE_HEADER"",""opcode"":2,""argument"":5},{""offset"":6,""raw_hex"":""08"",""kind"":""LINE_BREAK""},{""offset"":16,""raw_hex"":""0d ff 00"",""kind"":""MESSAGE_END""}]",REVIEW_1,NO,CHARACTER_GUIDE v0.1 적용. context-v1 복원 원문 1차 번역.,SUPPORTED: structured scenario command; header FACE slot maps to face_yuuki_06; runtime display not yet checked. PROVEN: byte-identical source command exists at the same path and offsets on Disc 2. SUPPORTED: context-v1 glyph 복원; 런타임 원문 검증 전. TERM: 버스피어·파스·도박장.,"1ページで
まとめて書けよ<G0026>",SUPPORTED,0026,NONE,
SCN_10214103_00740000_0020,SCENARIO,scenario_message,DATA/10214103.MDZ,DATA/10214103.MDT,0x00740000,10214103,19,0x004d3be3,0x004d3bde,92 77 8a 92 da f0 8b b5 9c 88 90 79 93 8a 08 44 f4 7b 92 82 b4 9c 77 9c 46 0d ff 00,"たいした事じゃなさそうだし
考えたくもないな…","별일 아닌 것 같고
생각하고 싶지도 않네…",UNASSIGNED,ユウキ,"[{""offset"":-5,""raw_hex"":""02 0e 00 05 00"",""kind"":""MESSAGE_HEADER"",""opcode"":2,""argument"":5},{""offset"":14,""raw_hex"":""08"",""kind"":""LINE_BREAK""},{""offset"":25,""raw_hex"":""0d ff 00"",""kind"":""MESSAGE_END""}]",REVIEW_1,NO,CHARACTER_GUIDE v0.1 적용. context-v1 복원 원문 1차 번역.,SUPPORTED: structured scenario command; header FACE slot maps to face_yuuki_06; runtime display not yet checked. PROVEN: byte-identical source command exists at the same path and offsets on Disc 2. SUPPORTED: context-v1 glyph 복원; 런타임 원문 검증 전. TERM: 버스피어·파스·도박장.,"たいした事じゃなさそうだし
考えたくもないな<G0026>",SUPPORTED,0026,NONE,
SCN_10214103_00740000_0021,SCENARIO,scenario_message,DATA/10214103.MDZ,DATA/10214103.MDT,0x00740000,10214103,20,0x004d3dbf,0x004d3dba,9c c2 7e 08 49 f5 8d 7e 8a 77 61 f0 e2 f4 93 9c 46 46 0d ff 00,"なんか
恥ずかしい小説だな……","왠지
부끄러운 소설이네……",UNASSIGNED,ユウキ,"[{""offset"":-5,""raw_hex"":""02 0e 00 08 00"",""kind"":""MESSAGE_HEADER"",""opcode"":2,""argument"":8},{""offset"":3,""raw_hex"":""08"",""kind"":""LINE_BREAK""},{""offset"":18,""raw_hex"":""0d ff 00"",""kind"":""MESSAGE_END""}]",REVIEW_1,NO,CHARACTER_GUIDE v0.1 적용. context-v1 복원 원문 1차 번역.,SUPPORTED: structured scenario command; header FACE slot maps to face_yuuki_09; runtime display not yet checked. PROVEN: byte-identical source command exists at the same path and offsets on Disc 2. SUPPORTED: context-v1 glyph 복원; 런타임 원문 검증 전. TERM: 버스피어·파스·도박장.,"なんか
<G0509>ずかしい小説だな<G0026><G0026>",SUPPORTED,"0026,0509",NONE,
SCN_10214103_00740000_0022,SCENARIO,scenario_message,DATA/10214103.MDZ,DATA/10214103.MDT,0x00740000,10214103,21,0x004d3e44,0x004d3e3f,77 b6 21 ce f5 9d 46 08 75 c2 b0 d2 f3 5b f0 9c 77 93 84 46 0d ff 00,"いや、別に…
あんま興味ないだけ…","아니, 별로…
그냥 별로 관심이 없어서…",UNASSIGNED,ユウキ,"[{""offset"":-5,""raw_hex"":""02 0e 00 08 00"",""kind"":""MESSAGE_HEADER"",""opcode"":2,""argument"":8},{""offset"":7,""raw_hex"":""08"",""kind"":""LINE_BREAK""},{""offset"":20,""raw_hex"":""0d ff 00"",""kind"":""MESSAGE_END""}]",REVIEW_1,NO,CHARACTER_GUIDE v0.1 적용. context-v1 복원 원문 1차 번역.,SUPPORTED: structured scenario command; header FACE slot maps to face_yuuki_09; runtime display not yet checked. PROVEN: byte-identical source command exists at the same path and offsets on Disc 2. SUPPORTED: context-v1 glyph 복원; 런타임 원문 검증 전. TERM: 버스피어·파스·도박장.,"いや<G0001>別に<G0026>
あんま<G03F2>味ないだけ<G0026>",SUPPORTED,"0001,0026,03F2",NONE,
SCN_10214103_00740000_0023,SCENARIO,scenario_message,DATA/10214103.MDZ,DATA/10214103.MDT,0x00740000,10214103,22,0x004d3ee9,0x004d3ee4,b0 c2 b0 8b b5 c2 46 46 0d ff 00,まんまじゃん……,그대로잖아……,UNASSIGNED,ユウキ,"[{""offset"":-5,""raw_hex"":""02 0e 00 05 00"",""kind"":""MESSAGE_HEADER"",""opcode"":2,""argument"":5},{""offset"":8,""raw_hex"":""0d ff 00"",""kind"":""MESSAGE_END""}]",REVIEW_1,NO,CHARACTER_GUIDE v0.1 적용. context-v1 복원 원문 1차 번역.,SUPPORTED: structured scenario command; header FACE slot maps to face_yuuki_06; runtime display not yet checked. PROVEN: byte-identical source command exists at the same path and offsets on Disc 2. SUPPORTED: context-v1 glyph 복원; 런타임 원문 검증 전. TERM: 버스피어·파스·도박장.,まんまじゃん<G0026><G0026>,SUPPORTED,0026,NONE,
SCN_10214103_00740000_0024,SCENARIO,scenario_message,DATA/10214103.MDZ,DATA/10214103.MDT,0x00740000,10214103,23,0x004d3fcd,0x004d3fc8,b6 93 ba 46 08 94 b9 95 9a 99 f0 b2 93 84 93 8f 46 0d ff 00,"やだよ…
ちょっと読むだけだよ…","싫어…
조금 읽기만 할 거야…",UNASSIGNED,ユウキ,"[{""offset"":-5,""raw_hex"":""02 0e 00 01 00"",""kind"":""MESSAGE_HEADER"",""opcode"":2,""argument"":1},{""offset"":4,""raw_hex"":""08"",""kind"":""LINE_BREAK""},{""offset"":17,""raw_hex"":""0d ff 00"",""kind"":""MESSAGE_END""}]",REVIEW_1,NO,CHARACTER_GUIDE v0.1 적용. context-v1 복원 원문 1차 번역.,SUPPORTED: structured scenario command; header FACE slot maps to face_yuuki_02; runtime display not yet checked. PROVEN: byte-identical source command exists at the same path and offsets on Disc 2. SUPPORTED: context-v1 glyph 복원; 런타임 원문 검증 전. TERM: 버스피어·파스·도박장.,"やだよ<G0026>
ちょっと読むだけだ<G006F><G0026>",SUPPORTED,"0026,006F",NONE,
SCN_10214103_00740000_0025,SCENARIO,scenario_message,DATA/10214103.MDZ,DATA/10214103.MDT,0x00740000,10214103,24,0x004d3ffd,0x004d3ff8,90 c2 9c 08 49 f5 8d 7e 8a 77 e1 c6 e9 3d f0 a0 61 f0 e2 f4 08 99 f0 b1 92 82 9c 77 9c 46 0d ff 00,"そんな
恥ずかしいタイトルの小説
読みたくないな…","그렇게
부끄러운 제목의 소설은
읽고 싶지 않아…",UNASSIGNED,ユウキ,"[{""offset"":-5,""raw_hex"":""02 0e 00 08 00"",""kind"":""MESSAGE_HEADER"",""opcode"":2,""argument"":8},{""offset"":3,""raw_hex"":""08"",""kind"":""LINE_BREAK""},{""offset"":20,""raw_hex"":""08"",""kind"":""LINE_BREAK""},{""offset"":30,""raw_hex"":""0d ff 00"",""kind"":""MESSAGE_END""}]",REVIEW_1,NO,CHARACTER_GUIDE v0.1 적용. context-v1 복원 원문 1차 번역.,SUPPORTED: structured scenario command; header FACE slot maps to face_yuuki_09; runtime display not yet checked. PROVEN: byte-identical source command exists at the same path and offsets on Disc 2. SUPPORTED: context-v1 glyph 복원; 런타임 원문 검증 전. TERM: 버스피어·파스·도박장.,"そんな
<G0509>ずかしいタイトルの小説
読みたくないな<G0026>",SUPPORTED,"0026,0509",NONE,
SCN_10214103_00740000_0028,SCENARIO,scenario_message,DATA/10214103.MDZ,DATA/10214103.MDT,0x00740000,10214103,27,0x004d453a,0x004d4535,2c f0 3a f0 e9 9d 75 bd c2 93 ba 08 90 79 77 79 28 f3 7f 88 08 cc 3e f0 92 94 21 42 f1 95 98 80 92 c2 93 43 08 7b 95 9a 88 46 46 0d ff 00,"ホントにあるんだよ
そういう所がさ
オレたち、行ってきたんだ！
えっとさ……","정말로 있어
그런 곳이 말이야
우리도 다녀왔다고!
그러니까……",UNASSIGNED,ユウキ,"[{""offset"":-5,""raw_hex"":""02 0e 00 02 00"",""kind"":""MESSAGE_HEADER"",""opcode"":2,""argument"":2},{""offset"":11,""raw_hex"":""08"",""kind"":""LINE_BREAK""},{""offset"":20,""raw_hex"":""08"",""kind"":""LINE_BREAK""},{""offset"":36,""raw_hex"":""08"",""kind"":""LINE_BREAK""},{""offset"":43,""raw_hex"":""0d ff 00"",""kind"":""MESSAGE_END""}]",REVIEW_1,NO,CHARACTER_GUIDE v0.1 적용. context-v1 복원 원문 1차 번역.,SUPPORTED: structured scenario command; header FACE slot maps to face_yuuki_03; runtime display not yet checked. PROVEN: byte-identical source command exists at the same path and offsets on Disc 2. SUPPORTED: context-v1 glyph 복원; 런타임 원문 검증 전. TERM: 버스피어·파스·도박장.,"ホントにあるんだよ
そういう<G0348>がさ
オレたち<G0001>行ってきたんだ！
えっとさ<G0026><G0026>",SUPPORTED,"0001,0026,0348",NONE,
SCN_10214103_00740000_0029,SCENARIO,scenario_message,DATA/10214103.MDZ,DATA/10214103.MDT,0x00740000,10214103,28,0x004d48cc,0x004d48c7,a1 95 44 21 31 f2 c1 f2 08 9c 9d 2e f4 95 98 c2 93 ba 0d ff 00,"はっ？、突然
なに言ってんだよ","뭐? 갑자기
무슨 소리야?",UNASSIGNED,ユウキ,"[{""offset"":-5,""raw_hex"":""02 0e 00 07 00"",""kind"":""MESSAGE_HEADER"",""opcode"":2,""argument"":7},{""offset"":8,""raw_hex"":""08"",""kind"":""LINE_BREAK""},{""offset"":18,""raw_hex"":""0d ff 00"",""kind"":""MESSAGE_END""}]",REVIEW_1,NO,CHARACTER_GUIDE v0.1 적용. context-v1 복원 원문 1차 번역.,SUPPORTED: structured scenario command; header FACE slot maps to face_yuuki_08; runtime display not yet checked. PROVEN: byte-identical source command exists at the same path and offsets on Disc 2. SUPPORTED: context-v1 glyph 복원; 런타임 원문 검증 전. TERM: 버스피어·파스·도박장.,"はっ？<G0001>突然
なに<G041E>ってんだよ",SUPPORTED,"0001,041E",NONE,
SCN_10214103_00740000_0030,SCENARIO,scenario_message,DATA/10214103.MDZ,DATA/10214103.MDT,0x00740000,10214103,29,0x004d4a91,0x004d4a8c,2b f1 c0 f0 a0 87 f2 77 98 75 bd b8 f0 c1 08 41 f2 95 92 93 84 8b b5 c2 46 0d ff 00,"名前の書いてある紙を
破っただけじゃん…","이름이 적힌 종이를
찢었을 뿐이잖아…",UNASSIGNED,ユウキ,"[{""offset"":-5,""raw_hex"":""02 0e 00 08 00"",""kind"":""MESSAGE_HEADER"",""opcode"":2,""argument"":8},{""offset"":14,""raw_hex"":""08"",""kind"":""LINE_BREAK""},{""offset"":25,""raw_hex"":""0d ff 00"",""kind"":""MESSAGE_END""}]",REVIEW_1,NO,CHARACTER_GUIDE v0.1 적용. context-v1 복원 원문 1차 번역.,SUPPORTED: structured scenario command; header FACE slot maps to face_yuuki_09; runtime display not yet checked. PROVEN: byte-identical source command exists at the same path and offsets on Disc 2. SUPPORTED: context-v1 glyph 복원; 런타임 원문 검증 전. TERM: 버스피어·파스·도박장.,"名<G0170>の書いてある<G0168>を
破っただけじゃん<G0026>",SUPPORTED,"0026,0170",SUPPORTED,0168
SCN_10214103_00740000_0032,SCENARIO,scenario_message,DATA/10214103.MDZ,DATA/10214103.MDT,0x00740000,10214103,31,0x004d4b78,0x004d4b73,99 f1 7b f0 21 dc f2 9d 77 bd d7 f0 08 c5 f4 98 bd 93 bf 79 8a 46 08 ef e4 d1 8c bd a0 a1 08 43 f1 b3 9a 86 79 7e 9c 46 0d ff 00,"多分、中にいる人
寝てるだろうし…
ノックするのは
止めとこうかな…","아마 안에 있는 사람이
자고 있을 테니까…
노크하는 건
그만둘까…",UNASSIGNED,ユウキ,"[{""offset"":-5,""raw_hex"":""02 0e 00 02 00"",""kind"":""MESSAGE_HEADER"",""opcode"":2,""argument"":2},{""offset"":12,""raw_hex"":""08"",""kind"":""LINE_BREAK""},{""offset"":22,""raw_hex"":""08"",""kind"":""LINE_BREAK""},{""offset"":30,""raw_hex"":""08"",""kind"":""LINE_BREAK""},{""offset"":40,""raw_hex"":""0d ff 00"",""kind"":""MESSAGE_END""}]",REVIEW_1,NO,CHARACTER_GUIDE v0.1 적용. context-v1 복원 원문 1차 번역.,SUPPORTED: structured scenario command; header FACE slot maps to face_yuuki_03; runtime display not yet checked. PROVEN: byte-identical source command exists at the same path and offsets on Disc 2. SUPPORTED: context-v1 glyph 복원; 런타임 원문 검증 전. TERM: 버스피어·파스·도박장.,"多分<G0001>中にいる人
<G04B5>てるだろうし<G0026>
ノックするのは
<G01C3>めとこうかな<G0026>",SUPPORTED,"0001,0026,01C3",SUPPORTED,04B5
SCN_10214103_00740000_0034,SCENARIO,scenario_message,DATA/10214103.MDZ,DATA/10214103.MDT,0x00740000,10214103,33,0x004d4c10,0x004d4c0b,86 c2 86 c2 46 21 95 9a 46 0d ff 00,こんこん…、っと…,똑똑… 어…,UNASSIGNED,ユウキ,"[{""offset"":-5,""raw_hex"":""02 0e 00 01 00"",""kind"":""MESSAGE_HEADER"",""opcode"":2,""argument"":1},{""offset"":9,""raw_hex"":""0d ff 00"",""kind"":""MESSAGE_END""}]",REVIEW_1,NO,CHARACTER_GUIDE v0.1 적용. context-v1 복원 원문 1차 번역.,SUPPORTED: structured scenario command; header FACE slot maps to face_yuuki_02; runtime display not yet checked. PROVEN: byte-identical source command exists at the same path and offsets on Disc 2. SUPPORTED: context-v1 glyph 복원; 런타임 원문 검증 전. TERM: 버스피어·파스·도박장.,こんこん<G0026><G0001>っと<G0026>,SUPPORTED,"0001,0026",NONE,
SCN_10214103_00740000_0035,SCENARIO,scenario_message,DATA/10214103.MDZ,DATA/10214103.MDT,0x00740000,10214103,34,0x004d4cbc,0x004d4cb7,75 95 46 21 94 7f 77 b0 8c 43 08 87 95 21 87 b3 c2 9c 88 77 08 9c c2 99 b4 9c 77 99 8c 43 0d ff 00,"あっ…、ちがいます！
ごっ、ごめんなさい
なんでもないです！","아… 아니에요!
죄, 죄송합니다
아무것도 아니에요!",UNASSIGNED,ユウキ,"[{""offset"":-5,""raw_hex"":""02 0e 00 06 00"",""kind"":""MESSAGE_HEADER"",""opcode"":2,""argument"":6},{""offset"":10,""raw_hex"":""08"",""kind"":""LINE_BREAK""},{""offset"":20,""raw_hex"":""08"",""kind"":""LINE_BREAK""},{""offset"":30,""raw_hex"":""0d ff 00"",""kind"":""MESSAGE_END""}]",REVIEW_1,NO,CHARACTER_GUIDE v0.1 적용. context-v1 복원 원문 1차 번역.,SUPPORTED: structured scenario command; header FACE slot maps to face_yuuki_07; runtime display not yet checked. PROVEN: byte-identical source command exists at the same path and offsets on Disc 2. SUPPORTED: context-v1 glyph 복원; 런타임 원문 검증 전. TERM: 버스피어·파스·도박장.,"あっ<G0026><G0001>ちがいます！
ごっ<G0001>ごめんなさい
なんでもないです！",SUPPORTED,"0001,0026",NONE,
SCN_10214103_00740000_0037,SCENARIO,scenario_message,DATA/10214103.MDZ,DATA/10214103.MDT,0x00740000,10214103,36,0x004d4de3,0x004d4dde,77 bf c2 9c d7 f0 7f 86 a0 3b f2 c5 f0 9d 08 98 f5 b0 95 98 77 95 92 c2 93 46 08 c4 3d f0 26 f0 c5 eb b4 21 90 a0 51 d7 f0 46 93 9c 0d ff 00,"いろんな人がこの部屋に
泊まっていったんだ…
アルフィナも、その1人…だな","여러 사람이 이 방에
묵고 갔어…
알피나도 그중 한 명…이지.",UNASSIGNED,ユウキ,"[{""offset"":-5,""raw_hex"":""02 0e 00 02 00"",""kind"":""MESSAGE_HEADER"",""opcode"":2,""argument"":2},{""offset"":14,""raw_hex"":""08"",""kind"":""LINE_BREAK""},{""offset"":26,""raw_hex"":""08"",""kind"":""LINE_BREAK""},{""offset"":44,""raw_hex"":""0d ff 00"",""kind"":""MESSAGE_END""}]",REVIEW_1,NO,CHARACTER_GUIDE v0.1 적용. context-v1 복원 원문 1차 번역.,SUPPORTED: structured scenario command; header FACE slot maps to face_yuuki_03; runtime display not yet checked. PROVEN: byte-identical source command exists at the same path and offsets on Disc 2. SUPPORTED: context-v1 glyph 복원; 런타임 원문 검증 전. TERM: 버스피어·파스·도박장.,"いろんな人がこの部<G0175>に
<G0558>まっていったんだ<G0026>
アルフィナも<G0001>その1人<G0026>だな",SUPPORTED,"0001,0026,0175,0558",NONE,
SCN_10214103_00740000_0039,SCENARIO,scenario_message,DATA/10214103.MDZ,DATA/10214103.MDT,0x00740000,10214103,38,0x004d4ebb,0x004d4eb6,46 86 a0 ea c4 a0 dd f2 86 79 7e bb 08 c8 f5 86 7b 98 82 bd 62 f0 31 f3 46 08 9b 95 7e 99 c8 f5 77 92 86 9a 7f 46 0d ff 00,"…このドアの向こうから
聞こえてくる大声…
どっかで聞いたことが…","…이 문 너머에서
들려오는 큰 목소리…
어디선가 들어 본 적이…",UNASSIGNED,ユウキ,"[{""offset"":-5,""raw_hex"":""02 0e 00 06 00"",""kind"":""MESSAGE_HEADER"",""opcode"":2,""argument"":6},{""offset"":12,""raw_hex"":""08"",""kind"":""LINE_BREAK""},{""offset"":25,""raw_hex"":""08"",""kind"":""LINE_BREAK""},{""offset"":38,""raw_hex"":""0d ff 00"",""kind"":""MESSAGE_END""}]",REVIEW_1,NO,CHARACTER_GUIDE v0.1 적용. context-v1 복원 원문 1차 번역.,SUPPORTED: structured scenario command; header FACE slot maps to face_yuuki_07; runtime display not yet checked. PROVEN: byte-identical source command exists at the same path and offsets on Disc 2. SUPPORTED: context-v1 glyph 복원; 런타임 원문 검증 전. TERM: 버스피어·파스·도박장.,"<G0026>このドアの向こうから
聞こえてくる大<G0351><G0026>
どっかで聞いたことが<G0026>",SUPPORTED,"0026,0351",NONE,
SCN_10214103_00740000_0040,SCENARIO,scenario_message,DATA/10214103.MDZ,DATA/10214103.MDT,0x00740000,10214103,39,0x004d500b,0x004d5006,86 a0 d9 34 f0 d1 9d b3 f2 bd b6 f4 77 31 f3 46 08 9b 95 7e 99 c8 f5 77 92 86 9a 7f 46 08 81 f0 93 95 84 46 44 0d ff 00,"このシャクに触る笑い声…
どっかで聞いたことが…
誰だっけ…？","이 신경을 긁는 웃음소리…
어디선가 들어 본 적이…
누구였더라…?",UNASSIGNED,ユウキ,"[{""offset"":-5,""raw_hex"":""02 0e 00 05 00"",""kind"":""MESSAGE_HEADER"",""opcode"":2,""argument"":5},{""offset"":16,""raw_hex"":""08"",""kind"":""LINE_BREAK""},{""offset"":29,""raw_hex"":""08"",""kind"":""LINE_BREAK""},{""offset"":37,""raw_hex"":""0d ff 00"",""kind"":""MESSAGE_END""}]",REVIEW_1,NO,CHARACTER_GUIDE v0.1 적용. context-v1 복원 원문 1차 번역.,SUPPORTED: structured scenario command; header FACE slot maps to face_yuuki_06; runtime display not yet checked. PROVEN: byte-identical source command exists at the same path and offsets on Disc 2. SUPPORTED: context-v1 glyph 복원; 런타임 원문 검증 전. TERM: 버스피어·파스·도박장.,"このシャクに触る<G04A6>い<G0351><G0026>
どっかで聞いたことが<G0026>
誰だっけ<G0026>？",SUPPORTED,"0026,0351,04A6",NONE,
SCN_10214103_00740000_0041,SCENARIO,scenario_message,DATA/10214103.MDZ,DATA/10214103.MDT,0x00740000,10214103,40,0x004d51ad,0x004d51a8,86 be 95 98 99 f1 7b f0 08 24 f0 c4 3a f0 cd 46 21 93 ba 9c 44 08 2c f0 3a f0 e9 26 f5 70 f0 c0 bb 8d 93 9c 46 0d ff 00,"これって多分
ビアンカ…、だよな？
ホント相変わらずだな…","이건 아마
비앙카… 맞지?
정말 여전하네…",UNASSIGNED,ユウキ,"[{""offset"":-5,""raw_hex"":""02 0e 00 08 00"",""kind"":""MESSAGE_HEADER"",""opcode"":2,""argument"":8},{""offset"":8,""raw_hex"":""08"",""kind"":""LINE_BREAK""},{""offset"":21,""raw_hex"":""08"",""kind"":""LINE_BREAK""},{""offset"":37,""raw_hex"":""0d ff 00"",""kind"":""MESSAGE_END""}]",REVIEW_1,NO,CHARACTER_GUIDE v0.1 적용. context-v1 복원 원문 1차 번역.,SUPPORTED: structured scenario command; header FACE slot maps to face_yuuki_09; runtime display not yet checked. PROVEN: byte-identical source command exists at the same path and offsets on Disc 2. SUPPORTED: context-v1 glyph 복원; 런타임 원문 검증 전. TERM: 버스피어·파스·도박장.,"これって多分
ビアンカ<G0026><G0001>だよな？
ホント<G04E6>変わらずだな<G0026>",SUPPORTED,"0001,0026,04E6",NONE,
SCN_10214103_00740000_0042,SCENARIO,scenario_message,DATA/10214103.MDZ,DATA/10214103.MDT,0x00740000,10214103,41,0x004d528d,0x004d5288,7b 95 21 c4 3d f0 26 f0 c5 eb 08 25 f0 c4 ef 9c c2 98 48 f1 84 bd a0 44 0d ff 00,"えっ、アルフィナ
ピアノなんて弾けるの？","어, 알피나
피아노도 칠 줄 알아?",UNASSIGNED,ユウキ,"[{""offset"":-5,""raw_hex"":""02 0e 00 06 00"",""kind"":""MESSAGE_HEADER"",""opcode"":2,""argument"":6},{""offset"":10,""raw_hex"":""08"",""kind"":""LINE_BREAK""},{""offset"":24,""raw_hex"":""0d ff 00"",""kind"":""MESSAGE_END""}]",REVIEW_1,NO,CHARACTER_GUIDE v0.1 적용. context-v1 복원 원문 1차 번역.,SUPPORTED: structured scenario command; header FACE slot maps to face_yuuki_07; runtime display not yet checked. PROVEN: byte-identical source command exists at the same path and offsets on Disc 2. SUPPORTED: context-v1 glyph 복원; 런타임 원문 검증 전. TERM: 버스피어·파스·도박장.,"えっ<G0001>アルフィナ
ピアノなんて弾けるの？",SUPPORTED,0001,NONE,
SCN_10214103_00740000_0043,SCENARIO,scenario_message,DATA/10214103.MDZ,DATA/10214103.MDT,0x00740000,10214103,42,0x004d5386,0x004d5381,46 90 be 95 98 9b c2 9c 28 f1 93 95 92 a0 44 0d ff 00,…それってどんな曲だったの？,…그건 어떤 곡이었어?,UNASSIGNED,ミランダ,"[{""offset"":-5,""raw_hex"":""22 0e 00 1e 00"",""kind"":""MESSAGE_HEADER"",""opcode"":34,""argument"":30},{""offset"":15,""raw_hex"":""0d ff 00"",""kind"":""MESSAGE_END""}]",REVIEW_1,NO,CHARACTER_GUIDE v0.1 적용. context-v1 복원 원문 1차 번역.,SUPPORTED: structured scenario command; header FACE slot maps to face_miranda_05; runtime display not yet checked. PROVEN: byte-identical source command exists at the same path and offsets on Disc 2. SUPPORTED: context-v1 glyph 복원; 런타임 원문 검증 전. TERM: 버스피어·파스·도박장.,<G0026>それってどんな曲だったの？,SUPPORTED,0026,NONE,
SCN_10214103_00740000_0044,SCENARIO,scenario_message,DATA/10214103.MDZ,DATA/10214103.MDT,0x00740000,10214103,43,0x004d545a,0x004d5455,25 f0 c4 ef 9c c2 7e 21 ae c2 b6 bc 08 6d f8 b3 98 98 b4 8a b9 79 7f 9c 77 7e 46 0d ff 00,"ピアノなんか、ぼんやり
眺めててもしょうがないか…","피아노나 멍하니
바라보고 있어 봐야 소용없나…",UNASSIGNED,ユウキ,"[{""offset"":-5,""raw_hex"":""02 0e 00 05 00"",""kind"":""MESSAGE_HEADER"",""opcode"":2,""argument"":5},{""offset"":12,""raw_hex"":""08"",""kind"":""LINE_BREAK""},{""offset"":27,""raw_hex"":""0d ff 00"",""kind"":""MESSAGE_END""}]",REVIEW_1,NO,CHARACTER_GUIDE v0.1 적용. context-v1 복원 원문 1차 번역.,SUPPORTED: structured scenario command; header FACE slot maps to face_yuuki_06; runtime display not yet checked. PROVEN: byte-identical source command exists at the same path and offsets on Disc 2. SUPPORTED: context-v1 glyph 복원; 런타임 원문 검증 전. TERM: 버스피어·파스·도박장.,"ピアノなんか<G0001>ぼんやり
<G079D>めててもしょうがないか<G0026>",SUPPORTED,"0001,0026",SUPPORTED,079D
SCN_10214103_00740000_0045,SCENARIO,scenario_message,DATA/10214103.MDZ,DATA/10214103.MDT,0x00740000,10214103,44,0x004d54af,0x004d54aa,86 be 21 77 82 bb 83 bb 77 08 8c bd c2 93 bf 46 21 9c c2 7e d6 f1 90 79 9c 08 e7 c5 47 cd e4 28 f0 93 9c 46 0d ff 00,"これ、いくらぐらい
するんだろ…、なんか高そうな
ティーカップだな…","이거 얼마쯤
할까… 왠지 비싸 보이는
찻잔이네…",UNASSIGNED,ユウキ,"[{""offset"":-5,""raw_hex"":""02 0e 00 0b 00"",""kind"":""MESSAGE_HEADER"",""opcode"":2,""argument"":11},{""offset"":9,""raw_hex"":""08"",""kind"":""LINE_BREAK""},{""offset"":25,""raw_hex"":""08"",""kind"":""LINE_BREAK""},{""offset"":36,""raw_hex"":""0d ff 00"",""kind"":""MESSAGE_END""}]",REVIEW_1,NO,CHARACTER_GUIDE v0.1 적용. context-v1 복원 원문 1차 번역.,SUPPORTED: structured scenario command; header FACE slot maps to face_yuuki_12; runtime display not yet checked. PROVEN: byte-identical source command exists at the same path and offsets on Disc 2. SUPPORTED: context-v1 glyph 복원; 런타임 원문 검증 전. TERM: 버스피어·파스·도박장.,"これ<G0001>いくらぐらい
するんだろ<G0026><G0001>なんか高そうな
ティーカップだな<G0026>",SUPPORTED,"0001,0026",NONE,
SCN_10214103_00740000_0046,SCENARIO,scenario_message,DATA/10214103.MDZ,DATA/10214103.MDT,0x00740000,10214103,45,0x004d5522,0x004d551d,a1 a1 46 21 cc 3e f0 a1 bd f3 9d 08 d9 f3 52 f5 8a 94 b5 95 98 e2 32 f0 90 79 93 9c 08 86 c2 9c d6 f1 c2 f3 dd f1 46 0d ff 00,"はは…、オレは先に
緊張しちゃってダメそうだな
こんな高級品…","하하… 나는 먼저
긴장해서 안 될 것 같네
이런 고급품 앞에서는…",UNASSIGNED,ユウキ,"[{""offset"":-5,""raw_hex"":""02 0e 00 08 00"",""kind"":""MESSAGE_HEADER"",""opcode"":2,""argument"":8},{""offset"":11,""raw_hex"":""08"",""kind"":""LINE_BREAK""},{""offset"":28,""raw_hex"":""08"",""kind"":""LINE_BREAK""},{""offset"":39,""raw_hex"":""0d ff 00"",""kind"":""MESSAGE_END""}]",REVIEW_1,NO,CHARACTER_GUIDE v0.1 적용. context-v1 복원 원문 1차 번역.,SUPPORTED: structured scenario command; header FACE slot maps to face_yuuki_09; runtime display not yet checked. PROVEN: byte-identical source command exists at the same path and offsets on Disc 2. SUPPORTED: context-v1 glyph 복원; 런타임 원문 검증 전. TERM: 버스피어·파스·도박장.,"はは<G0026><G0001>オレは<G03DD>に
<G03F9><G0512>しちゃってダメそうだな
こんな高級品<G0026>",SUPPORTED,"0001,0026,03F9",SUPPORTED,"03DD,0512"
SCN_10214103_00740000_0047,SCENARIO,scenario_message,DATA/10214103.MDZ,DATA/10214103.MDT,0x00740000,10214103,46,0x004d556c,0x004d5567,d6 f1 90 79 9c e7 c5 47 cd e4 28 f0 7f 08 cf f0 77 98 75 bd 46 08 86 86 99 87 a8 f5 21 c3 f4 ab bd 9a 80 08 74 f0 79 a0 7e 9c 44 0d ff 00,"高そうなティーカップが
置いてある…
ここでご飯、食べるとき
使うのかな？","비싸 보이는 찻잔이
놓여 있어…
여기서 식사할 때
쓰는 걸까?",UNASSIGNED,ユウキ,"[{""offset"":-5,""raw_hex"":""02 0e 00 0b 00"",""kind"":""MESSAGE_HEADER"",""opcode"":2,""argument"":11},{""offset"":13,""raw_hex"":""08"",""kind"":""LINE_BREAK""},{""offset"":21,""raw_hex"":""08"",""kind"":""LINE_BREAK""},{""offset"":35,""raw_hex"":""08"",""kind"":""LINE_BREAK""},{""offset"":43,""raw_hex"":""0d ff 00"",""kind"":""MESSAGE_END""}]",REVIEW_1,NO,CHARACTER_GUIDE v0.1 적용. context-v1 복원 원문 1차 번역.,SUPPORTED: structured scenario command; header FACE slot maps to face_yuuki_12; runtime display not yet checked. PROVEN: byte-identical source command exists at the same path and offsets on Disc 2. SUPPORTED: context-v1 glyph 복원; 런타임 원문 검증 전. TERM: 버스피어·파스·도박장.,"高そうなティーカップが
置いてある<G0026>
ここでご<G0568><G0001>食べるとき
使うのかな？",SUPPORTED,"0001,0026,0568",NONE,
SCN_10214103_00740000_0048,SCENARIO,scenario_message,DATA/10214103.MDZ,DATA/10214103.MDT,0x00740000,10214103,47,0x004d55cb,0x004d55c6,d6 f1 90 79 9c e7 c5 47 cd e4 28 f0 93 9c 46 08 86 be 21 77 82 bb 83 bb 77 8c bd c2 93 bf 0d ff 00,"高そうなティーカップだな…
これ、いくらぐらいするんだろ","비싸 보이는 찻잔이네…
이거 얼마쯤 할까?",UNASSIGNED,ユウキ,"[{""offset"":-5,""raw_hex"":""02 0e 00 01 00"",""kind"":""MESSAGE_HEADER"",""opcode"":2,""argument"":1},{""offset"":15,""raw_hex"":""08"",""kind"":""LINE_BREAK""},{""offset"":30,""raw_hex"":""0d ff 00"",""kind"":""MESSAGE_END""}]",REVIEW_1,NO,CHARACTER_GUIDE v0.1 적용. context-v1 복원 원문 1차 번역.,SUPPORTED: structured scenario command; header FACE slot maps to face_yuuki_02; runtime display not yet checked. PROVEN: byte-identical source command exists at the same path and offsets on Disc 2. SUPPORTED: context-v1 glyph 복원; 런타임 원문 검증 전. TERM: 버스피어·파스·도박장.,"高そうなティーカップだな<G0026>
これ<G0001>いくらぐらいするんだろ",SUPPORTED,"0001,0026",NONE,
SCN_10214103_00740000_0050,SCENARIO,scenario_message,DATA/10214103.MDZ,DATA/10214103.MDT,0x00740000,10214103,49,0x004d5646,0x004d5641,b0 74 9f 46 21 77 be b4 c2 a4 9a 96 99 08 53 50 50 50 60 9c c2 98 46 08 cc 3e f0 9d a1 44 f6 c4 f1 99 80 9c 77 9c 0d ff 00,"まぁね…、いれもんひとつで
2000Gなんて…
オレには理解できないな","그렇긴 하지… 그릇 하나가
2000G라니…
나는 이해할 수가 없네.",UNASSIGNED,ユウキ,"[{""offset"":-5,""raw_hex"":""02 0e 00 08 00"",""kind"":""MESSAGE_HEADER"",""opcode"":2,""argument"":8},{""offset"":13,""raw_hex"":""08"",""kind"":""LINE_BREAK""},{""offset"":23,""raw_hex"":""08"",""kind"":""LINE_BREAK""},{""offset"":38,""raw_hex"":""0d ff 00"",""kind"":""MESSAGE_END""}]",REVIEW_1,NO,CHARACTER_GUIDE v0.1 적용. context-v1 복원 원문 1차 번역.,SUPPORTED: structured scenario command; header FACE slot maps to face_yuuki_09; runtime display not yet checked. PROVEN: byte-identical source command exists at the same path and offsets on Disc 2. SUPPORTED: context-v1 glyph 복원; 런타임 원문 검증 전. TERM: 버스피어·파스·도박장.,"ま<G0054>ね<G0026><G0001>いれもんひとつで
<G0033>000<G0040>なんて<G0026>
オレには<G05D4>解できないな",SUPPORTED,"0001,0026,0033,0054,05D4",SUPPORTED,0040
SCN_10214103_00740000_0051,SCENARIO,scenario_message,DATA/10214103.MDZ,DATA/10214103.MDT,0x00740000,10214103,50,0x004d568f,0x004d568a,86 be 7f 53 50 50 50 60 46 08 86 a0 e7 c5 47 cd e4 28 f0 a4 9a 96 99 08 54 f1 bf f1 e7 f3 a0 ca 3a f0 da 3a f0 7f 08 82 f0 7b bd a0 7e 46 0d ff 00,"これが2000G…
このティーカップひとつで
最新型のエンジンが
買えるのか…","이게 2000G…
이 찻잔 하나면
최신형 엔진을
살 수 있겠네…",UNASSIGNED,ユウキ,"[{""offset"":-5,""raw_hex"":""02 0e 00 08 00"",""kind"":""MESSAGE_HEADER"",""opcode"":2,""argument"":8},{""offset"":9,""raw_hex"":""08"",""kind"":""LINE_BREAK""},{""offset"":23,""raw_hex"":""08"",""kind"":""LINE_BREAK""},{""offset"":38,""raw_hex"":""08"",""kind"":""LINE_BREAK""},{""offset"":46,""raw_hex"":""0d ff 00"",""kind"":""MESSAGE_END""}]",REVIEW_1,NO,CHARACTER_GUIDE v0.1 적용. context-v1 복원 원문 1차 번역.,SUPPORTED: structured scenario command; header FACE slot maps to face_yuuki_09; runtime display not yet checked. PROVEN: byte-identical source command exists at the same path and offsets on Disc 2. SUPPORTED: context-v1 glyph 복원; 런타임 원문 검증 전. TERM: 버스피어·파스·도박장.,"これが<G0033>000<G0040><G0026>
このティーカップひとつで
<G01D4><G023F>型のエンジンが
<G0132>えるのか<G0026>",SUPPORTED,"0026,0033,0132,01D4,023F",SUPPORTED,0040
SCN_10214103_00740000_0052,SCENARIO,scenario_message,DATA/10214103.MDZ,DATA/10214103.MDT,0x00740000,10214103,51,0x004d56e7,0x004d56e2,c4 3d f0 26 f0 c5 eb 46 08 af f5 be 98 bd c2 93 bf 79 9c 08 7d 98 f2 99 b4 67 f3 c2 99 08 db f2 9e f0 21 bf f3 b3 98 98 82 be ba 46 0d ff 00,"アルフィナ…
疲れてるんだろうな
お茶でも飲んで
身体、休めててくれよ…","알피나…
지쳤겠지
차라도 마시면서
몸을 쉬게 해…",UNASSIGNED,ユウキ,"[{""offset"":-5,""raw_hex"":""02 0e 00 05 00"",""kind"":""MESSAGE_HEADER"",""opcode"":2,""argument"":5},{""offset"":8,""raw_hex"":""08"",""kind"":""LINE_BREAK""},{""offset"":19,""raw_hex"":""08"",""kind"":""LINE_BREAK""},{""offset"":29,""raw_hex"":""08"",""kind"":""LINE_BREAK""},{""offset"":44,""raw_hex"":""0d ff 00"",""kind"":""MESSAGE_END""}]",REVIEW_1,NO,CHARACTER_GUIDE v0.1 적용. context-v1 복원 원문 1차 번역.,SUPPORTED: structured scenario command; header FACE slot maps to face_yuuki_06; runtime display not yet checked. PROVEN: byte-identical source command exists at the same path and offsets on Disc 2. SUPPORTED: context-v1 glyph 복원; 런타임 원문 검증 전. TERM: 버스피어·파스·도박장.,"アルフィナ<G0026>
<G056F>れてるんだろうな
お<G02E8>でも飲んで
身体<G0001><G03DF>めててくれよ<G0026>",SUPPORTED,"0001,0026,03DF,056F",SUPPORTED,02E8
SCN_10214103_00740000_0059,SCENARIO,scenario_message,DATA/10214103.MDZ,DATA/10214103.MDT,0x00740000,10214103,58,0x004d5d55,0x004d5d50,a1 a1 95 46 21 c8 3d f0 08 8c 87 77 d2 f4 77 99 c3 f4 ab 94 f2 b3 92 9c 46 0d ff 00,"ははっ…、ウル
すごい勢いで食べ始めたな…","하핫… 울
엄청난 기세로 먹기 시작했네…",UNASSIGNED,ユウキ,"[{""offset"":-5,""raw_hex"":""02 0e 00 08 00"",""kind"":""MESSAGE_HEADER"",""opcode"":2,""argument"":8},{""offset"":8,""raw_hex"":""08"",""kind"":""LINE_BREAK""},{""offset"":25,""raw_hex"":""0d ff 00"",""kind"":""MESSAGE_END""}]",REVIEW_1,NO,CHARACTER_GUIDE v0.1 적용. context-v1 복원 원문 1차 번역.,SUPPORTED: structured scenario command; header FACE slot maps to face_yuuki_09; runtime display not yet checked. PROVEN: byte-identical source command exists at the same path and offsets on Disc 2. SUPPORTED: context-v1 glyph 복원; 런타임 원문 검증 전. TERM: 버스피어·파스·도박장.,"ははっ<G0026><G0001>ウル
すごい<G04C2>いで食べ<G02E4>めたな<G0026>",SUPPORTED,"0001,0026,02E4,04C2",NONE,
SCN_10214103_00740000_0060,SCENARIO,scenario_message,DATA/10214103.MDZ,DATA/10214103.MDT,0x00740000,10214103,59,0x004d5dd9,0x004d5dd4,46 87 b3 c2 08 77 b6 88 46 21 c4 3d f0 26 f0 c5 eb 08 3e f2 bb f0 9d 9c 95 98 ba 7e 95 92 9c 46 08 95 98 46 0d ff 00,"…ごめん
いやさ…、アルフィナ
元気になってよかったな…
って…","…미안
그게… 알피나가
기운을 차려서 다행이라고
말하려던 거야…",UNASSIGNED,ユウキ,"[{""offset"":-5,""raw_hex"":""02 0e 00 02 00"",""kind"":""MESSAGE_HEADER"",""opcode"":2,""argument"":2},{""offset"":4,""raw_hex"":""08"",""kind"":""LINE_BREAK""},{""offset"":17,""raw_hex"":""08"",""kind"":""LINE_BREAK""},{""offset"":32,""raw_hex"":""08"",""kind"":""LINE_BREAK""},{""offset"":36,""raw_hex"":""0d ff 00"",""kind"":""MESSAGE_END""}]",REVIEW_1,NO,CHARACTER_GUIDE v0.1 적용. context-v1 복원 원문 1차 번역.,SUPPORTED: structured scenario command; header FACE slot maps to face_yuuki_03; runtime display not yet checked. PROVEN: byte-identical source command exists at the same path and offsets on Disc 2. SUPPORTED: context-v1 glyph 복원; 런타임 원문 검증 전. TERM: 버스피어·파스·도박장.,"<G0026>ごめん
いやさ<G0026><G0001>アルフィナ
元気になってよかったな<G0026>
って<G0026>",SUPPORTED,"0001,0026",NONE,
SCN_10214103_00740000_0062,SCENARIO,scenario_message,DATA/10214103.MDZ,DATA/10214103.MDT,0x00740000,10214103,61,0x004d5ee1,0x004d5edc,90 79 77 7b a2 c4 3d f0 26 f0 c5 eb 46 08 86 a0 b5 f0 7f e3 f1 c0 95 92 bb 08 9b 79 8c bd a0 44 21 9b f1 3b f2 08 79 b0 77 78 f0 a3 f1 9d c4 f1 20 f4 8a 92 bb 88 43 0d ff 00,"そういえばアルフィナ…
この旅が終わったら
どうするの？、全部
うまい具合に解決したらさ！","그러고 보니 알피나…
이 여행이 끝나면
어떻게 할 거야? 모든 일이
잘 해결된다면 말이야!",UNASSIGNED,ユウキ,"[{""offset"":-5,""raw_hex"":""02 0e 00 02 00"",""kind"":""MESSAGE_HEADER"",""opcode"":2,""argument"":2},{""offset"":13,""raw_hex"":""08"",""kind"":""LINE_BREAK""},{""offset"":25,""raw_hex"":""08"",""kind"":""LINE_BREAK""},{""offset"":37,""raw_hex"":""08"",""kind"":""LINE_BREAK""},{""offset"":55,""raw_hex"":""0d ff 00"",""kind"":""MESSAGE_END""}]",REVIEW_1,NO,CHARACTER_GUIDE v0.1 적용. context-v1 복원 원문 1차 번역.,SUPPORTED: structured scenario command; header FACE slot maps to face_yuuki_03; runtime display not yet checked. PROVEN: byte-identical source command exists at the same path and offsets on Disc 2. SUPPORTED: context-v1 glyph 복원; 런타임 원문 검증 전. TERM: 버스피어·파스·도박장.,"そういえばアルフィナ<G0026>
この旅が<G0263>わったら
どうするの？<G0001>全部
うまい具合に解<G0410>したらさ！",SUPPORTED,"0001,0026,0263,0410",NONE,
SCN_10214103_00740000_0063,SCENARIO,scenario_message,DATA/10214103.MDZ,DATA/10214103.MDT,0x00740000,10214103,62,0x004d6054,0x004d604f,c4 3d f0 26 f0 c5 eb a0 22 f0 3a f0 c5 f0 88 c2 7e 46 08 90 c2 9c 7d 69 f5 75 95 92 bb 08 cc 3e f0 21 2e f3 95 94 b5 79 9c 46 0d ff 00,"アルフィナのパン屋さんか…
そんなお店あったら
オレ、通っちゃうな…","알피나의 빵집인가…
그런 가게가 있다면
나 매일 다닐 텐데…",UNASSIGNED,ユウキ,"[{""offset"":-5,""raw_hex"":""02 0e 00 02 00"",""kind"":""MESSAGE_HEADER"",""opcode"":2,""argument"":2},{""offset"":18,""raw_hex"":""08"",""kind"":""LINE_BREAK""},{""offset"":29,""raw_hex"":""08"",""kind"":""LINE_BREAK""},{""offset"":42,""raw_hex"":""0d ff 00"",""kind"":""MESSAGE_END""}]",REVIEW_1,NO,CHARACTER_GUIDE v0.1 적용. context-v1 복원 원문 1차 번역.,SUPPORTED: structured scenario command; header FACE slot maps to face_yuuki_03; runtime display not yet checked. PROVEN: byte-identical source command exists at the same path and offsets on Disc 2. SUPPORTED: context-v1 glyph 복원; 런타임 원문 검증 전. TERM: 버스피어·파스·도박장.,"アルフィナのパン<G0175>さんか<G0026>
そんなお<G0529>あったら
オレ<G0001>通っちゃうな<G0026>",SUPPORTED,"0001,0026,0175,0529",NONE,
SCN_10214103_00740000_0066,SCENARIO,scenario_message,DATA/10214103.MDZ,DATA/10214103.MDT,0x00740000,10214103,65,0x004d61aa,0x004d61a5,62 f0 e0 f0 9c 99 f2 a0 4d f5 ca f2 c1 21 c3 f4 da f0 dc f2 9d 08 84 f4 79 c0 84 9d a1 77 7e 9c 77 7e bb 9c 08 a9 f4 7e 95 98 2c f0 3a f0 e9 71 f1 7e 95 92 46 0d ff 00,"大切な空の仲間を、食事中に
失うわけにはいかないからな
助かってホント良かった…","소중한 하늘의 동료를 식사 중에
잃을 수는 없으니까
살아서 정말 다행이야…",UNASSIGNED,ユウキ,"[{""offset"":-5,""raw_hex"":""02 0e 00 08 00"",""kind"":""MESSAGE_HEADER"",""opcode"":2,""argument"":8},{""offset"":21,""raw_hex"":""08"",""kind"":""LINE_BREAK""},{""offset"":36,""raw_hex"":""08"",""kind"":""LINE_BREAK""},{""offset"":53,""raw_hex"":""0d ff 00"",""kind"":""MESSAGE_END""}]",REVIEW_1,NO,CHARACTER_GUIDE v0.1 적용. context-v1 복원 원문 1차 번역.,SUPPORTED: structured scenario command; header FACE slot maps to face_yuuki_09; runtime display not yet checked. PROVEN: byte-identical source command exists at the same path and offsets on Disc 2. SUPPORTED: context-v1 glyph 복원; 런타임 원문 검증 전. TERM: 버스피어·파스·도박장.,"大切な空の仲間を<G0001>食事中に
<G0474>うわけにはいかないからな
<G0499>かってホント良かった<G0026>",SUPPORTED,"0001,0026,0474,0499",NONE,
SCN_10214103_00740000_0068,SCENARIO,scenario_message,DATA/10214103.MDZ,DATA/10214103.MDT,0x00740000,10214103,67,0x004d62c5,0x004d62c0,9c 74 c8 3d f0 21 7b f0 7e bd 93 bf 44 08 db f2 9e f0 9d b0 9a c0 bc 96 82 3c f2 c1 08 26 f0 3d f0 db 25 f0 47 ea 99 08 41 f3 bc e0 f0 95 92 2c f1 9d 75 bd 30 f2 50 f2 46 0d ff 00,"なぁウル、分かるだろ？
身体にまとわりつく雲を
フルスピードで
振り切った先にある太陽…","그렇지, 울? 알겠지?
몸에 달라붙는 구름을
최고 속도로
뿌리치고 나면 보이는 태양…",UNASSIGNED,ユウキ,"[{""offset"":-5,""raw_hex"":""02 0e 00 02 00"",""kind"":""MESSAGE_HEADER"",""opcode"":2,""argument"":2},{""offset"":13,""raw_hex"":""08"",""kind"":""LINE_BREAK""},{""offset"":28,""raw_hex"":""08"",""kind"":""LINE_BREAK""},{""offset"":39,""raw_hex"":""08"",""kind"":""LINE_BREAK""},{""offset"":57,""raw_hex"":""0d ff 00"",""kind"":""MESSAGE_END""}]",REVIEW_1,NO,CHARACTER_GUIDE v0.1 적용. context-v1 복원 원문 1차 번역.,SUPPORTED: structured scenario command; header FACE slot maps to face_yuuki_03; runtime display not yet checked. PROVEN: byte-identical source command exists at the same path and offsets on Disc 2. SUPPORTED: context-v1 glyph 복원; 런타임 원문 검증 전. TERM: 버스피어·파스·도박장.,"な<G0054>ウル<G0001>分かるだろ？
身体にまとわりつく雲を
フルスピードで
振り切った先にある太陽<G0026>",SUPPORTED,"0001,0026,0054",NONE,
SCN_10214103_00740000_0069,SCENARIO,scenario_message,DATA/10214103.MDZ,DATA/10214103.MDT,0x00740000,10214103,68,0x004d6363,0x004d635e,b4 8a 7e 8a 98 c4 3d f0 26 f0 c5 eb 08 49 f1 42 f1 af f3 a0 24 f5 72 f8 8a 98 b1 92 77 44 08 d2 f3 5b f0 75 bd a0 44 0d ff 00,"もしかしてアルフィナ
飛行機の操縦してみたい？
興味あるの？","혹시 알피나도
비행기를 조종해 보고 싶어?
관심 있어?",UNASSIGNED,ユウキ,"[{""offset"":-5,""raw_hex"":""02 0e 00 02 00"",""kind"":""MESSAGE_HEADER"",""opcode"":2,""argument"":2},{""offset"":12,""raw_hex"":""08"",""kind"":""LINE_BREAK""},{""offset"":30,""raw_hex"":""08"",""kind"":""LINE_BREAK""},{""offset"":39,""raw_hex"":""0d ff 00"",""kind"":""MESSAGE_END""}]",REVIEW_1,NO,CHARACTER_GUIDE v0.1 적용. context-v1 복원 원문 1차 번역.,SUPPORTED: structured scenario command; header FACE slot maps to face_yuuki_03; runtime display not yet checked. PROVEN: byte-identical source command exists at the same path and offsets on Disc 2. SUPPORTED: context-v1 glyph 복원; 런타임 원문 검증 전. TERM: 버스피어·파스·도박장.,"もしかしてアルフィナ
飛行機の<G04E4><G07A2>してみたい？
<G03F2>味あるの？",SUPPORTED,03F2,SUPPORTED,"04E4,07A2"
SCN_10214103_00740000_0070,SCENARIO,scenario_message,DATA/10214103.MDZ,DATA/10214103.MDT,0x00740000,10214103,69,0x004d63e4,0x004d63df,90 95 7e 46 08 9c bb 77 96 7e 96 f2 7b bd ba 08 90 a0 7e c0 bc 21 80 a5 8a 82 77 82 7e bb 08 6f f0 37 f4 8a 9a 77 98 82 be ba 43 0d ff 00,"そっか…
ならいつか教えるよ
そのかわり、きびしくいくから
覚悟しといてくれよ！","그렇구나…
그럼 언젠가 가르쳐 줄게
대신 엄하게 할 테니까
각오해 둬!",UNASSIGNED,ユウキ,"[{""offset"":-5,""raw_hex"":""02 0e 00 0a 00"",""kind"":""MESSAGE_HEADER"",""opcode"":2,""argument"":10},{""offset"":4,""raw_hex"":""08"",""kind"":""LINE_BREAK""},{""offset"":15,""raw_hex"":""08"",""kind"":""LINE_BREAK""},{""offset"":30,""raw_hex"":""08"",""kind"":""LINE_BREAK""},{""offset"":43,""raw_hex"":""0d ff 00"",""kind"":""MESSAGE_END""}]",REVIEW_1,NO,CHARACTER_GUIDE v0.1 적용. context-v1 복원 원문 1차 번역.,SUPPORTED: structured scenario command; header FACE slot maps to face_yuuki_11; runtime display not yet checked. PROVEN: byte-identical source command exists at the same path and offsets on Disc 2. SUPPORTED: context-v1 glyph 복원; 런타임 원문 검증 전. TERM: 버스피어·파스·도박장.,"そっか<G0026>
ならいつか<G02E6>えるよ
そのかわり<G0001>きびしくいくから
覚<G0427>しといてくれよ！",SUPPORTED,"0001,0026,02E6,0427",NONE,
SCN_10214103_00740000_0071,SCENARIO,scenario_message,DATA/10214103.MDZ,DATA/10214103.MDT,0x00740000,10214103,70,0x004d645f,0x004d645a,aa f4 a0 59 f1 9c a0 9d 49 f1 42 f1 af f3 c1 08 24 f5 72 f8 8a 98 b1 92 77 95 98 46 08 c4 3d f0 26 f0 c5 eb 95 98 21 b6 95 a3 08 94 b9 95 9a 70 f0 c0 95 98 bd ba 9c 0d ff 00,"女の子なのに飛行機を
操縦してみたいって…
アルフィナって、やっぱ
ちょっと変わってるよな","여자아이인데 비행기를
조종해 보고 싶다니…
알피나는 역시
조금 특이하네.",UNASSIGNED,ユウキ,"[{""offset"":-5,""raw_hex"":""02 0e 00 03 00"",""kind"":""MESSAGE_HEADER"",""opcode"":2,""argument"":3},{""offset"":15,""raw_hex"":""08"",""kind"":""LINE_BREAK""},{""offset"":28,""raw_hex"":""08"",""kind"":""LINE_BREAK""},{""offset"":42,""raw_hex"":""08"",""kind"":""LINE_BREAK""},{""offset"":55,""raw_hex"":""0d ff 00"",""kind"":""MESSAGE_END""}]",REVIEW_1,NO,CHARACTER_GUIDE v0.1 적용. context-v1 복원 원문 1차 번역.,SUPPORTED: structured scenario command; header FACE slot maps to face_yuuki_04; runtime display not yet checked. PROVEN: byte-identical source command exists at the same path and offsets on Disc 2. SUPPORTED: context-v1 glyph 복원; 런타임 원문 검증 전. TERM: 버스피어·파스·도박장.,"女の子なのに飛行機を
<G04E4><G07A2>してみたいって<G0026>
アルフィナって<G0001>やっ<G0083>
ちょっと変わってるよな",SUPPORTED,"0001,0026,0083",SUPPORTED,"04E4,07A2"
SCN_10214103_00740000_0072,SCENARIO,scenario_message,DATA/10214103.MDZ,DATA/10214103.MDT,0x00740000,10214103,71,0x004d657f,0x004d657a,9b 79 8c bd 46 08 90 bf 90 bf 42 f1 82 44 0d ff 00,"どうする…
そろそろ行く？","어떻게 할까…
슬슬 갈까?",UNASSIGNED,ユウキ,"[{""offset"":-5,""raw_hex"":""02 0e 00 02 00"",""kind"":""MESSAGE_HEADER"",""opcode"":2,""argument"":2},{""offset"":5,""raw_hex"":""08"",""kind"":""LINE_BREAK""},{""offset"":14,""raw_hex"":""0d ff 00"",""kind"":""MESSAGE_END""}]",REVIEW_1,NO,CHARACTER_GUIDE v0.1 적용. context-v1 복원 원문 1차 번역.,SUPPORTED: structured scenario command; header FACE slot maps to face_yuuki_03; runtime display not yet checked. PROVEN: byte-identical source command exists at the same path and offsets on Disc 2. SUPPORTED: context-v1 glyph 복원; 런타임 원문 검증 전. TERM: 버스피어·파스·도박장.,"どうする<G0026>
そろそろ行く？",SUPPORTED,0026,NONE,
SCN_10214104_00740000_0006,SCENARIO,scenario_message,DATA/10214104.MDZ,DATA/10214104.MDT,0x00740000,10214104,5,0x004d2f6c,0x004d2f67,b6 b3 bd 08 9f f4 98 f5 8c bd 0d ff 00,"やめる
宿泊する","그만둔다
숙박한다",UNASSIGNED,ユウキ,"[{""offset"":-5,""raw_hex"":""02 0e 00 01 00"",""kind"":""MESSAGE_HEADER"",""opcode"":2,""argument"":1},{""offset"":3,""raw_hex"":""08"",""kind"":""LINE_BREAK""},{""offset"":10,""raw_hex"":""0d ff 00"",""kind"":""MESSAGE_END""}]",REVIEW_1,NO,CHARACTER_GUIDE v0.1 적용. context-v1 복원 원문 1차 번역.,SUPPORTED: structured scenario command; header FACE slot maps to face_yuuki_02; runtime display not yet checked. PROVEN: byte-identical source command exists at the same path and offsets on Disc 2. SUPPORTED: context-v1 glyph 복원; 런타임 원문 검증 전. TERM: 버스피어·파스·도박장.,"やめる
宿<G0558>する",SUPPORTED,0558,NONE,
SCN_10214104_00740000_0007,SCENARIO,scenario_message,DATA/10214104.MDZ,DATA/10214104.MDT,0x00740000,10214104,6,0x004d30a8,0x004d30a3,b6 b3 bd 08 9f f4 98 f5 8c bd 0d ff 00,"やめる
宿泊する","그만둔다
숙박한다",UNASSIGNED,ユウキ,"[{""offset"":-5,""raw_hex"":""02 0e 00 01 00"",""kind"":""MESSAGE_HEADER"",""opcode"":2,""argument"":1},{""offset"":3,""raw_hex"":""08"",""kind"":""LINE_BREAK""},{""offset"":10,""raw_hex"":""0d ff 00"",""kind"":""MESSAGE_END""}]",REVIEW_1,NO,CHARACTER_GUIDE v0.1 적용. context-v1 복원 원문 1차 번역.,SUPPORTED: structured scenario command; header FACE slot maps to face_yuuki_02; runtime display not yet checked. PROVEN: byte-identical source command exists at the same path and offsets on Disc 2. SUPPORTED: context-v1 glyph 복원; 런타임 원문 검증 전. TERM: 버스피어·파스·도박장.,"やめる
宿<G0558>する",SUPPORTED,0558,NONE,
SCN_10214104_00740000_0008,SCENARIO,scenario_message,DATA/10214104.MDZ,DATA/10214104.MDT,0x00740000,10214104,7,0x004d30d1,0x004d30cc,ef f2 84 f2 99 7d ce f5 be 93 95 98 86 9a 08 b4 f0 9d 23 f6 95 98 08 30 f0 3b f0 3a f0 e2 9d 2e f4 c0 9c 77 9a 46 0d ff 00,"明日でお別れだってこと
船に戻って
ミランダに言わないと…","내일이면 헤어진다는 걸
배로 돌아가서
미란다에게 말해야 해…",UNASSIGNED,アルフィナ,"[{""offset"":-5,""raw_hex"":""02 0e 00 0c 00"",""kind"":""MESSAGE_HEADER"",""opcode"":2,""argument"":12},{""offset"":14,""raw_hex"":""08"",""kind"":""LINE_BREAK""},{""offset"":22,""raw_hex"":""08"",""kind"":""LINE_BREAK""},{""offset"":38,""raw_hex"":""0d ff 00"",""kind"":""MESSAGE_END""}]",REVIEW_1,NO,CHARACTER_GUIDE v0.1 적용. context-v1 복원 원문 1차 번역.,SUPPORTED: structured scenario command; header FACE slot maps to face_alfina_01; runtime display not yet checked. PROVEN: byte-identical source command exists at the same path and offsets on Disc 2. SUPPORTED: context-v1 glyph 복원; 런타임 원문 검증 전. TERM: 버스피어·파스·도박장.,"<G033F><G02D4>でお別れだってこと
船に戻って
ミランダに<G041E>わないと<G0026>",SUPPORTED,"0026,02D4,033F,041E",NONE,
SCN_10214104_00740000_0009,SCENARIO,scenario_message,DATA/10214104.MDZ,DATA/10214104.MDT,0x00740000,10214104,8,0x004d31e9,0x004d31e4,b6 b3 bd 08 9f f4 98 f5 8c bd 0d ff 00,"やめる
宿泊する","그만둔다
숙박한다",UNASSIGNED,ユウキ,"[{""offset"":-5,""raw_hex"":""02 0e 00 01 00"",""kind"":""MESSAGE_HEADER"",""opcode"":2,""argument"":1},{""offset"":3,""raw_hex"":""08"",""kind"":""LINE_BREAK""},{""offset"":10,""raw_hex"":""0d ff 00"",""kind"":""MESSAGE_END""}]",REVIEW_1,NO,CHARACTER_GUIDE v0.1 적용. context-v1 복원 원문 1차 번역.,SUPPORTED: structured scenario command; header FACE slot maps to face_yuuki_02; runtime display not yet checked. PROVEN: byte-identical source command exists at the same path and offsets on Disc 2. SUPPORTED: context-v1 glyph 복원; 런타임 원문 검증 전. TERM: 버스피어·파스·도박장.,"やめる
宿<G0558>する",SUPPORTED,0558,NONE,
SCN_10214104_00740000_0010,SCENARIO,scenario_message,DATA/10214104.MDZ,DATA/10214104.MDT,0x00740000,10214104,9,0x004d3212,0x004d320d,9c 9d 21 f0 cd 9c 86 9a 2e f4 95 98 c2 a0 ba 43 08 2c f0 3b f0 e4 43 08 df f0 82 21 49 f1 42 f1 af f3 c5 f0 88 c2 a0 9a 86 bf 9d 08 42 f1 82 c0 ba 43 0d ff 00,"なにバカなこと言ってんのよ！
ホラッ！
早く、飛行機屋さんのところに
行くわよ！","무슨 바보 같은 소리를 하는 거야!
자!
어서 비행기 아저씨에게
가자!",UNASSIGNED,アロンソ,"[{""offset"":-5,""raw_hex"":""22 0e 00 24 00"",""kind"":""MESSAGE_HEADER"",""opcode"":34,""argument"":36},{""offset"":16,""raw_hex"":""08"",""kind"":""LINE_BREAK""},{""offset"":23,""raw_hex"":""08"",""kind"":""LINE_BREAK""},{""offset"":43,""raw_hex"":""08"",""kind"":""LINE_BREAK""},{""offset"":50,""raw_hex"":""0d ff 00"",""kind"":""MESSAGE_END""}]",REVIEW_1,NO,CHARACTER_GUIDE v0.1 적용. context-v1 복원 원문 1차 번역.,SUPPORTED: structured scenario command; header FACE slot maps to face_alonso_03; runtime display not yet checked. PROVEN: byte-identical source command exists at the same path and offsets on Disc 2. SUPPORTED: context-v1 glyph 복원; 런타임 원문 검증 전. TERM: 버스피어·파스·도박장.,"なにバカなこと<G041E>ってんのよ！
ホラッ！
早く<G0001>飛行機<G0175>さんのところに
行くわよ！",SUPPORTED,"0001,0175,041E",NONE,
SCN_10214104_00740000_0011,SCENARIO,scenario_message,DATA/10214104.MDZ,DATA/10214104.MDT,0x00740000,10214104,10,0x004d330a,0x004d3305,b6 b3 bd 08 9f f4 98 f5 8c bd 0d ff 00,"やめる
宿泊する","그만둔다
숙박한다",UNASSIGNED,ユウキ,"[{""offset"":-5,""raw_hex"":""02 0e 00 01 00"",""kind"":""MESSAGE_HEADER"",""opcode"":2,""argument"":1},{""offset"":3,""raw_hex"":""08"",""kind"":""LINE_BREAK""},{""offset"":10,""raw_hex"":""0d ff 00"",""kind"":""MESSAGE_END""}]",REVIEW_1,NO,CHARACTER_GUIDE v0.1 적용. context-v1 복원 원문 1차 번역.,SUPPORTED: structured scenario command; header FACE slot maps to face_yuuki_02; runtime display not yet checked. PROVEN: byte-identical source command exists at the same path and offsets on Disc 2. SUPPORTED: context-v1 glyph 복원; 런타임 원문 검증 전. TERM: 버스피어·파스·도박장.,"やめる
宿<G0558>する",SUPPORTED,0558,NONE,
SCN_10214104_00740000_0012,SCENARIO,scenario_message,DATA/10214104.MDZ,DATA/10214104.MDT,0x00740000,10214104,11,0x004d343e,0x004d3439,b6 b3 bd 08 9f f4 98 f5 8c bd 4c c3 f4 da f0 69 f1 80 4d 0d ff 00,"やめる
宿泊する「食事付き」","그만둔다
숙박한다 「식사 포함」",UNASSIGNED,ユウキ,"[{""offset"":-5,""raw_hex"":""02 0e 00 01 00"",""kind"":""MESSAGE_HEADER"",""opcode"":2,""argument"":1},{""offset"":3,""raw_hex"":""08"",""kind"":""LINE_BREAK""},{""offset"":19,""raw_hex"":""0d ff 00"",""kind"":""MESSAGE_END""}]",REVIEW_1,NO,CHARACTER_GUIDE v0.1 적용. context-v1 복원 원문 1차 번역.,SUPPORTED: structured scenario command; header FACE slot maps to face_yuuki_02; runtime display not yet checked. PROVEN: byte-identical source command exists at the same path and offsets on Disc 2. SUPPORTED: context-v1 glyph 복원; 런타임 원문 검증 전. TERM: 버스피어·파스·도박장.,"やめる
宿<G0558>する<G002C>食事付き<G002D>",SUPPORTED,"002C,002D,0558",NONE,
SCN_10214104_00740000_0013,SCENARIO,scenario_message,DATA/10214104.MDZ,DATA/10214104.MDT,0x00740000,10214104,12,0x004d3542,0x004d353d,b6 b3 bd 08 9f f4 98 f5 8c bd 4c c3 f4 da f0 69 f1 80 4d 0d ff 00,"やめる
宿泊する「食事付き」","그만둔다
숙박한다 「식사 포함」",UNASSIGNED,ユウキ,"[{""offset"":-5,""raw_hex"":""02 0e 00 01 00"",""kind"":""MESSAGE_HEADER"",""opcode"":2,""argument"":1},{""offset"":3,""raw_hex"":""08"",""kind"":""LINE_BREAK""},{""offset"":19,""raw_hex"":""0d ff 00"",""kind"":""MESSAGE_END""}]",REVIEW_1,NO,CHARACTER_GUIDE v0.1 적용. context-v1 복원 원문 1차 번역.,SUPPORTED: structured scenario command; header FACE slot maps to face_yuuki_02; runtime display not yet checked. PROVEN: byte-identical source command exists at the same path and offsets on Disc 2. SUPPORTED: context-v1 glyph 복원; 런타임 원문 검증 전. TERM: 버스피어·파스·도박장.,"やめる
宿<G0558>する<G002C>食事付き<G002D>",SUPPORTED,"002C,002D,0558",NONE,
SCN_10214104_00740000_0014,SCENARIO,scenario_message,DATA/10214104.MDZ,DATA/10214104.MDT,0x00740000,10214104,13,0x004d3639,0x004d3634,b6 b3 bd 08 9f f4 98 f5 8c bd 4c c3 f4 da f0 69 f1 80 4d 0d ff 00,"やめる
宿泊する「食事付き」","그만둔다
숙박한다 「식사 포함」",UNASSIGNED,ユウキ,"[{""offset"":-5,""raw_hex"":""02 0e 00 01 00"",""kind"":""MESSAGE_HEADER"",""opcode"":2,""argument"":1},{""offset"":3,""raw_hex"":""08"",""kind"":""LINE_BREAK""},{""offset"":19,""raw_hex"":""0d ff 00"",""kind"":""MESSAGE_END""}]",REVIEW_1,NO,CHARACTER_GUIDE v0.1 적용. context-v1 복원 원문 1차 번역.,SUPPORTED: structured scenario command; header FACE slot maps to face_yuuki_02; runtime display not yet checked. PROVEN: byte-identical source command exists at the same path and offsets on Disc 2. SUPPORTED: context-v1 glyph 복원; 런타임 원문 검증 전. TERM: 버스피어·파스·도박장.,"やめる
宿<G0558>する<G002C>食事付き<G002D>",SUPPORTED,"002C,002D,0558",NONE,
SCN_10214104_00740000_0015,SCENARIO,scenario_message,DATA/10214104.MDZ,DATA/10214104.MDT,0x00740000,10214104,14,0x004d3723,0x004d371e,b6 b3 bd 08 9f f4 98 f5 8c bd 4c c3 f4 da f0 69 f1 80 4d 0d ff 00,"やめる
宿泊する「食事付き」","그만둔다
숙박한다 「식사 포함」",UNASSIGNED,ユウキ,"[{""offset"":-5,""raw_hex"":""02 0e 00 01 00"",""kind"":""MESSAGE_HEADER"",""opcode"":2,""argument"":1},{""offset"":3,""raw_hex"":""08"",""kind"":""LINE_BREAK""},{""offset"":19,""raw_hex"":""0d ff 00"",""kind"":""MESSAGE_END""}]",REVIEW_1,NO,CHARACTER_GUIDE v0.1 적용. context-v1 복원 원문 1차 번역.,SUPPORTED: structured scenario command; header FACE slot maps to face_yuuki_02; runtime display not yet checked. PROVEN: byte-identical source command exists at the same path and offsets on Disc 2. SUPPORTED: context-v1 glyph 복원; 런타임 원문 검증 전. TERM: 버스피어·파스·도박장.,"やめる
宿<G0558>する<G002C>食事付き<G002D>",SUPPORTED,"002C,002D,0558",NONE,
SCN_10214104_00740000_0017,SCENARIO,scenario_message,DATA/10214104.MDZ,DATA/10214104.MDT,0x00740000,10214104,16,0x004d394b,0x004d3946,cf e7 bd d7 f0 9c a0 7e 9c 46 08 c4 3d f0 26 f0 c5 eb 21 42 f1 86 79 7e 46 0d ff 00,"キテる人なのかな…
アルフィナ、行こうか…","좀 특이한 사람인가…
알피나, 갈까…",UNASSIGNED,ユウキ,"[{""offset"":-5,""raw_hex"":""02 0e 00 07 00"",""kind"":""MESSAGE_HEADER"",""opcode"":2,""argument"":7},{""offset"":10,""raw_hex"":""08"",""kind"":""LINE_BREAK""},{""offset"":25,""raw_hex"":""0d ff 00"",""kind"":""MESSAGE_END""}]",REVIEW_1,NO,CHARACTER_GUIDE v0.1 적용. context-v1 복원 원문 1차 번역.,SUPPORTED: structured scenario command; header FACE slot maps to face_yuuki_08; runtime display not yet checked. PROVEN: byte-identical source command exists at the same path and offsets on Disc 2. SUPPORTED: context-v1 glyph 복원; 런타임 원문 검증 전. TERM: 버스피어·파스·도박장.,"キテる人なのかな<G0026>
アルフィナ<G0001>行こうか<G0026>",SUPPORTED,"0001,0026",NONE,
SCN_10214104_00740000_0018,SCENARIO,scenario_message,DATA/10214104.MDZ,DATA/10214104.MDT,0x00740000,10214104,17,0x004d39ea,0x004d39e5,9c c2 7e 21 5b f1 5b f0 7f 75 bc 90 79 99 08 ad 9a c2 9b 21 9c 88 90 79 9c 08 e1 c6 e9 3d f0 93 9c 46 08 dc f1 2d f1 9d 99 f0 b2 86 9a a1 9c 77 9c 46 0d ff 00,"なんか、意味がありそうで
ほとんど、なさそうな
タイトルだな…
絶対に読むことはないな…","뭔가 의미가 있을 것 같으면서도
거의 의미가 없어 보이는
제목이네…
절대 읽을 일은 없겠다…",UNASSIGNED,ユウキ,"[{""offset"":-5,""raw_hex"":""02 0e 00 05 00"",""kind"":""MESSAGE_HEADER"",""opcode"":2,""argument"":5},{""offset"":14,""raw_hex"":""08"",""kind"":""LINE_BREAK""},{""offset"":25,""raw_hex"":""08"",""kind"":""LINE_BREAK""},{""offset"":34,""raw_hex"":""08"",""kind"":""LINE_BREAK""},{""offset"":50,""raw_hex"":""0d ff 00"",""kind"":""MESSAGE_END""}]",REVIEW_1,NO,CHARACTER_GUIDE v0.1 적용. context-v1 복원 원문 1차 번역.,SUPPORTED: structured scenario command; header FACE slot maps to face_yuuki_06; runtime display not yet checked. PROVEN: byte-identical source command exists at the same path and offsets on Disc 2. SUPPORTED: context-v1 glyph 복원; 런타임 원문 검증 전. TERM: 버스피어·파스·도박장.,"なんか<G0001>意味がありそうで
ほとんど<G0001>なさそうな
タイトルだな<G0026>
絶対に読むことはないな<G0026>",SUPPORTED,"0001,0026",NONE,
SCN_10214104_00740000_0019,SCENARIO,scenario_message,DATA/10214104.MDZ,DATA/10214104.MDT,0x00740000,10214104,18,0x004d3b8a,0x004d3b85,51 2b f0 47 da 99 08 b0 9a b3 98 87 f2 84 ba 46 0d ff 00,"1ページで
まとめて書けよ…","한 페이지에
정리해서 쓰지…",UNASSIGNED,ユウキ,"[{""offset"":-5,""raw_hex"":""02 0e 00 05 00"",""kind"":""MESSAGE_HEADER"",""opcode"":2,""argument"":5},{""offset"":6,""raw_hex"":""08"",""kind"":""LINE_BREAK""},{""offset"":16,""raw_hex"":""0d ff 00"",""kind"":""MESSAGE_END""}]",REVIEW_1,NO,CHARACTER_GUIDE v0.1 적용. context-v1 복원 원문 1차 번역.,SUPPORTED: structured scenario command; header FACE slot maps to face_yuuki_06; runtime display not yet checked. PROVEN: byte-identical source command exists at the same path and offsets on Disc 2. SUPPORTED: context-v1 glyph 복원; 런타임 원문 검증 전. TERM: 버스피어·파스·도박장.,"1ページで
まとめて書けよ<G0026>",SUPPORTED,0026,NONE,
SCN_10214104_00740000_0020,SCENARIO,scenario_message,DATA/10214104.MDZ,DATA/10214104.MDT,0x00740000,10214104,19,0x004d3be3,0x004d3bde,92 77 8a 92 da f0 8b b5 9c 88 90 79 93 8a 08 44 f4 7b 92 82 b4 9c 77 9c 46 0d ff 00,"たいした事じゃなさそうだし
考えたくもないな…","별일 아닌 것 같고
생각하고 싶지도 않네…",UNASSIGNED,ユウキ,"[{""offset"":-5,""raw_hex"":""02 0e 00 05 00"",""kind"":""MESSAGE_HEADER"",""opcode"":2,""argument"":5},{""offset"":14,""raw_hex"":""08"",""kind"":""LINE_BREAK""},{""offset"":25,""raw_hex"":""0d ff 00"",""kind"":""MESSAGE_END""}]",REVIEW_1,NO,CHARACTER_GUIDE v0.1 적용. context-v1 복원 원문 1차 번역.,SUPPORTED: structured scenario command; header FACE slot maps to face_yuuki_06; runtime display not yet checked. PROVEN: byte-identical source command exists at the same path and offsets on Disc 2. SUPPORTED: context-v1 glyph 복원; 런타임 원문 검증 전. TERM: 버스피어·파스·도박장.,"たいした事じゃなさそうだし
考えたくもないな<G0026>",SUPPORTED,0026,NONE,
SCN_10214104_00740000_0021,SCENARIO,scenario_message,DATA/10214104.MDZ,DATA/10214104.MDT,0x00740000,10214104,20,0x004d3dbf,0x004d3dba,9c c2 7e 08 49 f5 8d 7e 8a 77 61 f0 e2 f4 93 9c 46 46 0d ff 00,"なんか
恥ずかしい小説だな……","왠지
부끄러운 소설이네……",UNASSIGNED,ユウキ,"[{""offset"":-5,""raw_hex"":""02 0e 00 08 00"",""kind"":""MESSAGE_HEADER"",""opcode"":2,""argument"":8},{""offset"":3,""raw_hex"":""08"",""kind"":""LINE_BREAK""},{""offset"":18,""raw_hex"":""0d ff 00"",""kind"":""MESSAGE_END""}]",REVIEW_1,NO,CHARACTER_GUIDE v0.1 적용. context-v1 복원 원문 1차 번역.,SUPPORTED: structured scenario command; header FACE slot maps to face_yuuki_09; runtime display not yet checked. PROVEN: byte-identical source command exists at the same path and offsets on Disc 2. SUPPORTED: context-v1 glyph 복원; 런타임 원문 검증 전. TERM: 버스피어·파스·도박장.,"なんか
<G0509>ずかしい小説だな<G0026><G0026>",SUPPORTED,"0026,0509",NONE,
SCN_10214104_00740000_0022,SCENARIO,scenario_message,DATA/10214104.MDZ,DATA/10214104.MDT,0x00740000,10214104,21,0x004d3e44,0x004d3e3f,77 b6 21 ce f5 9d 46 08 75 c2 b0 d2 f3 5b f0 9c 77 93 84 46 0d ff 00,"いや、別に…
あんま興味ないだけ…","아니, 별로…
그냥 별로 관심이 없어서…",UNASSIGNED,ユウキ,"[{""offset"":-5,""raw_hex"":""02 0e 00 08 00"",""kind"":""MESSAGE_HEADER"",""opcode"":2,""argument"":8},{""offset"":7,""raw_hex"":""08"",""kind"":""LINE_BREAK""},{""offset"":20,""raw_hex"":""0d ff 00"",""kind"":""MESSAGE_END""}]",REVIEW_1,NO,CHARACTER_GUIDE v0.1 적용. context-v1 복원 원문 1차 번역.,SUPPORTED: structured scenario command; header FACE slot maps to face_yuuki_09; runtime display not yet checked. PROVEN: byte-identical source command exists at the same path and offsets on Disc 2. SUPPORTED: context-v1 glyph 복원; 런타임 원문 검증 전. TERM: 버스피어·파스·도박장.,"いや<G0001>別に<G0026>
あんま<G03F2>味ないだけ<G0026>",SUPPORTED,"0001,0026,03F2",NONE,
SCN_10214104_00740000_0023,SCENARIO,scenario_message,DATA/10214104.MDZ,DATA/10214104.MDT,0x00740000,10214104,22,0x004d3ee9,0x004d3ee4,b0 c2 b0 8b b5 c2 46 46 0d ff 00,まんまじゃん……,그대로잖아……,UNASSIGNED,ユウキ,"[{""offset"":-5,""raw_hex"":""02 0e 00 05 00"",""kind"":""MESSAGE_HEADER"",""opcode"":2,""argument"":5},{""offset"":8,""raw_hex"":""0d ff 00"",""kind"":""MESSAGE_END""}]",REVIEW_1,NO,CHARACTER_GUIDE v0.1 적용. context-v1 복원 원문 1차 번역.,SUPPORTED: structured scenario command; header FACE slot maps to face_yuuki_06; runtime display not yet checked. PROVEN: byte-identical source command exists at the same path and offsets on Disc 2. SUPPORTED: context-v1 glyph 복원; 런타임 원문 검증 전. TERM: 버스피어·파스·도박장.,まんまじゃん<G0026><G0026>,SUPPORTED,0026,NONE,
SCN_10214104_00740000_0024,SCENARIO,scenario_message,DATA/10214104.MDZ,DATA/10214104.MDT,0x00740000,10214104,23,0x004d3fcd,0x004d3fc8,b6 93 ba 46 08 94 b9 95 9a 99 f0 b2 93 84 93 8f 46 0d ff 00,"やだよ…
ちょっと読むだけだよ…","싫어…
조금 읽기만 할 거야…",UNASSIGNED,ユウキ,"[{""offset"":-5,""raw_hex"":""02 0e 00 01 00"",""kind"":""MESSAGE_HEADER"",""opcode"":2,""argument"":1},{""offset"":4,""raw_hex"":""08"",""kind"":""LINE_BREAK""},{""offset"":17,""raw_hex"":""0d ff 00"",""kind"":""MESSAGE_END""}]",REVIEW_1,NO,CHARACTER_GUIDE v0.1 적용. context-v1 복원 원문 1차 번역.,SUPPORTED: structured scenario command; header FACE slot maps to face_yuuki_02; runtime display not yet checked. PROVEN: byte-identical source command exists at the same path and offsets on Disc 2. SUPPORTED: context-v1 glyph 복원; 런타임 원문 검증 전. TERM: 버스피어·파스·도박장.,"やだよ<G0026>
ちょっと読むだけだ<G006F><G0026>",SUPPORTED,"0026,006F",NONE,
SCN_10214104_00740000_0025,SCENARIO,scenario_message,DATA/10214104.MDZ,DATA/10214104.MDT,0x00740000,10214104,24,0x004d3ffd,0x004d3ff8,90 c2 9c 08 49 f5 8d 7e 8a 77 e1 c6 e9 3d f0 a0 61 f0 e2 f4 08 99 f0 b1 92 82 9c 77 9c 46 0d ff 00,"そんな
恥ずかしいタイトルの小説
読みたくないな…","그렇게
부끄러운 제목의 소설은
읽고 싶지 않아…",UNASSIGNED,ユウキ,"[{""offset"":-5,""raw_hex"":""02 0e 00 08 00"",""kind"":""MESSAGE_HEADER"",""opcode"":2,""argument"":8},{""offset"":3,""raw_hex"":""08"",""kind"":""LINE_BREAK""},{""offset"":20,""raw_hex"":""08"",""kind"":""LINE_BREAK""},{""offset"":30,""raw_hex"":""0d ff 00"",""kind"":""MESSAGE_END""}]",REVIEW_1,NO,CHARACTER_GUIDE v0.1 적용. context-v1 복원 원문 1차 번역.,SUPPORTED: structured scenario command; header FACE slot maps to face_yuuki_09; runtime display not yet checked. PROVEN: byte-identical source command exists at the same path and offsets on Disc 2. SUPPORTED: context-v1 glyph 복원; 런타임 원문 검증 전. TERM: 버스피어·파스·도박장.,"そんな
<G0509>ずかしいタイトルの小説
読みたくないな<G0026>",SUPPORTED,"0026,0509",NONE,
SCN_10214104_00740000_0028,SCENARIO,scenario_message,DATA/10214104.MDZ,DATA/10214104.MDT,0x00740000,10214104,27,0x004d453a,0x004d4535,2c f0 3a f0 e9 9d 75 bd c2 93 ba 08 90 79 77 79 28 f3 7f 88 08 cc 3e f0 92 94 21 42 f1 95 98 80 92 c2 93 43 08 7b 95 9a 88 46 46 0d ff 00,"ホントにあるんだよ
そういう所がさ
オレたち、行ってきたんだ！
えっとさ……","정말로 있어
그런 곳이 말이야
우리도 다녀왔다고!
그러니까……",UNASSIGNED,ユウキ,"[{""offset"":-5,""raw_hex"":""02 0e 00 02 00"",""kind"":""MESSAGE_HEADER"",""opcode"":2,""argument"":2},{""offset"":11,""raw_hex"":""08"",""kind"":""LINE_BREAK""},{""offset"":20,""raw_hex"":""08"",""kind"":""LINE_BREAK""},{""offset"":36,""raw_hex"":""08"",""kind"":""LINE_BREAK""},{""offset"":43,""raw_hex"":""0d ff 00"",""kind"":""MESSAGE_END""}]",REVIEW_1,NO,CHARACTER_GUIDE v0.1 적용. context-v1 복원 원문 1차 번역.,SUPPORTED: structured scenario command; header FACE slot maps to face_yuuki_03; runtime display not yet checked. PROVEN: byte-identical source command exists at the same path and offsets on Disc 2. SUPPORTED: context-v1 glyph 복원; 런타임 원문 검증 전. TERM: 버스피어·파스·도박장.,"ホントにあるんだよ
そういう<G0348>がさ
オレたち<G0001>行ってきたんだ！
えっとさ<G0026><G0026>",SUPPORTED,"0001,0026,0348",NONE,
SCN_10214104_00740000_0029,SCENARIO,scenario_message,DATA/10214104.MDZ,DATA/10214104.MDT,0x00740000,10214104,28,0x004d48cc,0x004d48c7,a1 95 44 21 31 f2 c1 f2 08 9c 9d 2e f4 95 98 c2 93 ba 0d ff 00,"はっ？、突然
なに言ってんだよ","뭐? 갑자기
무슨 소리야?",UNASSIGNED,ユウキ,"[{""offset"":-5,""raw_hex"":""02 0e 00 07 00"",""kind"":""MESSAGE_HEADER"",""opcode"":2,""argument"":7},{""offset"":8,""raw_hex"":""08"",""kind"":""LINE_BREAK""},{""offset"":18,""raw_hex"":""0d ff 00"",""kind"":""MESSAGE_END""}]",REVIEW_1,NO,CHARACTER_GUIDE v0.1 적용. context-v1 복원 원문 1차 번역.,SUPPORTED: structured scenario command; header FACE slot maps to face_yuuki_08; runtime display not yet checked. PROVEN: byte-identical source command exists at the same path and offsets on Disc 2. SUPPORTED: context-v1 glyph 복원; 런타임 원문 검증 전. TERM: 버스피어·파스·도박장.,"はっ？<G0001>突然
なに<G041E>ってんだよ",SUPPORTED,"0001,041E",NONE,
SCN_10214104_00740000_0030,SCENARIO,scenario_message,DATA/10214104.MDZ,DATA/10214104.MDT,0x00740000,10214104,29,0x004d4a91,0x004d4a8c,2b f1 c0 f0 a0 87 f2 77 98 75 bd b8 f0 c1 08 41 f2 95 92 93 84 8b b5 c2 46 0d ff 00,"名前の書いてある紙を
破っただけじゃん…","이름이 적힌 종이를
찢었을 뿐이잖아…",UNASSIGNED,ユウキ,"[{""offset"":-5,""raw_hex"":""02 0e 00 08 00"",""kind"":""MESSAGE_HEADER"",""opcode"":2,""argument"":8},{""offset"":14,""raw_hex"":""08"",""kind"":""LINE_BREAK""},{""offset"":25,""raw_hex"":""0d ff 00"",""kind"":""MESSAGE_END""}]",REVIEW_1,NO,CHARACTER_GUIDE v0.1 적용. context-v1 복원 원문 1차 번역.,SUPPORTED: structured scenario command; header FACE slot maps to face_yuuki_09; runtime display not yet checked. PROVEN: byte-identical source command exists at the same path and offsets on Disc 2. SUPPORTED: context-v1 glyph 복원; 런타임 원문 검증 전. TERM: 버스피어·파스·도박장.,"名<G0170>の書いてある<G0168>を
破っただけじゃん<G0026>",SUPPORTED,"0026,0170",SUPPORTED,0168
SCN_10214104_00740000_0032,SCENARIO,scenario_message,DATA/10214104.MDZ,DATA/10214104.MDT,0x00740000,10214104,31,0x004d4b78,0x004d4b73,99 f1 7b f0 21 dc f2 9d 77 bd d7 f0 08 c5 f4 98 bd 93 bf 79 8a 46 08 ef e4 d1 8c bd a0 a1 08 43 f1 b3 9a 86 79 7e 9c 46 0d ff 00,"多分、中にいる人
寝てるだろうし…
ノックするのは
止めとこうかな…","아마 안에 있는 사람이
자고 있을 테니까…
노크하는 건
그만둘까…",UNASSIGNED,ユウキ,"[{""offset"":-5,""raw_hex"":""02 0e 00 02 00"",""kind"":""MESSAGE_HEADER"",""opcode"":2,""argument"":2},{""offset"":12,""raw_hex"":""08"",""kind"":""LINE_BREAK""},{""offset"":22,""raw_hex"":""08"",""kind"":""LINE_BREAK""},{""offset"":30,""raw_hex"":""08"",""kind"":""LINE_BREAK""},{""offset"":40,""raw_hex"":""0d ff 00"",""kind"":""MESSAGE_END""}]",REVIEW_1,NO,CHARACTER_GUIDE v0.1 적용. context-v1 복원 원문 1차 번역.,SUPPORTED: structured scenario command; header FACE slot maps to face_yuuki_03; runtime display not yet checked. PROVEN: byte-identical source command exists at the same path and offsets on Disc 2. SUPPORTED: context-v1 glyph 복원; 런타임 원문 검증 전. TERM: 버스피어·파스·도박장.,"多分<G0001>中にいる人
<G04B5>てるだろうし<G0026>
ノックするのは
<G01C3>めとこうかな<G0026>",SUPPORTED,"0001,0026,01C3",SUPPORTED,04B5
SCN_10214104_00740000_0034,SCENARIO,scenario_message,DATA/10214104.MDZ,DATA/10214104.MDT,0x00740000,10214104,33,0x004d4c10,0x004d4c0b,86 c2 86 c2 46 21 95 9a 46 0d ff 00,こんこん…、っと…,똑똑… 어…,UNASSIGNED,ユウキ,"[{""offset"":-5,""raw_hex"":""02 0e 00 01 00"",""kind"":""MESSAGE_HEADER"",""opcode"":2,""argument"":1},{""offset"":9,""raw_hex"":""0d ff 00"",""kind"":""MESSAGE_END""}]",REVIEW_1,NO,CHARACTER_GUIDE v0.1 적용. context-v1 복원 원문 1차 번역.,SUPPORTED: structured scenario command; header FACE slot maps to face_yuuki_02; runtime display not yet checked. PROVEN: byte-identical source command exists at the same path and offsets on Disc 2. SUPPORTED: context-v1 glyph 복원; 런타임 원문 검증 전. TERM: 버스피어·파스·도박장.,こんこん<G0026><G0001>っと<G0026>,SUPPORTED,"0001,0026",NONE,
SCN_10214104_00740000_0035,SCENARIO,scenario_message,DATA/10214104.MDZ,DATA/10214104.MDT,0x00740000,10214104,34,0x004d4cbc,0x004d4cb7,75 95 46 21 94 7f 77 b0 8c 43 08 87 95 21 87 b3 c2 9c 88 77 08 9c c2 99 b4 9c 77 99 8c 43 0d ff 00,"あっ…、ちがいます！
ごっ、ごめんなさい
なんでもないです！","아… 아니에요!
죄, 죄송합니다
아무것도 아니에요!",UNASSIGNED,ユウキ,"[{""offset"":-5,""raw_hex"":""02 0e 00 06 00"",""kind"":""MESSAGE_HEADER"",""opcode"":2,""argument"":6},{""offset"":10,""raw_hex"":""08"",""kind"":""LINE_BREAK""},{""offset"":20,""raw_hex"":""08"",""kind"":""LINE_BREAK""},{""offset"":30,""raw_hex"":""0d ff 00"",""kind"":""MESSAGE_END""}]",REVIEW_1,NO,CHARACTER_GUIDE v0.1 적용. context-v1 복원 원문 1차 번역.,SUPPORTED: structured scenario command; header FACE slot maps to face_yuuki_07; runtime display not yet checked. PROVEN: byte-identical source command exists at the same path and offsets on Disc 2. SUPPORTED: context-v1 glyph 복원; 런타임 원문 검증 전. TERM: 버스피어·파스·도박장.,"あっ<G0026><G0001>ちがいます！
ごっ<G0001>ごめんなさい
なんでもないです！",SUPPORTED,"0001,0026",NONE,
SCN_10214104_00740000_0037,SCENARIO,scenario_message,DATA/10214104.MDZ,DATA/10214104.MDT,0x00740000,10214104,36,0x004d4de3,0x004d4dde,77 bf c2 9c d7 f0 7f 86 a0 3b f2 c5 f0 9d 08 98 f5 b0 95 98 77 95 92 c2 93 46 08 c4 3d f0 26 f0 c5 eb b4 21 90 a0 51 d7 f0 46 93 9c 0d ff 00,"いろんな人がこの部屋に
泊まっていったんだ…
アルフィナも、その1人…だな","여러 사람이 이 방에
묵고 갔어…
알피나도 그중 한 명…이지.",UNASSIGNED,ユウキ,"[{""offset"":-5,""raw_hex"":""02 0e 00 02 00"",""kind"":""MESSAGE_HEADER"",""opcode"":2,""argument"":2},{""offset"":14,""raw_hex"":""08"",""kind"":""LINE_BREAK""},{""offset"":26,""raw_hex"":""08"",""kind"":""LINE_BREAK""},{""offset"":44,""raw_hex"":""0d ff 00"",""kind"":""MESSAGE_END""}]",REVIEW_1,NO,CHARACTER_GUIDE v0.1 적용. context-v1 복원 원문 1차 번역.,SUPPORTED: structured scenario command; header FACE slot maps to face_yuuki_03; runtime display not yet checked. PROVEN: byte-identical source command exists at the same path and offsets on Disc 2. SUPPORTED: context-v1 glyph 복원; 런타임 원문 검증 전. TERM: 버스피어·파스·도박장.,"いろんな人がこの部<G0175>に
<G0558>まっていったんだ<G0026>
アルフィナも<G0001>その1人<G0026>だな",SUPPORTED,"0001,0026,0175,0558",NONE,
SCN_10214104_00740000_0039,SCENARIO,scenario_message,DATA/10214104.MDZ,DATA/10214104.MDT,0x00740000,10214104,38,0x004d4ebb,0x004d4eb6,46 86 a0 ea c4 a0 dd f2 86 79 7e bb 08 c8 f5 86 7b 98 82 bd 62 f0 31 f3 46 08 9b 95 7e 99 c8 f5 77 92 86 9a 7f 46 0d ff 00,"…このドアの向こうから
聞こえてくる大声…
どっかで聞いたことが…","…이 문 너머에서
들려오는 큰 목소리…
어디선가 들어 본 적이…",UNASSIGNED,ユウキ,"[{""offset"":-5,""raw_hex"":""02 0e 00 06 00"",""kind"":""MESSAGE_HEADER"",""opcode"":2,""argument"":6},{""offset"":12,""raw_hex"":""08"",""kind"":""LINE_BREAK""},{""offset"":25,""raw_hex"":""08"",""kind"":""LINE_BREAK""},{""offset"":38,""raw_hex"":""0d ff 00"",""kind"":""MESSAGE_END""}]",REVIEW_1,NO,CHARACTER_GUIDE v0.1 적용. context-v1 복원 원문 1차 번역.,SUPPORTED: structured scenario command; header FACE slot maps to face_yuuki_07; runtime display not yet checked. PROVEN: byte-identical source command exists at the same path and offsets on Disc 2. SUPPORTED: context-v1 glyph 복원; 런타임 원문 검증 전. TERM: 버스피어·파스·도박장.,"<G0026>このドアの向こうから
聞こえてくる大<G0351><G0026>
どっかで聞いたことが<G0026>",SUPPORTED,"0026,0351",NONE,
SCN_10214104_00740000_0040,SCENARIO,scenario_message,DATA/10214104.MDZ,DATA/10214104.MDT,0x00740000,10214104,39,0x004d500b,0x004d5006,86 a0 d9 34 f0 d1 9d b3 f2 bd b6 f4 77 31 f3 46 08 9b 95 7e 99 c8 f5 77 92 86 9a 7f 46 08 81 f0 93 95 84 46 44 0d ff 00,"このシャクに触る笑い声…
どっかで聞いたことが…
誰だっけ…？","이 신경을 긁는 웃음소리…
어디선가 들어 본 적이…
누구였더라…?",UNASSIGNED,ユウキ,"[{""offset"":-5,""raw_hex"":""02 0e 00 05 00"",""kind"":""MESSAGE_HEADER"",""opcode"":2,""argument"":5},{""offset"":16,""raw_hex"":""08"",""kind"":""LINE_BREAK""},{""offset"":29,""raw_hex"":""08"",""kind"":""LINE_BREAK""},{""offset"":37,""raw_hex"":""0d ff 00"",""kind"":""MESSAGE_END""}]",REVIEW_1,NO,CHARACTER_GUIDE v0.1 적용. context-v1 복원 원문 1차 번역.,SUPPORTED: structured scenario command; header FACE slot maps to face_yuuki_06; runtime display not yet checked. PROVEN: byte-identical source command exists at the same path and offsets on Disc 2. SUPPORTED: context-v1 glyph 복원; 런타임 원문 검증 전. TERM: 버스피어·파스·도박장.,"このシャクに触る<G04A6>い<G0351><G0026>
どっかで聞いたことが<G0026>
誰だっけ<G0026>？",SUPPORTED,"0026,0351,04A6",NONE,
SCN_10214104_00740000_0041,SCENARIO,scenario_message,DATA/10214104.MDZ,DATA/10214104.MDT,0x00740000,10214104,40,0x004d51ad,0x004d51a8,86 be 95 98 99 f1 7b f0 08 24 f0 c4 3a f0 cd 46 21 93 ba 9c 44 08 2c f0 3a f0 e9 26 f5 70 f0 c0 bb 8d 93 9c 46 0d ff 00,"これって多分
ビアンカ…、だよな？
ホント相変わらずだな…","이건 아마
비앙카… 맞지?
정말 여전하네…",UNASSIGNED,ユウキ,"[{""offset"":-5,""raw_hex"":""02 0e 00 08 00"",""kind"":""MESSAGE_HEADER"",""opcode"":2,""argument"":8},{""offset"":8,""raw_hex"":""08"",""kind"":""LINE_BREAK""},{""offset"":21,""raw_hex"":""08"",""kind"":""LINE_BREAK""},{""offset"":37,""raw_hex"":""0d ff 00"",""kind"":""MESSAGE_END""}]",REVIEW_1,NO,CHARACTER_GUIDE v0.1 적용. context-v1 복원 원문 1차 번역.,SUPPORTED: structured scenario command; header FACE slot maps to face_yuuki_09; runtime display not yet checked. PROVEN: byte-identical source command exists at the same path and offsets on Disc 2. SUPPORTED: context-v1 glyph 복원; 런타임 원문 검증 전. TERM: 버스피어·파스·도박장.,"これって多分
ビアンカ<G0026><G0001>だよな？
ホント<G04E6>変わらずだな<G0026>",SUPPORTED,"0001,0026,04E6",NONE,
SCN_10214104_00740000_0042,SCENARIO,scenario_message,DATA/10214104.MDZ,DATA/10214104.MDT,0x00740000,10214104,41,0x004d528d,0x004d5288,7b 95 21 c4 3d f0 26 f0 c5 eb 08 25 f0 c4 ef 9c c2 98 48 f1 84 bd a0 44 0d ff 00,"えっ、アルフィナ
ピアノなんて弾けるの？","어, 알피나
피아노도 칠 줄 알아?",UNASSIGNED,ユウキ,"[{""offset"":-5,""raw_hex"":""02 0e 00 06 00"",""kind"":""MESSAGE_HEADER"",""opcode"":2,""argument"":6},{""offset"":10,""raw_hex"":""08"",""kind"":""LINE_BREAK""},{""offset"":24,""raw_hex"":""0d ff 00"",""kind"":""MESSAGE_END""}]",REVIEW_1,NO,CHARACTER_GUIDE v0.1 적용. context-v1 복원 원문 1차 번역.,SUPPORTED: structured scenario command; header FACE slot maps to face_yuuki_07; runtime display not yet checked. PROVEN: byte-identical source command exists at the same path and offsets on Disc 2. SUPPORTED: context-v1 glyph 복원; 런타임 원문 검증 전. TERM: 버스피어·파스·도박장.,"えっ<G0001>アルフィナ
ピアノなんて弾けるの？",SUPPORTED,0001,NONE,
SCN_10214104_00740000_0043,SCENARIO,scenario_message,DATA/10214104.MDZ,DATA/10214104.MDT,0x00740000,10214104,42,0x004d5386,0x004d5381,46 90 be 95 98 9b c2 9c 28 f1 93 95 92 a0 44 0d ff 00,…それってどんな曲だったの？,…그건 어떤 곡이었어?,UNASSIGNED,ミランダ,"[{""offset"":-5,""raw_hex"":""22 0e 00 1e 00"",""kind"":""MESSAGE_HEADER"",""opcode"":34,""argument"":30},{""offset"":15,""raw_hex"":""0d ff 00"",""kind"":""MESSAGE_END""}]",REVIEW_1,NO,CHARACTER_GUIDE v0.1 적용. context-v1 복원 원문 1차 번역.,SUPPORTED: structured scenario command; header FACE slot maps to face_miranda_05; runtime display not yet checked. PROVEN: byte-identical source command exists at the same path and offsets on Disc 2. SUPPORTED: context-v1 glyph 복원; 런타임 원문 검증 전. TERM: 버스피어·파스·도박장.,<G0026>それってどんな曲だったの？,SUPPORTED,0026,NONE,
SCN_10214104_00740000_0044,SCENARIO,scenario_message,DATA/10214104.MDZ,DATA/10214104.MDT,0x00740000,10214104,43,0x004d545a,0x004d5455,25 f0 c4 ef 9c c2 7e 21 ae c2 b6 bc 08 6d f8 b3 98 98 b4 8a b9 79 7f 9c 77 7e 46 0d ff 00,"ピアノなんか、ぼんやり
眺めててもしょうがないか…","피아노나 멍하니
바라보고 있어 봐야 소용없나…",UNASSIGNED,ユウキ,"[{""offset"":-5,""raw_hex"":""02 0e 00 05 00"",""kind"":""MESSAGE_HEADER"",""opcode"":2,""argument"":5},{""offset"":12,""raw_hex"":""08"",""kind"":""LINE_BREAK""},{""offset"":27,""raw_hex"":""0d ff 00"",""kind"":""MESSAGE_END""}]",REVIEW_1,NO,CHARACTER_GUIDE v0.1 적용. context-v1 복원 원문 1차 번역.,SUPPORTED: structured scenario command; header FACE slot maps to face_yuuki_06; runtime display not yet checked. PROVEN: byte-identical source command exists at the same path and offsets on Disc 2. SUPPORTED: context-v1 glyph 복원; 런타임 원문 검증 전. TERM: 버스피어·파스·도박장.,"ピアノなんか<G0001>ぼんやり
<G079D>めててもしょうがないか<G0026>",SUPPORTED,"0001,0026",SUPPORTED,079D
SCN_10214104_00740000_0045,SCENARIO,scenario_message,DATA/10214104.MDZ,DATA/10214104.MDT,0x00740000,10214104,44,0x004d54af,0x004d54aa,86 be 21 77 82 bb 83 bb 77 08 8c bd c2 93 bf 46 21 9c c2 7e d6 f1 90 79 9c 08 e7 c5 47 cd e4 28 f0 93 9c 46 0d ff 00,"これ、いくらぐらい
するんだろ…、なんか高そうな
ティーカップだな…","이거 얼마쯤
할까… 왠지 비싸 보이는
찻잔이네…",UNASSIGNED,ユウキ,"[{""offset"":-5,""raw_hex"":""02 0e 00 0b 00"",""kind"":""MESSAGE_HEADER"",""opcode"":2,""argument"":11},{""offset"":9,""raw_hex"":""08"",""kind"":""LINE_BREAK""},{""offset"":25,""raw_hex"":""08"",""kind"":""LINE_BREAK""},{""offset"":36,""raw_hex"":""0d ff 00"",""kind"":""MESSAGE_END""}]",REVIEW_1,NO,CHARACTER_GUIDE v0.1 적용. context-v1 복원 원문 1차 번역.,SUPPORTED: structured scenario command; header FACE slot maps to face_yuuki_12; runtime display not yet checked. PROVEN: byte-identical source command exists at the same path and offsets on Disc 2. SUPPORTED: context-v1 glyph 복원; 런타임 원문 검증 전. TERM: 버스피어·파스·도박장.,"これ<G0001>いくらぐらい
するんだろ<G0026><G0001>なんか高そうな
ティーカップだな<G0026>",SUPPORTED,"0001,0026",NONE,
SCN_10214104_00740000_0046,SCENARIO,scenario_message,DATA/10214104.MDZ,DATA/10214104.MDT,0x00740000,10214104,45,0x004d5522,0x004d551d,a1 a1 46 21 cc 3e f0 a1 bd f3 9d 08 d9 f3 52 f5 8a 94 b5 95 98 e2 32 f0 90 79 93 9c 08 86 c2 9c d6 f1 c2 f3 dd f1 46 0d ff 00,"はは…、オレは先に
緊張しちゃってダメそうだな
こんな高級品…","하하… 나는 먼저
긴장해서 안 될 것 같네
이런 고급품 앞에서는…",UNASSIGNED,ユウキ,"[{""offset"":-5,""raw_hex"":""02 0e 00 08 00"",""kind"":""MESSAGE_HEADER"",""opcode"":2,""argument"":8},{""offset"":11,""raw_hex"":""08"",""kind"":""LINE_BREAK""},{""offset"":28,""raw_hex"":""08"",""kind"":""LINE_BREAK""},{""offset"":39,""raw_hex"":""0d ff 00"",""kind"":""MESSAGE_END""}]",REVIEW_1,NO,CHARACTER_GUIDE v0.1 적용. context-v1 복원 원문 1차 번역.,SUPPORTED: structured scenario command; header FACE slot maps to face_yuuki_09; runtime display not yet checked. PROVEN: byte-identical source command exists at the same path and offsets on Disc 2. SUPPORTED: context-v1 glyph 복원; 런타임 원문 검증 전. TERM: 버스피어·파스·도박장.,"はは<G0026><G0001>オレは<G03DD>に
<G03F9><G0512>しちゃってダメそうだな
こんな高級品<G0026>",SUPPORTED,"0001,0026,03F9",SUPPORTED,"03DD,0512"
SCN_10214104_00740000_0047,SCENARIO,scenario_message,DATA/10214104.MDZ,DATA/10214104.MDT,0x00740000,10214104,46,0x004d556c,0x004d5567,d6 f1 90 79 9c e7 c5 47 cd e4 28 f0 7f 08 cf f0 77 98 75 bd 46 08 86 86 99 87 a8 f5 21 c3 f4 ab bd 9a 80 08 74 f0 79 a0 7e 9c 44 0d ff 00,"高そうなティーカップが
置いてある…
ここでご飯、食べるとき
使うのかな？","비싸 보이는 찻잔이
놓여 있어…
여기서 식사할 때
쓰는 걸까?",UNASSIGNED,ユウキ,"[{""offset"":-5,""raw_hex"":""02 0e 00 0b 00"",""kind"":""MESSAGE_HEADER"",""opcode"":2,""argument"":11},{""offset"":13,""raw_hex"":""08"",""kind"":""LINE_BREAK""},{""offset"":21,""raw_hex"":""08"",""kind"":""LINE_BREAK""},{""offset"":35,""raw_hex"":""08"",""kind"":""LINE_BREAK""},{""offset"":43,""raw_hex"":""0d ff 00"",""kind"":""MESSAGE_END""}]",REVIEW_1,NO,CHARACTER_GUIDE v0.1 적용. context-v1 복원 원문 1차 번역.,SUPPORTED: structured scenario command; header FACE slot maps to face_yuuki_12; runtime display not yet checked. PROVEN: byte-identical source command exists at the same path and offsets on Disc 2. SUPPORTED: context-v1 glyph 복원; 런타임 원문 검증 전. TERM: 버스피어·파스·도박장.,"高そうなティーカップが
置いてある<G0026>
ここでご<G0568><G0001>食べるとき
使うのかな？",SUPPORTED,"0001,0026,0568",NONE,
SCN_10214104_00740000_0048,SCENARIO,scenario_message,DATA/10214104.MDZ,DATA/10214104.MDT,0x00740000,10214104,47,0x004d55cb,0x004d55c6,d6 f1 90 79 9c e7 c5 47 cd e4 28 f0 93 9c 46 08 86 be 21 77 82 bb 83 bb 77 8c bd c2 93 bf 0d ff 00,"高そうなティーカップだな…
これ、いくらぐらいするんだろ","비싸 보이는 찻잔이네…
이거 얼마쯤 할까?",UNASSIGNED,ユウキ,"[{""offset"":-5,""raw_hex"":""02 0e 00 01 00"",""kind"":""MESSAGE_HEADER"",""opcode"":2,""argument"":1},{""offset"":15,""raw_hex"":""08"",""kind"":""LINE_BREAK""},{""offset"":30,""raw_hex"":""0d ff 00"",""kind"":""MESSAGE_END""}]",REVIEW_1,NO,CHARACTER_GUIDE v0.1 적용. context-v1 복원 원문 1차 번역.,SUPPORTED: structured scenario command; header FACE slot maps to face_yuuki_02; runtime display not yet checked. PROVEN: byte-identical source command exists at the same path and offsets on Disc 2. SUPPORTED: context-v1 glyph 복원; 런타임 원문 검증 전. TERM: 버스피어·파스·도박장.,"高そうなティーカップだな<G0026>
これ<G0001>いくらぐらいするんだろ",SUPPORTED,"0001,0026",NONE,
SCN_10214104_00740000_0050,SCENARIO,scenario_message,DATA/10214104.MDZ,DATA/10214104.MDT,0x00740000,10214104,49,0x004d5646,0x004d5641,b0 74 9f 46 21 77 be b4 c2 a4 9a 96 99 08 53 50 50 50 60 9c c2 98 46 08 cc 3e f0 9d a1 44 f6 c4 f1 99 80 9c 77 9c 0d ff 00,"まぁね…、いれもんひとつで
2000Gなんて…
オレには理解できないな","그렇긴 하지… 그릇 하나가
2000G라니…
나는 이해할 수가 없네.",UNASSIGNED,ユウキ,"[{""offset"":-5,""raw_hex"":""02 0e 00 08 00"",""kind"":""MESSAGE_HEADER"",""opcode"":2,""argument"":8},{""offset"":13,""raw_hex"":""08"",""kind"":""LINE_BREAK""},{""offset"":23,""raw_hex"":""08"",""kind"":""LINE_BREAK""},{""offset"":38,""raw_hex"":""0d ff 00"",""kind"":""MESSAGE_END""}]",REVIEW_1,NO,CHARACTER_GUIDE v0.1 적용. context-v1 복원 원문 1차 번역.,SUPPORTED: structured scenario command; header FACE slot maps to face_yuuki_09; runtime display not yet checked. PROVEN: byte-identical source command exists at the same path and offsets on Disc 2. SUPPORTED: context-v1 glyph 복원; 런타임 원문 검증 전. TERM: 버스피어·파스·도박장.,"ま<G0054>ね<G0026><G0001>いれもんひとつで
<G0033>000<G0040>なんて<G0026>
オレには<G05D4>解できないな",SUPPORTED,"0001,0026,0033,0054,05D4",SUPPORTED,0040
SCN_10214104_00740000_0051,SCENARIO,scenario_message,DATA/10214104.MDZ,DATA/10214104.MDT,0x00740000,10214104,50,0x004d568f,0x004d568a,86 be 7f 53 50 50 50 60 46 08 86 a0 e7 c5 47 cd e4 28 f0 a4 9a 96 99 08 54 f1 bf f1 e7 f3 a0 ca 3a f0 da 3a f0 7f 08 82 f0 7b bd a0 7e 46 0d ff 00,"これが2000G…
このティーカップひとつで
最新型のエンジンが
買えるのか…","이게 2000G…
이 찻잔 하나면
최신형 엔진을
살 수 있겠네…",UNASSIGNED,ユウキ,"[{""offset"":-5,""raw_hex"":""02 0e 00 08 00"",""kind"":""MESSAGE_HEADER"",""opcode"":2,""argument"":8},{""offset"":9,""raw_hex"":""08"",""kind"":""LINE_BREAK""},{""offset"":23,""raw_hex"":""08"",""kind"":""LINE_BREAK""},{""offset"":38,""raw_hex"":""08"",""kind"":""LINE_BREAK""},{""offset"":46,""raw_hex"":""0d ff 00"",""kind"":""MESSAGE_END""}]",REVIEW_1,NO,CHARACTER_GUIDE v0.1 적용. context-v1 복원 원문 1차 번역.,SUPPORTED: structured scenario command; header FACE slot maps to face_yuuki_09; runtime display not yet checked. PROVEN: byte-identical source command exists at the same path and offsets on Disc 2. SUPPORTED: context-v1 glyph 복원; 런타임 원문 검증 전. TERM: 버스피어·파스·도박장.,"これが<G0033>000<G0040><G0026>
このティーカップひとつで
<G01D4><G023F>型のエンジンが
<G0132>えるのか<G0026>",SUPPORTED,"0026,0033,0132,01D4,023F",SUPPORTED,0040
SCN_10214104_00740000_0052,SCENARIO,scenario_message,DATA/10214104.MDZ,DATA/10214104.MDT,0x00740000,10214104,51,0x004d56e7,0x004d56e2,c4 3d f0 26 f0 c5 eb 46 08 af f5 be 98 bd c2 93 bf 79 9c 08 7d 98 f2 99 b4 67 f3 c2 99 08 db f2 9e f0 21 bf f3 b3 98 98 82 be ba 46 0d ff 00,"アルフィナ…
疲れてるんだろうな
お茶でも飲んで
身体、休めててくれよ…","알피나…
지쳤겠지
차라도 마시면서
몸을 쉬게 해…",UNASSIGNED,ユウキ,"[{""offset"":-5,""raw_hex"":""02 0e 00 05 00"",""kind"":""MESSAGE_HEADER"",""opcode"":2,""argument"":5},{""offset"":8,""raw_hex"":""08"",""kind"":""LINE_BREAK""},{""offset"":19,""raw_hex"":""08"",""kind"":""LINE_BREAK""},{""offset"":29,""raw_hex"":""08"",""kind"":""LINE_BREAK""},{""offset"":44,""raw_hex"":""0d ff 00"",""kind"":""MESSAGE_END""}]",REVIEW_1,NO,CHARACTER_GUIDE v0.1 적용. context-v1 복원 원문 1차 번역.,SUPPORTED: structured scenario command; header FACE slot maps to face_yuuki_06; runtime display not yet checked. PROVEN: byte-identical source command exists at the same path and offsets on Disc 2. SUPPORTED: context-v1 glyph 복원; 런타임 원문 검증 전. TERM: 버스피어·파스·도박장.,"アルフィナ<G0026>
<G056F>れてるんだろうな
お<G02E8>でも飲んで
身体<G0001><G03DF>めててくれよ<G0026>",SUPPORTED,"0001,0026,03DF,056F",SUPPORTED,02E8
SCN_10214104_00740000_0059,SCENARIO,scenario_message,DATA/10214104.MDZ,DATA/10214104.MDT,0x00740000,10214104,58,0x004d5d55,0x004d5d50,a1 a1 95 46 21 c8 3d f0 08 8c 87 77 d2 f4 77 99 c3 f4 ab 94 f2 b3 92 9c 46 0d ff 00,"ははっ…、ウル
すごい勢いで食べ始めたな…","하핫… 울
엄청난 기세로 먹기 시작했네…",UNASSIGNED,ユウキ,"[{""offset"":-5,""raw_hex"":""02 0e 00 08 00"",""kind"":""MESSAGE_HEADER"",""opcode"":2,""argument"":8},{""offset"":8,""raw_hex"":""08"",""kind"":""LINE_BREAK""},{""offset"":25,""raw_hex"":""0d ff 00"",""kind"":""MESSAGE_END""}]",REVIEW_1,NO,CHARACTER_GUIDE v0.1 적용. context-v1 복원 원문 1차 번역.,SUPPORTED: structured scenario command; header FACE slot maps to face_yuuki_09; runtime display not yet checked. PROVEN: byte-identical source command exists at the same path and offsets on Disc 2. SUPPORTED: context-v1 glyph 복원; 런타임 원문 검증 전. TERM: 버스피어·파스·도박장.,"ははっ<G0026><G0001>ウル
すごい<G04C2>いで食べ<G02E4>めたな<G0026>",SUPPORTED,"0001,0026,02E4,04C2",NONE,
SCN_10214104_00740000_0060,SCENARIO,scenario_message,DATA/10214104.MDZ,DATA/10214104.MDT,0x00740000,10214104,59,0x004d5dd9,0x004d5dd4,46 87 b3 c2 08 77 b6 88 46 21 c4 3d f0 26 f0 c5 eb 08 3e f2 bb f0 9d 9c 95 98 ba 7e 95 92 9c 46 08 95 98 46 0d ff 00,"…ごめん
いやさ…、アルフィナ
元気になってよかったな…
って…","…미안
그게… 알피나가
기운을 차려서 다행이라고
말하려던 거야…",UNASSIGNED,ユウキ,"[{""offset"":-5,""raw_hex"":""02 0e 00 02 00"",""kind"":""MESSAGE_HEADER"",""opcode"":2,""argument"":2},{""offset"":4,""raw_hex"":""08"",""kind"":""LINE_BREAK""},{""offset"":17,""raw_hex"":""08"",""kind"":""LINE_BREAK""},{""offset"":32,""raw_hex"":""08"",""kind"":""LINE_BREAK""},{""offset"":36,""raw_hex"":""0d ff 00"",""kind"":""MESSAGE_END""}]",REVIEW_1,NO,CHARACTER_GUIDE v0.1 적용. context-v1 복원 원문 1차 번역.,SUPPORTED: structured scenario command; header FACE slot maps to face_yuuki_03; runtime display not yet checked. PROVEN: byte-identical source command exists at the same path and offsets on Disc 2. SUPPORTED: context-v1 glyph 복원; 런타임 원문 검증 전. TERM: 버스피어·파스·도박장.,"<G0026>ごめん
いやさ<G0026><G0001>アルフィナ
元気になってよかったな<G0026>
って<G0026>",SUPPORTED,"0001,0026",NONE,
SCN_10214104_00740000_0062,SCENARIO,scenario_message,DATA/10214104.MDZ,DATA/10214104.MDT,0x00740000,10214104,61,0x004d5ee1,0x004d5edc,90 79 77 7b a2 c4 3d f0 26 f0 c5 eb 46 08 86 a0 b5 f0 7f e3 f1 c0 95 92 bb 08 9b 79 8c bd a0 44 21 9b f1 3b f2 08 79 b0 77 78 f0 a3 f1 9d c4 f1 20 f4 8a 92 bb 88 43 0d ff 00,"そういえばアルフィナ…
この旅が終わったら
どうするの？、全部
うまい具合に解決したらさ！","그러고 보니 알피나…
이 여행이 끝나면
어떻게 할 거야? 모든 일이
잘 해결된다면 말이야!",UNASSIGNED,ユウキ,"[{""offset"":-5,""raw_hex"":""02 0e 00 02 00"",""kind"":""MESSAGE_HEADER"",""opcode"":2,""argument"":2},{""offset"":13,""raw_hex"":""08"",""kind"":""LINE_BREAK""},{""offset"":25,""raw_hex"":""08"",""kind"":""LINE_BREAK""},{""offset"":37,""raw_hex"":""08"",""kind"":""LINE_BREAK""},{""offset"":55,""raw_hex"":""0d ff 00"",""kind"":""MESSAGE_END""}]",REVIEW_1,NO,CHARACTER_GUIDE v0.1 적용. context-v1 복원 원문 1차 번역.,SUPPORTED: structured scenario command; header FACE slot maps to face_yuuki_03; runtime display not yet checked. PROVEN: byte-identical source command exists at the same path and offsets on Disc 2. SUPPORTED: context-v1 glyph 복원; 런타임 원문 검증 전. TERM: 버스피어·파스·도박장.,"そういえばアルフィナ<G0026>
この旅が<G0263>わったら
どうするの？<G0001>全部
うまい具合に解<G0410>したらさ！",SUPPORTED,"0001,0026,0263,0410",NONE,
SCN_10214104_00740000_0063,SCENARIO,scenario_message,DATA/10214104.MDZ,DATA/10214104.MDT,0x00740000,10214104,62,0x004d6054,0x004d604f,c4 3d f0 26 f0 c5 eb a0 22 f0 3a f0 c5 f0 88 c2 7e 46 08 90 c2 9c 7d 69 f5 75 95 92 bb 08 cc 3e f0 21 2e f3 95 94 b5 79 9c 46 0d ff 00,"アルフィナのパン屋さんか…
そんなお店あったら
オレ、通っちゃうな…","알피나의 빵집인가…
그런 가게가 있다면
나 매일 다닐 텐데…",UNASSIGNED,ユウキ,"[{""offset"":-5,""raw_hex"":""02 0e 00 02 00"",""kind"":""MESSAGE_HEADER"",""opcode"":2,""argument"":2},{""offset"":18,""raw_hex"":""08"",""kind"":""LINE_BREAK""},{""offset"":29,""raw_hex"":""08"",""kind"":""LINE_BREAK""},{""offset"":42,""raw_hex"":""0d ff 00"",""kind"":""MESSAGE_END""}]",REVIEW_1,NO,CHARACTER_GUIDE v0.1 적용. context-v1 복원 원문 1차 번역.,SUPPORTED: structured scenario command; header FACE slot maps to face_yuuki_03; runtime display not yet checked. PROVEN: byte-identical source command exists at the same path and offsets on Disc 2. SUPPORTED: context-v1 glyph 복원; 런타임 원문 검증 전. TERM: 버스피어·파스·도박장.,"アルフィナのパン<G0175>さんか<G0026>
そんなお<G0529>あったら
オレ<G0001>通っちゃうな<G0026>",SUPPORTED,"0001,0026,0175,0529",NONE,
SCN_10214104_00740000_0066,SCENARIO,scenario_message,DATA/10214104.MDZ,DATA/10214104.MDT,0x00740000,10214104,65,0x004d61aa,0x004d61a5,62 f0 e0 f0 9c 99 f2 a0 4d f5 ca f2 c1 21 c3 f4 da f0 dc f2 9d 08 84 f4 79 c0 84 9d a1 77 7e 9c 77 7e bb 9c 08 a9 f4 7e 95 98 2c f0 3a f0 e9 71 f1 7e 95 92 46 0d ff 00,"大切な空の仲間を、食事中に
失うわけにはいかないからな
助かってホント良かった…","소중한 하늘의 동료를 식사 중에
잃을 수는 없으니까
살아서 정말 다행이야…",UNASSIGNED,ユウキ,"[{""offset"":-5,""raw_hex"":""02 0e 00 08 00"",""kind"":""MESSAGE_HEADER"",""opcode"":2,""argument"":8},{""offset"":21,""raw_hex"":""08"",""kind"":""LINE_BREAK""},{""offset"":36,""raw_hex"":""08"",""kind"":""LINE_BREAK""},{""offset"":53,""raw_hex"":""0d ff 00"",""kind"":""MESSAGE_END""}]",REVIEW_1,NO,CHARACTER_GUIDE v0.1 적용. context-v1 복원 원문 1차 번역.,SUPPORTED: structured scenario command; header FACE slot maps to face_yuuki_09; runtime display not yet checked. PROVEN: byte-identical source command exists at the same path and offsets on Disc 2. SUPPORTED: context-v1 glyph 복원; 런타임 원문 검증 전. TERM: 버스피어·파스·도박장.,"大切な空の仲間を<G0001>食事中に
<G0474>うわけにはいかないからな
<G0499>かってホント良かった<G0026>",SUPPORTED,"0001,0026,0474,0499",NONE,
SCN_10214104_00740000_0068,SCENARIO,scenario_message,DATA/10214104.MDZ,DATA/10214104.MDT,0x00740000,10214104,67,0x004d62c5,0x004d62c0,9c 74 c8 3d f0 21 7b f0 7e bd 93 bf 44 08 db f2 9e f0 9d b0 9a c0 bc 96 82 3c f2 c1 08 26 f0 3d f0 db 25 f0 47 ea 99 08 41 f3 bc e0 f0 95 92 2c f1 9d 75 bd 30 f2 50 f2 46 0d ff 00,"なぁウル、分かるだろ？
身体にまとわりつく雲を
フルスピードで
振り切った先にある太陽…","그렇지, 울? 알겠지?
몸에 달라붙는 구름을
최고 속도로
뿌리치고 나면 보이는 태양…",UNASSIGNED,ユウキ,"[{""offset"":-5,""raw_hex"":""02 0e 00 02 00"",""kind"":""MESSAGE_HEADER"",""opcode"":2,""argument"":2},{""offset"":13,""raw_hex"":""08"",""kind"":""LINE_BREAK""},{""offset"":28,""raw_hex"":""08"",""kind"":""LINE_BREAK""},{""offset"":39,""raw_hex"":""08"",""kind"":""LINE_BREAK""},{""offset"":57,""raw_hex"":""0d ff 00"",""kind"":""MESSAGE_END""}]",REVIEW_1,NO,CHARACTER_GUIDE v0.1 적용. context-v1 복원 원문 1차 번역.,SUPPORTED: structured scenario command; header FACE slot maps to face_yuuki_03; runtime display not yet checked. PROVEN: byte-identical source command exists at the same path and offsets on Disc 2. SUPPORTED: context-v1 glyph 복원; 런타임 원문 검증 전. TERM: 버스피어·파스·도박장.,"な<G0054>ウル<G0001>分かるだろ？
身体にまとわりつく雲を
フルスピードで
振り切った先にある太陽<G0026>",SUPPORTED,"0001,0026,0054",NONE,
SCN_10214104_00740000_0069,SCENARIO,scenario_message,DATA/10214104.MDZ,DATA/10214104.MDT,0x00740000,10214104,68,0x004d6363,0x004d635e,b4 8a 7e 8a 98 c4 3d f0 26 f0 c5 eb 08 49 f1 42 f1 af f3 a0 24 f5 72 f8 8a 98 b1 92 77 44 08 d2 f3 5b f0 75 bd a0 44 0d ff 00,"もしかしてアルフィナ
飛行機の操縦してみたい？
興味あるの？","혹시 알피나도
비행기를 조종해 보고 싶어?
관심 있어?",UNASSIGNED,ユウキ,"[{""offset"":-5,""raw_hex"":""02 0e 00 02 00"",""kind"":""MESSAGE_HEADER"",""opcode"":2,""argument"":2},{""offset"":12,""raw_hex"":""08"",""kind"":""LINE_BREAK""},{""offset"":30,""raw_hex"":""08"",""kind"":""LINE_BREAK""},{""offset"":39,""raw_hex"":""0d ff 00"",""kind"":""MESSAGE_END""}]",REVIEW_1,NO,CHARACTER_GUIDE v0.1 적용. context-v1 복원 원문 1차 번역.,SUPPORTED: structured scenario command; header FACE slot maps to face_yuuki_03; runtime display not yet checked. PROVEN: byte-identical source command exists at the same path and offsets on Disc 2. SUPPORTED: context-v1 glyph 복원; 런타임 원문 검증 전. TERM: 버스피어·파스·도박장.,"もしかしてアルフィナ
飛行機の<G04E4><G07A2>してみたい？
<G03F2>味あるの？",SUPPORTED,03F2,SUPPORTED,"04E4,07A2"
SCN_10214104_00740000_0070,SCENARIO,scenario_message,DATA/10214104.MDZ,DATA/10214104.MDT,0x00740000,10214104,69,0x004d63e4,0x004d63df,90 95 7e 46 08 9c bb 77 96 7e 96 f2 7b bd ba 08 90 a0 7e c0 bc 21 80 a5 8a 82 77 82 7e bb 08 6f f0 37 f4 8a 9a 77 98 82 be ba 43 0d ff 00,"そっか…
ならいつか教えるよ
そのかわり、きびしくいくから
覚悟しといてくれよ！","그렇구나…
그럼 언젠가 가르쳐 줄게
대신 엄하게 할 테니까
각오해 둬!",UNASSIGNED,ユウキ,"[{""offset"":-5,""raw_hex"":""02 0e 00 0a 00"",""kind"":""MESSAGE_HEADER"",""opcode"":2,""argument"":10},{""offset"":4,""raw_hex"":""08"",""kind"":""LINE_BREAK""},{""offset"":15,""raw_hex"":""08"",""kind"":""LINE_BREAK""},{""offset"":30,""raw_hex"":""08"",""kind"":""LINE_BREAK""},{""offset"":43,""raw_hex"":""0d ff 00"",""kind"":""MESSAGE_END""}]",REVIEW_1,NO,CHARACTER_GUIDE v0.1 적용. context-v1 복원 원문 1차 번역.,SUPPORTED: structured scenario command; header FACE slot maps to face_yuuki_11; runtime display not yet checked. PROVEN: byte-identical source command exists at the same path and offsets on Disc 2. SUPPORTED: context-v1 glyph 복원; 런타임 원문 검증 전. TERM: 버스피어·파스·도박장.,"そっか<G0026>
ならいつか<G02E6>えるよ
そのかわり<G0001>きびしくいくから
覚<G0427>しといてくれよ！",SUPPORTED,"0001,0026,02E6,0427",NONE,
SCN_10214104_00740000_0071,SCENARIO,scenario_message,DATA/10214104.MDZ,DATA/10214104.MDT,0x00740000,10214104,70,0x004d645f,0x004d645a,aa f4 a0 59 f1 9c a0 9d 49 f1 42 f1 af f3 c1 08 24 f5 72 f8 8a 98 b1 92 77 95 98 46 08 c4 3d f0 26 f0 c5 eb 95 98 21 b6 95 a3 08 94 b9 95 9a 70 f0 c0 95 98 bd ba 9c 0d ff 00,"女の子なのに飛行機を
操縦してみたいって…
アルフィナって、やっぱ
ちょっと変わってるよな","여자아이인데 비행기를
조종해 보고 싶다니…
알피나는 역시
조금 특이하네.",UNASSIGNED,ユウキ,"[{""offset"":-5,""raw_hex"":""02 0e 00 03 00"",""kind"":""MESSAGE_HEADER"",""opcode"":2,""argument"":3},{""offset"":15,""raw_hex"":""08"",""kind"":""LINE_BREAK""},{""offset"":28,""raw_hex"":""08"",""kind"":""LINE_BREAK""},{""offset"":42,""raw_hex"":""08"",""kind"":""LINE_BREAK""},{""offset"":55,""raw_hex"":""0d ff 00"",""kind"":""MESSAGE_END""}]",REVIEW_1,NO,CHARACTER_GUIDE v0.1 적용. context-v1 복원 원문 1차 번역.,SUPPORTED: structured scenario command; header FACE slot maps to face_yuuki_04; runtime display not yet checked. PROVEN: byte-identical source command exists at the same path and offsets on Disc 2. SUPPORTED: context-v1 glyph 복원; 런타임 원문 검증 전. TERM: 버스피어·파스·도박장.,"女の子なのに飛行機を
<G04E4><G07A2>してみたいって<G0026>
アルフィナって<G0001>やっ<G0083>
ちょっと変わってるよな",SUPPORTED,"0001,0026,0083",SUPPORTED,"04E4,07A2"
SCN_10214104_00740000_0072,SCENARIO,scenario_message,DATA/10214104.MDZ,DATA/10214104.MDT,0x00740000,10214104,71,0x004d657f,0x004d657a,9b 79 8c bd 46 08 90 bf 90 bf 42 f1 82 44 0d ff 00,"どうする…
そろそろ行く？","어떻게 할까…
슬슬 갈까?",UNASSIGNED,ユウキ,"[{""offset"":-5,""raw_hex"":""02 0e 00 02 00"",""kind"":""MESSAGE_HEADER"",""opcode"":2,""argument"":2},{""offset"":5,""raw_hex"":""08"",""kind"":""LINE_BREAK""},{""offset"":14,""raw_hex"":""0d ff 00"",""kind"":""MESSAGE_END""}]",REVIEW_1,NO,CHARACTER_GUIDE v0.1 적용. context-v1 복원 원문 1차 번역.,SUPPORTED: structured scenario command; header FACE slot maps to face_yuuki_03; runtime display not yet checked. PROVEN: byte-identical source command exists at the same path and offsets on Disc 2. SUPPORTED: context-v1 glyph 복원; 런타임 원문 검증 전. TERM: 버스피어·파스·도박장.,"どうする<G0026>
そろそろ行く？",SUPPORTED,0026,NONE,
SCN_10450201_00740000_0005,SCENARIO,scenario_message,DATA/10450201.MDZ,DATA/10450201.MDT,0x00740000,10450201,4,0x004a005f,0x004a005a,b6 b3 bd 08 9f f4 98 f5 8c bd 4c c3 f4 da f0 69 f1 80 4d 0d ff 00,"やめる
宿泊する「食事付き」","그만둔다
숙박한다 「식사 포함」",UNASSIGNED,ユウキ,"[{""offset"":-5,""raw_hex"":""02 0e 00 01 00"",""kind"":""MESSAGE_HEADER"",""opcode"":2,""argument"":1},{""offset"":3,""raw_hex"":""08"",""kind"":""LINE_BREAK""},{""offset"":19,""raw_hex"":""0d ff 00"",""kind"":""MESSAGE_END""}]",REVIEW_1,NO,CHARACTER_GUIDE v0.1 적용. context-v1 복원 원문 1차 번역.,SUPPORTED: structured scenario command; header FACE slot maps to face_yuuki_02; runtime display not yet checked. PROVEN: byte-identical source command exists at the same path and offsets on Disc 2. SUPPORTED: context-v1 glyph 복원; 런타임 원문 검증 전. TERM: 버스피어·파스·도박장.,"やめる
宿<G0558>する<G002C>食事付き<G002D>",SUPPORTED,"002C,002D,0558",NONE,
