id,category,sub_category,source_file,inner_file,record_id,scene_id,string_index,original_offset,pointer_offset,jp_raw_hex,jp_text,kr_text,kr_encoded_hex,speaker,control_codes,status,game_verified,translator_note,review_note,canonical_jp_text,reference_glyph_status,reference_glyphs_used,image_glyph_status,image_glyphs_used
SCN_00214100_00740000_0073,SCENARIO,scenario_message,DATA/00214100.MDZ,DATA/00214100.MDT,0x00740000,00214100,72,0x00382ff0,0x00382feb,75 75 21 90 79 88 43 08 52 51 48 f4 af f3 9a 4d f0 8b f6 9d 08 eb f2 97 f2 dc f2 c1 49 f1 a5 5f f0 bd c2 93 43 0d ff 00,"ああ、そうさ！
21号機と一緒に
世界中を飛び回るんだ！","그래, 맞아!
21호기와 함께
전 세계를 날아다닐 거야!",UNASSIGNED,ユウキ,"[{""offset"":-5,""raw_hex"":""02 0e 00 0a 00"",""kind"":""MESSAGE_HEADER"",""opcode"":2,""argument"":10},{""offset"":7,""raw_hex"":""08"",""kind"":""LINE_BREAK""},{""offset"":20,""raw_hex"":""08"",""kind"":""LINE_BREAK""},{""offset"":37,""raw_hex"":""0d ff 00"",""kind"":""MESSAGE_END""}]",REVIEW_1,NO,CHARACTER_GUIDE v0.1 적용. context-v1 복원 원문 1차 번역.,SUPPORTED: structured scenario command; header FACE slot maps to face_yuuki_11; runtime display not yet checked. PROVEN: byte-identical source command exists at the same path and offsets on Disc 2. SUPPORTED: context-v1 glyph 복원; 런타임 원문 검증 전. TERM: 버스피어·파스·도박장.,"ああ<G0001>そうさ！
21号機と一<G061B>に
世界中を飛び回るんだ！",SUPPORTED,"0001,061B",NONE,
SCN_00214100_00740000_0074,SCENARIO,scenario_message,DATA/00214100.MDZ,DATA/00214100.MDT,0x00740000,00214100,73,0x0038306f,0x0038306a,c8 3d f0 46 21 c3 f4 ab bd 7e 64 f0 8c 7e 08 9b 95 94 7e 9d 8a bf ba 46 0d ff 00,"ウル…、食べるか話すか
どっちかにしろよ…","울… 먹든지 말하든지
둘 중 하나만 해…",UNASSIGNED,ユウキ,"[{""offset"":-5,""raw_hex"":""02 0e 00 08 00"",""kind"":""MESSAGE_HEADER"",""opcode"":2,""argument"":8},{""offset"":14,""raw_hex"":""08"",""kind"":""LINE_BREAK""},{""offset"":24,""raw_hex"":""0d ff 00"",""kind"":""MESSAGE_END""}]",REVIEW_1,NO,CHARACTER_GUIDE v0.1 적용. context-v1 복원 원문 1차 번역.,SUPPORTED: structured scenario command; header FACE slot maps to face_yuuki_09; runtime display not yet checked. PROVEN: byte-identical source command exists at the same path and offsets on Disc 2. SUPPORTED: context-v1 glyph 복원; 런타임 원문 검증 전. TERM: 버스피어·파스·도박장.,"ウル<G0026><G0001>食べるか<G0114>すか
どっちかにしろよ<G0026>",SUPPORTED,"0001,0026,0114",NONE,
SCN_00214100_00740000_0075,SCENARIO,scenario_message,DATA/00214100.MDZ,DATA/00214100.MDT,0x00740000,00214100,74,0x00383208,0x00383203,46 ad bb 21 c8 3d f0 08 86 95 94 7f 9d f0 78 f1 a0 67 f1 46 0d ff 00,"…ほら、ウル
こっちが本当の水…","…자, 울
이쪽이 진짜 물이야…",UNASSIGNED,ユウキ,"[{""offset"":-5,""raw_hex"":""02 0e 00 08 00"",""kind"":""MESSAGE_HEADER"",""opcode"":2,""argument"":8},{""offset"":7,""raw_hex"":""08"",""kind"":""LINE_BREAK""},{""offset"":20,""raw_hex"":""0d ff 00"",""kind"":""MESSAGE_END""}]",REVIEW_1,NO,CHARACTER_GUIDE v0.1 적용. context-v1 복원 원문 1차 번역.,SUPPORTED: structured scenario command; header FACE slot maps to face_yuuki_09; runtime display not yet checked. PROVEN: byte-identical source command exists at the same path and offsets on Disc 2. SUPPORTED: context-v1 glyph 복원; 런타임 원문 검증 전. TERM: 버스피어·파스·도박장.,"<G0026>ほら<G0001>ウル
こっちが本当の水<G0026>",SUPPORTED,"0001,0026",NONE,
SCN_00214100_00740000_0076,SCENARIO,scenario_message,DATA/00214100.MDZ,DATA/00214100.MDT,0x00740000,00214100,75,0x003832c1,0x003832bc,75 95 46 21 c4 3d f0 26 f0 c5 eb b4 08 b4 94 bf c2 4d f5 ca f2 93 ba 43 08 4d f0 8b f6 9d 99 f2 c1 49 f1 c2 99 bd 8b b5 9c 77 7e 0d ff 00,"あっ…、アルフィナも
もちろん仲間だよ！
一緒に空を飛んでるじゃないか","아… 알피나도
물론 동료지!
같이 하늘을 날고 있잖아.",UNASSIGNED,ユウキ,"[{""offset"":-5,""raw_hex"":""02 0e 00 08 00"",""kind"":""MESSAGE_HEADER"",""opcode"":2,""argument"":8},{""offset"":12,""raw_hex"":""08"",""kind"":""LINE_BREAK""},{""offset"":24,""raw_hex"":""08"",""kind"":""LINE_BREAK""},{""offset"":43,""raw_hex"":""0d ff 00"",""kind"":""MESSAGE_END""}]",REVIEW_1,NO,CHARACTER_GUIDE v0.1 적용. context-v1 복원 원문 1차 번역.,SUPPORTED: structured scenario command; header FACE slot maps to face_yuuki_09; runtime display not yet checked. PROVEN: byte-identical source command exists at the same path and offsets on Disc 2. SUPPORTED: context-v1 glyph 복원; 런타임 원문 검증 전. TERM: 버스피어·파스·도박장.,"あっ<G0026><G0001>アルフィナも
もちろん仲間だよ！
一<G061B>に空を飛んでるじゃないか",SUPPORTED,"0001,0026,061B",NONE,
SCN_00214100_00740000_0078,SCENARIO,scenario_message,DATA/00214100.MDZ,DATA/00214100.MDT,0x00740000,00214100,77,0x003837a9,0x003837a4,a1 a1 46 21 b0 93 c3 f4 79 a0 7e ba 46 08 c8 3d f0 a0 61 f3 82 f1 95 98 08 9b 86 9d 96 9c 7f 95 98 c2 93 bf 46 0d ff 00,"はは…、まだ食うのかよ…
ウルの胃袋って
どこにつながってんだろ…","하하… 아직도 먹는 거야…
울의 위는
어디로 이어져 있는 걸까…",UNASSIGNED,ユウキ,"[{""offset"":-5,""raw_hex"":""02 0e 00 08 00"",""kind"":""MESSAGE_HEADER"",""opcode"":2,""argument"":8},{""offset"":13,""raw_hex"":""08"",""kind"":""LINE_BREAK""},{""offset"":24,""raw_hex"":""08"",""kind"":""LINE_BREAK""},{""offset"":37,""raw_hex"":""0d ff 00"",""kind"":""MESSAGE_END""}]",REVIEW_1,NO,CHARACTER_GUIDE v0.1 적용. context-v1 복원 원문 1차 번역.,SUPPORTED: structured scenario command; header FACE slot maps to face_yuuki_09; runtime display not yet checked. PROVEN: byte-identical source command exists at the same path and offsets on Disc 2. SUPPORTED: context-v1 glyph 복원; 런타임 원문 검증 전. TERM: 버스피어·파스·도박장.,"はは<G0026><G0001>まだ食うのかよ<G0026>
ウルの<G0381><G0202>って
どこにつながってんだろ<G0026>",SUPPORTED,"0001,0026",SUPPORTED,"0202,0381"
SCN_00214100_00740000_0079,SCENARIO,scenario_message,DATA/00214100.MDZ,DATA/00214100.MDT,0x00740000,00214100,78,0x003838b8,0x003838b3,ba 8a 95 43 21 c8 3d f0 08 86 be c1 b8 95 82 bc 67 f3 b2 c2 93 43 0d ff 00,"よしっ！、ウル
これをゆっくり飲むんだ！","좋아! 울
이걸 천천히 마셔!",UNASSIGNED,ユウキ,"[{""offset"":-5,""raw_hex"":""02 0e 00 07 00"",""kind"":""MESSAGE_HEADER"",""opcode"":2,""argument"":7},{""offset"":8,""raw_hex"":""08"",""kind"":""LINE_BREAK""},{""offset"":22,""raw_hex"":""0d ff 00"",""kind"":""MESSAGE_END""}]",REVIEW_1,NO,CHARACTER_GUIDE v0.1 적용. context-v1 복원 원문 1차 번역.,SUPPORTED: structured scenario command; header FACE slot maps to face_yuuki_08; runtime display not yet checked. PROVEN: byte-identical source command exists at the same path and offsets on Disc 2. SUPPORTED: context-v1 glyph 복원; 런타임 원문 검증 전. TERM: 버스피어·파스·도박장.,"よしっ！<G0001>ウル
これをゆっくり飲むんだ！",SUPPORTED,0001,NONE,
SCN_00214100_00740000_0080,SCENARIO,scenario_message,DATA/00214100.MDZ,DATA/00214100.MDT,0x00740000,00214100,79,0x0038391b,0x00383916,26 f2 95 7a f2 9c ab f3 8a 98 46 08 7e 9c bc ac f3 9c 7e 95 92 b1 92 77 93 9c 08 90 c2 9c 79 f2 77 99 c3 f4 79 9c ba 46 0d ff 00,"真っ青な顔して…
かなり危なかったみたいだな
そんな急いで食うなよ…","얼굴이 새파래졌네…
상당히 위험했던 모양이야
그렇게 급하게 먹지 마…",UNASSIGNED,ユウキ,"[{""offset"":-5,""raw_hex"":""02 0e 00 08 00"",""kind"":""MESSAGE_HEADER"",""opcode"":2,""argument"":8},{""offset"":11,""raw_hex"":""08"",""kind"":""LINE_BREAK""},{""offset"":26,""raw_hex"":""08"",""kind"":""LINE_BREAK""},{""offset"":40,""raw_hex"":""0d ff 00"",""kind"":""MESSAGE_END""}]",REVIEW_1,NO,CHARACTER_GUIDE v0.1 적용. context-v1 복원 원문 1차 번역.,SUPPORTED: structured scenario command; header FACE slot maps to face_yuuki_09; runtime display not yet checked. PROVEN: byte-identical source command exists at the same path and offsets on Disc 2. SUPPORTED: context-v1 glyph 복원; 런타임 원문 검증 전. TERM: 버스피어·파스·도박장.,"真っ青な<G03CB>して<G0026>
かなり危なかったみたいだな
そんな急いで食うなよ<G0026>",SUPPORTED,"0026,03CB",NONE,
SCN_00214100_00740000_0081,SCENARIO,scenario_message,DATA/00214100.MDZ,DATA/00214100.MDT,0x00740000,00214100,80,0x00383b1e,0x00383b19,b0 93 21 cc 3e f0 a1 c3 f4 ab bb be bd 8f 43 08 90 79 93 9c 21 42 f1 82 7e 43 0d ff 00,"まだ、オレは食べられるよ！
そうだな、行くか！","난 아직 먹을 수 있어!
그래, 갈까!",UNASSIGNED,ユウキ,"[{""offset"":-5,""raw_hex"":""02 0e 00 01 00"",""kind"":""MESSAGE_HEADER"",""opcode"":2,""argument"":1},{""offset"":15,""raw_hex"":""08"",""kind"":""LINE_BREAK""},{""offset"":26,""raw_hex"":""0d ff 00"",""kind"":""MESSAGE_END""}]",REVIEW_1,NO,CHARACTER_GUIDE v0.1 적용. context-v1 복원 원문 1차 번역.,SUPPORTED: structured scenario command; header FACE slot maps to face_yuuki_02; runtime display not yet checked. PROVEN: byte-identical source command exists at the same path and offsets on Disc 2. SUPPORTED: context-v1 glyph 복원; 런타임 원문 검증 전. TERM: 버스피어·파스·도박장.,"まだ<G0001>オレは食べられる<G006F>！
そうだな<G0001>行くか！",SUPPORTED,"0001,006F",NONE,
SCN_00214100_00740000_0083,SCENARIO,scenario_message,DATA/00214100.MDZ,DATA/00214100.MDT,0x00740000,00214100,82,0x00383d86,0x00383d81,a1 a1 95 21 92 82 88 c2 c3 f4 ab 98 08 21 f0 d1 3b f0 42 f1 80 a0 26 f0 3b f0 c6 e9 9d 08 7a f0 7b 9c 77 9a 9c 43 0d ff 00,"ははっ、たくさん食べて
バクラ行きのフライトに
備えないとな！","하핫, 많이 먹고
바쿠라행 비행에
대비해야지!",UNASSIGNED,ユウキ,"[{""offset"":-5,""raw_hex"":""02 0e 00 03 00"",""kind"":""MESSAGE_HEADER"",""opcode"":2,""argument"":3},{""offset"":12,""raw_hex"":""08"",""kind"":""LINE_BREAK""},{""offset"":29,""raw_hex"":""08"",""kind"":""LINE_BREAK""},{""offset"":38,""raw_hex"":""0d ff 00"",""kind"":""MESSAGE_END""}]",REVIEW_1,NO,CHARACTER_GUIDE v0.1 적용. context-v1 복원 원문 1차 번역.,SUPPORTED: structured scenario command; header FACE slot maps to face_yuuki_04; runtime display not yet checked. PROVEN: byte-identical source command exists at the same path and offsets on Disc 2. SUPPORTED: context-v1 glyph 복원; 런타임 원문 검증 전. TERM: 버스피어·파스·도박장.,"ははっ<G0001>たくさん食べて
バクラ行きのフライトに
備えないとな！",SUPPORTED,0001,NONE,
SCN_00214100_00740000_0085,SCENARIO,scenario_message,DATA/00214100.MDZ,DATA/00214100.MDT,0x00740000,00214100,84,0x00383e87,0x00383e82,30 f0 40 f0 d1 a0 cd 3a f0 d9 38 f0 d1 46 44 08 9c c2 93 90 bc b5 0d ff 00,"ミワクのカンショク…？
なんだそりゃ","매혹의 감촉…?
그게 뭐야?",UNASSIGNED,ユウキ,"[{""offset"":-5,""raw_hex"":""02 0e 00 0b 00"",""kind"":""MESSAGE_HEADER"",""opcode"":2,""argument"":11},{""offset"":15,""raw_hex"":""08"",""kind"":""LINE_BREAK""},{""offset"":22,""raw_hex"":""0d ff 00"",""kind"":""MESSAGE_END""}]",REVIEW_1,NO,CHARACTER_GUIDE v0.1 적용. context-v1 복원 원문 1차 번역.,SUPPORTED: structured scenario command; header FACE slot maps to face_yuuki_12; runtime display not yet checked. PROVEN: byte-identical source command exists at the same path and offsets on Disc 2. SUPPORTED: context-v1 glyph 복원; 런타임 원문 검증 전. TERM: 버스피어·파스·도박장.,"ミワクのカンショク<G0026>？
なんだそりゃ",SUPPORTED,0026,NONE,
SCN_00214100_00740000_0086,SCENARIO,scenario_message,DATA/00214100.MDZ,DATA/00214100.MDT,0x00740000,00214100,85,0x00383f0f,0x00383f0a,b1 f0 62 f3 77 95 98 46 44 08 ce f5 9d 21 90 c2 9c 86 9a a1 08 9c 77 9a a1 f1 79 84 9b 46 0d ff 00,"場違いって…？
別に、そんなことは
ないと思うけど…","장소에 안 어울린다고…?
딱히 그렇지는
않은 것 같은데…",UNASSIGNED,アルフィナ,"[{""offset"":-5,""raw_hex"":""02 0e 00 0c 00"",""kind"":""MESSAGE_HEADER"",""opcode"":2,""argument"":12},{""offset"":9,""raw_hex"":""08"",""kind"":""LINE_BREAK""},{""offset"":20,""raw_hex"":""08"",""kind"":""LINE_BREAK""},{""offset"":30,""raw_hex"":""0d ff 00"",""kind"":""MESSAGE_END""}]",REVIEW_1,NO,CHARACTER_GUIDE v0.1 적용. context-v1 복원 원문 1차 번역.,SUPPORTED: structured scenario command; header FACE slot maps to face_alfina_01; runtime display not yet checked. PROVEN: byte-identical source command exists at the same path and offsets on Disc 2. SUPPORTED: context-v1 glyph 복원; 런타임 원문 검증 전. TERM: 버스피어·파스·도박장.,"場違いって<G0026>？
別に<G0001>そんなことは
ないと思うけど<G0026>",SUPPORTED,"0001,0026",NONE,
SCN_00214100_00740000_0087,SCENARIO,scenario_message,DATA/00214100.MDZ,DATA/00214100.MDT,0x00740000,00214100,86,0x00383f50,0x00383f4b,93 84 9b 46 08 81 f0 b4 ec f1 bb 9c 77 9a 86 bf 99 08 6a f2 7e 84 98 37 f2 9e f4 c1 ad f1 95 98 46 08 90 be a1 46 21 8c 87 77 86 9a 93 ba 9c 46 0d ff 00,"だけど…
誰も知らないところで
命かけて聖獣を守って…
それは…、すごいことだよな…","하지만…
아무도 모르는 곳에서
목숨을 걸고 성수를 지키다니…
그건… 정말 대단한 일이야…",UNASSIGNED,ユウキ,"[{""offset"":-5,""raw_hex"":""02 0e 00 01 00"",""kind"":""MESSAGE_HEADER"",""opcode"":2,""argument"":1},{""offset"":4,""raw_hex"":""08"",""kind"":""LINE_BREAK""},{""offset"":17,""raw_hex"":""08"",""kind"":""LINE_BREAK""},{""offset"":33,""raw_hex"":""08"",""kind"":""LINE_BREAK""},{""offset"":48,""raw_hex"":""0d ff 00"",""kind"":""MESSAGE_END""}]",REVIEW_1,NO,CHARACTER_GUIDE v0.1 적용. context-v1 복원 원문 1차 번역.,SUPPORTED: structured scenario command; header FACE slot maps to face_yuuki_02; runtime display not yet checked. PROVEN: byte-identical source command exists at the same path and offsets on Disc 2. SUPPORTED: context-v1 glyph 복원; 런타임 원문 검증 전. TERM: 버스피어·파스·도박장.,"だけど<G0026>
誰も知らないところで
命かけて聖獣を守って<G0026>
それは<G0026><G0001>すごいことだよな<G0026>",SUPPORTED,"0001,0026",NONE,
SCN_00214100_00740000_0088,SCENARIO,scenario_message,DATA/00214100.MDZ,DATA/00214100.MDT,0x00740000,00214100,87,0x0038402e,0x00384029,21 f0 d1 3b f0 a0 d7 f0 92 94 46 08 90 be c1 ec f1 95 92 bb 5d f0 7b f0 92 94 7f 08 b2 f0 be c5 f3 bb be 98 bd b1 92 77 99 08 80 95 9a 21 d8 f1 77 ba 9c 46 0d ff 00,"バクラの人たち…
それを知ったら自分たちが
忘れ去られてるみたいで
きっと、辛いよな…","바쿠라 사람들…
그걸 알게 되면 자신들이
잊힌 것처럼 느껴져서
분명 괴롭겠지…",UNASSIGNED,アルフィナ,"[{""offset"":-5,""raw_hex"":""02 0e 00 0c 00"",""kind"":""MESSAGE_HEADER"",""opcode"":2,""argument"":12},{""offset"":11,""raw_hex"":""08"",""kind"":""LINE_BREAK""},{""offset"":27,""raw_hex"":""08"",""kind"":""LINE_BREAK""},{""offset"":41,""raw_hex"":""08"",""kind"":""LINE_BREAK""},{""offset"":52,""raw_hex"":""0d ff 00"",""kind"":""MESSAGE_END""}]",REVIEW_1,NO,CHARACTER_GUIDE v0.1 적용. context-v1 복원 원문 1차 번역.,SUPPORTED: structured scenario command; header FACE slot maps to face_alfina_01; runtime display not yet checked. PROVEN: byte-identical source command exists at the same path and offsets on Disc 2. SUPPORTED: context-v1 glyph 복원; 런타임 원문 검증 전. TERM: 버스피어·파스·도박장.,"バクラの人たち<G0026>
それを知ったら自分たちが
<G0162>れ<G03E5>られてるみたいで
きっと<G0001><G0258>いよな<G0026>",SUPPORTED,"0001,0026,0162,0258,03E5",NONE,
SCN_00214100_00740000_0090,SCENARIO,scenario_message,DATA/00214100.MDZ,DATA/00214100.MDT,0x00740000,00214100,89,0x0038410f,0x0038410a,46 a7 78 21 90 bf 90 bf 42 f1 82 7e 44 08 88 8c 7f a0 c8 3d f0 b4 08 b4 79 7d c4 f5 21 77 95 a3 77 93 bf 44 0d ff 00,"…ふう、そろそろ行くか？
さすがのウルも
もうお腹、いっぱいだろ？","…후, 슬슬 갈까?
아무리 울이라도
이제 배가 부르지?",UNASSIGNED,ユウキ,"[{""offset"":-5,""raw_hex"":""02 0e 00 02 00"",""kind"":""MESSAGE_HEADER"",""opcode"":2,""argument"":2},{""offset"":13,""raw_hex"":""08"",""kind"":""LINE_BREAK""},{""offset"":22,""raw_hex"":""08"",""kind"":""LINE_BREAK""},{""offset"":36,""raw_hex"":""0d ff 00"",""kind"":""MESSAGE_END""}]",REVIEW_1,NO,CHARACTER_GUIDE v0.1 적용. context-v1 복원 원문 1차 번역.,SUPPORTED: structured scenario command; header FACE slot maps to face_yuuki_03; runtime display not yet checked. PROVEN: byte-identical source command exists at the same path and offsets on Disc 2. SUPPORTED: context-v1 glyph 복원; 런타임 원문 검증 전. TERM: 버스피어·파스·도박장.,"<G0026>ふ<G0058><G0001>そろそろ行くか？
さすがのウルも
もうお<G0584><G0001>いっ<G0083>いだろ？",SUPPORTED,"0001,0026,0083,0584",SUPPORTED,0058
SCN_00214100_00740000_0091,SCENARIO,scenario_message,DATA/00214100.MDZ,DATA/00214100.MDT,0x00740000,00214100,90,0x003841a7,0x003841a2,77 77 84 9b 46 08 c3 f4 77 8c 81 99 7d c4 f5 86 c0 8c 9c ba 46 0d ff 00,"いいけど…
食いすぎでお腹こわすなよ…","좋지만…
너무 많이 먹고 배탈 나지 마…",UNASSIGNED,ユウキ,"[{""offset"":-5,""raw_hex"":""02 0e 00 08 00"",""kind"":""MESSAGE_HEADER"",""opcode"":2,""argument"":8},{""offset"":5,""raw_hex"":""08"",""kind"":""LINE_BREAK""},{""offset"":21,""raw_hex"":""0d ff 00"",""kind"":""MESSAGE_END""}]",REVIEW_1,NO,CHARACTER_GUIDE v0.1 적용. context-v1 복원 원문 1차 번역.,SUPPORTED: structured scenario command; header FACE slot maps to face_yuuki_09; runtime display not yet checked. PROVEN: byte-identical source command exists at the same path and offsets on Disc 2. SUPPORTED: context-v1 glyph 복원; 런타임 원문 검증 전. TERM: 버스피어·파스·도박장.,"いいけど<G0026>
食いすぎでお<G0584>こわすなよ<G0026>",SUPPORTED,"0026,0584",NONE,
SCN_00214100_00740000_0092,SCENARIO,scenario_message,DATA/00214100.MDZ,DATA/00214100.MDT,0x00740000,00214100,91,0x003841f2,0x003841ed,88 95 43 21 9a 95 9a 9a 08 21 f0 d1 3b f0 9d 23 f6 bb 9c 77 9a 9c 08 df f0 82 21 39 f0 c8 e9 9d 08 63 f0 77 9d 77 7e 9c 77 9a 43 0d ff 00,"さっ！、とっとと
バクラに戻らないとな
早く、ヨウトに
会いにいかないと！","자! 서둘러
바쿠라로 돌아가야 해
어서 요우토를
만나러 가야 한다고!",UNASSIGNED,ユウキ,"[{""offset"":-5,""raw_hex"":""02 0e 00 01 00"",""kind"":""MESSAGE_HEADER"",""opcode"":2,""argument"":1},{""offset"":8,""raw_hex"":""08"",""kind"":""LINE_BREAK""},{""offset"":22,""raw_hex"":""08"",""kind"":""LINE_BREAK""},{""offset"":32,""raw_hex"":""08"",""kind"":""LINE_BREAK""},{""offset"":43,""raw_hex"":""0d ff 00"",""kind"":""MESSAGE_END""}]",REVIEW_1,NO,CHARACTER_GUIDE v0.1 적용. context-v1 복원 원문 1차 번역.,SUPPORTED: structured scenario command; header FACE slot maps to face_yuuki_02; runtime display not yet checked. PROVEN: byte-identical source command exists at the same path and offsets on Disc 2. SUPPORTED: context-v1 glyph 복원; 런타임 원문 검증 전. TERM: 버스피어·파스·도박장.,"さっ！<G0001>とっとと
バクラに戻らないとな
早く<G0001>ヨウトに
<G0113>いにいかないと！",SUPPORTED,"0001,0113",NONE,
SCN_00214100_00740000_0093,SCENARIO,scenario_message,DATA/00214100.MDZ,DATA/00214100.MDT,0x00740000,00214100,92,0x00384250,0x0038424b,4a f3 7a f0 7f d5 f4 95 92 bb 08 29 f0 3d f0 c4 dd 3d f0 9d dd f2 84 98 88 f0 c4 f2 93 43 08 bb f0 c1 21 87 f0 80 ad f7 b3 98 08 42 f1 7e 9c 77 9a 9c 43 0d ff 00,"準備が整ったら
ヘルアセルに向けて出発だ！
気を、引き締めて
行かないとな！","준비가 끝나면
헬 아셀을 향해 출발이다!
마음을 단단히 먹고
가야 해!",UNASSIGNED,ユウキ,"[{""offset"":-5,""raw_hex"":""02 0e 00 0a 00"",""kind"":""MESSAGE_HEADER"",""opcode"":2,""argument"":10},{""offset"":10,""raw_hex"":""08"",""kind"":""LINE_BREAK""},{""offset"":30,""raw_hex"":""08"",""kind"":""LINE_BREAK""},{""offset"":42,""raw_hex"":""08"",""kind"":""LINE_BREAK""},{""offset"":51,""raw_hex"":""0d ff 00"",""kind"":""MESSAGE_END""}]",REVIEW_1,NO,CHARACTER_GUIDE v0.1 적용. context-v1 복원 원문 1차 번역.,SUPPORTED: structured scenario command; header FACE slot maps to face_yuuki_11; runtime display not yet checked. PROVEN: byte-identical source command exists at the same path and offsets on Disc 2. SUPPORTED: context-v1 glyph 복원; 런타임 원문 검증 전. TERM: 버스피어·파스·도박장.,"準備が<G04C5>ったら
ヘルアセルに向けて出発だ！
気を<G0001>引き<G070D>めて
行かないとな！",SUPPORTED,"0001,04C5,070D",NONE,
SCN_00214100_00740000_0094,SCENARIO,scenario_message,DATA/00214100.MDZ,DATA/00214100.MDT,0x00740000,00214100,93,0x00384407,0x00384402,aa 95 46 21 b1 f0 62 f3 77 95 98 44 0d ff 00,へっ…、場違いって？,쳇… 장소에 안 어울린다고?,UNASSIGNED,ユウキ,"[{""offset"":-5,""raw_hex"":""02 0e 00 06 00"",""kind"":""MESSAGE_HEADER"",""opcode"":2,""argument"":6},{""offset"":12,""raw_hex"":""0d ff 00"",""kind"":""MESSAGE_END""}]",REVIEW_1,NO,CHARACTER_GUIDE v0.1 적용. context-v1 복원 원문 1차 번역.,SUPPORTED: structured scenario command; header FACE slot maps to face_yuuki_07; runtime display not yet checked. PROVEN: byte-identical source command exists at the same path and offsets on Disc 2. SUPPORTED: context-v1 glyph 복원; 런타임 원문 검증 전. TERM: 버스피어·파스·도박장.,へっ<G0026><G0001>場違いって？,SUPPORTED,"0001,0026",NONE,
SCN_00214100_00740000_0095,SCENARIO,scenario_message,DATA/00214100.MDZ,DATA/00214100.MDT,0x00740000,00214100,94,0x00384487,0x00384482,77 b6 46 08 90 79 77 79 86 9a 8b b5 9c 77 93 bf 46 0d ff 00,"いや…
そういうことじゃないだろ…","아니…
그런 뜻은 아니잖아…",UNASSIGNED,ユウキ,"[{""offset"":-5,""raw_hex"":""02 0e 00 08 00"",""kind"":""MESSAGE_HEADER"",""opcode"":2,""argument"":8},{""offset"":3,""raw_hex"":""08"",""kind"":""LINE_BREAK""},{""offset"":17,""raw_hex"":""0d ff 00"",""kind"":""MESSAGE_END""}]",REVIEW_1,NO,CHARACTER_GUIDE v0.1 적용. context-v1 복원 원문 1차 번역.,SUPPORTED: structured scenario command; header FACE slot maps to face_yuuki_09; runtime display not yet checked. PROVEN: byte-identical source command exists at the same path and offsets on Disc 2. SUPPORTED: context-v1 glyph 복원; 런타임 원문 검증 전. TERM: 버스피어·파스·도박장.,"いや<G0026>
そういうことじゃないだろ<G0026>",SUPPORTED,0026,NONE,
SCN_00214100_00740000_0096,SCENARIO,scenario_message,DATA/00214100.MDZ,DATA/00214100.MDT,0x00740000,00214100,95,0x0038468e,0x00384689,99 b4 88 21 9d f6 a7 f3 93 95 92 bf 44 08 d9 21 f0 a0 95 f5 9d bc f2 95 98 08 21 f0 d1 3b f0 c1 99 f2 7e bb 4d f0 df f5 8a 98 88 43 0d ff 00,"でもさ、壮観だったろ？
シバの背に乗って
バクラを空から一望してさ！","그래도 장관이었지?
시바의 등에 올라타서
하늘에서 바쿠라를 한눈에 내려다보는 거 말이야!",UNASSIGNED,ユウキ,"[{""offset"":-5,""raw_hex"":""02 0e 00 02 00"",""kind"":""MESSAGE_HEADER"",""opcode"":2,""argument"":2},{""offset"":13,""raw_hex"":""08"",""kind"":""LINE_BREAK""},{""offset"":25,""raw_hex"":""08"",""kind"":""LINE_BREAK""},{""offset"":44,""raw_hex"":""0d ff 00"",""kind"":""MESSAGE_END""}]",REVIEW_1,NO,CHARACTER_GUIDE v0.1 적용. context-v1 복원 원문 1차 번역.,SUPPORTED: structured scenario command; header FACE slot maps to face_yuuki_03; runtime display not yet checked. PROVEN: byte-identical source command exists at the same path and offsets on Disc 2. SUPPORTED: context-v1 glyph 복원; 런타임 원문 검증 전. TERM: 버스피어·파스·도박장.,"でもさ<G0001><G062D><G03C7>だったろ？
シバの<G0555>に乗って
バクラを空から一<G059F>してさ！",SUPPORTED,"0001,03C7",SUPPORTED,"0555,059F,062D"
SCN_00214100_00740000_0097,SCENARIO,scenario_message,DATA/00214100.MDZ,DATA/00214100.MDT,0x00740000,00214100,96,0x00384ab4,0x00384aaf,80 f3 7f 93 f2 66 f3 93 95 92 c2 93 44 0d ff 00,何が原因だったんだ？,원인이 뭐였어?,UNASSIGNED,ユウキ,"[{""offset"":-5,""raw_hex"":""02 0e 00 0b 00"",""kind"":""MESSAGE_HEADER"",""opcode"":2,""argument"":11},{""offset"":13,""raw_hex"":""0d ff 00"",""kind"":""MESSAGE_END""}]",REVIEW_1,NO,CHARACTER_GUIDE v0.1 적용. context-v1 복원 원문 1차 번역.,SUPPORTED: structured scenario command; header FACE slot maps to face_yuuki_12; runtime display not yet checked. PROVEN: byte-identical source command exists at the same path and offsets on Disc 2. SUPPORTED: context-v1 glyph 복원; 런타임 원문 검증 전. TERM: 버스피어·파스·도박장.,何が<G02E3><G0386>だったんだ？,SUPPORTED,0386,SUPPORTED,02E3
SCN_00214100_00740000_0098,SCENARIO,scenario_message,DATA/00214100.MDZ,DATA/00214100.MDT,0x00740000,00214100,97,0x00384b2b,0x00384b26,90 c2 9c 86 9a 99 08 4d f5 62 f3 77 8c c2 9c ba 46 0d ff 00,"そんなことで
仲違いすんなよ…","그런 일로
싸우지 마…",UNASSIGNED,ユウキ,"[{""offset"":-5,""raw_hex"":""02 0e 00 08 00"",""kind"":""MESSAGE_HEADER"",""opcode"":2,""argument"":8},{""offset"":6,""raw_hex"":""08"",""kind"":""LINE_BREAK""},{""offset"":17,""raw_hex"":""0d ff 00"",""kind"":""MESSAGE_END""}]",REVIEW_1,NO,CHARACTER_GUIDE v0.1 적용. context-v1 복원 원문 1차 번역.,SUPPORTED: structured scenario command; header FACE slot maps to face_yuuki_09; runtime display not yet checked. PROVEN: byte-identical source command exists at the same path and offsets on Disc 2. SUPPORTED: context-v1 glyph 복원; 런타임 원문 검증 전. TERM: 버스피어·파스·도박장.,"そんなことで
仲違いすんなよ<G0026>",SUPPORTED,0026,NONE,
SCN_00214100_00740000_0099,SCENARIO,scenario_message,DATA/00214100.MDZ,DATA/00214100.MDT,0x00740000,00214100,98,0x00384bca,0x00384bc5,8b b5 75 88 46 08 32 f0 d9 c3 f4 77 94 f2 b3 92 9a 80 08 cc 3e f0 7f c8 3d f0 a0 72 f2 08 c3 f4 ab 92 a0 95 98 46 0d ff 00,"じゃあさ…
メシ食い始めたとき
オレがウルの肉
食べたのって…","그럼 말이야…
밥을 먹기 시작했을 때
내가 울의 고기를
먹은 건…",UNASSIGNED,ユウキ,"[{""offset"":-5,""raw_hex"":""02 0e 00 08 00"",""kind"":""MESSAGE_HEADER"",""opcode"":2,""argument"":8},{""offset"":5,""raw_hex"":""08"",""kind"":""LINE_BREAK""},{""offset"":18,""raw_hex"":""08"",""kind"":""LINE_BREAK""},{""offset"":29,""raw_hex"":""08"",""kind"":""LINE_BREAK""},{""offset"":38,""raw_hex"":""0d ff 00"",""kind"":""MESSAGE_END""}]",REVIEW_1,NO,CHARACTER_GUIDE v0.1 적용. context-v1 복원 원문 1차 번역.,SUPPORTED: structured scenario command; header FACE slot maps to face_yuuki_09; runtime display not yet checked. PROVEN: byte-identical source command exists at the same path and offsets on Disc 2. SUPPORTED: context-v1 glyph 복원; 런타임 원문 검증 전. TERM: 버스피어·파스·도박장.,"じゃあさ<G0026>
メシ食い<G02E4>めたとき
オレがウルの肉
食べたのって<G0026>",SUPPORTED,"0026,02E4",NONE,
SCN_00214100_00740000_0100,SCENARIO,scenario_message,DATA/00214100.MDZ,DATA/00214100.MDT,0x00740000,00214100,99,0x00384c1c,0x00384c17,46 46 87 b3 c2 9c 21 c8 3d f0 0d ff 00,……ごめんな、ウル,"……미안해, 울.",UNASSIGNED,ユウキ,"[{""offset"":-5,""raw_hex"":""02 0e 00 08 00"",""kind"":""MESSAGE_HEADER"",""opcode"":2,""argument"":8},{""offset"":10,""raw_hex"":""0d ff 00"",""kind"":""MESSAGE_END""}]",REVIEW_1,NO,CHARACTER_GUIDE v0.1 적용. context-v1 복원 원문 1차 번역.,SUPPORTED: structured scenario command; header FACE slot maps to face_yuuki_09; runtime display not yet checked. PROVEN: byte-identical source command exists at the same path and offsets on Disc 2. SUPPORTED: context-v1 glyph 복원; 런타임 원문 검증 전. TERM: 버스피어·파스·도박장.,<G0026><G0026>ごめんな<G0001>ウル,SUPPORTED,"0001,0026",NONE,
SCN_00214100_00740000_0101,SCENARIO,scenario_message,DATA/00214100.MDZ,DATA/00214100.MDT,0x00740000,00214100,100,0x00384e8b,0x00384e86,b0 74 46 21 cc 3e f0 b4 08 c4 3d f0 26 f0 c5 eb 9a 63 f0 79 b0 99 a1 08 9c c2 9d b4 ec f1 bb 9c 7e 95 92 8a 9c 46 0d ff 00,"まぁ…、オレも
アルフィナと会うまでは
なんにも知らなかったしな…","뭐… 나도
알피나를 만나기 전까지는
아무것도 몰랐으니까…",UNASSIGNED,ユウキ,"[{""offset"":-5,""raw_hex"":""02 0e 00 08 00"",""kind"":""MESSAGE_HEADER"",""opcode"":2,""argument"":8},{""offset"":8,""raw_hex"":""08"",""kind"":""LINE_BREAK""},{""offset"":23,""raw_hex"":""08"",""kind"":""LINE_BREAK""},{""offset"":38,""raw_hex"":""0d ff 00"",""kind"":""MESSAGE_END""}]",REVIEW_1,NO,CHARACTER_GUIDE v0.1 적용. context-v1 복원 원문 1차 번역.,SUPPORTED: structured scenario command; header FACE slot maps to face_yuuki_09; runtime display not yet checked. PROVEN: byte-identical source command exists at the same path and offsets on Disc 2. SUPPORTED: context-v1 glyph 복원; 런타임 원문 검증 전. TERM: 버스피어·파스·도박장.,"ま<G0054><G0026><G0001>オレも
アルフィナと<G0113>うまでは
なんにも知らなかったしな<G0026>",SUPPORTED,"0001,0026,0054,0113",NONE,
SCN_00214100_00740000_0102,SCENARIO,scenario_message,DATA/00214100.MDZ,DATA/00214100.MDT,0x00740000,00214100,101,0x003850cd,0x003850c8,9c c2 7e 46 21 86 79 b6 95 98 08 32 f0 3a f0 e8 c5 9d 84 f1 bd a0 b4 08 be f3 8a a8 bc 95 98 9c f3 8b 93 9c 0d ff 00,"なんか…、こうやって
メンディに来るのも
久しぶりって感じだな","왠지… 이렇게
멘디에 오는 것도
오랜만인 기분이네.",UNASSIGNED,ユウキ,"[{""offset"":-5,""raw_hex"":""02 0e 00 02 00"",""kind"":""MESSAGE_HEADER"",""opcode"":2,""argument"":2},{""offset"":10,""raw_hex"":""08"",""kind"":""LINE_BREAK""},{""offset"":23,""raw_hex"":""08"",""kind"":""LINE_BREAK""},{""offset"":36,""raw_hex"":""0d ff 00"",""kind"":""MESSAGE_END""}]",REVIEW_1,NO,CHARACTER_GUIDE v0.1 적용. context-v1 복원 원문 1차 번역.,SUPPORTED: structured scenario command; header FACE slot maps to face_yuuki_03; runtime display not yet checked. PROVEN: byte-identical source command exists at the same path and offsets on Disc 2. SUPPORTED: context-v1 glyph 복원; 런타임 원문 검증 전. TERM: 버스피어·파스·도박장.,"なんか<G0026><G0001>こうやって
メンディに来るのも
久しぶりって感じだな",SUPPORTED,"0001,0026",NONE,
SCN_00214100_00740000_0104,SCENARIO,scenario_message,DATA/00214100.MDZ,DATA/00214100.MDT,0x00740000,00214100,103,0x0038518c,0x00385187,99 b4 21 c8 3d f0 08 75 f0 bc 9e f2 a0 c1 f1 96 f1 9c c2 98 08 ba 82 ec f1 95 98 bd 9c 0d ff 00,"でも、ウル
渡り鳥の生態なんて
よく知ってるな","그런데 울
철새의 생태 같은 걸
잘 알고 있네.",UNASSIGNED,ユウキ,"[{""offset"":-5,""raw_hex"":""02 0e 00 0b 00"",""kind"":""MESSAGE_HEADER"",""opcode"":2,""argument"":11},{""offset"":6,""raw_hex"":""08"",""kind"":""LINE_BREAK""},{""offset"":20,""raw_hex"":""08"",""kind"":""LINE_BREAK""},{""offset"":29,""raw_hex"":""0d ff 00"",""kind"":""MESSAGE_END""}]",REVIEW_1,NO,CHARACTER_GUIDE v0.1 적용. context-v1 복원 원문 1차 번역.,SUPPORTED: structured scenario command; header FACE slot maps to face_yuuki_12; runtime display not yet checked. PROVEN: byte-identical source command exists at the same path and offsets on Disc 2. SUPPORTED: context-v1 glyph 복원; 런타임 원문 검증 전. TERM: 버스피어·파스·도박장.,"でも<G0001>ウル
渡り鳥の生態なんて
よく知ってるな",SUPPORTED,0001,NONE,
SCN_00214100_00740000_0105,SCENARIO,scenario_message,DATA/00214100.MDZ,DATA/00214100.MDT,0x00740000,00214100,104,0x003852a3,0x0038529e,c8 3d f0 7f 90 c2 9c ec f1 ed f1 9d 08 82 c0 8a 77 9c c2 98 46 08 94 b9 95 9a 5b f1 5c f1 93 9c 0d ff 00,"ウルがそんな知識に
くわしいなんて…
ちょっと意外だな","울이 그런 지식에
밝다니…
조금 의외네.",UNASSIGNED,ユウキ,"[{""offset"":-5,""raw_hex"":""02 0e 00 0b 00"",""kind"":""MESSAGE_HEADER"",""opcode"":2,""argument"":11},{""offset"":12,""raw_hex"":""08"",""kind"":""LINE_BREAK""},{""offset"":21,""raw_hex"":""08"",""kind"":""LINE_BREAK""},{""offset"":32,""raw_hex"":""0d ff 00"",""kind"":""MESSAGE_END""}]",REVIEW_1,NO,CHARACTER_GUIDE v0.1 적용. context-v1 복원 원문 1차 번역.,SUPPORTED: structured scenario command; header FACE slot maps to face_yuuki_12; runtime display not yet checked. PROVEN: byte-identical source command exists at the same path and offsets on Disc 2. SUPPORTED: context-v1 glyph 복원; 런타임 원문 검증 전. TERM: 버스피어·파스·도박장.,"ウルがそんな知識に
くわしいなんて<G0026>
ちょっと意<G01DC>だな",SUPPORTED,"0026,01DC",NONE,
SCN_00214100_00740000_0106,SCENARIO,scenario_message,DATA/00214100.MDZ,DATA/00214100.MDT,0x00740000,00214100,105,0x00385313,0x0038530e,8b b5 75 21 b4 a0 8a bc 97 f5 70 f1 43 08 53 56 57 52 53 7e 84 bd 58 53 a1 44 0d ff 00,"じゃあ、ものしり博士！
26722かける82は？","그럼 박사님!
26722 곱하기 82는?",UNASSIGNED,ユウキ,"[{""offset"":-5,""raw_hex"":""02 0e 00 01 00"",""kind"":""MESSAGE_HEADER"",""opcode"":2,""argument"":1},{""offset"":13,""raw_hex"":""08"",""kind"":""LINE_BREAK""},{""offset"":26,""raw_hex"":""0d ff 00"",""kind"":""MESSAGE_END""}]",REVIEW_1,NO,CHARACTER_GUIDE v0.1 적용. context-v1 복원 원문 1차 번역.,SUPPORTED: structured scenario command; header FACE slot maps to face_yuuki_02; runtime display not yet checked. PROVEN: byte-identical source command exists at the same path and offsets on Disc 2. SUPPORTED: context-v1 glyph 복원; 런타임 원문 검증 전. TERM: 버스피어·파스·도박장.,"じゃあ<G0001>ものしり<G0557>士！
<G0033><G0036><G0037>2<G0033>かける<G0038><G0033>は？",SUPPORTED,"0001,0033",SUPPORTED,"0036,0037,0038,0557"
SCN_00214100_00740000_0107,SCENARIO,scenario_message,DATA/00214100.MDZ,DATA/00214100.MDT,0x00740000,00214100,106,0x003853ae,0x003853a9,90 c2 9c 9d 8b f5 c2 99 46 08 77 8b c0 bd 8a 98 08 87 b3 c2 9c 21 c8 3d f0 0d ff 00,"そんなに悩んで…
いじわるして
ごめんな、ウル","그렇게 고민하다니…
짓궂게 굴어서
미안해, 울.",UNASSIGNED,ユウキ,"[{""offset"":-5,""raw_hex"":""02 0e 00 08 00"",""kind"":""MESSAGE_HEADER"",""opcode"":2,""argument"":8},{""offset"":9,""raw_hex"":""08"",""kind"":""LINE_BREAK""},{""offset"":16,""raw_hex"":""08"",""kind"":""LINE_BREAK""},{""offset"":25,""raw_hex"":""0d ff 00"",""kind"":""MESSAGE_END""}]",REVIEW_1,NO,CHARACTER_GUIDE v0.1 적용. context-v1 복원 원문 1차 번역.,SUPPORTED: structured scenario command; header FACE slot maps to face_yuuki_09; runtime display not yet checked. PROVEN: byte-identical source command exists at the same path and offsets on Disc 2. SUPPORTED: context-v1 glyph 복원; 런타임 원문 검증 전. TERM: 버스피어·파스·도박장.,"そんなに<G054B>んで<G0026>
いじわるして
ごめんな<G0001>ウル",SUPPORTED,"0001,0026,054B",NONE,
SCN_00214100_00740000_0108,SCENARIO,scenario_message,DATA/00214100.MDZ,DATA/00214100.MDT,0x00740000,00214100,107,0x003853f5,0x003853f0,75 f0 bc 9e f2 a0 e3 24 f0 db d3 7e 46 08 9c c2 7e 60 f2 99 f5 90 79 93 9c 08 c8 3d f0 46 21 64 f0 a0 8c f0 80 08 c8 f5 7e 8e 98 82 be ba 0d ff 00,"渡り鳥のチビスケか…
なんか面白そうだな
ウル…、話の続き
聞かせてくれよ","철새 꼬맹이라…
왠지 재미있을 것 같네
울… 이야기의 뒷부분을
들려줘.",UNASSIGNED,ユウキ,"[{""offset"":-5,""raw_hex"":""02 0e 00 02 00"",""kind"":""MESSAGE_HEADER"",""opcode"":2,""argument"":2},{""offset"":13,""raw_hex"":""08"",""kind"":""LINE_BREAK""},{""offset"":25,""raw_hex"":""08"",""kind"":""LINE_BREAK""},{""offset"":37,""raw_hex"":""08"",""kind"":""LINE_BREAK""},{""offset"":46,""raw_hex"":""0d ff 00"",""kind"":""MESSAGE_END""}]",REVIEW_1,NO,CHARACTER_GUIDE v0.1 적용. context-v1 복원 원문 1차 번역.,SUPPORTED: structured scenario command; header FACE slot maps to face_yuuki_03; runtime display not yet checked. PROVEN: byte-identical source command exists at the same path and offsets on Disc 2. SUPPORTED: context-v1 glyph 복원; 런타임 원문 검증 전. TERM: 버스피어·파스·도박장.,"渡り鳥のチビスケか<G0026>
なんか面白そうだな
ウル<G0026><G0001><G0114>の<G013C>き
聞かせてくれよ",SUPPORTED,"0001,0026,0114,013C",NONE,
SCN_00214100_00740000_0109,SCENARIO,scenario_message,DATA/00214100.MDZ,DATA/00214100.MDT,0x00740000,00214100,108,0x00385488,0x00385483,c8 3d f0 21 90 79 ce e5 ce e5 08 c3 f4 ab c2 9c ba 46 08 34 f5 95 98 bd 7e bb 08 b8 95 82 bc c3 f4 ab bf 95 98 46 0d ff 00,"ウル、そうガツガツ
食べんなよ…
待ってるから
ゆっくり食べろって…","울, 그렇게 허겁지겁
먹지 마…
기다리고 있을 테니까
천천히 먹으라니까…",UNASSIGNED,ユウキ,"[{""offset"":-5,""raw_hex"":""02 0e 00 08 00"",""kind"":""MESSAGE_HEADER"",""opcode"":2,""argument"":8},{""offset"":10,""raw_hex"":""08"",""kind"":""LINE_BREAK""},{""offset"":18,""raw_hex"":""08"",""kind"":""LINE_BREAK""},{""offset"":26,""raw_hex"":""08"",""kind"":""LINE_BREAK""},{""offset"":38,""raw_hex"":""0d ff 00"",""kind"":""MESSAGE_END""}]",REVIEW_1,NO,CHARACTER_GUIDE v0.1 적용. context-v1 복원 원문 1차 번역.,SUPPORTED: structured scenario command; header FACE slot maps to face_yuuki_09; runtime display not yet checked. PROVEN: byte-identical source command exists at the same path and offsets on Disc 2. SUPPORTED: context-v1 glyph 복원; 런타임 원문 검증 전. TERM: 버스피어·파스·도박장.,"ウル<G0001>そうガツガツ
食べんなよ<G0026>
<G04F4>ってるから
ゆっくり食べろって<G0026>",SUPPORTED,"0001,0026,04F4",NONE,
SCN_00214100_00740000_0110,SCENARIO,scenario_message,DATA/00214100.MDZ,DATA/00214100.MDT,0x00740000,00214100,109,0x003854d2,0x003854cd,85 95 a9 8a 9c 7f bb 08 64 f0 8c 86 9a 8b b5 9c 77 93 bf 21 c8 3d f0 46 0d ff 00,"げっぶしながら
話すことじゃないだろ、ウル…","트림하면서
말할 건 아니잖아, 울…",UNASSIGNED,ユウキ,"[{""offset"":-5,""raw_hex"":""02 0e 00 08 00"",""kind"":""MESSAGE_HEADER"",""opcode"":2,""argument"":8},{""offset"":7,""raw_hex"":""08"",""kind"":""LINE_BREAK""},{""offset"":24,""raw_hex"":""0d ff 00"",""kind"":""MESSAGE_END""}]",REVIEW_1,NO,CHARACTER_GUIDE v0.1 적용. context-v1 복원 원문 1차 번역.,SUPPORTED: structured scenario command; header FACE slot maps to face_yuuki_09; runtime display not yet checked. PROVEN: byte-identical source command exists at the same path and offsets on Disc 2. SUPPORTED: context-v1 glyph 복원; 런타임 원문 검증 전. TERM: 버스피어·파스·도박장.,"げっ<G0089>しながら
<G0114>すことじゃないだろ<G0001>ウル<G0026>",SUPPORTED,"0001,0026,0114",SUPPORTED,0089
SCN_00214100_00740000_0111,SCENARIO,scenario_message,DATA/00214100.MDZ,DATA/00214100.MDT,0x00740000,00214100,110,0x00385517,0x00385512,99 b4 46 08 a9 f4 84 9c 7e 95 92 95 98 c0 bc 9d a1 08 53 84 f2 b4 a1 f0 98 92 c2 93 9c 08 e3 24 f0 db d3 a0 86 9a 46 0d ff 00,"でも…
助けなかったってわりには
2日も見てたんだな
チビスケのこと…","그래도…
도와주지 않았다기엔
이틀이나 지켜보고 있었네
그 꼬맹이를…",UNASSIGNED,ユウキ,"[{""offset"":-5,""raw_hex"":""02 0e 00 02 00"",""kind"":""MESSAGE_HEADER"",""opcode"":2,""argument"":2},{""offset"":3,""raw_hex"":""08"",""kind"":""LINE_BREAK""},{""offset"":17,""raw_hex"":""08"",""kind"":""LINE_BREAK""},{""offset"":29,""raw_hex"":""08"",""kind"":""LINE_BREAK""},{""offset"":39,""raw_hex"":""0d ff 00"",""kind"":""MESSAGE_END""}]",REVIEW_1,NO,CHARACTER_GUIDE v0.1 적용. context-v1 복원 원문 1차 번역.,SUPPORTED: structured scenario command; header FACE slot maps to face_yuuki_03; runtime display not yet checked. PROVEN: byte-identical source command exists at the same path and offsets on Disc 2. SUPPORTED: context-v1 glyph 복원; 런타임 원문 검증 전. TERM: 버스피어·파스·도박장.,"でも<G0026>
<G0499>けなかったってわりには
<G0033><G02D4>も見てたんだな
チビスケのこと<G0026>",SUPPORTED,"0026,0033,02D4,0499",NONE,
SCN_00214100_00740000_0112,SCENARIO,scenario_message,DATA/00214100.MDZ,DATA/00214100.MDT,0x00740000,00214100,111,0x0038559b,0x00385596,90 95 7e 46 08 90 be 99 a9 f4 84 8d 9d 08 d6 f2 d7 f2 8a 98 92 c2 93 9c 46 0d ff 00,"そっか…
それで助けずに
応援してたんだな…","그렇구나…
그래서 도와주지는 않고
응원하고 있었던 거구나…",UNASSIGNED,ユウキ,"[{""offset"":-5,""raw_hex"":""02 0e 00 02 00"",""kind"":""MESSAGE_HEADER"",""opcode"":2,""argument"":2},{""offset"":4,""raw_hex"":""08"",""kind"":""LINE_BREAK""},{""offset"":13,""raw_hex"":""08"",""kind"":""LINE_BREAK""},{""offset"":25,""raw_hex"":""0d ff 00"",""kind"":""MESSAGE_END""}]",REVIEW_1,NO,CHARACTER_GUIDE v0.1 적용. context-v1 복원 원문 1차 번역.,SUPPORTED: structured scenario command; header FACE slot maps to face_yuuki_03; runtime display not yet checked. PROVEN: byte-identical source command exists at the same path and offsets on Disc 2. SUPPORTED: context-v1 glyph 복원; 런타임 원문 검증 전. TERM: 버스피어·파스·도박장.,"そっか<G0026>
それで<G0499>けずに
応<G0327>してたんだな<G0026>",SUPPORTED,"0026,0327,0499",NONE,
SCN_00214100_00740000_0113,SCENARIO,scenario_message,DATA/00214100.MDZ,DATA/00214100.MDT,0x00740000,00214100,112,0x003855d1,0x003855cc,c8 3d f0 46 08 53 84 f2 ca f2 21 e3 24 f0 db d3 a0 86 9a 08 d6 f2 d7 f2 8a 98 92 c2 93 9c 46 0d ff 00,"ウル…
2日間、チビスケのこと
応援してたんだな…","울…
이틀 동안 그 꼬맹이를
응원하고 있었구나…",UNASSIGNED,ユウキ,"[{""offset"":-5,""raw_hex"":""02 0e 00 02 00"",""kind"":""MESSAGE_HEADER"",""opcode"":2,""argument"":2},{""offset"":4,""raw_hex"":""08"",""kind"":""LINE_BREAK""},{""offset"":19,""raw_hex"":""08"",""kind"":""LINE_BREAK""},{""offset"":31,""raw_hex"":""0d ff 00"",""kind"":""MESSAGE_END""}]",REVIEW_1,NO,CHARACTER_GUIDE v0.1 적용. context-v1 복원 원문 1차 번역.,SUPPORTED: structured scenario command; header FACE slot maps to face_yuuki_03; runtime display not yet checked. PROVEN: byte-identical source command exists at the same path and offsets on Disc 2. SUPPORTED: context-v1 glyph 복원; 런타임 원문 검증 전. TERM: 버스피어·파스·도박장.,"ウル<G0026>
<G0033><G02D4>間<G0001>チビスケのこと
応<G0327>してたんだな<G0026>",SUPPORTED,"0001,0026,0033,02D4,0327",NONE,
SCN_00214100_00740000_0114,SCENARIO,scenario_message,DATA/00214100.MDZ,DATA/00214100.MDT,0x00740000,00214100,113,0x00385614,0x0038560f,ce 3a f0 21 f0 3c f0 c5 f0 a0 08 e3 24 f0 db d3 92 94 7f c1 f1 80 98 bd 99 f2 46 08 cc 3e f0 92 94 7f ad f1 bb 9c 77 9a 9c 08 90 bf 90 bf 46 21 42 f1 82 7e 44 0d ff 00,"ガンバリ屋の
チビスケたちが生きてる空…
オレたちが守らないとな
そろそろ…、行くか？","열심히 살아가는
꼬맹이들이 살아가는 하늘…
우리가 지켜야 해
슬슬… 갈까?",UNASSIGNED,ユウキ,"[{""offset"":-5,""raw_hex"":""02 0e 00 02 00"",""kind"":""MESSAGE_HEADER"",""opcode"":2,""argument"":2},{""offset"":10,""raw_hex"":""08"",""kind"":""LINE_BREAK""},{""offset"":27,""raw_hex"":""08"",""kind"":""LINE_BREAK""},{""offset"":41,""raw_hex"":""08"",""kind"":""LINE_BREAK""},{""offset"":53,""raw_hex"":""0d ff 00"",""kind"":""MESSAGE_END""}]",REVIEW_1,NO,CHARACTER_GUIDE v0.1 적용. context-v1 복원 원문 1차 번역.,SUPPORTED: structured scenario command; header FACE slot maps to face_yuuki_03; runtime display not yet checked. PROVEN: byte-identical source command exists at the same path and offsets on Disc 2. SUPPORTED: context-v1 glyph 복원; 런타임 원문 검증 전. TERM: 버스피어·파스·도박장.,"ガンバリ<G0175>の
チビスケたちが生きてる空<G0026>
オレたちが守らないとな
そろそろ<G0026><G0001>行くか？",SUPPORTED,"0001,0026,0175",NONE,
SCN_00214100_00740000_0115,SCENARIO,scenario_message,DATA/00214100.MDZ,DATA/00214100.MDT,0x00740000,00214100,114,0x003856b7,0x003856b2,77 77 8f 46 08 b0 74 27 f1 94 4a f2 77 98 08 ba 82 7e c2 99 c3 f4 ab bf ba 46 0d ff 00,"いいよ…
まぁ落ち着いて
よくかんで食べろよ…","그래…
자, 진정하고
잘 씹어 먹어…",UNASSIGNED,ユウキ,"[{""offset"":-5,""raw_hex"":""02 0e 00 08 00"",""kind"":""MESSAGE_HEADER"",""opcode"":2,""argument"":8},{""offset"":4,""raw_hex"":""08"",""kind"":""LINE_BREAK""},{""offset"":14,""raw_hex"":""08"",""kind"":""LINE_BREAK""},{""offset"":26,""raw_hex"":""0d ff 00"",""kind"":""MESSAGE_END""}]",REVIEW_1,NO,CHARACTER_GUIDE v0.1 적용. context-v1 복원 원문 1차 번역.,SUPPORTED: structured scenario command; header FACE slot maps to face_yuuki_09; runtime display not yet checked. PROVEN: byte-identical source command exists at the same path and offsets on Disc 2. SUPPORTED: context-v1 glyph 복원; 런타임 원문 검증 전. TERM: 버스피어·파스·도박장.,"いい<G006F><G0026>
ま<G0054>落ち着いて
よくかんで食べろよ<G0026>",SUPPORTED,"0026,0054,006F",NONE,
SCN_00214100_00740000_0117,SCENARIO,scenario_message,DATA/00214100.MDZ,DATA/00214100.MDT,0x00740000,00214100,116,0x00385b70,0x00385b6b,6a f2 7f 84 a0 46 21 8d f0 26 f0 3b f0 c6 e9 7e 46 0d ff 00,命がけの…、初フライトか…,목숨을 건… 첫 비행인가…,UNASSIGNED,ユウキ,"[{""offset"":-5,""raw_hex"":""02 0e 00 0a 00"",""kind"":""MESSAGE_HEADER"",""opcode"":2,""argument"":10},{""offset"":17,""raw_hex"":""0d ff 00"",""kind"":""MESSAGE_END""}]",REVIEW_1,NO,CHARACTER_GUIDE v0.1 적용. context-v1 복원 원문 1차 번역.,SUPPORTED: structured scenario command; header FACE slot maps to face_yuuki_11; runtime display not yet checked. PROVEN: byte-identical source command exists at the same path and offsets on Disc 2. SUPPORTED: context-v1 glyph 복원; 런타임 원문 검증 전. TERM: 버스피어·파스·도박장.,命がけの<G0026><G0001>初フライトか<G0026>,SUPPORTED,"0001,0026",NONE,
SCN_00214100_00740000_0118,SCENARIO,scenario_message,DATA/00214100.MDZ,DATA/00214100.MDT,0x00740000,00214100,117,0x00385dd6,0x00385dd1,99 b4 88 46 21 9b 95 94 7f 08 75 f2 95 98 7b f0 7e bd a0 7e 44 0d ff 00,"でもさ…、どっちが
南って分かるのか？","그런데… 어느 쪽이
남쪽인지 알 수 있어?",UNASSIGNED,ユウキ,"[{""offset"":-5,""raw_hex"":""02 0e 00 0b 00"",""kind"":""MESSAGE_HEADER"",""opcode"":2,""argument"":11},{""offset"":9,""raw_hex"":""08"",""kind"":""LINE_BREAK""},{""offset"":21,""raw_hex"":""0d ff 00"",""kind"":""MESSAGE_END""}]",REVIEW_1,NO,CHARACTER_GUIDE v0.1 적용. context-v1 복원 원문 1차 번역.,SUPPORTED: structured scenario command; header FACE slot maps to face_yuuki_12; runtime display not yet checked. PROVEN: byte-identical source command exists at the same path and offsets on Disc 2. SUPPORTED: context-v1 glyph 복원; 런타임 원문 검증 전. TERM: 버스피어·파스·도박장.,"でもさ<G0026><G0001>どっちが
<G02C5>って分かるのか？",SUPPORTED,"0001,0026",SUPPORTED,02C5
SCN_00214100_00740000_0119,SCENARIO,scenario_message,DATA/00214100.MDZ,DATA/00214100.MDT,0x00740000,00214100,118,0x00385eeb,0x00385ee6,85 95 21 90 c2 9c 9d 43 08 c8 3d f0 ca f5 a0 c3 f4 77 8a c2 ae 79 93 9c 0d ff 00,"げっ、そんなに！
ウル並の食いしんぼうだな","헉, 그렇게나 많이!
울 못지않은 먹보네.",UNASSIGNED,ユウキ,"[{""offset"":-5,""raw_hex"":""02 0e 00 06 00"",""kind"":""MESSAGE_HEADER"",""opcode"":2,""argument"":6},{""offset"":8,""raw_hex"":""08"",""kind"":""LINE_BREAK""},{""offset"":24,""raw_hex"":""0d ff 00"",""kind"":""MESSAGE_END""}]",REVIEW_1,NO,CHARACTER_GUIDE v0.1 적용. context-v1 복원 원문 1차 번역.,SUPPORTED: structured scenario command; header FACE slot maps to face_yuuki_07; runtime display not yet checked. PROVEN: byte-identical source command exists at the same path and offsets on Disc 2. SUPPORTED: context-v1 glyph 복원; 런타임 원문 검증 전. TERM: 버스피어·파스·도박장.,"げっ<G0001>そんなに！
ウル<G058A>の食いしんぼうだな",SUPPORTED,"0001,058A",NONE,
SCN_00214100_00740000_0120,SCENARIO,scenario_message,DATA/00214100.MDZ,DATA/00214100.MDT,0x00740000,00214100,119,0x003868ed,0x003868e8,39 f0 c8 e9 46 21 7e 0d ff 00,ヨウト…、か,요우토…인가.,UNASSIGNED,ユウキ,"[{""offset"":-5,""raw_hex"":""02 0e 00 05 00"",""kind"":""MESSAGE_HEADER"",""opcode"":2,""argument"":5},{""offset"":7,""raw_hex"":""0d ff 00"",""kind"":""MESSAGE_END""}]",REVIEW_1,NO,CHARACTER_GUIDE v0.1 적용. context-v1 복원 원문 1차 번역.,SUPPORTED: structured scenario command; header FACE slot maps to face_yuuki_06; runtime display not yet checked. PROVEN: byte-identical source command exists at the same path and offsets on Disc 2. SUPPORTED: context-v1 glyph 복원; 런타임 원문 검증 전. TERM: 버스피어·파스·도박장.,ヨウト<G0026><G0001>か,SUPPORTED,"0001,0026",NONE,
SCN_00214100_00740000_0121,SCENARIO,scenario_message,DATA/00214100.MDZ,DATA/00214100.MDT,0x00740000,00214100,120,0x00386917,0x00386912,37 f2 9e f4 b4 c8 3d f0 92 94 2d f2 bc d7 f0 b4 08 b4 79 80 f3 4f f3 4a f1 b4 21 86 a0 eb f2 97 f2 c1 08 ad f1 95 98 80 92 c2 93 b4 c2 9c 46 0d ff 00,"聖獣もウルたち護り人も
もう何百年も、この世界を
守ってきたんだもんな…","성수도 울 같은 수호자들도
수백 년 동안 이 세계를
지켜 온 거구나…",UNASSIGNED,アルフィナ,"[{""offset"":-5,""raw_hex"":""02 0e 00 0c 00"",""kind"":""MESSAGE_HEADER"",""opcode"":2,""argument"":12},{""offset"":16,""raw_hex"":""08"",""kind"":""LINE_BREAK""},{""offset"":34,""raw_hex"":""08"",""kind"":""LINE_BREAK""},{""offset"":47,""raw_hex"":""0d ff 00"",""kind"":""MESSAGE_END""}]",REVIEW_1,NO,CHARACTER_GUIDE v0.1 적용. context-v1 복원 원문 1차 번역.,SUPPORTED: structured scenario command; header FACE slot maps to face_alfina_01; runtime display not yet checked. PROVEN: byte-identical source command exists at the same path and offsets on Disc 2. SUPPORTED: context-v1 glyph 복원; 런타임 원문 검증 전. TERM: 버스피어·파스·도박장.,"聖獣もウルたち護り人も
もう何<G036F><G01CA>も<G0001>この世界を
守ってきたんだもんな<G0026>",SUPPORTED,"0001,0026,01CA",SUPPORTED,036F
SCN_00214100_00740000_0122,SCENARIO,scenario_message,DATA/00214100.MDZ,DATA/00214100.MDT,0x00740000,00214100,121,0x00386969,0x00386964,75 77 96 7f 21 90 c2 9c 24 f1 9d 08 6d f2 c1 47 f2 8a 98 92 9c c2 98 46 08 8f c2 8f c2 21 f5 2c f5 99 80 9c 77 9c 46 0d ff 00,"あいつが、そんな風に
涙を流してたなんて…
ぜんぜん想像できないな…","그 녀석이 그렇게
눈물을 흘렸다니…
정말 상상도 안 되네…",UNASSIGNED,ユウキ,"[{""offset"":-5,""raw_hex"":""02 0e 00 05 00"",""kind"":""MESSAGE_HEADER"",""opcode"":2,""argument"":5},{""offset"":11,""raw_hex"":""08"",""kind"":""LINE_BREAK""},{""offset"":24,""raw_hex"":""08"",""kind"":""LINE_BREAK""},{""offset"":39,""raw_hex"":""0d ff 00"",""kind"":""MESSAGE_END""}]",REVIEW_1,NO,CHARACTER_GUIDE v0.1 적용. context-v1 복원 원문 1차 번역.,SUPPORTED: structured scenario command; header FACE slot maps to face_yuuki_06; runtime display not yet checked. PROVEN: byte-identical source command exists at the same path and offsets on Disc 2. SUPPORTED: context-v1 glyph 복원; 런타임 원문 검증 전. TERM: 버스피어·파스·도박장.,"あいつが<G0001>そんな風に
<G02BD>を流してたなんて<G0026>
<G006F>ん<G006F>ん<G04E1><G04EC>できないな<G0026>",SUPPORTED,"0001,0026,006F,02BD,04E1,04EC",NONE,
SCN_00214100_00740000_0123,SCENARIO,scenario_message,DATA/00214100.MDZ,DATA/00214100.MDT,0x00740000,00214100,122,0x003869b3,0x003869ae,5a f0 46 21 7e 0d ff 00,敵…、か,적…인가.,UNASSIGNED,アルフィナ,"[{""offset"":-5,""raw_hex"":""02 0e 00 0c 00"",""kind"":""MESSAGE_HEADER"",""opcode"":2,""argument"":12},{""offset"":5,""raw_hex"":""0d ff 00"",""kind"":""MESSAGE_END""}]",REVIEW_1,NO,CHARACTER_GUIDE v0.1 적용. context-v1 복원 원문 1차 번역.,SUPPORTED: structured scenario command; header FACE slot maps to face_alfina_01; runtime display not yet checked. PROVEN: byte-identical source command exists at the same path and offsets on Disc 2. SUPPORTED: context-v1 glyph 복원; 런타임 원문 검증 전. TERM: 버스피어·파스·도박장.,敵<G0026><G0001>か,SUPPORTED,"0001,0026",NONE,
SCN_00214100_00740000_0125,SCENARIO,scenario_message,DATA/00214100.MDZ,DATA/00214100.MDT,0x00740000,00214100,124,0x00386a7b,0x00386a76,75 a0 a7 92 bc a1 08 92 8a 7e 9d 3d f2 3e f2 7f 94 7f 95 98 92 08 93 84 9b 46 43 0d ff 00,"あのふたりは
たしかに次元がちがってた
だけど…！","그 두 사람은
확실히 차원이 달랐어
하지만…!",UNASSIGNED,ユウキ,"[{""offset"":-5,""raw_hex"":""02 0e 00 07 00"",""kind"":""MESSAGE_HEADER"",""opcode"":2,""argument"":7},{""offset"":6,""raw_hex"":""08"",""kind"":""LINE_BREAK""},{""offset"":21,""raw_hex"":""08"",""kind"":""LINE_BREAK""},{""offset"":27,""raw_hex"":""0d ff 00"",""kind"":""MESSAGE_END""}]",REVIEW_1,NO,CHARACTER_GUIDE v0.1 적용. context-v1 복원 원문 1차 번역.,SUPPORTED: structured scenario command; header FACE slot maps to face_yuuki_08; runtime display not yet checked. PROVEN: byte-identical source command exists at the same path and offsets on Disc 2. SUPPORTED: context-v1 glyph 복원; 런타임 원문 검증 전. TERM: 버스피어·파스·도박장.,"あのふたりは
たしかに次元がちがってた
だけど<G0026>！",SUPPORTED,0026,NONE,
SCN_00214100_00740000_0126,SCENARIO,scenario_message,DATA/00214100.MDZ,DATA/00214100.MDT,0x00740000,00214100,125,0x00386acf,0x00386aca,88 95 21 c4 f5 b4 77 95 a3 77 9d 9c 95 92 43 08 54 f1 e5 f1 a0 37 f2 9e f4 9d 63 f0 77 9d 42 f1 86 79 08 c4 3d f0 26 f0 c5 eb 43 21 90 a0 2c f1 9d 22 f2 7f 08 80 95 9a a1 f0 96 7e bd a1 8d 88 43 0d ff 00,"さっ、腹もいっぱいになった！
最後の聖獣に会いに行こう
アルフィナ！、その先に光が
きっと見つかるはずさ！","자, 배도 부르겠다!
마지막 성수를 만나러 가자
알피나! 그 앞에서 빛을
분명 찾을 수 있을 거야!",UNASSIGNED,ユウキ,"[{""offset"":-5,""raw_hex"":""02 0e 00 0a 00"",""kind"":""MESSAGE_HEADER"",""opcode"":2,""argument"":10},{""offset"":15,""raw_hex"":""08"",""kind"":""LINE_BREAK""},{""offset"":34,""raw_hex"":""08"",""kind"":""LINE_BREAK""},{""offset"":52,""raw_hex"":""08"",""kind"":""LINE_BREAK""},{""offset"":65,""raw_hex"":""0d ff 00"",""kind"":""MESSAGE_END""}]",REVIEW_1,NO,CHARACTER_GUIDE v0.1 적용. context-v1 복원 원문 1차 번역.,SUPPORTED: structured scenario command; header FACE slot maps to face_yuuki_11; runtime display not yet checked. PROVEN: byte-identical source command exists at the same path and offsets on Disc 2. SUPPORTED: context-v1 glyph 복원; 런타임 원문 검증 전. TERM: 버스피어·파스·도박장.,"さっ<G0001><G0584>もいっ<G0083>いになった！
<G01D4>後の聖獣に<G0113>いに行こう
アルフィナ！<G0001>その先に光が
きっと見つかるはずさ！",SUPPORTED,"0001,0083,0113,01D4,0584",NONE,
SCN_00214100_00740000_0127,SCENARIO,scenario_message,DATA/00214100.MDZ,DATA/00214100.MDT,0x00740000,00214100,126,0x00386b87,0x00386b82,75 75 21 b4 94 bf c2 43 0d ff 00,ああ、もちろん！,"그래, 물론이지!",UNASSIGNED,ユウキ,"[{""offset"":-5,""raw_hex"":""02 0e 00 02 00"",""kind"":""MESSAGE_HEADER"",""opcode"":2,""argument"":2},{""offset"":8,""raw_hex"":""0d ff 00"",""kind"":""MESSAGE_END""}]",REVIEW_1,NO,CHARACTER_GUIDE v0.1 적용. context-v1 복원 원문 1차 번역.,SUPPORTED: structured scenario command; header FACE slot maps to face_yuuki_03; runtime display not yet checked. PROVEN: byte-identical source command exists at the same path and offsets on Disc 2. SUPPORTED: context-v1 glyph 복원; 런타임 원문 검증 전. TERM: 버스피어·파스·도박장.,ああ<G0001>もちろん！,SUPPORTED,0001,NONE,
SCN_00214100_00740000_0128,SCENARIO,scenario_message,DATA/00214100.MDZ,DATA/00214100.MDT,0x00740000,00214100,127,0x00386c09,0x00386c04,88 95 21 c4 f5 b4 77 95 a3 77 9d 9c 95 92 43 08 e0 47 3a f0 c1 73 f5 8a 9d 46 08 42 f1 86 79 8f 21 b1 c2 9c 43 08 99 f2 a0 ab f5 5c f0 46 21 db 3d f0 2f f0 ec c4 9d 43 0d ff 00,"さっ、腹もいっぱいになった！
ゾーンを倒しに…
行こうよ、みんな！
空の彼方…、スルマニアに！","자, 배도 부르겠다!
존을 쓰러뜨리러…
가자, 모두!
하늘 저편… 수르마니아로!",UNASSIGNED,ユウキ,"[{""offset"":-5,""raw_hex"":""02 0e 00 01 00"",""kind"":""MESSAGE_HEADER"",""opcode"":2,""argument"":1},{""offset"":15,""raw_hex"":""08"",""kind"":""LINE_BREAK""},{""offset"":26,""raw_hex"":""08"",""kind"":""LINE_BREAK""},{""offset"":37,""raw_hex"":""08"",""kind"":""LINE_BREAK""},{""offset"":56,""raw_hex"":""0d ff 00"",""kind"":""MESSAGE_END""}]",REVIEW_1,NO,CHARACTER_GUIDE v0.1 적용. context-v1 복원 원문 1차 번역.,SUPPORTED: structured scenario command; header FACE slot maps to face_yuuki_02; runtime display not yet checked. PROVEN: byte-identical source command exists at the same path and offsets on Disc 2. SUPPORTED: context-v1 glyph 복원; 런타임 원문 검증 전. TERM: 버스피어·파스·도박장.,"さっ<G0001><G0584>もいっ<G0083>いになった！
ゾーンを倒しに<G0026>
行こう<G006F><G0001>みんな！
空の彼方<G0026><G0001>スルマニアに！",SUPPORTED,"0001,0026,006F,0083,0584",NONE,
SCN_00214100_00740000_0129,SCENARIO,scenario_message,DATA/00214100.MDZ,DATA/00214100.MDT,0x00740000,00214100,128,0x00386cb4,0x00386caf,75 75 21 b4 94 bf c2 43 0d ff 00,ああ、もちろん！,"그래, 물론이지!",UNASSIGNED,ユウキ,"[{""offset"":-5,""raw_hex"":""02 0e 00 02 00"",""kind"":""MESSAGE_HEADER"",""opcode"":2,""argument"":2},{""offset"":8,""raw_hex"":""0d ff 00"",""kind"":""MESSAGE_END""}]",REVIEW_1,NO,CHARACTER_GUIDE v0.1 적용. context-v1 복원 원문 1차 번역.,SUPPORTED: structured scenario command; header FACE slot maps to face_yuuki_03; runtime display not yet checked. PROVEN: byte-identical source command exists at the same path and offsets on Disc 2. SUPPORTED: context-v1 glyph 복원; 런타임 원문 검증 전. TERM: 버스피어·파스·도박장.,ああ<G0001>もちろん！,SUPPORTED,0001,NONE,
SCN_00214100_00740000_0133,SCENARIO,scenario_message,DATA/00214100.MDZ,DATA/00214100.MDT,0x00740000,00214100,132,0x0038745f,0x0038745a,58 2d f1 52 95 98 44 08 26 f5 7d f0 a1 ca 32 f0 3c f0 c8 db 9a 08 e0 47 3a f0 93 9a 8a 98 46 0d ff 00,"8対2って？
相手はエメリウスと
ゾーンだとして…","8 대 2라고?
상대가 에메리우스와
존이라고 해도…",UNASSIGNED,ユウキ,"[{""offset"":-5,""raw_hex"":""02 0e 00 0b 00"",""kind"":""MESSAGE_HEADER"",""opcode"":2,""argument"":11},{""offset"":7,""raw_hex"":""08"",""kind"":""LINE_BREAK""},{""offset"":21,""raw_hex"":""08"",""kind"":""LINE_BREAK""},{""offset"":31,""raw_hex"":""0d ff 00"",""kind"":""MESSAGE_END""}]",REVIEW_1,NO,CHARACTER_GUIDE v0.1 적용. context-v1 복원 원문 1차 번역.,SUPPORTED: structured scenario command; header FACE slot maps to face_yuuki_12; runtime display not yet checked. PROVEN: byte-identical source command exists at the same path and offsets on Disc 2. SUPPORTED: context-v1 glyph 복원; 런타임 원문 검증 전. TERM: 버스피어·파스·도박장.,"<G0038>対2って？
<G04E6>手はエメリウスと
ゾーンだとして<G0026>",SUPPORTED,"0026,04E6",SUPPORTED,0038
SCN_00214100_00740000_0134,SCENARIO,scenario_message,DATA/00214100.MDZ,DATA/00214100.MDT,0x00740000,00214100,133,0x003875b4,0x003875af,59 2d f1 52 95 98 44 08 26 f5 7d f0 a1 ca 32 f0 3c f0 c8 db 9a 08 e0 47 3a f0 93 9a 8a 98 46 0d ff 00,"9対2って？
相手はエメリウスと
ゾーンだとして…","9 대 2라고?
상대가 에메리우스와
존이라고 해도…",UNASSIGNED,ユウキ,"[{""offset"":-5,""raw_hex"":""02 0e 00 0b 00"",""kind"":""MESSAGE_HEADER"",""opcode"":2,""argument"":11},{""offset"":7,""raw_hex"":""08"",""kind"":""LINE_BREAK""},{""offset"":21,""raw_hex"":""08"",""kind"":""LINE_BREAK""},{""offset"":31,""raw_hex"":""0d ff 00"",""kind"":""MESSAGE_END""}]",REVIEW_1,NO,CHARACTER_GUIDE v0.1 적용. context-v1 복원 원문 1차 번역.,SUPPORTED: structured scenario command; header FACE slot maps to face_yuuki_12; runtime display not yet checked. PROVEN: byte-identical source command exists at the same path and offsets on Disc 2. SUPPORTED: context-v1 glyph 복원; 런타임 원문 검증 전. TERM: 버스피어·파스·도박장.,"<G0039>対2って？
<G04E6>手はエメリウスと
ゾーンだとして<G0026>",SUPPORTED,"0026,04E6",SUPPORTED,0039
SCN_00214100_00740000_0135,SCENARIO,scenario_message,DATA/00214100.MDZ,DATA/00214100.MDT,0x00740000,00214100,134,0x00387819,0x00387814,de f4 a1 46 21 9b c2 9c d7 f0 93 95 92 a0 44 0d ff 00,昔は…、どんな人だったの？,예전에는… 어떤 사람이었어?,UNASSIGNED,ユウキ,"[{""offset"":-5,""raw_hex"":""02 0e 00 01 00"",""kind"":""MESSAGE_HEADER"",""opcode"":2,""argument"":1},{""offset"":15,""raw_hex"":""0d ff 00"",""kind"":""MESSAGE_END""}]",REVIEW_1,NO,CHARACTER_GUIDE v0.1 적용. context-v1 복원 원문 1차 번역.,SUPPORTED: structured scenario command; header FACE slot maps to face_yuuki_02; runtime display not yet checked. PROVEN: byte-identical source command exists at the same path and offsets on Disc 2. SUPPORTED: context-v1 glyph 복원; 런타임 원문 검증 전. TERM: 버스피어·파스·도박장.,<G04CE>は<G0026><G0001>どんな人だったの？,SUPPORTED,"0001,0026,04CE",NONE,
SCN_00214100_00740000_0136,SCENARIO,scenario_message,DATA/00214100.MDZ,DATA/00214100.MDT,0x00740000,00214100,135,0x00387948,0x00387943,90 be 95 98 46 21 ca 32 f0 3c f0 c8 db 92 94 7f 08 21 f0 47 db 97 f2 9d 42 f1 95 92 9a 80 7e 44 08 90 a0 9a 80 21 a7 92 bc 9d 9c 9d 7f 08 75 95 92 c2 93 bf 79 9c 46 0d ff 00,"それって…、エメリウスたちが
バース界に行ったときか？
そのとき、ふたりになにが
あったんだろうな…","그건… 에메리우스 일행이
버스계로 갔을 때인가?
그때 두 사람에게 무슨 일이
있었던 걸까…",UNASSIGNED,アルフィナ,"[{""offset"":-5,""raw_hex"":""02 0e 00 0c 00"",""kind"":""MESSAGE_HEADER"",""opcode"":2,""argument"":12},{""offset"":16,""raw_hex"":""08"",""kind"":""LINE_BREAK""},{""offset"":32,""raw_hex"":""08"",""kind"":""LINE_BREAK""},{""offset"":45,""raw_hex"":""08"",""kind"":""LINE_BREAK""},{""offset"":55,""raw_hex"":""0d ff 00"",""kind"":""MESSAGE_END""}]",REVIEW_1,NO,CHARACTER_GUIDE v0.1 적용. context-v1 복원 원문 1차 번역.,SUPPORTED: structured scenario command; header FACE slot maps to face_alfina_01; runtime display not yet checked. PROVEN: byte-identical source command exists at the same path and offsets on Disc 2. SUPPORTED: context-v1 glyph 복원; 런타임 원문 검증 전. TERM: 버스피어·파스·도박장.,"それって<G0026><G0001>エメリウスたちが
バース界に行ったときか？
そのとき<G0001>ふたりになにが
あったんだろうな<G0026>",SUPPORTED,"0001,0026",NONE,
SCN_00214100_00740000_0137,SCENARIO,scenario_message,DATA/00214100.MDZ,DATA/00214100.MDT,0x00740000,00214100,136,0x00387d0e,0x00387d09,8c 83 9d a9 f4 84 88 f0 8a 98 b1 8e bd 88 46 08 75 9a 21 b4 79 a6 f0 8a 99 08 c4 3d f0 26 f0 c5 eb 7f 77 bd b1 f0 28 f3 9d 08 92 9b bc 96 84 bd c2 93 46 0d ff 00,"すぐに助け出してみせるさ…
あと、もう少しで
アルフィナがいる場所に
たどりつけるんだ…","곧 구해 내고 말 거야…
조금만 더 가면
알피나가 있는 곳에
도착할 수 있어…",UNASSIGNED,ユウキ,"[{""offset"":-5,""raw_hex"":""02 0e 00 05 00"",""kind"":""MESSAGE_HEADER"",""opcode"":2,""argument"":5},{""offset"":15,""raw_hex"":""08"",""kind"":""LINE_BREAK""},{""offset"":25,""raw_hex"":""08"",""kind"":""LINE_BREAK""},{""offset"":41,""raw_hex"":""08"",""kind"":""LINE_BREAK""},{""offset"":51,""raw_hex"":""0d ff 00"",""kind"":""MESSAGE_END""}]",REVIEW_1,NO,CHARACTER_GUIDE v0.1 적용. context-v1 복원 원문 1차 번역.,SUPPORTED: structured scenario command; header FACE slot maps to face_yuuki_06; runtime display not yet checked. PROVEN: byte-identical source command exists at the same path and offsets on Disc 2. SUPPORTED: context-v1 glyph 복원; 런타임 원문 검증 전. TERM: 버스피어·파스·도박장.,"すぐに<G0499>け出してみせるさ<G0026>
あと<G0001>もう少しで
アルフィナがいる場<G0348>に
たどりつけるんだ<G0026>",SUPPORTED,"0001,0026,0348,0499",NONE,
SCN_00214100_00740000_0138,SCENARIO,scenario_message,DATA/00214100.MDZ,DATA/00214100.MDT,0x00740000,00214100,137,0x00387d53,0x00387d4e,b6 b3 bd 21 21 08 9f f4 98 f5 8c bd 21 0d ff 00,"やめる、、
宿泊する、","그만둔다,,
숙박한다,",UNASSIGNED,ユウキ,"[{""offset"":-5,""raw_hex"":""02 0e 00 01 00"",""kind"":""MESSAGE_HEADER"",""opcode"":2,""argument"":1},{""offset"":5,""raw_hex"":""08"",""kind"":""LINE_BREAK""},{""offset"":13,""raw_hex"":""0d ff 00"",""kind"":""MESSAGE_END""}]",REVIEW_1,NO,CHARACTER_GUIDE v0.1 적용. context-v1 복원 원문 1차 번역.,SUPPORTED: structured scenario command; header FACE slot maps to face_yuuki_02; runtime display not yet checked. PROVEN: byte-identical source command exists at the same path and offsets on Disc 2. SUPPORTED: context-v1 glyph 복원; 런타임 원문 검증 전. TERM: 버스피어·파스·도박장.,"やめる<G0001><G0001>
宿<G0558>する<G0001>",SUPPORTED,"0001,0558",NONE,
SCN_00214100_00740000_0139,SCENARIO,scenario_message,DATA/00214100.MDZ,DATA/00214100.MDT,0x00740000,00214100,138,0x00387ef7,0x00387ef2,b6 b3 bd 21 21 08 9f f4 98 f5 8c bd 21 0d ff 00,"やめる、、
宿泊する、","그만둔다,,
숙박한다,",UNASSIGNED,ユウキ,"[{""offset"":-5,""raw_hex"":""02 0e 00 01 00"",""kind"":""MESSAGE_HEADER"",""opcode"":2,""argument"":1},{""offset"":5,""raw_hex"":""08"",""kind"":""LINE_BREAK""},{""offset"":13,""raw_hex"":""0d ff 00"",""kind"":""MESSAGE_END""}]",REVIEW_1,NO,CHARACTER_GUIDE v0.1 적용. context-v1 복원 원문 1차 번역.,SUPPORTED: structured scenario command; header FACE slot maps to face_yuuki_02; runtime display not yet checked. PROVEN: byte-identical source command exists at the same path and offsets on Disc 2. SUPPORTED: context-v1 glyph 복원; 런타임 원문 검증 전. TERM: 버스피어·파스·도박장.,"やめる<G0001><G0001>
宿<G0558>する<G0001>",SUPPORTED,"0001,0558",NONE,
SCN_00214300_00740000_0005,SCENARIO,scenario_message,DATA/00214300.MDZ,DATA/00214300.MDT,0x00740000,00214300,4,0x002761c0,0x002761bb,7d 69 f5 a0 dc f2 99 50 f6 b6 a0 f3 92 bb 8a 98 46 08 94 b9 95 9a 08 a4 f1 7c f0 8a 8c 81 9c c2 8b b5 9c 77 7e 44 0d ff 00,"お店の中で冷や汗たらして…
ちょっと
心配しすぎなんじゃないか？","가게 안에서 식은땀을 흘리다니…
조금
너무 걱정하는 거 아니야?",UNASSIGNED,ユウキ,"[{""offset"":-5,""raw_hex"":""02 0e 00 03 00"",""kind"":""MESSAGE_HEADER"",""opcode"":2,""argument"":3},{""offset"":17,""raw_hex"":""08"",""kind"":""LINE_BREAK""},{""offset"":22,""raw_hex"":""08"",""kind"":""LINE_BREAK""},{""offset"":38,""raw_hex"":""0d ff 00"",""kind"":""MESSAGE_END""}]",REVIEW_1,NO,CHARACTER_GUIDE v0.1 적용. context-v1 복원 원문 1차 번역.,SUPPORTED: structured scenario command; header FACE slot maps to face_yuuki_04; runtime display not yet checked. PROVEN: byte-identical source command exists at the same path and offsets on Disc 2. SUPPORTED: context-v1 glyph 복원; 런타임 원문 검증 전. TERM: 버스피어·파스·도박장.,"お<G0529>の中で冷や<G03C0>たらして<G0026>
ちょっと
心<G012C>しすぎなんじゃないか？",SUPPORTED,"0026,012C,03C0,0529",NONE,
SCN_00214300_00740000_0006,SCENARIO,scenario_message,DATA/00214300.MDZ,DATA/00214300.MDT,0x00740000,00214300,5,0x00276296,0x00276291,46 75 95 21 97 f0 3e f2 9d eb f0 48 f2 43 0d ff 00,…あっ、足元に毒沼！,"…아, 발밑에 독 늪이다!",UNASSIGNED,ユウキ,"[{""offset"":-5,""raw_hex"":""02 0e 00 03 00"",""kind"":""MESSAGE_HEADER"",""opcode"":2,""argument"":3},{""offset"":14,""raw_hex"":""0d ff 00"",""kind"":""MESSAGE_END""}]",REVIEW_1,NO,CHARACTER_GUIDE v0.1 적용. context-v1 복원 원문 1차 번역.,SUPPORTED: structured scenario command; header FACE slot maps to face_yuuki_04; runtime display not yet checked. PROVEN: byte-identical source command exists at the same path and offsets on Disc 2. SUPPORTED: context-v1 glyph 복원; 런타임 원문 검증 전. TERM: 버스피어·파스·도박장.,<G0026>あっ<G0001>足元に毒<G0298>！,SUPPORTED,"0001,0026",SUPPORTED,0298
SCN_00214300_00740000_0007,SCENARIO,scenario_message,DATA/00214300.MDZ,DATA/00214300.MDT,0x00740000,00214300,6,0x002763c4,0x002763bf,9c 74 9d 2e f4 95 98 c2 93 ba 43 08 62 f0 99 f2 9d a1 08 33 f0 3a f0 db e1 47 9c c2 98 77 9c 77 c2 93 43 08 90 c2 9c a0 6c f0 3d f6 9c 77 88 43 0d ff 00,"なぁに言ってんだよ！
大空には
モンスターなんていないんだ！
そんなの必要ないさ！","무슨 소리야!
드넓은 하늘에는
몬스터 같은 건 없어!
그런 건 필요 없다고!",UNASSIGNED,ユウキ,"[{""offset"":-5,""raw_hex"":""02 0e 00 03 00"",""kind"":""MESSAGE_HEADER"",""opcode"":2,""argument"":3},{""offset"":11,""raw_hex"":""08"",""kind"":""LINE_BREAK""},{""offset"":18,""raw_hex"":""08"",""kind"":""LINE_BREAK""},{""offset"":35,""raw_hex"":""08"",""kind"":""LINE_BREAK""},{""offset"":48,""raw_hex"":""0d ff 00"",""kind"":""MESSAGE_END""}]",REVIEW_1,NO,CHARACTER_GUIDE v0.1 적용. context-v1 복원 원문 1차 번역.,SUPPORTED: structured scenario command; header FACE slot maps to face_yuuki_04; runtime display not yet checked. PROVEN: byte-identical source command exists at the same path and offsets on Disc 2. SUPPORTED: context-v1 glyph 복원; 런타임 원문 검증 전. TERM: 버스피어·파스·도박장.,"な<G0054>に<G041E>ってんだよ！
大空には
モンスターなんていないんだ！
そんなの<G011C><G05CD>ないさ！",SUPPORTED,"0054,011C,041E,05CD",NONE,
SCN_00214300_00740000_0008,SCENARIO,scenario_message,DATA/00214300.MDZ,DATA/00214300.MDT,0x00740000,00214300,7,0x00276491,0x0027648c,b3 f5 31 f5 7f 21 86 86 b0 99 b3 f0 77 98 bd ba 46 08 b4 79 7b f0 7e 95 92 95 98 46 0d ff 00,"鼻息が、ここまで届いてるよ…
もう分かったって…","콧김이 여기까지 느껴져…
이제 알았으니까…",UNASSIGNED,ユウキ,"[{""offset"":-5,""raw_hex"":""02 0e 00 08 00"",""kind"":""MESSAGE_HEADER"",""opcode"":2,""argument"":8},{""offset"":17,""raw_hex"":""08"",""kind"":""LINE_BREAK""},{""offset"":28,""raw_hex"":""0d ff 00"",""kind"":""MESSAGE_END""}]",REVIEW_1,NO,CHARACTER_GUIDE v0.1 적용. context-v1 복원 원문 1차 번역.,SUPPORTED: structured scenario command; header FACE slot maps to face_yuuki_09; runtime display not yet checked. PROVEN: byte-identical source command exists at the same path and offsets on Disc 2. SUPPORTED: context-v1 glyph 복원; 런타임 원문 검증 전. TERM: 버스피어·파스·도박장.,"<G0573><G04F1>が<G0001>ここまで<G0163>いてるよ<G0026>
もう分かったって<G0026>",SUPPORTED,"0001,0026,0163,04F1",SUPPORTED,0573
SCN_00214300_00740000_0009,SCENARIO,scenario_message,DATA/00214300.MDZ,DATA/00214300.MDT,0x00740000,00214300,8,0x002764bf,0x002764ba,46 b0 74 21 7d e6 f1 9d 35 f6 2f f6 7f 75 bd 9c bb 08 82 f0 95 98 77 80 9c 88 77 ba 08 b5 f0 9c c2 98 21 80 f3 7f c5 f2 86 bd 7e 08 7b f0 7e bb 9c 77 b4 a0 9c c2 93 7e bb 0d ff 00,"…まぁ、お金に余裕があるなら
買っていきなさいよ
旅なんて、何が起こるか
分からないものなんだから","…뭐, 돈에 여유가 있다면
사 가렴
여행이란 건 무슨 일이 일어날지
모르는 거니까.",UNASSIGNED,ミランダ,"[{""offset"":-5,""raw_hex"":""22 0e 00 1e 00"",""kind"":""MESSAGE_HEADER"",""opcode"":34,""argument"":30},{""offset"":17,""raw_hex"":""08"",""kind"":""LINE_BREAK""},{""offset"":28,""raw_hex"":""08"",""kind"":""LINE_BREAK""},{""offset"":43,""raw_hex"":""08"",""kind"":""LINE_BREAK""},{""offset"":57,""raw_hex"":""0d ff 00"",""kind"":""MESSAGE_END""}]",REVIEW_1,NO,CHARACTER_GUIDE v0.1 적용. context-v1 복원 원문 1차 번역.,SUPPORTED: structured scenario command; header FACE slot maps to face_miranda_05; runtime display not yet checked. PROVEN: byte-identical source command exists at the same path and offsets on Disc 2. SUPPORTED: context-v1 glyph 복원; 런타임 원문 검증 전. TERM: 버스피어·파스·도박장.,"<G0026>ま<G0054><G0001>お金に<G05C5><G05BF>があるなら
<G0132>っていきなさいよ
旅なんて<G0001>何が起こるか
分からないものなんだから",SUPPORTED,"0001,0026,0054,0132",SUPPORTED,"05BF,05C5"
SCN_00214300_00740000_0010,SCENARIO,scenario_message,DATA/00214300.MDZ,DATA/00214300.MDT,0x00740000,00214300,9,0x002765bd,0x002765b8,90 79 46 08 2c f0 3a f0 e9 a0 86 9a 88 0d ff 00,"そう…
ホントのことさ","그래…
정말이야.",UNASSIGNED,ユウキ,"[{""offset"":-5,""raw_hex"":""02 0e 00 05 00"",""kind"":""MESSAGE_HEADER"",""opcode"":2,""argument"":5},{""offset"":3,""raw_hex"":""08"",""kind"":""LINE_BREAK""},{""offset"":13,""raw_hex"":""0d ff 00"",""kind"":""MESSAGE_END""}]",REVIEW_1,NO,CHARACTER_GUIDE v0.1 적용. context-v1 복원 원문 1차 번역.,SUPPORTED: structured scenario command; header FACE slot maps to face_yuuki_06; runtime display not yet checked. PROVEN: byte-identical source command exists at the same path and offsets on Disc 2. SUPPORTED: context-v1 glyph 복원; 런타임 원문 검증 전. TERM: 버스피어·파스·도박장.,"そう<G0026>
ホントのことさ",SUPPORTED,0026,NONE,
SCN_00214300_00740000_0011,SCENARIO,scenario_message,DATA/00214300.MDZ,DATA/00214300.MDT,0x00740000,00214300,10,0x00276632,0x0027662d,90 c2 9c c2 8b b5 9c 77 c2 93 46 08 b4 79 21 75 75 9c 95 94 b5 95 92 bb 46 0d ff 00,"そんなんじゃないんだ…
もう、ああなっちゃったら…","그런 게 아니야…
이미 그렇게 되어 버리면…",UNASSIGNED,ユウキ,"[{""offset"":-5,""raw_hex"":""02 0e 00 05 00"",""kind"":""MESSAGE_HEADER"",""opcode"":2,""argument"":5},{""offset"":11,""raw_hex"":""08"",""kind"":""LINE_BREAK""},{""offset"":25,""raw_hex"":""0d ff 00"",""kind"":""MESSAGE_END""}]",REVIEW_1,NO,CHARACTER_GUIDE v0.1 적용. context-v1 복원 원문 1차 번역.,SUPPORTED: structured scenario command; header FACE slot maps to face_yuuki_06; runtime display not yet checked. PROVEN: byte-identical source command exists at the same path and offsets on Disc 2. SUPPORTED: context-v1 glyph 복원; 런타임 원문 검증 전. TERM: 버스피어·파스·도박장.,"そんなんじゃないんだ<G0026>
もう<G0001>ああなっちゃったら<G0026>",SUPPORTED,"0001,0026",NONE,
SCN_00214300_00740000_0013,SCENARIO,scenario_message,DATA/00214300.MDZ,DATA/00214300.MDT,0x00740000,00214300,12,0x002766f6,0x002766f1,46 77 77 b6 21 9c c2 99 b4 9c 77 ba 0d ff 00,…いいや、なんでもないよ,"…아니, 아무것도 아니야.",UNASSIGNED,ユウキ,"[{""offset"":-5,""raw_hex"":""02 0e 00 08 00"",""kind"":""MESSAGE_HEADER"",""opcode"":2,""argument"":8},{""offset"":12,""raw_hex"":""0d ff 00"",""kind"":""MESSAGE_END""}]",REVIEW_1,NO,CHARACTER_GUIDE v0.1 적용. context-v1 복원 원문 1차 번역.,SUPPORTED: structured scenario command; header FACE slot maps to face_yuuki_09; runtime display not yet checked. PROVEN: byte-identical source command exists at the same path and offsets on Disc 2. SUPPORTED: context-v1 glyph 복원; 런타임 원문 검증 전. TERM: 버스피어·파스·도박장.,<G0026>いいや<G0001>なんでもないよ,SUPPORTED,"0001,0026",NONE,
SCN_00214300_00740000_0014,SCENARIO,scenario_message,DATA/00214300.MDZ,DATA/00214300.MDT,0x00740000,00214300,13,0x00276aa8,0x00276aa3,2e f4 77 80 95 92 9c 46 0d ff 00,言いきったな…,단언했네…,UNASSIGNED,ユウキ,"[{""offset"":-5,""raw_hex"":""02 0e 00 08 00"",""kind"":""MESSAGE_HEADER"",""opcode"":2,""argument"":8},{""offset"":8,""raw_hex"":""0d ff 00"",""kind"":""MESSAGE_END""}]",REVIEW_1,NO,CHARACTER_GUIDE v0.1 적용. context-v1 복원 원문 1차 번역.,SUPPORTED: structured scenario command; header FACE slot maps to face_yuuki_09; runtime display not yet checked. PROVEN: byte-identical source command exists at the same path and offsets on Disc 2. SUPPORTED: context-v1 glyph 복원; 런타임 원문 검증 전. TERM: 버스피어·파스·도박장.,<G041E>いきったな<G0026>,SUPPORTED,"0026,041E",NONE,
SCN_00214300_00740000_0015,SCENARIO,scenario_message,DATA/00214300.MDZ,DATA/00214300.MDT,0x00740000,00214300,14,0x00276c01,0x00276bfc,8c 87 77 9c 46 21 b4 8a 7e 8a 98 08 7d 70 f4 88 c2 b4 33 f0 3a f0 db e1 47 9a 08 3b f1 95 92 bc 8c bd a0 44 0d ff 00,"すごいな…、もしかして
お姉さんもモンスターと
戦ったりするの？","대단하네… 혹시
누나도 몬스터와
싸우기도 해?",UNASSIGNED,ユウキ,"[{""offset"":-5,""raw_hex"":""02 0e 00 08 00"",""kind"":""MESSAGE_HEADER"",""opcode"":2,""argument"":8},{""offset"":11,""raw_hex"":""08"",""kind"":""LINE_BREAK""},{""offset"":26,""raw_hex"":""08"",""kind"":""LINE_BREAK""},{""offset"":36,""raw_hex"":""0d ff 00"",""kind"":""MESSAGE_END""}]",REVIEW_1,NO,CHARACTER_GUIDE v0.1 적용. context-v1 복원 원문 1차 번역.,SUPPORTED: structured scenario command; header FACE slot maps to face_yuuki_09; runtime display not yet checked. PROVEN: byte-identical source command exists at the same path and offsets on Disc 2. SUPPORTED: context-v1 glyph 복원; 런타임 원문 검증 전. TERM: 버스피어·파스·도박장.,"すごいな<G0026><G0001>もしかして
お<G0460>さんもモンスターと
戦ったりするの？",SUPPORTED,"0001,0026,0460",NONE,
SCN_00214300_00740000_0017,SCENARIO,scenario_message,DATA/00214300.MDZ,DATA/00214300.MDT,0x00740000,00214300,16,0x00276f0c,0x00276f07,c4 3d f0 26 f0 c5 eb b4 40 f1 21 74 f0 79 a0 ba 9f 46 08 9c 7e 9c 7e d0 f5 43 f6 90 79 9c 52 f1 53 f1 9f 08 86 a0 2c f1 b4 21 9c 9d 7f 75 bd 7e 08 7b f0 7e bb 9c 77 8a 46 0d ff 00,"アルフィナも杖、使うのよね…
なかなか便利そうな武器ね
この先も、なにがあるか
分からないし…","알피나도 지팡이를 쓰지…
제법 편리해 보이는 무기네
앞으로 무슨 일이 있을지
모르기도 하고…",UNASSIGNED,ミランダ,"[{""offset"":-5,""raw_hex"":""22 0e 00 1e 00"",""kind"":""MESSAGE_HEADER"",""opcode"":34,""argument"":30},{""offset"":18,""raw_hex"":""08"",""kind"":""LINE_BREAK""},{""offset"":35,""raw_hex"":""08"",""kind"":""LINE_BREAK""},{""offset"":48,""raw_hex"":""08"",""kind"":""LINE_BREAK""},{""offset"":57,""raw_hex"":""0d ff 00"",""kind"":""MESSAGE_END""}]",REVIEW_1,NO,CHARACTER_GUIDE v0.1 적용. context-v1 복원 원문 1차 번역.,SUPPORTED: structured scenario command; header FACE slot maps to face_miranda_05; runtime display not yet checked. PROVEN: byte-identical source command exists at the same path and offsets on Disc 2. SUPPORTED: context-v1 glyph 복원; 런타임 원문 검증 전. TERM: 버스피어·파스·도박장.,"アルフィナも杖<G0001>使うのよね<G0026>
なかなか便利そうな武器ね
この先も<G0001>なにがあるか
分からないし<G0026>",SUPPORTED,"0001,0026",NONE,
SCN_00214300_00740000_0018,SCENARIO,scenario_message,DATA/00214300.MDZ,DATA/00214300.MDT,0x00740000,00214300,17,0x0027700f,0x0027700a,a1 a1 46 21 90 86 a0 4e f3 7b 98 bd 08 61 f2 a0 d7 f0 ba bc 08 7d 70 f4 88 c2 a0 ad 79 7f 08 ba 95 af 9b 61 f2 bb 8a 77 b6 46 0d ff 00,"はは…、そこの怯えてる
男の人より
お姉さんのほうが
よっぽど男らしいや…","하하… 저기 겁먹은
남자보다
누나 쪽이
훨씬 남자답네…",UNASSIGNED,ユウキ,"[{""offset"":-5,""raw_hex"":""02 0e 00 08 00"",""kind"":""MESSAGE_HEADER"",""opcode"":2,""argument"":8},{""offset"":12,""raw_hex"":""08"",""kind"":""LINE_BREAK""},{""offset"":20,""raw_hex"":""08"",""kind"":""LINE_BREAK""},{""offset"":30,""raw_hex"":""08"",""kind"":""LINE_BREAK""},{""offset"":42,""raw_hex"":""0d ff 00"",""kind"":""MESSAGE_END""}]",REVIEW_1,NO,CHARACTER_GUIDE v0.1 적용. context-v1 복원 원문 1차 번역.,SUPPORTED: structured scenario command; header FACE slot maps to face_yuuki_09; runtime display not yet checked. PROVEN: byte-identical source command exists at the same path and offsets on Disc 2. SUPPORTED: context-v1 glyph 복원; 런타임 원문 검증 전. TERM: 버스피어·파스·도박장.,"はは<G0026><G0001>そこの<G036E>えてる
男の人より
お<G0460>さんのほうが
よっ<G008F>ど男らしいや<G0026>",SUPPORTED,"0001,0026,008F,0460",SUPPORTED,036E
SCN_00214300_00740000_0019,SCENARIO,scenario_message,DATA/00214300.MDZ,DATA/00214300.MDT,0x00740000,00214300,18,0x0027737c,0x00277377,a1 a1 46 21 6c f4 da f0 21 ca f2 62 f3 7b 98 bd ba 9c 08 33 f0 3a f0 db e1 47 9a 3b f1 79 c0 f0 9d 08 62 f0 6c f4 da f0 21 7d 70 f4 88 c2 62 f0 70 f0 93 9f 46 0d ff 00,"はは…、仕事、間違えてるよな
モンスターと戦う前に
大仕事、お姉さん大変だね…","하하… 직업을 잘못 고른 것 같네
몬스터와 싸우기 전에
큰일을 먼저 치르다니, 누나 힘들겠다…",UNASSIGNED,ユウキ,"[{""offset"":-5,""raw_hex"":""02 0e 00 08 00"",""kind"":""MESSAGE_HEADER"",""opcode"":2,""argument"":8},{""offset"":18,""raw_hex"":""08"",""kind"":""LINE_BREAK""},{""offset"":33,""raw_hex"":""08"",""kind"":""LINE_BREAK""},{""offset"":53,""raw_hex"":""0d ff 00"",""kind"":""MESSAGE_END""}]",REVIEW_1,NO,CHARACTER_GUIDE v0.1 적용. context-v1 복원 원문 1차 번역.,SUPPORTED: structured scenario command; header FACE slot maps to face_yuuki_09; runtime display not yet checked. PROVEN: byte-identical source command exists at the same path and offsets on Disc 2. SUPPORTED: context-v1 glyph 복원; 런타임 원문 검증 전. TERM: 버스피어·파스·도박장.,"はは<G0026><G0001>仕事<G0001>間違えてるよな
モンスターと戦う<G0170>に
大仕事<G0001>お<G0460>さん大変だね<G0026>",SUPPORTED,"0001,0026,0170,0460",NONE,
SCN_00214300_00740000_0020,SCENARIO,scenario_message,DATA/00214300.MDZ,DATA/00214300.MDT,0x00740000,00214300,19,0x002774af,0x002774aa,62 f0 de f4 a0 21 8a f1 70 f1 a0 39 f0 3f f0 c6 93 ba 43 08 86 c2 9c a0 21 7d 64 f0 99 8a 7e 08 c8 f5 77 92 86 9a 9c 77 8f 46 08 88 8c 7f 21 32 f0 3a f0 e8 c5 93 ba 9c 43 0d ff 00,"大昔の、騎士のヨロイだよ！
こんなの、お話でしか
聞いたことないよ…
さすが、メンディだよな！","아주 옛날 기사의 갑옷이야!
이런 건 이야기로밖에
들어 본 적 없어…
역시 멘디답네!",UNASSIGNED,ユウキ,"[{""offset"":-5,""raw_hex"":""02 0e 00 06 00"",""kind"":""MESSAGE_HEADER"",""opcode"":2,""argument"":6},{""offset"":19,""raw_hex"":""08"",""kind"":""LINE_BREAK""},{""offset"":31,""raw_hex"":""08"",""kind"":""LINE_BREAK""},{""offset"":42,""raw_hex"":""08"",""kind"":""LINE_BREAK""},{""offset"":57,""raw_hex"":""0d ff 00"",""kind"":""MESSAGE_END""}]",REVIEW_1,NO,CHARACTER_GUIDE v0.1 적용. context-v1 복원 원문 1차 번역.,SUPPORTED: structured scenario command; header FACE slot maps to face_yuuki_07; runtime display not yet checked. PROVEN: byte-identical source command exists at the same path and offsets on Disc 2. SUPPORTED: context-v1 glyph 복원; 런타임 원문 검증 전. TERM: 버스피어·파스·도박장.,"大<G04CE>の<G0001><G020A>士のヨロイだよ！
こんなの<G0001>お<G0114>でしか
聞いたことない<G006F><G0026>
さすが<G0001>メンディだよな！",SUPPORTED,"0001,0026,006F,0114,04CE",SUPPORTED,020A
SCN_00214300_00740000_0021,SCENARIO,scenario_message,DATA/00214300.MDZ,DATA/00214300.MDT,0x00740000,00214300,20,0x00277511,0x0027750c,bf f0 90 f5 a0 aa f2 3c f8 7e 46 08 8d 77 a8 c2 9c 4a f1 79 f1 e3 f0 9f 08 97 f5 e3 f0 ad f0 9c b1 8b b5 9c 77 44 0d ff 00,"軍馬の甲冑か…
ずいぶんな年代物ね
博物館なみじゃない？","군마의 갑옷인가…
상당히 오래된 물건이네
박물관에 있을 법하지 않아?",UNASSIGNED,ミランダ,"[{""offset"":-5,""raw_hex"":""22 0e 00 1d 00"",""kind"":""MESSAGE_HEADER"",""opcode"":34,""argument"":29},{""offset"":11,""raw_hex"":""08"",""kind"":""LINE_BREAK""},{""offset"":24,""raw_hex"":""08"",""kind"":""LINE_BREAK""},{""offset"":38,""raw_hex"":""0d ff 00"",""kind"":""MESSAGE_END""}]",REVIEW_1,NO,CHARACTER_GUIDE v0.1 적용. context-v1 복원 원문 1차 번역.,SUPPORTED: structured scenario command; header FACE slot maps to face_miranda_04; runtime display not yet checked. PROVEN: byte-identical source command exists at the same path and offsets on Disc 2. SUPPORTED: context-v1 glyph 복원; 런타임 원문 검증 전. TERM: 버스피어·파스·도박장.,"軍<G0550>の甲<G076C>か<G0026>
ずいぶんな<G01CA>代物ね
<G0557>物<G015D>なみじゃない？",SUPPORTED,"0026,01CA",SUPPORTED,"015D,0550,0557,076C"
SCN_00214300_00740000_0023,SCENARIO,scenario_message,DATA/00214300.MDZ,DATA/00214300.MDT,0x00740000,00214300,22,0x00277604,0x002775ff,9c 74 21 c8 3d f0 08 d9 21 f0 9d b4 21 86 c2 9c 39 f0 3f f0 c6 08 4a f2 8e 98 b6 95 92 bb 9b 79 7e 9c 08 80 f3 7f 75 bd 7e 21 7b f0 7e bb 9c 77 8a 88 0d ff 00,"なぁ、ウル
シバにも、こんなヨロイ
着せてやったらどうかな
何があるか、分からないしさ","저기, 울
시바에게도 이런 갑옷을
입혀 주는 건 어때?
무슨 일이 있을지 모르잖아.",UNASSIGNED,ユウキ,"[{""offset"":-5,""raw_hex"":""02 0e 00 01 00"",""kind"":""MESSAGE_HEADER"",""opcode"":2,""argument"":1},{""offset"":6,""raw_hex"":""08"",""kind"":""LINE_BREAK""},{""offset"":21,""raw_hex"":""08"",""kind"":""LINE_BREAK""},{""offset"":34,""raw_hex"":""08"",""kind"":""LINE_BREAK""},{""offset"":50,""raw_hex"":""0d ff 00"",""kind"":""MESSAGE_END""}]",REVIEW_1,NO,CHARACTER_GUIDE v0.1 적용. context-v1 복원 원문 1차 번역.,SUPPORTED: structured scenario command; header FACE slot maps to face_yuuki_02; runtime display not yet checked. PROVEN: byte-identical source command exists at the same path and offsets on Disc 2. SUPPORTED: context-v1 glyph 복원; 런타임 원문 검증 전. TERM: 버스피어·파스·도박장.,"な<G0054><G0001>ウル
シバにも<G0001>こんなヨロイ
着せてやったらどうかな
何があるか<G0001>分からないしさ",SUPPORTED,"0001,0054",NONE,
SCN_00214300_00740000_0024,SCENARIO,scenario_message,DATA/00214300.MDZ,DATA/00214300.MDT,0x00740000,00214300,23,0x0027768c,0x00277687,c2 21 92 8a 7e 9d 46 43 0d ff 00,ん、たしかに…！,"응, 확실히…!",UNASSIGNED,ユウキ,"[{""offset"":-5,""raw_hex"":""02 0e 00 01 00"",""kind"":""MESSAGE_HEADER"",""opcode"":2,""argument"":1},{""offset"":8,""raw_hex"":""0d ff 00"",""kind"":""MESSAGE_END""}]",REVIEW_1,NO,CHARACTER_GUIDE v0.1 적용. context-v1 복원 원문 1차 번역.,SUPPORTED: structured scenario command; header FACE slot maps to face_yuuki_02; runtime display not yet checked. PROVEN: byte-identical source command exists at the same path and offsets on Disc 2. SUPPORTED: context-v1 glyph 복원; 런타임 원문 검증 전. TERM: 버스피어·파스·도박장.,ん<G0001>たしかに<G0026>！,SUPPORTED,"0001,0026",NONE,
SCN_00214300_00740000_0025,SCENARIO,scenario_message,DATA/00214300.MDZ,DATA/00214300.MDT,0x00740000,00214300,24,0x0027774e,0x00277749,62 f0 de f4 46 08 86 a0 39 f0 3f f0 c6 c1 4a f2 98 77 92 8a f1 70 f1 b4 08 3b f1 95 92 c2 93 bf 79 9c 08 62 f0 da f0 9c b4 a0 a0 92 b3 9d 46 43 0d ff 00,"大昔…
このヨロイを着ていた騎士も
戦ったんだろうな
大事なもののために…！","아주 옛날…
이 갑옷을 입었던 기사도
싸웠겠지
소중한 것을 위해서…!",UNASSIGNED,ユウキ,"[{""offset"":-5,""raw_hex"":""02 0e 00 01 00"",""kind"":""MESSAGE_HEADER"",""opcode"":2,""argument"":1},{""offset"":5,""raw_hex"":""08"",""kind"":""LINE_BREAK""},{""offset"":24,""raw_hex"":""08"",""kind"":""LINE_BREAK""},{""offset"":34,""raw_hex"":""08"",""kind"":""LINE_BREAK""},{""offset"":48,""raw_hex"":""0d ff 00"",""kind"":""MESSAGE_END""}]",REVIEW_1,NO,CHARACTER_GUIDE v0.1 적용. context-v1 복원 원문 1차 번역.,SUPPORTED: structured scenario command; header FACE slot maps to face_yuuki_02; runtime display not yet checked. PROVEN: byte-identical source command exists at the same path and offsets on Disc 2. SUPPORTED: context-v1 glyph 복원; 런타임 원문 검증 전. TERM: 버스피어·파스·도박장.,"大<G04CE><G0026>
このヨロイを着ていた<G020A>士も
戦ったんだろうな
大事なもののために<G0026>！",SUPPORTED,"0026,04CE",SUPPORTED,020A
SCN_00215100_00740000_0006,SCENARIO,scenario_message,DATA/00215100.MDZ,DATA/00215100.MDT,0x00740000,00215100,5,0x00256563,0x0025655e,90 be 9b 86 bf 8b b5 9c 77 46 08 9f f4 c5 f0 c1 d8 f0 8a 98 bd c2 93 ba 0d ff 00,"それどころじゃない…
宿屋を探してるんだよ","그럴 때가 아니야…
여관을 찾고 있다고.",UNASSIGNED,アルフィナ,"[{""offset"":-5,""raw_hex"":""02 0e 00 0c 00"",""kind"":""MESSAGE_HEADER"",""opcode"":2,""argument"":12},{""offset"":10,""raw_hex"":""08"",""kind"":""LINE_BREAK""},{""offset"":24,""raw_hex"":""0d ff 00"",""kind"":""MESSAGE_END""}]",REVIEW_1,NO,CHARACTER_GUIDE v0.1 적용. context-v1 복원 원문 1차 번역.,SUPPORTED: structured scenario command; header FACE slot maps to face_alfina_01; runtime display not yet checked. PROVEN: byte-identical source command exists at the same path and offsets on Disc 2. SUPPORTED: context-v1 glyph 복원; 런타임 원문 검증 전. TERM: 버스피어·파스·도박장.,"それどころじゃない<G0026>
宿<G0175>を<G0188>してるんだよ",SUPPORTED,"0026,0175,0188",NONE,
SCN_00215100_00740000_0008,SCENARIO,scenario_message,DATA/00215100.MDZ,DATA/00215100.MDT,0x00740000,00215100,7,0x002566af,0x002566aa,7f f1 d0 f0 b9 f2 80 8b b5 21 94 b9 95 9a 9c 74 46 08 8e b3 98 08 cc 31 f0 3b f0 c6 db 82 bb 77 99 9c 77 9a 46 0d ff 00,"目玉焼きじゃ、ちょっとなぁ…
せめて
オムライスくらいでないと…","달걀 프라이로는 좀 그렇지…
적어도
오므라이스 정도는 되어야…",UNASSIGNED,ユウキ,"[{""offset"":-5,""raw_hex"":""02 0e 00 0b 00"",""kind"":""MESSAGE_HEADER"",""opcode"":2,""argument"":11},{""offset"":17,""raw_hex"":""08"",""kind"":""LINE_BREAK""},{""offset"":21,""raw_hex"":""08"",""kind"":""LINE_BREAK""},{""offset"":37,""raw_hex"":""0d ff 00"",""kind"":""MESSAGE_END""}]",REVIEW_1,NO,CHARACTER_GUIDE v0.1 적용. context-v1 복원 원문 1차 번역.,SUPPORTED: structured scenario command; header FACE slot maps to face_yuuki_12; runtime display not yet checked. PROVEN: byte-identical source command exists at the same path and offsets on Disc 2. SUPPORTED: context-v1 glyph 복원; 런타임 원문 검증 전. TERM: 버스피어·파스·도박장.,"<G01FF>玉焼きじゃ<G0001>ちょっとな<G0054><G0026>
せめて
オムライスくらいでないと<G0026>",SUPPORTED,"0001,0026,0054,01FF",NONE,
SCN_00215100_00740000_0010,SCENARIO,scenario_message,DATA/00215100.MDZ,DATA/00215100.MDT,0x00740000,00215100,9,0x00256c61,0x00256c5c,c2 44 21 d6 47 dd 47 95 98 44 0d ff 00,ん？、ゴーセーって？,응? 고세이라고?,UNASSIGNED,ユウキ,"[{""offset"":-5,""raw_hex"":""02 0e 00 01 00"",""kind"":""MESSAGE_HEADER"",""opcode"":2,""argument"":1},{""offset"":10,""raw_hex"":""0d ff 00"",""kind"":""MESSAGE_END""}]",REVIEW_1,NO,CHARACTER_GUIDE v0.1 적용. context-v1 복원 원문 1차 번역.,SUPPORTED: structured scenario command; header FACE slot maps to face_yuuki_02; runtime display not yet checked. PROVEN: byte-identical source command exists at the same path and offsets on Disc 2. SUPPORTED: context-v1 glyph 복원; 런타임 원문 검증 전. TERM: 버스피어·파스·도박장.,ん？<G0001>ゴーセーって？,SUPPORTED,0001,NONE,
SCN_00215100_00740000_0012,SCENARIO,scenario_message,DATA/00215100.MDZ,DATA/00215100.MDT,0x00740000,00215100,11,0x00256dae,0x00256da9,a1 a1 46 44 0d ff 00,はは…？,하하…?,UNASSIGNED,ユウキ,"[{""offset"":-5,""raw_hex"":""02 0e 00 08 00"",""kind"":""MESSAGE_HEADER"",""opcode"":2,""argument"":8},{""offset"":4,""raw_hex"":""0d ff 00"",""kind"":""MESSAGE_END""}]",REVIEW_1,NO,CHARACTER_GUIDE v0.1 적용. context-v1 복원 원문 1차 번역.,SUPPORTED: structured scenario command; header FACE slot maps to face_yuuki_09; runtime display not yet checked. PROVEN: byte-identical source command exists at the same path and offsets on Disc 2. SUPPORTED: context-v1 glyph 복원; 런타임 원문 검증 전. TERM: 버스피어·파스·도박장.,はは<G0026>？,SUPPORTED,0026,NONE,
SCN_00215100_00740000_0013,SCENARIO,scenario_message,DATA/00215100.MDZ,DATA/00215100.MDT,0x00740000,00215100,12,0x00256e7d,0x00256e78,82 90 95 46 0d ff 00,くそっ…,젠장…,UNASSIGNED,ユウキ,"[{""offset"":-5,""raw_hex"":""02 0e 00 08 00"",""kind"":""MESSAGE_HEADER"",""opcode"":2,""argument"":8},{""offset"":4,""raw_hex"":""0d ff 00"",""kind"":""MESSAGE_END""}]",REVIEW_1,NO,CHARACTER_GUIDE v0.1 적용. context-v1 복원 원문 1차 번역.,SUPPORTED: structured scenario command; header FACE slot maps to face_yuuki_09; runtime display not yet checked. PROVEN: byte-identical source command exists at the same path and offsets on Disc 2. SUPPORTED: context-v1 glyph 복원; 런타임 원문 검증 전. TERM: 버스피어·파스·도박장.,くそっ<G0026>,SUPPORTED,0026,NONE,
SCN_00215100_00740000_0014,SCENARIO,scenario_message,DATA/00215100.MDZ,DATA/00215100.MDT,0x00740000,00215100,13,0x00256f22,0x00256f1d,93 77 8b b9 79 a8 93 95 98 43 08 e0 47 3a f0 9d ef f2 84 f2 a1 90 f0 77 88 08 cc 3e f0 92 94 7f 21 6c f0 8d 08 31 f5 a0 38 f3 c1 43 f1 b3 98 b6 bd 43 0d ff 00,"だいじょうぶだって！
ゾーンに明日は無いさ
オレたちが、必ず
息の根を止めてやる！","괜찮다니까!
존에게 내일은 없어
우리가 반드시
숨통을 끊어 주겠어!",UNASSIGNED,ユウキ,"[{""offset"":-5,""raw_hex"":""02 0e 00 02 00"",""kind"":""MESSAGE_HEADER"",""opcode"":2,""argument"":2},{""offset"":10,""raw_hex"":""08"",""kind"":""LINE_BREAK""},{""offset"":25,""raw_hex"":""08"",""kind"":""LINE_BREAK""},{""offset"":36,""raw_hex"":""08"",""kind"":""LINE_BREAK""},{""offset"":50,""raw_hex"":""0d ff 00"",""kind"":""MESSAGE_END""}]",REVIEW_1,NO,CHARACTER_GUIDE v0.1 적용. context-v1 복원 원문 1차 번역.,SUPPORTED: structured scenario command; header FACE slot maps to face_yuuki_03; runtime display not yet checked. PROVEN: byte-identical source command exists at the same path and offsets on Disc 2. SUPPORTED: context-v1 glyph 복원; 런타임 원문 검증 전. TERM: 버스피어·파스·도박장.,"だいじょうぶだって！
ゾーンに<G033F><G02D4>は無いさ
オレたちが<G0001><G011C>ず
<G04F1>の根を<G01C3>めてやる！",SUPPORTED,"0001,011C,01C3,02D4,033F,04F1",NONE,
SCN_00215100_00740000_0015,SCENARIO,scenario_message,DATA/00215100.MDZ,DATA/00215100.MDT,0x00740000,00215100,14,0x0025743c,0x00257437,9c c2 93 bf 46 21 6a f0 6b f0 a0 26 f5 a8 f3 cc f4 44 08 a1 f0 92 9a 86 21 ca e4 d2 7e bb 08 6a f0 6b f0 7f 50 f1 be bd 9a 7e 08 90 79 77 79 da f0 95 af 77 ba 9c 46 0d ff 00,"なんだろ…、魔法の相関図？
見たとこ、エッグから
魔法が作れるとか
そういう事っぽいよな…","뭐지… 마법의 상관도?
보아하니 에그로부터
마법을 만들 수 있다는
그런 내용인 것 같네…",UNASSIGNED,ユウキ,"[{""offset"":-5,""raw_hex"":""02 0e 00 0b 00"",""kind"":""MESSAGE_HEADER"",""opcode"":2,""argument"":11},{""offset"":18,""raw_hex"":""08"",""kind"":""LINE_BREAK""},{""offset"":30,""raw_hex"":""08"",""kind"":""LINE_BREAK""},{""offset"":42,""raw_hex"":""08"",""kind"":""LINE_BREAK""},{""offset"":55,""raw_hex"":""0d ff 00"",""kind"":""MESSAGE_END""}]",REVIEW_1,NO,CHARACTER_GUIDE v0.1 적용. context-v1 복원 원문 1차 번역.,SUPPORTED: structured scenario command; header FACE slot maps to face_yuuki_12; runtime display not yet checked. PROVEN: byte-identical source command exists at the same path and offsets on Disc 2. SUPPORTED: context-v1 glyph 복원; 런타임 원문 검증 전. TERM: 버스피어·파스·도박장.,"なんだろ<G0026><G0001>魔法の<G04E6><G03C8><G04BC>？
見たとこ<G0001>エッグから
魔法が作れるとか
そういう事っ<G008F>いよな<G0026>",SUPPORTED,"0001,0026,008F,04BC,04E6",SUPPORTED,03C8
SCN_00215100_00740000_0016,SCENARIO,scenario_message,DATA/00215100.MDZ,DATA/00215100.MDT,0x00740000,00215100,15,0x00257565,0x00257560,6a f0 6b f0 a0 26 f5 a8 f3 cc f4 46 7e 9c 44 0d ff 00,魔法の相関図…かな？,마법의 상관도…일까?,UNASSIGNED,ユウキ,"[{""offset"":-5,""raw_hex"":""02 0e 00 01 00"",""kind"":""MESSAGE_HEADER"",""opcode"":2,""argument"":1},{""offset"":15,""raw_hex"":""0d ff 00"",""kind"":""MESSAGE_END""}]",REVIEW_1,NO,CHARACTER_GUIDE v0.1 적용. context-v1 복원 원문 1차 번역.,SUPPORTED: structured scenario command; header FACE slot maps to face_yuuki_02; runtime display not yet checked. PROVEN: byte-identical source command exists at the same path and offsets on Disc 2. SUPPORTED: context-v1 glyph 복원; 런타임 원문 검증 전. TERM: 버스피어·파스·도박장.,魔法の<G04E6><G03C8><G04BC><G0026>かな？,SUPPORTED,"0026,04BC,04E6",SUPPORTED,03C8
SCN_00215100_00740000_0017,SCENARIO,scenario_message,DATA/00215100.MDZ,DATA/00215100.MDT,0x00740000,00215100,16,0x0025758f,0x0025758a,2f f0 eb ca e4 d2 a0 a3 f1 d4 f4 7e 46 0d ff 00,マナエッグの合成か…,마나 에그의 합성인가…,UNASSIGNED,ユウキ,"[{""offset"":-5,""raw_hex"":""02 0e 00 01 00"",""kind"":""MESSAGE_HEADER"",""opcode"":2,""argument"":1},{""offset"":13,""raw_hex"":""0d ff 00"",""kind"":""MESSAGE_END""}]",REVIEW_1,NO,CHARACTER_GUIDE v0.1 적용. context-v1 복원 원문 1차 번역.,SUPPORTED: structured scenario command; header FACE slot maps to face_yuuki_02; runtime display not yet checked. PROVEN: byte-identical source command exists at the same path and offsets on Disc 2. SUPPORTED: context-v1 glyph 복원; 런타임 원문 검증 전. TERM: 버스피어·파스·도박장.,マナエッグの合成か<G0026>,SUPPORTED,0026,NONE,
SCN_00215100_00740000_0018,SCENARIO,scenario_message,DATA/00215100.MDZ,DATA/00215100.MDT,0x00740000,00215100,17,0x00257619,0x00257614,90 be 95 98 96 b0 bc 46 0d ff 00,それってつまり…,그 말은 결국…,UNASSIGNED,ユウキ,"[{""offset"":-5,""raw_hex"":""02 0e 00 01 00"",""kind"":""MESSAGE_HEADER"",""opcode"":2,""argument"":1},{""offset"":8,""raw_hex"":""0d ff 00"",""kind"":""MESSAGE_END""}]",REVIEW_1,NO,CHARACTER_GUIDE v0.1 적용. context-v1 복원 원문 1차 번역.,SUPPORTED: structured scenario command; header FACE slot maps to face_yuuki_02; runtime display not yet checked. PROVEN: byte-identical source command exists at the same path and offsets on Disc 2. SUPPORTED: context-v1 glyph 복원; 런타임 원문 검증 전. TERM: 버스피어·파스·도박장.,それってつまり<G0026>,SUPPORTED,0026,NONE,
SCN_00215100_00740000_0019,SCENARIO,scenario_message,DATA/00215100.MDZ,DATA/00215100.MDT,0x00740000,00215100,18,0x002576e2,0x002576dd,90 79 9c c2 93 46 08 99 b4 21 4d f4 a1 b4 79 08 9c 82 9c 95 94 b5 95 92 95 98 86 9a 44 0d ff 00,"そうなんだ…
でも、あはもう
なくなっちゃったってこと？","그렇구나…
그런데 이제는
없어져 버렸다는 거야?",UNASSIGNED,ユウキ,"[{""offset"":-5,""raw_hex"":""02 0e 00 01 00"",""kind"":""MESSAGE_HEADER"",""opcode"":2,""argument"":1},{""offset"":6,""raw_hex"":""08"",""kind"":""LINE_BREAK""},{""offset"":15,""raw_hex"":""08"",""kind"":""LINE_BREAK""},{""offset"":29,""raw_hex"":""0d ff 00"",""kind"":""MESSAGE_END""}]",REVIEW_1,NO,CHARACTER_GUIDE v0.1 적용. context-v1 복원 원문 1차 번역.,SUPPORTED: structured scenario command; header FACE slot maps to face_yuuki_02; runtime display not yet checked. PROVEN: byte-identical source command exists at the same path and offsets on Disc 2. SUPPORTED: context-v1 glyph 복원; 런타임 원문 검증 전. TERM: 버스피어·파스·도박장.,"そうなんだ<G0026>
でも<G0001><G043D>はもう
なくなっちゃったってこと？",SUPPORTED,"0001,0026,043D",NONE,
SCN_00215100_00740000_0020,SCENARIO,scenario_message,DATA/00215100.MDZ,DATA/00215100.MDT,0x00740000,00215100,19,0x00257b47,0x00257b42,d7 d1 d6 3f f0 3a f0 3c f0 d9 cf 44 08 9c c2 93 ba 21 90 be 0d ff 00,"サクゴロンリシキ？
なんだよ、それ","사쿠고론리식?
그게 뭐야?",UNASSIGNED,ユウキ,"[{""offset"":-5,""raw_hex"":""02 0e 00 0b 00"",""kind"":""MESSAGE_HEADER"",""opcode"":2,""argument"":11},{""offset"":12,""raw_hex"":""08"",""kind"":""LINE_BREAK""},{""offset"":20,""raw_hex"":""0d ff 00"",""kind"":""MESSAGE_END""}]",REVIEW_1,NO,CHARACTER_GUIDE v0.1 적용. context-v1 복원 원문 1차 번역.,SUPPORTED: structured scenario command; header FACE slot maps to face_yuuki_12; runtime display not yet checked. PROVEN: byte-identical source command exists at the same path and offsets on Disc 2. SUPPORTED: context-v1 glyph 복원; 런타임 원문 검증 전. TERM: 버스피어·파스·도박장.,"サクゴロンリシキ？
なんだよ<G0001>それ",SUPPORTED,0001,NONE,
SCN_00215200_00740000_0005,SCENARIO,scenario_message,DATA/00215200.MDZ,DATA/00215200.MDT,0x00740000,00215200,4,0x00250b09,0x00250b04,90 f0 e2 f2 21 90 f0 e2 f2 43 08 c8 f5 80 47 f2 8a 9a 77 98 9f 0d ff 00,"無視、無視！
聞き流しといてね","무시, 무시!
그냥 흘려들어.",UNASSIGNED,アロンソ,"[{""offset"":-5,""raw_hex"":""22 0e 00 24 00"",""kind"":""MESSAGE_HEADER"",""opcode"":34,""argument"":36},{""offset"":10,""raw_hex"":""08"",""kind"":""LINE_BREAK""},{""offset"":21,""raw_hex"":""0d ff 00"",""kind"":""MESSAGE_END""}]",REVIEW_1,NO,CHARACTER_GUIDE v0.1 적용. context-v1 복원 원문 1차 번역.,SUPPORTED: structured scenario command; header FACE slot maps to face_alonso_03; runtime display not yet checked. PROVEN: byte-identical source command exists at the same path and offsets on Disc 2. SUPPORTED: context-v1 glyph 복원; 런타임 원문 검증 전. TERM: 버스피어·파스·도박장.,"無視<G0001>無視！
聞き流しといてね",SUPPORTED,0001,NONE,
SCN_00215200_00740000_0006,SCENARIO,scenario_message,DATA/00215200.MDZ,DATA/00215200.MDT,0x00740000,00215200,5,0x00250bf4,0x00250bef,5d f0 7b f0 a0 a2 f3 51 f2 82 bb 77 08 50 f1 be a2 77 77 a0 9d 46 0d ff 00,"自分の看板くらい
作ればいいのに…","자기 간판 정도는
만들면 될 텐데…",UNASSIGNED,ユウキ,"[{""offset"":-5,""raw_hex"":""02 0e 00 08 00"",""kind"":""MESSAGE_HEADER"",""opcode"":2,""argument"":8},{""offset"":12,""raw_hex"":""08"",""kind"":""LINE_BREAK""},{""offset"":22,""raw_hex"":""0d ff 00"",""kind"":""MESSAGE_END""}]",REVIEW_1,NO,CHARACTER_GUIDE v0.1 적용. context-v1 복원 원문 1차 번역.,SUPPORTED: structured scenario command; header FACE slot maps to face_yuuki_09; runtime display not yet checked. PROVEN: byte-identical source command exists at the same path and offsets on Disc 2. SUPPORTED: context-v1 glyph 복원; 런타임 원문 검증 전. TERM: 버스피어·파스·도박장.,"自分の<G03C2>板くらい
作ればいいのに<G0026>",SUPPORTED,"0026,03C2",NONE,
SCN_00215200_00740000_0007,SCENARIO,scenario_message,DATA/00215200.MDZ,DATA/00215200.MDT,0x00740000,00215200,6,0x00250c9f,0x00250c9a,75 a0 88 21 d9 36 f0 30 f0 e4 e9 a0 69 f5 95 98 08 ec f1 95 98 bd 44 21 49 f1 42 f1 a5 f1 a0 08 d9 36 f0 30 f0 e4 e9 9c c2 93 84 9b 88 43 0d ff 00,"あのさ、シュミットの店って
知ってる？、飛行王の
シュミットなんだけどさ！","저기, 슈미트의 가게는
알고 있어? 비행왕
슈미트 말이야!",UNASSIGNED,ユウキ,"[{""offset"":-5,""raw_hex"":""02 0e 00 01 00"",""kind"":""MESSAGE_HEADER"",""opcode"":2,""argument"":1},{""offset"":16,""raw_hex"":""08"",""kind"":""LINE_BREAK""},{""offset"":31,""raw_hex"":""08"",""kind"":""LINE_BREAK""},{""offset"":46,""raw_hex"":""0d ff 00"",""kind"":""MESSAGE_END""}]",REVIEW_1,NO,CHARACTER_GUIDE v0.1 적용. context-v1 복원 원문 1차 번역.,SUPPORTED: structured scenario command; header FACE slot maps to face_yuuki_02; runtime display not yet checked. PROVEN: byte-identical source command exists at the same path and offsets on Disc 2. SUPPORTED: context-v1 glyph 복원; 런타임 원문 검증 전. TERM: 버스피어·파스·도박장.,"あのさ<G0001>シュミットの<G0529>って
知ってる？<G0001>飛行王の
シュミットなんだけどさ！",SUPPORTED,"0001,0529",NONE,
SCN_00215200_00740000_0008,SCENARIO,scenario_message,DATA/00215200.MDZ,DATA/00215200.MDT,0x00740000,00215200,7,0x00250d37,0x00250d32,90 79 7e 43 08 9c 74 21 d9 36 f0 30 f0 e4 e9 95 98 88 08 9b c2 9c d7 f0 93 95 92 44 0d ff 00,"そうか！
なぁ、シュミットってさ
どんな人だった？","그렇구나!
저기, 슈미트는 말이야
어떤 사람이었어?",UNASSIGNED,ユウキ,"[{""offset"":-5,""raw_hex"":""02 0e 00 07 00"",""kind"":""MESSAGE_HEADER"",""opcode"":2,""argument"":7},{""offset"":4,""raw_hex"":""08"",""kind"":""LINE_BREAK""},{""offset"":18,""raw_hex"":""08"",""kind"":""LINE_BREAK""},{""offset"":28,""raw_hex"":""0d ff 00"",""kind"":""MESSAGE_END""}]",REVIEW_1,NO,CHARACTER_GUIDE v0.1 적용. context-v1 복원 원문 1차 번역.,SUPPORTED: structured scenario command; header FACE slot maps to face_yuuki_08; runtime display not yet checked. PROVEN: byte-identical source command exists at the same path and offsets on Disc 2. SUPPORTED: context-v1 glyph 복원; 런타임 원문 검증 전. TERM: 버스피어·파스·도박장.,"そうか！
な<G0054><G0001>シュミットってさ
どんな人だった？",SUPPORTED,"0001,0054",NONE,
SCN_00215200_00740000_0009,SCENARIO,scenario_message,DATA/00215200.MDZ,DATA/00215200.MDT,0x00740000,00215200,8,0x00250db0,0x00250dab,a1 f0 8e f3 7e be 92 7f f1 c2 d0 f0 46 08 42 f3 22 f2 c1 f0 46 43 0d ff 00,"見開かれた目ん玉…
怪光線…！","휘둥그레진 눈알…
괴광선…!",UNASSIGNED,ユウキ,"[{""offset"":-5,""raw_hex"":""02 0e 00 06 00"",""kind"":""MESSAGE_HEADER"",""opcode"":2,""argument"":6},{""offset"":13,""raw_hex"":""08"",""kind"":""LINE_BREAK""},{""offset"":22,""raw_hex"":""0d ff 00"",""kind"":""MESSAGE_END""}]",REVIEW_1,NO,CHARACTER_GUIDE v0.1 적용. context-v1 복원 원문 1차 번역.,SUPPORTED: structured scenario command; header FACE slot maps to face_yuuki_07; runtime display not yet checked. PROVEN: byte-identical source command exists at the same path and offsets on Disc 2. SUPPORTED: context-v1 glyph 복원; 런타임 원문 검증 전. TERM: 버스피어·파스·도박장.,"見開かれた<G01FF>ん玉<G0026>
怪光<G0171><G0026>！",SUPPORTED,"0026,01FF",SUPPORTED,0171
SCN_00215200_00740000_0010,SCENARIO,scenario_message,DATA/00215200.MDZ,DATA/00215200.MDT,0x00740000,00215200,9,0x00250ef6,0x00250ef1,a1 a1 43 08 25 f0 d1 ec e4 d1 9b 86 bf 7e 08 49 f1 42 f1 af f3 93 8f 43 08 99 f2 c1 49 f1 a8 c2 93 ba 21 86 be 7e bb 43 0d ff 00,"はは！
ピクニックどころか
飛行機だよ！
空を飛ぶんだよ、これから！","하하!
피크닉은커녕
비행기야!
이제부터 하늘을 날 거라고!",UNASSIGNED,ユウキ,"[{""offset"":-5,""raw_hex"":""02 0e 00 03 00"",""kind"":""MESSAGE_HEADER"",""opcode"":2,""argument"":3},{""offset"":3,""raw_hex"":""08"",""kind"":""LINE_BREAK""},{""offset"":14,""raw_hex"":""08"",""kind"":""LINE_BREAK""},{""offset"":24,""raw_hex"":""08"",""kind"":""LINE_BREAK""},{""offset"":40,""raw_hex"":""0d ff 00"",""kind"":""MESSAGE_END""}]",REVIEW_1,NO,CHARACTER_GUIDE v0.1 적용. context-v1 복원 원문 1차 번역.,SUPPORTED: structured scenario command; header FACE slot maps to face_yuuki_04; runtime display not yet checked. PROVEN: byte-identical source command exists at the same path and offsets on Disc 2. SUPPORTED: context-v1 glyph 복원; 런타임 원문 검증 전. TERM: 버스피어·파스·도박장.,"はは！
ピクニックどころか
飛行機だ<G006F>！
空を飛ぶんだよ<G0001>これから！",SUPPORTED,"0001,006F",NONE,
SCN_00215200_00740000_0011,SCENARIO,scenario_message,DATA/00215200.MDZ,DATA/00215200.MDT,0x00740000,00215200,10,0x00250f8c,0x00250f87,49 f1 42 f1 a5 f1 93 8f 21 d9 36 f0 30 f0 e4 e9 a1 43 08 99 f2 c1 80 c0 b3 92 c2 93 ba 08 93 7e bb 49 f1 a2 9c 77 a0 88 21 80 95 9a 46 0d ff 00,"飛行王だよ、シュミットは！
空をきわめたんだよ
だから飛ばないのさ、きっと…","슈미트는 비행왕이야!
하늘의 경지에 이른 사람이니까
그래서 더는 날지 않는 거야, 분명…",UNASSIGNED,ユウキ,"[{""offset"":-5,""raw_hex"":""02 0e 00 09 00"",""kind"":""MESSAGE_HEADER"",""opcode"":2,""argument"":9},{""offset"":18,""raw_hex"":""08"",""kind"":""LINE_BREAK""},{""offset"":29,""raw_hex"":""08"",""kind"":""LINE_BREAK""},{""offset"":45,""raw_hex"":""0d ff 00"",""kind"":""MESSAGE_END""}]",REVIEW_1,NO,CHARACTER_GUIDE v0.1 적용. context-v1 복원 원문 1차 번역.,SUPPORTED: structured scenario command; header FACE slot maps to face_yuuki_10; runtime display not yet checked. PROVEN: byte-identical source command exists at the same path and offsets on Disc 2. SUPPORTED: context-v1 glyph 복원; 런타임 원문 검증 전. TERM: 버스피어·파스·도박장.,"飛行王だ<G006F><G0001>シュミットは！
空をきわめたんだよ
だから飛ばないのさ<G0001>きっと<G0026>",SUPPORTED,"0001,0026,006F",NONE,
SCN_00215200_00740000_0012,SCENARIO,scenario_message,DATA/00215200.MDZ,DATA/00215200.MDT,0x00740000,00215200,11,0x002510d8,0x002510d3,75 75 46 08 cc 3e f0 b4 21 54 f1 8d f0 a0 4c f4 a0 49 f1 42 f1 af f3 a1 08 cc 33 f0 e3 34 f0 b1 92 77 9c 08 b4 c2 93 95 92 9c 46 0d ff 00,"ああ…
オレも、最初の頃の飛行機は
オモチャみたいな
もんだったな…","그래…
나도 처음 만들던 비행기는
장난감 같은
물건이었지…",UNASSIGNED,ユウキ,"[{""offset"":-5,""raw_hex"":""02 0e 00 08 00"",""kind"":""MESSAGE_HEADER"",""opcode"":2,""argument"":8},{""offset"":3,""raw_hex"":""08"",""kind"":""LINE_BREAK""},{""offset"":24,""raw_hex"":""08"",""kind"":""LINE_BREAK""},{""offset"":35,""raw_hex"":""08"",""kind"":""LINE_BREAK""},{""offset"":43,""raw_hex"":""0d ff 00"",""kind"":""MESSAGE_END""}]",REVIEW_1,NO,CHARACTER_GUIDE v0.1 적용. context-v1 복원 원문 1차 번역.,SUPPORTED: structured scenario command; header FACE slot maps to face_yuuki_09; runtime display not yet checked. PROVEN: byte-identical source command exists at the same path and offsets on Disc 2. SUPPORTED: context-v1 glyph 복원; 런타임 원문 검증 전. TERM: 버스피어·파스·도박장.,"ああ<G0026>
オレも<G0001><G01D4>初の<G043C>の飛行機は
オモチャみたいな
もんだったな<G0026>",SUPPORTED,"0001,0026,01D4,043C",NONE,
SCN_00215200_00740000_0013,SCENARIO,scenario_message,DATA/00215200.MDZ,DATA/00215200.MDT,0x00740000,00215200,12,0x00251173,0x0025116e,90 c2 9c 9d de f4 7e bb 75 95 92 a0 7e 08 b4 79 21 52 f6 6f f4 a0 4d f0 3b f2 93 8f 43 0d ff 00,"そんなに昔からあったのか
もう、歴史の一部だよ！","그렇게 오래전부터 있었어?
이제 역사 그 자체네!",UNASSIGNED,ユウキ,"[{""offset"":-5,""raw_hex"":""02 0e 00 02 00"",""kind"":""MESSAGE_HEADER"",""opcode"":2,""argument"":2},{""offset"":13,""raw_hex"":""08"",""kind"":""LINE_BREAK""},{""offset"":29,""raw_hex"":""0d ff 00"",""kind"":""MESSAGE_END""}]",REVIEW_1,NO,CHARACTER_GUIDE v0.1 적용. context-v1 복원 원문 1차 번역.,SUPPORTED: structured scenario command; header FACE slot maps to face_yuuki_03; runtime display not yet checked. PROVEN: byte-identical source command exists at the same path and offsets on Disc 2. SUPPORTED: context-v1 glyph 복원; 런타임 원문 검증 전. TERM: 버스피어·파스·도박장.,"そんなに<G04CE>からあったのか
もう<G0001>歴史の一部だ<G006F>！",SUPPORTED,"0001,006F,04CE",NONE,
SCN_00215200_00740000_0015,SCENARIO,scenario_message,DATA/00215200.MDZ,DATA/00215200.MDT,0x00740000,00215200,14,0x00251338,0x00251333,5b f1 5b f0 c0 7e c2 9c 77 9f 46 08 cd ca 3d f0 9a 24 f0 47 eb db 9a a2 f3 51 f2 46 44 0d ff 00,"意味わかんないね…
カエルとビーナスと看板…？","무슨 뜻인지 모르겠네…
개구리와 비너스와 간판이라니…?",UNASSIGNED,ユウキ,"[{""offset"":-5,""raw_hex"":""02 0e 00 08 00"",""kind"":""MESSAGE_HEADER"",""opcode"":2,""argument"":8},{""offset"":11,""raw_hex"":""08"",""kind"":""LINE_BREAK""},{""offset"":29,""raw_hex"":""0d ff 00"",""kind"":""MESSAGE_END""}]",REVIEW_1,NO,CHARACTER_GUIDE v0.1 적용. context-v1 복원 원문 1차 번역.,SUPPORTED: structured scenario command; header FACE slot maps to face_yuuki_09; runtime display not yet checked. PROVEN: byte-identical source command exists at the same path and offsets on Disc 2. SUPPORTED: context-v1 glyph 복원; 런타임 원문 검증 전. TERM: 버스피어·파스·도박장.,"意味わかんないね<G0026>
カエルとビーナスと<G03C2>板<G0026>？",SUPPORTED,"0026,03C2",NONE,
SCN_00215200_00740000_0016,SCENARIO,scenario_message,DATA/00215200.MDZ,DATA/00215200.MDT,0x00740000,00215200,15,0x002513ba,0x002513b5,8c 87 77 56 f3 3b f5 93 9c 46 0d ff 00,すごい難題だな…,정말 어려운 문제네…,UNASSIGNED,ユウキ,"[{""offset"":-5,""raw_hex"":""02 0e 00 08 00"",""kind"":""MESSAGE_HEADER"",""opcode"":2,""argument"":8},{""offset"":10,""raw_hex"":""0d ff 00"",""kind"":""MESSAGE_END""}]",REVIEW_1,NO,CHARACTER_GUIDE v0.1 적용. context-v1 복원 원문 1차 번역.,SUPPORTED: structured scenario command; header FACE slot maps to face_yuuki_09; runtime display not yet checked. PROVEN: byte-identical source command exists at the same path and offsets on Disc 2. SUPPORTED: context-v1 glyph 복원; 런타임 원문 검증 전. TERM: 버스피어·파스·도박장.,すごい<G0376><G04FB>だな<G0026>,SUPPORTED,"0026,0376",SUPPORTED,04FB
SCN_00215200_00740000_0017,SCENARIO,scenario_message,DATA/00215200.MDZ,DATA/00215200.MDT,0x00740000,00215200,16,0x00251621,0x0025161c,86 86 95 98 21 7d 69 f5 9c a0 44 0d ff 00,ここって、お店なの？,여기가 가게야?,UNASSIGNED,ユウキ,"[{""offset"":-5,""raw_hex"":""02 0e 00 01 00"",""kind"":""MESSAGE_HEADER"",""opcode"":2,""argument"":1},{""offset"":11,""raw_hex"":""0d ff 00"",""kind"":""MESSAGE_END""}]",REVIEW_1,NO,CHARACTER_GUIDE v0.1 적용. context-v1 복원 원문 1차 번역.,SUPPORTED: structured scenario command; header FACE slot maps to face_yuuki_02; runtime display not yet checked. PROVEN: byte-identical source command exists at the same path and offsets on Disc 2. SUPPORTED: context-v1 glyph 복원; 런타임 원문 검증 전. TERM: 버스피어·파스·도박장.,ここって<G0001>お<G0529>なの？,SUPPORTED,"0001,0529",NONE,
SCN_00215200_00740000_0018,SCENARIO,scenario_message,DATA/00215200.MDZ,DATA/00215200.MDT,0x00740000,00215200,17,0x00251733,0x0025172e,d9 36 f0 30 f0 e4 e9 95 98 d7 f0 c1 08 d8 f0 8a 98 bd c2 93 43 08 ad bb 21 49 f1 42 f1 a5 f1 a0 88 08 a8 f1 2b f1 d7 f0 93 bf 44 0d ff 00,"シュミットって人を
探してるんだ！
ほら、飛行王のさ
有名人だろ？","슈미트라는 사람을
찾고 있어!
그 비행왕 말이야
유명인이잖아?",UNASSIGNED,ユウキ,"[{""offset"":-5,""raw_hex"":""02 0e 00 03 00"",""kind"":""MESSAGE_HEADER"",""opcode"":2,""argument"":3},{""offset"":12,""raw_hex"":""08"",""kind"":""LINE_BREAK""},{""offset"":21,""raw_hex"":""08"",""kind"":""LINE_BREAK""},{""offset"":33,""raw_hex"":""08"",""kind"":""LINE_BREAK""},{""offset"":43,""raw_hex"":""0d ff 00"",""kind"":""MESSAGE_END""}]",REVIEW_1,NO,CHARACTER_GUIDE v0.1 적용. context-v1 복원 원문 1차 번역.,SUPPORTED: structured scenario command; header FACE slot maps to face_yuuki_04; runtime display not yet checked. PROVEN: byte-identical source command exists at the same path and offsets on Disc 2. SUPPORTED: context-v1 glyph 복원; 런타임 원문 검증 전. TERM: 버스피어·파스·도박장.,"シュミットって人を
<G0188>してるんだ！
ほら<G0001>飛行王のさ
<G0228>名人だろ？",SUPPORTED,"0001,0188,0228",NONE,
SCN_00215200_00740000_0019,SCENARIO,scenario_message,DATA/00215200.MDZ,DATA/00215200.MDT,0x00740000,00215200,18,0x002517aa,0x002517a5,7b 95 43 08 b4 8a 7e 8a 98 08 d9 36 f0 30 f0 e4 e9 a0 2c f6 93 94 42 0d ff 00,"えっ！
もしかして
シュミットの友だち？","어!
혹시
슈미트의 친구야?",UNASSIGNED,ユウキ,"[{""offset"":-5,""raw_hex"":""02 0e 00 06 00"",""kind"":""MESSAGE_HEADER"",""opcode"":2,""argument"":6},{""offset"":3,""raw_hex"":""08"",""kind"":""LINE_BREAK""},{""offset"":9,""raw_hex"":""08"",""kind"":""LINE_BREAK""},{""offset"":23,""raw_hex"":""0d ff 00"",""kind"":""MESSAGE_END""}]",REVIEW_1,NO,CHARACTER_GUIDE v0.1 적용. context-v1 복원 원문 1차 번역.,SUPPORTED: structured scenario command; header FACE slot maps to face_yuuki_07; runtime display not yet checked. PROVEN: byte-identical source command exists at the same path and offsets on Disc 2. SUPPORTED: context-v1 glyph 복원; 런타임 원문 검증 전. TERM: 버스피어·파스·도박장.,"えっ！
もしかして
シュミットの<G05BC>だち<G0022>",SUPPORTED,"0022,05BC",NONE,
SCN_00215200_00740000_0020,SCENARIO,scenario_message,DATA/00215200.MDZ,DATA/00215200.MDT,0x00740000,00215200,19,0x0025181a,0x00251815,75 c2 9c d7 f0 46 44 0d ff 00,あんな人…？,그런 사람이…?,UNASSIGNED,ユウキ,"[{""offset"":-5,""raw_hex"":""02 0e 00 0b 00"",""kind"":""MESSAGE_HEADER"",""opcode"":2,""argument"":11},{""offset"":7,""raw_hex"":""0d ff 00"",""kind"":""MESSAGE_END""}]",REVIEW_1,NO,CHARACTER_GUIDE v0.1 적용. context-v1 복원 원문 1차 번역.,SUPPORTED: structured scenario command; header FACE slot maps to face_yuuki_12; runtime display not yet checked. PROVEN: byte-identical source command exists at the same path and offsets on Disc 2. SUPPORTED: context-v1 glyph 복원; 런타임 원문 검증 전. TERM: 버스피어·파스·도박장.,あんな人<G0026>？,SUPPORTED,0026,NONE,
SCN_00240400_00740000_0006,SCENARIO,scenario_message,DATA/00240400.MDZ,DATA/00240400.MDT,0x00740000,00240400,5,0x00285526,0x00285521,90 79 9c c2 93 46 08 99 b4 21 4d f4 a1 b4 79 08 9c 82 9c 95 94 b5 95 92 95 98 86 9a 44 0d ff 00,"そうなんだ…
でも、あはもう
なくなっちゃったってこと？","그렇구나…
그런데 이제는
없어져 버렸다는 거야?",UNASSIGNED,ユウキ,"[{""offset"":-5,""raw_hex"":""02 0e 00 01 00"",""kind"":""MESSAGE_HEADER"",""opcode"":2,""argument"":1},{""offset"":6,""raw_hex"":""08"",""kind"":""LINE_BREAK""},{""offset"":15,""raw_hex"":""08"",""kind"":""LINE_BREAK""},{""offset"":29,""raw_hex"":""0d ff 00"",""kind"":""MESSAGE_END""}]",REVIEW_1,NO,CHARACTER_GUIDE v0.1 적용. context-v1 복원 원문 1차 번역.,SUPPORTED: structured scenario command; header FACE slot maps to face_yuuki_02; runtime display not yet checked. PROVEN: byte-identical source command exists at the same path and offsets on Disc 2. SUPPORTED: context-v1 glyph 복원; 런타임 원문 검증 전. TERM: 버스피어·파스·도박장.,"そうなんだ<G0026>
でも<G0001><G043D>はもう
なくなっちゃったってこと？",SUPPORTED,"0001,0026,043D",NONE,
SCN_00240400_00740000_0007,SCENARIO,scenario_message,DATA/00240400.MDZ,DATA/00240400.MDT,0x00740000,00240400,6,0x0028562a,0x00285625,6a f0 6b f0 a0 26 f5 a8 f3 cc f4 46 7e 9c 44 0d ff 00,魔法の相関図…かな？,마법의 상관도…일까?,UNASSIGNED,ユウキ,"[{""offset"":-5,""raw_hex"":""02 0e 00 01 00"",""kind"":""MESSAGE_HEADER"",""opcode"":2,""argument"":1},{""offset"":15,""raw_hex"":""0d ff 00"",""kind"":""MESSAGE_END""}]",REVIEW_1,NO,CHARACTER_GUIDE v0.1 적용. context-v1 복원 원문 1차 번역.,SUPPORTED: structured scenario command; header FACE slot maps to face_yuuki_02; runtime display not yet checked. PROVEN: byte-identical source command exists at the same path and offsets on Disc 2. SUPPORTED: context-v1 glyph 복원; 런타임 원문 검증 전. TERM: 버스피어·파스·도박장.,魔法の<G04E6><G03C8><G04BC><G0026>かな？,SUPPORTED,"0026,04BC,04E6",SUPPORTED,03C8
SCN_00360400_00740000_0005,SCENARIO,scenario_message,DATA/00360400.MDZ,DATA/00360400.MDT,0x00740000,00360400,4,0x0023991a,0x00239915,b6 b3 bd 21 21 08 9f f4 98 f5 8c bd 21 0d ff 00,"やめる、、
宿泊する、","그만둔다,,
숙박한다,",UNASSIGNED,ユウキ,"[{""offset"":-5,""raw_hex"":""02 0e 00 01 00"",""kind"":""MESSAGE_HEADER"",""opcode"":2,""argument"":1},{""offset"":5,""raw_hex"":""08"",""kind"":""LINE_BREAK""},{""offset"":13,""raw_hex"":""0d ff 00"",""kind"":""MESSAGE_END""}]",REVIEW_1,NO,CHARACTER_GUIDE v0.1 적용. context-v1 복원 원문 1차 번역.,SUPPORTED: structured scenario command; header FACE slot maps to face_yuuki_02; runtime display not yet checked. PROVEN: byte-identical source command exists at the same path and offsets on Disc 2. SUPPORTED: context-v1 glyph 복원; 런타임 원문 검증 전. TERM: 버스피어·파스·도박장.,"やめる<G0001><G0001>
宿<G0558>する<G0001>",SUPPORTED,"0001,0558",NONE,
SCN_00360400_00740000_0007,SCENARIO,scenario_message,DATA/00360400.MDZ,DATA/00360400.MDT,0x00740000,00360400,6,0x00239bd0,0x00239bcb,b6 b3 bd 21 21 08 9f f4 98 f5 8c bd 21 0d ff 00,"やめる、、
宿泊する、","그만둔다,,
숙박한다,",UNASSIGNED,ユウキ,"[{""offset"":-5,""raw_hex"":""02 0e 00 01 00"",""kind"":""MESSAGE_HEADER"",""opcode"":2,""argument"":1},{""offset"":5,""raw_hex"":""08"",""kind"":""LINE_BREAK""},{""offset"":13,""raw_hex"":""0d ff 00"",""kind"":""MESSAGE_END""}]",REVIEW_1,NO,CHARACTER_GUIDE v0.1 적용. context-v1 복원 원문 1차 번역.,SUPPORTED: structured scenario command; header FACE slot maps to face_yuuki_02; runtime display not yet checked. PROVEN: byte-identical source command exists at the same path and offsets on Disc 2. SUPPORTED: context-v1 glyph 복원; 런타임 원문 검증 전. TERM: 버스피어·파스·도박장.,"やめる<G0001><G0001>
宿<G0558>する<G0001>",SUPPORTED,"0001,0558",NONE,
SCN_00360400_00740000_0015,SCENARIO,scenario_message,DATA/00360400.MDZ,DATA/00360400.MDT,0x00740000,00360400,14,0x0023a66a,0x0023a665,b6 b3 bd 21 21 08 9f f4 98 f5 8c bd 21 0d ff 00,"やめる、、
宿泊する、","그만둔다,,
숙박한다,",UNASSIGNED,ユウキ,"[{""offset"":-5,""raw_hex"":""02 0e 00 01 00"",""kind"":""MESSAGE_HEADER"",""opcode"":2,""argument"":1},{""offset"":5,""raw_hex"":""08"",""kind"":""LINE_BREAK""},{""offset"":13,""raw_hex"":""0d ff 00"",""kind"":""MESSAGE_END""}]",REVIEW_1,NO,CHARACTER_GUIDE v0.1 적용. context-v1 복원 원문 1차 번역.,SUPPORTED: structured scenario command; header FACE slot maps to face_yuuki_02; runtime display not yet checked. PROVEN: byte-identical source command exists at the same path and offsets on Disc 2. SUPPORTED: context-v1 glyph 복원; 런타임 원문 검증 전. TERM: 버스피어·파스·도박장.,"やめる<G0001><G0001>
宿<G0558>する<G0001>",SUPPORTED,"0001,0558",NONE,
SCN_00360400_00740000_0016,SCENARIO,scenario_message,DATA/00360400.MDZ,DATA/00360400.MDT,0x00740000,00360400,15,0x0023a7b6,0x0023a7b1,b6 b3 bd 21 21 08 9f f4 98 f5 8c bd 21 0d ff 00,"やめる、、
宿泊する、","그만둔다,,
숙박한다,",UNASSIGNED,ユウキ,"[{""offset"":-5,""raw_hex"":""02 0e 00 01 00"",""kind"":""MESSAGE_HEADER"",""opcode"":2,""argument"":1},{""offset"":5,""raw_hex"":""08"",""kind"":""LINE_BREAK""},{""offset"":13,""raw_hex"":""0d ff 00"",""kind"":""MESSAGE_END""}]",REVIEW_1,NO,CHARACTER_GUIDE v0.1 적용. context-v1 복원 원문 1차 번역.,SUPPORTED: structured scenario command; header FACE slot maps to face_yuuki_02; runtime display not yet checked. PROVEN: byte-identical source command exists at the same path and offsets on Disc 2. SUPPORTED: context-v1 glyph 복원; 런타임 원문 검증 전. TERM: 버스피어·파스·도박장.,"やめる<G0001><G0001>
宿<G0558>する<G0001>",SUPPORTED,"0001,0558",NONE,
SCN_00360400_00740000_0018,SCENARIO,scenario_message,DATA/00360400.MDZ,DATA/00360400.MDT,0x00740000,00360400,17,0x0023a8ee,0x0023a8e9,b6 b3 bd 21 21 08 9f f4 98 f5 8c bd 21 0d ff 00,"やめる、、
宿泊する、","그만둔다,,
숙박한다,",UNASSIGNED,ユウキ,"[{""offset"":-5,""raw_hex"":""02 0e 00 01 00"",""kind"":""MESSAGE_HEADER"",""opcode"":2,""argument"":1},{""offset"":5,""raw_hex"":""08"",""kind"":""LINE_BREAK""},{""offset"":13,""raw_hex"":""0d ff 00"",""kind"":""MESSAGE_END""}]",REVIEW_1,NO,CHARACTER_GUIDE v0.1 적용. context-v1 복원 원문 1차 번역.,SUPPORTED: structured scenario command; header FACE slot maps to face_yuuki_02; runtime display not yet checked. PROVEN: byte-identical source command exists at the same path and offsets on Disc 2. SUPPORTED: context-v1 glyph 복원; 런타임 원문 검증 전. TERM: 버스피어·파스·도박장.,"やめる<G0001><G0001>
宿<G0558>する<G0001>",SUPPORTED,"0001,0558",NONE,
SCN_00630100_00740000_0006,SCENARIO,scenario_message,DATA/00630100.MDZ,DATA/00630100.MDT,0x00740000,00630100,5,0x00373584,0x0037357f,b6 b3 bd 21 21 08 9f f4 98 f5 8c bd 21 0d ff 00,"やめる、、
宿泊する、","그만둔다,,
숙박한다,",UNASSIGNED,ユウキ,"[{""offset"":-5,""raw_hex"":""02 0e 00 01 00"",""kind"":""MESSAGE_HEADER"",""opcode"":2,""argument"":1},{""offset"":5,""raw_hex"":""08"",""kind"":""LINE_BREAK""},{""offset"":13,""raw_hex"":""0d ff 00"",""kind"":""MESSAGE_END""}]",REVIEW_1,NO,CHARACTER_GUIDE v0.1 적용. context-v1 복원 원문 1차 번역.,SUPPORTED: structured scenario command; header FACE slot maps to face_yuuki_02; runtime display not yet checked. PROVEN: byte-identical source command exists at the same path and offsets on Disc 2. SUPPORTED: context-v1 glyph 복원; 런타임 원문 검증 전. TERM: 버스피어·파스·도박장.,"やめる<G0001><G0001>
宿<G0558>する<G0001>",SUPPORTED,"0001,0558",NONE,
SCN_00630100_00740000_0009,SCENARIO,scenario_message,DATA/00630100.MDZ,DATA/00630100.MDT,0x00740000,00630100,8,0x003736e1,0x003736dc,b6 b3 bd 21 21 08 9f f4 98 f5 8c bd 21 0d ff 00,"やめる、、
宿泊する、","그만둔다,,
숙박한다,",UNASSIGNED,ユウキ,"[{""offset"":-5,""raw_hex"":""02 0e 00 01 00"",""kind"":""MESSAGE_HEADER"",""opcode"":2,""argument"":1},{""offset"":5,""raw_hex"":""08"",""kind"":""LINE_BREAK""},{""offset"":13,""raw_hex"":""0d ff 00"",""kind"":""MESSAGE_END""}]",REVIEW_1,NO,CHARACTER_GUIDE v0.1 적용. context-v1 복원 원문 1차 번역.,SUPPORTED: structured scenario command; header FACE slot maps to face_yuuki_02; runtime display not yet checked. PROVEN: byte-identical source command exists at the same path and offsets on Disc 2. SUPPORTED: context-v1 glyph 복원; 런타임 원문 검증 전. TERM: 버스피어·파스·도박장.,"やめる<G0001><G0001>
宿<G0558>する<G0001>",SUPPORTED,"0001,0558",NONE,
SCN_00630100_00740000_0012,SCENARIO,scenario_message,DATA/00630100.MDZ,DATA/00630100.MDT,0x00740000,00630100,11,0x00373815,0x00373810,b6 b3 bd 21 21 08 9f f4 98 f5 8c bd 21 0d ff 00,"やめる、、
宿泊する、","그만둔다,,
숙박한다,",UNASSIGNED,ユウキ,"[{""offset"":-5,""raw_hex"":""02 0e 00 01 00"",""kind"":""MESSAGE_HEADER"",""opcode"":2,""argument"":1},{""offset"":5,""raw_hex"":""08"",""kind"":""LINE_BREAK""},{""offset"":13,""raw_hex"":""0d ff 00"",""kind"":""MESSAGE_END""}]",REVIEW_1,NO,CHARACTER_GUIDE v0.1 적용. context-v1 복원 원문 1차 번역.,SUPPORTED: structured scenario command; header FACE slot maps to face_yuuki_02; runtime display not yet checked. PROVEN: byte-identical source command exists at the same path and offsets on Disc 2. SUPPORTED: context-v1 glyph 복원; 런타임 원문 검증 전. TERM: 버스피어·파스·도박장.,"やめる<G0001><G0001>
宿<G0558>する<G0001>",SUPPORTED,"0001,0558",NONE,
SCN_00630100_00740000_0015,SCENARIO,scenario_message,DATA/00630100.MDZ,DATA/00630100.MDT,0x00740000,00630100,14,0x00373949,0x00373944,b6 b3 bd 21 21 08 9f f4 98 f5 8c bd 21 0d ff 00,"やめる、、
宿泊する、","그만둔다,,
숙박한다,",UNASSIGNED,ユウキ,"[{""offset"":-5,""raw_hex"":""02 0e 00 01 00"",""kind"":""MESSAGE_HEADER"",""opcode"":2,""argument"":1},{""offset"":5,""raw_hex"":""08"",""kind"":""LINE_BREAK""},{""offset"":13,""raw_hex"":""0d ff 00"",""kind"":""MESSAGE_END""}]",REVIEW_1,NO,CHARACTER_GUIDE v0.1 적용. context-v1 복원 원문 1차 번역.,SUPPORTED: structured scenario command; header FACE slot maps to face_yuuki_02; runtime display not yet checked. PROVEN: byte-identical source command exists at the same path and offsets on Disc 2. SUPPORTED: context-v1 glyph 복원; 런타임 원문 검증 전. TERM: 버스피어·파스·도박장.,"やめる<G0001><G0001>
宿<G0558>する<G0001>",SUPPORTED,"0001,0558",NONE,
SCN_00630100_00740000_0017,SCENARIO,scenario_message,DATA/00630100.MDZ,DATA/00630100.MDT,0x00740000,00630100,16,0x00373a92,0x00373a8d,b6 b3 bd 21 21 08 9f f4 98 f5 8c bd 21 0d ff 00,"やめる、、
宿泊する、","그만둔다,,
숙박한다,",UNASSIGNED,ユウキ,"[{""offset"":-5,""raw_hex"":""02 0e 00 01 00"",""kind"":""MESSAGE_HEADER"",""opcode"":2,""argument"":1},{""offset"":5,""raw_hex"":""08"",""kind"":""LINE_BREAK""},{""offset"":13,""raw_hex"":""0d ff 00"",""kind"":""MESSAGE_END""}]",REVIEW_1,NO,CHARACTER_GUIDE v0.1 적용. context-v1 복원 원문 1차 번역.,SUPPORTED: structured scenario command; header FACE slot maps to face_yuuki_02; runtime display not yet checked. PROVEN: byte-identical source command exists at the same path and offsets on Disc 2. SUPPORTED: context-v1 glyph 복원; 런타임 원문 검증 전. TERM: 버스피어·파스·도박장.,"やめる<G0001><G0001>
宿<G0558>する<G0001>",SUPPORTED,"0001,0558",NONE,
SCN_00630100_00740000_0025,SCENARIO,scenario_message,DATA/00630100.MDZ,DATA/00630100.MDT,0x00740000,00630100,24,0x0037424e,0x00374249,b6 b3 bd 21 21 08 9f f4 98 f5 8c bd 21 0d ff 00,"やめる、、
宿泊する、","그만둔다,,
숙박한다,",UNASSIGNED,ユウキ,"[{""offset"":-5,""raw_hex"":""02 0e 00 01 00"",""kind"":""MESSAGE_HEADER"",""opcode"":2,""argument"":1},{""offset"":5,""raw_hex"":""08"",""kind"":""LINE_BREAK""},{""offset"":13,""raw_hex"":""0d ff 00"",""kind"":""MESSAGE_END""}]",REVIEW_1,NO,CHARACTER_GUIDE v0.1 적용. context-v1 복원 원문 1차 번역.,SUPPORTED: structured scenario command; header FACE slot maps to face_yuuki_02; runtime display not yet checked. PROVEN: byte-identical source command exists at the same path and offsets on Disc 2. SUPPORTED: context-v1 glyph 복원; 런타임 원문 검증 전. TERM: 버스피어·파스·도박장.,"やめる<G0001><G0001>
宿<G0558>する<G0001>",SUPPORTED,"0001,0558",NONE,
SCN_10214101_00740000_0073,SCENARIO,scenario_message,DATA/10214101.MDZ,DATA/10214101.MDT,0x00740000,10214101,72,0x00469170,0x0046916b,75 75 21 90 79 88 43 08 52 51 48 f4 af f3 9a 4d f0 8b f6 9d 08 eb f2 97 f2 dc f2 c1 49 f1 a5 5f f0 bd c2 93 43 0d ff 00,"ああ、そうさ！
21号機と一緒に
世界中を飛び回るんだ！","그래, 맞아!
21호기와 함께
전 세계를 날아다닐 거야!",UNASSIGNED,ユウキ,"[{""offset"":-5,""raw_hex"":""02 0e 00 0a 00"",""kind"":""MESSAGE_HEADER"",""opcode"":2,""argument"":10},{""offset"":7,""raw_hex"":""08"",""kind"":""LINE_BREAK""},{""offset"":20,""raw_hex"":""08"",""kind"":""LINE_BREAK""},{""offset"":37,""raw_hex"":""0d ff 00"",""kind"":""MESSAGE_END""}]",REVIEW_1,NO,CHARACTER_GUIDE v0.1 적용. context-v1 복원 원문 1차 번역.,SUPPORTED: structured scenario command; header FACE slot maps to face_yuuki_11; runtime display not yet checked. PROVEN: byte-identical source command exists at the same path and offsets on Disc 2. SUPPORTED: context-v1 glyph 복원; 런타임 원문 검증 전. TERM: 버스피어·파스·도박장.,"ああ<G0001>そうさ！
21号機と一<G061B>に
世界中を飛び回るんだ！",SUPPORTED,"0001,061B",NONE,
SCN_10214101_00740000_0074,SCENARIO,scenario_message,DATA/10214101.MDZ,DATA/10214101.MDT,0x00740000,10214101,73,0x004691ef,0x004691ea,c8 3d f0 46 21 c3 f4 ab bd 7e 64 f0 8c 7e 08 9b 95 94 7e 9d 8a bf ba 46 0d ff 00,"ウル…、食べるか話すか
どっちかにしろよ…","울… 먹든지 말하든지
둘 중 하나만 해…",UNASSIGNED,ユウキ,"[{""offset"":-5,""raw_hex"":""02 0e 00 08 00"",""kind"":""MESSAGE_HEADER"",""opcode"":2,""argument"":8},{""offset"":14,""raw_hex"":""08"",""kind"":""LINE_BREAK""},{""offset"":24,""raw_hex"":""0d ff 00"",""kind"":""MESSAGE_END""}]",REVIEW_1,NO,CHARACTER_GUIDE v0.1 적용. context-v1 복원 원문 1차 번역.,SUPPORTED: structured scenario command; header FACE slot maps to face_yuuki_09; runtime display not yet checked. PROVEN: byte-identical source command exists at the same path and offsets on Disc 2. SUPPORTED: context-v1 glyph 복원; 런타임 원문 검증 전. TERM: 버스피어·파스·도박장.,"ウル<G0026><G0001>食べるか<G0114>すか
どっちかにしろよ<G0026>",SUPPORTED,"0001,0026,0114",NONE,
SCN_10214101_00740000_0075,SCENARIO,scenario_message,DATA/10214101.MDZ,DATA/10214101.MDT,0x00740000,10214101,74,0x00469388,0x00469383,46 ad bb 21 c8 3d f0 08 86 95 94 7f 9d f0 78 f1 a0 67 f1 46 0d ff 00,"…ほら、ウル
こっちが本当の水…","…자, 울
이쪽이 진짜 물이야…",UNASSIGNED,ユウキ,"[{""offset"":-5,""raw_hex"":""02 0e 00 08 00"",""kind"":""MESSAGE_HEADER"",""opcode"":2,""argument"":8},{""offset"":7,""raw_hex"":""08"",""kind"":""LINE_BREAK""},{""offset"":20,""raw_hex"":""0d ff 00"",""kind"":""MESSAGE_END""}]",REVIEW_1,NO,CHARACTER_GUIDE v0.1 적용. context-v1 복원 원문 1차 번역.,SUPPORTED: structured scenario command; header FACE slot maps to face_yuuki_09; runtime display not yet checked. PROVEN: byte-identical source command exists at the same path and offsets on Disc 2. SUPPORTED: context-v1 glyph 복원; 런타임 원문 검증 전. TERM: 버스피어·파스·도박장.,"<G0026>ほら<G0001>ウル
こっちが本当の水<G0026>",SUPPORTED,"0001,0026",NONE,
SCN_10214101_00740000_0076,SCENARIO,scenario_message,DATA/10214101.MDZ,DATA/10214101.MDT,0x00740000,10214101,75,0x00469441,0x0046943c,75 95 46 21 c4 3d f0 26 f0 c5 eb b4 08 b4 94 bf c2 4d f5 ca f2 93 ba 43 08 4d f0 8b f6 9d 99 f2 c1 49 f1 c2 99 bd 8b b5 9c 77 7e 0d ff 00,"あっ…、アルフィナも
もちろん仲間だよ！
一緒に空を飛んでるじゃないか","아… 알피나도
물론 동료지!
같이 하늘을 날고 있잖아.",UNASSIGNED,ユウキ,"[{""offset"":-5,""raw_hex"":""02 0e 00 08 00"",""kind"":""MESSAGE_HEADER"",""opcode"":2,""argument"":8},{""offset"":12,""raw_hex"":""08"",""kind"":""LINE_BREAK""},{""offset"":24,""raw_hex"":""08"",""kind"":""LINE_BREAK""},{""offset"":43,""raw_hex"":""0d ff 00"",""kind"":""MESSAGE_END""}]",REVIEW_1,NO,CHARACTER_GUIDE v0.1 적용. context-v1 복원 원문 1차 번역.,SUPPORTED: structured scenario command; header FACE slot maps to face_yuuki_09; runtime display not yet checked. PROVEN: byte-identical source command exists at the same path and offsets on Disc 2. SUPPORTED: context-v1 glyph 복원; 런타임 원문 검증 전. TERM: 버스피어·파스·도박장.,"あっ<G0026><G0001>アルフィナも
もちろん仲間だよ！
一<G061B>に空を飛んでるじゃないか",SUPPORTED,"0001,0026,061B",NONE,
SCN_10214101_00740000_0078,SCENARIO,scenario_message,DATA/10214101.MDZ,DATA/10214101.MDT,0x00740000,10214101,77,0x00469929,0x00469924,a1 a1 46 21 b0 93 c3 f4 79 a0 7e ba 46 08 c8 3d f0 a0 61 f3 82 f1 95 98 08 9b 86 9d 96 9c 7f 95 98 c2 93 bf 46 0d ff 00,"はは…、まだ食うのかよ…
ウルの胃袋って
どこにつながってんだろ…","하하… 아직도 먹는 거야…
울의 위는
어디로 이어져 있는 걸까…",UNASSIGNED,ユウキ,"[{""offset"":-5,""raw_hex"":""02 0e 00 08 00"",""kind"":""MESSAGE_HEADER"",""opcode"":2,""argument"":8},{""offset"":13,""raw_hex"":""08"",""kind"":""LINE_BREAK""},{""offset"":24,""raw_hex"":""08"",""kind"":""LINE_BREAK""},{""offset"":37,""raw_hex"":""0d ff 00"",""kind"":""MESSAGE_END""}]",REVIEW_1,NO,CHARACTER_GUIDE v0.1 적용. context-v1 복원 원문 1차 번역.,SUPPORTED: structured scenario command; header FACE slot maps to face_yuuki_09; runtime display not yet checked. PROVEN: byte-identical source command exists at the same path and offsets on Disc 2. SUPPORTED: context-v1 glyph 복원; 런타임 원문 검증 전. TERM: 버스피어·파스·도박장.,"はは<G0026><G0001>まだ食うのかよ<G0026>
ウルの<G0381><G0202>って
どこにつながってんだろ<G0026>",SUPPORTED,"0001,0026",SUPPORTED,"0202,0381"
SCN_10214101_00740000_0079,SCENARIO,scenario_message,DATA/10214101.MDZ,DATA/10214101.MDT,0x00740000,10214101,78,0x00469a38,0x00469a33,ba 8a 95 43 21 c8 3d f0 08 86 be c1 b8 95 82 bc 67 f3 b2 c2 93 43 0d ff 00,"よしっ！、ウル
これをゆっくり飲むんだ！","좋아! 울
이걸 천천히 마셔!",UNASSIGNED,ユウキ,"[{""offset"":-5,""raw_hex"":""02 0e 00 07 00"",""kind"":""MESSAGE_HEADER"",""opcode"":2,""argument"":7},{""offset"":8,""raw_hex"":""08"",""kind"":""LINE_BREAK""},{""offset"":22,""raw_hex"":""0d ff 00"",""kind"":""MESSAGE_END""}]",REVIEW_1,NO,CHARACTER_GUIDE v0.1 적용. context-v1 복원 원문 1차 번역.,SUPPORTED: structured scenario command; header FACE slot maps to face_yuuki_08; runtime display not yet checked. PROVEN: byte-identical source command exists at the same path and offsets on Disc 2. SUPPORTED: context-v1 glyph 복원; 런타임 원문 검증 전. TERM: 버스피어·파스·도박장.,"よしっ！<G0001>ウル
これをゆっくり飲むんだ！",SUPPORTED,0001,NONE,
SCN_10214101_00740000_0080,SCENARIO,scenario_message,DATA/10214101.MDZ,DATA/10214101.MDT,0x00740000,10214101,79,0x00469a9b,0x00469a96,26 f2 95 7a f2 9c ab f3 8a 98 46 08 7e 9c bc ac f3 9c 7e 95 92 b1 92 77 93 9c 08 90 c2 9c 79 f2 77 99 c3 f4 79 9c ba 46 0d ff 00,"真っ青な顔して…
かなり危なかったみたいだな
そんな急いで食うなよ…","얼굴이 새파래졌네…
상당히 위험했던 모양이야
그렇게 급하게 먹지 마…",UNASSIGNED,ユウキ,"[{""offset"":-5,""raw_hex"":""02 0e 00 08 00"",""kind"":""MESSAGE_HEADER"",""opcode"":2,""argument"":8},{""offset"":11,""raw_hex"":""08"",""kind"":""LINE_BREAK""},{""offset"":26,""raw_hex"":""08"",""kind"":""LINE_BREAK""},{""offset"":40,""raw_hex"":""0d ff 00"",""kind"":""MESSAGE_END""}]",REVIEW_1,NO,CHARACTER_GUIDE v0.1 적용. context-v1 복원 원문 1차 번역.,SUPPORTED: structured scenario command; header FACE slot maps to face_yuuki_09; runtime display not yet checked. PROVEN: byte-identical source command exists at the same path and offsets on Disc 2. SUPPORTED: context-v1 glyph 복원; 런타임 원문 검증 전. TERM: 버스피어·파스·도박장.,"真っ青な<G03CB>して<G0026>
かなり危なかったみたいだな
そんな急いで食うなよ<G0026>",SUPPORTED,"0026,03CB",NONE,
SCN_10214101_00740000_0081,SCENARIO,scenario_message,DATA/10214101.MDZ,DATA/10214101.MDT,0x00740000,10214101,80,0x00469c9e,0x00469c99,b0 93 21 cc 3e f0 a1 c3 f4 ab bb be bd 8f 43 08 90 79 93 9c 21 42 f1 82 7e 43 0d ff 00,"まだ、オレは食べられるよ！
そうだな、行くか！","난 아직 먹을 수 있어!
그래, 갈까!",UNASSIGNED,ユウキ,"[{""offset"":-5,""raw_hex"":""02 0e 00 01 00"",""kind"":""MESSAGE_HEADER"",""opcode"":2,""argument"":1},{""offset"":15,""raw_hex"":""08"",""kind"":""LINE_BREAK""},{""offset"":26,""raw_hex"":""0d ff 00"",""kind"":""MESSAGE_END""}]",REVIEW_1,NO,CHARACTER_GUIDE v0.1 적용. context-v1 복원 원문 1차 번역.,SUPPORTED: structured scenario command; header FACE slot maps to face_yuuki_02; runtime display not yet checked. PROVEN: byte-identical source command exists at the same path and offsets on Disc 2. SUPPORTED: context-v1 glyph 복원; 런타임 원문 검증 전. TERM: 버스피어·파스·도박장.,"まだ<G0001>オレは食べられる<G006F>！
そうだな<G0001>行くか！",SUPPORTED,"0001,006F",NONE,
SCN_10214101_00740000_0083,SCENARIO,scenario_message,DATA/10214101.MDZ,DATA/10214101.MDT,0x00740000,10214101,82,0x00469f06,0x00469f01,a1 a1 95 21 92 82 88 c2 c3 f4 ab 98 08 21 f0 d1 3b f0 42 f1 80 a0 26 f0 3b f0 c6 e9 9d 08 7a f0 7b 9c 77 9a 9c 43 0d ff 00,"ははっ、たくさん食べて
バクラ行きのフライトに
備えないとな！","하핫, 많이 먹고
바쿠라행 비행에
대비해야지!",UNASSIGNED,ユウキ,"[{""offset"":-5,""raw_hex"":""02 0e 00 03 00"",""kind"":""MESSAGE_HEADER"",""opcode"":2,""argument"":3},{""offset"":12,""raw_hex"":""08"",""kind"":""LINE_BREAK""},{""offset"":29,""raw_hex"":""08"",""kind"":""LINE_BREAK""},{""offset"":38,""raw_hex"":""0d ff 00"",""kind"":""MESSAGE_END""}]",REVIEW_1,NO,CHARACTER_GUIDE v0.1 적용. context-v1 복원 원문 1차 번역.,SUPPORTED: structured scenario command; header FACE slot maps to face_yuuki_04; runtime display not yet checked. PROVEN: byte-identical source command exists at the same path and offsets on Disc 2. SUPPORTED: context-v1 glyph 복원; 런타임 원문 검증 전. TERM: 버스피어·파스·도박장.,"ははっ<G0001>たくさん食べて
バクラ行きのフライトに
備えないとな！",SUPPORTED,0001,NONE,
SCN_10214101_00740000_0085,SCENARIO,scenario_message,DATA/10214101.MDZ,DATA/10214101.MDT,0x00740000,10214101,84,0x0046a007,0x0046a002,30 f0 40 f0 d1 a0 cd 3a f0 d9 38 f0 d1 46 44 08 9c c2 93 90 bc b5 0d ff 00,"ミワクのカンショク…？
なんだそりゃ","매혹의 감촉…?
그게 뭐야?",UNASSIGNED,ユウキ,"[{""offset"":-5,""raw_hex"":""02 0e 00 0b 00"",""kind"":""MESSAGE_HEADER"",""opcode"":2,""argument"":11},{""offset"":15,""raw_hex"":""08"",""kind"":""LINE_BREAK""},{""offset"":22,""raw_hex"":""0d ff 00"",""kind"":""MESSAGE_END""}]",REVIEW_1,NO,CHARACTER_GUIDE v0.1 적용. context-v1 복원 원문 1차 번역.,SUPPORTED: structured scenario command; header FACE slot maps to face_yuuki_12; runtime display not yet checked. PROVEN: byte-identical source command exists at the same path and offsets on Disc 2. SUPPORTED: context-v1 glyph 복원; 런타임 원문 검증 전. TERM: 버스피어·파스·도박장.,"ミワクのカンショク<G0026>？
なんだそりゃ",SUPPORTED,0026,NONE,
SCN_10214101_00740000_0086,SCENARIO,scenario_message,DATA/10214101.MDZ,DATA/10214101.MDT,0x00740000,10214101,85,0x0046a08f,0x0046a08a,b1 f0 62 f3 77 95 98 46 44 08 ce f5 9d 21 90 c2 9c 86 9a a1 08 9c 77 9a a1 f1 79 84 9b 46 0d ff 00,"場違いって…？
別に、そんなことは
ないと思うけど…","장소에 안 어울린다고…?
딱히 그렇지는
않은 것 같은데…",UNASSIGNED,アルフィナ,"[{""offset"":-5,""raw_hex"":""02 0e 00 0c 00"",""kind"":""MESSAGE_HEADER"",""opcode"":2,""argument"":12},{""offset"":9,""raw_hex"":""08"",""kind"":""LINE_BREAK""},{""offset"":20,""raw_hex"":""08"",""kind"":""LINE_BREAK""},{""offset"":30,""raw_hex"":""0d ff 00"",""kind"":""MESSAGE_END""}]",REVIEW_1,NO,CHARACTER_GUIDE v0.1 적용. context-v1 복원 원문 1차 번역.,SUPPORTED: structured scenario command; header FACE slot maps to face_alfina_01; runtime display not yet checked. PROVEN: byte-identical source command exists at the same path and offsets on Disc 2. SUPPORTED: context-v1 glyph 복원; 런타임 원문 검증 전. TERM: 버스피어·파스·도박장.,"場違いって<G0026>？
別に<G0001>そんなことは
ないと思うけど<G0026>",SUPPORTED,"0001,0026",NONE,
SCN_10214101_00740000_0087,SCENARIO,scenario_message,DATA/10214101.MDZ,DATA/10214101.MDT,0x00740000,10214101,86,0x0046a0d0,0x0046a0cb,93 84 9b 46 08 81 f0 b4 ec f1 bb 9c 77 9a 86 bf 99 08 6a f2 7e 84 98 37 f2 9e f4 c1 ad f1 95 98 46 08 90 be a1 46 21 8c 87 77 86 9a 93 ba 9c 46 0d ff 00,"だけど…
誰も知らないところで
命かけて聖獣を守って…
それは…、すごいことだよな…","하지만…
아무도 모르는 곳에서
목숨을 걸고 성수를 지키다니…
그건… 정말 대단한 일이야…",UNASSIGNED,ユウキ,"[{""offset"":-5,""raw_hex"":""02 0e 00 01 00"",""kind"":""MESSAGE_HEADER"",""opcode"":2,""argument"":1},{""offset"":4,""raw_hex"":""08"",""kind"":""LINE_BREAK""},{""offset"":17,""raw_hex"":""08"",""kind"":""LINE_BREAK""},{""offset"":33,""raw_hex"":""08"",""kind"":""LINE_BREAK""},{""offset"":48,""raw_hex"":""0d ff 00"",""kind"":""MESSAGE_END""}]",REVIEW_1,NO,CHARACTER_GUIDE v0.1 적용. context-v1 복원 원문 1차 번역.,SUPPORTED: structured scenario command; header FACE slot maps to face_yuuki_02; runtime display not yet checked. PROVEN: byte-identical source command exists at the same path and offsets on Disc 2. SUPPORTED: context-v1 glyph 복원; 런타임 원문 검증 전. TERM: 버스피어·파스·도박장.,"だけど<G0026>
誰も知らないところで
命かけて聖獣を守って<G0026>
それは<G0026><G0001>すごいことだよな<G0026>",SUPPORTED,"0001,0026",NONE,
SCN_10214101_00740000_0088,SCENARIO,scenario_message,DATA/10214101.MDZ,DATA/10214101.MDT,0x00740000,10214101,87,0x0046a1ae,0x0046a1a9,21 f0 d1 3b f0 a0 d7 f0 92 94 46 08 90 be c1 ec f1 95 92 bb 5d f0 7b f0 92 94 7f 08 b2 f0 be c5 f3 bb be 98 bd b1 92 77 99 08 80 95 9a 21 d8 f1 77 ba 9c 46 0d ff 00,"バクラの人たち…
それを知ったら自分たちが
忘れ去られてるみたいで
きっと、辛いよな…","바쿠라 사람들…
그걸 알게 되면 자신들이
잊힌 것처럼 느껴져서
분명 괴롭겠지…",UNASSIGNED,アルフィナ,"[{""offset"":-5,""raw_hex"":""02 0e 00 0c 00"",""kind"":""MESSAGE_HEADER"",""opcode"":2,""argument"":12},{""offset"":11,""raw_hex"":""08"",""kind"":""LINE_BREAK""},{""offset"":27,""raw_hex"":""08"",""kind"":""LINE_BREAK""},{""offset"":41,""raw_hex"":""08"",""kind"":""LINE_BREAK""},{""offset"":52,""raw_hex"":""0d ff 00"",""kind"":""MESSAGE_END""}]",REVIEW_1,NO,CHARACTER_GUIDE v0.1 적용. context-v1 복원 원문 1차 번역.,SUPPORTED: structured scenario command; header FACE slot maps to face_alfina_01; runtime display not yet checked. PROVEN: byte-identical source command exists at the same path and offsets on Disc 2. SUPPORTED: context-v1 glyph 복원; 런타임 원문 검증 전. TERM: 버스피어·파스·도박장.,"バクラの人たち<G0026>
それを知ったら自分たちが
<G0162>れ<G03E5>られてるみたいで
きっと<G0001><G0258>いよな<G0026>",SUPPORTED,"0001,0026,0162,0258,03E5",NONE,
SCN_10214101_00740000_0090,SCENARIO,scenario_message,DATA/10214101.MDZ,DATA/10214101.MDT,0x00740000,10214101,89,0x0046a28f,0x0046a28a,46 a7 78 21 90 bf 90 bf 42 f1 82 7e 44 08 88 8c 7f a0 c8 3d f0 b4 08 b4 79 7d c4 f5 21 77 95 a3 77 93 bf 44 0d ff 00,"…ふう、そろそろ行くか？
さすがのウルも
もうお腹、いっぱいだろ？","…후, 슬슬 갈까?
아무리 울이라도
이제 배가 부르지?",UNASSIGNED,ユウキ,"[{""offset"":-5,""raw_hex"":""02 0e 00 02 00"",""kind"":""MESSAGE_HEADER"",""opcode"":2,""argument"":2},{""offset"":13,""raw_hex"":""08"",""kind"":""LINE_BREAK""},{""offset"":22,""raw_hex"":""08"",""kind"":""LINE_BREAK""},{""offset"":36,""raw_hex"":""0d ff 00"",""kind"":""MESSAGE_END""}]",REVIEW_1,NO,CHARACTER_GUIDE v0.1 적용. context-v1 복원 원문 1차 번역.,SUPPORTED: structured scenario command; header FACE slot maps to face_yuuki_03; runtime display not yet checked. PROVEN: byte-identical source command exists at the same path and offsets on Disc 2. SUPPORTED: context-v1 glyph 복원; 런타임 원문 검증 전. TERM: 버스피어·파스·도박장.,"<G0026>ふ<G0058><G0001>そろそろ行くか？
さすがのウルも
もうお<G0584><G0001>いっ<G0083>いだろ？",SUPPORTED,"0001,0026,0083,0584",SUPPORTED,0058
SCN_10214101_00740000_0091,SCENARIO,scenario_message,DATA/10214101.MDZ,DATA/10214101.MDT,0x00740000,10214101,90,0x0046a327,0x0046a322,77 77 84 9b 46 08 c3 f4 77 8c 81 99 7d c4 f5 86 c0 8c 9c ba 46 0d ff 00,"いいけど…
食いすぎでお腹こわすなよ…","좋지만…
너무 많이 먹고 배탈 나지 마…",UNASSIGNED,ユウキ,"[{""offset"":-5,""raw_hex"":""02 0e 00 08 00"",""kind"":""MESSAGE_HEADER"",""opcode"":2,""argument"":8},{""offset"":5,""raw_hex"":""08"",""kind"":""LINE_BREAK""},{""offset"":21,""raw_hex"":""0d ff 00"",""kind"":""MESSAGE_END""}]",REVIEW_1,NO,CHARACTER_GUIDE v0.1 적용. context-v1 복원 원문 1차 번역.,SUPPORTED: structured scenario command; header FACE slot maps to face_yuuki_09; runtime display not yet checked. PROVEN: byte-identical source command exists at the same path and offsets on Disc 2. SUPPORTED: context-v1 glyph 복원; 런타임 원문 검증 전. TERM: 버스피어·파스·도박장.,"いいけど<G0026>
食いすぎでお<G0584>こわすなよ<G0026>",SUPPORTED,"0026,0584",NONE,
SCN_10214101_00740000_0092,SCENARIO,scenario_message,DATA/10214101.MDZ,DATA/10214101.MDT,0x00740000,10214101,91,0x0046a372,0x0046a36d,88 95 43 21 9a 95 9a 9a 08 21 f0 d1 3b f0 9d 23 f6 bb 9c 77 9a 9c 08 df f0 82 21 39 f0 c8 e9 9d 08 63 f0 77 9d 77 7e 9c 77 9a 43 0d ff 00,"さっ！、とっとと
バクラに戻らないとな
早く、ヨウトに
会いにいかないと！","자! 서둘러
바쿠라로 돌아가야 해
어서 요우토를
만나러 가야 한다고!",UNASSIGNED,ユウキ,"[{""offset"":-5,""raw_hex"":""02 0e 00 01 00"",""kind"":""MESSAGE_HEADER"",""opcode"":2,""argument"":1},{""offset"":8,""raw_hex"":""08"",""kind"":""LINE_BREAK""},{""offset"":22,""raw_hex"":""08"",""kind"":""LINE_BREAK""},{""offset"":32,""raw_hex"":""08"",""kind"":""LINE_BREAK""},{""offset"":43,""raw_hex"":""0d ff 00"",""kind"":""MESSAGE_END""}]",REVIEW_1,NO,CHARACTER_GUIDE v0.1 적용. context-v1 복원 원문 1차 번역.,SUPPORTED: structured scenario command; header FACE slot maps to face_yuuki_02; runtime display not yet checked. PROVEN: byte-identical source command exists at the same path and offsets on Disc 2. SUPPORTED: context-v1 glyph 복원; 런타임 원문 검증 전. TERM: 버스피어·파스·도박장.,"さっ！<G0001>とっとと
バクラに戻らないとな
早く<G0001>ヨウトに
<G0113>いにいかないと！",SUPPORTED,"0001,0113",NONE,
SCN_10214101_00740000_0093,SCENARIO,scenario_message,DATA/10214101.MDZ,DATA/10214101.MDT,0x00740000,10214101,92,0x0046a3d0,0x0046a3cb,4a f3 7a f0 7f d5 f4 95 92 bb 08 29 f0 3d f0 c4 dd 3d f0 9d dd f2 84 98 88 f0 c4 f2 93 43 08 bb f0 c1 21 87 f0 80 ad f7 b3 98 08 42 f1 7e 9c 77 9a 9c 43 0d ff 00,"準備が整ったら
ヘルアセルに向けて出発だ！
気を、引き締めて
行かないとな！","준비가 끝나면
헬 아셀을 향해 출발이다!
마음을 단단히 먹고
가야 해!",UNASSIGNED,ユウキ,"[{""offset"":-5,""raw_hex"":""02 0e 00 0a 00"",""kind"":""MESSAGE_HEADER"",""opcode"":2,""argument"":10},{""offset"":10,""raw_hex"":""08"",""kind"":""LINE_BREAK""},{""offset"":30,""raw_hex"":""08"",""kind"":""LINE_BREAK""},{""offset"":42,""raw_hex"":""08"",""kind"":""LINE_BREAK""},{""offset"":51,""raw_hex"":""0d ff 00"",""kind"":""MESSAGE_END""}]",REVIEW_1,NO,CHARACTER_GUIDE v0.1 적용. context-v1 복원 원문 1차 번역.,SUPPORTED: structured scenario command; header FACE slot maps to face_yuuki_11; runtime display not yet checked. PROVEN: byte-identical source command exists at the same path and offsets on Disc 2. SUPPORTED: context-v1 glyph 복원; 런타임 원문 검증 전. TERM: 버스피어·파스·도박장.,"準備が<G04C5>ったら
ヘルアセルに向けて出発だ！
気を<G0001>引き<G070D>めて
行かないとな！",SUPPORTED,"0001,04C5,070D",NONE,
SCN_10214101_00740000_0094,SCENARIO,scenario_message,DATA/10214101.MDZ,DATA/10214101.MDT,0x00740000,10214101,93,0x0046a587,0x0046a582,aa 95 46 21 b1 f0 62 f3 77 95 98 44 0d ff 00,へっ…、場違いって？,쳇… 장소에 안 어울린다고?,UNASSIGNED,ユウキ,"[{""offset"":-5,""raw_hex"":""02 0e 00 06 00"",""kind"":""MESSAGE_HEADER"",""opcode"":2,""argument"":6},{""offset"":12,""raw_hex"":""0d ff 00"",""kind"":""MESSAGE_END""}]",REVIEW_1,NO,CHARACTER_GUIDE v0.1 적용. context-v1 복원 원문 1차 번역.,SUPPORTED: structured scenario command; header FACE slot maps to face_yuuki_07; runtime display not yet checked. PROVEN: byte-identical source command exists at the same path and offsets on Disc 2. SUPPORTED: context-v1 glyph 복원; 런타임 원문 검증 전. TERM: 버스피어·파스·도박장.,へっ<G0026><G0001>場違いって？,SUPPORTED,"0001,0026",NONE,
SCN_10214101_00740000_0095,SCENARIO,scenario_message,DATA/10214101.MDZ,DATA/10214101.MDT,0x00740000,10214101,94,0x0046a607,0x0046a602,77 b6 46 08 90 79 77 79 86 9a 8b b5 9c 77 93 bf 46 0d ff 00,"いや…
そういうことじゃないだろ…","아니…
그런 뜻은 아니잖아…",UNASSIGNED,ユウキ,"[{""offset"":-5,""raw_hex"":""02 0e 00 08 00"",""kind"":""MESSAGE_HEADER"",""opcode"":2,""argument"":8},{""offset"":3,""raw_hex"":""08"",""kind"":""LINE_BREAK""},{""offset"":17,""raw_hex"":""0d ff 00"",""kind"":""MESSAGE_END""}]",REVIEW_1,NO,CHARACTER_GUIDE v0.1 적용. context-v1 복원 원문 1차 번역.,SUPPORTED: structured scenario command; header FACE slot maps to face_yuuki_09; runtime display not yet checked. PROVEN: byte-identical source command exists at the same path and offsets on Disc 2. SUPPORTED: context-v1 glyph 복원; 런타임 원문 검증 전. TERM: 버스피어·파스·도박장.,"いや<G0026>
そういうことじゃないだろ<G0026>",SUPPORTED,0026,NONE,
SCN_10214101_00740000_0096,SCENARIO,scenario_message,DATA/10214101.MDZ,DATA/10214101.MDT,0x00740000,10214101,95,0x0046a80e,0x0046a809,99 b4 88 21 9d f6 a7 f3 93 95 92 bf 44 08 d9 21 f0 a0 95 f5 9d bc f2 95 98 08 21 f0 d1 3b f0 c1 99 f2 7e bb 4d f0 df f5 8a 98 88 43 0d ff 00,"でもさ、壮観だったろ？
シバの背に乗って
バクラを空から一望してさ！","그래도 장관이었지?
시바의 등에 올라타서
하늘에서 바쿠라를 한눈에 내려다보는 거 말이야!",UNASSIGNED,ユウキ,"[{""offset"":-5,""raw_hex"":""02 0e 00 02 00"",""kind"":""MESSAGE_HEADER"",""opcode"":2,""argument"":2},{""offset"":13,""raw_hex"":""08"",""kind"":""LINE_BREAK""},{""offset"":25,""raw_hex"":""08"",""kind"":""LINE_BREAK""},{""offset"":44,""raw_hex"":""0d ff 00"",""kind"":""MESSAGE_END""}]",REVIEW_1,NO,CHARACTER_GUIDE v0.1 적용. context-v1 복원 원문 1차 번역.,SUPPORTED: structured scenario command; header FACE slot maps to face_yuuki_03; runtime display not yet checked. PROVEN: byte-identical source command exists at the same path and offsets on Disc 2. SUPPORTED: context-v1 glyph 복원; 런타임 원문 검증 전. TERM: 버스피어·파스·도박장.,"でもさ<G0001><G062D><G03C7>だったろ？
シバの<G0555>に乗って
バクラを空から一<G059F>してさ！",SUPPORTED,"0001,03C7",SUPPORTED,"0555,059F,062D"
SCN_10214101_00740000_0097,SCENARIO,scenario_message,DATA/10214101.MDZ,DATA/10214101.MDT,0x00740000,10214101,96,0x0046ac34,0x0046ac2f,80 f3 7f 93 f2 66 f3 93 95 92 c2 93 44 0d ff 00,何が原因だったんだ？,원인이 뭐였어?,UNASSIGNED,ユウキ,"[{""offset"":-5,""raw_hex"":""02 0e 00 0b 00"",""kind"":""MESSAGE_HEADER"",""opcode"":2,""argument"":11},{""offset"":13,""raw_hex"":""0d ff 00"",""kind"":""MESSAGE_END""}]",REVIEW_1,NO,CHARACTER_GUIDE v0.1 적용. context-v1 복원 원문 1차 번역.,SUPPORTED: structured scenario command; header FACE slot maps to face_yuuki_12; runtime display not yet checked. PROVEN: byte-identical source command exists at the same path and offsets on Disc 2. SUPPORTED: context-v1 glyph 복원; 런타임 원문 검증 전. TERM: 버스피어·파스·도박장.,何が<G02E3><G0386>だったんだ？,SUPPORTED,0386,SUPPORTED,02E3
SCN_10214101_00740000_0098,SCENARIO,scenario_message,DATA/10214101.MDZ,DATA/10214101.MDT,0x00740000,10214101,97,0x0046acab,0x0046aca6,90 c2 9c 86 9a 99 08 4d f5 62 f3 77 8c c2 9c ba 46 0d ff 00,"そんなことで
仲違いすんなよ…","그런 일로
싸우지 마…",UNASSIGNED,ユウキ,"[{""offset"":-5,""raw_hex"":""02 0e 00 08 00"",""kind"":""MESSAGE_HEADER"",""opcode"":2,""argument"":8},{""offset"":6,""raw_hex"":""08"",""kind"":""LINE_BREAK""},{""offset"":17,""raw_hex"":""0d ff 00"",""kind"":""MESSAGE_END""}]",REVIEW_1,NO,CHARACTER_GUIDE v0.1 적용. context-v1 복원 원문 1차 번역.,SUPPORTED: structured scenario command; header FACE slot maps to face_yuuki_09; runtime display not yet checked. PROVEN: byte-identical source command exists at the same path and offsets on Disc 2. SUPPORTED: context-v1 glyph 복원; 런타임 원문 검증 전. TERM: 버스피어·파스·도박장.,"そんなことで
仲違いすんなよ<G0026>",SUPPORTED,0026,NONE,
SCN_10214101_00740000_0099,SCENARIO,scenario_message,DATA/10214101.MDZ,DATA/10214101.MDT,0x00740000,10214101,98,0x0046ad4a,0x0046ad45,8b b5 75 88 46 08 32 f0 d9 c3 f4 77 94 f2 b3 92 9a 80 08 cc 3e f0 7f c8 3d f0 a0 72 f2 08 c3 f4 ab 92 a0 95 98 46 0d ff 00,"じゃあさ…
メシ食い始めたとき
オレがウルの肉
食べたのって…","그럼 말이야…
밥을 먹기 시작했을 때
내가 울의 고기를
먹은 건…",UNASSIGNED,ユウキ,"[{""offset"":-5,""raw_hex"":""02 0e 00 08 00"",""kind"":""MESSAGE_HEADER"",""opcode"":2,""argument"":8},{""offset"":5,""raw_hex"":""08"",""kind"":""LINE_BREAK""},{""offset"":18,""raw_hex"":""08"",""kind"":""LINE_BREAK""},{""offset"":29,""raw_hex"":""08"",""kind"":""LINE_BREAK""},{""offset"":38,""raw_hex"":""0d ff 00"",""kind"":""MESSAGE_END""}]",REVIEW_1,NO,CHARACTER_GUIDE v0.1 적용. context-v1 복원 원문 1차 번역.,SUPPORTED: structured scenario command; header FACE slot maps to face_yuuki_09; runtime display not yet checked. PROVEN: byte-identical source command exists at the same path and offsets on Disc 2. SUPPORTED: context-v1 glyph 복원; 런타임 원문 검증 전. TERM: 버스피어·파스·도박장.,"じゃあさ<G0026>
メシ食い<G02E4>めたとき
オレがウルの肉
食べたのって<G0026>",SUPPORTED,"0026,02E4",NONE,
SCN_10214101_00740000_0100,SCENARIO,scenario_message,DATA/10214101.MDZ,DATA/10214101.MDT,0x00740000,10214101,99,0x0046ad9c,0x0046ad97,46 46 87 b3 c2 9c 21 c8 3d f0 0d ff 00,……ごめんな、ウル,"……미안해, 울.",UNASSIGNED,ユウキ,"[{""offset"":-5,""raw_hex"":""02 0e 00 08 00"",""kind"":""MESSAGE_HEADER"",""opcode"":2,""argument"":8},{""offset"":10,""raw_hex"":""0d ff 00"",""kind"":""MESSAGE_END""}]",REVIEW_1,NO,CHARACTER_GUIDE v0.1 적용. context-v1 복원 원문 1차 번역.,SUPPORTED: structured scenario command; header FACE slot maps to face_yuuki_09; runtime display not yet checked. PROVEN: byte-identical source command exists at the same path and offsets on Disc 2. SUPPORTED: context-v1 glyph 복원; 런타임 원문 검증 전. TERM: 버스피어·파스·도박장.,<G0026><G0026>ごめんな<G0001>ウル,SUPPORTED,"0001,0026",NONE,
SCN_10214101_00740000_0101,SCENARIO,scenario_message,DATA/10214101.MDZ,DATA/10214101.MDT,0x00740000,10214101,100,0x0046b00b,0x0046b006,b0 74 46 21 cc 3e f0 b4 08 c4 3d f0 26 f0 c5 eb 9a 63 f0 79 b0 99 a1 08 9c c2 9d b4 ec f1 bb 9c 7e 95 92 8a 9c 46 0d ff 00,"まぁ…、オレも
アルフィナと会うまでは
なんにも知らなかったしな…","뭐… 나도
알피나를 만나기 전까지는
아무것도 몰랐으니까…",UNASSIGNED,ユウキ,"[{""offset"":-5,""raw_hex"":""02 0e 00 08 00"",""kind"":""MESSAGE_HEADER"",""opcode"":2,""argument"":8},{""offset"":8,""raw_hex"":""08"",""kind"":""LINE_BREAK""},{""offset"":23,""raw_hex"":""08"",""kind"":""LINE_BREAK""},{""offset"":38,""raw_hex"":""0d ff 00"",""kind"":""MESSAGE_END""}]",REVIEW_1,NO,CHARACTER_GUIDE v0.1 적용. context-v1 복원 원문 1차 번역.,SUPPORTED: structured scenario command; header FACE slot maps to face_yuuki_09; runtime display not yet checked. PROVEN: byte-identical source command exists at the same path and offsets on Disc 2. SUPPORTED: context-v1 glyph 복원; 런타임 원문 검증 전. TERM: 버스피어·파스·도박장.,"ま<G0054><G0026><G0001>オレも
アルフィナと<G0113>うまでは
なんにも知らなかったしな<G0026>",SUPPORTED,"0001,0026,0054,0113",NONE,
SCN_10214101_00740000_0102,SCENARIO,scenario_message,DATA/10214101.MDZ,DATA/10214101.MDT,0x00740000,10214101,101,0x0046b24d,0x0046b248,9c c2 7e 46 21 86 79 b6 95 98 08 32 f0 3a f0 e8 c5 9d 84 f1 bd a0 b4 08 be f3 8a a8 bc 95 98 9c f3 8b 93 9c 0d ff 00,"なんか…、こうやって
メンディに来るのも
久しぶりって感じだな","왠지… 이렇게
멘디에 오는 것도
오랜만인 기분이네.",UNASSIGNED,ユウキ,"[{""offset"":-5,""raw_hex"":""02 0e 00 02 00"",""kind"":""MESSAGE_HEADER"",""opcode"":2,""argument"":2},{""offset"":10,""raw_hex"":""08"",""kind"":""LINE_BREAK""},{""offset"":23,""raw_hex"":""08"",""kind"":""LINE_BREAK""},{""offset"":36,""raw_hex"":""0d ff 00"",""kind"":""MESSAGE_END""}]",REVIEW_1,NO,CHARACTER_GUIDE v0.1 적용. context-v1 복원 원문 1차 번역.,SUPPORTED: structured scenario command; header FACE slot maps to face_yuuki_03; runtime display not yet checked. PROVEN: byte-identical source command exists at the same path and offsets on Disc 2. SUPPORTED: context-v1 glyph 복원; 런타임 원문 검증 전. TERM: 버스피어·파스·도박장.,"なんか<G0026><G0001>こうやって
メンディに来るのも
久しぶりって感じだな",SUPPORTED,"0001,0026",NONE,
SCN_10214101_00740000_0104,SCENARIO,scenario_message,DATA/10214101.MDZ,DATA/10214101.MDT,0x00740000,10214101,103,0x0046b30c,0x0046b307,99 b4 21 c8 3d f0 08 75 f0 bc 9e f2 a0 c1 f1 96 f1 9c c2 98 08 ba 82 ec f1 95 98 bd 9c 0d ff 00,"でも、ウル
渡り鳥の生態なんて
よく知ってるな","그런데 울
철새의 생태 같은 걸
잘 알고 있네.",UNASSIGNED,ユウキ,"[{""offset"":-5,""raw_hex"":""02 0e 00 0b 00"",""kind"":""MESSAGE_HEADER"",""opcode"":2,""argument"":11},{""offset"":6,""raw_hex"":""08"",""kind"":""LINE_BREAK""},{""offset"":20,""raw_hex"":""08"",""kind"":""LINE_BREAK""},{""offset"":29,""raw_hex"":""0d ff 00"",""kind"":""MESSAGE_END""}]",REVIEW_1,NO,CHARACTER_GUIDE v0.1 적용. context-v1 복원 원문 1차 번역.,SUPPORTED: structured scenario command; header FACE slot maps to face_yuuki_12; runtime display not yet checked. PROVEN: byte-identical source command exists at the same path and offsets on Disc 2. SUPPORTED: context-v1 glyph 복원; 런타임 원문 검증 전. TERM: 버스피어·파스·도박장.,"でも<G0001>ウル
渡り鳥の生態なんて
よく知ってるな",SUPPORTED,0001,NONE,
SCN_10214101_00740000_0105,SCENARIO,scenario_message,DATA/10214101.MDZ,DATA/10214101.MDT,0x00740000,10214101,104,0x0046b423,0x0046b41e,c8 3d f0 7f 90 c2 9c ec f1 ed f1 9d 08 82 c0 8a 77 9c c2 98 46 08 94 b9 95 9a 5b f1 5c f1 93 9c 0d ff 00,"ウルがそんな知識に
くわしいなんて…
ちょっと意外だな","울이 그런 지식에
밝다니…
조금 의외네.",UNASSIGNED,ユウキ,"[{""offset"":-5,""raw_hex"":""02 0e 00 0b 00"",""kind"":""MESSAGE_HEADER"",""opcode"":2,""argument"":11},{""offset"":12,""raw_hex"":""08"",""kind"":""LINE_BREAK""},{""offset"":21,""raw_hex"":""08"",""kind"":""LINE_BREAK""},{""offset"":32,""raw_hex"":""0d ff 00"",""kind"":""MESSAGE_END""}]",REVIEW_1,NO,CHARACTER_GUIDE v0.1 적용. context-v1 복원 원문 1차 번역.,SUPPORTED: structured scenario command; header FACE slot maps to face_yuuki_12; runtime display not yet checked. PROVEN: byte-identical source command exists at the same path and offsets on Disc 2. SUPPORTED: context-v1 glyph 복원; 런타임 원문 검증 전. TERM: 버스피어·파스·도박장.,"ウルがそんな知識に
くわしいなんて<G0026>
ちょっと意<G01DC>だな",SUPPORTED,"0026,01DC",NONE,
SCN_10214101_00740000_0106,SCENARIO,scenario_message,DATA/10214101.MDZ,DATA/10214101.MDT,0x00740000,10214101,105,0x0046b493,0x0046b48e,8b b5 75 21 b4 a0 8a bc 97 f5 70 f1 43 08 53 56 57 52 53 7e 84 bd 58 53 a1 44 0d ff 00,"じゃあ、ものしり博士！
26722かける82は？","그럼 박사님!
26722 곱하기 82는?",UNASSIGNED,ユウキ,"[{""offset"":-5,""raw_hex"":""02 0e 00 01 00"",""kind"":""MESSAGE_HEADER"",""opcode"":2,""argument"":1},{""offset"":13,""raw_hex"":""08"",""kind"":""LINE_BREAK""},{""offset"":26,""raw_hex"":""0d ff 00"",""kind"":""MESSAGE_END""}]",REVIEW_1,NO,CHARACTER_GUIDE v0.1 적용. context-v1 복원 원문 1차 번역.,SUPPORTED: structured scenario command; header FACE slot maps to face_yuuki_02; runtime display not yet checked. PROVEN: byte-identical source command exists at the same path and offsets on Disc 2. SUPPORTED: context-v1 glyph 복원; 런타임 원문 검증 전. TERM: 버스피어·파스·도박장.,"じゃあ<G0001>ものしり<G0557>士！
<G0033><G0036><G0037>2<G0033>かける<G0038><G0033>は？",SUPPORTED,"0001,0033",SUPPORTED,"0036,0037,0038,0557"
SCN_10214101_00740000_0107,SCENARIO,scenario_message,DATA/10214101.MDZ,DATA/10214101.MDT,0x00740000,10214101,106,0x0046b52e,0x0046b529,90 c2 9c 9d 8b f5 c2 99 46 08 77 8b c0 bd 8a 98 08 87 b3 c2 9c 21 c8 3d f0 0d ff 00,"そんなに悩んで…
いじわるして
ごめんな、ウル","그렇게 고민하다니…
짓궂게 굴어서
미안해, 울.",UNASSIGNED,ユウキ,"[{""offset"":-5,""raw_hex"":""02 0e 00 08 00"",""kind"":""MESSAGE_HEADER"",""opcode"":2,""argument"":8},{""offset"":9,""raw_hex"":""08"",""kind"":""LINE_BREAK""},{""offset"":16,""raw_hex"":""08"",""kind"":""LINE_BREAK""},{""offset"":25,""raw_hex"":""0d ff 00"",""kind"":""MESSAGE_END""}]",REVIEW_1,NO,CHARACTER_GUIDE v0.1 적용. context-v1 복원 원문 1차 번역.,SUPPORTED: structured scenario command; header FACE slot maps to face_yuuki_09; runtime display not yet checked. PROVEN: byte-identical source command exists at the same path and offsets on Disc 2. SUPPORTED: context-v1 glyph 복원; 런타임 원문 검증 전. TERM: 버스피어·파스·도박장.,"そんなに<G054B>んで<G0026>
いじわるして
ごめんな<G0001>ウル",SUPPORTED,"0001,0026,054B",NONE,
SCN_10214101_00740000_0108,SCENARIO,scenario_message,DATA/10214101.MDZ,DATA/10214101.MDT,0x00740000,10214101,107,0x0046b575,0x0046b570,75 f0 bc 9e f2 a0 e3 24 f0 db d3 7e 46 08 9c c2 7e 60 f2 99 f5 90 79 93 9c 08 c8 3d f0 46 21 64 f0 a0 8c f0 80 08 c8 f5 7e 8e 98 82 be ba 0d ff 00,"渡り鳥のチビスケか…
なんか面白そうだな
ウル…、話の続き
聞かせてくれよ","철새 꼬맹이라…
왠지 재미있을 것 같네
울… 이야기의 뒷부분을
들려줘.",UNASSIGNED,ユウキ,"[{""offset"":-5,""raw_hex"":""02 0e 00 02 00"",""kind"":""MESSAGE_HEADER"",""opcode"":2,""argument"":2},{""offset"":13,""raw_hex"":""08"",""kind"":""LINE_BREAK""},{""offset"":25,""raw_hex"":""08"",""kind"":""LINE_BREAK""},{""offset"":37,""raw_hex"":""08"",""kind"":""LINE_BREAK""},{""offset"":46,""raw_hex"":""0d ff 00"",""kind"":""MESSAGE_END""}]",REVIEW_1,NO,CHARACTER_GUIDE v0.1 적용. context-v1 복원 원문 1차 번역.,SUPPORTED: structured scenario command; header FACE slot maps to face_yuuki_03; runtime display not yet checked. PROVEN: byte-identical source command exists at the same path and offsets on Disc 2. SUPPORTED: context-v1 glyph 복원; 런타임 원문 검증 전. TERM: 버스피어·파스·도박장.,"渡り鳥のチビスケか<G0026>
なんか面白そうだな
ウル<G0026><G0001><G0114>の<G013C>き
聞かせてくれよ",SUPPORTED,"0001,0026,0114,013C",NONE,
SCN_10214101_00740000_0109,SCENARIO,scenario_message,DATA/10214101.MDZ,DATA/10214101.MDT,0x00740000,10214101,108,0x0046b608,0x0046b603,c8 3d f0 21 90 79 ce e5 ce e5 08 c3 f4 ab c2 9c ba 46 08 34 f5 95 98 bd 7e bb 08 b8 95 82 bc c3 f4 ab bf 95 98 46 0d ff 00,"ウル、そうガツガツ
食べんなよ…
待ってるから
ゆっくり食べろって…","울, 그렇게 허겁지겁
먹지 마…
기다리고 있을 테니까
천천히 먹으라니까…",UNASSIGNED,ユウキ,"[{""offset"":-5,""raw_hex"":""02 0e 00 08 00"",""kind"":""MESSAGE_HEADER"",""opcode"":2,""argument"":8},{""offset"":10,""raw_hex"":""08"",""kind"":""LINE_BREAK""},{""offset"":18,""raw_hex"":""08"",""kind"":""LINE_BREAK""},{""offset"":26,""raw_hex"":""08"",""kind"":""LINE_BREAK""},{""offset"":38,""raw_hex"":""0d ff 00"",""kind"":""MESSAGE_END""}]",REVIEW_1,NO,CHARACTER_GUIDE v0.1 적용. context-v1 복원 원문 1차 번역.,SUPPORTED: structured scenario command; header FACE slot maps to face_yuuki_09; runtime display not yet checked. PROVEN: byte-identical source command exists at the same path and offsets on Disc 2. SUPPORTED: context-v1 glyph 복원; 런타임 원문 검증 전. TERM: 버스피어·파스·도박장.,"ウル<G0001>そうガツガツ
食べんなよ<G0026>
<G04F4>ってるから
ゆっくり食べろって<G0026>",SUPPORTED,"0001,0026,04F4",NONE,
SCN_10214101_00740000_0110,SCENARIO,scenario_message,DATA/10214101.MDZ,DATA/10214101.MDT,0x00740000,10214101,109,0x0046b652,0x0046b64d,85 95 a9 8a 9c 7f bb 08 64 f0 8c 86 9a 8b b5 9c 77 93 bf 21 c8 3d f0 46 0d ff 00,"げっぶしながら
話すことじゃないだろ、ウル…","트림하면서
말할 건 아니잖아, 울…",UNASSIGNED,ユウキ,"[{""offset"":-5,""raw_hex"":""02 0e 00 08 00"",""kind"":""MESSAGE_HEADER"",""opcode"":2,""argument"":8},{""offset"":7,""raw_hex"":""08"",""kind"":""LINE_BREAK""},{""offset"":24,""raw_hex"":""0d ff 00"",""kind"":""MESSAGE_END""}]",REVIEW_1,NO,CHARACTER_GUIDE v0.1 적용. context-v1 복원 원문 1차 번역.,SUPPORTED: structured scenario command; header FACE slot maps to face_yuuki_09; runtime display not yet checked. PROVEN: byte-identical source command exists at the same path and offsets on Disc 2. SUPPORTED: context-v1 glyph 복원; 런타임 원문 검증 전. TERM: 버스피어·파스·도박장.,"げっ<G0089>しながら
<G0114>すことじゃないだろ<G0001>ウル<G0026>",SUPPORTED,"0001,0026,0114",SUPPORTED,0089
SCN_10214101_00740000_0111,SCENARIO,scenario_message,DATA/10214101.MDZ,DATA/10214101.MDT,0x00740000,10214101,110,0x0046b697,0x0046b692,99 b4 46 08 a9 f4 84 9c 7e 95 92 95 98 c0 bc 9d a1 08 53 84 f2 b4 a1 f0 98 92 c2 93 9c 08 e3 24 f0 db d3 a0 86 9a 46 0d ff 00,"でも…
助けなかったってわりには
2日も見てたんだな
チビスケのこと…","그래도…
도와주지 않았다기엔
이틀이나 지켜보고 있었네
그 꼬맹이를…",UNASSIGNED,ユウキ,"[{""offset"":-5,""raw_hex"":""02 0e 00 02 00"",""kind"":""MESSAGE_HEADER"",""opcode"":2,""argument"":2},{""offset"":3,""raw_hex"":""08"",""kind"":""LINE_BREAK""},{""offset"":17,""raw_hex"":""08"",""kind"":""LINE_BREAK""},{""offset"":29,""raw_hex"":""08"",""kind"":""LINE_BREAK""},{""offset"":39,""raw_hex"":""0d ff 00"",""kind"":""MESSAGE_END""}]",REVIEW_1,NO,CHARACTER_GUIDE v0.1 적용. context-v1 복원 원문 1차 번역.,SUPPORTED: structured scenario command; header FACE slot maps to face_yuuki_03; runtime display not yet checked. PROVEN: byte-identical source command exists at the same path and offsets on Disc 2. SUPPORTED: context-v1 glyph 복원; 런타임 원문 검증 전. TERM: 버스피어·파스·도박장.,"でも<G0026>
<G0499>けなかったってわりには
<G0033><G02D4>も見てたんだな
チビスケのこと<G0026>",SUPPORTED,"0026,0033,02D4,0499",NONE,
SCN_10214101_00740000_0112,SCENARIO,scenario_message,DATA/10214101.MDZ,DATA/10214101.MDT,0x00740000,10214101,111,0x0046b71b,0x0046b716,90 95 7e 46 08 90 be 99 a9 f4 84 8d 9d 08 d6 f2 d7 f2 8a 98 92 c2 93 9c 46 0d ff 00,"そっか…
それで助けずに
応援してたんだな…","그렇구나…
그래서 도와주지는 않고
응원하고 있었던 거구나…",UNASSIGNED,ユウキ,"[{""offset"":-5,""raw_hex"":""02 0e 00 02 00"",""kind"":""MESSAGE_HEADER"",""opcode"":2,""argument"":2},{""offset"":4,""raw_hex"":""08"",""kind"":""LINE_BREAK""},{""offset"":13,""raw_hex"":""08"",""kind"":""LINE_BREAK""},{""offset"":25,""raw_hex"":""0d ff 00"",""kind"":""MESSAGE_END""}]",REVIEW_1,NO,CHARACTER_GUIDE v0.1 적용. context-v1 복원 원문 1차 번역.,SUPPORTED: structured scenario command; header FACE slot maps to face_yuuki_03; runtime display not yet checked. PROVEN: byte-identical source command exists at the same path and offsets on Disc 2. SUPPORTED: context-v1 glyph 복원; 런타임 원문 검증 전. TERM: 버스피어·파스·도박장.,"そっか<G0026>
それで<G0499>けずに
応<G0327>してたんだな<G0026>",SUPPORTED,"0026,0327,0499",NONE,
SCN_10214101_00740000_0113,SCENARIO,scenario_message,DATA/10214101.MDZ,DATA/10214101.MDT,0x00740000,10214101,112,0x0046b751,0x0046b74c,c8 3d f0 46 08 53 84 f2 ca f2 21 e3 24 f0 db d3 a0 86 9a 08 d6 f2 d7 f2 8a 98 92 c2 93 9c 46 0d ff 00,"ウル…
2日間、チビスケのこと
応援してたんだな…","울…
이틀 동안 그 꼬맹이를
응원하고 있었구나…",UNASSIGNED,ユウキ,"[{""offset"":-5,""raw_hex"":""02 0e 00 02 00"",""kind"":""MESSAGE_HEADER"",""opcode"":2,""argument"":2},{""offset"":4,""raw_hex"":""08"",""kind"":""LINE_BREAK""},{""offset"":19,""raw_hex"":""08"",""kind"":""LINE_BREAK""},{""offset"":31,""raw_hex"":""0d ff 00"",""kind"":""MESSAGE_END""}]",REVIEW_1,NO,CHARACTER_GUIDE v0.1 적용. context-v1 복원 원문 1차 번역.,SUPPORTED: structured scenario command; header FACE slot maps to face_yuuki_03; runtime display not yet checked. PROVEN: byte-identical source command exists at the same path and offsets on Disc 2. SUPPORTED: context-v1 glyph 복원; 런타임 원문 검증 전. TERM: 버스피어·파스·도박장.,"ウル<G0026>
<G0033><G02D4>間<G0001>チビスケのこと
応<G0327>してたんだな<G0026>",SUPPORTED,"0001,0026,0033,02D4,0327",NONE,
SCN_10214101_00740000_0114,SCENARIO,scenario_message,DATA/10214101.MDZ,DATA/10214101.MDT,0x00740000,10214101,113,0x0046b794,0x0046b78f,ce 3a f0 21 f0 3c f0 c5 f0 a0 08 e3 24 f0 db d3 92 94 7f c1 f1 80 98 bd 99 f2 46 08 cc 3e f0 92 94 7f ad f1 bb 9c 77 9a 9c 08 90 bf 90 bf 46 21 42 f1 82 7e 44 0d ff 00,"ガンバリ屋の
チビスケたちが生きてる空…
オレたちが守らないとな
そろそろ…、行くか？","열심히 살아가는
꼬맹이들이 살아가는 하늘…
우리가 지켜야 해
슬슬… 갈까?",UNASSIGNED,ユウキ,"[{""offset"":-5,""raw_hex"":""02 0e 00 02 00"",""kind"":""MESSAGE_HEADER"",""opcode"":2,""argument"":2},{""offset"":10,""raw_hex"":""08"",""kind"":""LINE_BREAK""},{""offset"":27,""raw_hex"":""08"",""kind"":""LINE_BREAK""},{""offset"":41,""raw_hex"":""08"",""kind"":""LINE_BREAK""},{""offset"":53,""raw_hex"":""0d ff 00"",""kind"":""MESSAGE_END""}]",REVIEW_1,NO,CHARACTER_GUIDE v0.1 적용. context-v1 복원 원문 1차 번역.,SUPPORTED: structured scenario command; header FACE slot maps to face_yuuki_03; runtime display not yet checked. PROVEN: byte-identical source command exists at the same path and offsets on Disc 2. SUPPORTED: context-v1 glyph 복원; 런타임 원문 검증 전. TERM: 버스피어·파스·도박장.,"ガンバリ<G0175>の
チビスケたちが生きてる空<G0026>
オレたちが守らないとな
そろそろ<G0026><G0001>行くか？",SUPPORTED,"0001,0026,0175",NONE,
SCN_10214101_00740000_0115,SCENARIO,scenario_message,DATA/10214101.MDZ,DATA/10214101.MDT,0x00740000,10214101,114,0x0046b837,0x0046b832,77 77 8f 46 08 b0 74 27 f1 94 4a f2 77 98 08 ba 82 7e c2 99 c3 f4 ab bf ba 46 0d ff 00,"いいよ…
まぁ落ち着いて
よくかんで食べろよ…","그래…
자, 진정하고
잘 씹어 먹어…",UNASSIGNED,ユウキ,"[{""offset"":-5,""raw_hex"":""02 0e 00 08 00"",""kind"":""MESSAGE_HEADER"",""opcode"":2,""argument"":8},{""offset"":4,""raw_hex"":""08"",""kind"":""LINE_BREAK""},{""offset"":14,""raw_hex"":""08"",""kind"":""LINE_BREAK""},{""offset"":26,""raw_hex"":""0d ff 00"",""kind"":""MESSAGE_END""}]",REVIEW_1,NO,CHARACTER_GUIDE v0.1 적용. context-v1 복원 원문 1차 번역.,SUPPORTED: structured scenario command; header FACE slot maps to face_yuuki_09; runtime display not yet checked. PROVEN: byte-identical source command exists at the same path and offsets on Disc 2. SUPPORTED: context-v1 glyph 복원; 런타임 원문 검증 전. TERM: 버스피어·파스·도박장.,"いい<G006F><G0026>
ま<G0054>落ち着いて
よくかんで食べろよ<G0026>",SUPPORTED,"0026,0054,006F",NONE,
SCN_10214101_00740000_0117,SCENARIO,scenario_message,DATA/10214101.MDZ,DATA/10214101.MDT,0x00740000,10214101,116,0x0046bcf0,0x0046bceb,6a f2 7f 84 a0 46 21 8d f0 26 f0 3b f0 c6 e9 7e 46 0d ff 00,命がけの…、初フライトか…,목숨을 건… 첫 비행인가…,UNASSIGNED,ユウキ,"[{""offset"":-5,""raw_hex"":""02 0e 00 0a 00"",""kind"":""MESSAGE_HEADER"",""opcode"":2,""argument"":10},{""offset"":17,""raw_hex"":""0d ff 00"",""kind"":""MESSAGE_END""}]",REVIEW_1,NO,CHARACTER_GUIDE v0.1 적용. context-v1 복원 원문 1차 번역.,SUPPORTED: structured scenario command; header FACE slot maps to face_yuuki_11; runtime display not yet checked. PROVEN: byte-identical source command exists at the same path and offsets on Disc 2. SUPPORTED: context-v1 glyph 복원; 런타임 원문 검증 전. TERM: 버스피어·파스·도박장.,命がけの<G0026><G0001>初フライトか<G0026>,SUPPORTED,"0001,0026",NONE,
SCN_10214101_00740000_0118,SCENARIO,scenario_message,DATA/10214101.MDZ,DATA/10214101.MDT,0x00740000,10214101,117,0x0046bf56,0x0046bf51,99 b4 88 46 21 9b 95 94 7f 08 75 f2 95 98 7b f0 7e bd a0 7e 44 0d ff 00,"でもさ…、どっちが
南って分かるのか？","그런데… 어느 쪽이
남쪽인지 알 수 있어?",UNASSIGNED,ユウキ,"[{""offset"":-5,""raw_hex"":""02 0e 00 0b 00"",""kind"":""MESSAGE_HEADER"",""opcode"":2,""argument"":11},{""offset"":9,""raw_hex"":""08"",""kind"":""LINE_BREAK""},{""offset"":21,""raw_hex"":""0d ff 00"",""kind"":""MESSAGE_END""}]",REVIEW_1,NO,CHARACTER_GUIDE v0.1 적용. context-v1 복원 원문 1차 번역.,SUPPORTED: structured scenario command; header FACE slot maps to face_yuuki_12; runtime display not yet checked. PROVEN: byte-identical source command exists at the same path and offsets on Disc 2. SUPPORTED: context-v1 glyph 복원; 런타임 원문 검증 전. TERM: 버스피어·파스·도박장.,"でもさ<G0026><G0001>どっちが
<G02C5>って分かるのか？",SUPPORTED,"0001,0026",SUPPORTED,02C5
SCN_10214101_00740000_0119,SCENARIO,scenario_message,DATA/10214101.MDZ,DATA/10214101.MDT,0x00740000,10214101,118,0x0046c06b,0x0046c066,85 95 21 90 c2 9c 9d 43 08 c8 3d f0 ca f5 a0 c3 f4 77 8a c2 ae 79 93 9c 0d ff 00,"げっ、そんなに！
ウル並の食いしんぼうだな","헉, 그렇게나 많이!
울 못지않은 먹보네.",UNASSIGNED,ユウキ,"[{""offset"":-5,""raw_hex"":""02 0e 00 06 00"",""kind"":""MESSAGE_HEADER"",""opcode"":2,""argument"":6},{""offset"":8,""raw_hex"":""08"",""kind"":""LINE_BREAK""},{""offset"":24,""raw_hex"":""0d ff 00"",""kind"":""MESSAGE_END""}]",REVIEW_1,NO,CHARACTER_GUIDE v0.1 적용. context-v1 복원 원문 1차 번역.,SUPPORTED: structured scenario command; header FACE slot maps to face_yuuki_07; runtime display not yet checked. PROVEN: byte-identical source command exists at the same path and offsets on Disc 2. SUPPORTED: context-v1 glyph 복원; 런타임 원문 검증 전. TERM: 버스피어·파스·도박장.,"げっ<G0001>そんなに！
ウル<G058A>の食いしんぼうだな",SUPPORTED,"0001,058A",NONE,
SCN_10214101_00740000_0120,SCENARIO,scenario_message,DATA/10214101.MDZ,DATA/10214101.MDT,0x00740000,10214101,119,0x0046ca6d,0x0046ca68,39 f0 c8 e9 46 21 7e 0d ff 00,ヨウト…、か,요우토…인가.,UNASSIGNED,ユウキ,"[{""offset"":-5,""raw_hex"":""02 0e 00 05 00"",""kind"":""MESSAGE_HEADER"",""opcode"":2,""argument"":5},{""offset"":7,""raw_hex"":""0d ff 00"",""kind"":""MESSAGE_END""}]",REVIEW_1,NO,CHARACTER_GUIDE v0.1 적용. context-v1 복원 원문 1차 번역.,SUPPORTED: structured scenario command; header FACE slot maps to face_yuuki_06; runtime display not yet checked. PROVEN: byte-identical source command exists at the same path and offsets on Disc 2. SUPPORTED: context-v1 glyph 복원; 런타임 원문 검증 전. TERM: 버스피어·파스·도박장.,ヨウト<G0026><G0001>か,SUPPORTED,"0001,0026",NONE,
SCN_10214101_00740000_0121,SCENARIO,scenario_message,DATA/10214101.MDZ,DATA/10214101.MDT,0x00740000,10214101,120,0x0046ca97,0x0046ca92,37 f2 9e f4 b4 c8 3d f0 92 94 2d f2 bc d7 f0 b4 08 b4 79 80 f3 4f f3 4a f1 b4 21 86 a0 eb f2 97 f2 c1 08 ad f1 95 98 80 92 c2 93 b4 c2 9c 46 0d ff 00,"聖獣もウルたち護り人も
もう何百年も、この世界を
守ってきたんだもんな…","성수도 울 같은 수호자들도
수백 년 동안 이 세계를
지켜 온 거구나…",UNASSIGNED,アルフィナ,"[{""offset"":-5,""raw_hex"":""02 0e 00 0c 00"",""kind"":""MESSAGE_HEADER"",""opcode"":2,""argument"":12},{""offset"":16,""raw_hex"":""08"",""kind"":""LINE_BREAK""},{""offset"":34,""raw_hex"":""08"",""kind"":""LINE_BREAK""},{""offset"":47,""raw_hex"":""0d ff 00"",""kind"":""MESSAGE_END""}]",REVIEW_1,NO,CHARACTER_GUIDE v0.1 적용. context-v1 복원 원문 1차 번역.,SUPPORTED: structured scenario command; header FACE slot maps to face_alfina_01; runtime display not yet checked. PROVEN: byte-identical source command exists at the same path and offsets on Disc 2. SUPPORTED: context-v1 glyph 복원; 런타임 원문 검증 전. TERM: 버스피어·파스·도박장.,"聖獣もウルたち護り人も
もう何<G036F><G01CA>も<G0001>この世界を
守ってきたんだもんな<G0026>",SUPPORTED,"0001,0026,01CA",SUPPORTED,036F
SCN_10214101_00740000_0122,SCENARIO,scenario_message,DATA/10214101.MDZ,DATA/10214101.MDT,0x00740000,10214101,121,0x0046cae9,0x0046cae4,75 77 96 7f 21 90 c2 9c 24 f1 9d 08 6d f2 c1 47 f2 8a 98 92 9c c2 98 46 08 8f c2 8f c2 21 f5 2c f5 99 80 9c 77 9c 46 0d ff 00,"あいつが、そんな風に
涙を流してたなんて…
ぜんぜん想像できないな…","그 녀석이 그렇게
눈물을 흘렸다니…
정말 상상도 안 되네…",UNASSIGNED,ユウキ,"[{""offset"":-5,""raw_hex"":""02 0e 00 05 00"",""kind"":""MESSAGE_HEADER"",""opcode"":2,""argument"":5},{""offset"":11,""raw_hex"":""08"",""kind"":""LINE_BREAK""},{""offset"":24,""raw_hex"":""08"",""kind"":""LINE_BREAK""},{""offset"":39,""raw_hex"":""0d ff 00"",""kind"":""MESSAGE_END""}]",REVIEW_1,NO,CHARACTER_GUIDE v0.1 적용. context-v1 복원 원문 1차 번역.,SUPPORTED: structured scenario command; header FACE slot maps to face_yuuki_06; runtime display not yet checked. PROVEN: byte-identical source command exists at the same path and offsets on Disc 2. SUPPORTED: context-v1 glyph 복원; 런타임 원문 검증 전. TERM: 버스피어·파스·도박장.,"あいつが<G0001>そんな風に
<G02BD>を流してたなんて<G0026>
<G006F>ん<G006F>ん<G04E1><G04EC>できないな<G0026>",SUPPORTED,"0001,0026,006F,02BD,04E1,04EC",NONE,
SCN_10214101_00740000_0123,SCENARIO,scenario_message,DATA/10214101.MDZ,DATA/10214101.MDT,0x00740000,10214101,122,0x0046cb33,0x0046cb2e,5a f0 46 21 7e 0d ff 00,敵…、か,적…인가.,UNASSIGNED,アルフィナ,"[{""offset"":-5,""raw_hex"":""02 0e 00 0c 00"",""kind"":""MESSAGE_HEADER"",""opcode"":2,""argument"":12},{""offset"":5,""raw_hex"":""0d ff 00"",""kind"":""MESSAGE_END""}]",REVIEW_1,NO,CHARACTER_GUIDE v0.1 적용. context-v1 복원 원문 1차 번역.,SUPPORTED: structured scenario command; header FACE slot maps to face_alfina_01; runtime display not yet checked. PROVEN: byte-identical source command exists at the same path and offsets on Disc 2. SUPPORTED: context-v1 glyph 복원; 런타임 원문 검증 전. TERM: 버스피어·파스·도박장.,敵<G0026><G0001>か,SUPPORTED,"0001,0026",NONE,
SCN_10214101_00740000_0125,SCENARIO,scenario_message,DATA/10214101.MDZ,DATA/10214101.MDT,0x00740000,10214101,124,0x0046cbfb,0x0046cbf6,75 a0 a7 92 bc a1 08 92 8a 7e 9d 3d f2 3e f2 7f 94 7f 95 98 92 08 93 84 9b 46 43 0d ff 00,"あのふたりは
たしかに次元がちがってた
だけど…！","그 두 사람은
확실히 차원이 달랐어
하지만…!",UNASSIGNED,ユウキ,"[{""offset"":-5,""raw_hex"":""02 0e 00 07 00"",""kind"":""MESSAGE_HEADER"",""opcode"":2,""argument"":7},{""offset"":6,""raw_hex"":""08"",""kind"":""LINE_BREAK""},{""offset"":21,""raw_hex"":""08"",""kind"":""LINE_BREAK""},{""offset"":27,""raw_hex"":""0d ff 00"",""kind"":""MESSAGE_END""}]",REVIEW_1,NO,CHARACTER_GUIDE v0.1 적용. context-v1 복원 원문 1차 번역.,SUPPORTED: structured scenario command; header FACE slot maps to face_yuuki_08; runtime display not yet checked. PROVEN: byte-identical source command exists at the same path and offsets on Disc 2. SUPPORTED: context-v1 glyph 복원; 런타임 원문 검증 전. TERM: 버스피어·파스·도박장.,"あのふたりは
たしかに次元がちがってた
だけど<G0026>！",SUPPORTED,0026,NONE,
SCN_10214101_00740000_0126,SCENARIO,scenario_message,DATA/10214101.MDZ,DATA/10214101.MDT,0x00740000,10214101,125,0x0046cc4f,0x0046cc4a,88 95 21 c4 f5 b4 77 95 a3 77 9d 9c 95 92 43 08 54 f1 e5 f1 a0 37 f2 9e f4 9d 63 f0 77 9d 42 f1 86 79 08 c4 3d f0 26 f0 c5 eb 43 21 90 a0 2c f1 9d 22 f2 7f 08 80 95 9a a1 f0 96 7e bd a1 8d 88 43 0d ff 00,"さっ、腹もいっぱいになった！
最後の聖獣に会いに行こう
アルフィナ！、その先に光が
きっと見つかるはずさ！","자, 배도 부르겠다!
마지막 성수를 만나러 가자
알피나! 그 앞에서 빛을
분명 찾을 수 있을 거야!",UNASSIGNED,ユウキ,"[{""offset"":-5,""raw_hex"":""02 0e 00 0a 00"",""kind"":""MESSAGE_HEADER"",""opcode"":2,""argument"":10},{""offset"":15,""raw_hex"":""08"",""kind"":""LINE_BREAK""},{""offset"":34,""raw_hex"":""08"",""kind"":""LINE_BREAK""},{""offset"":52,""raw_hex"":""08"",""kind"":""LINE_BREAK""},{""offset"":65,""raw_hex"":""0d ff 00"",""kind"":""MESSAGE_END""}]",REVIEW_1,NO,CHARACTER_GUIDE v0.1 적용. context-v1 복원 원문 1차 번역.,SUPPORTED: structured scenario command; header FACE slot maps to face_yuuki_11; runtime display not yet checked. PROVEN: byte-identical source command exists at the same path and offsets on Disc 2. SUPPORTED: context-v1 glyph 복원; 런타임 원문 검증 전. TERM: 버스피어·파스·도박장.,"さっ<G0001><G0584>もいっ<G0083>いになった！
<G01D4>後の聖獣に<G0113>いに行こう
アルフィナ！<G0001>その先に光が
きっと見つかるはずさ！",SUPPORTED,"0001,0083,0113,01D4,0584",NONE,
SCN_10214101_00740000_0127,SCENARIO,scenario_message,DATA/10214101.MDZ,DATA/10214101.MDT,0x00740000,10214101,126,0x0046cd07,0x0046cd02,75 75 21 b4 94 bf c2 43 0d ff 00,ああ、もちろん！,"그래, 물론이지!",UNASSIGNED,ユウキ,"[{""offset"":-5,""raw_hex"":""02 0e 00 02 00"",""kind"":""MESSAGE_HEADER"",""opcode"":2,""argument"":2},{""offset"":8,""raw_hex"":""0d ff 00"",""kind"":""MESSAGE_END""}]",REVIEW_1,NO,CHARACTER_GUIDE v0.1 적용. context-v1 복원 원문 1차 번역.,SUPPORTED: structured scenario command; header FACE slot maps to face_yuuki_03; runtime display not yet checked. PROVEN: byte-identical source command exists at the same path and offsets on Disc 2. SUPPORTED: context-v1 glyph 복원; 런타임 원문 검증 전. TERM: 버스피어·파스·도박장.,ああ<G0001>もちろん！,SUPPORTED,0001,NONE,
SCN_10214101_00740000_0128,SCENARIO,scenario_message,DATA/10214101.MDZ,DATA/10214101.MDT,0x00740000,10214101,127,0x0046cd89,0x0046cd84,88 95 21 c4 f5 b4 77 95 a3 77 9d 9c 95 92 43 08 e0 47 3a f0 c1 73 f5 8a 9d 46 08 42 f1 86 79 8f 21 b1 c2 9c 43 08 99 f2 a0 ab f5 5c f0 46 21 db 3d f0 2f f0 ec c4 9d 43 0d ff 00,"さっ、腹もいっぱいになった！
ゾーンを倒しに…
行こうよ、みんな！
空の彼方…、スルマニアに！","자, 배도 부르겠다!
존을 쓰러뜨리러…
가자, 모두!
하늘 저편… 수르마니아로!",UNASSIGNED,ユウキ,"[{""offset"":-5,""raw_hex"":""02 0e 00 01 00"",""kind"":""MESSAGE_HEADER"",""opcode"":2,""argument"":1},{""offset"":15,""raw_hex"":""08"",""kind"":""LINE_BREAK""},{""offset"":26,""raw_hex"":""08"",""kind"":""LINE_BREAK""},{""offset"":37,""raw_hex"":""08"",""kind"":""LINE_BREAK""},{""offset"":56,""raw_hex"":""0d ff 00"",""kind"":""MESSAGE_END""}]",REVIEW_1,NO,CHARACTER_GUIDE v0.1 적용. context-v1 복원 원문 1차 번역.,SUPPORTED: structured scenario command; header FACE slot maps to face_yuuki_02; runtime display not yet checked. PROVEN: byte-identical source command exists at the same path and offsets on Disc 2. SUPPORTED: context-v1 glyph 복원; 런타임 원문 검증 전. TERM: 버스피어·파스·도박장.,"さっ<G0001><G0584>もいっ<G0083>いになった！
ゾーンを倒しに<G0026>
行こう<G006F><G0001>みんな！
空の彼方<G0026><G0001>スルマニアに！",SUPPORTED,"0001,0026,006F,0083,0584",NONE,
SCN_10214101_00740000_0129,SCENARIO,scenario_message,DATA/10214101.MDZ,DATA/10214101.MDT,0x00740000,10214101,128,0x0046ce34,0x0046ce2f,75 75 21 b4 94 bf c2 43 0d ff 00,ああ、もちろん！,"그래, 물론이지!",UNASSIGNED,ユウキ,"[{""offset"":-5,""raw_hex"":""02 0e 00 02 00"",""kind"":""MESSAGE_HEADER"",""opcode"":2,""argument"":2},{""offset"":8,""raw_hex"":""0d ff 00"",""kind"":""MESSAGE_END""}]",REVIEW_1,NO,CHARACTER_GUIDE v0.1 적용. context-v1 복원 원문 1차 번역.,SUPPORTED: structured scenario command; header FACE slot maps to face_yuuki_03; runtime display not yet checked. PROVEN: byte-identical source command exists at the same path and offsets on Disc 2. SUPPORTED: context-v1 glyph 복원; 런타임 원문 검증 전. TERM: 버스피어·파스·도박장.,ああ<G0001>もちろん！,SUPPORTED,0001,NONE,
SCN_10214101_00740000_0133,SCENARIO,scenario_message,DATA/10214101.MDZ,DATA/10214101.MDT,0x00740000,10214101,132,0x0046d5df,0x0046d5da,58 2d f1 52 95 98 44 08 26 f5 7d f0 a1 ca 32 f0 3c f0 c8 db 9a 08 e0 47 3a f0 93 9a 8a 98 46 0d ff 00,"8対2って？
相手はエメリウスと
ゾーンだとして…","8 대 2라고?
상대가 에메리우스와
존이라고 해도…",UNASSIGNED,ユウキ,"[{""offset"":-5,""raw_hex"":""02 0e 00 0b 00"",""kind"":""MESSAGE_HEADER"",""opcode"":2,""argument"":11},{""offset"":7,""raw_hex"":""08"",""kind"":""LINE_BREAK""},{""offset"":21,""raw_hex"":""08"",""kind"":""LINE_BREAK""},{""offset"":31,""raw_hex"":""0d ff 00"",""kind"":""MESSAGE_END""}]",REVIEW_1,NO,CHARACTER_GUIDE v0.1 적용. context-v1 복원 원문 1차 번역.,SUPPORTED: structured scenario command; header FACE slot maps to face_yuuki_12; runtime display not yet checked. PROVEN: byte-identical source command exists at the same path and offsets on Disc 2. SUPPORTED: context-v1 glyph 복원; 런타임 원문 검증 전. TERM: 버스피어·파스·도박장.,"<G0038>対2って？
<G04E6>手はエメリウスと
ゾーンだとして<G0026>",SUPPORTED,"0026,04E6",SUPPORTED,0038
SCN_10214101_00740000_0134,SCENARIO,scenario_message,DATA/10214101.MDZ,DATA/10214101.MDT,0x00740000,10214101,133,0x0046d734,0x0046d72f,59 2d f1 52 95 98 44 08 26 f5 7d f0 a1 ca 32 f0 3c f0 c8 db 9a 08 e0 47 3a f0 93 9a 8a 98 46 0d ff 00,"9対2って？
相手はエメリウスと
ゾーンだとして…","9 대 2라고?
상대가 에메리우스와
존이라고 해도…",UNASSIGNED,ユウキ,"[{""offset"":-5,""raw_hex"":""02 0e 00 0b 00"",""kind"":""MESSAGE_HEADER"",""opcode"":2,""argument"":11},{""offset"":7,""raw_hex"":""08"",""kind"":""LINE_BREAK""},{""offset"":21,""raw_hex"":""08"",""kind"":""LINE_BREAK""},{""offset"":31,""raw_hex"":""0d ff 00"",""kind"":""MESSAGE_END""}]",REVIEW_1,NO,CHARACTER_GUIDE v0.1 적용. context-v1 복원 원문 1차 번역.,SUPPORTED: structured scenario command; header FACE slot maps to face_yuuki_12; runtime display not yet checked. PROVEN: byte-identical source command exists at the same path and offsets on Disc 2. SUPPORTED: context-v1 glyph 복원; 런타임 원문 검증 전. TERM: 버스피어·파스·도박장.,"<G0039>対2って？
<G04E6>手はエメリウスと
ゾーンだとして<G0026>",SUPPORTED,"0026,04E6",SUPPORTED,0039
SCN_10214101_00740000_0135,SCENARIO,scenario_message,DATA/10214101.MDZ,DATA/10214101.MDT,0x00740000,10214101,134,0x0046d999,0x0046d994,de f4 a1 46 21 9b c2 9c d7 f0 93 95 92 a0 44 0d ff 00,昔は…、どんな人だったの？,예전에는… 어떤 사람이었어?,UNASSIGNED,ユウキ,"[{""offset"":-5,""raw_hex"":""02 0e 00 01 00"",""kind"":""MESSAGE_HEADER"",""opcode"":2,""argument"":1},{""offset"":15,""raw_hex"":""0d ff 00"",""kind"":""MESSAGE_END""}]",REVIEW_1,NO,CHARACTER_GUIDE v0.1 적용. context-v1 복원 원문 1차 번역.,SUPPORTED: structured scenario command; header FACE slot maps to face_yuuki_02; runtime display not yet checked. PROVEN: byte-identical source command exists at the same path and offsets on Disc 2. SUPPORTED: context-v1 glyph 복원; 런타임 원문 검증 전. TERM: 버스피어·파스·도박장.,<G04CE>は<G0026><G0001>どんな人だったの？,SUPPORTED,"0001,0026,04CE",NONE,
SCN_10214101_00740000_0136,SCENARIO,scenario_message,DATA/10214101.MDZ,DATA/10214101.MDT,0x00740000,10214101,135,0x0046dac8,0x0046dac3,90 be 95 98 46 21 ca 32 f0 3c f0 c8 db 92 94 7f 08 21 f0 47 db 97 f2 9d 42 f1 95 92 9a 80 7e 44 08 90 a0 9a 80 21 a7 92 bc 9d 9c 9d 7f 08 75 95 92 c2 93 bf 79 9c 46 0d ff 00,"それって…、エメリウスたちが
バース界に行ったときか？
そのとき、ふたりになにが
あったんだろうな…","그건… 에메리우스 일행이
버스계로 갔을 때인가?
그때 두 사람에게 무슨 일이
있었던 걸까…",UNASSIGNED,アルフィナ,"[{""offset"":-5,""raw_hex"":""02 0e 00 0c 00"",""kind"":""MESSAGE_HEADER"",""opcode"":2,""argument"":12},{""offset"":16,""raw_hex"":""08"",""kind"":""LINE_BREAK""},{""offset"":32,""raw_hex"":""08"",""kind"":""LINE_BREAK""},{""offset"":45,""raw_hex"":""08"",""kind"":""LINE_BREAK""},{""offset"":55,""raw_hex"":""0d ff 00"",""kind"":""MESSAGE_END""}]",REVIEW_1,NO,CHARACTER_GUIDE v0.1 적용. context-v1 복원 원문 1차 번역.,SUPPORTED: structured scenario command; header FACE slot maps to face_alfina_01; runtime display not yet checked. PROVEN: byte-identical source command exists at the same path and offsets on Disc 2. SUPPORTED: context-v1 glyph 복원; 런타임 원문 검증 전. TERM: 버스피어·파스·도박장.,"それって<G0026><G0001>エメリウスたちが
バース界に行ったときか？
そのとき<G0001>ふたりになにが
あったんだろうな<G0026>",SUPPORTED,"0001,0026",NONE,
SCN_10214101_00740000_0137,SCENARIO,scenario_message,DATA/10214101.MDZ,DATA/10214101.MDT,0x00740000,10214101,136,0x0046de8e,0x0046de89,8c 83 9d a9 f4 84 88 f0 8a 98 b1 8e bd 88 46 08 75 9a 21 b4 79 a6 f0 8a 99 08 c4 3d f0 26 f0 c5 eb 7f 77 bd b1 f0 28 f3 9d 08 92 9b bc 96 84 bd c2 93 46 0d ff 00,"すぐに助け出してみせるさ…
あと、もう少しで
アルフィナがいる場所に
たどりつけるんだ…","곧 구해 내고 말 거야…
조금만 더 가면
알피나가 있는 곳에
도착할 수 있어…",UNASSIGNED,ユウキ,"[{""offset"":-5,""raw_hex"":""02 0e 00 05 00"",""kind"":""MESSAGE_HEADER"",""opcode"":2,""argument"":5},{""offset"":15,""raw_hex"":""08"",""kind"":""LINE_BREAK""},{""offset"":25,""raw_hex"":""08"",""kind"":""LINE_BREAK""},{""offset"":41,""raw_hex"":""08"",""kind"":""LINE_BREAK""},{""offset"":51,""raw_hex"":""0d ff 00"",""kind"":""MESSAGE_END""}]",REVIEW_1,NO,CHARACTER_GUIDE v0.1 적용. context-v1 복원 원문 1차 번역.,SUPPORTED: structured scenario command; header FACE slot maps to face_yuuki_06; runtime display not yet checked. PROVEN: byte-identical source command exists at the same path and offsets on Disc 2. SUPPORTED: context-v1 glyph 복원; 런타임 원문 검증 전. TERM: 버스피어·파스·도박장.,"すぐに<G0499>け出してみせるさ<G0026>
あと<G0001>もう少しで
アルフィナがいる場<G0348>に
たどりつけるんだ<G0026>",SUPPORTED,"0001,0026,0348,0499",NONE,
SCN_10214101_00740000_0138,SCENARIO,scenario_message,DATA/10214101.MDZ,DATA/10214101.MDT,0x00740000,10214101,137,0x0046ded3,0x0046dece,b6 b3 bd 21 21 08 9f f4 98 f5 8c bd 21 0d ff 00,"やめる、、
宿泊する、","그만둔다,,
숙박한다,",UNASSIGNED,ユウキ,"[{""offset"":-5,""raw_hex"":""02 0e 00 01 00"",""kind"":""MESSAGE_HEADER"",""opcode"":2,""argument"":1},{""offset"":5,""raw_hex"":""08"",""kind"":""LINE_BREAK""},{""offset"":13,""raw_hex"":""0d ff 00"",""kind"":""MESSAGE_END""}]",REVIEW_1,NO,CHARACTER_GUIDE v0.1 적용. context-v1 복원 원문 1차 번역.,SUPPORTED: structured scenario command; header FACE slot maps to face_yuuki_02; runtime display not yet checked. PROVEN: byte-identical source command exists at the same path and offsets on Disc 2. SUPPORTED: context-v1 glyph 복원; 런타임 원문 검증 전. TERM: 버스피어·파스·도박장.,"やめる<G0001><G0001>
宿<G0558>する<G0001>",SUPPORTED,"0001,0558",NONE,
SCN_10214101_00740000_0139,SCENARIO,scenario_message,DATA/10214101.MDZ,DATA/10214101.MDT,0x00740000,10214101,138,0x0046e077,0x0046e072,b6 b3 bd 21 21 08 9f f4 98 f5 8c bd 21 0d ff 00,"やめる、、
宿泊する、","그만둔다,,
숙박한다,",UNASSIGNED,ユウキ,"[{""offset"":-5,""raw_hex"":""02 0e 00 01 00"",""kind"":""MESSAGE_HEADER"",""opcode"":2,""argument"":1},{""offset"":5,""raw_hex"":""08"",""kind"":""LINE_BREAK""},{""offset"":13,""raw_hex"":""0d ff 00"",""kind"":""MESSAGE_END""}]",REVIEW_1,NO,CHARACTER_GUIDE v0.1 적용. context-v1 복원 원문 1차 번역.,SUPPORTED: structured scenario command; header FACE slot maps to face_yuuki_02; runtime display not yet checked. PROVEN: byte-identical source command exists at the same path and offsets on Disc 2. SUPPORTED: context-v1 glyph 복원; 런타임 원문 검증 전. TERM: 버스피어·파스·도박장.,"やめる<G0001><G0001>
宿<G0558>する<G0001>",SUPPORTED,"0001,0558",NONE,
SCN_10214102_00740000_0073,SCENARIO,scenario_message,DATA/10214102.MDZ,DATA/10214102.MDT,0x00740000,10214102,72,0x004d6770,0x004d676b,75 75 21 90 79 88 43 08 52 51 48 f4 af f3 9a 4d f0 8b f6 9d 08 eb f2 97 f2 dc f2 c1 49 f1 a5 5f f0 bd c2 93 43 0d ff 00,"ああ、そうさ！
21号機と一緒に
世界中を飛び回るんだ！","그래, 맞아!
21호기와 함께
전 세계를 날아다닐 거야!",UNASSIGNED,ユウキ,"[{""offset"":-5,""raw_hex"":""02 0e 00 0a 00"",""kind"":""MESSAGE_HEADER"",""opcode"":2,""argument"":10},{""offset"":7,""raw_hex"":""08"",""kind"":""LINE_BREAK""},{""offset"":20,""raw_hex"":""08"",""kind"":""LINE_BREAK""},{""offset"":37,""raw_hex"":""0d ff 00"",""kind"":""MESSAGE_END""}]",REVIEW_1,NO,CHARACTER_GUIDE v0.1 적용. context-v1 복원 원문 1차 번역.,SUPPORTED: structured scenario command; header FACE slot maps to face_yuuki_11; runtime display not yet checked. PROVEN: byte-identical source command exists at the same path and offsets on Disc 2. SUPPORTED: context-v1 glyph 복원; 런타임 원문 검증 전. TERM: 버스피어·파스·도박장.,"ああ<G0001>そうさ！
21号機と一<G061B>に
世界中を飛び回るんだ！",SUPPORTED,"0001,061B",NONE,
SCN_10214102_00740000_0074,SCENARIO,scenario_message,DATA/10214102.MDZ,DATA/10214102.MDT,0x00740000,10214102,73,0x004d67ef,0x004d67ea,c8 3d f0 46 21 c3 f4 ab bd 7e 64 f0 8c 7e 08 9b 95 94 7e 9d 8a bf ba 46 0d ff 00,"ウル…、食べるか話すか
どっちかにしろよ…","울… 먹든지 말하든지
둘 중 하나만 해…",UNASSIGNED,ユウキ,"[{""offset"":-5,""raw_hex"":""02 0e 00 08 00"",""kind"":""MESSAGE_HEADER"",""opcode"":2,""argument"":8},{""offset"":14,""raw_hex"":""08"",""kind"":""LINE_BREAK""},{""offset"":24,""raw_hex"":""0d ff 00"",""kind"":""MESSAGE_END""}]",REVIEW_1,NO,CHARACTER_GUIDE v0.1 적용. context-v1 복원 원문 1차 번역.,SUPPORTED: structured scenario command; header FACE slot maps to face_yuuki_09; runtime display not yet checked. PROVEN: byte-identical source command exists at the same path and offsets on Disc 2. SUPPORTED: context-v1 glyph 복원; 런타임 원문 검증 전. TERM: 버스피어·파스·도박장.,"ウル<G0026><G0001>食べるか<G0114>すか
どっちかにしろよ<G0026>",SUPPORTED,"0001,0026,0114",NONE,
SCN_10214102_00740000_0075,SCENARIO,scenario_message,DATA/10214102.MDZ,DATA/10214102.MDT,0x00740000,10214102,74,0x004d6988,0x004d6983,46 ad bb 21 c8 3d f0 08 86 95 94 7f 9d f0 78 f1 a0 67 f1 46 0d ff 00,"…ほら、ウル
こっちが本当の水…","…자, 울
이쪽이 진짜 물이야…",UNASSIGNED,ユウキ,"[{""offset"":-5,""raw_hex"":""02 0e 00 08 00"",""kind"":""MESSAGE_HEADER"",""opcode"":2,""argument"":8},{""offset"":7,""raw_hex"":""08"",""kind"":""LINE_BREAK""},{""offset"":20,""raw_hex"":""0d ff 00"",""kind"":""MESSAGE_END""}]",REVIEW_1,NO,CHARACTER_GUIDE v0.1 적용. context-v1 복원 원문 1차 번역.,SUPPORTED: structured scenario command; header FACE slot maps to face_yuuki_09; runtime display not yet checked. PROVEN: byte-identical source command exists at the same path and offsets on Disc 2. SUPPORTED: context-v1 glyph 복원; 런타임 원문 검증 전. TERM: 버스피어·파스·도박장.,"<G0026>ほら<G0001>ウル
こっちが本当の水<G0026>",SUPPORTED,"0001,0026",NONE,
SCN_10214102_00740000_0076,SCENARIO,scenario_message,DATA/10214102.MDZ,DATA/10214102.MDT,0x00740000,10214102,75,0x004d6a41,0x004d6a3c,75 95 46 21 c4 3d f0 26 f0 c5 eb b4 08 b4 94 bf c2 4d f5 ca f2 93 ba 43 08 4d f0 8b f6 9d 99 f2 c1 49 f1 c2 99 bd 8b b5 9c 77 7e 0d ff 00,"あっ…、アルフィナも
もちろん仲間だよ！
一緒に空を飛んでるじゃないか","아… 알피나도
물론 동료지!
같이 하늘을 날고 있잖아.",UNASSIGNED,ユウキ,"[{""offset"":-5,""raw_hex"":""02 0e 00 08 00"",""kind"":""MESSAGE_HEADER"",""opcode"":2,""argument"":8},{""offset"":12,""raw_hex"":""08"",""kind"":""LINE_BREAK""},{""offset"":24,""raw_hex"":""08"",""kind"":""LINE_BREAK""},{""offset"":43,""raw_hex"":""0d ff 00"",""kind"":""MESSAGE_END""}]",REVIEW_1,NO,CHARACTER_GUIDE v0.1 적용. context-v1 복원 원문 1차 번역.,SUPPORTED: structured scenario command; header FACE slot maps to face_yuuki_09; runtime display not yet checked. PROVEN: byte-identical source command exists at the same path and offsets on Disc 2. SUPPORTED: context-v1 glyph 복원; 런타임 원문 검증 전. TERM: 버스피어·파스·도박장.,"あっ<G0026><G0001>アルフィナも
もちろん仲間だよ！
一<G061B>に空を飛んでるじゃないか",SUPPORTED,"0001,0026,061B",NONE,
SCN_10214102_00740000_0078,SCENARIO,scenario_message,DATA/10214102.MDZ,DATA/10214102.MDT,0x00740000,10214102,77,0x004d6f29,0x004d6f24,a1 a1 46 21 b0 93 c3 f4 79 a0 7e ba 46 08 c8 3d f0 a0 61 f3 82 f1 95 98 08 9b 86 9d 96 9c 7f 95 98 c2 93 bf 46 0d ff 00,"はは…、まだ食うのかよ…
ウルの胃袋って
どこにつながってんだろ…","하하… 아직도 먹는 거야…
울의 위는
어디로 이어져 있는 걸까…",UNASSIGNED,ユウキ,"[{""offset"":-5,""raw_hex"":""02 0e 00 08 00"",""kind"":""MESSAGE_HEADER"",""opcode"":2,""argument"":8},{""offset"":13,""raw_hex"":""08"",""kind"":""LINE_BREAK""},{""offset"":24,""raw_hex"":""08"",""kind"":""LINE_BREAK""},{""offset"":37,""raw_hex"":""0d ff 00"",""kind"":""MESSAGE_END""}]",REVIEW_1,NO,CHARACTER_GUIDE v0.1 적용. context-v1 복원 원문 1차 번역.,SUPPORTED: structured scenario command; header FACE slot maps to face_yuuki_09; runtime display not yet checked. PROVEN: byte-identical source command exists at the same path and offsets on Disc 2. SUPPORTED: context-v1 glyph 복원; 런타임 원문 검증 전. TERM: 버스피어·파스·도박장.,"はは<G0026><G0001>まだ食うのかよ<G0026>
ウルの<G0381><G0202>って
どこにつながってんだろ<G0026>",SUPPORTED,"0001,0026",SUPPORTED,"0202,0381"
SCN_10214102_00740000_0079,SCENARIO,scenario_message,DATA/10214102.MDZ,DATA/10214102.MDT,0x00740000,10214102,78,0x004d7038,0x004d7033,ba 8a 95 43 21 c8 3d f0 08 86 be c1 b8 95 82 bc 67 f3 b2 c2 93 43 0d ff 00,"よしっ！、ウル
これをゆっくり飲むんだ！","좋아! 울
이걸 천천히 마셔!",UNASSIGNED,ユウキ,"[{""offset"":-5,""raw_hex"":""02 0e 00 07 00"",""kind"":""MESSAGE_HEADER"",""opcode"":2,""argument"":7},{""offset"":8,""raw_hex"":""08"",""kind"":""LINE_BREAK""},{""offset"":22,""raw_hex"":""0d ff 00"",""kind"":""MESSAGE_END""}]",REVIEW_1,NO,CHARACTER_GUIDE v0.1 적용. context-v1 복원 원문 1차 번역.,SUPPORTED: structured scenario command; header FACE slot maps to face_yuuki_08; runtime display not yet checked. PROVEN: byte-identical source command exists at the same path and offsets on Disc 2. SUPPORTED: context-v1 glyph 복원; 런타임 원문 검증 전. TERM: 버스피어·파스·도박장.,"よしっ！<G0001>ウル
これをゆっくり飲むんだ！",SUPPORTED,0001,NONE,
SCN_10214102_00740000_0080,SCENARIO,scenario_message,DATA/10214102.MDZ,DATA/10214102.MDT,0x00740000,10214102,79,0x004d709b,0x004d7096,26 f2 95 7a f2 9c ab f3 8a 98 46 08 7e 9c bc ac f3 9c 7e 95 92 b1 92 77 93 9c 08 90 c2 9c 79 f2 77 99 c3 f4 79 9c ba 46 0d ff 00,"真っ青な顔して…
かなり危なかったみたいだな
そんな急いで食うなよ…","얼굴이 새파래졌네…
상당히 위험했던 모양이야
그렇게 급하게 먹지 마…",UNASSIGNED,ユウキ,"[{""offset"":-5,""raw_hex"":""02 0e 00 08 00"",""kind"":""MESSAGE_HEADER"",""opcode"":2,""argument"":8},{""offset"":11,""raw_hex"":""08"",""kind"":""LINE_BREAK""},{""offset"":26,""raw_hex"":""08"",""kind"":""LINE_BREAK""},{""offset"":40,""raw_hex"":""0d ff 00"",""kind"":""MESSAGE_END""}]",REVIEW_1,NO,CHARACTER_GUIDE v0.1 적용. context-v1 복원 원문 1차 번역.,SUPPORTED: structured scenario command; header FACE slot maps to face_yuuki_09; runtime display not yet checked. PROVEN: byte-identical source command exists at the same path and offsets on Disc 2. SUPPORTED: context-v1 glyph 복원; 런타임 원문 검증 전. TERM: 버스피어·파스·도박장.,"真っ青な<G03CB>して<G0026>
かなり危なかったみたいだな
そんな急いで食うなよ<G0026>",SUPPORTED,"0026,03CB",NONE,
SCN_10214102_00740000_0081,SCENARIO,scenario_message,DATA/10214102.MDZ,DATA/10214102.MDT,0x00740000,10214102,80,0x004d729e,0x004d7299,b0 93 21 cc 3e f0 a1 c3 f4 ab bb be bd 8f 43 08 90 79 93 9c 21 42 f1 82 7e 43 0d ff 00,"まだ、オレは食べられるよ！
そうだな、行くか！","난 아직 먹을 수 있어!
그래, 갈까!",UNASSIGNED,ユウキ,"[{""offset"":-5,""raw_hex"":""02 0e 00 01 00"",""kind"":""MESSAGE_HEADER"",""opcode"":2,""argument"":1},{""offset"":15,""raw_hex"":""08"",""kind"":""LINE_BREAK""},{""offset"":26,""raw_hex"":""0d ff 00"",""kind"":""MESSAGE_END""}]",REVIEW_1,NO,CHARACTER_GUIDE v0.1 적용. context-v1 복원 원문 1차 번역.,SUPPORTED: structured scenario command; header FACE slot maps to face_yuuki_02; runtime display not yet checked. PROVEN: byte-identical source command exists at the same path and offsets on Disc 2. SUPPORTED: context-v1 glyph 복원; 런타임 원문 검증 전. TERM: 버스피어·파스·도박장.,"まだ<G0001>オレは食べられる<G006F>！
そうだな<G0001>行くか！",SUPPORTED,"0001,006F",NONE,
SCN_10214102_00740000_0083,SCENARIO,scenario_message,DATA/10214102.MDZ,DATA/10214102.MDT,0x00740000,10214102,82,0x004d7506,0x004d7501,a1 a1 95 21 92 82 88 c2 c3 f4 ab 98 08 21 f0 d1 3b f0 42 f1 80 a0 26 f0 3b f0 c6 e9 9d 08 7a f0 7b 9c 77 9a 9c 43 0d ff 00,"ははっ、たくさん食べて
バクラ行きのフライトに
備えないとな！","하핫, 많이 먹고
바쿠라행 비행에
대비해야지!",UNASSIGNED,ユウキ,"[{""offset"":-5,""raw_hex"":""02 0e 00 03 00"",""kind"":""MESSAGE_HEADER"",""opcode"":2,""argument"":3},{""offset"":12,""raw_hex"":""08"",""kind"":""LINE_BREAK""},{""offset"":29,""raw_hex"":""08"",""kind"":""LINE_BREAK""},{""offset"":38,""raw_hex"":""0d ff 00"",""kind"":""MESSAGE_END""}]",REVIEW_1,NO,CHARACTER_GUIDE v0.1 적용. context-v1 복원 원문 1차 번역.,SUPPORTED: structured scenario command; header FACE slot maps to face_yuuki_04; runtime display not yet checked. PROVEN: byte-identical source command exists at the same path and offsets on Disc 2. SUPPORTED: context-v1 glyph 복원; 런타임 원문 검증 전. TERM: 버스피어·파스·도박장.,"ははっ<G0001>たくさん食べて
バクラ行きのフライトに
備えないとな！",SUPPORTED,0001,NONE,
SCN_10214102_00740000_0085,SCENARIO,scenario_message,DATA/10214102.MDZ,DATA/10214102.MDT,0x00740000,10214102,84,0x004d7607,0x004d7602,30 f0 40 f0 d1 a0 cd 3a f0 d9 38 f0 d1 46 44 08 9c c2 93 90 bc b5 0d ff 00,"ミワクのカンショク…？
なんだそりゃ","매혹의 감촉…?
그게 뭐야?",UNASSIGNED,ユウキ,"[{""offset"":-5,""raw_hex"":""02 0e 00 0b 00"",""kind"":""MESSAGE_HEADER"",""opcode"":2,""argument"":11},{""offset"":15,""raw_hex"":""08"",""kind"":""LINE_BREAK""},{""offset"":22,""raw_hex"":""0d ff 00"",""kind"":""MESSAGE_END""}]",REVIEW_1,NO,CHARACTER_GUIDE v0.1 적용. context-v1 복원 원문 1차 번역.,SUPPORTED: structured scenario command; header FACE slot maps to face_yuuki_12; runtime display not yet checked. PROVEN: byte-identical source command exists at the same path and offsets on Disc 2. SUPPORTED: context-v1 glyph 복원; 런타임 원문 검증 전. TERM: 버스피어·파스·도박장.,"ミワクのカンショク<G0026>？
なんだそりゃ",SUPPORTED,0026,NONE,
SCN_10214102_00740000_0086,SCENARIO,scenario_message,DATA/10214102.MDZ,DATA/10214102.MDT,0x00740000,10214102,85,0x004d768f,0x004d768a,b1 f0 62 f3 77 95 98 46 44 08 ce f5 9d 21 90 c2 9c 86 9a a1 08 9c 77 9a a1 f1 79 84 9b 46 0d ff 00,"場違いって…？
別に、そんなことは
ないと思うけど…","장소에 안 어울린다고…?
딱히 그렇지는
않은 것 같은데…",UNASSIGNED,アルフィナ,"[{""offset"":-5,""raw_hex"":""02 0e 00 0c 00"",""kind"":""MESSAGE_HEADER"",""opcode"":2,""argument"":12},{""offset"":9,""raw_hex"":""08"",""kind"":""LINE_BREAK""},{""offset"":20,""raw_hex"":""08"",""kind"":""LINE_BREAK""},{""offset"":30,""raw_hex"":""0d ff 00"",""kind"":""MESSAGE_END""}]",REVIEW_1,NO,CHARACTER_GUIDE v0.1 적용. context-v1 복원 원문 1차 번역.,SUPPORTED: structured scenario command; header FACE slot maps to face_alfina_01; runtime display not yet checked. PROVEN: byte-identical source command exists at the same path and offsets on Disc 2. SUPPORTED: context-v1 glyph 복원; 런타임 원문 검증 전. TERM: 버스피어·파스·도박장.,"場違いって<G0026>？
別に<G0001>そんなことは
ないと思うけど<G0026>",SUPPORTED,"0001,0026",NONE,
SCN_10214102_00740000_0087,SCENARIO,scenario_message,DATA/10214102.MDZ,DATA/10214102.MDT,0x00740000,10214102,86,0x004d76d0,0x004d76cb,93 84 9b 46 08 81 f0 b4 ec f1 bb 9c 77 9a 86 bf 99 08 6a f2 7e 84 98 37 f2 9e f4 c1 ad f1 95 98 46 08 90 be a1 46 21 8c 87 77 86 9a 93 ba 9c 46 0d ff 00,"だけど…
誰も知らないところで
命かけて聖獣を守って…
それは…、すごいことだよな…","하지만…
아무도 모르는 곳에서
목숨을 걸고 성수를 지키다니…
그건… 정말 대단한 일이야…",UNASSIGNED,ユウキ,"[{""offset"":-5,""raw_hex"":""02 0e 00 01 00"",""kind"":""MESSAGE_HEADER"",""opcode"":2,""argument"":1},{""offset"":4,""raw_hex"":""08"",""kind"":""LINE_BREAK""},{""offset"":17,""raw_hex"":""08"",""kind"":""LINE_BREAK""},{""offset"":33,""raw_hex"":""08"",""kind"":""LINE_BREAK""},{""offset"":48,""raw_hex"":""0d ff 00"",""kind"":""MESSAGE_END""}]",REVIEW_1,NO,CHARACTER_GUIDE v0.1 적용. context-v1 복원 원문 1차 번역.,SUPPORTED: structured scenario command; header FACE slot maps to face_yuuki_02; runtime display not yet checked. PROVEN: byte-identical source command exists at the same path and offsets on Disc 2. SUPPORTED: context-v1 glyph 복원; 런타임 원문 검증 전. TERM: 버스피어·파스·도박장.,"だけど<G0026>
誰も知らないところで
命かけて聖獣を守って<G0026>
それは<G0026><G0001>すごいことだよな<G0026>",SUPPORTED,"0001,0026",NONE,
SCN_10214102_00740000_0088,SCENARIO,scenario_message,DATA/10214102.MDZ,DATA/10214102.MDT,0x00740000,10214102,87,0x004d77ae,0x004d77a9,21 f0 d1 3b f0 a0 d7 f0 92 94 46 08 90 be c1 ec f1 95 92 bb 5d f0 7b f0 92 94 7f 08 b2 f0 be c5 f3 bb be 98 bd b1 92 77 99 08 80 95 9a 21 d8 f1 77 ba 9c 46 0d ff 00,"バクラの人たち…
それを知ったら自分たちが
忘れ去られてるみたいで
きっと、辛いよな…","바쿠라 사람들…
그걸 알게 되면 자신들이
잊힌 것처럼 느껴져서
분명 괴롭겠지…",UNASSIGNED,アルフィナ,"[{""offset"":-5,""raw_hex"":""02 0e 00 0c 00"",""kind"":""MESSAGE_HEADER"",""opcode"":2,""argument"":12},{""offset"":11,""raw_hex"":""08"",""kind"":""LINE_BREAK""},{""offset"":27,""raw_hex"":""08"",""kind"":""LINE_BREAK""},{""offset"":41,""raw_hex"":""08"",""kind"":""LINE_BREAK""},{""offset"":52,""raw_hex"":""0d ff 00"",""kind"":""MESSAGE_END""}]",REVIEW_1,NO,CHARACTER_GUIDE v0.1 적용. context-v1 복원 원문 1차 번역.,SUPPORTED: structured scenario command; header FACE slot maps to face_alfina_01; runtime display not yet checked. PROVEN: byte-identical source command exists at the same path and offsets on Disc 2. SUPPORTED: context-v1 glyph 복원; 런타임 원문 검증 전. TERM: 버스피어·파스·도박장.,"バクラの人たち<G0026>
それを知ったら自分たちが
<G0162>れ<G03E5>られてるみたいで
きっと<G0001><G0258>いよな<G0026>",SUPPORTED,"0001,0026,0162,0258,03E5",NONE,
SCN_10214102_00740000_0090,SCENARIO,scenario_message,DATA/10214102.MDZ,DATA/10214102.MDT,0x00740000,10214102,89,0x004d788f,0x004d788a,46 a7 78 21 90 bf 90 bf 42 f1 82 7e 44 08 88 8c 7f a0 c8 3d f0 b4 08 b4 79 7d c4 f5 21 77 95 a3 77 93 bf 44 0d ff 00,"…ふう、そろそろ行くか？
さすがのウルも
もうお腹、いっぱいだろ？","…후, 슬슬 갈까?
아무리 울이라도
이제 배가 부르지?",UNASSIGNED,ユウキ,"[{""offset"":-5,""raw_hex"":""02 0e 00 02 00"",""kind"":""MESSAGE_HEADER"",""opcode"":2,""argument"":2},{""offset"":13,""raw_hex"":""08"",""kind"":""LINE_BREAK""},{""offset"":22,""raw_hex"":""08"",""kind"":""LINE_BREAK""},{""offset"":36,""raw_hex"":""0d ff 00"",""kind"":""MESSAGE_END""}]",REVIEW_1,NO,CHARACTER_GUIDE v0.1 적용. context-v1 복원 원문 1차 번역.,SUPPORTED: structured scenario command; header FACE slot maps to face_yuuki_03; runtime display not yet checked. PROVEN: byte-identical source command exists at the same path and offsets on Disc 2. SUPPORTED: context-v1 glyph 복원; 런타임 원문 검증 전. TERM: 버스피어·파스·도박장.,"<G0026>ふ<G0058><G0001>そろそろ行くか？
さすがのウルも
もうお<G0584><G0001>いっ<G0083>いだろ？",SUPPORTED,"0001,0026,0083,0584",SUPPORTED,0058
SCN_10214102_00740000_0091,SCENARIO,scenario_message,DATA/10214102.MDZ,DATA/10214102.MDT,0x00740000,10214102,90,0x004d7927,0x004d7922,77 77 84 9b 46 08 c3 f4 77 8c 81 99 7d c4 f5 86 c0 8c 9c ba 46 0d ff 00,"いいけど…
食いすぎでお腹こわすなよ…","좋지만…
너무 많이 먹고 배탈 나지 마…",UNASSIGNED,ユウキ,"[{""offset"":-5,""raw_hex"":""02 0e 00 08 00"",""kind"":""MESSAGE_HEADER"",""opcode"":2,""argument"":8},{""offset"":5,""raw_hex"":""08"",""kind"":""LINE_BREAK""},{""offset"":21,""raw_hex"":""0d ff 00"",""kind"":""MESSAGE_END""}]",REVIEW_1,NO,CHARACTER_GUIDE v0.1 적용. context-v1 복원 원문 1차 번역.,SUPPORTED: structured scenario command; header FACE slot maps to face_yuuki_09; runtime display not yet checked. PROVEN: byte-identical source command exists at the same path and offsets on Disc 2. SUPPORTED: context-v1 glyph 복원; 런타임 원문 검증 전. TERM: 버스피어·파스·도박장.,"いいけど<G0026>
食いすぎでお<G0584>こわすなよ<G0026>",SUPPORTED,"0026,0584",NONE,
SCN_10214102_00740000_0092,SCENARIO,scenario_message,DATA/10214102.MDZ,DATA/10214102.MDT,0x00740000,10214102,91,0x004d7972,0x004d796d,88 95 43 21 9a 95 9a 9a 08 21 f0 d1 3b f0 9d 23 f6 bb 9c 77 9a 9c 08 df f0 82 21 39 f0 c8 e9 9d 08 63 f0 77 9d 77 7e 9c 77 9a 43 0d ff 00,"さっ！、とっとと
バクラに戻らないとな
早く、ヨウトに
会いにいかないと！","자! 서둘러
바쿠라로 돌아가야 해
어서 요우토를
만나러 가야 한다고!",UNASSIGNED,ユウキ,"[{""offset"":-5,""raw_hex"":""02 0e 00 01 00"",""kind"":""MESSAGE_HEADER"",""opcode"":2,""argument"":1},{""offset"":8,""raw_hex"":""08"",""kind"":""LINE_BREAK""},{""offset"":22,""raw_hex"":""08"",""kind"":""LINE_BREAK""},{""offset"":32,""raw_hex"":""08"",""kind"":""LINE_BREAK""},{""offset"":43,""raw_hex"":""0d ff 00"",""kind"":""MESSAGE_END""}]",REVIEW_1,NO,CHARACTER_GUIDE v0.1 적용. context-v1 복원 원문 1차 번역.,SUPPORTED: structured scenario command; header FACE slot maps to face_yuuki_02; runtime display not yet checked. PROVEN: byte-identical source command exists at the same path and offsets on Disc 2. SUPPORTED: context-v1 glyph 복원; 런타임 원문 검증 전. TERM: 버스피어·파스·도박장.,"さっ！<G0001>とっとと
バクラに戻らないとな
早く<G0001>ヨウトに
<G0113>いにいかないと！",SUPPORTED,"0001,0113",NONE,
SCN_10214102_00740000_0093,SCENARIO,scenario_message,DATA/10214102.MDZ,DATA/10214102.MDT,0x00740000,10214102,92,0x004d79d0,0x004d79cb,4a f3 7a f0 7f d5 f4 95 92 bb 08 29 f0 3d f0 c4 dd 3d f0 9d dd f2 84 98 88 f0 c4 f2 93 43 08 bb f0 c1 21 87 f0 80 ad f7 b3 98 08 42 f1 7e 9c 77 9a 9c 43 0d ff 00,"準備が整ったら
ヘルアセルに向けて出発だ！
気を、引き締めて
行かないとな！","준비가 끝나면
헬 아셀을 향해 출발이다!
마음을 단단히 먹고
가야 해!",UNASSIGNED,ユウキ,"[{""offset"":-5,""raw_hex"":""02 0e 00 0a 00"",""kind"":""MESSAGE_HEADER"",""opcode"":2,""argument"":10},{""offset"":10,""raw_hex"":""08"",""kind"":""LINE_BREAK""},{""offset"":30,""raw_hex"":""08"",""kind"":""LINE_BREAK""},{""offset"":42,""raw_hex"":""08"",""kind"":""LINE_BREAK""},{""offset"":51,""raw_hex"":""0d ff 00"",""kind"":""MESSAGE_END""}]",REVIEW_1,NO,CHARACTER_GUIDE v0.1 적용. context-v1 복원 원문 1차 번역.,SUPPORTED: structured scenario command; header FACE slot maps to face_yuuki_11; runtime display not yet checked. PROVEN: byte-identical source command exists at the same path and offsets on Disc 2. SUPPORTED: context-v1 glyph 복원; 런타임 원문 검증 전. TERM: 버스피어·파스·도박장.,"準備が<G04C5>ったら
ヘルアセルに向けて出発だ！
気を<G0001>引き<G070D>めて
行かないとな！",SUPPORTED,"0001,04C5,070D",NONE,
SCN_10214102_00740000_0094,SCENARIO,scenario_message,DATA/10214102.MDZ,DATA/10214102.MDT,0x00740000,10214102,93,0x004d7b87,0x004d7b82,aa 95 46 21 b1 f0 62 f3 77 95 98 44 0d ff 00,へっ…、場違いって？,쳇… 장소에 안 어울린다고?,UNASSIGNED,ユウキ,"[{""offset"":-5,""raw_hex"":""02 0e 00 06 00"",""kind"":""MESSAGE_HEADER"",""opcode"":2,""argument"":6},{""offset"":12,""raw_hex"":""0d ff 00"",""kind"":""MESSAGE_END""}]",REVIEW_1,NO,CHARACTER_GUIDE v0.1 적용. context-v1 복원 원문 1차 번역.,SUPPORTED: structured scenario command; header FACE slot maps to face_yuuki_07; runtime display not yet checked. PROVEN: byte-identical source command exists at the same path and offsets on Disc 2. SUPPORTED: context-v1 glyph 복원; 런타임 원문 검증 전. TERM: 버스피어·파스·도박장.,へっ<G0026><G0001>場違いって？,SUPPORTED,"0001,0026",NONE,
SCN_10214102_00740000_0095,SCENARIO,scenario_message,DATA/10214102.MDZ,DATA/10214102.MDT,0x00740000,10214102,94,0x004d7c07,0x004d7c02,77 b6 46 08 90 79 77 79 86 9a 8b b5 9c 77 93 bf 46 0d ff 00,"いや…
そういうことじゃないだろ…","아니…
그런 뜻은 아니잖아…",UNASSIGNED,ユウキ,"[{""offset"":-5,""raw_hex"":""02 0e 00 08 00"",""kind"":""MESSAGE_HEADER"",""opcode"":2,""argument"":8},{""offset"":3,""raw_hex"":""08"",""kind"":""LINE_BREAK""},{""offset"":17,""raw_hex"":""0d ff 00"",""kind"":""MESSAGE_END""}]",REVIEW_1,NO,CHARACTER_GUIDE v0.1 적용. context-v1 복원 원문 1차 번역.,SUPPORTED: structured scenario command; header FACE slot maps to face_yuuki_09; runtime display not yet checked. PROVEN: byte-identical source command exists at the same path and offsets on Disc 2. SUPPORTED: context-v1 glyph 복원; 런타임 원문 검증 전. TERM: 버스피어·파스·도박장.,"いや<G0026>
そういうことじゃないだろ<G0026>",SUPPORTED,0026,NONE,
SCN_10214102_00740000_0096,SCENARIO,scenario_message,DATA/10214102.MDZ,DATA/10214102.MDT,0x00740000,10214102,95,0x004d7e0e,0x004d7e09,99 b4 88 21 9d f6 a7 f3 93 95 92 bf 44 08 d9 21 f0 a0 95 f5 9d bc f2 95 98 08 21 f0 d1 3b f0 c1 99 f2 7e bb 4d f0 df f5 8a 98 88 43 0d ff 00,"でもさ、壮観だったろ？
シバの背に乗って
バクラを空から一望してさ！","그래도 장관이었지?
시바의 등에 올라타서
하늘에서 바쿠라를 한눈에 내려다보는 거 말이야!",UNASSIGNED,ユウキ,"[{""offset"":-5,""raw_hex"":""02 0e 00 02 00"",""kind"":""MESSAGE_HEADER"",""opcode"":2,""argument"":2},{""offset"":13,""raw_hex"":""08"",""kind"":""LINE_BREAK""},{""offset"":25,""raw_hex"":""08"",""kind"":""LINE_BREAK""},{""offset"":44,""raw_hex"":""0d ff 00"",""kind"":""MESSAGE_END""}]",REVIEW_1,NO,CHARACTER_GUIDE v0.1 적용. context-v1 복원 원문 1차 번역.,SUPPORTED: structured scenario command; header FACE slot maps to face_yuuki_03; runtime display not yet checked. PROVEN: byte-identical source command exists at the same path and offsets on Disc 2. SUPPORTED: context-v1 glyph 복원; 런타임 원문 검증 전. TERM: 버스피어·파스·도박장.,"でもさ<G0001><G062D><G03C7>だったろ？
シバの<G0555>に乗って
バクラを空から一<G059F>してさ！",SUPPORTED,"0001,03C7",SUPPORTED,"0555,059F,062D"
SCN_10214102_00740000_0097,SCENARIO,scenario_message,DATA/10214102.MDZ,DATA/10214102.MDT,0x00740000,10214102,96,0x004d8234,0x004d822f,80 f3 7f 93 f2 66 f3 93 95 92 c2 93 44 0d ff 00,何が原因だったんだ？,원인이 뭐였어?,UNASSIGNED,ユウキ,"[{""offset"":-5,""raw_hex"":""02 0e 00 0b 00"",""kind"":""MESSAGE_HEADER"",""opcode"":2,""argument"":11},{""offset"":13,""raw_hex"":""0d ff 00"",""kind"":""MESSAGE_END""}]",REVIEW_1,NO,CHARACTER_GUIDE v0.1 적용. context-v1 복원 원문 1차 번역.,SUPPORTED: structured scenario command; header FACE slot maps to face_yuuki_12; runtime display not yet checked. PROVEN: byte-identical source command exists at the same path and offsets on Disc 2. SUPPORTED: context-v1 glyph 복원; 런타임 원문 검증 전. TERM: 버스피어·파스·도박장.,何が<G02E3><G0386>だったんだ？,SUPPORTED,0386,SUPPORTED,02E3
SCN_10214102_00740000_0098,SCENARIO,scenario_message,DATA/10214102.MDZ,DATA/10214102.MDT,0x00740000,10214102,97,0x004d82ab,0x004d82a6,90 c2 9c 86 9a 99 08 4d f5 62 f3 77 8c c2 9c ba 46 0d ff 00,"そんなことで
仲違いすんなよ…","그런 일로
싸우지 마…",UNASSIGNED,ユウキ,"[{""offset"":-5,""raw_hex"":""02 0e 00 08 00"",""kind"":""MESSAGE_HEADER"",""opcode"":2,""argument"":8},{""offset"":6,""raw_hex"":""08"",""kind"":""LINE_BREAK""},{""offset"":17,""raw_hex"":""0d ff 00"",""kind"":""MESSAGE_END""}]",REVIEW_1,NO,CHARACTER_GUIDE v0.1 적용. context-v1 복원 원문 1차 번역.,SUPPORTED: structured scenario command; header FACE slot maps to face_yuuki_09; runtime display not yet checked. PROVEN: byte-identical source command exists at the same path and offsets on Disc 2. SUPPORTED: context-v1 glyph 복원; 런타임 원문 검증 전. TERM: 버스피어·파스·도박장.,"そんなことで
仲違いすんなよ<G0026>",SUPPORTED,0026,NONE,
SCN_10214102_00740000_0099,SCENARIO,scenario_message,DATA/10214102.MDZ,DATA/10214102.MDT,0x00740000,10214102,98,0x004d834a,0x004d8345,8b b5 75 88 46 08 32 f0 d9 c3 f4 77 94 f2 b3 92 9a 80 08 cc 3e f0 7f c8 3d f0 a0 72 f2 08 c3 f4 ab 92 a0 95 98 46 0d ff 00,"じゃあさ…
メシ食い始めたとき
オレがウルの肉
食べたのって…","그럼 말이야…
밥을 먹기 시작했을 때
내가 울의 고기를
먹은 건…",UNASSIGNED,ユウキ,"[{""offset"":-5,""raw_hex"":""02 0e 00 08 00"",""kind"":""MESSAGE_HEADER"",""opcode"":2,""argument"":8},{""offset"":5,""raw_hex"":""08"",""kind"":""LINE_BREAK""},{""offset"":18,""raw_hex"":""08"",""kind"":""LINE_BREAK""},{""offset"":29,""raw_hex"":""08"",""kind"":""LINE_BREAK""},{""offset"":38,""raw_hex"":""0d ff 00"",""kind"":""MESSAGE_END""}]",REVIEW_1,NO,CHARACTER_GUIDE v0.1 적용. context-v1 복원 원문 1차 번역.,SUPPORTED: structured scenario command; header FACE slot maps to face_yuuki_09; runtime display not yet checked. PROVEN: byte-identical source command exists at the same path and offsets on Disc 2. SUPPORTED: context-v1 glyph 복원; 런타임 원문 검증 전. TERM: 버스피어·파스·도박장.,"じゃあさ<G0026>
メシ食い<G02E4>めたとき
オレがウルの肉
食べたのって<G0026>",SUPPORTED,"0026,02E4",NONE,
SCN_10214102_00740000_0100,SCENARIO,scenario_message,DATA/10214102.MDZ,DATA/10214102.MDT,0x00740000,10214102,99,0x004d839c,0x004d8397,46 46 87 b3 c2 9c 21 c8 3d f0 0d ff 00,……ごめんな、ウル,"……미안해, 울.",UNASSIGNED,ユウキ,"[{""offset"":-5,""raw_hex"":""02 0e 00 08 00"",""kind"":""MESSAGE_HEADER"",""opcode"":2,""argument"":8},{""offset"":10,""raw_hex"":""0d ff 00"",""kind"":""MESSAGE_END""}]",REVIEW_1,NO,CHARACTER_GUIDE v0.1 적용. context-v1 복원 원문 1차 번역.,SUPPORTED: structured scenario command; header FACE slot maps to face_yuuki_09; runtime display not yet checked. PROVEN: byte-identical source command exists at the same path and offsets on Disc 2. SUPPORTED: context-v1 glyph 복원; 런타임 원문 검증 전. TERM: 버스피어·파스·도박장.,<G0026><G0026>ごめんな<G0001>ウル,SUPPORTED,"0001,0026",NONE,
SCN_10214102_00740000_0101,SCENARIO,scenario_message,DATA/10214102.MDZ,DATA/10214102.MDT,0x00740000,10214102,100,0x004d860b,0x004d8606,b0 74 46 21 cc 3e f0 b4 08 c4 3d f0 26 f0 c5 eb 9a 63 f0 79 b0 99 a1 08 9c c2 9d b4 ec f1 bb 9c 7e 95 92 8a 9c 46 0d ff 00,"まぁ…、オレも
アルフィナと会うまでは
なんにも知らなかったしな…","뭐… 나도
알피나를 만나기 전까지는
아무것도 몰랐으니까…",UNASSIGNED,ユウキ,"[{""offset"":-5,""raw_hex"":""02 0e 00 08 00"",""kind"":""MESSAGE_HEADER"",""opcode"":2,""argument"":8},{""offset"":8,""raw_hex"":""08"",""kind"":""LINE_BREAK""},{""offset"":23,""raw_hex"":""08"",""kind"":""LINE_BREAK""},{""offset"":38,""raw_hex"":""0d ff 00"",""kind"":""MESSAGE_END""}]",REVIEW_1,NO,CHARACTER_GUIDE v0.1 적용. context-v1 복원 원문 1차 번역.,SUPPORTED: structured scenario command; header FACE slot maps to face_yuuki_09; runtime display not yet checked. PROVEN: byte-identical source command exists at the same path and offsets on Disc 2. SUPPORTED: context-v1 glyph 복원; 런타임 원문 검증 전. TERM: 버스피어·파스·도박장.,"ま<G0054><G0026><G0001>オレも
アルフィナと<G0113>うまでは
なんにも知らなかったしな<G0026>",SUPPORTED,"0001,0026,0054,0113",NONE,
SCN_10214102_00740000_0102,SCENARIO,scenario_message,DATA/10214102.MDZ,DATA/10214102.MDT,0x00740000,10214102,101,0x004d884d,0x004d8848,9c c2 7e 46 21 86 79 b6 95 98 08 32 f0 3a f0 e8 c5 9d 84 f1 bd a0 b4 08 be f3 8a a8 bc 95 98 9c f3 8b 93 9c 0d ff 00,"なんか…、こうやって
メンディに来るのも
久しぶりって感じだな","왠지… 이렇게
멘디에 오는 것도
오랜만인 기분이네.",UNASSIGNED,ユウキ,"[{""offset"":-5,""raw_hex"":""02 0e 00 02 00"",""kind"":""MESSAGE_HEADER"",""opcode"":2,""argument"":2},{""offset"":10,""raw_hex"":""08"",""kind"":""LINE_BREAK""},{""offset"":23,""raw_hex"":""08"",""kind"":""LINE_BREAK""},{""offset"":36,""raw_hex"":""0d ff 00"",""kind"":""MESSAGE_END""}]",REVIEW_1,NO,CHARACTER_GUIDE v0.1 적용. context-v1 복원 원문 1차 번역.,SUPPORTED: structured scenario command; header FACE slot maps to face_yuuki_03; runtime display not yet checked. PROVEN: byte-identical source command exists at the same path and offsets on Disc 2. SUPPORTED: context-v1 glyph 복원; 런타임 원문 검증 전. TERM: 버스피어·파스·도박장.,"なんか<G0026><G0001>こうやって
メンディに来るのも
久しぶりって感じだな",SUPPORTED,"0001,0026",NONE,
SCN_10214102_00740000_0104,SCENARIO,scenario_message,DATA/10214102.MDZ,DATA/10214102.MDT,0x00740000,10214102,103,0x004d890c,0x004d8907,99 b4 21 c8 3d f0 08 75 f0 bc 9e f2 a0 c1 f1 96 f1 9c c2 98 08 ba 82 ec f1 95 98 bd 9c 0d ff 00,"でも、ウル
渡り鳥の生態なんて
よく知ってるな","그런데 울
철새의 생태 같은 걸
잘 알고 있네.",UNASSIGNED,ユウキ,"[{""offset"":-5,""raw_hex"":""02 0e 00 0b 00"",""kind"":""MESSAGE_HEADER"",""opcode"":2,""argument"":11},{""offset"":6,""raw_hex"":""08"",""kind"":""LINE_BREAK""},{""offset"":20,""raw_hex"":""08"",""kind"":""LINE_BREAK""},{""offset"":29,""raw_hex"":""0d ff 00"",""kind"":""MESSAGE_END""}]",REVIEW_1,NO,CHARACTER_GUIDE v0.1 적용. context-v1 복원 원문 1차 번역.,SUPPORTED: structured scenario command; header FACE slot maps to face_yuuki_12; runtime display not yet checked. PROVEN: byte-identical source command exists at the same path and offsets on Disc 2. SUPPORTED: context-v1 glyph 복원; 런타임 원문 검증 전. TERM: 버스피어·파스·도박장.,"でも<G0001>ウル
渡り鳥の生態なんて
よく知ってるな",SUPPORTED,0001,NONE,
SCN_10214102_00740000_0105,SCENARIO,scenario_message,DATA/10214102.MDZ,DATA/10214102.MDT,0x00740000,10214102,104,0x004d8a23,0x004d8a1e,c8 3d f0 7f 90 c2 9c ec f1 ed f1 9d 08 82 c0 8a 77 9c c2 98 46 08 94 b9 95 9a 5b f1 5c f1 93 9c 0d ff 00,"ウルがそんな知識に
くわしいなんて…
ちょっと意外だな","울이 그런 지식에
밝다니…
조금 의외네.",UNASSIGNED,ユウキ,"[{""offset"":-5,""raw_hex"":""02 0e 00 0b 00"",""kind"":""MESSAGE_HEADER"",""opcode"":2,""argument"":11},{""offset"":12,""raw_hex"":""08"",""kind"":""LINE_BREAK""},{""offset"":21,""raw_hex"":""08"",""kind"":""LINE_BREAK""},{""offset"":32,""raw_hex"":""0d ff 00"",""kind"":""MESSAGE_END""}]",REVIEW_1,NO,CHARACTER_GUIDE v0.1 적용. context-v1 복원 원문 1차 번역.,SUPPORTED: structured scenario command; header FACE slot maps to face_yuuki_12; runtime display not yet checked. PROVEN: byte-identical source command exists at the same path and offsets on Disc 2. SUPPORTED: context-v1 glyph 복원; 런타임 원문 검증 전. TERM: 버스피어·파스·도박장.,"ウルがそんな知識に
くわしいなんて<G0026>
ちょっと意<G01DC>だな",SUPPORTED,"0026,01DC",NONE,
SCN_10214102_00740000_0106,SCENARIO,scenario_message,DATA/10214102.MDZ,DATA/10214102.MDT,0x00740000,10214102,105,0x004d8a93,0x004d8a8e,8b b5 75 21 b4 a0 8a bc 97 f5 70 f1 43 08 53 56 57 52 53 7e 84 bd 58 53 a1 44 0d ff 00,"じゃあ、ものしり博士！
26722かける82は？","그럼 박사님!
26722 곱하기 82는?",UNASSIGNED,ユウキ,"[{""offset"":-5,""raw_hex"":""02 0e 00 01 00"",""kind"":""MESSAGE_HEADER"",""opcode"":2,""argument"":1},{""offset"":13,""raw_hex"":""08"",""kind"":""LINE_BREAK""},{""offset"":26,""raw_hex"":""0d ff 00"",""kind"":""MESSAGE_END""}]",REVIEW_1,NO,CHARACTER_GUIDE v0.1 적용. context-v1 복원 원문 1차 번역.,SUPPORTED: structured scenario command; header FACE slot maps to face_yuuki_02; runtime display not yet checked. PROVEN: byte-identical source command exists at the same path and offsets on Disc 2. SUPPORTED: context-v1 glyph 복원; 런타임 원문 검증 전. TERM: 버스피어·파스·도박장.,"じゃあ<G0001>ものしり<G0557>士！
<G0033><G0036><G0037>2<G0033>かける<G0038><G0033>は？",SUPPORTED,"0001,0033",SUPPORTED,"0036,0037,0038,0557"
SCN_10214102_00740000_0107,SCENARIO,scenario_message,DATA/10214102.MDZ,DATA/10214102.MDT,0x00740000,10214102,106,0x004d8b2e,0x004d8b29,90 c2 9c 9d 8b f5 c2 99 46 08 77 8b c0 bd 8a 98 08 87 b3 c2 9c 21 c8 3d f0 0d ff 00,"そんなに悩んで…
いじわるして
ごめんな、ウル","그렇게 고민하다니…
짓궂게 굴어서
미안해, 울.",UNASSIGNED,ユウキ,"[{""offset"":-5,""raw_hex"":""02 0e 00 08 00"",""kind"":""MESSAGE_HEADER"",""opcode"":2,""argument"":8},{""offset"":9,""raw_hex"":""08"",""kind"":""LINE_BREAK""},{""offset"":16,""raw_hex"":""08"",""kind"":""LINE_BREAK""},{""offset"":25,""raw_hex"":""0d ff 00"",""kind"":""MESSAGE_END""}]",REVIEW_1,NO,CHARACTER_GUIDE v0.1 적용. context-v1 복원 원문 1차 번역.,SUPPORTED: structured scenario command; header FACE slot maps to face_yuuki_09; runtime display not yet checked. PROVEN: byte-identical source command exists at the same path and offsets on Disc 2. SUPPORTED: context-v1 glyph 복원; 런타임 원문 검증 전. TERM: 버스피어·파스·도박장.,"そんなに<G054B>んで<G0026>
いじわるして
ごめんな<G0001>ウル",SUPPORTED,"0001,0026,054B",NONE,
SCN_10214102_00740000_0108,SCENARIO,scenario_message,DATA/10214102.MDZ,DATA/10214102.MDT,0x00740000,10214102,107,0x004d8b75,0x004d8b70,75 f0 bc 9e f2 a0 e3 24 f0 db d3 7e 46 08 9c c2 7e 60 f2 99 f5 90 79 93 9c 08 c8 3d f0 46 21 64 f0 a0 8c f0 80 08 c8 f5 7e 8e 98 82 be ba 0d ff 00,"渡り鳥のチビスケか…
なんか面白そうだな
ウル…、話の続き
聞かせてくれよ","철새 꼬맹이라…
왠지 재미있을 것 같네
울… 이야기의 뒷부분을
들려줘.",UNASSIGNED,ユウキ,"[{""offset"":-5,""raw_hex"":""02 0e 00 02 00"",""kind"":""MESSAGE_HEADER"",""opcode"":2,""argument"":2},{""offset"":13,""raw_hex"":""08"",""kind"":""LINE_BREAK""},{""offset"":25,""raw_hex"":""08"",""kind"":""LINE_BREAK""},{""offset"":37,""raw_hex"":""08"",""kind"":""LINE_BREAK""},{""offset"":46,""raw_hex"":""0d ff 00"",""kind"":""MESSAGE_END""}]",REVIEW_1,NO,CHARACTER_GUIDE v0.1 적용. context-v1 복원 원문 1차 번역.,SUPPORTED: structured scenario command; header FACE slot maps to face_yuuki_03; runtime display not yet checked. PROVEN: byte-identical source command exists at the same path and offsets on Disc 2. SUPPORTED: context-v1 glyph 복원; 런타임 원문 검증 전. TERM: 버스피어·파스·도박장.,"渡り鳥のチビスケか<G0026>
なんか面白そうだな
ウル<G0026><G0001><G0114>の<G013C>き
聞かせてくれよ",SUPPORTED,"0001,0026,0114,013C",NONE,
SCN_10214102_00740000_0109,SCENARIO,scenario_message,DATA/10214102.MDZ,DATA/10214102.MDT,0x00740000,10214102,108,0x004d8c08,0x004d8c03,c8 3d f0 21 90 79 ce e5 ce e5 08 c3 f4 ab c2 9c ba 46 08 34 f5 95 98 bd 7e bb 08 b8 95 82 bc c3 f4 ab bf 95 98 46 0d ff 00,"ウル、そうガツガツ
食べんなよ…
待ってるから
ゆっくり食べろって…","울, 그렇게 허겁지겁
먹지 마…
기다리고 있을 테니까
천천히 먹으라니까…",UNASSIGNED,ユウキ,"[{""offset"":-5,""raw_hex"":""02 0e 00 08 00"",""kind"":""MESSAGE_HEADER"",""opcode"":2,""argument"":8},{""offset"":10,""raw_hex"":""08"",""kind"":""LINE_BREAK""},{""offset"":18,""raw_hex"":""08"",""kind"":""LINE_BREAK""},{""offset"":26,""raw_hex"":""08"",""kind"":""LINE_BREAK""},{""offset"":38,""raw_hex"":""0d ff 00"",""kind"":""MESSAGE_END""}]",REVIEW_1,NO,CHARACTER_GUIDE v0.1 적용. context-v1 복원 원문 1차 번역.,SUPPORTED: structured scenario command; header FACE slot maps to face_yuuki_09; runtime display not yet checked. PROVEN: byte-identical source command exists at the same path and offsets on Disc 2. SUPPORTED: context-v1 glyph 복원; 런타임 원문 검증 전. TERM: 버스피어·파스·도박장.,"ウル<G0001>そうガツガツ
食べんなよ<G0026>
<G04F4>ってるから
ゆっくり食べろって<G0026>",SUPPORTED,"0001,0026,04F4",NONE,
SCN_10214102_00740000_0110,SCENARIO,scenario_message,DATA/10214102.MDZ,DATA/10214102.MDT,0x00740000,10214102,109,0x004d8c52,0x004d8c4d,85 95 a9 8a 9c 7f bb 08 64 f0 8c 86 9a 8b b5 9c 77 93 bf 21 c8 3d f0 46 0d ff 00,"げっぶしながら
話すことじゃないだろ、ウル…","트림하면서
말할 건 아니잖아, 울…",UNASSIGNED,ユウキ,"[{""offset"":-5,""raw_hex"":""02 0e 00 08 00"",""kind"":""MESSAGE_HEADER"",""opcode"":2,""argument"":8},{""offset"":7,""raw_hex"":""08"",""kind"":""LINE_BREAK""},{""offset"":24,""raw_hex"":""0d ff 00"",""kind"":""MESSAGE_END""}]",REVIEW_1,NO,CHARACTER_GUIDE v0.1 적용. context-v1 복원 원문 1차 번역.,SUPPORTED: structured scenario command; header FACE slot maps to face_yuuki_09; runtime display not yet checked. PROVEN: byte-identical source command exists at the same path and offsets on Disc 2. SUPPORTED: context-v1 glyph 복원; 런타임 원문 검증 전. TERM: 버스피어·파스·도박장.,"げっ<G0089>しながら
<G0114>すことじゃないだろ<G0001>ウル<G0026>",SUPPORTED,"0001,0026,0114",SUPPORTED,0089
SCN_10214102_00740000_0111,SCENARIO,scenario_message,DATA/10214102.MDZ,DATA/10214102.MDT,0x00740000,10214102,110,0x004d8c97,0x004d8c92,99 b4 46 08 a9 f4 84 9c 7e 95 92 95 98 c0 bc 9d a1 08 53 84 f2 b4 a1 f0 98 92 c2 93 9c 08 e3 24 f0 db d3 a0 86 9a 46 0d ff 00,"でも…
助けなかったってわりには
2日も見てたんだな
チビスケのこと…","그래도…
도와주지 않았다기엔
이틀이나 지켜보고 있었네
그 꼬맹이를…",UNASSIGNED,ユウキ,"[{""offset"":-5,""raw_hex"":""02 0e 00 02 00"",""kind"":""MESSAGE_HEADER"",""opcode"":2,""argument"":2},{""offset"":3,""raw_hex"":""08"",""kind"":""LINE_BREAK""},{""offset"":17,""raw_hex"":""08"",""kind"":""LINE_BREAK""},{""offset"":29,""raw_hex"":""08"",""kind"":""LINE_BREAK""},{""offset"":39,""raw_hex"":""0d ff 00"",""kind"":""MESSAGE_END""}]",REVIEW_1,NO,CHARACTER_GUIDE v0.1 적용. context-v1 복원 원문 1차 번역.,SUPPORTED: structured scenario command; header FACE slot maps to face_yuuki_03; runtime display not yet checked. PROVEN: byte-identical source command exists at the same path and offsets on Disc 2. SUPPORTED: context-v1 glyph 복원; 런타임 원문 검증 전. TERM: 버스피어·파스·도박장.,"でも<G0026>
<G0499>けなかったってわりには
<G0033><G02D4>も見てたんだな
チビスケのこと<G0026>",SUPPORTED,"0026,0033,02D4,0499",NONE,
SCN_10214102_00740000_0112,SCENARIO,scenario_message,DATA/10214102.MDZ,DATA/10214102.MDT,0x00740000,10214102,111,0x004d8d1b,0x004d8d16,90 95 7e 46 08 90 be 99 a9 f4 84 8d 9d 08 d6 f2 d7 f2 8a 98 92 c2 93 9c 46 0d ff 00,"そっか…
それで助けずに
応援してたんだな…","그렇구나…
그래서 도와주지는 않고
응원하고 있었던 거구나…",UNASSIGNED,ユウキ,"[{""offset"":-5,""raw_hex"":""02 0e 00 02 00"",""kind"":""MESSAGE_HEADER"",""opcode"":2,""argument"":2},{""offset"":4,""raw_hex"":""08"",""kind"":""LINE_BREAK""},{""offset"":13,""raw_hex"":""08"",""kind"":""LINE_BREAK""},{""offset"":25,""raw_hex"":""0d ff 00"",""kind"":""MESSAGE_END""}]",REVIEW_1,NO,CHARACTER_GUIDE v0.1 적용. context-v1 복원 원문 1차 번역.,SUPPORTED: structured scenario command; header FACE slot maps to face_yuuki_03; runtime display not yet checked. PROVEN: byte-identical source command exists at the same path and offsets on Disc 2. SUPPORTED: context-v1 glyph 복원; 런타임 원문 검증 전. TERM: 버스피어·파스·도박장.,"そっか<G0026>
それで<G0499>けずに
応<G0327>してたんだな<G0026>",SUPPORTED,"0026,0327,0499",NONE,
SCN_10214102_00740000_0113,SCENARIO,scenario_message,DATA/10214102.MDZ,DATA/10214102.MDT,0x00740000,10214102,112,0x004d8d51,0x004d8d4c,c8 3d f0 46 08 53 84 f2 ca f2 21 e3 24 f0 db d3 a0 86 9a 08 d6 f2 d7 f2 8a 98 92 c2 93 9c 46 0d ff 00,"ウル…
2日間、チビスケのこと
応援してたんだな…","울…
이틀 동안 그 꼬맹이를
응원하고 있었구나…",UNASSIGNED,ユウキ,"[{""offset"":-5,""raw_hex"":""02 0e 00 02 00"",""kind"":""MESSAGE_HEADER"",""opcode"":2,""argument"":2},{""offset"":4,""raw_hex"":""08"",""kind"":""LINE_BREAK""},{""offset"":19,""raw_hex"":""08"",""kind"":""LINE_BREAK""},{""offset"":31,""raw_hex"":""0d ff 00"",""kind"":""MESSAGE_END""}]",REVIEW_1,NO,CHARACTER_GUIDE v0.1 적용. context-v1 복원 원문 1차 번역.,SUPPORTED: structured scenario command; header FACE slot maps to face_yuuki_03; runtime display not yet checked. PROVEN: byte-identical source command exists at the same path and offsets on Disc 2. SUPPORTED: context-v1 glyph 복원; 런타임 원문 검증 전. TERM: 버스피어·파스·도박장.,"ウル<G0026>
<G0033><G02D4>間<G0001>チビスケのこと
応<G0327>してたんだな<G0026>",SUPPORTED,"0001,0026,0033,02D4,0327",NONE,
SCN_10214102_00740000_0114,SCENARIO,scenario_message,DATA/10214102.MDZ,DATA/10214102.MDT,0x00740000,10214102,113,0x004d8d94,0x004d8d8f,ce 3a f0 21 f0 3c f0 c5 f0 a0 08 e3 24 f0 db d3 92 94 7f c1 f1 80 98 bd 99 f2 46 08 cc 3e f0 92 94 7f ad f1 bb 9c 77 9a 9c 08 90 bf 90 bf 46 21 42 f1 82 7e 44 0d ff 00,"ガンバリ屋の
チビスケたちが生きてる空…
オレたちが守らないとな
そろそろ…、行くか？","열심히 살아가는
꼬맹이들이 살아가는 하늘…
우리가 지켜야 해
슬슬… 갈까?",UNASSIGNED,ユウキ,"[{""offset"":-5,""raw_hex"":""02 0e 00 02 00"",""kind"":""MESSAGE_HEADER"",""opcode"":2,""argument"":2},{""offset"":10,""raw_hex"":""08"",""kind"":""LINE_BREAK""},{""offset"":27,""raw_hex"":""08"",""kind"":""LINE_BREAK""},{""offset"":41,""raw_hex"":""08"",""kind"":""LINE_BREAK""},{""offset"":53,""raw_hex"":""0d ff 00"",""kind"":""MESSAGE_END""}]",REVIEW_1,NO,CHARACTER_GUIDE v0.1 적용. context-v1 복원 원문 1차 번역.,SUPPORTED: structured scenario command; header FACE slot maps to face_yuuki_03; runtime display not yet checked. PROVEN: byte-identical source command exists at the same path and offsets on Disc 2. SUPPORTED: context-v1 glyph 복원; 런타임 원문 검증 전. TERM: 버스피어·파스·도박장.,"ガンバリ<G0175>の
チビスケたちが生きてる空<G0026>
オレたちが守らないとな
そろそろ<G0026><G0001>行くか？",SUPPORTED,"0001,0026,0175",NONE,
SCN_10214102_00740000_0115,SCENARIO,scenario_message,DATA/10214102.MDZ,DATA/10214102.MDT,0x00740000,10214102,114,0x004d8e37,0x004d8e32,77 77 8f 46 08 b0 74 27 f1 94 4a f2 77 98 08 ba 82 7e c2 99 c3 f4 ab bf ba 46 0d ff 00,"いいよ…
まぁ落ち着いて
よくかんで食べろよ…","그래…
자, 진정하고
잘 씹어 먹어…",UNASSIGNED,ユウキ,"[{""offset"":-5,""raw_hex"":""02 0e 00 08 00"",""kind"":""MESSAGE_HEADER"",""opcode"":2,""argument"":8},{""offset"":4,""raw_hex"":""08"",""kind"":""LINE_BREAK""},{""offset"":14,""raw_hex"":""08"",""kind"":""LINE_BREAK""},{""offset"":26,""raw_hex"":""0d ff 00"",""kind"":""MESSAGE_END""}]",REVIEW_1,NO,CHARACTER_GUIDE v0.1 적용. context-v1 복원 원문 1차 번역.,SUPPORTED: structured scenario command; header FACE slot maps to face_yuuki_09; runtime display not yet checked. PROVEN: byte-identical source command exists at the same path and offsets on Disc 2. SUPPORTED: context-v1 glyph 복원; 런타임 원문 검증 전. TERM: 버스피어·파스·도박장.,"いい<G006F><G0026>
ま<G0054>落ち着いて
よくかんで食べろよ<G0026>",SUPPORTED,"0026,0054,006F",NONE,
SCN_10214102_00740000_0117,SCENARIO,scenario_message,DATA/10214102.MDZ,DATA/10214102.MDT,0x00740000,10214102,116,0x004d92f0,0x004d92eb,6a f2 7f 84 a0 46 21 8d f0 26 f0 3b f0 c6 e9 7e 46 0d ff 00,命がけの…、初フライトか…,목숨을 건… 첫 비행인가…,UNASSIGNED,ユウキ,"[{""offset"":-5,""raw_hex"":""02 0e 00 0a 00"",""kind"":""MESSAGE_HEADER"",""opcode"":2,""argument"":10},{""offset"":17,""raw_hex"":""0d ff 00"",""kind"":""MESSAGE_END""}]",REVIEW_1,NO,CHARACTER_GUIDE v0.1 적용. context-v1 복원 원문 1차 번역.,SUPPORTED: structured scenario command; header FACE slot maps to face_yuuki_11; runtime display not yet checked. PROVEN: byte-identical source command exists at the same path and offsets on Disc 2. SUPPORTED: context-v1 glyph 복원; 런타임 원문 검증 전. TERM: 버스피어·파스·도박장.,命がけの<G0026><G0001>初フライトか<G0026>,SUPPORTED,"0001,0026",NONE,
SCN_10214102_00740000_0118,SCENARIO,scenario_message,DATA/10214102.MDZ,DATA/10214102.MDT,0x00740000,10214102,117,0x004d9556,0x004d9551,99 b4 88 46 21 9b 95 94 7f 08 75 f2 95 98 7b f0 7e bd a0 7e 44 0d ff 00,"でもさ…、どっちが
南って分かるのか？","그런데… 어느 쪽이
남쪽인지 알 수 있어?",UNASSIGNED,ユウキ,"[{""offset"":-5,""raw_hex"":""02 0e 00 0b 00"",""kind"":""MESSAGE_HEADER"",""opcode"":2,""argument"":11},{""offset"":9,""raw_hex"":""08"",""kind"":""LINE_BREAK""},{""offset"":21,""raw_hex"":""0d ff 00"",""kind"":""MESSAGE_END""}]",REVIEW_1,NO,CHARACTER_GUIDE v0.1 적용. context-v1 복원 원문 1차 번역.,SUPPORTED: structured scenario command; header FACE slot maps to face_yuuki_12; runtime display not yet checked. PROVEN: byte-identical source command exists at the same path and offsets on Disc 2. SUPPORTED: context-v1 glyph 복원; 런타임 원문 검증 전. TERM: 버스피어·파스·도박장.,"でもさ<G0026><G0001>どっちが
<G02C5>って分かるのか？",SUPPORTED,"0001,0026",SUPPORTED,02C5
SCN_10214102_00740000_0119,SCENARIO,scenario_message,DATA/10214102.MDZ,DATA/10214102.MDT,0x00740000,10214102,118,0x004d966b,0x004d9666,85 95 21 90 c2 9c 9d 43 08 c8 3d f0 ca f5 a0 c3 f4 77 8a c2 ae 79 93 9c 0d ff 00,"げっ、そんなに！
ウル並の食いしんぼうだな","헉, 그렇게나 많이!
울 못지않은 먹보네.",UNASSIGNED,ユウキ,"[{""offset"":-5,""raw_hex"":""02 0e 00 06 00"",""kind"":""MESSAGE_HEADER"",""opcode"":2,""argument"":6},{""offset"":8,""raw_hex"":""08"",""kind"":""LINE_BREAK""},{""offset"":24,""raw_hex"":""0d ff 00"",""kind"":""MESSAGE_END""}]",REVIEW_1,NO,CHARACTER_GUIDE v0.1 적용. context-v1 복원 원문 1차 번역.,SUPPORTED: structured scenario command; header FACE slot maps to face_yuuki_07; runtime display not yet checked. PROVEN: byte-identical source command exists at the same path and offsets on Disc 2. SUPPORTED: context-v1 glyph 복원; 런타임 원문 검증 전. TERM: 버스피어·파스·도박장.,"げっ<G0001>そんなに！
ウル<G058A>の食いしんぼうだな",SUPPORTED,"0001,058A",NONE,
SCN_10214102_00740000_0120,SCENARIO,scenario_message,DATA/10214102.MDZ,DATA/10214102.MDT,0x00740000,10214102,119,0x004da06d,0x004da068,39 f0 c8 e9 46 21 7e 0d ff 00,ヨウト…、か,요우토…인가.,UNASSIGNED,ユウキ,"[{""offset"":-5,""raw_hex"":""02 0e 00 05 00"",""kind"":""MESSAGE_HEADER"",""opcode"":2,""argument"":5},{""offset"":7,""raw_hex"":""0d ff 00"",""kind"":""MESSAGE_END""}]",REVIEW_1,NO,CHARACTER_GUIDE v0.1 적용. context-v1 복원 원문 1차 번역.,SUPPORTED: structured scenario command; header FACE slot maps to face_yuuki_06; runtime display not yet checked. PROVEN: byte-identical source command exists at the same path and offsets on Disc 2. SUPPORTED: context-v1 glyph 복원; 런타임 원문 검증 전. TERM: 버스피어·파스·도박장.,ヨウト<G0026><G0001>か,SUPPORTED,"0001,0026",NONE,
SCN_10214102_00740000_0121,SCENARIO,scenario_message,DATA/10214102.MDZ,DATA/10214102.MDT,0x00740000,10214102,120,0x004da097,0x004da092,37 f2 9e f4 b4 c8 3d f0 92 94 2d f2 bc d7 f0 b4 08 b4 79 80 f3 4f f3 4a f1 b4 21 86 a0 eb f2 97 f2 c1 08 ad f1 95 98 80 92 c2 93 b4 c2 9c 46 0d ff 00,"聖獣もウルたち護り人も
もう何百年も、この世界を
守ってきたんだもんな…","성수도 울 같은 수호자들도
수백 년 동안 이 세계를
지켜 온 거구나…",UNASSIGNED,アルフィナ,"[{""offset"":-5,""raw_hex"":""02 0e 00 0c 00"",""kind"":""MESSAGE_HEADER"",""opcode"":2,""argument"":12},{""offset"":16,""raw_hex"":""08"",""kind"":""LINE_BREAK""},{""offset"":34,""raw_hex"":""08"",""kind"":""LINE_BREAK""},{""offset"":47,""raw_hex"":""0d ff 00"",""kind"":""MESSAGE_END""}]",REVIEW_1,NO,CHARACTER_GUIDE v0.1 적용. context-v1 복원 원문 1차 번역.,SUPPORTED: structured scenario command; header FACE slot maps to face_alfina_01; runtime display not yet checked. PROVEN: byte-identical source command exists at the same path and offsets on Disc 2. SUPPORTED: context-v1 glyph 복원; 런타임 원문 검증 전. TERM: 버스피어·파스·도박장.,"聖獣もウルたち護り人も
もう何<G036F><G01CA>も<G0001>この世界を
守ってきたんだもんな<G0026>",SUPPORTED,"0001,0026,01CA",SUPPORTED,036F
SCN_10214102_00740000_0122,SCENARIO,scenario_message,DATA/10214102.MDZ,DATA/10214102.MDT,0x00740000,10214102,121,0x004da0e9,0x004da0e4,75 77 96 7f 21 90 c2 9c 24 f1 9d 08 6d f2 c1 47 f2 8a 98 92 9c c2 98 46 08 8f c2 8f c2 21 f5 2c f5 99 80 9c 77 9c 46 0d ff 00,"あいつが、そんな風に
涙を流してたなんて…
ぜんぜん想像できないな…","그 녀석이 그렇게
눈물을 흘렸다니…
정말 상상도 안 되네…",UNASSIGNED,ユウキ,"[{""offset"":-5,""raw_hex"":""02 0e 00 05 00"",""kind"":""MESSAGE_HEADER"",""opcode"":2,""argument"":5},{""offset"":11,""raw_hex"":""08"",""kind"":""LINE_BREAK""},{""offset"":24,""raw_hex"":""08"",""kind"":""LINE_BREAK""},{""offset"":39,""raw_hex"":""0d ff 00"",""kind"":""MESSAGE_END""}]",REVIEW_1,NO,CHARACTER_GUIDE v0.1 적용. context-v1 복원 원문 1차 번역.,SUPPORTED: structured scenario command; header FACE slot maps to face_yuuki_06; runtime display not yet checked. PROVEN: byte-identical source command exists at the same path and offsets on Disc 2. SUPPORTED: context-v1 glyph 복원; 런타임 원문 검증 전. TERM: 버스피어·파스·도박장.,"あいつが<G0001>そんな風に
<G02BD>を流してたなんて<G0026>
<G006F>ん<G006F>ん<G04E1><G04EC>できないな<G0026>",SUPPORTED,"0001,0026,006F,02BD,04E1,04EC",NONE,
SCN_10214102_00740000_0123,SCENARIO,scenario_message,DATA/10214102.MDZ,DATA/10214102.MDT,0x00740000,10214102,122,0x004da133,0x004da12e,5a f0 46 21 7e 0d ff 00,敵…、か,적…인가.,UNASSIGNED,アルフィナ,"[{""offset"":-5,""raw_hex"":""02 0e 00 0c 00"",""kind"":""MESSAGE_HEADER"",""opcode"":2,""argument"":12},{""offset"":5,""raw_hex"":""0d ff 00"",""kind"":""MESSAGE_END""}]",REVIEW_1,NO,CHARACTER_GUIDE v0.1 적용. context-v1 복원 원문 1차 번역.,SUPPORTED: structured scenario command; header FACE slot maps to face_alfina_01; runtime display not yet checked. PROVEN: byte-identical source command exists at the same path and offsets on Disc 2. SUPPORTED: context-v1 glyph 복원; 런타임 원문 검증 전. TERM: 버스피어·파스·도박장.,敵<G0026><G0001>か,SUPPORTED,"0001,0026",NONE,
SCN_10214102_00740000_0125,SCENARIO,scenario_message,DATA/10214102.MDZ,DATA/10214102.MDT,0x00740000,10214102,124,0x004da1fb,0x004da1f6,75 a0 a7 92 bc a1 08 92 8a 7e 9d 3d f2 3e f2 7f 94 7f 95 98 92 08 93 84 9b 46 43 0d ff 00,"あのふたりは
たしかに次元がちがってた
だけど…！","그 두 사람은
확실히 차원이 달랐어
하지만…!",UNASSIGNED,ユウキ,"[{""offset"":-5,""raw_hex"":""02 0e 00 07 00"",""kind"":""MESSAGE_HEADER"",""opcode"":2,""argument"":7},{""offset"":6,""raw_hex"":""08"",""kind"":""LINE_BREAK""},{""offset"":21,""raw_hex"":""08"",""kind"":""LINE_BREAK""},{""offset"":27,""raw_hex"":""0d ff 00"",""kind"":""MESSAGE_END""}]",REVIEW_1,NO,CHARACTER_GUIDE v0.1 적용. context-v1 복원 원문 1차 번역.,SUPPORTED: structured scenario command; header FACE slot maps to face_yuuki_08; runtime display not yet checked. PROVEN: byte-identical source command exists at the same path and offsets on Disc 2. SUPPORTED: context-v1 glyph 복원; 런타임 원문 검증 전. TERM: 버스피어·파스·도박장.,"あのふたりは
たしかに次元がちがってた
だけど<G0026>！",SUPPORTED,0026,NONE,
SCN_10214102_00740000_0126,SCENARIO,scenario_message,DATA/10214102.MDZ,DATA/10214102.MDT,0x00740000,10214102,125,0x004da24f,0x004da24a,88 95 21 c4 f5 b4 77 95 a3 77 9d 9c 95 92 43 08 54 f1 e5 f1 a0 37 f2 9e f4 9d 63 f0 77 9d 42 f1 86 79 08 c4 3d f0 26 f0 c5 eb 43 21 90 a0 2c f1 9d 22 f2 7f 08 80 95 9a a1 f0 96 7e bd a1 8d 88 43 0d ff 00,"さっ、腹もいっぱいになった！
最後の聖獣に会いに行こう
アルフィナ！、その先に光が
きっと見つかるはずさ！","자, 배도 부르겠다!
마지막 성수를 만나러 가자
알피나! 그 앞에서 빛을
분명 찾을 수 있을 거야!",UNASSIGNED,ユウキ,"[{""offset"":-5,""raw_hex"":""02 0e 00 0a 00"",""kind"":""MESSAGE_HEADER"",""opcode"":2,""argument"":10},{""offset"":15,""raw_hex"":""08"",""kind"":""LINE_BREAK""},{""offset"":34,""raw_hex"":""08"",""kind"":""LINE_BREAK""},{""offset"":52,""raw_hex"":""08"",""kind"":""LINE_BREAK""},{""offset"":65,""raw_hex"":""0d ff 00"",""kind"":""MESSAGE_END""}]",REVIEW_1,NO,CHARACTER_GUIDE v0.1 적용. context-v1 복원 원문 1차 번역.,SUPPORTED: structured scenario command; header FACE slot maps to face_yuuki_11; runtime display not yet checked. PROVEN: byte-identical source command exists at the same path and offsets on Disc 2. SUPPORTED: context-v1 glyph 복원; 런타임 원문 검증 전. TERM: 버스피어·파스·도박장.,"さっ<G0001><G0584>もいっ<G0083>いになった！
<G01D4>後の聖獣に<G0113>いに行こう
アルフィナ！<G0001>その先に光が
きっと見つかるはずさ！",SUPPORTED,"0001,0083,0113,01D4,0584",NONE,
SCN_10214102_00740000_0127,SCENARIO,scenario_message,DATA/10214102.MDZ,DATA/10214102.MDT,0x00740000,10214102,126,0x004da307,0x004da302,75 75 21 b4 94 bf c2 43 0d ff 00,ああ、もちろん！,"그래, 물론이지!",UNASSIGNED,ユウキ,"[{""offset"":-5,""raw_hex"":""02 0e 00 02 00"",""kind"":""MESSAGE_HEADER"",""opcode"":2,""argument"":2},{""offset"":8,""raw_hex"":""0d ff 00"",""kind"":""MESSAGE_END""}]",REVIEW_1,NO,CHARACTER_GUIDE v0.1 적용. context-v1 복원 원문 1차 번역.,SUPPORTED: structured scenario command; header FACE slot maps to face_yuuki_03; runtime display not yet checked. PROVEN: byte-identical source command exists at the same path and offsets on Disc 2. SUPPORTED: context-v1 glyph 복원; 런타임 원문 검증 전. TERM: 버스피어·파스·도박장.,ああ<G0001>もちろん！,SUPPORTED,0001,NONE,
SCN_10214102_00740000_0128,SCENARIO,scenario_message,DATA/10214102.MDZ,DATA/10214102.MDT,0x00740000,10214102,127,0x004da389,0x004da384,88 95 21 c4 f5 b4 77 95 a3 77 9d 9c 95 92 43 08 e0 47 3a f0 c1 73 f5 8a 9d 46 08 42 f1 86 79 8f 21 b1 c2 9c 43 08 99 f2 a0 ab f5 5c f0 46 21 db 3d f0 2f f0 ec c4 9d 43 0d ff 00,"さっ、腹もいっぱいになった！
ゾーンを倒しに…
行こうよ、みんな！
空の彼方…、スルマニアに！","자, 배도 부르겠다!
존을 쓰러뜨리러…
가자, 모두!
하늘 저편… 수르마니아로!",UNASSIGNED,ユウキ,"[{""offset"":-5,""raw_hex"":""02 0e 00 01 00"",""kind"":""MESSAGE_HEADER"",""opcode"":2,""argument"":1},{""offset"":15,""raw_hex"":""08"",""kind"":""LINE_BREAK""},{""offset"":26,""raw_hex"":""08"",""kind"":""LINE_BREAK""},{""offset"":37,""raw_hex"":""08"",""kind"":""LINE_BREAK""},{""offset"":56,""raw_hex"":""0d ff 00"",""kind"":""MESSAGE_END""}]",REVIEW_1,NO,CHARACTER_GUIDE v0.1 적용. context-v1 복원 원문 1차 번역.,SUPPORTED: structured scenario command; header FACE slot maps to face_yuuki_02; runtime display not yet checked. PROVEN: byte-identical source command exists at the same path and offsets on Disc 2. SUPPORTED: context-v1 glyph 복원; 런타임 원문 검증 전. TERM: 버스피어·파스·도박장.,"さっ<G0001><G0584>もいっ<G0083>いになった！
ゾーンを倒しに<G0026>
行こう<G006F><G0001>みんな！
空の彼方<G0026><G0001>スルマニアに！",SUPPORTED,"0001,0026,006F,0083,0584",NONE,
SCN_10214102_00740000_0129,SCENARIO,scenario_message,DATA/10214102.MDZ,DATA/10214102.MDT,0x00740000,10214102,128,0x004da434,0x004da42f,75 75 21 b4 94 bf c2 43 0d ff 00,ああ、もちろん！,"그래, 물론이지!",UNASSIGNED,ユウキ,"[{""offset"":-5,""raw_hex"":""02 0e 00 02 00"",""kind"":""MESSAGE_HEADER"",""opcode"":2,""argument"":2},{""offset"":8,""raw_hex"":""0d ff 00"",""kind"":""MESSAGE_END""}]",REVIEW_1,NO,CHARACTER_GUIDE v0.1 적용. context-v1 복원 원문 1차 번역.,SUPPORTED: structured scenario command; header FACE slot maps to face_yuuki_03; runtime display not yet checked. PROVEN: byte-identical source command exists at the same path and offsets on Disc 2. SUPPORTED: context-v1 glyph 복원; 런타임 원문 검증 전. TERM: 버스피어·파스·도박장.,ああ<G0001>もちろん！,SUPPORTED,0001,NONE,
SCN_10214102_00740000_0133,SCENARIO,scenario_message,DATA/10214102.MDZ,DATA/10214102.MDT,0x00740000,10214102,132,0x004dabdf,0x004dabda,58 2d f1 52 95 98 44 08 26 f5 7d f0 a1 ca 32 f0 3c f0 c8 db 9a 08 e0 47 3a f0 93 9a 8a 98 46 0d ff 00,"8対2って？
相手はエメリウスと
ゾーンだとして…","8 대 2라고?
상대가 에메리우스와
존이라고 해도…",UNASSIGNED,ユウキ,"[{""offset"":-5,""raw_hex"":""02 0e 00 0b 00"",""kind"":""MESSAGE_HEADER"",""opcode"":2,""argument"":11},{""offset"":7,""raw_hex"":""08"",""kind"":""LINE_BREAK""},{""offset"":21,""raw_hex"":""08"",""kind"":""LINE_BREAK""},{""offset"":31,""raw_hex"":""0d ff 00"",""kind"":""MESSAGE_END""}]",REVIEW_1,NO,CHARACTER_GUIDE v0.1 적용. context-v1 복원 원문 1차 번역.,SUPPORTED: structured scenario command; header FACE slot maps to face_yuuki_12; runtime display not yet checked. PROVEN: byte-identical source command exists at the same path and offsets on Disc 2. SUPPORTED: context-v1 glyph 복원; 런타임 원문 검증 전. TERM: 버스피어·파스·도박장.,"<G0038>対2って？
<G04E6>手はエメリウスと
ゾーンだとして<G0026>",SUPPORTED,"0026,04E6",SUPPORTED,0038
SCN_10214102_00740000_0134,SCENARIO,scenario_message,DATA/10214102.MDZ,DATA/10214102.MDT,0x00740000,10214102,133,0x004dad34,0x004dad2f,59 2d f1 52 95 98 44 08 26 f5 7d f0 a1 ca 32 f0 3c f0 c8 db 9a 08 e0 47 3a f0 93 9a 8a 98 46 0d ff 00,"9対2って？
相手はエメリウスと
ゾーンだとして…","9 대 2라고?
상대가 에메리우스와
존이라고 해도…",UNASSIGNED,ユウキ,"[{""offset"":-5,""raw_hex"":""02 0e 00 0b 00"",""kind"":""MESSAGE_HEADER"",""opcode"":2,""argument"":11},{""offset"":7,""raw_hex"":""08"",""kind"":""LINE_BREAK""},{""offset"":21,""raw_hex"":""08"",""kind"":""LINE_BREAK""},{""offset"":31,""raw_hex"":""0d ff 00"",""kind"":""MESSAGE_END""}]",REVIEW_1,NO,CHARACTER_GUIDE v0.1 적용. context-v1 복원 원문 1차 번역.,SUPPORTED: structured scenario command; header FACE slot maps to face_yuuki_12; runtime display not yet checked. PROVEN: byte-identical source command exists at the same path and offsets on Disc 2. SUPPORTED: context-v1 glyph 복원; 런타임 원문 검증 전. TERM: 버스피어·파스·도박장.,"<G0039>対2って？
<G04E6>手はエメリウスと
ゾーンだとして<G0026>",SUPPORTED,"0026,04E6",SUPPORTED,0039
SCN_10214102_00740000_0135,SCENARIO,scenario_message,DATA/10214102.MDZ,DATA/10214102.MDT,0x00740000,10214102,134,0x004daf99,0x004daf94,de f4 a1 46 21 9b c2 9c d7 f0 93 95 92 a0 44 0d ff 00,昔は…、どんな人だったの？,예전에는… 어떤 사람이었어?,UNASSIGNED,ユウキ,"[{""offset"":-5,""raw_hex"":""02 0e 00 01 00"",""kind"":""MESSAGE_HEADER"",""opcode"":2,""argument"":1},{""offset"":15,""raw_hex"":""0d ff 00"",""kind"":""MESSAGE_END""}]",REVIEW_1,NO,CHARACTER_GUIDE v0.1 적용. context-v1 복원 원문 1차 번역.,SUPPORTED: structured scenario command; header FACE slot maps to face_yuuki_02; runtime display not yet checked. PROVEN: byte-identical source command exists at the same path and offsets on Disc 2. SUPPORTED: context-v1 glyph 복원; 런타임 원문 검증 전. TERM: 버스피어·파스·도박장.,<G04CE>は<G0026><G0001>どんな人だったの？,SUPPORTED,"0001,0026,04CE",NONE,
SCN_10214102_00740000_0136,SCENARIO,scenario_message,DATA/10214102.MDZ,DATA/10214102.MDT,0x00740000,10214102,135,0x004db0c8,0x004db0c3,90 be 95 98 46 21 ca 32 f0 3c f0 c8 db 92 94 7f 08 21 f0 47 db 97 f2 9d 42 f1 95 92 9a 80 7e 44 08 90 a0 9a 80 21 a7 92 bc 9d 9c 9d 7f 08 75 95 92 c2 93 bf 79 9c 46 0d ff 00,"それって…、エメリウスたちが
バース界に行ったときか？
そのとき、ふたりになにが
あったんだろうな…","그건… 에메리우스 일행이
버스계로 갔을 때인가?
그때 두 사람에게 무슨 일이
있었던 걸까…",UNASSIGNED,アルフィナ,"[{""offset"":-5,""raw_hex"":""02 0e 00 0c 00"",""kind"":""MESSAGE_HEADER"",""opcode"":2,""argument"":12},{""offset"":16,""raw_hex"":""08"",""kind"":""LINE_BREAK""},{""offset"":32,""raw_hex"":""08"",""kind"":""LINE_BREAK""},{""offset"":45,""raw_hex"":""08"",""kind"":""LINE_BREAK""},{""offset"":55,""raw_hex"":""0d ff 00"",""kind"":""MESSAGE_END""}]",REVIEW_1,NO,CHARACTER_GUIDE v0.1 적용. context-v1 복원 원문 1차 번역.,SUPPORTED: structured scenario command; header FACE slot maps to face_alfina_01; runtime display not yet checked. PROVEN: byte-identical source command exists at the same path and offsets on Disc 2. SUPPORTED: context-v1 glyph 복원; 런타임 원문 검증 전. TERM: 버스피어·파스·도박장.,"それって<G0026><G0001>エメリウスたちが
バース界に行ったときか？
そのとき<G0001>ふたりになにが
あったんだろうな<G0026>",SUPPORTED,"0001,0026",NONE,
SCN_10214102_00740000_0137,SCENARIO,scenario_message,DATA/10214102.MDZ,DATA/10214102.MDT,0x00740000,10214102,136,0x004db48e,0x004db489,8c 83 9d a9 f4 84 88 f0 8a 98 b1 8e bd 88 46 08 75 9a 21 b4 79 a6 f0 8a 99 08 c4 3d f0 26 f0 c5 eb 7f 77 bd b1 f0 28 f3 9d 08 92 9b bc 96 84 bd c2 93 46 0d ff 00,"すぐに助け出してみせるさ…
あと、もう少しで
アルフィナがいる場所に
たどりつけるんだ…","곧 구해 내고 말 거야…
조금만 더 가면
알피나가 있는 곳에
도착할 수 있어…",UNASSIGNED,ユウキ,"[{""offset"":-5,""raw_hex"":""02 0e 00 05 00"",""kind"":""MESSAGE_HEADER"",""opcode"":2,""argument"":5},{""offset"":15,""raw_hex"":""08"",""kind"":""LINE_BREAK""},{""offset"":25,""raw_hex"":""08"",""kind"":""LINE_BREAK""},{""offset"":41,""raw_hex"":""08"",""kind"":""LINE_BREAK""},{""offset"":51,""raw_hex"":""0d ff 00"",""kind"":""MESSAGE_END""}]",REVIEW_1,NO,CHARACTER_GUIDE v0.1 적용. context-v1 복원 원문 1차 번역.,SUPPORTED: structured scenario command; header FACE slot maps to face_yuuki_06; runtime display not yet checked. PROVEN: byte-identical source command exists at the same path and offsets on Disc 2. SUPPORTED: context-v1 glyph 복원; 런타임 원문 검증 전. TERM: 버스피어·파스·도박장.,"すぐに<G0499>け出してみせるさ<G0026>
あと<G0001>もう少しで
アルフィナがいる場<G0348>に
たどりつけるんだ<G0026>",SUPPORTED,"0001,0026,0348,0499",NONE,
SCN_10214102_00740000_0138,SCENARIO,scenario_message,DATA/10214102.MDZ,DATA/10214102.MDT,0x00740000,10214102,137,0x004db4d3,0x004db4ce,b6 b3 bd 21 21 08 9f f4 98 f5 8c bd 21 0d ff 00,"やめる、、
宿泊する、","그만둔다,,
숙박한다,",UNASSIGNED,ユウキ,"[{""offset"":-5,""raw_hex"":""02 0e 00 01 00"",""kind"":""MESSAGE_HEADER"",""opcode"":2,""argument"":1},{""offset"":5,""raw_hex"":""08"",""kind"":""LINE_BREAK""},{""offset"":13,""raw_hex"":""0d ff 00"",""kind"":""MESSAGE_END""}]",REVIEW_1,NO,CHARACTER_GUIDE v0.1 적용. context-v1 복원 원문 1차 번역.,SUPPORTED: structured scenario command; header FACE slot maps to face_yuuki_02; runtime display not yet checked. PROVEN: byte-identical source command exists at the same path and offsets on Disc 2. SUPPORTED: context-v1 glyph 복원; 런타임 원문 검증 전. TERM: 버스피어·파스·도박장.,"やめる<G0001><G0001>
宿<G0558>する<G0001>",SUPPORTED,"0001,0558",NONE,
SCN_10214102_00740000_0139,SCENARIO,scenario_message,DATA/10214102.MDZ,DATA/10214102.MDT,0x00740000,10214102,138,0x004db677,0x004db672,b6 b3 bd 21 21 08 9f f4 98 f5 8c bd 21 0d ff 00,"やめる、、
宿泊する、","그만둔다,,
숙박한다,",UNASSIGNED,ユウキ,"[{""offset"":-5,""raw_hex"":""02 0e 00 01 00"",""kind"":""MESSAGE_HEADER"",""opcode"":2,""argument"":1},{""offset"":5,""raw_hex"":""08"",""kind"":""LINE_BREAK""},{""offset"":13,""raw_hex"":""0d ff 00"",""kind"":""MESSAGE_END""}]",REVIEW_1,NO,CHARACTER_GUIDE v0.1 적용. context-v1 복원 원문 1차 번역.,SUPPORTED: structured scenario command; header FACE slot maps to face_yuuki_02; runtime display not yet checked. PROVEN: byte-identical source command exists at the same path and offsets on Disc 2. SUPPORTED: context-v1 glyph 복원; 런타임 원문 검증 전. TERM: 버스피어·파스·도박장.,"やめる<G0001><G0001>
宿<G0558>する<G0001>",SUPPORTED,"0001,0558",NONE,
SCN_10214103_00740000_0073,SCENARIO,scenario_message,DATA/10214103.MDZ,DATA/10214103.MDT,0x00740000,10214103,72,0x004d6770,0x004d676b,75 75 21 90 79 88 43 08 52 51 48 f4 af f3 9a 4d f0 8b f6 9d 08 eb f2 97 f2 dc f2 c1 49 f1 a5 5f f0 bd c2 93 43 0d ff 00,"ああ、そうさ！
21号機と一緒に
世界中を飛び回るんだ！","그래, 맞아!
21호기와 함께
전 세계를 날아다닐 거야!",UNASSIGNED,ユウキ,"[{""offset"":-5,""raw_hex"":""02 0e 00 0a 00"",""kind"":""MESSAGE_HEADER"",""opcode"":2,""argument"":10},{""offset"":7,""raw_hex"":""08"",""kind"":""LINE_BREAK""},{""offset"":20,""raw_hex"":""08"",""kind"":""LINE_BREAK""},{""offset"":37,""raw_hex"":""0d ff 00"",""kind"":""MESSAGE_END""}]",REVIEW_1,NO,CHARACTER_GUIDE v0.1 적용. context-v1 복원 원문 1차 번역.,SUPPORTED: structured scenario command; header FACE slot maps to face_yuuki_11; runtime display not yet checked. PROVEN: byte-identical source command exists at the same path and offsets on Disc 2. SUPPORTED: context-v1 glyph 복원; 런타임 원문 검증 전. TERM: 버스피어·파스·도박장.,"ああ<G0001>そうさ！
21号機と一<G061B>に
世界中を飛び回るんだ！",SUPPORTED,"0001,061B",NONE,
SCN_10214103_00740000_0074,SCENARIO,scenario_message,DATA/10214103.MDZ,DATA/10214103.MDT,0x00740000,10214103,73,0x004d67ef,0x004d67ea,c8 3d f0 46 21 c3 f4 ab bd 7e 64 f0 8c 7e 08 9b 95 94 7e 9d 8a bf ba 46 0d ff 00,"ウル…、食べるか話すか
どっちかにしろよ…","울… 먹든지 말하든지
둘 중 하나만 해…",UNASSIGNED,ユウキ,"[{""offset"":-5,""raw_hex"":""02 0e 00 08 00"",""kind"":""MESSAGE_HEADER"",""opcode"":2,""argument"":8},{""offset"":14,""raw_hex"":""08"",""kind"":""LINE_BREAK""},{""offset"":24,""raw_hex"":""0d ff 00"",""kind"":""MESSAGE_END""}]",REVIEW_1,NO,CHARACTER_GUIDE v0.1 적용. context-v1 복원 원문 1차 번역.,SUPPORTED: structured scenario command; header FACE slot maps to face_yuuki_09; runtime display not yet checked. PROVEN: byte-identical source command exists at the same path and offsets on Disc 2. SUPPORTED: context-v1 glyph 복원; 런타임 원문 검증 전. TERM: 버스피어·파스·도박장.,"ウル<G0026><G0001>食べるか<G0114>すか
どっちかにしろよ<G0026>",SUPPORTED,"0001,0026,0114",NONE,
SCN_10214103_00740000_0075,SCENARIO,scenario_message,DATA/10214103.MDZ,DATA/10214103.MDT,0x00740000,10214103,74,0x004d6988,0x004d6983,46 ad bb 21 c8 3d f0 08 86 95 94 7f 9d f0 78 f1 a0 67 f1 46 0d ff 00,"…ほら、ウル
こっちが本当の水…","…자, 울
이쪽이 진짜 물이야…",UNASSIGNED,ユウキ,"[{""offset"":-5,""raw_hex"":""02 0e 00 08 00"",""kind"":""MESSAGE_HEADER"",""opcode"":2,""argument"":8},{""offset"":7,""raw_hex"":""08"",""kind"":""LINE_BREAK""},{""offset"":20,""raw_hex"":""0d ff 00"",""kind"":""MESSAGE_END""}]",REVIEW_1,NO,CHARACTER_GUIDE v0.1 적용. context-v1 복원 원문 1차 번역.,SUPPORTED: structured scenario command; header FACE slot maps to face_yuuki_09; runtime display not yet checked. PROVEN: byte-identical source command exists at the same path and offsets on Disc 2. SUPPORTED: context-v1 glyph 복원; 런타임 원문 검증 전. TERM: 버스피어·파스·도박장.,"<G0026>ほら<G0001>ウル
こっちが本当の水<G0026>",SUPPORTED,"0001,0026",NONE,
SCN_10214103_00740000_0076,SCENARIO,scenario_message,DATA/10214103.MDZ,DATA/10214103.MDT,0x00740000,10214103,75,0x004d6a41,0x004d6a3c,75 95 46 21 c4 3d f0 26 f0 c5 eb b4 08 b4 94 bf c2 4d f5 ca f2 93 ba 43 08 4d f0 8b f6 9d 99 f2 c1 49 f1 c2 99 bd 8b b5 9c 77 7e 0d ff 00,"あっ…、アルフィナも
もちろん仲間だよ！
一緒に空を飛んでるじゃないか","아… 알피나도
물론 동료지!
같이 하늘을 날고 있잖아.",UNASSIGNED,ユウキ,"[{""offset"":-5,""raw_hex"":""02 0e 00 08 00"",""kind"":""MESSAGE_HEADER"",""opcode"":2,""argument"":8},{""offset"":12,""raw_hex"":""08"",""kind"":""LINE_BREAK""},{""offset"":24,""raw_hex"":""08"",""kind"":""LINE_BREAK""},{""offset"":43,""raw_hex"":""0d ff 00"",""kind"":""MESSAGE_END""}]",REVIEW_1,NO,CHARACTER_GUIDE v0.1 적용. context-v1 복원 원문 1차 번역.,SUPPORTED: structured scenario command; header FACE slot maps to face_yuuki_09; runtime display not yet checked. PROVEN: byte-identical source command exists at the same path and offsets on Disc 2. SUPPORTED: context-v1 glyph 복원; 런타임 원문 검증 전. TERM: 버스피어·파스·도박장.,"あっ<G0026><G0001>アルフィナも
もちろん仲間だよ！
一<G061B>に空を飛んでるじゃないか",SUPPORTED,"0001,0026,061B",NONE,
SCN_10214103_00740000_0078,SCENARIO,scenario_message,DATA/10214103.MDZ,DATA/10214103.MDT,0x00740000,10214103,77,0x004d6f29,0x004d6f24,a1 a1 46 21 b0 93 c3 f4 79 a0 7e ba 46 08 c8 3d f0 a0 61 f3 82 f1 95 98 08 9b 86 9d 96 9c 7f 95 98 c2 93 bf 46 0d ff 00,"はは…、まだ食うのかよ…
ウルの胃袋って
どこにつながってんだろ…","하하… 아직도 먹는 거야…
울의 위는
어디로 이어져 있는 걸까…",UNASSIGNED,ユウキ,"[{""offset"":-5,""raw_hex"":""02 0e 00 08 00"",""kind"":""MESSAGE_HEADER"",""opcode"":2,""argument"":8},{""offset"":13,""raw_hex"":""08"",""kind"":""LINE_BREAK""},{""offset"":24,""raw_hex"":""08"",""kind"":""LINE_BREAK""},{""offset"":37,""raw_hex"":""0d ff 00"",""kind"":""MESSAGE_END""}]",REVIEW_1,NO,CHARACTER_GUIDE v0.1 적용. context-v1 복원 원문 1차 번역.,SUPPORTED: structured scenario command; header FACE slot maps to face_yuuki_09; runtime display not yet checked. PROVEN: byte-identical source command exists at the same path and offsets on Disc 2. SUPPORTED: context-v1 glyph 복원; 런타임 원문 검증 전. TERM: 버스피어·파스·도박장.,"はは<G0026><G0001>まだ食うのかよ<G0026>
ウルの<G0381><G0202>って
どこにつながってんだろ<G0026>",SUPPORTED,"0001,0026",SUPPORTED,"0202,0381"
SCN_10214103_00740000_0079,SCENARIO,scenario_message,DATA/10214103.MDZ,DATA/10214103.MDT,0x00740000,10214103,78,0x004d7038,0x004d7033,ba 8a 95 43 21 c8 3d f0 08 86 be c1 b8 95 82 bc 67 f3 b2 c2 93 43 0d ff 00,"よしっ！、ウル
これをゆっくり飲むんだ！","좋아! 울
이걸 천천히 마셔!",UNASSIGNED,ユウキ,"[{""offset"":-5,""raw_hex"":""02 0e 00 07 00"",""kind"":""MESSAGE_HEADER"",""opcode"":2,""argument"":7},{""offset"":8,""raw_hex"":""08"",""kind"":""LINE_BREAK""},{""offset"":22,""raw_hex"":""0d ff 00"",""kind"":""MESSAGE_END""}]",REVIEW_1,NO,CHARACTER_GUIDE v0.1 적용. context-v1 복원 원문 1차 번역.,SUPPORTED: structured scenario command; header FACE slot maps to face_yuuki_08; runtime display not yet checked. PROVEN: byte-identical source command exists at the same path and offsets on Disc 2. SUPPORTED: context-v1 glyph 복원; 런타임 원문 검증 전. TERM: 버스피어·파스·도박장.,"よしっ！<G0001>ウル
これをゆっくり飲むんだ！",SUPPORTED,0001,NONE,
SCN_10214103_00740000_0080,SCENARIO,scenario_message,DATA/10214103.MDZ,DATA/10214103.MDT,0x00740000,10214103,79,0x004d709b,0x004d7096,26 f2 95 7a f2 9c ab f3 8a 98 46 08 7e 9c bc ac f3 9c 7e 95 92 b1 92 77 93 9c 08 90 c2 9c 79 f2 77 99 c3 f4 79 9c ba 46 0d ff 00,"真っ青な顔して…
かなり危なかったみたいだな
そんな急いで食うなよ…","얼굴이 새파래졌네…
상당히 위험했던 모양이야
그렇게 급하게 먹지 마…",UNASSIGNED,ユウキ,"[{""offset"":-5,""raw_hex"":""02 0e 00 08 00"",""kind"":""MESSAGE_HEADER"",""opcode"":2,""argument"":8},{""offset"":11,""raw_hex"":""08"",""kind"":""LINE_BREAK""},{""offset"":26,""raw_hex"":""08"",""kind"":""LINE_BREAK""},{""offset"":40,""raw_hex"":""0d ff 00"",""kind"":""MESSAGE_END""}]",REVIEW_1,NO,CHARACTER_GUIDE v0.1 적용. context-v1 복원 원문 1차 번역.,SUPPORTED: structured scenario command; header FACE slot maps to face_yuuki_09; runtime display not yet checked. PROVEN: byte-identical source command exists at the same path and offsets on Disc 2. SUPPORTED: context-v1 glyph 복원; 런타임 원문 검증 전. TERM: 버스피어·파스·도박장.,"真っ青な<G03CB>して<G0026>
かなり危なかったみたいだな
そんな急いで食うなよ<G0026>",SUPPORTED,"0026,03CB",NONE,
SCN_10214103_00740000_0081,SCENARIO,scenario_message,DATA/10214103.MDZ,DATA/10214103.MDT,0x00740000,10214103,80,0x004d729e,0x004d7299,b0 93 21 cc 3e f0 a1 c3 f4 ab bb be bd 8f 43 08 90 79 93 9c 21 42 f1 82 7e 43 0d ff 00,"まだ、オレは食べられるよ！
そうだな、行くか！","난 아직 먹을 수 있어!
그래, 갈까!",UNASSIGNED,ユウキ,"[{""offset"":-5,""raw_hex"":""02 0e 00 01 00"",""kind"":""MESSAGE_HEADER"",""opcode"":2,""argument"":1},{""offset"":15,""raw_hex"":""08"",""kind"":""LINE_BREAK""},{""offset"":26,""raw_hex"":""0d ff 00"",""kind"":""MESSAGE_END""}]",REVIEW_1,NO,CHARACTER_GUIDE v0.1 적용. context-v1 복원 원문 1차 번역.,SUPPORTED: structured scenario command; header FACE slot maps to face_yuuki_02; runtime display not yet checked. PROVEN: byte-identical source command exists at the same path and offsets on Disc 2. SUPPORTED: context-v1 glyph 복원; 런타임 원문 검증 전. TERM: 버스피어·파스·도박장.,"まだ<G0001>オレは食べられる<G006F>！
そうだな<G0001>行くか！",SUPPORTED,"0001,006F",NONE,
SCN_10214103_00740000_0083,SCENARIO,scenario_message,DATA/10214103.MDZ,DATA/10214103.MDT,0x00740000,10214103,82,0x004d7506,0x004d7501,a1 a1 95 21 92 82 88 c2 c3 f4 ab 98 08 21 f0 d1 3b f0 42 f1 80 a0 26 f0 3b f0 c6 e9 9d 08 7a f0 7b 9c 77 9a 9c 43 0d ff 00,"ははっ、たくさん食べて
バクラ行きのフライトに
備えないとな！","하핫, 많이 먹고
바쿠라행 비행에
대비해야지!",UNASSIGNED,ユウキ,"[{""offset"":-5,""raw_hex"":""02 0e 00 03 00"",""kind"":""MESSAGE_HEADER"",""opcode"":2,""argument"":3},{""offset"":12,""raw_hex"":""08"",""kind"":""LINE_BREAK""},{""offset"":29,""raw_hex"":""08"",""kind"":""LINE_BREAK""},{""offset"":38,""raw_hex"":""0d ff 00"",""kind"":""MESSAGE_END""}]",REVIEW_1,NO,CHARACTER_GUIDE v0.1 적용. context-v1 복원 원문 1차 번역.,SUPPORTED: structured scenario command; header FACE slot maps to face_yuuki_04; runtime display not yet checked. PROVEN: byte-identical source command exists at the same path and offsets on Disc 2. SUPPORTED: context-v1 glyph 복원; 런타임 원문 검증 전. TERM: 버스피어·파스·도박장.,"ははっ<G0001>たくさん食べて
バクラ行きのフライトに
備えないとな！",SUPPORTED,0001,NONE,
SCN_10214103_00740000_0085,SCENARIO,scenario_message,DATA/10214103.MDZ,DATA/10214103.MDT,0x00740000,10214103,84,0x004d7607,0x004d7602,30 f0 40 f0 d1 a0 cd 3a f0 d9 38 f0 d1 46 44 08 9c c2 93 90 bc b5 0d ff 00,"ミワクのカンショク…？
なんだそりゃ","매혹의 감촉…?
그게 뭐야?",UNASSIGNED,ユウキ,"[{""offset"":-5,""raw_hex"":""02 0e 00 0b 00"",""kind"":""MESSAGE_HEADER"",""opcode"":2,""argument"":11},{""offset"":15,""raw_hex"":""08"",""kind"":""LINE_BREAK""},{""offset"":22,""raw_hex"":""0d ff 00"",""kind"":""MESSAGE_END""}]",REVIEW_1,NO,CHARACTER_GUIDE v0.1 적용. context-v1 복원 원문 1차 번역.,SUPPORTED: structured scenario command; header FACE slot maps to face_yuuki_12; runtime display not yet checked. PROVEN: byte-identical source command exists at the same path and offsets on Disc 2. SUPPORTED: context-v1 glyph 복원; 런타임 원문 검증 전. TERM: 버스피어·파스·도박장.,"ミワクのカンショク<G0026>？
なんだそりゃ",SUPPORTED,0026,NONE,
SCN_10214103_00740000_0086,SCENARIO,scenario_message,DATA/10214103.MDZ,DATA/10214103.MDT,0x00740000,10214103,85,0x004d768f,0x004d768a,b1 f0 62 f3 77 95 98 46 44 08 ce f5 9d 21 90 c2 9c 86 9a a1 08 9c 77 9a a1 f1 79 84 9b 46 0d ff 00,"場違いって…？
別に、そんなことは
ないと思うけど…","장소에 안 어울린다고…?
딱히 그렇지는
않은 것 같은데…",UNASSIGNED,アルフィナ,"[{""offset"":-5,""raw_hex"":""02 0e 00 0c 00"",""kind"":""MESSAGE_HEADER"",""opcode"":2,""argument"":12},{""offset"":9,""raw_hex"":""08"",""kind"":""LINE_BREAK""},{""offset"":20,""raw_hex"":""08"",""kind"":""LINE_BREAK""},{""offset"":30,""raw_hex"":""0d ff 00"",""kind"":""MESSAGE_END""}]",REVIEW_1,NO,CHARACTER_GUIDE v0.1 적용. context-v1 복원 원문 1차 번역.,SUPPORTED: structured scenario command; header FACE slot maps to face_alfina_01; runtime display not yet checked. PROVEN: byte-identical source command exists at the same path and offsets on Disc 2. SUPPORTED: context-v1 glyph 복원; 런타임 원문 검증 전. TERM: 버스피어·파스·도박장.,"場違いって<G0026>？
別に<G0001>そんなことは
ないと思うけど<G0026>",SUPPORTED,"0001,0026",NONE,
SCN_10214103_00740000_0087,SCENARIO,scenario_message,DATA/10214103.MDZ,DATA/10214103.MDT,0x00740000,10214103,86,0x004d76d0,0x004d76cb,93 84 9b 46 08 81 f0 b4 ec f1 bb 9c 77 9a 86 bf 99 08 6a f2 7e 84 98 37 f2 9e f4 c1 ad f1 95 98 46 08 90 be a1 46 21 8c 87 77 86 9a 93 ba 9c 46 0d ff 00,"だけど…
誰も知らないところで
命かけて聖獣を守って…
それは…、すごいことだよな…","하지만…
아무도 모르는 곳에서
목숨을 걸고 성수를 지키다니…
그건… 정말 대단한 일이야…",UNASSIGNED,ユウキ,"[{""offset"":-5,""raw_hex"":""02 0e 00 01 00"",""kind"":""MESSAGE_HEADER"",""opcode"":2,""argument"":1},{""offset"":4,""raw_hex"":""08"",""kind"":""LINE_BREAK""},{""offset"":17,""raw_hex"":""08"",""kind"":""LINE_BREAK""},{""offset"":33,""raw_hex"":""08"",""kind"":""LINE_BREAK""},{""offset"":48,""raw_hex"":""0d ff 00"",""kind"":""MESSAGE_END""}]",REVIEW_1,NO,CHARACTER_GUIDE v0.1 적용. context-v1 복원 원문 1차 번역.,SUPPORTED: structured scenario command; header FACE slot maps to face_yuuki_02; runtime display not yet checked. PROVEN: byte-identical source command exists at the same path and offsets on Disc 2. SUPPORTED: context-v1 glyph 복원; 런타임 원문 검증 전. TERM: 버스피어·파스·도박장.,"だけど<G0026>
誰も知らないところで
命かけて聖獣を守って<G0026>
それは<G0026><G0001>すごいことだよな<G0026>",SUPPORTED,"0001,0026",NONE,
SCN_10214103_00740000_0088,SCENARIO,scenario_message,DATA/10214103.MDZ,DATA/10214103.MDT,0x00740000,10214103,87,0x004d77ae,0x004d77a9,21 f0 d1 3b f0 a0 d7 f0 92 94 46 08 90 be c1 ec f1 95 92 bb 5d f0 7b f0 92 94 7f 08 b2 f0 be c5 f3 bb be 98 bd b1 92 77 99 08 80 95 9a 21 d8 f1 77 ba 9c 46 0d ff 00,"バクラの人たち…
それを知ったら自分たちが
忘れ去られてるみたいで
きっと、辛いよな…","바쿠라 사람들…
그걸 알게 되면 자신들이
잊힌 것처럼 느껴져서
분명 괴롭겠지…",UNASSIGNED,アルフィナ,"[{""offset"":-5,""raw_hex"":""02 0e 00 0c 00"",""kind"":""MESSAGE_HEADER"",""opcode"":2,""argument"":12},{""offset"":11,""raw_hex"":""08"",""kind"":""LINE_BREAK""},{""offset"":27,""raw_hex"":""08"",""kind"":""LINE_BREAK""},{""offset"":41,""raw_hex"":""08"",""kind"":""LINE_BREAK""},{""offset"":52,""raw_hex"":""0d ff 00"",""kind"":""MESSAGE_END""}]",REVIEW_1,NO,CHARACTER_GUIDE v0.1 적용. context-v1 복원 원문 1차 번역.,SUPPORTED: structured scenario command; header FACE slot maps to face_alfina_01; runtime display not yet checked. PROVEN: byte-identical source command exists at the same path and offsets on Disc 2. SUPPORTED: context-v1 glyph 복원; 런타임 원문 검증 전. TERM: 버스피어·파스·도박장.,"バクラの人たち<G0026>
それを知ったら自分たちが
<G0162>れ<G03E5>られてるみたいで
きっと<G0001><G0258>いよな<G0026>",SUPPORTED,"0001,0026,0162,0258,03E5",NONE,
SCN_10214103_00740000_0090,SCENARIO,scenario_message,DATA/10214103.MDZ,DATA/10214103.MDT,0x00740000,10214103,89,0x004d788f,0x004d788a,46 a7 78 21 90 bf 90 bf 42 f1 82 7e 44 08 88 8c 7f a0 c8 3d f0 b4 08 b4 79 7d c4 f5 21 77 95 a3 77 93 bf 44 0d ff 00,"…ふう、そろそろ行くか？
さすがのウルも
もうお腹、いっぱいだろ？","…후, 슬슬 갈까?
아무리 울이라도
이제 배가 부르지?",UNASSIGNED,ユウキ,"[{""offset"":-5,""raw_hex"":""02 0e 00 02 00"",""kind"":""MESSAGE_HEADER"",""opcode"":2,""argument"":2},{""offset"":13,""raw_hex"":""08"",""kind"":""LINE_BREAK""},{""offset"":22,""raw_hex"":""08"",""kind"":""LINE_BREAK""},{""offset"":36,""raw_hex"":""0d ff 00"",""kind"":""MESSAGE_END""}]",REVIEW_1,NO,CHARACTER_GUIDE v0.1 적용. context-v1 복원 원문 1차 번역.,SUPPORTED: structured scenario command; header FACE slot maps to face_yuuki_03; runtime display not yet checked. PROVEN: byte-identical source command exists at the same path and offsets on Disc 2. SUPPORTED: context-v1 glyph 복원; 런타임 원문 검증 전. TERM: 버스피어·파스·도박장.,"<G0026>ふ<G0058><G0001>そろそろ行くか？
さすがのウルも
もうお<G0584><G0001>いっ<G0083>いだろ？",SUPPORTED,"0001,0026,0083,0584",SUPPORTED,0058
SCN_10214103_00740000_0091,SCENARIO,scenario_message,DATA/10214103.MDZ,DATA/10214103.MDT,0x00740000,10214103,90,0x004d7927,0x004d7922,77 77 84 9b 46 08 c3 f4 77 8c 81 99 7d c4 f5 86 c0 8c 9c ba 46 0d ff 00,"いいけど…
食いすぎでお腹こわすなよ…","좋지만…
너무 많이 먹고 배탈 나지 마…",UNASSIGNED,ユウキ,"[{""offset"":-5,""raw_hex"":""02 0e 00 08 00"",""kind"":""MESSAGE_HEADER"",""opcode"":2,""argument"":8},{""offset"":5,""raw_hex"":""08"",""kind"":""LINE_BREAK""},{""offset"":21,""raw_hex"":""0d ff 00"",""kind"":""MESSAGE_END""}]",REVIEW_1,NO,CHARACTER_GUIDE v0.1 적용. context-v1 복원 원문 1차 번역.,SUPPORTED: structured scenario command; header FACE slot maps to face_yuuki_09; runtime display not yet checked. PROVEN: byte-identical source command exists at the same path and offsets on Disc 2. SUPPORTED: context-v1 glyph 복원; 런타임 원문 검증 전. TERM: 버스피어·파스·도박장.,"いいけど<G0026>
食いすぎでお<G0584>こわすなよ<G0026>",SUPPORTED,"0026,0584",NONE,
SCN_10214103_00740000_0092,SCENARIO,scenario_message,DATA/10214103.MDZ,DATA/10214103.MDT,0x00740000,10214103,91,0x004d7972,0x004d796d,88 95 43 21 9a 95 9a 9a 08 21 f0 d1 3b f0 9d 23 f6 bb 9c 77 9a 9c 08 df f0 82 21 39 f0 c8 e9 9d 08 63 f0 77 9d 77 7e 9c 77 9a 43 0d ff 00,"さっ！、とっとと
バクラに戻らないとな
早く、ヨウトに
会いにいかないと！","자! 서둘러
바쿠라로 돌아가야 해
어서 요우토를
만나러 가야 한다고!",UNASSIGNED,ユウキ,"[{""offset"":-5,""raw_hex"":""02 0e 00 01 00"",""kind"":""MESSAGE_HEADER"",""opcode"":2,""argument"":1},{""offset"":8,""raw_hex"":""08"",""kind"":""LINE_BREAK""},{""offset"":22,""raw_hex"":""08"",""kind"":""LINE_BREAK""},{""offset"":32,""raw_hex"":""08"",""kind"":""LINE_BREAK""},{""offset"":43,""raw_hex"":""0d ff 00"",""kind"":""MESSAGE_END""}]",REVIEW_1,NO,CHARACTER_GUIDE v0.1 적용. context-v1 복원 원문 1차 번역.,SUPPORTED: structured scenario command; header FACE slot maps to face_yuuki_02; runtime display not yet checked. PROVEN: byte-identical source command exists at the same path and offsets on Disc 2. SUPPORTED: context-v1 glyph 복원; 런타임 원문 검증 전. TERM: 버스피어·파스·도박장.,"さっ！<G0001>とっとと
バクラに戻らないとな
早く<G0001>ヨウトに
<G0113>いにいかないと！",SUPPORTED,"0001,0113",NONE,
SCN_10214103_00740000_0093,SCENARIO,scenario_message,DATA/10214103.MDZ,DATA/10214103.MDT,0x00740000,10214103,92,0x004d79d0,0x004d79cb,4a f3 7a f0 7f d5 f4 95 92 bb 08 29 f0 3d f0 c4 dd 3d f0 9d dd f2 84 98 88 f0 c4 f2 93 43 08 bb f0 c1 21 87 f0 80 ad f7 b3 98 08 42 f1 7e 9c 77 9a 9c 43 0d ff 00,"準備が整ったら
ヘルアセルに向けて出発だ！
気を、引き締めて
行かないとな！","준비가 끝나면
헬 아셀을 향해 출발이다!
마음을 단단히 먹고
가야 해!",UNASSIGNED,ユウキ,"[{""offset"":-5,""raw_hex"":""02 0e 00 0a 00"",""kind"":""MESSAGE_HEADER"",""opcode"":2,""argument"":10},{""offset"":10,""raw_hex"":""08"",""kind"":""LINE_BREAK""},{""offset"":30,""raw_hex"":""08"",""kind"":""LINE_BREAK""},{""offset"":42,""raw_hex"":""08"",""kind"":""LINE_BREAK""},{""offset"":51,""raw_hex"":""0d ff 00"",""kind"":""MESSAGE_END""}]",REVIEW_1,NO,CHARACTER_GUIDE v0.1 적용. context-v1 복원 원문 1차 번역.,SUPPORTED: structured scenario command; header FACE slot maps to face_yuuki_11; runtime display not yet checked. PROVEN: byte-identical source command exists at the same path and offsets on Disc 2. SUPPORTED: context-v1 glyph 복원; 런타임 원문 검증 전. TERM: 버스피어·파스·도박장.,"準備が<G04C5>ったら
ヘルアセルに向けて出発だ！
気を<G0001>引き<G070D>めて
行かないとな！",SUPPORTED,"0001,04C5,070D",NONE,
SCN_10214103_00740000_0094,SCENARIO,scenario_message,DATA/10214103.MDZ,DATA/10214103.MDT,0x00740000,10214103,93,0x004d7b87,0x004d7b82,aa 95 46 21 b1 f0 62 f3 77 95 98 44 0d ff 00,へっ…、場違いって？,쳇… 장소에 안 어울린다고?,UNASSIGNED,ユウキ,"[{""offset"":-5,""raw_hex"":""02 0e 00 06 00"",""kind"":""MESSAGE_HEADER"",""opcode"":2,""argument"":6},{""offset"":12,""raw_hex"":""0d ff 00"",""kind"":""MESSAGE_END""}]",REVIEW_1,NO,CHARACTER_GUIDE v0.1 적용. context-v1 복원 원문 1차 번역.,SUPPORTED: structured scenario command; header FACE slot maps to face_yuuki_07; runtime display not yet checked. PROVEN: byte-identical source command exists at the same path and offsets on Disc 2. SUPPORTED: context-v1 glyph 복원; 런타임 원문 검증 전. TERM: 버스피어·파스·도박장.,へっ<G0026><G0001>場違いって？,SUPPORTED,"0001,0026",NONE,
SCN_10214103_00740000_0095,SCENARIO,scenario_message,DATA/10214103.MDZ,DATA/10214103.MDT,0x00740000,10214103,94,0x004d7c07,0x004d7c02,77 b6 46 08 90 79 77 79 86 9a 8b b5 9c 77 93 bf 46 0d ff 00,"いや…
そういうことじゃないだろ…","아니…
그런 뜻은 아니잖아…",UNASSIGNED,ユウキ,"[{""offset"":-5,""raw_hex"":""02 0e 00 08 00"",""kind"":""MESSAGE_HEADER"",""opcode"":2,""argument"":8},{""offset"":3,""raw_hex"":""08"",""kind"":""LINE_BREAK""},{""offset"":17,""raw_hex"":""0d ff 00"",""kind"":""MESSAGE_END""}]",REVIEW_1,NO,CHARACTER_GUIDE v0.1 적용. context-v1 복원 원문 1차 번역.,SUPPORTED: structured scenario command; header FACE slot maps to face_yuuki_09; runtime display not yet checked. PROVEN: byte-identical source command exists at the same path and offsets on Disc 2. SUPPORTED: context-v1 glyph 복원; 런타임 원문 검증 전. TERM: 버스피어·파스·도박장.,"いや<G0026>
そういうことじゃないだろ<G0026>",SUPPORTED,0026,NONE,
SCN_10214103_00740000_0096,SCENARIO,scenario_message,DATA/10214103.MDZ,DATA/10214103.MDT,0x00740000,10214103,95,0x004d7e0e,0x004d7e09,99 b4 88 21 9d f6 a7 f3 93 95 92 bf 44 08 d9 21 f0 a0 95 f5 9d bc f2 95 98 08 21 f0 d1 3b f0 c1 99 f2 7e bb 4d f0 df f5 8a 98 88 43 0d ff 00,"でもさ、壮観だったろ？
シバの背に乗って
バクラを空から一望してさ！","그래도 장관이었지?
시바의 등에 올라타서
하늘에서 바쿠라를 한눈에 내려다보는 거 말이야!",UNASSIGNED,ユウキ,"[{""offset"":-5,""raw_hex"":""02 0e 00 02 00"",""kind"":""MESSAGE_HEADER"",""opcode"":2,""argument"":2},{""offset"":13,""raw_hex"":""08"",""kind"":""LINE_BREAK""},{""offset"":25,""raw_hex"":""08"",""kind"":""LINE_BREAK""},{""offset"":44,""raw_hex"":""0d ff 00"",""kind"":""MESSAGE_END""}]",REVIEW_1,NO,CHARACTER_GUIDE v0.1 적용. context-v1 복원 원문 1차 번역.,SUPPORTED: structured scenario command; header FACE slot maps to face_yuuki_03; runtime display not yet checked. PROVEN: byte-identical source command exists at the same path and offsets on Disc 2. SUPPORTED: context-v1 glyph 복원; 런타임 원문 검증 전. TERM: 버스피어·파스·도박장.,"でもさ<G0001><G062D><G03C7>だったろ？
シバの<G0555>に乗って
バクラを空から一<G059F>してさ！",SUPPORTED,"0001,03C7",SUPPORTED,"0555,059F,062D"
SCN_10214103_00740000_0097,SCENARIO,scenario_message,DATA/10214103.MDZ,DATA/10214103.MDT,0x00740000,10214103,96,0x004d8234,0x004d822f,80 f3 7f 93 f2 66 f3 93 95 92 c2 93 44 0d ff 00,何が原因だったんだ？,원인이 뭐였어?,UNASSIGNED,ユウキ,"[{""offset"":-5,""raw_hex"":""02 0e 00 0b 00"",""kind"":""MESSAGE_HEADER"",""opcode"":2,""argument"":11},{""offset"":13,""raw_hex"":""0d ff 00"",""kind"":""MESSAGE_END""}]",REVIEW_1,NO,CHARACTER_GUIDE v0.1 적용. context-v1 복원 원문 1차 번역.,SUPPORTED: structured scenario command; header FACE slot maps to face_yuuki_12; runtime display not yet checked. PROVEN: byte-identical source command exists at the same path and offsets on Disc 2. SUPPORTED: context-v1 glyph 복원; 런타임 원문 검증 전. TERM: 버스피어·파스·도박장.,何が<G02E3><G0386>だったんだ？,SUPPORTED,0386,SUPPORTED,02E3
SCN_10214103_00740000_0098,SCENARIO,scenario_message,DATA/10214103.MDZ,DATA/10214103.MDT,0x00740000,10214103,97,0x004d82ab,0x004d82a6,90 c2 9c 86 9a 99 08 4d f5 62 f3 77 8c c2 9c ba 46 0d ff 00,"そんなことで
仲違いすんなよ…","그런 일로
싸우지 마…",UNASSIGNED,ユウキ,"[{""offset"":-5,""raw_hex"":""02 0e 00 08 00"",""kind"":""MESSAGE_HEADER"",""opcode"":2,""argument"":8},{""offset"":6,""raw_hex"":""08"",""kind"":""LINE_BREAK""},{""offset"":17,""raw_hex"":""0d ff 00"",""kind"":""MESSAGE_END""}]",REVIEW_1,NO,CHARACTER_GUIDE v0.1 적용. context-v1 복원 원문 1차 번역.,SUPPORTED: structured scenario command; header FACE slot maps to face_yuuki_09; runtime display not yet checked. PROVEN: byte-identical source command exists at the same path and offsets on Disc 2. SUPPORTED: context-v1 glyph 복원; 런타임 원문 검증 전. TERM: 버스피어·파스·도박장.,"そんなことで
仲違いすんなよ<G0026>",SUPPORTED,0026,NONE,
SCN_10214103_00740000_0099,SCENARIO,scenario_message,DATA/10214103.MDZ,DATA/10214103.MDT,0x00740000,10214103,98,0x004d834a,0x004d8345,8b b5 75 88 46 08 32 f0 d9 c3 f4 77 94 f2 b3 92 9a 80 08 cc 3e f0 7f c8 3d f0 a0 72 f2 08 c3 f4 ab 92 a0 95 98 46 0d ff 00,"じゃあさ…
メシ食い始めたとき
オレがウルの肉
食べたのって…","그럼 말이야…
밥을 먹기 시작했을 때
내가 울의 고기를
먹은 건…",UNASSIGNED,ユウキ,"[{""offset"":-5,""raw_hex"":""02 0e 00 08 00"",""kind"":""MESSAGE_HEADER"",""opcode"":2,""argument"":8},{""offset"":5,""raw_hex"":""08"",""kind"":""LINE_BREAK""},{""offset"":18,""raw_hex"":""08"",""kind"":""LINE_BREAK""},{""offset"":29,""raw_hex"":""08"",""kind"":""LINE_BREAK""},{""offset"":38,""raw_hex"":""0d ff 00"",""kind"":""MESSAGE_END""}]",REVIEW_1,NO,CHARACTER_GUIDE v0.1 적용. context-v1 복원 원문 1차 번역.,SUPPORTED: structured scenario command; header FACE slot maps to face_yuuki_09; runtime display not yet checked. PROVEN: byte-identical source command exists at the same path and offsets on Disc 2. SUPPORTED: context-v1 glyph 복원; 런타임 원문 검증 전. TERM: 버스피어·파스·도박장.,"じゃあさ<G0026>
メシ食い<G02E4>めたとき
オレがウルの肉
食べたのって<G0026>",SUPPORTED,"0026,02E4",NONE,
SCN_10214103_00740000_0100,SCENARIO,scenario_message,DATA/10214103.MDZ,DATA/10214103.MDT,0x00740000,10214103,99,0x004d839c,0x004d8397,46 46 87 b3 c2 9c 21 c8 3d f0 0d ff 00,……ごめんな、ウル,"……미안해, 울.",UNASSIGNED,ユウキ,"[{""offset"":-5,""raw_hex"":""02 0e 00 08 00"",""kind"":""MESSAGE_HEADER"",""opcode"":2,""argument"":8},{""offset"":10,""raw_hex"":""0d ff 00"",""kind"":""MESSAGE_END""}]",REVIEW_1,NO,CHARACTER_GUIDE v0.1 적용. context-v1 복원 원문 1차 번역.,SUPPORTED: structured scenario command; header FACE slot maps to face_yuuki_09; runtime display not yet checked. PROVEN: byte-identical source command exists at the same path and offsets on Disc 2. SUPPORTED: context-v1 glyph 복원; 런타임 원문 검증 전. TERM: 버스피어·파스·도박장.,<G0026><G0026>ごめんな<G0001>ウル,SUPPORTED,"0001,0026",NONE,
SCN_10214103_00740000_0101,SCENARIO,scenario_message,DATA/10214103.MDZ,DATA/10214103.MDT,0x00740000,10214103,100,0x004d860b,0x004d8606,b0 74 46 21 cc 3e f0 b4 08 c4 3d f0 26 f0 c5 eb 9a 63 f0 79 b0 99 a1 08 9c c2 9d b4 ec f1 bb 9c 7e 95 92 8a 9c 46 0d ff 00,"まぁ…、オレも
アルフィナと会うまでは
なんにも知らなかったしな…","뭐… 나도
알피나를 만나기 전까지는
아무것도 몰랐으니까…",UNASSIGNED,ユウキ,"[{""offset"":-5,""raw_hex"":""02 0e 00 08 00"",""kind"":""MESSAGE_HEADER"",""opcode"":2,""argument"":8},{""offset"":8,""raw_hex"":""08"",""kind"":""LINE_BREAK""},{""offset"":23,""raw_hex"":""08"",""kind"":""LINE_BREAK""},{""offset"":38,""raw_hex"":""0d ff 00"",""kind"":""MESSAGE_END""}]",REVIEW_1,NO,CHARACTER_GUIDE v0.1 적용. context-v1 복원 원문 1차 번역.,SUPPORTED: structured scenario command; header FACE slot maps to face_yuuki_09; runtime display not yet checked. PROVEN: byte-identical source command exists at the same path and offsets on Disc 2. SUPPORTED: context-v1 glyph 복원; 런타임 원문 검증 전. TERM: 버스피어·파스·도박장.,"ま<G0054><G0026><G0001>オレも
アルフィナと<G0113>うまでは
なんにも知らなかったしな<G0026>",SUPPORTED,"0001,0026,0054,0113",NONE,
SCN_10214103_00740000_0102,SCENARIO,scenario_message,DATA/10214103.MDZ,DATA/10214103.MDT,0x00740000,10214103,101,0x004d884d,0x004d8848,9c c2 7e 46 21 86 79 b6 95 98 08 32 f0 3a f0 e8 c5 9d 84 f1 bd a0 b4 08 be f3 8a a8 bc 95 98 9c f3 8b 93 9c 0d ff 00,"なんか…、こうやって
メンディに来るのも
久しぶりって感じだな","왠지… 이렇게
멘디에 오는 것도
오랜만인 기분이네.",UNASSIGNED,ユウキ,"[{""offset"":-5,""raw_hex"":""02 0e 00 02 00"",""kind"":""MESSAGE_HEADER"",""opcode"":2,""argument"":2},{""offset"":10,""raw_hex"":""08"",""kind"":""LINE_BREAK""},{""offset"":23,""raw_hex"":""08"",""kind"":""LINE_BREAK""},{""offset"":36,""raw_hex"":""0d ff 00"",""kind"":""MESSAGE_END""}]",REVIEW_1,NO,CHARACTER_GUIDE v0.1 적용. context-v1 복원 원문 1차 번역.,SUPPORTED: structured scenario command; header FACE slot maps to face_yuuki_03; runtime display not yet checked. PROVEN: byte-identical source command exists at the same path and offsets on Disc 2. SUPPORTED: context-v1 glyph 복원; 런타임 원문 검증 전. TERM: 버스피어·파스·도박장.,"なんか<G0026><G0001>こうやって
メンディに来るのも
久しぶりって感じだな",SUPPORTED,"0001,0026",NONE,
SCN_10214103_00740000_0104,SCENARIO,scenario_message,DATA/10214103.MDZ,DATA/10214103.MDT,0x00740000,10214103,103,0x004d890c,0x004d8907,99 b4 21 c8 3d f0 08 75 f0 bc 9e f2 a0 c1 f1 96 f1 9c c2 98 08 ba 82 ec f1 95 98 bd 9c 0d ff 00,"でも、ウル
渡り鳥の生態なんて
よく知ってるな","그런데 울
철새의 생태 같은 걸
잘 알고 있네.",UNASSIGNED,ユウキ,"[{""offset"":-5,""raw_hex"":""02 0e 00 0b 00"",""kind"":""MESSAGE_HEADER"",""opcode"":2,""argument"":11},{""offset"":6,""raw_hex"":""08"",""kind"":""LINE_BREAK""},{""offset"":20,""raw_hex"":""08"",""kind"":""LINE_BREAK""},{""offset"":29,""raw_hex"":""0d ff 00"",""kind"":""MESSAGE_END""}]",REVIEW_1,NO,CHARACTER_GUIDE v0.1 적용. context-v1 복원 원문 1차 번역.,SUPPORTED: structured scenario command; header FACE slot maps to face_yuuki_12; runtime display not yet checked. PROVEN: byte-identical source command exists at the same path and offsets on Disc 2. SUPPORTED: context-v1 glyph 복원; 런타임 원문 검증 전. TERM: 버스피어·파스·도박장.,"でも<G0001>ウル
渡り鳥の生態なんて
よく知ってるな",SUPPORTED,0001,NONE,
SCN_10214103_00740000_0105,SCENARIO,scenario_message,DATA/10214103.MDZ,DATA/10214103.MDT,0x00740000,10214103,104,0x004d8a23,0x004d8a1e,c8 3d f0 7f 90 c2 9c ec f1 ed f1 9d 08 82 c0 8a 77 9c c2 98 46 08 94 b9 95 9a 5b f1 5c f1 93 9c 0d ff 00,"ウルがそんな知識に
くわしいなんて…
ちょっと意外だな","울이 그런 지식에
밝다니…
조금 의외네.",UNASSIGNED,ユウキ,"[{""offset"":-5,""raw_hex"":""02 0e 00 0b 00"",""kind"":""MESSAGE_HEADER"",""opcode"":2,""argument"":11},{""offset"":12,""raw_hex"":""08"",""kind"":""LINE_BREAK""},{""offset"":21,""raw_hex"":""08"",""kind"":""LINE_BREAK""},{""offset"":32,""raw_hex"":""0d ff 00"",""kind"":""MESSAGE_END""}]",REVIEW_1,NO,CHARACTER_GUIDE v0.1 적용. context-v1 복원 원문 1차 번역.,SUPPORTED: structured scenario command; header FACE slot maps to face_yuuki_12; runtime display not yet checked. PROVEN: byte-identical source command exists at the same path and offsets on Disc 2. SUPPORTED: context-v1 glyph 복원; 런타임 원문 검증 전. TERM: 버스피어·파스·도박장.,"ウルがそんな知識に
くわしいなんて<G0026>
ちょっと意<G01DC>だな",SUPPORTED,"0026,01DC",NONE,
SCN_10214103_00740000_0106,SCENARIO,scenario_message,DATA/10214103.MDZ,DATA/10214103.MDT,0x00740000,10214103,105,0x004d8a93,0x004d8a8e,8b b5 75 21 b4 a0 8a bc 97 f5 70 f1 43 08 53 56 57 52 53 7e 84 bd 58 53 a1 44 0d ff 00,"じゃあ、ものしり博士！
26722かける82は？","그럼 박사님!
26722 곱하기 82는?",UNASSIGNED,ユウキ,"[{""offset"":-5,""raw_hex"":""02 0e 00 01 00"",""kind"":""MESSAGE_HEADER"",""opcode"":2,""argument"":1},{""offset"":13,""raw_hex"":""08"",""kind"":""LINE_BREAK""},{""offset"":26,""raw_hex"":""0d ff 00"",""kind"":""MESSAGE_END""}]",REVIEW_1,NO,CHARACTER_GUIDE v0.1 적용. context-v1 복원 원문 1차 번역.,SUPPORTED: structured scenario command; header FACE slot maps to face_yuuki_02; runtime display not yet checked. PROVEN: byte-identical source command exists at the same path and offsets on Disc 2. SUPPORTED: context-v1 glyph 복원; 런타임 원문 검증 전. TERM: 버스피어·파스·도박장.,"じゃあ<G0001>ものしり<G0557>士！
<G0033><G0036><G0037>2<G0033>かける<G0038><G0033>は？",SUPPORTED,"0001,0033",SUPPORTED,"0036,0037,0038,0557"
SCN_10214103_00740000_0107,SCENARIO,scenario_message,DATA/10214103.MDZ,DATA/10214103.MDT,0x00740000,10214103,106,0x004d8b2e,0x004d8b29,90 c2 9c 9d 8b f5 c2 99 46 08 77 8b c0 bd 8a 98 08 87 b3 c2 9c 21 c8 3d f0 0d ff 00,"そんなに悩んで…
いじわるして
ごめんな、ウル","그렇게 고민하다니…
짓궂게 굴어서
미안해, 울.",UNASSIGNED,ユウキ,"[{""offset"":-5,""raw_hex"":""02 0e 00 08 00"",""kind"":""MESSAGE_HEADER"",""opcode"":2,""argument"":8},{""offset"":9,""raw_hex"":""08"",""kind"":""LINE_BREAK""},{""offset"":16,""raw_hex"":""08"",""kind"":""LINE_BREAK""},{""offset"":25,""raw_hex"":""0d ff 00"",""kind"":""MESSAGE_END""}]",REVIEW_1,NO,CHARACTER_GUIDE v0.1 적용. context-v1 복원 원문 1차 번역.,SUPPORTED: structured scenario command; header FACE slot maps to face_yuuki_09; runtime display not yet checked. PROVEN: byte-identical source command exists at the same path and offsets on Disc 2. SUPPORTED: context-v1 glyph 복원; 런타임 원문 검증 전. TERM: 버스피어·파스·도박장.,"そんなに<G054B>んで<G0026>
いじわるして
ごめんな<G0001>ウル",SUPPORTED,"0001,0026,054B",NONE,
SCN_10214103_00740000_0108,SCENARIO,scenario_message,DATA/10214103.MDZ,DATA/10214103.MDT,0x00740000,10214103,107,0x004d8b75,0x004d8b70,75 f0 bc 9e f2 a0 e3 24 f0 db d3 7e 46 08 9c c2 7e 60 f2 99 f5 90 79 93 9c 08 c8 3d f0 46 21 64 f0 a0 8c f0 80 08 c8 f5 7e 8e 98 82 be ba 0d ff 00,"渡り鳥のチビスケか…
なんか面白そうだな
ウル…、話の続き
聞かせてくれよ","철새 꼬맹이라…
왠지 재미있을 것 같네
울… 이야기의 뒷부분을
들려줘.",UNASSIGNED,ユウキ,"[{""offset"":-5,""raw_hex"":""02 0e 00 02 00"",""kind"":""MESSAGE_HEADER"",""opcode"":2,""argument"":2},{""offset"":13,""raw_hex"":""08"",""kind"":""LINE_BREAK""},{""offset"":25,""raw_hex"":""08"",""kind"":""LINE_BREAK""},{""offset"":37,""raw_hex"":""08"",""kind"":""LINE_BREAK""},{""offset"":46,""raw_hex"":""0d ff 00"",""kind"":""MESSAGE_END""}]",REVIEW_1,NO,CHARACTER_GUIDE v0.1 적용. context-v1 복원 원문 1차 번역.,SUPPORTED: structured scenario command; header FACE slot maps to face_yuuki_03; runtime display not yet checked. PROVEN: byte-identical source command exists at the same path and offsets on Disc 2. SUPPORTED: context-v1 glyph 복원; 런타임 원문 검증 전. TERM: 버스피어·파스·도박장.,"渡り鳥のチビスケか<G0026>
なんか面白そうだな
ウル<G0026><G0001><G0114>の<G013C>き
聞かせてくれよ",SUPPORTED,"0001,0026,0114,013C",NONE,
SCN_10214103_00740000_0109,SCENARIO,scenario_message,DATA/10214103.MDZ,DATA/10214103.MDT,0x00740000,10214103,108,0x004d8c08,0x004d8c03,c8 3d f0 21 90 79 ce e5 ce e5 08 c3 f4 ab c2 9c ba 46 08 34 f5 95 98 bd 7e bb 08 b8 95 82 bc c3 f4 ab bf 95 98 46 0d ff 00,"ウル、そうガツガツ
食べんなよ…
待ってるから
ゆっくり食べろって…","울, 그렇게 허겁지겁
먹지 마…
기다리고 있을 테니까
천천히 먹으라니까…",UNASSIGNED,ユウキ,"[{""offset"":-5,""raw_hex"":""02 0e 00 08 00"",""kind"":""MESSAGE_HEADER"",""opcode"":2,""argument"":8},{""offset"":10,""raw_hex"":""08"",""kind"":""LINE_BREAK""},{""offset"":18,""raw_hex"":""08"",""kind"":""LINE_BREAK""},{""offset"":26,""raw_hex"":""08"",""kind"":""LINE_BREAK""},{""offset"":38,""raw_hex"":""0d ff 00"",""kind"":""MESSAGE_END""}]",REVIEW_1,NO,CHARACTER_GUIDE v0.1 적용. context-v1 복원 원문 1차 번역.,SUPPORTED: structured scenario command; header FACE slot maps to face_yuuki_09; runtime display not yet checked. PROVEN: byte-identical source command exists at the same path and offsets on Disc 2. SUPPORTED: context-v1 glyph 복원; 런타임 원문 검증 전. TERM: 버스피어·파스·도박장.,"ウル<G0001>そうガツガツ
食べんなよ<G0026>
<G04F4>ってるから
ゆっくり食べろって<G0026>",SUPPORTED,"0001,0026,04F4",NONE,
SCN_10214103_00740000_0110,SCENARIO,scenario_message,DATA/10214103.MDZ,DATA/10214103.MDT,0x00740000,10214103,109,0x004d8c52,0x004d8c4d,85 95 a9 8a 9c 7f bb 08 64 f0 8c 86 9a 8b b5 9c 77 93 bf 21 c8 3d f0 46 0d ff 00,"げっぶしながら
話すことじゃないだろ、ウル…","트림하면서
말할 건 아니잖아, 울…",UNASSIGNED,ユウキ,"[{""offset"":-5,""raw_hex"":""02 0e 00 08 00"",""kind"":""MESSAGE_HEADER"",""opcode"":2,""argument"":8},{""offset"":7,""raw_hex"":""08"",""kind"":""LINE_BREAK""},{""offset"":24,""raw_hex"":""0d ff 00"",""kind"":""MESSAGE_END""}]",REVIEW_1,NO,CHARACTER_GUIDE v0.1 적용. context-v1 복원 원문 1차 번역.,SUPPORTED: structured scenario command; header FACE slot maps to face_yuuki_09; runtime display not yet checked. PROVEN: byte-identical source command exists at the same path and offsets on Disc 2. SUPPORTED: context-v1 glyph 복원; 런타임 원문 검증 전. TERM: 버스피어·파스·도박장.,"げっ<G0089>しながら
<G0114>すことじゃないだろ<G0001>ウル<G0026>",SUPPORTED,"0001,0026,0114",SUPPORTED,0089
SCN_10214103_00740000_0111,SCENARIO,scenario_message,DATA/10214103.MDZ,DATA/10214103.MDT,0x00740000,10214103,110,0x004d8c97,0x004d8c92,99 b4 46 08 a9 f4 84 9c 7e 95 92 95 98 c0 bc 9d a1 08 53 84 f2 b4 a1 f0 98 92 c2 93 9c 08 e3 24 f0 db d3 a0 86 9a 46 0d ff 00,"でも…
助けなかったってわりには
2日も見てたんだな
チビスケのこと…","그래도…
도와주지 않았다기엔
이틀이나 지켜보고 있었네
그 꼬맹이를…",UNASSIGNED,ユウキ,"[{""offset"":-5,""raw_hex"":""02 0e 00 02 00"",""kind"":""MESSAGE_HEADER"",""opcode"":2,""argument"":2},{""offset"":3,""raw_hex"":""08"",""kind"":""LINE_BREAK""},{""offset"":17,""raw_hex"":""08"",""kind"":""LINE_BREAK""},{""offset"":29,""raw_hex"":""08"",""kind"":""LINE_BREAK""},{""offset"":39,""raw_hex"":""0d ff 00"",""kind"":""MESSAGE_END""}]",REVIEW_1,NO,CHARACTER_GUIDE v0.1 적용. context-v1 복원 원문 1차 번역.,SUPPORTED: structured scenario command; header FACE slot maps to face_yuuki_03; runtime display not yet checked. PROVEN: byte-identical source command exists at the same path and offsets on Disc 2. SUPPORTED: context-v1 glyph 복원; 런타임 원문 검증 전. TERM: 버스피어·파스·도박장.,"でも<G0026>
<G0499>けなかったってわりには
<G0033><G02D4>も見てたんだな
チビスケのこと<G0026>",SUPPORTED,"0026,0033,02D4,0499",NONE,
SCN_10214103_00740000_0112,SCENARIO,scenario_message,DATA/10214103.MDZ,DATA/10214103.MDT,0x00740000,10214103,111,0x004d8d1b,0x004d8d16,90 95 7e 46 08 90 be 99 a9 f4 84 8d 9d 08 d6 f2 d7 f2 8a 98 92 c2 93 9c 46 0d ff 00,"そっか…
それで助けずに
応援してたんだな…","그렇구나…
그래서 도와주지는 않고
응원하고 있었던 거구나…",UNASSIGNED,ユウキ,"[{""offset"":-5,""raw_hex"":""02 0e 00 02 00"",""kind"":""MESSAGE_HEADER"",""opcode"":2,""argument"":2},{""offset"":4,""raw_hex"":""08"",""kind"":""LINE_BREAK""},{""offset"":13,""raw_hex"":""08"",""kind"":""LINE_BREAK""},{""offset"":25,""raw_hex"":""0d ff 00"",""kind"":""MESSAGE_END""}]",REVIEW_1,NO,CHARACTER_GUIDE v0.1 적용. context-v1 복원 원문 1차 번역.,SUPPORTED: structured scenario command; header FACE slot maps to face_yuuki_03; runtime display not yet checked. PROVEN: byte-identical source command exists at the same path and offsets on Disc 2. SUPPORTED: context-v1 glyph 복원; 런타임 원문 검증 전. TERM: 버스피어·파스·도박장.,"そっか<G0026>
それで<G0499>けずに
応<G0327>してたんだな<G0026>",SUPPORTED,"0026,0327,0499",NONE,
SCN_10214103_00740000_0113,SCENARIO,scenario_message,DATA/10214103.MDZ,DATA/10214103.MDT,0x00740000,10214103,112,0x004d8d51,0x004d8d4c,c8 3d f0 46 08 53 84 f2 ca f2 21 e3 24 f0 db d3 a0 86 9a 08 d6 f2 d7 f2 8a 98 92 c2 93 9c 46 0d ff 00,"ウル…
2日間、チビスケのこと
応援してたんだな…","울…
이틀 동안 그 꼬맹이를
응원하고 있었구나…",UNASSIGNED,ユウキ,"[{""offset"":-5,""raw_hex"":""02 0e 00 02 00"",""kind"":""MESSAGE_HEADER"",""opcode"":2,""argument"":2},{""offset"":4,""raw_hex"":""08"",""kind"":""LINE_BREAK""},{""offset"":19,""raw_hex"":""08"",""kind"":""LINE_BREAK""},{""offset"":31,""raw_hex"":""0d ff 00"",""kind"":""MESSAGE_END""}]",REVIEW_1,NO,CHARACTER_GUIDE v0.1 적용. context-v1 복원 원문 1차 번역.,SUPPORTED: structured scenario command; header FACE slot maps to face_yuuki_03; runtime display not yet checked. PROVEN: byte-identical source command exists at the same path and offsets on Disc 2. SUPPORTED: context-v1 glyph 복원; 런타임 원문 검증 전. TERM: 버스피어·파스·도박장.,"ウル<G0026>
<G0033><G02D4>間<G0001>チビスケのこと
応<G0327>してたんだな<G0026>",SUPPORTED,"0001,0026,0033,02D4,0327",NONE,
SCN_10214103_00740000_0114,SCENARIO,scenario_message,DATA/10214103.MDZ,DATA/10214103.MDT,0x00740000,10214103,113,0x004d8d94,0x004d8d8f,ce 3a f0 21 f0 3c f0 c5 f0 a0 08 e3 24 f0 db d3 92 94 7f c1 f1 80 98 bd 99 f2 46 08 cc 3e f0 92 94 7f ad f1 bb 9c 77 9a 9c 08 90 bf 90 bf 46 21 42 f1 82 7e 44 0d ff 00,"ガンバリ屋の
チビスケたちが生きてる空…
オレたちが守らないとな
そろそろ…、行くか？","열심히 살아가는
꼬맹이들이 살아가는 하늘…
우리가 지켜야 해
슬슬… 갈까?",UNASSIGNED,ユウキ,"[{""offset"":-5,""raw_hex"":""02 0e 00 02 00"",""kind"":""MESSAGE_HEADER"",""opcode"":2,""argument"":2},{""offset"":10,""raw_hex"":""08"",""kind"":""LINE_BREAK""},{""offset"":27,""raw_hex"":""08"",""kind"":""LINE_BREAK""},{""offset"":41,""raw_hex"":""08"",""kind"":""LINE_BREAK""},{""offset"":53,""raw_hex"":""0d ff 00"",""kind"":""MESSAGE_END""}]",REVIEW_1,NO,CHARACTER_GUIDE v0.1 적용. context-v1 복원 원문 1차 번역.,SUPPORTED: structured scenario command; header FACE slot maps to face_yuuki_03; runtime display not yet checked. PROVEN: byte-identical source command exists at the same path and offsets on Disc 2. SUPPORTED: context-v1 glyph 복원; 런타임 원문 검증 전. TERM: 버스피어·파스·도박장.,"ガンバリ<G0175>の
チビスケたちが生きてる空<G0026>
オレたちが守らないとな
そろそろ<G0026><G0001>行くか？",SUPPORTED,"0001,0026,0175",NONE,
SCN_10214103_00740000_0115,SCENARIO,scenario_message,DATA/10214103.MDZ,DATA/10214103.MDT,0x00740000,10214103,114,0x004d8e37,0x004d8e32,77 77 8f 46 08 b0 74 27 f1 94 4a f2 77 98 08 ba 82 7e c2 99 c3 f4 ab bf ba 46 0d ff 00,"いいよ…
まぁ落ち着いて
よくかんで食べろよ…","그래…
자, 진정하고
잘 씹어 먹어…",UNASSIGNED,ユウキ,"[{""offset"":-5,""raw_hex"":""02 0e 00 08 00"",""kind"":""MESSAGE_HEADER"",""opcode"":2,""argument"":8},{""offset"":4,""raw_hex"":""08"",""kind"":""LINE_BREAK""},{""offset"":14,""raw_hex"":""08"",""kind"":""LINE_BREAK""},{""offset"":26,""raw_hex"":""0d ff 00"",""kind"":""MESSAGE_END""}]",REVIEW_1,NO,CHARACTER_GUIDE v0.1 적용. context-v1 복원 원문 1차 번역.,SUPPORTED: structured scenario command; header FACE slot maps to face_yuuki_09; runtime display not yet checked. PROVEN: byte-identical source command exists at the same path and offsets on Disc 2. SUPPORTED: context-v1 glyph 복원; 런타임 원문 검증 전. TERM: 버스피어·파스·도박장.,"いい<G006F><G0026>
ま<G0054>落ち着いて
よくかんで食べろよ<G0026>",SUPPORTED,"0026,0054,006F",NONE,
SCN_10214103_00740000_0117,SCENARIO,scenario_message,DATA/10214103.MDZ,DATA/10214103.MDT,0x00740000,10214103,116,0x004d92f0,0x004d92eb,6a f2 7f 84 a0 46 21 8d f0 26 f0 3b f0 c6 e9 7e 46 0d ff 00,命がけの…、初フライトか…,목숨을 건… 첫 비행인가…,UNASSIGNED,ユウキ,"[{""offset"":-5,""raw_hex"":""02 0e 00 0a 00"",""kind"":""MESSAGE_HEADER"",""opcode"":2,""argument"":10},{""offset"":17,""raw_hex"":""0d ff 00"",""kind"":""MESSAGE_END""}]",REVIEW_1,NO,CHARACTER_GUIDE v0.1 적용. context-v1 복원 원문 1차 번역.,SUPPORTED: structured scenario command; header FACE slot maps to face_yuuki_11; runtime display not yet checked. PROVEN: byte-identical source command exists at the same path and offsets on Disc 2. SUPPORTED: context-v1 glyph 복원; 런타임 원문 검증 전. TERM: 버스피어·파스·도박장.,命がけの<G0026><G0001>初フライトか<G0026>,SUPPORTED,"0001,0026",NONE,
SCN_10214103_00740000_0118,SCENARIO,scenario_message,DATA/10214103.MDZ,DATA/10214103.MDT,0x00740000,10214103,117,0x004d9556,0x004d9551,99 b4 88 46 21 9b 95 94 7f 08 75 f2 95 98 7b f0 7e bd a0 7e 44 0d ff 00,"でもさ…、どっちが
南って分かるのか？","그런데… 어느 쪽이
남쪽인지 알 수 있어?",UNASSIGNED,ユウキ,"[{""offset"":-5,""raw_hex"":""02 0e 00 0b 00"",""kind"":""MESSAGE_HEADER"",""opcode"":2,""argument"":11},{""offset"":9,""raw_hex"":""08"",""kind"":""LINE_BREAK""},{""offset"":21,""raw_hex"":""0d ff 00"",""kind"":""MESSAGE_END""}]",REVIEW_1,NO,CHARACTER_GUIDE v0.1 적용. context-v1 복원 원문 1차 번역.,SUPPORTED: structured scenario command; header FACE slot maps to face_yuuki_12; runtime display not yet checked. PROVEN: byte-identical source command exists at the same path and offsets on Disc 2. SUPPORTED: context-v1 glyph 복원; 런타임 원문 검증 전. TERM: 버스피어·파스·도박장.,"でもさ<G0026><G0001>どっちが
<G02C5>って分かるのか？",SUPPORTED,"0001,0026",SUPPORTED,02C5
SCN_10214103_00740000_0119,SCENARIO,scenario_message,DATA/10214103.MDZ,DATA/10214103.MDT,0x00740000,10214103,118,0x004d966b,0x004d9666,85 95 21 90 c2 9c 9d 43 08 c8 3d f0 ca f5 a0 c3 f4 77 8a c2 ae 79 93 9c 0d ff 00,"げっ、そんなに！
ウル並の食いしんぼうだな","헉, 그렇게나 많이!
울 못지않은 먹보네.",UNASSIGNED,ユウキ,"[{""offset"":-5,""raw_hex"":""02 0e 00 06 00"",""kind"":""MESSAGE_HEADER"",""opcode"":2,""argument"":6},{""offset"":8,""raw_hex"":""08"",""kind"":""LINE_BREAK""},{""offset"":24,""raw_hex"":""0d ff 00"",""kind"":""MESSAGE_END""}]",REVIEW_1,NO,CHARACTER_GUIDE v0.1 적용. context-v1 복원 원문 1차 번역.,SUPPORTED: structured scenario command; header FACE slot maps to face_yuuki_07; runtime display not yet checked. PROVEN: byte-identical source command exists at the same path and offsets on Disc 2. SUPPORTED: context-v1 glyph 복원; 런타임 원문 검증 전. TERM: 버스피어·파스·도박장.,"げっ<G0001>そんなに！
ウル<G058A>の食いしんぼうだな",SUPPORTED,"0001,058A",NONE,
SCN_10214103_00740000_0120,SCENARIO,scenario_message,DATA/10214103.MDZ,DATA/10214103.MDT,0x00740000,10214103,119,0x004da06d,0x004da068,39 f0 c8 e9 46 21 7e 0d ff 00,ヨウト…、か,요우토…인가.,UNASSIGNED,ユウキ,"[{""offset"":-5,""raw_hex"":""02 0e 00 05 00"",""kind"":""MESSAGE_HEADER"",""opcode"":2,""argument"":5},{""offset"":7,""raw_hex"":""0d ff 00"",""kind"":""MESSAGE_END""}]",REVIEW_1,NO,CHARACTER_GUIDE v0.1 적용. context-v1 복원 원문 1차 번역.,SUPPORTED: structured scenario command; header FACE slot maps to face_yuuki_06; runtime display not yet checked. PROVEN: byte-identical source command exists at the same path and offsets on Disc 2. SUPPORTED: context-v1 glyph 복원; 런타임 원문 검증 전. TERM: 버스피어·파스·도박장.,ヨウト<G0026><G0001>か,SUPPORTED,"0001,0026",NONE,
SCN_10214103_00740000_0121,SCENARIO,scenario_message,DATA/10214103.MDZ,DATA/10214103.MDT,0x00740000,10214103,120,0x004da097,0x004da092,37 f2 9e f4 b4 c8 3d f0 92 94 2d f2 bc d7 f0 b4 08 b4 79 80 f3 4f f3 4a f1 b4 21 86 a0 eb f2 97 f2 c1 08 ad f1 95 98 80 92 c2 93 b4 c2 9c 46 0d ff 00,"聖獣もウルたち護り人も
もう何百年も、この世界を
守ってきたんだもんな…","성수도 울 같은 수호자들도
수백 년 동안 이 세계를
지켜 온 거구나…",UNASSIGNED,アルフィナ,"[{""offset"":-5,""raw_hex"":""02 0e 00 0c 00"",""kind"":""MESSAGE_HEADER"",""opcode"":2,""argument"":12},{""offset"":16,""raw_hex"":""08"",""kind"":""LINE_BREAK""},{""offset"":34,""raw_hex"":""08"",""kind"":""LINE_BREAK""},{""offset"":47,""raw_hex"":""0d ff 00"",""kind"":""MESSAGE_END""}]",REVIEW_1,NO,CHARACTER_GUIDE v0.1 적용. context-v1 복원 원문 1차 번역.,SUPPORTED: structured scenario command; header FACE slot maps to face_alfina_01; runtime display not yet checked. PROVEN: byte-identical source command exists at the same path and offsets on Disc 2. SUPPORTED: context-v1 glyph 복원; 런타임 원문 검증 전. TERM: 버스피어·파스·도박장.,"聖獣もウルたち護り人も
もう何<G036F><G01CA>も<G0001>この世界を
守ってきたんだもんな<G0026>",SUPPORTED,"0001,0026,01CA",SUPPORTED,036F
SCN_10214103_00740000_0122,SCENARIO,scenario_message,DATA/10214103.MDZ,DATA/10214103.MDT,0x00740000,10214103,121,0x004da0e9,0x004da0e4,75 77 96 7f 21 90 c2 9c 24 f1 9d 08 6d f2 c1 47 f2 8a 98 92 9c c2 98 46 08 8f c2 8f c2 21 f5 2c f5 99 80 9c 77 9c 46 0d ff 00,"あいつが、そんな風に
涙を流してたなんて…
ぜんぜん想像できないな…","그 녀석이 그렇게
눈물을 흘렸다니…
정말 상상도 안 되네…",UNASSIGNED,ユウキ,"[{""offset"":-5,""raw_hex"":""02 0e 00 05 00"",""kind"":""MESSAGE_HEADER"",""opcode"":2,""argument"":5},{""offset"":11,""raw_hex"":""08"",""kind"":""LINE_BREAK""},{""offset"":24,""raw_hex"":""08"",""kind"":""LINE_BREAK""},{""offset"":39,""raw_hex"":""0d ff 00"",""kind"":""MESSAGE_END""}]",REVIEW_1,NO,CHARACTER_GUIDE v0.1 적용. context-v1 복원 원문 1차 번역.,SUPPORTED: structured scenario command; header FACE slot maps to face_yuuki_06; runtime display not yet checked. PROVEN: byte-identical source command exists at the same path and offsets on Disc 2. SUPPORTED: context-v1 glyph 복원; 런타임 원문 검증 전. TERM: 버스피어·파스·도박장.,"あいつが<G0001>そんな風に
<G02BD>を流してたなんて<G0026>
<G006F>ん<G006F>ん<G04E1><G04EC>できないな<G0026>",SUPPORTED,"0001,0026,006F,02BD,04E1,04EC",NONE,
SCN_10214103_00740000_0123,SCENARIO,scenario_message,DATA/10214103.MDZ,DATA/10214103.MDT,0x00740000,10214103,122,0x004da133,0x004da12e,5a f0 46 21 7e 0d ff 00,敵…、か,적…인가.,UNASSIGNED,アルフィナ,"[{""offset"":-5,""raw_hex"":""02 0e 00 0c 00"",""kind"":""MESSAGE_HEADER"",""opcode"":2,""argument"":12},{""offset"":5,""raw_hex"":""0d ff 00"",""kind"":""MESSAGE_END""}]",REVIEW_1,NO,CHARACTER_GUIDE v0.1 적용. context-v1 복원 원문 1차 번역.,SUPPORTED: structured scenario command; header FACE slot maps to face_alfina_01; runtime display not yet checked. PROVEN: byte-identical source command exists at the same path and offsets on Disc 2. SUPPORTED: context-v1 glyph 복원; 런타임 원문 검증 전. TERM: 버스피어·파스·도박장.,敵<G0026><G0001>か,SUPPORTED,"0001,0026",NONE,
SCN_10214103_00740000_0125,SCENARIO,scenario_message,DATA/10214103.MDZ,DATA/10214103.MDT,0x00740000,10214103,124,0x004da1fb,0x004da1f6,75 a0 a7 92 bc a1 08 92 8a 7e 9d 3d f2 3e f2 7f 94 7f 95 98 92 08 93 84 9b 46 43 0d ff 00,"あのふたりは
たしかに次元がちがってた
だけど…！","그 두 사람은
확실히 차원이 달랐어
하지만…!",UNASSIGNED,ユウキ,"[{""offset"":-5,""raw_hex"":""02 0e 00 07 00"",""kind"":""MESSAGE_HEADER"",""opcode"":2,""argument"":7},{""offset"":6,""raw_hex"":""08"",""kind"":""LINE_BREAK""},{""offset"":21,""raw_hex"":""08"",""kind"":""LINE_BREAK""},{""offset"":27,""raw_hex"":""0d ff 00"",""kind"":""MESSAGE_END""}]",REVIEW_1,NO,CHARACTER_GUIDE v0.1 적용. context-v1 복원 원문 1차 번역.,SUPPORTED: structured scenario command; header FACE slot maps to face_yuuki_08; runtime display not yet checked. PROVEN: byte-identical source command exists at the same path and offsets on Disc 2. SUPPORTED: context-v1 glyph 복원; 런타임 원문 검증 전. TERM: 버스피어·파스·도박장.,"あのふたりは
たしかに次元がちがってた
だけど<G0026>！",SUPPORTED,0026,NONE,
SCN_10214103_00740000_0126,SCENARIO,scenario_message,DATA/10214103.MDZ,DATA/10214103.MDT,0x00740000,10214103,125,0x004da24f,0x004da24a,88 95 21 c4 f5 b4 77 95 a3 77 9d 9c 95 92 43 08 54 f1 e5 f1 a0 37 f2 9e f4 9d 63 f0 77 9d 42 f1 86 79 08 c4 3d f0 26 f0 c5 eb 43 21 90 a0 2c f1 9d 22 f2 7f 08 80 95 9a a1 f0 96 7e bd a1 8d 88 43 0d ff 00,"さっ、腹もいっぱいになった！
最後の聖獣に会いに行こう
アルフィナ！、その先に光が
きっと見つかるはずさ！","자, 배도 부르겠다!
마지막 성수를 만나러 가자
알피나! 그 앞에서 빛을
분명 찾을 수 있을 거야!",UNASSIGNED,ユウキ,"[{""offset"":-5,""raw_hex"":""02 0e 00 0a 00"",""kind"":""MESSAGE_HEADER"",""opcode"":2,""argument"":10},{""offset"":15,""raw_hex"":""08"",""kind"":""LINE_BREAK""},{""offset"":34,""raw_hex"":""08"",""kind"":""LINE_BREAK""},{""offset"":52,""raw_hex"":""08"",""kind"":""LINE_BREAK""},{""offset"":65,""raw_hex"":""0d ff 00"",""kind"":""MESSAGE_END""}]",REVIEW_1,NO,CHARACTER_GUIDE v0.1 적용. context-v1 복원 원문 1차 번역.,SUPPORTED: structured scenario command; header FACE slot maps to face_yuuki_11; runtime display not yet checked. PROVEN: byte-identical source command exists at the same path and offsets on Disc 2. SUPPORTED: context-v1 glyph 복원; 런타임 원문 검증 전. TERM: 버스피어·파스·도박장.,"さっ<G0001><G0584>もいっ<G0083>いになった！
<G01D4>後の聖獣に<G0113>いに行こう
アルフィナ！<G0001>その先に光が
きっと見つかるはずさ！",SUPPORTED,"0001,0083,0113,01D4,0584",NONE,
SCN_10214103_00740000_0127,SCENARIO,scenario_message,DATA/10214103.MDZ,DATA/10214103.MDT,0x00740000,10214103,126,0x004da307,0x004da302,75 75 21 b4 94 bf c2 43 0d ff 00,ああ、もちろん！,"그래, 물론이지!",UNASSIGNED,ユウキ,"[{""offset"":-5,""raw_hex"":""02 0e 00 02 00"",""kind"":""MESSAGE_HEADER"",""opcode"":2,""argument"":2},{""offset"":8,""raw_hex"":""0d ff 00"",""kind"":""MESSAGE_END""}]",REVIEW_1,NO,CHARACTER_GUIDE v0.1 적용. context-v1 복원 원문 1차 번역.,SUPPORTED: structured scenario command; header FACE slot maps to face_yuuki_03; runtime display not yet checked. PROVEN: byte-identical source command exists at the same path and offsets on Disc 2. SUPPORTED: context-v1 glyph 복원; 런타임 원문 검증 전. TERM: 버스피어·파스·도박장.,ああ<G0001>もちろん！,SUPPORTED,0001,NONE,
SCN_10214103_00740000_0128,SCENARIO,scenario_message,DATA/10214103.MDZ,DATA/10214103.MDT,0x00740000,10214103,127,0x004da389,0x004da384,88 95 21 c4 f5 b4 77 95 a3 77 9d 9c 95 92 43 08 e0 47 3a f0 c1 73 f5 8a 9d 46 08 42 f1 86 79 8f 21 b1 c2 9c 43 08 99 f2 a0 ab f5 5c f0 46 21 db 3d f0 2f f0 ec c4 9d 43 0d ff 00,"さっ、腹もいっぱいになった！
ゾーンを倒しに…
行こうよ、みんな！
空の彼方…、スルマニアに！","자, 배도 부르겠다!
존을 쓰러뜨리러…
가자, 모두!
하늘 저편… 수르마니아로!",UNASSIGNED,ユウキ,"[{""offset"":-5,""raw_hex"":""02 0e 00 01 00"",""kind"":""MESSAGE_HEADER"",""opcode"":2,""argument"":1},{""offset"":15,""raw_hex"":""08"",""kind"":""LINE_BREAK""},{""offset"":26,""raw_hex"":""08"",""kind"":""LINE_BREAK""},{""offset"":37,""raw_hex"":""08"",""kind"":""LINE_BREAK""},{""offset"":56,""raw_hex"":""0d ff 00"",""kind"":""MESSAGE_END""}]",REVIEW_1,NO,CHARACTER_GUIDE v0.1 적용. context-v1 복원 원문 1차 번역.,SUPPORTED: structured scenario command; header FACE slot maps to face_yuuki_02; runtime display not yet checked. PROVEN: byte-identical source command exists at the same path and offsets on Disc 2. SUPPORTED: context-v1 glyph 복원; 런타임 원문 검증 전. TERM: 버스피어·파스·도박장.,"さっ<G0001><G0584>もいっ<G0083>いになった！
ゾーンを倒しに<G0026>
行こう<G006F><G0001>みんな！
空の彼方<G0026><G0001>スルマニアに！",SUPPORTED,"0001,0026,006F,0083,0584",NONE,
SCN_10214103_00740000_0129,SCENARIO,scenario_message,DATA/10214103.MDZ,DATA/10214103.MDT,0x00740000,10214103,128,0x004da434,0x004da42f,75 75 21 b4 94 bf c2 43 0d ff 00,ああ、もちろん！,"그래, 물론이지!",UNASSIGNED,ユウキ,"[{""offset"":-5,""raw_hex"":""02 0e 00 02 00"",""kind"":""MESSAGE_HEADER"",""opcode"":2,""argument"":2},{""offset"":8,""raw_hex"":""0d ff 00"",""kind"":""MESSAGE_END""}]",REVIEW_1,NO,CHARACTER_GUIDE v0.1 적용. context-v1 복원 원문 1차 번역.,SUPPORTED: structured scenario command; header FACE slot maps to face_yuuki_03; runtime display not yet checked. PROVEN: byte-identical source command exists at the same path and offsets on Disc 2. SUPPORTED: context-v1 glyph 복원; 런타임 원문 검증 전. TERM: 버스피어·파스·도박장.,ああ<G0001>もちろん！,SUPPORTED,0001,NONE,
SCN_10214103_00740000_0133,SCENARIO,scenario_message,DATA/10214103.MDZ,DATA/10214103.MDT,0x00740000,10214103,132,0x004dabdf,0x004dabda,58 2d f1 52 95 98 44 08 26 f5 7d f0 a1 ca 32 f0 3c f0 c8 db 9a 08 e0 47 3a f0 93 9a 8a 98 46 0d ff 00,"8対2って？
相手はエメリウスと
ゾーンだとして…","8 대 2라고?
상대가 에메리우스와
존이라고 해도…",UNASSIGNED,ユウキ,"[{""offset"":-5,""raw_hex"":""02 0e 00 0b 00"",""kind"":""MESSAGE_HEADER"",""opcode"":2,""argument"":11},{""offset"":7,""raw_hex"":""08"",""kind"":""LINE_BREAK""},{""offset"":21,""raw_hex"":""08"",""kind"":""LINE_BREAK""},{""offset"":31,""raw_hex"":""0d ff 00"",""kind"":""MESSAGE_END""}]",REVIEW_1,NO,CHARACTER_GUIDE v0.1 적용. context-v1 복원 원문 1차 번역.,SUPPORTED: structured scenario command; header FACE slot maps to face_yuuki_12; runtime display not yet checked. PROVEN: byte-identical source command exists at the same path and offsets on Disc 2. SUPPORTED: context-v1 glyph 복원; 런타임 원문 검증 전. TERM: 버스피어·파스·도박장.,"<G0038>対2って？
<G04E6>手はエメリウスと
ゾーンだとして<G0026>",SUPPORTED,"0026,04E6",SUPPORTED,0038
SCN_10214103_00740000_0134,SCENARIO,scenario_message,DATA/10214103.MDZ,DATA/10214103.MDT,0x00740000,10214103,133,0x004dad34,0x004dad2f,59 2d f1 52 95 98 44 08 26 f5 7d f0 a1 ca 32 f0 3c f0 c8 db 9a 08 e0 47 3a f0 93 9a 8a 98 46 0d ff 00,"9対2って？
相手はエメリウスと
ゾーンだとして…","9 대 2라고?
상대가 에메리우스와
존이라고 해도…",UNASSIGNED,ユウキ,"[{""offset"":-5,""raw_hex"":""02 0e 00 0b 00"",""kind"":""MESSAGE_HEADER"",""opcode"":2,""argument"":11},{""offset"":7,""raw_hex"":""08"",""kind"":""LINE_BREAK""},{""offset"":21,""raw_hex"":""08"",""kind"":""LINE_BREAK""},{""offset"":31,""raw_hex"":""0d ff 00"",""kind"":""MESSAGE_END""}]",REVIEW_1,NO,CHARACTER_GUIDE v0.1 적용. context-v1 복원 원문 1차 번역.,SUPPORTED: structured scenario command; header FACE slot maps to face_yuuki_12; runtime display not yet checked. PROVEN: byte-identical source command exists at the same path and offsets on Disc 2. SUPPORTED: context-v1 glyph 복원; 런타임 원문 검증 전. TERM: 버스피어·파스·도박장.,"<G0039>対2って？
<G04E6>手はエメリウスと
ゾーンだとして<G0026>",SUPPORTED,"0026,04E6",SUPPORTED,0039
SCN_10214103_00740000_0135,SCENARIO,scenario_message,DATA/10214103.MDZ,DATA/10214103.MDT,0x00740000,10214103,134,0x004daf99,0x004daf94,de f4 a1 46 21 9b c2 9c d7 f0 93 95 92 a0 44 0d ff 00,昔は…、どんな人だったの？,예전에는… 어떤 사람이었어?,UNASSIGNED,ユウキ,"[{""offset"":-5,""raw_hex"":""02 0e 00 01 00"",""kind"":""MESSAGE_HEADER"",""opcode"":2,""argument"":1},{""offset"":15,""raw_hex"":""0d ff 00"",""kind"":""MESSAGE_END""}]",REVIEW_1,NO,CHARACTER_GUIDE v0.1 적용. context-v1 복원 원문 1차 번역.,SUPPORTED: structured scenario command; header FACE slot maps to face_yuuki_02; runtime display not yet checked. PROVEN: byte-identical source command exists at the same path and offsets on Disc 2. SUPPORTED: context-v1 glyph 복원; 런타임 원문 검증 전. TERM: 버스피어·파스·도박장.,<G04CE>は<G0026><G0001>どんな人だったの？,SUPPORTED,"0001,0026,04CE",NONE,
SCN_10214103_00740000_0136,SCENARIO,scenario_message,DATA/10214103.MDZ,DATA/10214103.MDT,0x00740000,10214103,135,0x004db0c8,0x004db0c3,90 be 95 98 46 21 ca 32 f0 3c f0 c8 db 92 94 7f 08 21 f0 47 db 97 f2 9d 42 f1 95 92 9a 80 7e 44 08 90 a0 9a 80 21 a7 92 bc 9d 9c 9d 7f 08 75 95 92 c2 93 bf 79 9c 46 0d ff 00,"それって…、エメリウスたちが
バース界に行ったときか？
そのとき、ふたりになにが
あったんだろうな…","그건… 에메리우스 일행이
버스계로 갔을 때인가?
그때 두 사람에게 무슨 일이
있었던 걸까…",UNASSIGNED,アルフィナ,"[{""offset"":-5,""raw_hex"":""02 0e 00 0c 00"",""kind"":""MESSAGE_HEADER"",""opcode"":2,""argument"":12},{""offset"":16,""raw_hex"":""08"",""kind"":""LINE_BREAK""},{""offset"":32,""raw_hex"":""08"",""kind"":""LINE_BREAK""},{""offset"":45,""raw_hex"":""08"",""kind"":""LINE_BREAK""},{""offset"":55,""raw_hex"":""0d ff 00"",""kind"":""MESSAGE_END""}]",REVIEW_1,NO,CHARACTER_GUIDE v0.1 적용. context-v1 복원 원문 1차 번역.,SUPPORTED: structured scenario command; header FACE slot maps to face_alfina_01; runtime display not yet checked. PROVEN: byte-identical source command exists at the same path and offsets on Disc 2. SUPPORTED: context-v1 glyph 복원; 런타임 원문 검증 전. TERM: 버스피어·파스·도박장.,"それって<G0026><G0001>エメリウスたちが
バース界に行ったときか？
そのとき<G0001>ふたりになにが
あったんだろうな<G0026>",SUPPORTED,"0001,0026",NONE,
SCN_10214103_00740000_0137,SCENARIO,scenario_message,DATA/10214103.MDZ,DATA/10214103.MDT,0x00740000,10214103,136,0x004db48e,0x004db489,8c 83 9d a9 f4 84 88 f0 8a 98 b1 8e bd 88 46 08 75 9a 21 b4 79 a6 f0 8a 99 08 c4 3d f0 26 f0 c5 eb 7f 77 bd b1 f0 28 f3 9d 08 92 9b bc 96 84 bd c2 93 46 0d ff 00,"すぐに助け出してみせるさ…
あと、もう少しで
アルフィナがいる場所に
たどりつけるんだ…","곧 구해 내고 말 거야…
조금만 더 가면
알피나가 있는 곳에
도착할 수 있어…",UNASSIGNED,ユウキ,"[{""offset"":-5,""raw_hex"":""02 0e 00 05 00"",""kind"":""MESSAGE_HEADER"",""opcode"":2,""argument"":5},{""offset"":15,""raw_hex"":""08"",""kind"":""LINE_BREAK""},{""offset"":25,""raw_hex"":""08"",""kind"":""LINE_BREAK""},{""offset"":41,""raw_hex"":""08"",""kind"":""LINE_BREAK""},{""offset"":51,""raw_hex"":""0d ff 00"",""kind"":""MESSAGE_END""}]",REVIEW_1,NO,CHARACTER_GUIDE v0.1 적용. context-v1 복원 원문 1차 번역.,SUPPORTED: structured scenario command; header FACE slot maps to face_yuuki_06; runtime display not yet checked. PROVEN: byte-identical source command exists at the same path and offsets on Disc 2. SUPPORTED: context-v1 glyph 복원; 런타임 원문 검증 전. TERM: 버스피어·파스·도박장.,"すぐに<G0499>け出してみせるさ<G0026>
あと<G0001>もう少しで
アルフィナがいる場<G0348>に
たどりつけるんだ<G0026>",SUPPORTED,"0001,0026,0348,0499",NONE,
SCN_10214103_00740000_0138,SCENARIO,scenario_message,DATA/10214103.MDZ,DATA/10214103.MDT,0x00740000,10214103,137,0x004db4d3,0x004db4ce,b6 b3 bd 21 21 08 9f f4 98 f5 8c bd 21 0d ff 00,"やめる、、
宿泊する、","그만둔다,,
숙박한다,",UNASSIGNED,ユウキ,"[{""offset"":-5,""raw_hex"":""02 0e 00 01 00"",""kind"":""MESSAGE_HEADER"",""opcode"":2,""argument"":1},{""offset"":5,""raw_hex"":""08"",""kind"":""LINE_BREAK""},{""offset"":13,""raw_hex"":""0d ff 00"",""kind"":""MESSAGE_END""}]",REVIEW_1,NO,CHARACTER_GUIDE v0.1 적용. context-v1 복원 원문 1차 번역.,SUPPORTED: structured scenario command; header FACE slot maps to face_yuuki_02; runtime display not yet checked. PROVEN: byte-identical source command exists at the same path and offsets on Disc 2. SUPPORTED: context-v1 glyph 복원; 런타임 원문 검증 전. TERM: 버스피어·파스·도박장.,"やめる<G0001><G0001>
宿<G0558>する<G0001>",SUPPORTED,"0001,0558",NONE,
SCN_10214103_00740000_0139,SCENARIO,scenario_message,DATA/10214103.MDZ,DATA/10214103.MDT,0x00740000,10214103,138,0x004db677,0x004db672,b6 b3 bd 21 21 08 9f f4 98 f5 8c bd 21 0d ff 00,"やめる、、
宿泊する、","그만둔다,,
숙박한다,",UNASSIGNED,ユウキ,"[{""offset"":-5,""raw_hex"":""02 0e 00 01 00"",""kind"":""MESSAGE_HEADER"",""opcode"":2,""argument"":1},{""offset"":5,""raw_hex"":""08"",""kind"":""LINE_BREAK""},{""offset"":13,""raw_hex"":""0d ff 00"",""kind"":""MESSAGE_END""}]",REVIEW_1,NO,CHARACTER_GUIDE v0.1 적용. context-v1 복원 원문 1차 번역.,SUPPORTED: structured scenario command; header FACE slot maps to face_yuuki_02; runtime display not yet checked. PROVEN: byte-identical source command exists at the same path and offsets on Disc 2. SUPPORTED: context-v1 glyph 복원; 런타임 원문 검증 전. TERM: 버스피어·파스·도박장.,"やめる<G0001><G0001>
宿<G0558>する<G0001>",SUPPORTED,"0001,0558",NONE,
SCN_10214104_00740000_0073,SCENARIO,scenario_message,DATA/10214104.MDZ,DATA/10214104.MDT,0x00740000,10214104,72,0x004d6770,0x004d676b,75 75 21 90 79 88 43 08 52 51 48 f4 af f3 9a 4d f0 8b f6 9d 08 eb f2 97 f2 dc f2 c1 49 f1 a5 5f f0 bd c2 93 43 0d ff 00,"ああ、そうさ！
21号機と一緒に
世界中を飛び回るんだ！","그래, 맞아!
21호기와 함께
전 세계를 날아다닐 거야!",UNASSIGNED,ユウキ,"[{""offset"":-5,""raw_hex"":""02 0e 00 0a 00"",""kind"":""MESSAGE_HEADER"",""opcode"":2,""argument"":10},{""offset"":7,""raw_hex"":""08"",""kind"":""LINE_BREAK""},{""offset"":20,""raw_hex"":""08"",""kind"":""LINE_BREAK""},{""offset"":37,""raw_hex"":""0d ff 00"",""kind"":""MESSAGE_END""}]",REVIEW_1,NO,CHARACTER_GUIDE v0.1 적용. context-v1 복원 원문 1차 번역.,SUPPORTED: structured scenario command; header FACE slot maps to face_yuuki_11; runtime display not yet checked. PROVEN: byte-identical source command exists at the same path and offsets on Disc 2. SUPPORTED: context-v1 glyph 복원; 런타임 원문 검증 전. TERM: 버스피어·파스·도박장.,"ああ<G0001>そうさ！
21号機と一<G061B>に
世界中を飛び回るんだ！",SUPPORTED,"0001,061B",NONE,
SCN_10214104_00740000_0074,SCENARIO,scenario_message,DATA/10214104.MDZ,DATA/10214104.MDT,0x00740000,10214104,73,0x004d67ef,0x004d67ea,c8 3d f0 46 21 c3 f4 ab bd 7e 64 f0 8c 7e 08 9b 95 94 7e 9d 8a bf ba 46 0d ff 00,"ウル…、食べるか話すか
どっちかにしろよ…","울… 먹든지 말하든지
둘 중 하나만 해…",UNASSIGNED,ユウキ,"[{""offset"":-5,""raw_hex"":""02 0e 00 08 00"",""kind"":""MESSAGE_HEADER"",""opcode"":2,""argument"":8},{""offset"":14,""raw_hex"":""08"",""kind"":""LINE_BREAK""},{""offset"":24,""raw_hex"":""0d ff 00"",""kind"":""MESSAGE_END""}]",REVIEW_1,NO,CHARACTER_GUIDE v0.1 적용. context-v1 복원 원문 1차 번역.,SUPPORTED: structured scenario command; header FACE slot maps to face_yuuki_09; runtime display not yet checked. PROVEN: byte-identical source command exists at the same path and offsets on Disc 2. SUPPORTED: context-v1 glyph 복원; 런타임 원문 검증 전. TERM: 버스피어·파스·도박장.,"ウル<G0026><G0001>食べるか<G0114>すか
どっちかにしろよ<G0026>",SUPPORTED,"0001,0026,0114",NONE,
SCN_10214104_00740000_0075,SCENARIO,scenario_message,DATA/10214104.MDZ,DATA/10214104.MDT,0x00740000,10214104,74,0x004d6988,0x004d6983,46 ad bb 21 c8 3d f0 08 86 95 94 7f 9d f0 78 f1 a0 67 f1 46 0d ff 00,"…ほら、ウル
こっちが本当の水…","…자, 울
이쪽이 진짜 물이야…",UNASSIGNED,ユウキ,"[{""offset"":-5,""raw_hex"":""02 0e 00 08 00"",""kind"":""MESSAGE_HEADER"",""opcode"":2,""argument"":8},{""offset"":7,""raw_hex"":""08"",""kind"":""LINE_BREAK""},{""offset"":20,""raw_hex"":""0d ff 00"",""kind"":""MESSAGE_END""}]",REVIEW_1,NO,CHARACTER_GUIDE v0.1 적용. context-v1 복원 원문 1차 번역.,SUPPORTED: structured scenario command; header FACE slot maps to face_yuuki_09; runtime display not yet checked. PROVEN: byte-identical source command exists at the same path and offsets on Disc 2. SUPPORTED: context-v1 glyph 복원; 런타임 원문 검증 전. TERM: 버스피어·파스·도박장.,"<G0026>ほら<G0001>ウル
こっちが本当の水<G0026>",SUPPORTED,"0001,0026",NONE,
SCN_10214104_00740000_0076,SCENARIO,scenario_message,DATA/10214104.MDZ,DATA/10214104.MDT,0x00740000,10214104,75,0x004d6a41,0x004d6a3c,75 95 46 21 c4 3d f0 26 f0 c5 eb b4 08 b4 94 bf c2 4d f5 ca f2 93 ba 43 08 4d f0 8b f6 9d 99 f2 c1 49 f1 c2 99 bd 8b b5 9c 77 7e 0d ff 00,"あっ…、アルフィナも
もちろん仲間だよ！
一緒に空を飛んでるじゃないか","아… 알피나도
물론 동료지!
같이 하늘을 날고 있잖아.",UNASSIGNED,ユウキ,"[{""offset"":-5,""raw_hex"":""02 0e 00 08 00"",""kind"":""MESSAGE_HEADER"",""opcode"":2,""argument"":8},{""offset"":12,""raw_hex"":""08"",""kind"":""LINE_BREAK""},{""offset"":24,""raw_hex"":""08"",""kind"":""LINE_BREAK""},{""offset"":43,""raw_hex"":""0d ff 00"",""kind"":""MESSAGE_END""}]",REVIEW_1,NO,CHARACTER_GUIDE v0.1 적용. context-v1 복원 원문 1차 번역.,SUPPORTED: structured scenario command; header FACE slot maps to face_yuuki_09; runtime display not yet checked. PROVEN: byte-identical source command exists at the same path and offsets on Disc 2. SUPPORTED: context-v1 glyph 복원; 런타임 원문 검증 전. TERM: 버스피어·파스·도박장.,"あっ<G0026><G0001>アルフィナも
もちろん仲間だよ！
一<G061B>に空を飛んでるじゃないか",SUPPORTED,"0001,0026,061B",NONE,
SCN_10214104_00740000_0078,SCENARIO,scenario_message,DATA/10214104.MDZ,DATA/10214104.MDT,0x00740000,10214104,77,0x004d6f29,0x004d6f24,a1 a1 46 21 b0 93 c3 f4 79 a0 7e ba 46 08 c8 3d f0 a0 61 f3 82 f1 95 98 08 9b 86 9d 96 9c 7f 95 98 c2 93 bf 46 0d ff 00,"はは…、まだ食うのかよ…
ウルの胃袋って
どこにつながってんだろ…","하하… 아직도 먹는 거야…
울의 위는
어디로 이어져 있는 걸까…",UNASSIGNED,ユウキ,"[{""offset"":-5,""raw_hex"":""02 0e 00 08 00"",""kind"":""MESSAGE_HEADER"",""opcode"":2,""argument"":8},{""offset"":13,""raw_hex"":""08"",""kind"":""LINE_BREAK""},{""offset"":24,""raw_hex"":""08"",""kind"":""LINE_BREAK""},{""offset"":37,""raw_hex"":""0d ff 00"",""kind"":""MESSAGE_END""}]",REVIEW_1,NO,CHARACTER_GUIDE v0.1 적용. context-v1 복원 원문 1차 번역.,SUPPORTED: structured scenario command; header FACE slot maps to face_yuuki_09; runtime display not yet checked. PROVEN: byte-identical source command exists at the same path and offsets on Disc 2. SUPPORTED: context-v1 glyph 복원; 런타임 원문 검증 전. TERM: 버스피어·파스·도박장.,"はは<G0026><G0001>まだ食うのかよ<G0026>
ウルの<G0381><G0202>って
どこにつながってんだろ<G0026>",SUPPORTED,"0001,0026",SUPPORTED,"0202,0381"
SCN_10214104_00740000_0079,SCENARIO,scenario_message,DATA/10214104.MDZ,DATA/10214104.MDT,0x00740000,10214104,78,0x004d7038,0x004d7033,ba 8a 95 43 21 c8 3d f0 08 86 be c1 b8 95 82 bc 67 f3 b2 c2 93 43 0d ff 00,"よしっ！、ウル
これをゆっくり飲むんだ！","좋아! 울
이걸 천천히 마셔!",UNASSIGNED,ユウキ,"[{""offset"":-5,""raw_hex"":""02 0e 00 07 00"",""kind"":""MESSAGE_HEADER"",""opcode"":2,""argument"":7},{""offset"":8,""raw_hex"":""08"",""kind"":""LINE_BREAK""},{""offset"":22,""raw_hex"":""0d ff 00"",""kind"":""MESSAGE_END""}]",REVIEW_1,NO,CHARACTER_GUIDE v0.1 적용. context-v1 복원 원문 1차 번역.,SUPPORTED: structured scenario command; header FACE slot maps to face_yuuki_08; runtime display not yet checked. PROVEN: byte-identical source command exists at the same path and offsets on Disc 2. SUPPORTED: context-v1 glyph 복원; 런타임 원문 검증 전. TERM: 버스피어·파스·도박장.,"よしっ！<G0001>ウル
これをゆっくり飲むんだ！",SUPPORTED,0001,NONE,
SCN_10214104_00740000_0080,SCENARIO,scenario_message,DATA/10214104.MDZ,DATA/10214104.MDT,0x00740000,10214104,79,0x004d709b,0x004d7096,26 f2 95 7a f2 9c ab f3 8a 98 46 08 7e 9c bc ac f3 9c 7e 95 92 b1 92 77 93 9c 08 90 c2 9c 79 f2 77 99 c3 f4 79 9c ba 46 0d ff 00,"真っ青な顔して…
かなり危なかったみたいだな
そんな急いで食うなよ…","얼굴이 새파래졌네…
상당히 위험했던 모양이야
그렇게 급하게 먹지 마…",UNASSIGNED,ユウキ,"[{""offset"":-5,""raw_hex"":""02 0e 00 08 00"",""kind"":""MESSAGE_HEADER"",""opcode"":2,""argument"":8},{""offset"":11,""raw_hex"":""08"",""kind"":""LINE_BREAK""},{""offset"":26,""raw_hex"":""08"",""kind"":""LINE_BREAK""},{""offset"":40,""raw_hex"":""0d ff 00"",""kind"":""MESSAGE_END""}]",REVIEW_1,NO,CHARACTER_GUIDE v0.1 적용. context-v1 복원 원문 1차 번역.,SUPPORTED: structured scenario command; header FACE slot maps to face_yuuki_09; runtime display not yet checked. PROVEN: byte-identical source command exists at the same path and offsets on Disc 2. SUPPORTED: context-v1 glyph 복원; 런타임 원문 검증 전. TERM: 버스피어·파스·도박장.,"真っ青な<G03CB>して<G0026>
かなり危なかったみたいだな
そんな急いで食うなよ<G0026>",SUPPORTED,"0026,03CB",NONE,
SCN_10214104_00740000_0081,SCENARIO,scenario_message,DATA/10214104.MDZ,DATA/10214104.MDT,0x00740000,10214104,80,0x004d729e,0x004d7299,b0 93 21 cc 3e f0 a1 c3 f4 ab bb be bd 8f 43 08 90 79 93 9c 21 42 f1 82 7e 43 0d ff 00,"まだ、オレは食べられるよ！
そうだな、行くか！","난 아직 먹을 수 있어!
그래, 갈까!",UNASSIGNED,ユウキ,"[{""offset"":-5,""raw_hex"":""02 0e 00 01 00"",""kind"":""MESSAGE_HEADER"",""opcode"":2,""argument"":1},{""offset"":15,""raw_hex"":""08"",""kind"":""LINE_BREAK""},{""offset"":26,""raw_hex"":""0d ff 00"",""kind"":""MESSAGE_END""}]",REVIEW_1,NO,CHARACTER_GUIDE v0.1 적용. context-v1 복원 원문 1차 번역.,SUPPORTED: structured scenario command; header FACE slot maps to face_yuuki_02; runtime display not yet checked. PROVEN: byte-identical source command exists at the same path and offsets on Disc 2. SUPPORTED: context-v1 glyph 복원; 런타임 원문 검증 전. TERM: 버스피어·파스·도박장.,"まだ<G0001>オレは食べられる<G006F>！
そうだな<G0001>行くか！",SUPPORTED,"0001,006F",NONE,
SCN_10214104_00740000_0083,SCENARIO,scenario_message,DATA/10214104.MDZ,DATA/10214104.MDT,0x00740000,10214104,82,0x004d7506,0x004d7501,a1 a1 95 21 92 82 88 c2 c3 f4 ab 98 08 21 f0 d1 3b f0 42 f1 80 a0 26 f0 3b f0 c6 e9 9d 08 7a f0 7b 9c 77 9a 9c 43 0d ff 00,"ははっ、たくさん食べて
バクラ行きのフライトに
備えないとな！","하핫, 많이 먹고
바쿠라행 비행에
대비해야지!",UNASSIGNED,ユウキ,"[{""offset"":-5,""raw_hex"":""02 0e 00 03 00"",""kind"":""MESSAGE_HEADER"",""opcode"":2,""argument"":3},{""offset"":12,""raw_hex"":""08"",""kind"":""LINE_BREAK""},{""offset"":29,""raw_hex"":""08"",""kind"":""LINE_BREAK""},{""offset"":38,""raw_hex"":""0d ff 00"",""kind"":""MESSAGE_END""}]",REVIEW_1,NO,CHARACTER_GUIDE v0.1 적용. context-v1 복원 원문 1차 번역.,SUPPORTED: structured scenario command; header FACE slot maps to face_yuuki_04; runtime display not yet checked. PROVEN: byte-identical source command exists at the same path and offsets on Disc 2. SUPPORTED: context-v1 glyph 복원; 런타임 원문 검증 전. TERM: 버스피어·파스·도박장.,"ははっ<G0001>たくさん食べて
バクラ行きのフライトに
備えないとな！",SUPPORTED,0001,NONE,
SCN_10214104_00740000_0085,SCENARIO,scenario_message,DATA/10214104.MDZ,DATA/10214104.MDT,0x00740000,10214104,84,0x004d7607,0x004d7602,30 f0 40 f0 d1 a0 cd 3a f0 d9 38 f0 d1 46 44 08 9c c2 93 90 bc b5 0d ff 00,"ミワクのカンショク…？
なんだそりゃ","매혹의 감촉…?
그게 뭐야?",UNASSIGNED,ユウキ,"[{""offset"":-5,""raw_hex"":""02 0e 00 0b 00"",""kind"":""MESSAGE_HEADER"",""opcode"":2,""argument"":11},{""offset"":15,""raw_hex"":""08"",""kind"":""LINE_BREAK""},{""offset"":22,""raw_hex"":""0d ff 00"",""kind"":""MESSAGE_END""}]",REVIEW_1,NO,CHARACTER_GUIDE v0.1 적용. context-v1 복원 원문 1차 번역.,SUPPORTED: structured scenario command; header FACE slot maps to face_yuuki_12; runtime display not yet checked. PROVEN: byte-identical source command exists at the same path and offsets on Disc 2. SUPPORTED: context-v1 glyph 복원; 런타임 원문 검증 전. TERM: 버스피어·파스·도박장.,"ミワクのカンショク<G0026>？
なんだそりゃ",SUPPORTED,0026,NONE,
SCN_10214104_00740000_0086,SCENARIO,scenario_message,DATA/10214104.MDZ,DATA/10214104.MDT,0x00740000,10214104,85,0x004d768f,0x004d768a,b1 f0 62 f3 77 95 98 46 44 08 ce f5 9d 21 90 c2 9c 86 9a a1 08 9c 77 9a a1 f1 79 84 9b 46 0d ff 00,"場違いって…？
別に、そんなことは
ないと思うけど…","장소에 안 어울린다고…?
딱히 그렇지는
않은 것 같은데…",UNASSIGNED,アルフィナ,"[{""offset"":-5,""raw_hex"":""02 0e 00 0c 00"",""kind"":""MESSAGE_HEADER"",""opcode"":2,""argument"":12},{""offset"":9,""raw_hex"":""08"",""kind"":""LINE_BREAK""},{""offset"":20,""raw_hex"":""08"",""kind"":""LINE_BREAK""},{""offset"":30,""raw_hex"":""0d ff 00"",""kind"":""MESSAGE_END""}]",REVIEW_1,NO,CHARACTER_GUIDE v0.1 적용. context-v1 복원 원문 1차 번역.,SUPPORTED: structured scenario command; header FACE slot maps to face_alfina_01; runtime display not yet checked. PROVEN: byte-identical source command exists at the same path and offsets on Disc 2. SUPPORTED: context-v1 glyph 복원; 런타임 원문 검증 전. TERM: 버스피어·파스·도박장.,"場違いって<G0026>？
別に<G0001>そんなことは
ないと思うけど<G0026>",SUPPORTED,"0001,0026",NONE,
SCN_10214104_00740000_0087,SCENARIO,scenario_message,DATA/10214104.MDZ,DATA/10214104.MDT,0x00740000,10214104,86,0x004d76d0,0x004d76cb,93 84 9b 46 08 81 f0 b4 ec f1 bb 9c 77 9a 86 bf 99 08 6a f2 7e 84 98 37 f2 9e f4 c1 ad f1 95 98 46 08 90 be a1 46 21 8c 87 77 86 9a 93 ba 9c 46 0d ff 00,"だけど…
誰も知らないところで
命かけて聖獣を守って…
それは…、すごいことだよな…","하지만…
아무도 모르는 곳에서
목숨을 걸고 성수를 지키다니…
그건… 정말 대단한 일이야…",UNASSIGNED,ユウキ,"[{""offset"":-5,""raw_hex"":""02 0e 00 01 00"",""kind"":""MESSAGE_HEADER"",""opcode"":2,""argument"":1},{""offset"":4,""raw_hex"":""08"",""kind"":""LINE_BREAK""},{""offset"":17,""raw_hex"":""08"",""kind"":""LINE_BREAK""},{""offset"":33,""raw_hex"":""08"",""kind"":""LINE_BREAK""},{""offset"":48,""raw_hex"":""0d ff 00"",""kind"":""MESSAGE_END""}]",REVIEW_1,NO,CHARACTER_GUIDE v0.1 적용. context-v1 복원 원문 1차 번역.,SUPPORTED: structured scenario command; header FACE slot maps to face_yuuki_02; runtime display not yet checked. PROVEN: byte-identical source command exists at the same path and offsets on Disc 2. SUPPORTED: context-v1 glyph 복원; 런타임 원문 검증 전. TERM: 버스피어·파스·도박장.,"だけど<G0026>
誰も知らないところで
命かけて聖獣を守って<G0026>
それは<G0026><G0001>すごいことだよな<G0026>",SUPPORTED,"0001,0026",NONE,
SCN_10214104_00740000_0088,SCENARIO,scenario_message,DATA/10214104.MDZ,DATA/10214104.MDT,0x00740000,10214104,87,0x004d77ae,0x004d77a9,21 f0 d1 3b f0 a0 d7 f0 92 94 46 08 90 be c1 ec f1 95 92 bb 5d f0 7b f0 92 94 7f 08 b2 f0 be c5 f3 bb be 98 bd b1 92 77 99 08 80 95 9a 21 d8 f1 77 ba 9c 46 0d ff 00,"バクラの人たち…
それを知ったら自分たちが
忘れ去られてるみたいで
きっと、辛いよな…","바쿠라 사람들…
그걸 알게 되면 자신들이
잊힌 것처럼 느껴져서
분명 괴롭겠지…",UNASSIGNED,アルフィナ,"[{""offset"":-5,""raw_hex"":""02 0e 00 0c 00"",""kind"":""MESSAGE_HEADER"",""opcode"":2,""argument"":12},{""offset"":11,""raw_hex"":""08"",""kind"":""LINE_BREAK""},{""offset"":27,""raw_hex"":""08"",""kind"":""LINE_BREAK""},{""offset"":41,""raw_hex"":""08"",""kind"":""LINE_BREAK""},{""offset"":52,""raw_hex"":""0d ff 00"",""kind"":""MESSAGE_END""}]",REVIEW_1,NO,CHARACTER_GUIDE v0.1 적용. context-v1 복원 원문 1차 번역.,SUPPORTED: structured scenario command; header FACE slot maps to face_alfina_01; runtime display not yet checked. PROVEN: byte-identical source command exists at the same path and offsets on Disc 2. SUPPORTED: context-v1 glyph 복원; 런타임 원문 검증 전. TERM: 버스피어·파스·도박장.,"バクラの人たち<G0026>
それを知ったら自分たちが
<G0162>れ<G03E5>られてるみたいで
きっと<G0001><G0258>いよな<G0026>",SUPPORTED,"0001,0026,0162,0258,03E5",NONE,
SCN_10214104_00740000_0090,SCENARIO,scenario_message,DATA/10214104.MDZ,DATA/10214104.MDT,0x00740000,10214104,89,0x004d788f,0x004d788a,46 a7 78 21 90 bf 90 bf 42 f1 82 7e 44 08 88 8c 7f a0 c8 3d f0 b4 08 b4 79 7d c4 f5 21 77 95 a3 77 93 bf 44 0d ff 00,"…ふう、そろそろ行くか？
さすがのウルも
もうお腹、いっぱいだろ？","…후, 슬슬 갈까?
아무리 울이라도
이제 배가 부르지?",UNASSIGNED,ユウキ,"[{""offset"":-5,""raw_hex"":""02 0e 00 02 00"",""kind"":""MESSAGE_HEADER"",""opcode"":2,""argument"":2},{""offset"":13,""raw_hex"":""08"",""kind"":""LINE_BREAK""},{""offset"":22,""raw_hex"":""08"",""kind"":""LINE_BREAK""},{""offset"":36,""raw_hex"":""0d ff 00"",""kind"":""MESSAGE_END""}]",REVIEW_1,NO,CHARACTER_GUIDE v0.1 적용. context-v1 복원 원문 1차 번역.,SUPPORTED: structured scenario command; header FACE slot maps to face_yuuki_03; runtime display not yet checked. PROVEN: byte-identical source command exists at the same path and offsets on Disc 2. SUPPORTED: context-v1 glyph 복원; 런타임 원문 검증 전. TERM: 버스피어·파스·도박장.,"<G0026>ふ<G0058><G0001>そろそろ行くか？
さすがのウルも
もうお<G0584><G0001>いっ<G0083>いだろ？",SUPPORTED,"0001,0026,0083,0584",SUPPORTED,0058
SCN_10214104_00740000_0091,SCENARIO,scenario_message,DATA/10214104.MDZ,DATA/10214104.MDT,0x00740000,10214104,90,0x004d7927,0x004d7922,77 77 84 9b 46 08 c3 f4 77 8c 81 99 7d c4 f5 86 c0 8c 9c ba 46 0d ff 00,"いいけど…
食いすぎでお腹こわすなよ…","좋지만…
너무 많이 먹고 배탈 나지 마…",UNASSIGNED,ユウキ,"[{""offset"":-5,""raw_hex"":""02 0e 00 08 00"",""kind"":""MESSAGE_HEADER"",""opcode"":2,""argument"":8},{""offset"":5,""raw_hex"":""08"",""kind"":""LINE_BREAK""},{""offset"":21,""raw_hex"":""0d ff 00"",""kind"":""MESSAGE_END""}]",REVIEW_1,NO,CHARACTER_GUIDE v0.1 적용. context-v1 복원 원문 1차 번역.,SUPPORTED: structured scenario command; header FACE slot maps to face_yuuki_09; runtime display not yet checked. PROVEN: byte-identical source command exists at the same path and offsets on Disc 2. SUPPORTED: context-v1 glyph 복원; 런타임 원문 검증 전. TERM: 버스피어·파스·도박장.,"いいけど<G0026>
食いすぎでお<G0584>こわすなよ<G0026>",SUPPORTED,"0026,0584",NONE,
SCN_10214104_00740000_0092,SCENARIO,scenario_message,DATA/10214104.MDZ,DATA/10214104.MDT,0x00740000,10214104,91,0x004d7972,0x004d796d,88 95 43 21 9a 95 9a 9a 08 21 f0 d1 3b f0 9d 23 f6 bb 9c 77 9a 9c 08 df f0 82 21 39 f0 c8 e9 9d 08 63 f0 77 9d 77 7e 9c 77 9a 43 0d ff 00,"さっ！、とっとと
バクラに戻らないとな
早く、ヨウトに
会いにいかないと！","자! 서둘러
바쿠라로 돌아가야 해
어서 요우토를
만나러 가야 한다고!",UNASSIGNED,ユウキ,"[{""offset"":-5,""raw_hex"":""02 0e 00 01 00"",""kind"":""MESSAGE_HEADER"",""opcode"":2,""argument"":1},{""offset"":8,""raw_hex"":""08"",""kind"":""LINE_BREAK""},{""offset"":22,""raw_hex"":""08"",""kind"":""LINE_BREAK""},{""offset"":32,""raw_hex"":""08"",""kind"":""LINE_BREAK""},{""offset"":43,""raw_hex"":""0d ff 00"",""kind"":""MESSAGE_END""}]",REVIEW_1,NO,CHARACTER_GUIDE v0.1 적용. context-v1 복원 원문 1차 번역.,SUPPORTED: structured scenario command; header FACE slot maps to face_yuuki_02; runtime display not yet checked. PROVEN: byte-identical source command exists at the same path and offsets on Disc 2. SUPPORTED: context-v1 glyph 복원; 런타임 원문 검증 전. TERM: 버스피어·파스·도박장.,"さっ！<G0001>とっとと
バクラに戻らないとな
早く<G0001>ヨウトに
<G0113>いにいかないと！",SUPPORTED,"0001,0113",NONE,
SCN_10214104_00740000_0093,SCENARIO,scenario_message,DATA/10214104.MDZ,DATA/10214104.MDT,0x00740000,10214104,92,0x004d79d0,0x004d79cb,4a f3 7a f0 7f d5 f4 95 92 bb 08 29 f0 3d f0 c4 dd 3d f0 9d dd f2 84 98 88 f0 c4 f2 93 43 08 bb f0 c1 21 87 f0 80 ad f7 b3 98 08 42 f1 7e 9c 77 9a 9c 43 0d ff 00,"準備が整ったら
ヘルアセルに向けて出発だ！
気を、引き締めて
行かないとな！","준비가 끝나면
헬 아셀을 향해 출발이다!
마음을 단단히 먹고
가야 해!",UNASSIGNED,ユウキ,"[{""offset"":-5,""raw_hex"":""02 0e 00 0a 00"",""kind"":""MESSAGE_HEADER"",""opcode"":2,""argument"":10},{""offset"":10,""raw_hex"":""08"",""kind"":""LINE_BREAK""},{""offset"":30,""raw_hex"":""08"",""kind"":""LINE_BREAK""},{""offset"":42,""raw_hex"":""08"",""kind"":""LINE_BREAK""},{""offset"":51,""raw_hex"":""0d ff 00"",""kind"":""MESSAGE_END""}]",REVIEW_1,NO,CHARACTER_GUIDE v0.1 적용. context-v1 복원 원문 1차 번역.,SUPPORTED: structured scenario command; header FACE slot maps to face_yuuki_11; runtime display not yet checked. PROVEN: byte-identical source command exists at the same path and offsets on Disc 2. SUPPORTED: context-v1 glyph 복원; 런타임 원문 검증 전. TERM: 버스피어·파스·도박장.,"準備が<G04C5>ったら
ヘルアセルに向けて出発だ！
気を<G0001>引き<G070D>めて
行かないとな！",SUPPORTED,"0001,04C5,070D",NONE,
SCN_10214104_00740000_0094,SCENARIO,scenario_message,DATA/10214104.MDZ,DATA/10214104.MDT,0x00740000,10214104,93,0x004d7b87,0x004d7b82,aa 95 46 21 b1 f0 62 f3 77 95 98 44 0d ff 00,へっ…、場違いって？,쳇… 장소에 안 어울린다고?,UNASSIGNED,ユウキ,"[{""offset"":-5,""raw_hex"":""02 0e 00 06 00"",""kind"":""MESSAGE_HEADER"",""opcode"":2,""argument"":6},{""offset"":12,""raw_hex"":""0d ff 00"",""kind"":""MESSAGE_END""}]",REVIEW_1,NO,CHARACTER_GUIDE v0.1 적용. context-v1 복원 원문 1차 번역.,SUPPORTED: structured scenario command; header FACE slot maps to face_yuuki_07; runtime display not yet checked. PROVEN: byte-identical source command exists at the same path and offsets on Disc 2. SUPPORTED: context-v1 glyph 복원; 런타임 원문 검증 전. TERM: 버스피어·파스·도박장.,へっ<G0026><G0001>場違いって？,SUPPORTED,"0001,0026",NONE,
SCN_10214104_00740000_0095,SCENARIO,scenario_message,DATA/10214104.MDZ,DATA/10214104.MDT,0x00740000,10214104,94,0x004d7c07,0x004d7c02,77 b6 46 08 90 79 77 79 86 9a 8b b5 9c 77 93 bf 46 0d ff 00,"いや…
そういうことじゃないだろ…","아니…
그런 뜻은 아니잖아…",UNASSIGNED,ユウキ,"[{""offset"":-5,""raw_hex"":""02 0e 00 08 00"",""kind"":""MESSAGE_HEADER"",""opcode"":2,""argument"":8},{""offset"":3,""raw_hex"":""08"",""kind"":""LINE_BREAK""},{""offset"":17,""raw_hex"":""0d ff 00"",""kind"":""MESSAGE_END""}]",REVIEW_1,NO,CHARACTER_GUIDE v0.1 적용. context-v1 복원 원문 1차 번역.,SUPPORTED: structured scenario command; header FACE slot maps to face_yuuki_09; runtime display not yet checked. PROVEN: byte-identical source command exists at the same path and offsets on Disc 2. SUPPORTED: context-v1 glyph 복원; 런타임 원문 검증 전. TERM: 버스피어·파스·도박장.,"いや<G0026>
そういうことじゃないだろ<G0026>",SUPPORTED,0026,NONE,
SCN_10214104_00740000_0096,SCENARIO,scenario_message,DATA/10214104.MDZ,DATA/10214104.MDT,0x00740000,10214104,95,0x004d7e0e,0x004d7e09,99 b4 88 21 9d f6 a7 f3 93 95 92 bf 44 08 d9 21 f0 a0 95 f5 9d bc f2 95 98 08 21 f0 d1 3b f0 c1 99 f2 7e bb 4d f0 df f5 8a 98 88 43 0d ff 00,"でもさ、壮観だったろ？
シバの背に乗って
バクラを空から一望してさ！","그래도 장관이었지?
시바의 등에 올라타서
하늘에서 바쿠라를 한눈에 내려다보는 거 말이야!",UNASSIGNED,ユウキ,"[{""offset"":-5,""raw_hex"":""02 0e 00 02 00"",""kind"":""MESSAGE_HEADER"",""opcode"":2,""argument"":2},{""offset"":13,""raw_hex"":""08"",""kind"":""LINE_BREAK""},{""offset"":25,""raw_hex"":""08"",""kind"":""LINE_BREAK""},{""offset"":44,""raw_hex"":""0d ff 00"",""kind"":""MESSAGE_END""}]",REVIEW_1,NO,CHARACTER_GUIDE v0.1 적용. context-v1 복원 원문 1차 번역.,SUPPORTED: structured scenario command; header FACE slot maps to face_yuuki_03; runtime display not yet checked. PROVEN: byte-identical source command exists at the same path and offsets on Disc 2. SUPPORTED: context-v1 glyph 복원; 런타임 원문 검증 전. TERM: 버스피어·파스·도박장.,"でもさ<G0001><G062D><G03C7>だったろ？
シバの<G0555>に乗って
バクラを空から一<G059F>してさ！",SUPPORTED,"0001,03C7",SUPPORTED,"0555,059F,062D"
SCN_10214104_00740000_0097,SCENARIO,scenario_message,DATA/10214104.MDZ,DATA/10214104.MDT,0x00740000,10214104,96,0x004d8234,0x004d822f,80 f3 7f 93 f2 66 f3 93 95 92 c2 93 44 0d ff 00,何が原因だったんだ？,원인이 뭐였어?,UNASSIGNED,ユウキ,"[{""offset"":-5,""raw_hex"":""02 0e 00 0b 00"",""kind"":""MESSAGE_HEADER"",""opcode"":2,""argument"":11},{""offset"":13,""raw_hex"":""0d ff 00"",""kind"":""MESSAGE_END""}]",REVIEW_1,NO,CHARACTER_GUIDE v0.1 적용. context-v1 복원 원문 1차 번역.,SUPPORTED: structured scenario command; header FACE slot maps to face_yuuki_12; runtime display not yet checked. PROVEN: byte-identical source command exists at the same path and offsets on Disc 2. SUPPORTED: context-v1 glyph 복원; 런타임 원문 검증 전. TERM: 버스피어·파스·도박장.,何が<G02E3><G0386>だったんだ？,SUPPORTED,0386,SUPPORTED,02E3
SCN_10214104_00740000_0098,SCENARIO,scenario_message,DATA/10214104.MDZ,DATA/10214104.MDT,0x00740000,10214104,97,0x004d82ab,0x004d82a6,90 c2 9c 86 9a 99 08 4d f5 62 f3 77 8c c2 9c ba 46 0d ff 00,"そんなことで
仲違いすんなよ…","그런 일로
싸우지 마…",UNASSIGNED,ユウキ,"[{""offset"":-5,""raw_hex"":""02 0e 00 08 00"",""kind"":""MESSAGE_HEADER"",""opcode"":2,""argument"":8},{""offset"":6,""raw_hex"":""08"",""kind"":""LINE_BREAK""},{""offset"":17,""raw_hex"":""0d ff 00"",""kind"":""MESSAGE_END""}]",REVIEW_1,NO,CHARACTER_GUIDE v0.1 적용. context-v1 복원 원문 1차 번역.,SUPPORTED: structured scenario command; header FACE slot maps to face_yuuki_09; runtime display not yet checked. PROVEN: byte-identical source command exists at the same path and offsets on Disc 2. SUPPORTED: context-v1 glyph 복원; 런타임 원문 검증 전. TERM: 버스피어·파스·도박장.,"そんなことで
仲違いすんなよ<G0026>",SUPPORTED,0026,NONE,
SCN_10214104_00740000_0099,SCENARIO,scenario_message,DATA/10214104.MDZ,DATA/10214104.MDT,0x00740000,10214104,98,0x004d834a,0x004d8345,8b b5 75 88 46 08 32 f0 d9 c3 f4 77 94 f2 b3 92 9a 80 08 cc 3e f0 7f c8 3d f0 a0 72 f2 08 c3 f4 ab 92 a0 95 98 46 0d ff 00,"じゃあさ…
メシ食い始めたとき
オレがウルの肉
食べたのって…","그럼 말이야…
밥을 먹기 시작했을 때
내가 울의 고기를
먹은 건…",UNASSIGNED,ユウキ,"[{""offset"":-5,""raw_hex"":""02 0e 00 08 00"",""kind"":""MESSAGE_HEADER"",""opcode"":2,""argument"":8},{""offset"":5,""raw_hex"":""08"",""kind"":""LINE_BREAK""},{""offset"":18,""raw_hex"":""08"",""kind"":""LINE_BREAK""},{""offset"":29,""raw_hex"":""08"",""kind"":""LINE_BREAK""},{""offset"":38,""raw_hex"":""0d ff 00"",""kind"":""MESSAGE_END""}]",REVIEW_1,NO,CHARACTER_GUIDE v0.1 적용. context-v1 복원 원문 1차 번역.,SUPPORTED: structured scenario command; header FACE slot maps to face_yuuki_09; runtime display not yet checked. PROVEN: byte-identical source command exists at the same path and offsets on Disc 2. SUPPORTED: context-v1 glyph 복원; 런타임 원문 검증 전. TERM: 버스피어·파스·도박장.,"じゃあさ<G0026>
メシ食い<G02E4>めたとき
オレがウルの肉
食べたのって<G0026>",SUPPORTED,"0026,02E4",NONE,
SCN_10214104_00740000_0100,SCENARIO,scenario_message,DATA/10214104.MDZ,DATA/10214104.MDT,0x00740000,10214104,99,0x004d839c,0x004d8397,46 46 87 b3 c2 9c 21 c8 3d f0 0d ff 00,……ごめんな、ウル,"……미안해, 울.",UNASSIGNED,ユウキ,"[{""offset"":-5,""raw_hex"":""02 0e 00 08 00"",""kind"":""MESSAGE_HEADER"",""opcode"":2,""argument"":8},{""offset"":10,""raw_hex"":""0d ff 00"",""kind"":""MESSAGE_END""}]",REVIEW_1,NO,CHARACTER_GUIDE v0.1 적용. context-v1 복원 원문 1차 번역.,SUPPORTED: structured scenario command; header FACE slot maps to face_yuuki_09; runtime display not yet checked. PROVEN: byte-identical source command exists at the same path and offsets on Disc 2. SUPPORTED: context-v1 glyph 복원; 런타임 원문 검증 전. TERM: 버스피어·파스·도박장.,<G0026><G0026>ごめんな<G0001>ウル,SUPPORTED,"0001,0026",NONE,
SCN_10214104_00740000_0101,SCENARIO,scenario_message,DATA/10214104.MDZ,DATA/10214104.MDT,0x00740000,10214104,100,0x004d860b,0x004d8606,b0 74 46 21 cc 3e f0 b4 08 c4 3d f0 26 f0 c5 eb 9a 63 f0 79 b0 99 a1 08 9c c2 9d b4 ec f1 bb 9c 7e 95 92 8a 9c 46 0d ff 00,"まぁ…、オレも
アルフィナと会うまでは
なんにも知らなかったしな…","뭐… 나도
알피나를 만나기 전까지는
아무것도 몰랐으니까…",UNASSIGNED,ユウキ,"[{""offset"":-5,""raw_hex"":""02 0e 00 08 00"",""kind"":""MESSAGE_HEADER"",""opcode"":2,""argument"":8},{""offset"":8,""raw_hex"":""08"",""kind"":""LINE_BREAK""},{""offset"":23,""raw_hex"":""08"",""kind"":""LINE_BREAK""},{""offset"":38,""raw_hex"":""0d ff 00"",""kind"":""MESSAGE_END""}]",REVIEW_1,NO,CHARACTER_GUIDE v0.1 적용. context-v1 복원 원문 1차 번역.,SUPPORTED: structured scenario command; header FACE slot maps to face_yuuki_09; runtime display not yet checked. PROVEN: byte-identical source command exists at the same path and offsets on Disc 2. SUPPORTED: context-v1 glyph 복원; 런타임 원문 검증 전. TERM: 버스피어·파스·도박장.,"ま<G0054><G0026><G0001>オレも
アルフィナと<G0113>うまでは
なんにも知らなかったしな<G0026>",SUPPORTED,"0001,0026,0054,0113",NONE,
SCN_10214104_00740000_0102,SCENARIO,scenario_message,DATA/10214104.MDZ,DATA/10214104.MDT,0x00740000,10214104,101,0x004d884d,0x004d8848,9c c2 7e 46 21 86 79 b6 95 98 08 32 f0 3a f0 e8 c5 9d 84 f1 bd a0 b4 08 be f3 8a a8 bc 95 98 9c f3 8b 93 9c 0d ff 00,"なんか…、こうやって
メンディに来るのも
久しぶりって感じだな","왠지… 이렇게
멘디에 오는 것도
오랜만인 기분이네.",UNASSIGNED,ユウキ,"[{""offset"":-5,""raw_hex"":""02 0e 00 02 00"",""kind"":""MESSAGE_HEADER"",""opcode"":2,""argument"":2},{""offset"":10,""raw_hex"":""08"",""kind"":""LINE_BREAK""},{""offset"":23,""raw_hex"":""08"",""kind"":""LINE_BREAK""},{""offset"":36,""raw_hex"":""0d ff 00"",""kind"":""MESSAGE_END""}]",REVIEW_1,NO,CHARACTER_GUIDE v0.1 적용. context-v1 복원 원문 1차 번역.,SUPPORTED: structured scenario command; header FACE slot maps to face_yuuki_03; runtime display not yet checked. PROVEN: byte-identical source command exists at the same path and offsets on Disc 2. SUPPORTED: context-v1 glyph 복원; 런타임 원문 검증 전. TERM: 버스피어·파스·도박장.,"なんか<G0026><G0001>こうやって
メンディに来るのも
久しぶりって感じだな",SUPPORTED,"0001,0026",NONE,
SCN_10214104_00740000_0104,SCENARIO,scenario_message,DATA/10214104.MDZ,DATA/10214104.MDT,0x00740000,10214104,103,0x004d890c,0x004d8907,99 b4 21 c8 3d f0 08 75 f0 bc 9e f2 a0 c1 f1 96 f1 9c c2 98 08 ba 82 ec f1 95 98 bd 9c 0d ff 00,"でも、ウル
渡り鳥の生態なんて
よく知ってるな","그런데 울
철새의 생태 같은 걸
잘 알고 있네.",UNASSIGNED,ユウキ,"[{""offset"":-5,""raw_hex"":""02 0e 00 0b 00"",""kind"":""MESSAGE_HEADER"",""opcode"":2,""argument"":11},{""offset"":6,""raw_hex"":""08"",""kind"":""LINE_BREAK""},{""offset"":20,""raw_hex"":""08"",""kind"":""LINE_BREAK""},{""offset"":29,""raw_hex"":""0d ff 00"",""kind"":""MESSAGE_END""}]",REVIEW_1,NO,CHARACTER_GUIDE v0.1 적용. context-v1 복원 원문 1차 번역.,SUPPORTED: structured scenario command; header FACE slot maps to face_yuuki_12; runtime display not yet checked. PROVEN: byte-identical source command exists at the same path and offsets on Disc 2. SUPPORTED: context-v1 glyph 복원; 런타임 원문 검증 전. TERM: 버스피어·파스·도박장.,"でも<G0001>ウル
渡り鳥の生態なんて
よく知ってるな",SUPPORTED,0001,NONE,
SCN_10214104_00740000_0105,SCENARIO,scenario_message,DATA/10214104.MDZ,DATA/10214104.MDT,0x00740000,10214104,104,0x004d8a23,0x004d8a1e,c8 3d f0 7f 90 c2 9c ec f1 ed f1 9d 08 82 c0 8a 77 9c c2 98 46 08 94 b9 95 9a 5b f1 5c f1 93 9c 0d ff 00,"ウルがそんな知識に
くわしいなんて…
ちょっと意外だな","울이 그런 지식에
밝다니…
조금 의외네.",UNASSIGNED,ユウキ,"[{""offset"":-5,""raw_hex"":""02 0e 00 0b 00"",""kind"":""MESSAGE_HEADER"",""opcode"":2,""argument"":11},{""offset"":12,""raw_hex"":""08"",""kind"":""LINE_BREAK""},{""offset"":21,""raw_hex"":""08"",""kind"":""LINE_BREAK""},{""offset"":32,""raw_hex"":""0d ff 00"",""kind"":""MESSAGE_END""}]",REVIEW_1,NO,CHARACTER_GUIDE v0.1 적용. context-v1 복원 원문 1차 번역.,SUPPORTED: structured scenario command; header FACE slot maps to face_yuuki_12; runtime display not yet checked. PROVEN: byte-identical source command exists at the same path and offsets on Disc 2. SUPPORTED: context-v1 glyph 복원; 런타임 원문 검증 전. TERM: 버스피어·파스·도박장.,"ウルがそんな知識に
くわしいなんて<G0026>
ちょっと意<G01DC>だな",SUPPORTED,"0026,01DC",NONE,
SCN_10214104_00740000_0106,SCENARIO,scenario_message,DATA/10214104.MDZ,DATA/10214104.MDT,0x00740000,10214104,105,0x004d8a93,0x004d8a8e,8b b5 75 21 b4 a0 8a bc 97 f5 70 f1 43 08 53 56 57 52 53 7e 84 bd 58 53 a1 44 0d ff 00,"じゃあ、ものしり博士！
26722かける82は？","그럼 박사님!
26722 곱하기 82는?",UNASSIGNED,ユウキ,"[{""offset"":-5,""raw_hex"":""02 0e 00 01 00"",""kind"":""MESSAGE_HEADER"",""opcode"":2,""argument"":1},{""offset"":13,""raw_hex"":""08"",""kind"":""LINE_BREAK""},{""offset"":26,""raw_hex"":""0d ff 00"",""kind"":""MESSAGE_END""}]",REVIEW_1,NO,CHARACTER_GUIDE v0.1 적용. context-v1 복원 원문 1차 번역.,SUPPORTED: structured scenario command; header FACE slot maps to face_yuuki_02; runtime display not yet checked. PROVEN: byte-identical source command exists at the same path and offsets on Disc 2. SUPPORTED: context-v1 glyph 복원; 런타임 원문 검증 전. TERM: 버스피어·파스·도박장.,"じゃあ<G0001>ものしり<G0557>士！
<G0033><G0036><G0037>2<G0033>かける<G0038><G0033>は？",SUPPORTED,"0001,0033",SUPPORTED,"0036,0037,0038,0557"
SCN_10214104_00740000_0107,SCENARIO,scenario_message,DATA/10214104.MDZ,DATA/10214104.MDT,0x00740000,10214104,106,0x004d8b2e,0x004d8b29,90 c2 9c 9d 8b f5 c2 99 46 08 77 8b c0 bd 8a 98 08 87 b3 c2 9c 21 c8 3d f0 0d ff 00,"そんなに悩んで…
いじわるして
ごめんな、ウル","그렇게 고민하다니…
짓궂게 굴어서
미안해, 울.",UNASSIGNED,ユウキ,"[{""offset"":-5,""raw_hex"":""02 0e 00 08 00"",""kind"":""MESSAGE_HEADER"",""opcode"":2,""argument"":8},{""offset"":9,""raw_hex"":""08"",""kind"":""LINE_BREAK""},{""offset"":16,""raw_hex"":""08"",""kind"":""LINE_BREAK""},{""offset"":25,""raw_hex"":""0d ff 00"",""kind"":""MESSAGE_END""}]",REVIEW_1,NO,CHARACTER_GUIDE v0.1 적용. context-v1 복원 원문 1차 번역.,SUPPORTED: structured scenario command; header FACE slot maps to face_yuuki_09; runtime display not yet checked. PROVEN: byte-identical source command exists at the same path and offsets on Disc 2. SUPPORTED: context-v1 glyph 복원; 런타임 원문 검증 전. TERM: 버스피어·파스·도박장.,"そんなに<G054B>んで<G0026>
いじわるして
ごめんな<G0001>ウル",SUPPORTED,"0001,0026,054B",NONE,
SCN_10214104_00740000_0108,SCENARIO,scenario_message,DATA/10214104.MDZ,DATA/10214104.MDT,0x00740000,10214104,107,0x004d8b75,0x004d8b70,75 f0 bc 9e f2 a0 e3 24 f0 db d3 7e 46 08 9c c2 7e 60 f2 99 f5 90 79 93 9c 08 c8 3d f0 46 21 64 f0 a0 8c f0 80 08 c8 f5 7e 8e 98 82 be ba 0d ff 00,"渡り鳥のチビスケか…
なんか面白そうだな
ウル…、話の続き
聞かせてくれよ","철새 꼬맹이라…
왠지 재미있을 것 같네
울… 이야기의 뒷부분을
들려줘.",UNASSIGNED,ユウキ,"[{""offset"":-5,""raw_hex"":""02 0e 00 02 00"",""kind"":""MESSAGE_HEADER"",""opcode"":2,""argument"":2},{""offset"":13,""raw_hex"":""08"",""kind"":""LINE_BREAK""},{""offset"":25,""raw_hex"":""08"",""kind"":""LINE_BREAK""},{""offset"":37,""raw_hex"":""08"",""kind"":""LINE_BREAK""},{""offset"":46,""raw_hex"":""0d ff 00"",""kind"":""MESSAGE_END""}]",REVIEW_1,NO,CHARACTER_GUIDE v0.1 적용. context-v1 복원 원문 1차 번역.,SUPPORTED: structured scenario command; header FACE slot maps to face_yuuki_03; runtime display not yet checked. PROVEN: byte-identical source command exists at the same path and offsets on Disc 2. SUPPORTED: context-v1 glyph 복원; 런타임 원문 검증 전. TERM: 버스피어·파스·도박장.,"渡り鳥のチビスケか<G0026>
なんか面白そうだな
ウル<G0026><G0001><G0114>の<G013C>き
聞かせてくれよ",SUPPORTED,"0001,0026,0114,013C",NONE,
SCN_10214104_00740000_0109,SCENARIO,scenario_message,DATA/10214104.MDZ,DATA/10214104.MDT,0x00740000,10214104,108,0x004d8c08,0x004d8c03,c8 3d f0 21 90 79 ce e5 ce e5 08 c3 f4 ab c2 9c ba 46 08 34 f5 95 98 bd 7e bb 08 b8 95 82 bc c3 f4 ab bf 95 98 46 0d ff 00,"ウル、そうガツガツ
食べんなよ…
待ってるから
ゆっくり食べろって…","울, 그렇게 허겁지겁
먹지 마…
기다리고 있을 테니까
천천히 먹으라니까…",UNASSIGNED,ユウキ,"[{""offset"":-5,""raw_hex"":""02 0e 00 08 00"",""kind"":""MESSAGE_HEADER"",""opcode"":2,""argument"":8},{""offset"":10,""raw_hex"":""08"",""kind"":""LINE_BREAK""},{""offset"":18,""raw_hex"":""08"",""kind"":""LINE_BREAK""},{""offset"":26,""raw_hex"":""08"",""kind"":""LINE_BREAK""},{""offset"":38,""raw_hex"":""0d ff 00"",""kind"":""MESSAGE_END""}]",REVIEW_1,NO,CHARACTER_GUIDE v0.1 적용. context-v1 복원 원문 1차 번역.,SUPPORTED: structured scenario command; header FACE slot maps to face_yuuki_09; runtime display not yet checked. PROVEN: byte-identical source command exists at the same path and offsets on Disc 2. SUPPORTED: context-v1 glyph 복원; 런타임 원문 검증 전. TERM: 버스피어·파스·도박장.,"ウル<G0001>そうガツガツ
食べんなよ<G0026>
<G04F4>ってるから
ゆっくり食べろって<G0026>",SUPPORTED,"0001,0026,04F4",NONE,
SCN_10214104_00740000_0110,SCENARIO,scenario_message,DATA/10214104.MDZ,DATA/10214104.MDT,0x00740000,10214104,109,0x004d8c52,0x004d8c4d,85 95 a9 8a 9c 7f bb 08 64 f0 8c 86 9a 8b b5 9c 77 93 bf 21 c8 3d f0 46 0d ff 00,"げっぶしながら
話すことじゃないだろ、ウル…","트림하면서
말할 건 아니잖아, 울…",UNASSIGNED,ユウキ,"[{""offset"":-5,""raw_hex"":""02 0e 00 08 00"",""kind"":""MESSAGE_HEADER"",""opcode"":2,""argument"":8},{""offset"":7,""raw_hex"":""08"",""kind"":""LINE_BREAK""},{""offset"":24,""raw_hex"":""0d ff 00"",""kind"":""MESSAGE_END""}]",REVIEW_1,NO,CHARACTER_GUIDE v0.1 적용. context-v1 복원 원문 1차 번역.,SUPPORTED: structured scenario command; header FACE slot maps to face_yuuki_09; runtime display not yet checked. PROVEN: byte-identical source command exists at the same path and offsets on Disc 2. SUPPORTED: context-v1 glyph 복원; 런타임 원문 검증 전. TERM: 버스피어·파스·도박장.,"げっ<G0089>しながら
<G0114>すことじゃないだろ<G0001>ウル<G0026>",SUPPORTED,"0001,0026,0114",SUPPORTED,0089
SCN_10214104_00740000_0111,SCENARIO,scenario_message,DATA/10214104.MDZ,DATA/10214104.MDT,0x00740000,10214104,110,0x004d8c97,0x004d8c92,99 b4 46 08 a9 f4 84 9c 7e 95 92 95 98 c0 bc 9d a1 08 53 84 f2 b4 a1 f0 98 92 c2 93 9c 08 e3 24 f0 db d3 a0 86 9a 46 0d ff 00,"でも…
助けなかったってわりには
2日も見てたんだな
チビスケのこと…","그래도…
도와주지 않았다기엔
이틀이나 지켜보고 있었네
그 꼬맹이를…",UNASSIGNED,ユウキ,"[{""offset"":-5,""raw_hex"":""02 0e 00 02 00"",""kind"":""MESSAGE_HEADER"",""opcode"":2,""argument"":2},{""offset"":3,""raw_hex"":""08"",""kind"":""LINE_BREAK""},{""offset"":17,""raw_hex"":""08"",""kind"":""LINE_BREAK""},{""offset"":29,""raw_hex"":""08"",""kind"":""LINE_BREAK""},{""offset"":39,""raw_hex"":""0d ff 00"",""kind"":""MESSAGE_END""}]",REVIEW_1,NO,CHARACTER_GUIDE v0.1 적용. context-v1 복원 원문 1차 번역.,SUPPORTED: structured scenario command; header FACE slot maps to face_yuuki_03; runtime display not yet checked. PROVEN: byte-identical source command exists at the same path and offsets on Disc 2. SUPPORTED: context-v1 glyph 복원; 런타임 원문 검증 전. TERM: 버스피어·파스·도박장.,"でも<G0026>
<G0499>けなかったってわりには
<G0033><G02D4>も見てたんだな
チビスケのこと<G0026>",SUPPORTED,"0026,0033,02D4,0499",NONE,
SCN_10214104_00740000_0112,SCENARIO,scenario_message,DATA/10214104.MDZ,DATA/10214104.MDT,0x00740000,10214104,111,0x004d8d1b,0x004d8d16,90 95 7e 46 08 90 be 99 a9 f4 84 8d 9d 08 d6 f2 d7 f2 8a 98 92 c2 93 9c 46 0d ff 00,"そっか…
それで助けずに
応援してたんだな…","그렇구나…
그래서 도와주지는 않고
응원하고 있었던 거구나…",UNASSIGNED,ユウキ,"[{""offset"":-5,""raw_hex"":""02 0e 00 02 00"",""kind"":""MESSAGE_HEADER"",""opcode"":2,""argument"":2},{""offset"":4,""raw_hex"":""08"",""kind"":""LINE_BREAK""},{""offset"":13,""raw_hex"":""08"",""kind"":""LINE_BREAK""},{""offset"":25,""raw_hex"":""0d ff 00"",""kind"":""MESSAGE_END""}]",REVIEW_1,NO,CHARACTER_GUIDE v0.1 적용. context-v1 복원 원문 1차 번역.,SUPPORTED: structured scenario command; header FACE slot maps to face_yuuki_03; runtime display not yet checked. PROVEN: byte-identical source command exists at the same path and offsets on Disc 2. SUPPORTED: context-v1 glyph 복원; 런타임 원문 검증 전. TERM: 버스피어·파스·도박장.,"そっか<G0026>
それで<G0499>けずに
応<G0327>してたんだな<G0026>",SUPPORTED,"0026,0327,0499",NONE,
SCN_10214104_00740000_0113,SCENARIO,scenario_message,DATA/10214104.MDZ,DATA/10214104.MDT,0x00740000,10214104,112,0x004d8d51,0x004d8d4c,c8 3d f0 46 08 53 84 f2 ca f2 21 e3 24 f0 db d3 a0 86 9a 08 d6 f2 d7 f2 8a 98 92 c2 93 9c 46 0d ff 00,"ウル…
2日間、チビスケのこと
応援してたんだな…","울…
이틀 동안 그 꼬맹이를
응원하고 있었구나…",UNASSIGNED,ユウキ,"[{""offset"":-5,""raw_hex"":""02 0e 00 02 00"",""kind"":""MESSAGE_HEADER"",""opcode"":2,""argument"":2},{""offset"":4,""raw_hex"":""08"",""kind"":""LINE_BREAK""},{""offset"":19,""raw_hex"":""08"",""kind"":""LINE_BREAK""},{""offset"":31,""raw_hex"":""0d ff 00"",""kind"":""MESSAGE_END""}]",REVIEW_1,NO,CHARACTER_GUIDE v0.1 적용. context-v1 복원 원문 1차 번역.,SUPPORTED: structured scenario command; header FACE slot maps to face_yuuki_03; runtime display not yet checked. PROVEN: byte-identical source command exists at the same path and offsets on Disc 2. SUPPORTED: context-v1 glyph 복원; 런타임 원문 검증 전. TERM: 버스피어·파스·도박장.,"ウル<G0026>
<G0033><G02D4>間<G0001>チビスケのこと
応<G0327>してたんだな<G0026>",SUPPORTED,"0001,0026,0033,02D4,0327",NONE,
SCN_10214104_00740000_0114,SCENARIO,scenario_message,DATA/10214104.MDZ,DATA/10214104.MDT,0x00740000,10214104,113,0x004d8d94,0x004d8d8f,ce 3a f0 21 f0 3c f0 c5 f0 a0 08 e3 24 f0 db d3 92 94 7f c1 f1 80 98 bd 99 f2 46 08 cc 3e f0 92 94 7f ad f1 bb 9c 77 9a 9c 08 90 bf 90 bf 46 21 42 f1 82 7e 44 0d ff 00,"ガンバリ屋の
チビスケたちが生きてる空…
オレたちが守らないとな
そろそろ…、行くか？","열심히 살아가는
꼬맹이들이 살아가는 하늘…
우리가 지켜야 해
슬슬… 갈까?",UNASSIGNED,ユウキ,"[{""offset"":-5,""raw_hex"":""02 0e 00 02 00"",""kind"":""MESSAGE_HEADER"",""opcode"":2,""argument"":2},{""offset"":10,""raw_hex"":""08"",""kind"":""LINE_BREAK""},{""offset"":27,""raw_hex"":""08"",""kind"":""LINE_BREAK""},{""offset"":41,""raw_hex"":""08"",""kind"":""LINE_BREAK""},{""offset"":53,""raw_hex"":""0d ff 00"",""kind"":""MESSAGE_END""}]",REVIEW_1,NO,CHARACTER_GUIDE v0.1 적용. context-v1 복원 원문 1차 번역.,SUPPORTED: structured scenario command; header FACE slot maps to face_yuuki_03; runtime display not yet checked. PROVEN: byte-identical source command exists at the same path and offsets on Disc 2. SUPPORTED: context-v1 glyph 복원; 런타임 원문 검증 전. TERM: 버스피어·파스·도박장.,"ガンバリ<G0175>の
チビスケたちが生きてる空<G0026>
オレたちが守らないとな
そろそろ<G0026><G0001>行くか？",SUPPORTED,"0001,0026,0175",NONE,
SCN_10214104_00740000_0115,SCENARIO,scenario_message,DATA/10214104.MDZ,DATA/10214104.MDT,0x00740000,10214104,114,0x004d8e37,0x004d8e32,77 77 8f 46 08 b0 74 27 f1 94 4a f2 77 98 08 ba 82 7e c2 99 c3 f4 ab bf ba 46 0d ff 00,"いいよ…
まぁ落ち着いて
よくかんで食べろよ…","그래…
자, 진정하고
잘 씹어 먹어…",UNASSIGNED,ユウキ,"[{""offset"":-5,""raw_hex"":""02 0e 00 08 00"",""kind"":""MESSAGE_HEADER"",""opcode"":2,""argument"":8},{""offset"":4,""raw_hex"":""08"",""kind"":""LINE_BREAK""},{""offset"":14,""raw_hex"":""08"",""kind"":""LINE_BREAK""},{""offset"":26,""raw_hex"":""0d ff 00"",""kind"":""MESSAGE_END""}]",REVIEW_1,NO,CHARACTER_GUIDE v0.1 적용. context-v1 복원 원문 1차 번역.,SUPPORTED: structured scenario command; header FACE slot maps to face_yuuki_09; runtime display not yet checked. PROVEN: byte-identical source command exists at the same path and offsets on Disc 2. SUPPORTED: context-v1 glyph 복원; 런타임 원문 검증 전. TERM: 버스피어·파스·도박장.,"いい<G006F><G0026>
ま<G0054>落ち着いて
よくかんで食べろよ<G0026>",SUPPORTED,"0026,0054,006F",NONE,
SCN_10214104_00740000_0117,SCENARIO,scenario_message,DATA/10214104.MDZ,DATA/10214104.MDT,0x00740000,10214104,116,0x004d92f0,0x004d92eb,6a f2 7f 84 a0 46 21 8d f0 26 f0 3b f0 c6 e9 7e 46 0d ff 00,命がけの…、初フライトか…,목숨을 건… 첫 비행인가…,UNASSIGNED,ユウキ,"[{""offset"":-5,""raw_hex"":""02 0e 00 0a 00"",""kind"":""MESSAGE_HEADER"",""opcode"":2,""argument"":10},{""offset"":17,""raw_hex"":""0d ff 00"",""kind"":""MESSAGE_END""}]",REVIEW_1,NO,CHARACTER_GUIDE v0.1 적용. context-v1 복원 원문 1차 번역.,SUPPORTED: structured scenario command; header FACE slot maps to face_yuuki_11; runtime display not yet checked. PROVEN: byte-identical source command exists at the same path and offsets on Disc 2. SUPPORTED: context-v1 glyph 복원; 런타임 원문 검증 전. TERM: 버스피어·파스·도박장.,命がけの<G0026><G0001>初フライトか<G0026>,SUPPORTED,"0001,0026",NONE,
SCN_10214104_00740000_0118,SCENARIO,scenario_message,DATA/10214104.MDZ,DATA/10214104.MDT,0x00740000,10214104,117,0x004d9556,0x004d9551,99 b4 88 46 21 9b 95 94 7f 08 75 f2 95 98 7b f0 7e bd a0 7e 44 0d ff 00,"でもさ…、どっちが
南って分かるのか？","그런데… 어느 쪽이
남쪽인지 알 수 있어?",UNASSIGNED,ユウキ,"[{""offset"":-5,""raw_hex"":""02 0e 00 0b 00"",""kind"":""MESSAGE_HEADER"",""opcode"":2,""argument"":11},{""offset"":9,""raw_hex"":""08"",""kind"":""LINE_BREAK""},{""offset"":21,""raw_hex"":""0d ff 00"",""kind"":""MESSAGE_END""}]",REVIEW_1,NO,CHARACTER_GUIDE v0.1 적용. context-v1 복원 원문 1차 번역.,SUPPORTED: structured scenario command; header FACE slot maps to face_yuuki_12; runtime display not yet checked. PROVEN: byte-identical source command exists at the same path and offsets on Disc 2. SUPPORTED: context-v1 glyph 복원; 런타임 원문 검증 전. TERM: 버스피어·파스·도박장.,"でもさ<G0026><G0001>どっちが
<G02C5>って分かるのか？",SUPPORTED,"0001,0026",SUPPORTED,02C5
SCN_10214104_00740000_0119,SCENARIO,scenario_message,DATA/10214104.MDZ,DATA/10214104.MDT,0x00740000,10214104,118,0x004d966b,0x004d9666,85 95 21 90 c2 9c 9d 43 08 c8 3d f0 ca f5 a0 c3 f4 77 8a c2 ae 79 93 9c 0d ff 00,"げっ、そんなに！
ウル並の食いしんぼうだな","헉, 그렇게나 많이!
울 못지않은 먹보네.",UNASSIGNED,ユウキ,"[{""offset"":-5,""raw_hex"":""02 0e 00 06 00"",""kind"":""MESSAGE_HEADER"",""opcode"":2,""argument"":6},{""offset"":8,""raw_hex"":""08"",""kind"":""LINE_BREAK""},{""offset"":24,""raw_hex"":""0d ff 00"",""kind"":""MESSAGE_END""}]",REVIEW_1,NO,CHARACTER_GUIDE v0.1 적용. context-v1 복원 원문 1차 번역.,SUPPORTED: structured scenario command; header FACE slot maps to face_yuuki_07; runtime display not yet checked. PROVEN: byte-identical source command exists at the same path and offsets on Disc 2. SUPPORTED: context-v1 glyph 복원; 런타임 원문 검증 전. TERM: 버스피어·파스·도박장.,"げっ<G0001>そんなに！
ウル<G058A>の食いしんぼうだな",SUPPORTED,"0001,058A",NONE,
SCN_10214104_00740000_0120,SCENARIO,scenario_message,DATA/10214104.MDZ,DATA/10214104.MDT,0x00740000,10214104,119,0x004da06d,0x004da068,39 f0 c8 e9 46 21 7e 0d ff 00,ヨウト…、か,요우토…인가.,UNASSIGNED,ユウキ,"[{""offset"":-5,""raw_hex"":""02 0e 00 05 00"",""kind"":""MESSAGE_HEADER"",""opcode"":2,""argument"":5},{""offset"":7,""raw_hex"":""0d ff 00"",""kind"":""MESSAGE_END""}]",REVIEW_1,NO,CHARACTER_GUIDE v0.1 적용. context-v1 복원 원문 1차 번역.,SUPPORTED: structured scenario command; header FACE slot maps to face_yuuki_06; runtime display not yet checked. PROVEN: byte-identical source command exists at the same path and offsets on Disc 2. SUPPORTED: context-v1 glyph 복원; 런타임 원문 검증 전. TERM: 버스피어·파스·도박장.,ヨウト<G0026><G0001>か,SUPPORTED,"0001,0026",NONE,
SCN_10214104_00740000_0121,SCENARIO,scenario_message,DATA/10214104.MDZ,DATA/10214104.MDT,0x00740000,10214104,120,0x004da097,0x004da092,37 f2 9e f4 b4 c8 3d f0 92 94 2d f2 bc d7 f0 b4 08 b4 79 80 f3 4f f3 4a f1 b4 21 86 a0 eb f2 97 f2 c1 08 ad f1 95 98 80 92 c2 93 b4 c2 9c 46 0d ff 00,"聖獣もウルたち護り人も
もう何百年も、この世界を
守ってきたんだもんな…","성수도 울 같은 수호자들도
수백 년 동안 이 세계를
지켜 온 거구나…",UNASSIGNED,アルフィナ,"[{""offset"":-5,""raw_hex"":""02 0e 00 0c 00"",""kind"":""MESSAGE_HEADER"",""opcode"":2,""argument"":12},{""offset"":16,""raw_hex"":""08"",""kind"":""LINE_BREAK""},{""offset"":34,""raw_hex"":""08"",""kind"":""LINE_BREAK""},{""offset"":47,""raw_hex"":""0d ff 00"",""kind"":""MESSAGE_END""}]",REVIEW_1,NO,CHARACTER_GUIDE v0.1 적용. context-v1 복원 원문 1차 번역.,SUPPORTED: structured scenario command; header FACE slot maps to face_alfina_01; runtime display not yet checked. PROVEN: byte-identical source command exists at the same path and offsets on Disc 2. SUPPORTED: context-v1 glyph 복원; 런타임 원문 검증 전. TERM: 버스피어·파스·도박장.,"聖獣もウルたち護り人も
もう何<G036F><G01CA>も<G0001>この世界を
守ってきたんだもんな<G0026>",SUPPORTED,"0001,0026,01CA",SUPPORTED,036F
SCN_10214104_00740000_0122,SCENARIO,scenario_message,DATA/10214104.MDZ,DATA/10214104.MDT,0x00740000,10214104,121,0x004da0e9,0x004da0e4,75 77 96 7f 21 90 c2 9c 24 f1 9d 08 6d f2 c1 47 f2 8a 98 92 9c c2 98 46 08 8f c2 8f c2 21 f5 2c f5 99 80 9c 77 9c 46 0d ff 00,"あいつが、そんな風に
涙を流してたなんて…
ぜんぜん想像できないな…","그 녀석이 그렇게
눈물을 흘렸다니…
정말 상상도 안 되네…",UNASSIGNED,ユウキ,"[{""offset"":-5,""raw_hex"":""02 0e 00 05 00"",""kind"":""MESSAGE_HEADER"",""opcode"":2,""argument"":5},{""offset"":11,""raw_hex"":""08"",""kind"":""LINE_BREAK""},{""offset"":24,""raw_hex"":""08"",""kind"":""LINE_BREAK""},{""offset"":39,""raw_hex"":""0d ff 00"",""kind"":""MESSAGE_END""}]",REVIEW_1,NO,CHARACTER_GUIDE v0.1 적용. context-v1 복원 원문 1차 번역.,SUPPORTED: structured scenario command; header FACE slot maps to face_yuuki_06; runtime display not yet checked. PROVEN: byte-identical source command exists at the same path and offsets on Disc 2. SUPPORTED: context-v1 glyph 복원; 런타임 원문 검증 전. TERM: 버스피어·파스·도박장.,"あいつが<G0001>そんな風に
<G02BD>を流してたなんて<G0026>
<G006F>ん<G006F>ん<G04E1><G04EC>できないな<G0026>",SUPPORTED,"0001,0026,006F,02BD,04E1,04EC",NONE,
SCN_10214104_00740000_0123,SCENARIO,scenario_message,DATA/10214104.MDZ,DATA/10214104.MDT,0x00740000,10214104,122,0x004da133,0x004da12e,5a f0 46 21 7e 0d ff 00,敵…、か,적…인가.,UNASSIGNED,アルフィナ,"[{""offset"":-5,""raw_hex"":""02 0e 00 0c 00"",""kind"":""MESSAGE_HEADER"",""opcode"":2,""argument"":12},{""offset"":5,""raw_hex"":""0d ff 00"",""kind"":""MESSAGE_END""}]",REVIEW_1,NO,CHARACTER_GUIDE v0.1 적용. context-v1 복원 원문 1차 번역.,SUPPORTED: structured scenario command; header FACE slot maps to face_alfina_01; runtime display not yet checked. PROVEN: byte-identical source command exists at the same path and offsets on Disc 2. SUPPORTED: context-v1 glyph 복원; 런타임 원문 검증 전. TERM: 버스피어·파스·도박장.,敵<G0026><G0001>か,SUPPORTED,"0001,0026",NONE,
SCN_10214104_00740000_0125,SCENARIO,scenario_message,DATA/10214104.MDZ,DATA/10214104.MDT,0x00740000,10214104,124,0x004da1fb,0x004da1f6,75 a0 a7 92 bc a1 08 92 8a 7e 9d 3d f2 3e f2 7f 94 7f 95 98 92 08 93 84 9b 46 43 0d ff 00,"あのふたりは
たしかに次元がちがってた
だけど…！","그 두 사람은
확실히 차원이 달랐어
하지만…!",UNASSIGNED,ユウキ,"[{""offset"":-5,""raw_hex"":""02 0e 00 07 00"",""kind"":""MESSAGE_HEADER"",""opcode"":2,""argument"":7},{""offset"":6,""raw_hex"":""08"",""kind"":""LINE_BREAK""},{""offset"":21,""raw_hex"":""08"",""kind"":""LINE_BREAK""},{""offset"":27,""raw_hex"":""0d ff 00"",""kind"":""MESSAGE_END""}]",REVIEW_1,NO,CHARACTER_GUIDE v0.1 적용. context-v1 복원 원문 1차 번역.,SUPPORTED: structured scenario command; header FACE slot maps to face_yuuki_08; runtime display not yet checked. PROVEN: byte-identical source command exists at the same path and offsets on Disc 2. SUPPORTED: context-v1 glyph 복원; 런타임 원문 검증 전. TERM: 버스피어·파스·도박장.,"あのふたりは
たしかに次元がちがってた
だけど<G0026>！",SUPPORTED,0026,NONE,
SCN_10214104_00740000_0126,SCENARIO,scenario_message,DATA/10214104.MDZ,DATA/10214104.MDT,0x00740000,10214104,125,0x004da24f,0x004da24a,88 95 21 c4 f5 b4 77 95 a3 77 9d 9c 95 92 43 08 54 f1 e5 f1 a0 37 f2 9e f4 9d 63 f0 77 9d 42 f1 86 79 08 c4 3d f0 26 f0 c5 eb 43 21 90 a0 2c f1 9d 22 f2 7f 08 80 95 9a a1 f0 96 7e bd a1 8d 88 43 0d ff 00,"さっ、腹もいっぱいになった！
最後の聖獣に会いに行こう
アルフィナ！、その先に光が
きっと見つかるはずさ！","자, 배도 부르겠다!
마지막 성수를 만나러 가자
알피나! 그 앞에서 빛을
분명 찾을 수 있을 거야!",UNASSIGNED,ユウキ,"[{""offset"":-5,""raw_hex"":""02 0e 00 0a 00"",""kind"":""MESSAGE_HEADER"",""opcode"":2,""argument"":10},{""offset"":15,""raw_hex"":""08"",""kind"":""LINE_BREAK""},{""offset"":34,""raw_hex"":""08"",""kind"":""LINE_BREAK""},{""offset"":52,""raw_hex"":""08"",""kind"":""LINE_BREAK""},{""offset"":65,""raw_hex"":""0d ff 00"",""kind"":""MESSAGE_END""}]",REVIEW_1,NO,CHARACTER_GUIDE v0.1 적용. context-v1 복원 원문 1차 번역.,SUPPORTED: structured scenario command; header FACE slot maps to face_yuuki_11; runtime display not yet checked. PROVEN: byte-identical source command exists at the same path and offsets on Disc 2. SUPPORTED: context-v1 glyph 복원; 런타임 원문 검증 전. TERM: 버스피어·파스·도박장.,"さっ<G0001><G0584>もいっ<G0083>いになった！
<G01D4>後の聖獣に<G0113>いに行こう
アルフィナ！<G0001>その先に光が
きっと見つかるはずさ！",SUPPORTED,"0001,0083,0113,01D4,0584",NONE,
SCN_10214104_00740000_0127,SCENARIO,scenario_message,DATA/10214104.MDZ,DATA/10214104.MDT,0x00740000,10214104,126,0x004da307,0x004da302,75 75 21 b4 94 bf c2 43 0d ff 00,ああ、もちろん！,"그래, 물론이지!",UNASSIGNED,ユウキ,"[{""offset"":-5,""raw_hex"":""02 0e 00 02 00"",""kind"":""MESSAGE_HEADER"",""opcode"":2,""argument"":2},{""offset"":8,""raw_hex"":""0d ff 00"",""kind"":""MESSAGE_END""}]",REVIEW_1,NO,CHARACTER_GUIDE v0.1 적용. context-v1 복원 원문 1차 번역.,SUPPORTED: structured scenario command; header FACE slot maps to face_yuuki_03; runtime display not yet checked. PROVEN: byte-identical source command exists at the same path and offsets on Disc 2. SUPPORTED: context-v1 glyph 복원; 런타임 원문 검증 전. TERM: 버스피어·파스·도박장.,ああ<G0001>もちろん！,SUPPORTED,0001,NONE,
SCN_10214104_00740000_0128,SCENARIO,scenario_message,DATA/10214104.MDZ,DATA/10214104.MDT,0x00740000,10214104,127,0x004da389,0x004da384,88 95 21 c4 f5 b4 77 95 a3 77 9d 9c 95 92 43 08 e0 47 3a f0 c1 73 f5 8a 9d 46 08 42 f1 86 79 8f 21 b1 c2 9c 43 08 99 f2 a0 ab f5 5c f0 46 21 db 3d f0 2f f0 ec c4 9d 43 0d ff 00,"さっ、腹もいっぱいになった！
ゾーンを倒しに…
行こうよ、みんな！
空の彼方…、スルマニアに！","자, 배도 부르겠다!
존을 쓰러뜨리러…
가자, 모두!
하늘 저편… 수르마니아로!",UNASSIGNED,ユウキ,"[{""offset"":-5,""raw_hex"":""02 0e 00 01 00"",""kind"":""MESSAGE_HEADER"",""opcode"":2,""argument"":1},{""offset"":15,""raw_hex"":""08"",""kind"":""LINE_BREAK""},{""offset"":26,""raw_hex"":""08"",""kind"":""LINE_BREAK""},{""offset"":37,""raw_hex"":""08"",""kind"":""LINE_BREAK""},{""offset"":56,""raw_hex"":""0d ff 00"",""kind"":""MESSAGE_END""}]",REVIEW_1,NO,CHARACTER_GUIDE v0.1 적용. context-v1 복원 원문 1차 번역.,SUPPORTED: structured scenario command; header FACE slot maps to face_yuuki_02; runtime display not yet checked. PROVEN: byte-identical source command exists at the same path and offsets on Disc 2. SUPPORTED: context-v1 glyph 복원; 런타임 원문 검증 전. TERM: 버스피어·파스·도박장.,"さっ<G0001><G0584>もいっ<G0083>いになった！
ゾーンを倒しに<G0026>
行こう<G006F><G0001>みんな！
空の彼方<G0026><G0001>スルマニアに！",SUPPORTED,"0001,0026,006F,0083,0584",NONE,
SCN_10214104_00740000_0129,SCENARIO,scenario_message,DATA/10214104.MDZ,DATA/10214104.MDT,0x00740000,10214104,128,0x004da434,0x004da42f,75 75 21 b4 94 bf c2 43 0d ff 00,ああ、もちろん！,"그래, 물론이지!",UNASSIGNED,ユウキ,"[{""offset"":-5,""raw_hex"":""02 0e 00 02 00"",""kind"":""MESSAGE_HEADER"",""opcode"":2,""argument"":2},{""offset"":8,""raw_hex"":""0d ff 00"",""kind"":""MESSAGE_END""}]",REVIEW_1,NO,CHARACTER_GUIDE v0.1 적용. context-v1 복원 원문 1차 번역.,SUPPORTED: structured scenario command; header FACE slot maps to face_yuuki_03; runtime display not yet checked. PROVEN: byte-identical source command exists at the same path and offsets on Disc 2. SUPPORTED: context-v1 glyph 복원; 런타임 원문 검증 전. TERM: 버스피어·파스·도박장.,ああ<G0001>もちろん！,SUPPORTED,0001,NONE,
SCN_10214104_00740000_0133,SCENARIO,scenario_message,DATA/10214104.MDZ,DATA/10214104.MDT,0x00740000,10214104,132,0x004dabdf,0x004dabda,58 2d f1 52 95 98 44 08 26 f5 7d f0 a1 ca 32 f0 3c f0 c8 db 9a 08 e0 47 3a f0 93 9a 8a 98 46 0d ff 00,"8対2って？
相手はエメリウスと
ゾーンだとして…","8 대 2라고?
상대가 에메리우스와
존이라고 해도…",UNASSIGNED,ユウキ,"[{""offset"":-5,""raw_hex"":""02 0e 00 0b 00"",""kind"":""MESSAGE_HEADER"",""opcode"":2,""argument"":11},{""offset"":7,""raw_hex"":""08"",""kind"":""LINE_BREAK""},{""offset"":21,""raw_hex"":""08"",""kind"":""LINE_BREAK""},{""offset"":31,""raw_hex"":""0d ff 00"",""kind"":""MESSAGE_END""}]",REVIEW_1,NO,CHARACTER_GUIDE v0.1 적용. context-v1 복원 원문 1차 번역.,SUPPORTED: structured scenario command; header FACE slot maps to face_yuuki_12; runtime display not yet checked. PROVEN: byte-identical source command exists at the same path and offsets on Disc 2. SUPPORTED: context-v1 glyph 복원; 런타임 원문 검증 전. TERM: 버스피어·파스·도박장.,"<G0038>対2って？
<G04E6>手はエメリウスと
ゾーンだとして<G0026>",SUPPORTED,"0026,04E6",SUPPORTED,0038
SCN_10214104_00740000_0134,SCENARIO,scenario_message,DATA/10214104.MDZ,DATA/10214104.MDT,0x00740000,10214104,133,0x004dad34,0x004dad2f,59 2d f1 52 95 98 44 08 26 f5 7d f0 a1 ca 32 f0 3c f0 c8 db 9a 08 e0 47 3a f0 93 9a 8a 98 46 0d ff 00,"9対2って？
相手はエメリウスと
ゾーンだとして…","9 대 2라고?
상대가 에메리우스와
존이라고 해도…",UNASSIGNED,ユウキ,"[{""offset"":-5,""raw_hex"":""02 0e 00 0b 00"",""kind"":""MESSAGE_HEADER"",""opcode"":2,""argument"":11},{""offset"":7,""raw_hex"":""08"",""kind"":""LINE_BREAK""},{""offset"":21,""raw_hex"":""08"",""kind"":""LINE_BREAK""},{""offset"":31,""raw_hex"":""0d ff 00"",""kind"":""MESSAGE_END""}]",REVIEW_1,NO,CHARACTER_GUIDE v0.1 적용. context-v1 복원 원문 1차 번역.,SUPPORTED: structured scenario command; header FACE slot maps to face_yuuki_12; runtime display not yet checked. PROVEN: byte-identical source command exists at the same path and offsets on Disc 2. SUPPORTED: context-v1 glyph 복원; 런타임 원문 검증 전. TERM: 버스피어·파스·도박장.,"<G0039>対2って？
<G04E6>手はエメリウスと
ゾーンだとして<G0026>",SUPPORTED,"0026,04E6",SUPPORTED,0039
SCN_10214104_00740000_0135,SCENARIO,scenario_message,DATA/10214104.MDZ,DATA/10214104.MDT,0x00740000,10214104,134,0x004daf99,0x004daf94,de f4 a1 46 21 9b c2 9c d7 f0 93 95 92 a0 44 0d ff 00,昔は…、どんな人だったの？,예전에는… 어떤 사람이었어?,UNASSIGNED,ユウキ,"[{""offset"":-5,""raw_hex"":""02 0e 00 01 00"",""kind"":""MESSAGE_HEADER"",""opcode"":2,""argument"":1},{""offset"":15,""raw_hex"":""0d ff 00"",""kind"":""MESSAGE_END""}]",REVIEW_1,NO,CHARACTER_GUIDE v0.1 적용. context-v1 복원 원문 1차 번역.,SUPPORTED: structured scenario command; header FACE slot maps to face_yuuki_02; runtime display not yet checked. PROVEN: byte-identical source command exists at the same path and offsets on Disc 2. SUPPORTED: context-v1 glyph 복원; 런타임 원문 검증 전. TERM: 버스피어·파스·도박장.,<G04CE>は<G0026><G0001>どんな人だったの？,SUPPORTED,"0001,0026,04CE",NONE,
SCN_10214104_00740000_0136,SCENARIO,scenario_message,DATA/10214104.MDZ,DATA/10214104.MDT,0x00740000,10214104,135,0x004db0c8,0x004db0c3,90 be 95 98 46 21 ca 32 f0 3c f0 c8 db 92 94 7f 08 21 f0 47 db 97 f2 9d 42 f1 95 92 9a 80 7e 44 08 90 a0 9a 80 21 a7 92 bc 9d 9c 9d 7f 08 75 95 92 c2 93 bf 79 9c 46 0d ff 00,"それって…、エメリウスたちが
バース界に行ったときか？
そのとき、ふたりになにが
あったんだろうな…","그건… 에메리우스 일행이
버스계로 갔을 때인가?
그때 두 사람에게 무슨 일이
있었던 걸까…",UNASSIGNED,アルフィナ,"[{""offset"":-5,""raw_hex"":""02 0e 00 0c 00"",""kind"":""MESSAGE_HEADER"",""opcode"":2,""argument"":12},{""offset"":16,""raw_hex"":""08"",""kind"":""LINE_BREAK""},{""offset"":32,""raw_hex"":""08"",""kind"":""LINE_BREAK""},{""offset"":45,""raw_hex"":""08"",""kind"":""LINE_BREAK""},{""offset"":55,""raw_hex"":""0d ff 00"",""kind"":""MESSAGE_END""}]",REVIEW_1,NO,CHARACTER_GUIDE v0.1 적용. context-v1 복원 원문 1차 번역.,SUPPORTED: structured scenario command; header FACE slot maps to face_alfina_01; runtime display not yet checked. PROVEN: byte-identical source command exists at the same path and offsets on Disc 2. SUPPORTED: context-v1 glyph 복원; 런타임 원문 검증 전. TERM: 버스피어·파스·도박장.,"それって<G0026><G0001>エメリウスたちが
バース界に行ったときか？
そのとき<G0001>ふたりになにが
あったんだろうな<G0026>",SUPPORTED,"0001,0026",NONE,
SCN_10214104_00740000_0137,SCENARIO,scenario_message,DATA/10214104.MDZ,DATA/10214104.MDT,0x00740000,10214104,136,0x004db48e,0x004db489,8c 83 9d a9 f4 84 88 f0 8a 98 b1 8e bd 88 46 08 75 9a 21 b4 79 a6 f0 8a 99 08 c4 3d f0 26 f0 c5 eb 7f 77 bd b1 f0 28 f3 9d 08 92 9b bc 96 84 bd c2 93 46 0d ff 00,"すぐに助け出してみせるさ…
あと、もう少しで
アルフィナがいる場所に
たどりつけるんだ…","곧 구해 내고 말 거야…
조금만 더 가면
알피나가 있는 곳에
도착할 수 있어…",UNASSIGNED,ユウキ,"[{""offset"":-5,""raw_hex"":""02 0e 00 05 00"",""kind"":""MESSAGE_HEADER"",""opcode"":2,""argument"":5},{""offset"":15,""raw_hex"":""08"",""kind"":""LINE_BREAK""},{""offset"":25,""raw_hex"":""08"",""kind"":""LINE_BREAK""},{""offset"":41,""raw_hex"":""08"",""kind"":""LINE_BREAK""},{""offset"":51,""raw_hex"":""0d ff 00"",""kind"":""MESSAGE_END""}]",REVIEW_1,NO,CHARACTER_GUIDE v0.1 적용. context-v1 복원 원문 1차 번역.,SUPPORTED: structured scenario command; header FACE slot maps to face_yuuki_06; runtime display not yet checked. PROVEN: byte-identical source command exists at the same path and offsets on Disc 2. SUPPORTED: context-v1 glyph 복원; 런타임 원문 검증 전. TERM: 버스피어·파스·도박장.,"すぐに<G0499>け出してみせるさ<G0026>
あと<G0001>もう少しで
アルフィナがいる場<G0348>に
たどりつけるんだ<G0026>",SUPPORTED,"0001,0026,0348,0499",NONE,
SCN_10214104_00740000_0138,SCENARIO,scenario_message,DATA/10214104.MDZ,DATA/10214104.MDT,0x00740000,10214104,137,0x004db4d3,0x004db4ce,b6 b3 bd 21 21 08 9f f4 98 f5 8c bd 21 0d ff 00,"やめる、、
宿泊する、","그만둔다,,
숙박한다,",UNASSIGNED,ユウキ,"[{""offset"":-5,""raw_hex"":""02 0e 00 01 00"",""kind"":""MESSAGE_HEADER"",""opcode"":2,""argument"":1},{""offset"":5,""raw_hex"":""08"",""kind"":""LINE_BREAK""},{""offset"":13,""raw_hex"":""0d ff 00"",""kind"":""MESSAGE_END""}]",REVIEW_1,NO,CHARACTER_GUIDE v0.1 적용. context-v1 복원 원문 1차 번역.,SUPPORTED: structured scenario command; header FACE slot maps to face_yuuki_02; runtime display not yet checked. PROVEN: byte-identical source command exists at the same path and offsets on Disc 2. SUPPORTED: context-v1 glyph 복원; 런타임 원문 검증 전. TERM: 버스피어·파스·도박장.,"やめる<G0001><G0001>
宿<G0558>する<G0001>",SUPPORTED,"0001,0558",NONE,
SCN_10214104_00740000_0139,SCENARIO,scenario_message,DATA/10214104.MDZ,DATA/10214104.MDT,0x00740000,10214104,138,0x004db677,0x004db672,b6 b3 bd 21 21 08 9f f4 98 f5 8c bd 21 0d ff 00,"やめる、、
宿泊する、","그만둔다,,
숙박한다,",UNASSIGNED,ユウキ,"[{""offset"":-5,""raw_hex"":""02 0e 00 01 00"",""kind"":""MESSAGE_HEADER"",""opcode"":2,""argument"":1},{""offset"":5,""raw_hex"":""08"",""kind"":""LINE_BREAK""},{""offset"":13,""raw_hex"":""0d ff 00"",""kind"":""MESSAGE_END""}]",REVIEW_1,NO,CHARACTER_GUIDE v0.1 적용. context-v1 복원 원문 1차 번역.,SUPPORTED: structured scenario command; header FACE slot maps to face_yuuki_02; runtime display not yet checked. PROVEN: byte-identical source command exists at the same path and offsets on Disc 2. SUPPORTED: context-v1 glyph 복원; 런타임 원문 검증 전. TERM: 버스피어·파스·도박장.,"やめる<G0001><G0001>
宿<G0558>する<G0001>",SUPPORTED,"0001,0558",NONE,
